id,candidate_id,qplume,name,folder,date,datetime,window_col_off,window_row_off,window_width,window_height,subset,difficulty,label_path,has_plume,window_labels
ang20190922t192642_r10752_c0_w512_h512,,0.0,ang20190922t192642,/AVIRISNG/Permian2019/ang20190922t192642_r10752_c0_w512_h512,2019-09-22,2019-09-22 19:26:42+00:00,0,0,512,512,train,hard,,False,"Window(col_off=0, row_off=0, width=512, height=512)"
ang20190922t192642_r512_c256_w512_h512,,0.0,ang20190922t192642,/AVIRISNG/Permian2019/ang20190922t192642_r512_c256_w512_h512,2019-09-22,2019-09-22 19:26:42+00:00,0,0,512,512,train,hard,,False,"Window(col_off=0, row_off=0, width=512, height=512)"
ang20190922t192642_r9472_c0_w512_h512,,0.0,ang20190922t192642,/AVIRISNG/Permian2019/ang20190922t192642_r9472_c0_w512_h512,2019-09-22,2019-09-22 19:26:42+00:00,0,0,512,512,train,random,,False,"Window(col_off=0, row_off=0, width=512, height=512)"
ang20190922t192642_r2048_c0_w512_h512,,0.0,ang20190922t192642,/AVIRISNG/Permian2019/ang20190922t192642_r2048_c0_w512_h512,2019-09-22,2019-09-22 19:26:42+00:00,0,0,512,512,train,random,,False,"Window(col_off=0, row_off=0, width=512, height=512)"
ang20190922t192642_r10240_c0_w512_h512,,0.0,ang20190922t192642,/AVIRISNG/Permian2019/ang20190922t192642_r10240_c0_w512_h512,2019-09-22,2019-09-22 19:26:42+00:00,0,0,512,512,train,random,,False,"Window(col_off=0, row_off=0, width=512, height=512)"
ang20190922t192642_r7680_c0_w512_h512,,0.0,ang20190922t192642,/AVIRISNG/Permian2019/ang20190922t192642_r7680_c0_w512_h512,2019-09-22,2019-09-22 19:26:42+00:00,0,0,512,512,train,random,,False,"Window(col_off=0, row_off=0, width=512, height=512)"
ang20190922t194340_r0_c256_w512_h512,,0.0,ang20190922t194340,/AVIRISNG/Permian2019/ang20190922t194340_r0_c256_w512_h512,2019-09-22,2019-09-22 19:43:40+00:00,0,0,512,512,train,hard,,False,"Window(col_off=0, row_off=0, width=512, height=512)"
ang20190922t194340_r9984_c0_w512_h512,,0.0,ang20190922t194340,/AVIRISNG/Permian2019/ang20190922t194340_r9984_c0_w512_h512,2019-09-22,2019-09-22 19:43:40+00:00,0,0,512,512,train,hard,,False,"Window(col_off=0, row_off=0, width=512, height=512)"
ang20190922t194340_r9472_c0_w512_h512,,0.0,ang20190922t194340,/AVIRISNG/Permian2019/ang20190922t194340_r9472_c0_w512_h512,2019-09-22,2019-09-22 19:43:40+00:00,0,0,512,512,train,hard,,False,"Window(col_off=0, row_off=0, width=512, height=512)"
ang20190922t194340_r3328_c0_w512_h512,,0.0,ang20190922t194340,/AVIRISNG/Permian2019/ang20190922t194340_r3328_c0_w512_h512,2019-09-22,2019-09-22 19:43:40+00:00,0,0,512,512,train,random,,False,"Window(col_off=0, row_off=0, width=512, height=512)"
ang20190922t194340_r7936_c0_w512_h512,,0.0,ang20190922t194340,/AVIRISNG/Permian2019/ang20190922t194340_r7936_c0_w512_h512,2019-09-22,2019-09-22 19:43:40+00:00,0,0,512,512,train,random,,False,"Window(col_off=0, row_off=0, width=512, height=512)"
ang20190922t194340_r8448_c0_w512_h512,,0.0,ang20190922t194340,/AVIRISNG/Permian2019/ang20190922t194340_r8448_c0_w512_h512,2019-09-22,2019-09-22 19:43:40+00:00,0,0,512,512,train,random,,False,"Window(col_off=0, row_off=0, width=512, height=512)"
ang20190922t194340_r6144_c0_w512_h512,,0.0,ang20190922t194340,/AVIRISNG/Permian2019/ang20190922t194340_r6144_c0_w512_h512,2019-09-22,2019-09-22 19:43:40+00:00,0,0,512,512,train,random,,False,"Window(col_off=0, row_off=0, width=512, height=512)"
ang20190922t203229_r256_c512_w512_h512,,0.0,ang20190922t203229,/AVIRISNG/Permian2019/ang20190922t203229_r256_c512_w512_h512,2019-09-22,2019-09-22 20:32:29+00:00,0,0,512,512,train,hard,,False,"Window(col_off=0, row_off=0, width=512, height=512)"
ang20190922t203229_r768_c512_w512_h512,,0.0,ang20190922t203229,/AVIRISNG/Permian2019/ang20190922t203229_r768_c512_w512_h512,2019-09-22,2019-09-22 20:32:29+00:00,0,0,512,512,train,hard,,False,"Window(col_off=0, row_off=0, width=512, height=512)"
ang20190922t203229_r10752_c512_w512_h512,,0.0,ang20190922t203229,/AVIRISNG/Permian2019/ang20190922t203229_r10752_c512_w512_h512,2019-09-22,2019-09-22 20:32:29+00:00,0,0,512,512,train,random,,False,"Window(col_off=0, row_off=0, width=512, height=512)"
ang20190922t203229_r5632_c256_w512_h512,,0.0,ang20190922t203229,/AVIRISNG/Permian2019/ang20190922t203229_r5632_c256_w512_h512,2019-09-22,2019-09-22 20:32:29+00:00,0,0,512,512,train,random,,False,"Window(col_off=0, row_off=0, width=512, height=512)"
ang20190922t203229_r1280_c768_w512_h512,,0.0,ang20190922t203229,/AVIRISNG/Permian2019/ang20190922t203229_r1280_c768_w512_h512,2019-09-22,2019-09-22 20:32:29+00:00,0,0,512,512,train,random,,False,"Window(col_off=0, row_off=0, width=512, height=512)"
ang20190923t163307_r10752_c0_w512_h512,,0.0,ang20190923t163307,/AVIRISNG/Permian2019/ang20190923t163307_r10752_c0_w512_h512,2019-09-23,2019-09-23 16:33:07+00:00,0,0,512,512,train,hard,,False,"Window(col_off=0, row_off=0, width=512, height=512)"
ang20190923t163307_r1024_c0_w512_h512,,0.0,ang20190923t163307,/AVIRISNG/Permian2019/ang20190923t163307_r1024_c0_w512_h512,2019-09-23,2019-09-23 16:33:07+00:00,0,0,512,512,train,hard,,False,"Window(col_off=0, row_off=0, width=512, height=512)"
ang20190923t163307_r7936_c256_w512_h512,,0.0,ang20190923t163307,/AVIRISNG/Permian2019/ang20190923t163307_r7936_c256_w512_h512,2019-09-23,2019-09-23 16:33:07+00:00,0,0,512,512,train,random,,False,"Window(col_off=0, row_off=0, width=512, height=512)"
ang20190923t163307_r7168_c256_w512_h512,,0.0,ang20190923t163307,/AVIRISNG/Permian2019/ang20190923t163307_r7168_c256_w512_h512,2019-09-23,2019-09-23 16:33:07+00:00,0,0,512,512,train,random,,False,"Window(col_off=0, row_off=0, width=512, height=512)"
ang20190923t163307_r1536_c0_w512_h512,,0.0,ang20190923t163307,/AVIRISNG/Permian2019/ang20190923t163307_r1536_c0_w512_h512,2019-09-23,2019-09-23 16:33:07+00:00,0,0,512,512,train,random,,False,"Window(col_off=0, row_off=0, width=512, height=512)"
ang20190923t170747_r15616_c256_w512_h512,,0.0,ang20190923t170747,/AVIRISNG/Permian2019/ang20190923t170747_r15616_c256_w512_h512,2019-09-23,2019-09-23 17:07:47+00:00,0,0,512,512,train,hard,,False,"Window(col_off=0, row_off=0, width=512, height=512)"
ang20190923t170747_r0_c0_w512_h512,,0.0,ang20190923t170747,/AVIRISNG/Permian2019/ang20190923t170747_r0_c0_w512_h512,2019-09-23,2019-09-23 17:07:47+00:00,0,0,512,512,train,hard,,False,"Window(col_off=0, row_off=0, width=512, height=512)"
ang20190923t170747_r512_c0_w512_h512,,0.0,ang20190923t170747,/AVIRISNG/Permian2019/ang20190923t170747_r512_c0_w512_h512,2019-09-23,2019-09-23 17:07:47+00:00,0,0,512,512,train,hard,,False,"Window(col_off=0, row_off=0, width=512, height=512)"
ang20190923t170747_r10240_c256_w512_h512,,0.0,ang20190923t170747,/AVIRISNG/Permian2019/ang20190923t170747_r10240_c256_w512_h512,2019-09-23,2019-09-23 17:07:47+00:00,0,0,512,512,train,random,,False,"Window(col_off=0, row_off=0, width=512, height=512)"
ang20190923t172416_r0_c0_w512_h512,,0.0,ang20190923t172416,/AVIRISNG/Permian2019/ang20190923t172416_r0_c0_w512_h512,2019-09-23,2019-09-23 17:24:16+00:00,0,0,512,512,train,hard,,False,"Window(col_off=0, row_off=0, width=512, height=512)"
ang20190923t172416_r13824_c256_w512_h512,,0.0,ang20190923t172416,/AVIRISNG/Permian2019/ang20190923t172416_r13824_c256_w512_h512,2019-09-23,2019-09-23 17:24:16+00:00,0,0,512,512,train,hard,,False,"Window(col_off=0, row_off=0, width=512, height=512)"
ang20190923t172416_r4608_c0_w512_h512,,0.0,ang20190923t172416,/AVIRISNG/Permian2019/ang20190923t172416_r4608_c0_w512_h512,2019-09-23,2019-09-23 17:24:16+00:00,0,0,512,512,train,hard,,False,"Window(col_off=0, row_off=0, width=512, height=512)"
ang20190923t172416_r13312_c256_w512_h512,,0.0,ang20190923t172416,/AVIRISNG/Permian2019/ang20190923t172416_r13312_c256_w512_h512,2019-09-23,2019-09-23 17:24:16+00:00,0,0,512,512,train,random,,False,"Window(col_off=0, row_off=0, width=512, height=512)"
ang20190923t172416_r9472_c0_w512_h512,,0.0,ang20190923t172416,/AVIRISNG/Permian2019/ang20190923t172416_r9472_c0_w512_h512,2019-09-23,2019-09-23 17:24:16+00:00,0,0,512,512,train,random,,False,"Window(col_off=0, row_off=0, width=512, height=512)"
ang20190923t172416_r3584_c0_w512_h512,,0.0,ang20190923t172416,/AVIRISNG/Permian2019/ang20190923t172416_r3584_c0_w512_h512,2019-09-23,2019-09-23 17:24:16+00:00,0,0,512,512,train,random,,False,"Window(col_off=0, row_off=0, width=512, height=512)"
ang20190923t174142_r0_c0_w512_h512,,0.0,ang20190923t174142,/AVIRISNG/Permian2019/ang20190923t174142_r0_c0_w512_h512,2019-09-23,2019-09-23 17:41:42+00:00,0,0,512,512,train,hard,,False,"Window(col_off=0, row_off=0, width=512, height=512)"
ang20190923t174142_r4096_c0_w512_h512,,0.0,ang20190923t174142,/AVIRISNG/Permian2019/ang20190923t174142_r4096_c0_w512_h512,2019-09-23,2019-09-23 17:41:42+00:00,0,0,512,512,train,hard,,False,"Window(col_off=0, row_off=0, width=512, height=512)"
ang20190923t174142_r512_c0_w512_h512,,0.0,ang20190923t174142,/AVIRISNG/Permian2019/ang20190923t174142_r512_c0_w512_h512,2019-09-23,2019-09-23 17:41:42+00:00,0,0,512,512,train,hard,,False,"Window(col_off=0, row_off=0, width=512, height=512)"
ang20190923t174142_r7936_c0_w512_h512,,0.0,ang20190923t174142,/AVIRISNG/Permian2019/ang20190923t174142_r7936_c0_w512_h512,2019-09-23,2019-09-23 17:41:42+00:00,0,0,512,512,train,random,,False,"Window(col_off=0, row_off=0, width=512, height=512)"
ang20190923t174142_r11264_c256_w512_h512,,0.0,ang20190923t174142,/AVIRISNG/Permian2019/ang20190923t174142_r11264_c256_w512_h512,2019-09-23,2019-09-23 17:41:42+00:00,0,0,512,512,train,random,,False,"Window(col_off=0, row_off=0, width=512, height=512)"
ang20190923t174142_r12544_c256_w512_h512,,0.0,ang20190923t174142,/AVIRISNG/Permian2019/ang20190923t174142_r12544_c256_w512_h512,2019-09-23,2019-09-23 17:41:42+00:00,0,0,512,512,train,random,,False,"Window(col_off=0, row_off=0, width=512, height=512)"
ang20190923t181729_r0_c256_w512_h512,,0.0,ang20190923t181729,/AVIRISNG/Permian2019/ang20190923t181729_r0_c256_w512_h512,2019-09-23,2019-09-23 18:17:29+00:00,0,0,512,512,train,hard,,False,"Window(col_off=0, row_off=0, width=512, height=512)"
ang20190923t181729_r512_c256_w512_h512,,0.0,ang20190923t181729,/AVIRISNG/Permian2019/ang20190923t181729_r512_c256_w512_h512,2019-09-23,2019-09-23 18:17:29+00:00,0,0,512,512,train,hard,,False,"Window(col_off=0, row_off=0, width=512, height=512)"
ang20190923t181729_r11776_c0_w512_h512,,0.0,ang20190923t181729,/AVIRISNG/Permian2019/ang20190923t181729_r11776_c0_w512_h512,2019-09-23,2019-09-23 18:17:29+00:00,0,0,512,512,train,hard,,False,"Window(col_off=0, row_off=0, width=512, height=512)"
ang20190923t181729_r10752_c0_w512_h512,,0.0,ang20190923t181729,/AVIRISNG/Permian2019/ang20190923t181729_r10752_c0_w512_h512,2019-09-23,2019-09-23 18:17:29+00:00,0,0,512,512,train,random,,False,"Window(col_off=0, row_off=0, width=512, height=512)"
ang20190923t181729_r8192_c256_w512_h512,,0.0,ang20190923t181729,/AVIRISNG/Permian2019/ang20190923t181729_r8192_c256_w512_h512,2019-09-23,2019-09-23 18:17:29+00:00,0,0,512,512,train,random,,False,"Window(col_off=0, row_off=0, width=512, height=512)"
ang20190923t181729_r8704_c256_w512_h512,,0.0,ang20190923t181729,/AVIRISNG/Permian2019/ang20190923t181729_r8704_c256_w512_h512,2019-09-23,2019-09-23 18:17:29+00:00,0,0,512,512,train,random,,False,"Window(col_off=0, row_off=0, width=512, height=512)"
ang20190923t181729_r4864_c256_w512_h512,,0.0,ang20190923t181729,/AVIRISNG/Permian2019/ang20190923t181729_r4864_c256_w512_h512,2019-09-23,2019-09-23 18:17:29+00:00,0,0,512,512,train,random,,False,"Window(col_off=0, row_off=0, width=512, height=512)"
ang20190923t183439_r0_c0_w512_h512,,0.0,ang20190923t183439,/AVIRISNG/Permian2019/ang20190923t183439_r0_c0_w512_h512,2019-09-23,2019-09-23 18:34:39+00:00,0,0,512,512,train,hard,,False,"Window(col_off=0, row_off=0, width=512, height=512)"
ang20190923t183439_r512_c0_w512_h512,,0.0,ang20190923t183439,/AVIRISNG/Permian2019/ang20190923t183439_r512_c0_w512_h512,2019-09-23,2019-09-23 18:34:39+00:00,0,0,512,512,train,hard,,False,"Window(col_off=0, row_off=0, width=512, height=512)"
ang20190923t183439_r1792_c0_w512_h512,,0.0,ang20190923t183439,/AVIRISNG/Permian2019/ang20190923t183439_r1792_c0_w512_h512,2019-09-23,2019-09-23 18:34:39+00:00,0,0,512,512,train,hard,,False,"Window(col_off=0, row_off=0, width=512, height=512)"
ang20190923t183439_r3840_c0_w512_h512,,0.0,ang20190923t183439,/AVIRISNG/Permian2019/ang20190923t183439_r3840_c0_w512_h512,2019-09-23,2019-09-23 18:34:39+00:00,0,0,512,512,train,random,,False,"Window(col_off=0, row_off=0, width=512, height=512)"
ang20190923t183439_r10752_c256_w512_h512,,0.0,ang20190923t183439,/AVIRISNG/Permian2019/ang20190923t183439_r10752_c256_w512_h512,2019-09-23,2019-09-23 18:34:39+00:00,0,0,512,512,train,random,,False,"Window(col_off=0, row_off=0, width=512, height=512)"
ang20190923t183439_r11264_c0_w512_h512,,0.0,ang20190923t183439,/AVIRISNG/Permian2019/ang20190923t183439_r11264_c0_w512_h512,2019-09-23,2019-09-23 18:34:39+00:00,0,0,512,512,train,random,,False,"Window(col_off=0, row_off=0, width=512, height=512)"
ang20190923t185208_r12032_c0_w512_h512,,0.0,ang20190923t185208,/AVIRISNG/Permian2019/ang20190923t185208_r12032_c0_w512_h512,2019-09-23,2019-09-23 18:52:08+00:00,0,0,512,512,train,hard,,False,"Window(col_off=0, row_off=0, width=512, height=512)"
ang20190923t185208_r0_c0_w512_h512,,0.0,ang20190923t185208,/AVIRISNG/Permian2019/ang20190923t185208_r0_c0_w512_h512,2019-09-23,2019-09-23 18:52:08+00:00,0,0,512,512,train,hard,,False,"Window(col_off=0, row_off=0, width=512, height=512)"
ang20190923t185208_r768_c0_w512_h512,,0.0,ang20190923t185208,/AVIRISNG/Permian2019/ang20190923t185208_r768_c0_w512_h512,2019-09-23,2019-09-23 18:52:08+00:00,0,0,512,512,train,hard,,False,"Window(col_off=0, row_off=0, width=512, height=512)"
ang20190923t185208_r7936_c256_w512_h512,,0.0,ang20190923t185208,/AVIRISNG/Permian2019/ang20190923t185208_r7936_c256_w512_h512,2019-09-23,2019-09-23 18:52:08+00:00,0,0,512,512,train,random,,False,"Window(col_off=0, row_off=0, width=512, height=512)"
ang20190923t185208_r1536_c0_w512_h512,,0.0,ang20190923t185208,/AVIRISNG/Permian2019/ang20190923t185208_r1536_c0_w512_h512,2019-09-23,2019-09-23 18:52:08+00:00,0,0,512,512,train,random,,False,"Window(col_off=0, row_off=0, width=512, height=512)"
ang20190923t185208_r3584_c0_w512_h512,,0.0,ang20190923t185208,/AVIRISNG/Permian2019/ang20190923t185208_r3584_c0_w512_h512,2019-09-23,2019-09-23 18:52:08+00:00,0,0,512,512,train,random,,False,"Window(col_off=0, row_off=0, width=512, height=512)"
ang20190923t190921_r12288_c256_w512_h512,,0.0,ang20190923t190921,/AVIRISNG/Permian2019/ang20190923t190921_r12288_c256_w512_h512,2019-09-23,2019-09-23 19:09:21+00:00,0,0,512,512,train,hard,,False,"Window(col_off=0, row_off=0, width=512, height=512)"
ang20190923t190921_r11776_c256_w512_h512,,0.0,ang20190923t190921,/AVIRISNG/Permian2019/ang20190923t190921_r11776_c256_w512_h512,2019-09-23,2019-09-23 19:09:21+00:00,0,0,512,512,train,hard,,False,"Window(col_off=0, row_off=0, width=512, height=512)"
ang20190923t190921_r1024_c0_w512_h512,,0.0,ang20190923t190921,/AVIRISNG/Permian2019/ang20190923t190921_r1024_c0_w512_h512,2019-09-23,2019-09-23 19:09:21+00:00,0,0,512,512,train,hard,,False,"Window(col_off=0, row_off=0, width=512, height=512)"
ang20190923t190921_r9984_c256_w512_h512,,0.0,ang20190923t190921,/AVIRISNG/Permian2019/ang20190923t190921_r9984_c256_w512_h512,2019-09-23,2019-09-23 19:09:21+00:00,0,0,512,512,train,random,,False,"Window(col_off=0, row_off=0, width=512, height=512)"
ang20190923t190921_r5376_c0_w512_h512,,0.0,ang20190923t190921,/AVIRISNG/Permian2019/ang20190923t190921_r5376_c0_w512_h512,2019-09-23,2019-09-23 19:09:21+00:00,0,0,512,512,train,random,,False,"Window(col_off=0, row_off=0, width=512, height=512)"
ang20190923t190921_r5888_c256_w512_h512,,0.0,ang20190923t190921,/AVIRISNG/Permian2019/ang20190923t190921_r5888_c256_w512_h512,2019-09-23,2019-09-23 19:09:21+00:00,0,0,512,512,train,random,,False,"Window(col_off=0, row_off=0, width=512, height=512)"
ang20190923t192543_r11520_c256_w512_h512,,0.0,ang20190923t192543,/AVIRISNG/Permian2019/ang20190923t192543_r11520_c256_w512_h512,2019-09-23,2019-09-23 19:25:43+00:00,0,0,512,512,train,hard,,False,"Window(col_off=0, row_off=0, width=512, height=512)"
ang20190923t192543_r12032_c256_w512_h512,,0.0,ang20190923t192543,/AVIRISNG/Permian2019/ang20190923t192543_r12032_c256_w512_h512,2019-09-23,2019-09-23 19:25:43+00:00,0,0,512,512,train,hard,,False,"Window(col_off=0, row_off=0, width=512, height=512)"
ang20190923t192543_r9216_c0_w512_h512,,0.0,ang20190923t192543,/AVIRISNG/Permian2019/ang20190923t192543_r9216_c0_w512_h512,2019-09-23,2019-09-23 19:25:43+00:00,0,0,512,512,train,random,,False,"Window(col_off=0, row_off=0, width=512, height=512)"
ang20190923t192543_r5376_c256_w512_h512,,0.0,ang20190923t192543,/AVIRISNG/Permian2019/ang20190923t192543_r5376_c256_w512_h512,2019-09-23,2019-09-23 19:25:43+00:00,0,0,512,512,train,random,,False,"Window(col_off=0, row_off=0, width=512, height=512)"
ang20190923t192543_r13056_c256_w512_h512,,0.0,ang20190923t192543,/AVIRISNG/Permian2019/ang20190923t192543_r13056_c256_w512_h512,2019-09-23,2019-09-23 19:25:43+00:00,0,0,512,512,train,random,,False,"Window(col_off=0, row_off=0, width=512, height=512)"
ang20190923t192543_r768_c0_w512_h512,,0.0,ang20190923t192543,/AVIRISNG/Permian2019/ang20190923t192543_r768_c0_w512_h512,2019-09-23,2019-09-23 19:25:43+00:00,0,0,512,512,train,random,,False,"Window(col_off=0, row_off=0, width=512, height=512)"
ang20190923t194235_r3072_c0_w512_h512,,0.0,ang20190923t194235,/AVIRISNG/Permian2019/ang20190923t194235_r3072_c0_w512_h512,2019-09-23,2019-09-23 19:42:35+00:00,0,0,512,512,train,hard,,False,"Window(col_off=0, row_off=0, width=512, height=512)"
ang20190923t194235_r2560_c0_w512_h512,,0.0,ang20190923t194235,/AVIRISNG/Permian2019/ang20190923t194235_r2560_c0_w512_h512,2019-09-23,2019-09-23 19:42:35+00:00,0,0,512,512,train,hard,,False,"Window(col_off=0, row_off=0, width=512, height=512)"
ang20190923t194235_r3584_c0_w512_h512,,0.0,ang20190923t194235,/AVIRISNG/Permian2019/ang20190923t194235_r3584_c0_w512_h512,2019-09-23,2019-09-23 19:42:35+00:00,0,0,512,512,train,hard,,False,"Window(col_off=0, row_off=0, width=512, height=512)"
ang20190923t194235_r256_c0_w512_h512,,0.0,ang20190923t194235,/AVIRISNG/Permian2019/ang20190923t194235_r256_c0_w512_h512,2019-09-23,2019-09-23 19:42:35+00:00,0,0,512,512,train,random,,False,"Window(col_off=0, row_off=0, width=512, height=512)"
ang20190923t194235_r13312_c0_w512_h512,,0.0,ang20190923t194235,/AVIRISNG/Permian2019/ang20190923t194235_r13312_c0_w512_h512,2019-09-23,2019-09-23 19:42:35+00:00,0,0,512,512,train,random,,False,"Window(col_off=0, row_off=0, width=512, height=512)"
ang20190923t194235_r11520_c0_w512_h512,,0.0,ang20190923t194235,/AVIRISNG/Permian2019/ang20190923t194235_r11520_c0_w512_h512,2019-09-23,2019-09-23 19:42:35+00:00,0,0,512,512,train,random,,False,"Window(col_off=0, row_off=0, width=512, height=512)"
ang20190923t195907_r3840_c0_w512_h512,,0.0,ang20190923t195907,/AVIRISNG/Permian2019/ang20190923t195907_r3840_c0_w512_h512,2019-09-23,2019-09-23 19:59:07+00:00,0,0,512,512,train,hard,,False,"Window(col_off=0, row_off=0, width=512, height=512)"
ang20190923t195907_r5376_c256_w512_h512,,0.0,ang20190923t195907,/AVIRISNG/Permian2019/ang20190923t195907_r5376_c256_w512_h512,2019-09-23,2019-09-23 19:59:07+00:00,0,0,512,512,train,hard,,False,"Window(col_off=0, row_off=0, width=512, height=512)"
ang20190923t195907_r4864_c0_w512_h512,,0.0,ang20190923t195907,/AVIRISNG/Permian2019/ang20190923t195907_r4864_c0_w512_h512,2019-09-23,2019-09-23 19:59:07+00:00,0,0,512,512,train,random,,False,"Window(col_off=0, row_off=0, width=512, height=512)"
ang20190923t195907_r6144_c0_w512_h512,,0.0,ang20190923t195907,/AVIRISNG/Permian2019/ang20190923t195907_r6144_c0_w512_h512,2019-09-23,2019-09-23 19:59:07+00:00,0,0,512,512,train,random,,False,"Window(col_off=0, row_off=0, width=512, height=512)"
ang20190923t195907_r10752_c256_w512_h512,,0.0,ang20190923t195907,/AVIRISNG/Permian2019/ang20190923t195907_r10752_c256_w512_h512,2019-09-23,2019-09-23 19:59:07+00:00,0,0,512,512,train,random,,False,"Window(col_off=0, row_off=0, width=512, height=512)"
ang20190923t195907_r9216_c0_w512_h512,,0.0,ang20190923t195907,/AVIRISNG/Permian2019/ang20190923t195907_r9216_c0_w512_h512,2019-09-23,2019-09-23 19:59:07+00:00,0,0,512,512,train,random,,False,"Window(col_off=0, row_off=0, width=512, height=512)"
ang20190924t165509_r0_c0_w512_h512,,0.0,ang20190924t165509,/AVIRISNG/Permian2019/ang20190924t165509_r0_c0_w512_h512,2019-09-24,2019-09-24 16:55:09+00:00,0,0,512,512,train,hard,,False,"Window(col_off=0, row_off=0, width=512, height=512)"
ang20190924t165509_r512_c0_w512_h512,,0.0,ang20190924t165509,/AVIRISNG/Permian2019/ang20190924t165509_r512_c0_w512_h512,2019-09-24,2019-09-24 16:55:09+00:00,0,0,512,512,train,hard,,False,"Window(col_off=0, row_off=0, width=512, height=512)"
ang20190924t165836_r2560_c0_w512_h512,,0.0,ang20190924t165836,/AVIRISNG/Permian2019/ang20190924t165836_r2560_c0_w512_h512,2019-09-24,2019-09-24 16:58:36+00:00,0,0,512,512,train,hard,,False,"Window(col_off=0, row_off=0, width=512, height=512)"
ang20190924t165836_r4608_c0_w512_h512,,0.0,ang20190924t165836,/AVIRISNG/Permian2019/ang20190924t165836_r4608_c0_w512_h512,2019-09-24,2019-09-24 16:58:36+00:00,0,0,512,512,train,random,,False,"Window(col_off=0, row_off=0, width=512, height=512)"
ang20190924t165836_r10496_c0_w512_h512,,0.0,ang20190924t165836,/AVIRISNG/Permian2019/ang20190924t165836_r10496_c0_w512_h512,2019-09-24,2019-09-24 16:58:36+00:00,0,0,512,512,train,random,,False,"Window(col_off=0, row_off=0, width=512, height=512)"
ang20190924t165836_r5888_c0_w512_h512,,0.0,ang20190924t165836,/AVIRISNG/Permian2019/ang20190924t165836_r5888_c0_w512_h512,2019-09-24,2019-09-24 16:58:36+00:00,0,0,512,512,train,random,,False,"Window(col_off=0, row_off=0, width=512, height=512)"
ang20190924t172057_r0_c0_w512_h512,,0.0,ang20190924t172057,/AVIRISNG/Permian2019/ang20190924t172057_r0_c0_w512_h512,2019-09-24,2019-09-24 17:20:57+00:00,0,0,512,512,train,hard,,False,"Window(col_off=0, row_off=0, width=512, height=512)"
ang20190924t172057_r15360_c256_w512_h512,,0.0,ang20190924t172057,/AVIRISNG/Permian2019/ang20190924t172057_r15360_c256_w512_h512,2019-09-24,2019-09-24 17:20:57+00:00,0,0,512,512,train,random,,False,"Window(col_off=0, row_off=0, width=512, height=512)"
ang20190924t172057_r16896_c0_w512_h512,,0.0,ang20190924t172057,/AVIRISNG/Permian2019/ang20190924t172057_r16896_c0_w512_h512,2019-09-24,2019-09-24 17:20:57+00:00,0,0,512,512,train,random,,False,"Window(col_off=0, row_off=0, width=512, height=512)"
ang20190924t174538_r0_c0_w512_h512,,0.0,ang20190924t174538,/AVIRISNG/Permian2019/ang20190924t174538_r0_c0_w512_h512,2019-09-24,2019-09-24 17:45:38+00:00,0,0,512,512,train,hard,,False,"Window(col_off=0, row_off=0, width=512, height=512)"
ang20190924t174538_r512_c0_w512_h512,,0.0,ang20190924t174538,/AVIRISNG/Permian2019/ang20190924t174538_r512_c0_w512_h512,2019-09-24,2019-09-24 17:45:38+00:00,0,0,512,512,train,hard,,False,"Window(col_off=0, row_off=0, width=512, height=512)"
ang20190924t174538_r15104_c0_w512_h512,,0.0,ang20190924t174538,/AVIRISNG/Permian2019/ang20190924t174538_r15104_c0_w512_h512,2019-09-24,2019-09-24 17:45:38+00:00,0,0,512,512,train,random,,False,"Window(col_off=0, row_off=0, width=512, height=512)"
ang20190924t174538_r16384_c0_w512_h512,,0.0,ang20190924t174538,/AVIRISNG/Permian2019/ang20190924t174538_r16384_c0_w512_h512,2019-09-24,2019-09-24 17:45:38+00:00,0,0,512,512,train,random,,False,"Window(col_off=0, row_off=0, width=512, height=512)"
ang20190924t174538_r22272_c0_w512_h512,,0.0,ang20190924t174538,/AVIRISNG/Permian2019/ang20190924t174538_r22272_c0_w512_h512,2019-09-24,2019-09-24 17:45:38+00:00,0,0,512,512,train,random,,False,"Window(col_off=0, row_off=0, width=512, height=512)"
ang20190924t174538_r13312_c256_w512_h512,,0.0,ang20190924t174538,/AVIRISNG/Permian2019/ang20190924t174538_r13312_c256_w512_h512,2019-09-24,2019-09-24 17:45:38+00:00,0,0,512,512,train,random,,False,"Window(col_off=0, row_off=0, width=512, height=512)"
ang20190924t181121_r18176_c256_w512_h512,,0.0,ang20190924t181121,/AVIRISNG/Permian2019/ang20190924t181121_r18176_c256_w512_h512,2019-09-24,2019-09-24 18:11:21+00:00,0,0,512,512,train,hard,,False,"Window(col_off=0, row_off=0, width=512, height=512)"
ang20190924t181121_r4864_c0_w512_h512,,0.0,ang20190924t181121,/AVIRISNG/Permian2019/ang20190924t181121_r4864_c0_w512_h512,2019-09-24,2019-09-24 18:11:21+00:00,0,0,512,512,train,hard,,False,"Window(col_off=0, row_off=0, width=512, height=512)"
ang20190924t181121_r20480_c256_w512_h512,,0.0,ang20190924t181121,/AVIRISNG/Permian2019/ang20190924t181121_r20480_c256_w512_h512,2019-09-24,2019-09-24 18:11:21+00:00,0,0,512,512,train,random,,False,"Window(col_off=0, row_off=0, width=512, height=512)"
ang20190924t181121_r19712_c0_w512_h512,,0.0,ang20190924t181121,/AVIRISNG/Permian2019/ang20190924t181121_r19712_c0_w512_h512,2019-09-24,2019-09-24 18:11:21+00:00,0,0,512,512,train,random,,False,"Window(col_off=0, row_off=0, width=512, height=512)"
ang20190924t181121_r2560_c0_w512_h512,,0.0,ang20190924t181121,/AVIRISNG/Permian2019/ang20190924t181121_r2560_c0_w512_h512,2019-09-24,2019-09-24 18:11:21+00:00,0,0,512,512,train,random,,False,"Window(col_off=0, row_off=0, width=512, height=512)"
ang20190924t181121_r22784_c0_w512_h512,,0.0,ang20190924t181121,/AVIRISNG/Permian2019/ang20190924t181121_r22784_c0_w512_h512,2019-09-24,2019-09-24 18:11:21+00:00,0,0,512,512,train,random,,False,"Window(col_off=0, row_off=0, width=512, height=512)"
ang20190924t183641_r13312_c0_w512_h512,,0.0,ang20190924t183641,/AVIRISNG/Permian2019/ang20190924t183641_r13312_c0_w512_h512,2019-09-24,2019-09-24 18:36:41+00:00,0,0,512,512,train,hard,,False,"Window(col_off=0, row_off=0, width=512, height=512)"
ang20190924t183641_r2304_c0_w512_h512,,0.0,ang20190924t183641,/AVIRISNG/Permian2019/ang20190924t183641_r2304_c0_w512_h512,2019-09-24,2019-09-24 18:36:41+00:00,0,0,512,512,train,hard,,False,"Window(col_off=0, row_off=0, width=512, height=512)"
ang20190924t183641_r4608_c0_w512_h512,,0.0,ang20190924t183641,/AVIRISNG/Permian2019/ang20190924t183641_r4608_c0_w512_h512,2019-09-24,2019-09-24 18:36:41+00:00,0,0,512,512,train,hard,,False,"Window(col_off=0, row_off=0, width=512, height=512)"
ang20190924t183641_r7168_c0_w512_h512,,0.0,ang20190924t183641,/AVIRISNG/Permian2019/ang20190924t183641_r7168_c0_w512_h512,2019-09-24,2019-09-24 18:36:41+00:00,0,0,512,512,train,random,,False,"Window(col_off=0, row_off=0, width=512, height=512)"
ang20190924t183641_r10496_c0_w512_h512,,0.0,ang20190924t183641,/AVIRISNG/Permian2019/ang20190924t183641_r10496_c0_w512_h512,2019-09-24,2019-09-24 18:36:41+00:00,0,0,512,512,train,random,,False,"Window(col_off=0, row_off=0, width=512, height=512)"
ang20190924t183641_r9984_c256_w512_h512,,0.0,ang20190924t183641,/AVIRISNG/Permian2019/ang20190924t183641_r9984_c256_w512_h512,2019-09-24,2019-09-24 18:36:41+00:00,0,0,512,512,train,random,,False,"Window(col_off=0, row_off=0, width=512, height=512)"
ang20190924t183641_r7936_c0_w512_h512,,0.0,ang20190924t183641,/AVIRISNG/Permian2019/ang20190924t183641_r7936_c0_w512_h512,2019-09-24,2019-09-24 18:36:41+00:00,0,0,512,512,train,random,,False,"Window(col_off=0, row_off=0, width=512, height=512)"
ang20190924t193726_r1024_c0_w512_h512,,0.0,ang20190924t193726,/AVIRISNG/Permian2019/ang20190924t193726_r1024_c0_w512_h512,2019-09-24,2019-09-24 19:37:26+00:00,0,0,512,512,train,hard,,False,"Window(col_off=0, row_off=0, width=512, height=512)"
ang20190924t193726_r1536_c0_w512_h512,,0.0,ang20190924t193726,/AVIRISNG/Permian2019/ang20190924t193726_r1536_c0_w512_h512,2019-09-24,2019-09-24 19:37:26+00:00,0,0,512,512,train,hard,,False,"Window(col_off=0, row_off=0, width=512, height=512)"
ang20190924t193726_r4352_c0_w512_h512,,0.0,ang20190924t193726,/AVIRISNG/Permian2019/ang20190924t193726_r4352_c0_w512_h512,2019-09-24,2019-09-24 19:37:26+00:00,0,0,512,512,train,random,,False,"Window(col_off=0, row_off=0, width=512, height=512)"
ang20190924t193726_r512_c0_w512_h512,,0.0,ang20190924t193726,/AVIRISNG/Permian2019/ang20190924t193726_r512_c0_w512_h512,2019-09-24,2019-09-24 19:37:26+00:00,0,0,512,512,train,random,,False,"Window(col_off=0, row_off=0, width=512, height=512)"
ang20190924t193726_r5120_c0_w512_h512,,0.0,ang20190924t193726,/AVIRISNG/Permian2019/ang20190924t193726_r5120_c0_w512_h512,2019-09-24,2019-09-24 19:37:26+00:00,0,0,512,512,train,random,,False,"Window(col_off=0, row_off=0, width=512, height=512)"
ang20190924t193726_r3584_c0_w512_h512,,0.0,ang20190924t193726,/AVIRISNG/Permian2019/ang20190924t193726_r3584_c0_w512_h512,2019-09-24,2019-09-24 19:37:26+00:00,0,0,512,512,train,random,,False,"Window(col_off=0, row_off=0, width=512, height=512)"
ang20190926t152524_r0_c256_w512_h512,,0.0,ang20190926t152524,/AVIRISNG/Permian2019/ang20190926t152524_r0_c256_w512_h512,2019-09-26,2019-09-26 15:25:24+00:00,0,0,512,512,train,hard,,False,"Window(col_off=0, row_off=0, width=512, height=512)"
ang20190926t152524_r7680_c0_w512_h512,,0.0,ang20190926t152524,/AVIRISNG/Permian2019/ang20190926t152524_r7680_c0_w512_h512,2019-09-26,2019-09-26 15:25:24+00:00,0,0,512,512,train,hard,,False,"Window(col_off=0, row_off=0, width=512, height=512)"
ang20190926t152524_r13312_c0_w512_h512,,0.0,ang20190926t152524,/AVIRISNG/Permian2019/ang20190926t152524_r13312_c0_w512_h512,2019-09-26,2019-09-26 15:25:24+00:00,0,0,512,512,train,random,,False,"Window(col_off=0, row_off=0, width=512, height=512)"
ang20190926t152524_r10240_c0_w512_h512,,0.0,ang20190926t152524,/AVIRISNG/Permian2019/ang20190926t152524_r10240_c0_w512_h512,2019-09-26,2019-09-26 15:25:24+00:00,0,0,512,512,train,random,,False,"Window(col_off=0, row_off=0, width=512, height=512)"
ang20190926t152524_r12800_c0_w512_h512,,0.0,ang20190926t152524,/AVIRISNG/Permian2019/ang20190926t152524_r12800_c0_w512_h512,2019-09-26,2019-09-26 15:25:24+00:00,0,0,512,512,train,random,,False,"Window(col_off=0, row_off=0, width=512, height=512)"
ang20190926t154314_r13568_c256_w512_h512,,0.0,ang20190926t154314,/AVIRISNG/Permian2019/ang20190926t154314_r13568_c256_w512_h512,2019-09-26,2019-09-26 15:43:14+00:00,0,0,512,512,train,hard,,False,"Window(col_off=0, row_off=0, width=512, height=512)"
ang20190926t154314_r7936_c256_w512_h512,,0.0,ang20190926t154314,/AVIRISNG/Permian2019/ang20190926t154314_r7936_c256_w512_h512,2019-09-26,2019-09-26 15:43:14+00:00,0,0,512,512,train,hard,,False,"Window(col_off=0, row_off=0, width=512, height=512)"
ang20190926t154314_r3840_c0_w512_h512,,0.0,ang20190926t154314,/AVIRISNG/Permian2019/ang20190926t154314_r3840_c0_w512_h512,2019-09-26,2019-09-26 15:43:14+00:00,0,0,512,512,train,random,,False,"Window(col_off=0, row_off=0, width=512, height=512)"
ang20190926t154314_r10240_c256_w512_h512,,0.0,ang20190926t154314,/AVIRISNG/Permian2019/ang20190926t154314_r10240_c256_w512_h512,2019-09-26,2019-09-26 15:43:14+00:00,0,0,512,512,train,random,,False,"Window(col_off=0, row_off=0, width=512, height=512)"
ang20190926t160016_r10240_c0_w512_h512,,0.0,ang20190926t160016,/AVIRISNG/Permian2019/ang20190926t160016_r10240_c0_w512_h512,2019-09-26,2019-09-26 16:00:16+00:00,0,0,512,512,train,hard,,False,"Window(col_off=0, row_off=0, width=512, height=512)"
ang20190926t160016_r7680_c256_w512_h512,,0.0,ang20190926t160016,/AVIRISNG/Permian2019/ang20190926t160016_r7680_c256_w512_h512,2019-09-26,2019-09-26 16:00:16+00:00,0,0,512,512,train,hard,,False,"Window(col_off=0, row_off=0, width=512, height=512)"
ang20190926t160016_r8448_c0_w512_h512,,0.0,ang20190926t160016,/AVIRISNG/Permian2019/ang20190926t160016_r8448_c0_w512_h512,2019-09-26,2019-09-26 16:00:16+00:00,0,0,512,512,train,hard,,False,"Window(col_off=0, row_off=0, width=512, height=512)"
ang20190926t160016_r5632_c256_w512_h512,,0.0,ang20190926t160016,/AVIRISNG/Permian2019/ang20190926t160016_r5632_c256_w512_h512,2019-09-26,2019-09-26 16:00:16+00:00,0,0,512,512,train,random,,False,"Window(col_off=0, row_off=0, width=512, height=512)"
ang20190926t160016_r4608_c0_w512_h512,,0.0,ang20190926t160016,/AVIRISNG/Permian2019/ang20190926t160016_r4608_c0_w512_h512,2019-09-26,2019-09-26 16:00:16+00:00,0,0,512,512,train,random,,False,"Window(col_off=0, row_off=0, width=512, height=512)"
ang20190926t161748_r8960_c256_w512_h512,,0.0,ang20190926t161748,/AVIRISNG/Permian2019/ang20190926t161748_r8960_c256_w512_h512,2019-09-26,2019-09-26 16:17:48+00:00,0,0,512,512,train,hard,,False,"Window(col_off=0, row_off=0, width=512, height=512)"
ang20190926t161748_r10752_c256_w512_h512,,0.0,ang20190926t161748,/AVIRISNG/Permian2019/ang20190926t161748_r10752_c256_w512_h512,2019-09-26,2019-09-26 16:17:48+00:00,0,0,512,512,train,hard,,False,"Window(col_off=0, row_off=0, width=512, height=512)"
ang20190926t161748_r5376_c0_w512_h512,,0.0,ang20190926t161748,/AVIRISNG/Permian2019/ang20190926t161748_r5376_c0_w512_h512,2019-09-26,2019-09-26 16:17:48+00:00,0,0,512,512,train,hard,,False,"Window(col_off=0, row_off=0, width=512, height=512)"
ang20190926t161748_r9984_c256_w512_h512,,0.0,ang20190926t161748,/AVIRISNG/Permian2019/ang20190926t161748_r9984_c256_w512_h512,2019-09-26,2019-09-26 16:17:48+00:00,0,0,512,512,train,random,,False,"Window(col_off=0, row_off=0, width=512, height=512)"
ang20190926t161748_r13312_c256_w512_h512,,0.0,ang20190926t161748,/AVIRISNG/Permian2019/ang20190926t161748_r13312_c256_w512_h512,2019-09-26,2019-09-26 16:17:48+00:00,0,0,512,512,train,random,,False,"Window(col_off=0, row_off=0, width=512, height=512)"
ang20190926t163428_r8960_c256_w512_h512,,0.0,ang20190926t163428,/AVIRISNG/Permian2019/ang20190926t163428_r8960_c256_w512_h512,2019-09-26,2019-09-26 16:34:28+00:00,0,0,512,512,train,hard,,False,"Window(col_off=0, row_off=0, width=512, height=512)"
ang20190926t163428_r2048_c0_w512_h512,,0.0,ang20190926t163428,/AVIRISNG/Permian2019/ang20190926t163428_r2048_c0_w512_h512,2019-09-26,2019-09-26 16:34:28+00:00,0,0,512,512,train,hard,,False,"Window(col_off=0, row_off=0, width=512, height=512)"
ang20190926t163428_r0_c0_w512_h512,,0.0,ang20190926t163428,/AVIRISNG/Permian2019/ang20190926t163428_r0_c0_w512_h512,2019-09-26,2019-09-26 16:34:28+00:00,0,0,512,512,train,hard,,False,"Window(col_off=0, row_off=0, width=512, height=512)"
ang20190926t163428_r11520_c256_w512_h512,,0.0,ang20190926t163428,/AVIRISNG/Permian2019/ang20190926t163428_r11520_c256_w512_h512,2019-09-26,2019-09-26 16:34:28+00:00,0,0,512,512,train,random,,False,"Window(col_off=0, row_off=0, width=512, height=512)"
ang20190926t163428_r12544_c0_w512_h512,,0.0,ang20190926t163428,/AVIRISNG/Permian2019/ang20190926t163428_r12544_c0_w512_h512,2019-09-26,2019-09-26 16:34:28+00:00,0,0,512,512,train,random,,False,"Window(col_off=0, row_off=0, width=512, height=512)"
ang20190926t163428_r4352_c0_w512_h512,,0.0,ang20190926t163428,/AVIRISNG/Permian2019/ang20190926t163428_r4352_c0_w512_h512,2019-09-26,2019-09-26 16:34:28+00:00,0,0,512,512,train,random,,False,"Window(col_off=0, row_off=0, width=512, height=512)"
ang20190926t165202_r1024_c0_w512_h512,,0.0,ang20190926t165202,/AVIRISNG/Permian2019/ang20190926t165202_r1024_c0_w512_h512,2019-09-26,2019-09-26 16:52:02+00:00,0,0,512,512,train,hard,,False,"Window(col_off=0, row_off=0, width=512, height=512)"
ang20190926t165202_r4608_c0_w512_h512,,0.0,ang20190926t165202,/AVIRISNG/Permian2019/ang20190926t165202_r4608_c0_w512_h512,2019-09-26,2019-09-26 16:52:02+00:00,0,0,512,512,train,hard,,False,"Window(col_off=0, row_off=0, width=512, height=512)"
ang20190926t165202_r512_c0_w512_h512,,0.0,ang20190926t165202,/AVIRISNG/Permian2019/ang20190926t165202_r512_c0_w512_h512,2019-09-26,2019-09-26 16:52:02+00:00,0,0,512,512,train,hard,,False,"Window(col_off=0, row_off=0, width=512, height=512)"
ang20190926t165202_r3584_c0_w512_h512,,0.0,ang20190926t165202,/AVIRISNG/Permian2019/ang20190926t165202_r3584_c0_w512_h512,2019-09-26,2019-09-26 16:52:02+00:00,0,0,512,512,train,random,,False,"Window(col_off=0, row_off=0, width=512, height=512)"
ang20190926t165202_r7680_c256_w512_h512,,0.0,ang20190926t165202,/AVIRISNG/Permian2019/ang20190926t165202_r7680_c256_w512_h512,2019-09-26,2019-09-26 16:52:02+00:00,0,0,512,512,train,random,,False,"Window(col_off=0, row_off=0, width=512, height=512)"
ang20190926t165202_r8192_c256_w512_h512,,0.0,ang20190926t165202,/AVIRISNG/Permian2019/ang20190926t165202_r8192_c256_w512_h512,2019-09-26,2019-09-26 16:52:02+00:00,0,0,512,512,train,random,,False,"Window(col_off=0, row_off=0, width=512, height=512)"
ang20190926t165202_r6144_c0_w512_h512,,0.0,ang20190926t165202,/AVIRISNG/Permian2019/ang20190926t165202_r6144_c0_w512_h512,2019-09-26,2019-09-26 16:52:02+00:00,0,0,512,512,train,random,,False,"Window(col_off=0, row_off=0, width=512, height=512)"
ang20190926t171159_r5120_c256_w512_h512,,0.0,ang20190926t171159,/AVIRISNG/Permian2019/ang20190926t171159_r5120_c256_w512_h512,2019-09-26,2019-09-26 17:11:59+00:00,0,0,512,512,train,hard,,False,"Window(col_off=0, row_off=0, width=512, height=512)"
ang20190926t171159_r7168_c256_w512_h512,,0.0,ang20190926t171159,/AVIRISNG/Permian2019/ang20190926t171159_r7168_c256_w512_h512,2019-09-26,2019-09-26 17:11:59+00:00,0,0,512,512,train,hard,,False,"Window(col_off=0, row_off=0, width=512, height=512)"
ang20190926t171159_r11264_c256_w512_h512,,0.0,ang20190926t171159,/AVIRISNG/Permian2019/ang20190926t171159_r11264_c256_w512_h512,2019-09-26,2019-09-26 17:11:59+00:00,0,0,512,512,train,random,,False,"Window(col_off=0, row_off=0, width=512, height=512)"
ang20190926t171159_r11776_c0_w512_h512,,0.0,ang20190926t171159,/AVIRISNG/Permian2019/ang20190926t171159_r11776_c0_w512_h512,2019-09-26,2019-09-26 17:11:59+00:00,0,0,512,512,train,random,,False,"Window(col_off=0, row_off=0, width=512, height=512)"
ang20190926t172904_r0_c0_w512_h512,,0.0,ang20190926t172904,/AVIRISNG/Permian2019/ang20190926t172904_r0_c0_w512_h512,2019-09-26,2019-09-26 17:29:04+00:00,0,0,512,512,train,hard,,False,"Window(col_off=0, row_off=0, width=512, height=512)"
ang20190926t172904_r3840_c0_w512_h512,,0.0,ang20190926t172904,/AVIRISNG/Permian2019/ang20190926t172904_r3840_c0_w512_h512,2019-09-26,2019-09-26 17:29:04+00:00,0,0,512,512,train,hard,,False,"Window(col_off=0, row_off=0, width=512, height=512)"
ang20190926t172904_r2560_c0_w512_h512,,0.0,ang20190926t172904,/AVIRISNG/Permian2019/ang20190926t172904_r2560_c0_w512_h512,2019-09-26,2019-09-26 17:29:04+00:00,0,0,512,512,train,hard,,False,"Window(col_off=0, row_off=0, width=512, height=512)"
ang20190926t172904_r9984_c256_w512_h512,,0.0,ang20190926t172904,/AVIRISNG/Permian2019/ang20190926t172904_r9984_c256_w512_h512,2019-09-26,2019-09-26 17:29:04+00:00,0,0,512,512,train,random,,False,"Window(col_off=0, row_off=0, width=512, height=512)"
ang20190926t172904_r7168_c256_w512_h512,,0.0,ang20190926t172904,/AVIRISNG/Permian2019/ang20190926t172904_r7168_c256_w512_h512,2019-09-26,2019-09-26 17:29:04+00:00,0,0,512,512,train,random,,False,"Window(col_off=0, row_off=0, width=512, height=512)"
ang20190926t174644_r8192_c0_w512_h512,,0.0,ang20190926t174644,/AVIRISNG/Permian2019/ang20190926t174644_r8192_c0_w512_h512,2019-09-26,2019-09-26 17:46:44+00:00,0,0,512,512,train,hard,,False,"Window(col_off=0, row_off=0, width=512, height=512)"
ang20190926t174644_r3840_c0_w512_h512,,0.0,ang20190926t174644,/AVIRISNG/Permian2019/ang20190926t174644_r3840_c0_w512_h512,2019-09-26,2019-09-26 17:46:44+00:00,0,0,512,512,train,hard,,False,"Window(col_off=0, row_off=0, width=512, height=512)"
ang20190926t174644_r0_c0_w512_h512,,0.0,ang20190926t174644,/AVIRISNG/Permian2019/ang20190926t174644_r0_c0_w512_h512,2019-09-26,2019-09-26 17:46:44+00:00,0,0,512,512,train,hard,,False,"Window(col_off=0, row_off=0, width=512, height=512)"
ang20190926t174644_r7680_c0_w512_h512,,0.0,ang20190926t174644,/AVIRISNG/Permian2019/ang20190926t174644_r7680_c0_w512_h512,2019-09-26,2019-09-26 17:46:44+00:00,0,0,512,512,train,random,,False,"Window(col_off=0, row_off=0, width=512, height=512)"
ang20190926t174644_r10496_c0_w512_h512,,0.0,ang20190926t174644,/AVIRISNG/Permian2019/ang20190926t174644_r10496_c0_w512_h512,2019-09-26,2019-09-26 17:46:44+00:00,0,0,512,512,train,random,,False,"Window(col_off=0, row_off=0, width=512, height=512)"
ang20190926t174644_r8704_c0_w512_h512,,0.0,ang20190926t174644,/AVIRISNG/Permian2019/ang20190926t174644_r8704_c0_w512_h512,2019-09-26,2019-09-26 17:46:44+00:00,0,0,512,512,train,random,,False,"Window(col_off=0, row_off=0, width=512, height=512)"
ang20190926t180335_r5632_c0_w512_h512,,0.0,ang20190926t180335,/AVIRISNG/Permian2019/ang20190926t180335_r5632_c0_w512_h512,2019-09-26,2019-09-26 18:03:35+00:00,0,0,512,512,train,hard,,False,"Window(col_off=0, row_off=0, width=512, height=512)"
ang20190926t180335_r0_c0_w512_h512,,0.0,ang20190926t180335,/AVIRISNG/Permian2019/ang20190926t180335_r0_c0_w512_h512,2019-09-26,2019-09-26 18:03:35+00:00,0,0,512,512,train,hard,,False,"Window(col_off=0, row_off=0, width=512, height=512)"
ang20190926t180335_r4352_c0_w512_h512,,0.0,ang20190926t180335,/AVIRISNG/Permian2019/ang20190926t180335_r4352_c0_w512_h512,2019-09-26,2019-09-26 18:03:35+00:00,0,0,512,512,train,random,,False,"Window(col_off=0, row_off=0, width=512, height=512)"
ang20190926t180335_r8448_c0_w512_h512,,0.0,ang20190926t180335,/AVIRISNG/Permian2019/ang20190926t180335_r8448_c0_w512_h512,2019-09-26,2019-09-26 18:03:35+00:00,0,0,512,512,train,random,,False,"Window(col_off=0, row_off=0, width=512, height=512)"
ang20190926t180335_r10240_c0_w512_h512,,0.0,ang20190926t180335,/AVIRISNG/Permian2019/ang20190926t180335_r10240_c0_w512_h512,2019-09-26,2019-09-26 18:03:35+00:00,0,0,512,512,train,random,,False,"Window(col_off=0, row_off=0, width=512, height=512)"
ang20190926t180335_r7680_c0_w512_h512,,0.0,ang20190926t180335,/AVIRISNG/Permian2019/ang20190926t180335_r7680_c0_w512_h512,2019-09-26,2019-09-26 18:03:35+00:00,0,0,512,512,train,random,,False,"Window(col_off=0, row_off=0, width=512, height=512)"
ang20190926t182043_r4096_c0_w512_h512,,0.0,ang20190926t182043,/AVIRISNG/Permian2019/ang20190926t182043_r4096_c0_w512_h512,2019-09-26,2019-09-26 18:20:43+00:00,0,0,512,512,train,hard,,False,"Window(col_off=0, row_off=0, width=512, height=512)"
ang20190926t182043_r6656_c0_w512_h512,,0.0,ang20190926t182043,/AVIRISNG/Permian2019/ang20190926t182043_r6656_c0_w512_h512,2019-09-26,2019-09-26 18:20:43+00:00,0,0,512,512,train,hard,,False,"Window(col_off=0, row_off=0, width=512, height=512)"
ang20190926t182043_r4864_c256_w512_h512,,0.0,ang20190926t182043,/AVIRISNG/Permian2019/ang20190926t182043_r4864_c256_w512_h512,2019-09-26,2019-09-26 18:20:43+00:00,0,0,512,512,train,random,,False,"Window(col_off=0, row_off=0, width=512, height=512)"
ang20190926t182043_r8960_c0_w512_h512,,0.0,ang20190926t182043,/AVIRISNG/Permian2019/ang20190926t182043_r8960_c0_w512_h512,2019-09-26,2019-09-26 18:20:43+00:00,0,0,512,512,train,random,,False,"Window(col_off=0, row_off=0, width=512, height=512)"
ang20190926t182043_r8192_c0_w512_h512,,0.0,ang20190926t182043,/AVIRISNG/Permian2019/ang20190926t182043_r8192_c0_w512_h512,2019-09-26,2019-09-26 18:20:43+00:00,0,0,512,512,train,random,,False,"Window(col_off=0, row_off=0, width=512, height=512)"
ang20190926t182043_r768_c256_w512_h512,,0.0,ang20190926t182043,/AVIRISNG/Permian2019/ang20190926t182043_r768_c256_w512_h512,2019-09-26,2019-09-26 18:20:43+00:00,0,0,512,512,train,random,,False,"Window(col_off=0, row_off=0, width=512, height=512)"
ang20190926t184029_r12800_c256_w512_h512,,0.0,ang20190926t184029,/AVIRISNG/Permian2019/ang20190926t184029_r12800_c256_w512_h512,2019-09-26,2019-09-26 18:40:29+00:00,0,0,512,512,train,hard,,False,"Window(col_off=0, row_off=0, width=512, height=512)"
ang20190926t184029_r9216_c256_w512_h512,,0.0,ang20190926t184029,/AVIRISNG/Permian2019/ang20190926t184029_r9216_c256_w512_h512,2019-09-26,2019-09-26 18:40:29+00:00,0,0,512,512,train,hard,,False,"Window(col_off=0, row_off=0, width=512, height=512)"
ang20190926t184029_r8192_c256_w512_h512,,0.0,ang20190926t184029,/AVIRISNG/Permian2019/ang20190926t184029_r8192_c256_w512_h512,2019-09-26,2019-09-26 18:40:29+00:00,0,0,512,512,train,hard,,False,"Window(col_off=0, row_off=0, width=512, height=512)"
ang20190926t184029_r8704_c256_w512_h512,,0.0,ang20190926t184029,/AVIRISNG/Permian2019/ang20190926t184029_r8704_c256_w512_h512,2019-09-26,2019-09-26 18:40:29+00:00,0,0,512,512,train,random,,False,"Window(col_off=0, row_off=0, width=512, height=512)"
ang20190926t184029_r3328_c0_w512_h512,,0.0,ang20190926t184029,/AVIRISNG/Permian2019/ang20190926t184029_r3328_c0_w512_h512,2019-09-26,2019-09-26 18:40:29+00:00,0,0,512,512,train,random,,False,"Window(col_off=0, row_off=0, width=512, height=512)"
ang20190926t184029_r6912_c256_w512_h512,,0.0,ang20190926t184029,/AVIRISNG/Permian2019/ang20190926t184029_r6912_c256_w512_h512,2019-09-26,2019-09-26 18:40:29+00:00,0,0,512,512,train,random,,False,"Window(col_off=0, row_off=0, width=512, height=512)"
ang20190926t184029_r7424_c0_w512_h512,,0.0,ang20190926t184029,/AVIRISNG/Permian2019/ang20190926t184029_r7424_c0_w512_h512,2019-09-26,2019-09-26 18:40:29+00:00,0,0,512,512,train,random,,False,"Window(col_off=0, row_off=0, width=512, height=512)"
ang20190926t185727_r13056_c256_w512_h512,,0.0,ang20190926t185727,/AVIRISNG/Permian2019/ang20190926t185727_r13056_c256_w512_h512,2019-09-26,2019-09-26 18:57:27+00:00,0,0,512,512,train,hard,,False,"Window(col_off=0, row_off=0, width=512, height=512)"
ang20190926t185727_r7680_c256_w512_h512,,0.0,ang20190926t185727,/AVIRISNG/Permian2019/ang20190926t185727_r7680_c256_w512_h512,2019-09-26,2019-09-26 18:57:27+00:00,0,0,512,512,train,hard,,False,"Window(col_off=0, row_off=0, width=512, height=512)"
ang20190926t185727_r9984_c256_w512_h512,,0.0,ang20190926t185727,/AVIRISNG/Permian2019/ang20190926t185727_r9984_c256_w512_h512,2019-09-26,2019-09-26 18:57:27+00:00,0,0,512,512,train,random,,False,"Window(col_off=0, row_off=0, width=512, height=512)"
ang20190926t185727_r12032_c0_w512_h512,,0.0,ang20190926t185727,/AVIRISNG/Permian2019/ang20190926t185727_r12032_c0_w512_h512,2019-09-26,2019-09-26 18:57:27+00:00,0,0,512,512,train,random,,False,"Window(col_off=0, row_off=0, width=512, height=512)"
ang20190926t185727_r5632_c0_w512_h512,,0.0,ang20190926t185727,/AVIRISNG/Permian2019/ang20190926t185727_r5632_c0_w512_h512,2019-09-26,2019-09-26 18:57:27+00:00,0,0,512,512,train,random,,False,"Window(col_off=0, row_off=0, width=512, height=512)"
ang20190926t185727_r3072_c0_w512_h512,,0.0,ang20190926t185727,/AVIRISNG/Permian2019/ang20190926t185727_r3072_c0_w512_h512,2019-09-26,2019-09-26 18:57:27+00:00,0,0,512,512,train,random,,False,"Window(col_off=0, row_off=0, width=512, height=512)"
ang20190926t191417_r7936_c256_w512_h512,,0.0,ang20190926t191417,/AVIRISNG/Permian2019/ang20190926t191417_r7936_c256_w512_h512,2019-09-26,2019-09-26 19:14:17+00:00,0,0,512,512,train,hard,,False,"Window(col_off=0, row_off=0, width=512, height=512)"
ang20190926t191417_r8448_c256_w512_h512,,0.0,ang20190926t191417,/AVIRISNG/Permian2019/ang20190926t191417_r8448_c256_w512_h512,2019-09-26,2019-09-26 19:14:17+00:00,0,0,512,512,train,hard,,False,"Window(col_off=0, row_off=0, width=512, height=512)"
ang20190926t191417_r1024_c0_w512_h512,,0.0,ang20190926t191417,/AVIRISNG/Permian2019/ang20190926t191417_r1024_c0_w512_h512,2019-09-26,2019-09-26 19:14:17+00:00,0,0,512,512,train,random,,False,"Window(col_off=0, row_off=0, width=512, height=512)"
ang20190926t191417_r6144_c256_w512_h512,,0.0,ang20190926t191417,/AVIRISNG/Permian2019/ang20190926t191417_r6144_c256_w512_h512,2019-09-26,2019-09-26 19:14:17+00:00,0,0,512,512,train,random,,False,"Window(col_off=0, row_off=0, width=512, height=512)"
ang20190926t193117_r0_c0_w512_h512,,0.0,ang20190926t193117,/AVIRISNG/Permian2019/ang20190926t193117_r0_c0_w512_h512,2019-09-26,2019-09-26 19:31:17+00:00,0,0,512,512,train,hard,,False,"Window(col_off=0, row_off=0, width=512, height=512)"
ang20190926t193117_r11008_c256_w512_h512,,0.0,ang20190926t193117,/AVIRISNG/Permian2019/ang20190926t193117_r11008_c256_w512_h512,2019-09-26,2019-09-26 19:31:17+00:00,0,0,512,512,train,hard,,False,"Window(col_off=0, row_off=0, width=512, height=512)"
ang20190926t193117_r9472_c0_w512_h512,,0.0,ang20190926t193117,/AVIRISNG/Permian2019/ang20190926t193117_r9472_c0_w512_h512,2019-09-26,2019-09-26 19:31:17+00:00,0,0,512,512,train,hard,,False,"Window(col_off=0, row_off=0, width=512, height=512)"
ang20190926t193117_r3328_c0_w512_h512,,0.0,ang20190926t193117,/AVIRISNG/Permian2019/ang20190926t193117_r3328_c0_w512_h512,2019-09-26,2019-09-26 19:31:17+00:00,0,0,512,512,train,random,,False,"Window(col_off=0, row_off=0, width=512, height=512)"
ang20190926t193117_r3840_c0_w512_h512,,0.0,ang20190926t193117,/AVIRISNG/Permian2019/ang20190926t193117_r3840_c0_w512_h512,2019-09-26,2019-09-26 19:31:17+00:00,0,0,512,512,train,random,,False,"Window(col_off=0, row_off=0, width=512, height=512)"
ang20190926t193117_r6656_c0_w512_h512,,0.0,ang20190926t193117,/AVIRISNG/Permian2019/ang20190926t193117_r6656_c0_w512_h512,2019-09-26,2019-09-26 19:31:17+00:00,0,0,512,512,train,random,,False,"Window(col_off=0, row_off=0, width=512, height=512)"
ang20190926t213844_r1280_c256_w512_h512,,0.0,ang20190926t213844,/AVIRISNG/Permian2019/ang20190926t213844_r1280_c256_w512_h512,2019-09-26,2019-09-26 21:38:44+00:00,0,0,512,512,train,hard,,False,"Window(col_off=0, row_off=0, width=512, height=512)"
ang20190926t213844_r3584_c256_w512_h512,,0.0,ang20190926t213844,/AVIRISNG/Permian2019/ang20190926t213844_r3584_c256_w512_h512,2019-09-26,2019-09-26 21:38:44+00:00,0,0,512,512,train,hard,,False,"Window(col_off=0, row_off=0, width=512, height=512)"
ang20190926t213844_r4864_c256_w512_h512,,0.0,ang20190926t213844,/AVIRISNG/Permian2019/ang20190926t213844_r4864_c256_w512_h512,2019-09-26,2019-09-26 21:38:44+00:00,0,0,512,512,train,random,,False,"Window(col_off=0, row_off=0, width=512, height=512)"
ang20190926t220008_r8704_c256_w512_h512,,0.0,ang20190926t220008,/AVIRISNG/Permian2019/ang20190926t220008_r8704_c256_w512_h512,2019-09-26,2019-09-26 22:00:08+00:00,0,0,512,512,train,hard,,False,"Window(col_off=0, row_off=0, width=512, height=512)"
ang20190926t220008_r7424_c256_w512_h512,,0.0,ang20190926t220008,/AVIRISNG/Permian2019/ang20190926t220008_r7424_c256_w512_h512,2019-09-26,2019-09-26 22:00:08+00:00,0,0,512,512,train,hard,,False,"Window(col_off=0, row_off=0, width=512, height=512)"
ang20190926t220008_r2304_c256_w512_h512,,0.0,ang20190926t220008,/AVIRISNG/Permian2019/ang20190926t220008_r2304_c256_w512_h512,2019-09-26,2019-09-26 22:00:08+00:00,0,0,512,512,train,random,,False,"Window(col_off=0, row_off=0, width=512, height=512)"
ang20190926t220008_r2816_c0_w512_h512,,0.0,ang20190926t220008,/AVIRISNG/Permian2019/ang20190926t220008_r2816_c0_w512_h512,2019-09-26,2019-09-26 22:00:08+00:00,0,0,512,512,train,random,,False,"Window(col_off=0, row_off=0, width=512, height=512)"
ang20190926t220008_r256_c0_w512_h512,,0.0,ang20190926t220008,/AVIRISNG/Permian2019/ang20190926t220008_r256_c0_w512_h512,2019-09-26,2019-09-26 22:00:08+00:00,0,0,512,512,train,random,,False,"Window(col_off=0, row_off=0, width=512, height=512)"
ang20190926t221757_r5376_c0_w512_h512,,0.0,ang20190926t221757,/AVIRISNG/Permian2019/ang20190926t221757_r5376_c0_w512_h512,2019-09-26,2019-09-26 22:17:57+00:00,0,0,512,512,train,hard,,False,"Window(col_off=0, row_off=0, width=512, height=512)"
ang20190926t221757_r1792_c0_w512_h512,,0.0,ang20190926t221757,/AVIRISNG/Permian2019/ang20190926t221757_r1792_c0_w512_h512,2019-09-26,2019-09-26 22:17:57+00:00,0,0,512,512,train,hard,,False,"Window(col_off=0, row_off=0, width=512, height=512)"
ang20190926t221757_r4864_c0_w512_h512,,0.0,ang20190926t221757,/AVIRISNG/Permian2019/ang20190926t221757_r4864_c0_w512_h512,2019-09-26,2019-09-26 22:17:57+00:00,0,0,512,512,train,hard,,False,"Window(col_off=0, row_off=0, width=512, height=512)"
ang20190926t221757_r10240_c256_w512_h512,,0.0,ang20190926t221757,/AVIRISNG/Permian2019/ang20190926t221757_r10240_c256_w512_h512,2019-09-26,2019-09-26 22:17:57+00:00,0,0,512,512,train,random,,False,"Window(col_off=0, row_off=0, width=512, height=512)"
ang20190926t221757_r10752_c0_w512_h512,,0.0,ang20190926t221757,/AVIRISNG/Permian2019/ang20190926t221757_r10752_c0_w512_h512,2019-09-26,2019-09-26 22:17:57+00:00,0,0,512,512,train,random,,False,"Window(col_off=0, row_off=0, width=512, height=512)"
ang20190926t221757_r0_c0_w512_h512,,0.0,ang20190926t221757,/AVIRISNG/Permian2019/ang20190926t221757_r0_c0_w512_h512,2019-09-26,2019-09-26 22:17:57+00:00,0,0,512,512,train,random,,False,"Window(col_off=0, row_off=0, width=512, height=512)"
ang20190926t223557_r12288_c256_w512_h512,,0.0,ang20190926t223557,/AVIRISNG/Permian2019/ang20190926t223557_r12288_c256_w512_h512,2019-09-26,2019-09-26 22:35:57+00:00,0,0,512,512,train,hard,,False,"Window(col_off=0, row_off=0, width=512, height=512)"
ang20190926t223557_r7168_c0_w512_h512,,0.0,ang20190926t223557,/AVIRISNG/Permian2019/ang20190926t223557_r7168_c0_w512_h512,2019-09-26,2019-09-26 22:35:57+00:00,0,0,512,512,train,hard,,False,"Window(col_off=0, row_off=0, width=512, height=512)"
ang20190926t223557_r8704_c0_w512_h512,,0.0,ang20190926t223557,/AVIRISNG/Permian2019/ang20190926t223557_r8704_c0_w512_h512,2019-09-26,2019-09-26 22:35:57+00:00,0,0,512,512,train,hard,,False,"Window(col_off=0, row_off=0, width=512, height=512)"
ang20190926t223557_r5120_c0_w512_h512,,0.0,ang20190926t223557,/AVIRISNG/Permian2019/ang20190926t223557_r5120_c0_w512_h512,2019-09-26,2019-09-26 22:35:57+00:00,0,0,512,512,train,random,,False,"Window(col_off=0, row_off=0, width=512, height=512)"
ang20190926t223557_r6656_c0_w512_h512,,0.0,ang20190926t223557,/AVIRISNG/Permian2019/ang20190926t223557_r6656_c0_w512_h512,2019-09-26,2019-09-26 22:35:57+00:00,0,0,512,512,train,random,,False,"Window(col_off=0, row_off=0, width=512, height=512)"
ang20190927t145113_r0_c0_w512_h512,,0.0,ang20190927t145113,/AVIRISNG/Permian2019/ang20190927t145113_r0_c0_w512_h512,2019-09-27,2019-09-27 14:51:13+00:00,0,0,512,512,train,hard,,False,"Window(col_off=0, row_off=0, width=512, height=512)"
ang20190927t145113_r1280_c0_w512_h512,,0.0,ang20190927t145113,/AVIRISNG/Permian2019/ang20190927t145113_r1280_c0_w512_h512,2019-09-27,2019-09-27 14:51:13+00:00,0,0,512,512,train,hard,,False,"Window(col_off=0, row_off=0, width=512, height=512)"
ang20190927t145113_r3328_c0_w512_h512,,0.0,ang20190927t145113,/AVIRISNG/Permian2019/ang20190927t145113_r3328_c0_w512_h512,2019-09-27,2019-09-27 14:51:13+00:00,0,0,512,512,train,random,,False,"Window(col_off=0, row_off=0, width=512, height=512)"
ang20190927t145113_r4352_c0_w512_h512,,0.0,ang20190927t145113,/AVIRISNG/Permian2019/ang20190927t145113_r4352_c0_w512_h512,2019-09-27,2019-09-27 14:51:13+00:00,0,0,512,512,train,random,,False,"Window(col_off=0, row_off=0, width=512, height=512)"
ang20190927t145113_r3840_c0_w512_h512,,0.0,ang20190927t145113,/AVIRISNG/Permian2019/ang20190927t145113_r3840_c0_w512_h512,2019-09-27,2019-09-27 14:51:13+00:00,0,0,512,512,train,random,,False,"Window(col_off=0, row_off=0, width=512, height=512)"
ang20190927t151239_r0_c0_w512_h512,,0.0,ang20190927t151239,/AVIRISNG/Permian2019/ang20190927t151239_r0_c0_w512_h512,2019-09-27,2019-09-27 15:12:39+00:00,0,0,512,512,train,hard,,False,"Window(col_off=0, row_off=0, width=512, height=512)"
ang20190927t151239_r7680_c0_w512_h512,,0.0,ang20190927t151239,/AVIRISNG/Permian2019/ang20190927t151239_r7680_c0_w512_h512,2019-09-27,2019-09-27 15:12:39+00:00,0,0,512,512,train,hard,,False,"Window(col_off=0, row_off=0, width=512, height=512)"
ang20190927t151239_r2304_c0_w512_h512,,0.0,ang20190927t151239,/AVIRISNG/Permian2019/ang20190927t151239_r2304_c0_w512_h512,2019-09-27,2019-09-27 15:12:39+00:00,0,0,512,512,train,random,,False,"Window(col_off=0, row_off=0, width=512, height=512)"
ang20190927t151239_r3584_c0_w512_h512,,0.0,ang20190927t151239,/AVIRISNG/Permian2019/ang20190927t151239_r3584_c0_w512_h512,2019-09-27,2019-09-27 15:12:39+00:00,0,0,512,512,train,random,,False,"Window(col_off=0, row_off=0, width=512, height=512)"
ang20190927t151239_r10240_c0_w512_h512,,0.0,ang20190927t151239,/AVIRISNG/Permian2019/ang20190927t151239_r10240_c0_w512_h512,2019-09-27,2019-09-27 15:12:39+00:00,0,0,512,512,train,random,,False,"Window(col_off=0, row_off=0, width=512, height=512)"
ang20190927t151239_r9728_c256_w512_h512,,0.0,ang20190927t151239,/AVIRISNG/Permian2019/ang20190927t151239_r9728_c256_w512_h512,2019-09-27,2019-09-27 15:12:39+00:00,0,0,512,512,train,random,,False,"Window(col_off=0, row_off=0, width=512, height=512)"
ang20190927t153023_r13056_c256_w512_h512,,0.0,ang20190927t153023,/AVIRISNG/Permian2019/ang20190927t153023_r13056_c256_w512_h512,2019-09-27,2019-09-27 15:30:23+00:00,0,0,512,512,train,hard,,False,"Window(col_off=0, row_off=0, width=512, height=512)"
ang20190927t153023_r9472_c256_w512_h512,,0.0,ang20190927t153023,/AVIRISNG/Permian2019/ang20190927t153023_r9472_c256_w512_h512,2019-09-27,2019-09-27 15:30:23+00:00,0,0,512,512,train,hard,,False,"Window(col_off=0, row_off=0, width=512, height=512)"
ang20190927t153023_r7680_c0_w512_h512,,0.0,ang20190927t153023,/AVIRISNG/Permian2019/ang20190927t153023_r7680_c0_w512_h512,2019-09-27,2019-09-27 15:30:23+00:00,0,0,512,512,train,hard,,False,"Window(col_off=0, row_off=0, width=512, height=512)"
ang20190927t153023_r5120_c0_w512_h512,,0.0,ang20190927t153023,/AVIRISNG/Permian2019/ang20190927t153023_r5120_c0_w512_h512,2019-09-27,2019-09-27 15:30:23+00:00,0,0,512,512,train,random,,False,"Window(col_off=0, row_off=0, width=512, height=512)"
ang20190927t153023_r11776_c256_w512_h512,,0.0,ang20190927t153023,/AVIRISNG/Permian2019/ang20190927t153023_r11776_c256_w512_h512,2019-09-27,2019-09-27 15:30:23+00:00,0,0,512,512,train,random,,False,"Window(col_off=0, row_off=0, width=512, height=512)"
ang20190927t154855_r9984_c0_w512_h512,,0.0,ang20190927t154855,/AVIRISNG/Permian2019/ang20190927t154855_r9984_c0_w512_h512,2019-09-27,2019-09-27 15:48:55+00:00,0,0,512,512,train,hard,,False,"Window(col_off=0, row_off=0, width=512, height=512)"
ang20190927t154855_r7168_c256_w512_h512,,0.0,ang20190927t154855,/AVIRISNG/Permian2019/ang20190927t154855_r7168_c256_w512_h512,2019-09-27,2019-09-27 15:48:55+00:00,0,0,512,512,train,hard,,False,"Window(col_off=0, row_off=0, width=512, height=512)"
ang20190927t154855_r7680_c0_w512_h512,,0.0,ang20190927t154855,/AVIRISNG/Permian2019/ang20190927t154855_r7680_c0_w512_h512,2019-09-27,2019-09-27 15:48:55+00:00,0,0,512,512,train,hard,,False,"Window(col_off=0, row_off=0, width=512, height=512)"
ang20190927t154855_r11520_c0_w512_h512,,0.0,ang20190927t154855,/AVIRISNG/Permian2019/ang20190927t154855_r11520_c0_w512_h512,2019-09-27,2019-09-27 15:48:55+00:00,0,0,512,512,train,random,,False,"Window(col_off=0, row_off=0, width=512, height=512)"
ang20190927t154855_r5632_c256_w512_h512,,0.0,ang20190927t154855,/AVIRISNG/Permian2019/ang20190927t154855_r5632_c256_w512_h512,2019-09-27,2019-09-27 15:48:55+00:00,0,0,512,512,train,random,,False,"Window(col_off=0, row_off=0, width=512, height=512)"
ang20190927t154855_r8448_c256_w512_h512,,0.0,ang20190927t154855,/AVIRISNG/Permian2019/ang20190927t154855_r8448_c256_w512_h512,2019-09-27,2019-09-27 15:48:55+00:00,0,0,512,512,train,random,,False,"Window(col_off=0, row_off=0, width=512, height=512)"
ang20190927t160700_r9472_c0_w512_h512,,0.0,ang20190927t160700,/AVIRISNG/Permian2019/ang20190927t160700_r9472_c0_w512_h512,2019-09-27,2019-09-27 16:07:00+00:00,0,0,512,512,train,hard,,False,"Window(col_off=0, row_off=0, width=512, height=512)"
ang20190927t160700_r9984_c0_w512_h512,,0.0,ang20190927t160700,/AVIRISNG/Permian2019/ang20190927t160700_r9984_c0_w512_h512,2019-09-27,2019-09-27 16:07:00+00:00,0,0,512,512,train,hard,,False,"Window(col_off=0, row_off=0, width=512, height=512)"
ang20190927t160700_r7168_c0_w512_h512,,0.0,ang20190927t160700,/AVIRISNG/Permian2019/ang20190927t160700_r7168_c0_w512_h512,2019-09-27,2019-09-27 16:07:00+00:00,0,0,512,512,train,hard,,False,"Window(col_off=0, row_off=0, width=512, height=512)"
ang20190927t160700_r12800_c0_w512_h512,,0.0,ang20190927t160700,/AVIRISNG/Permian2019/ang20190927t160700_r12800_c0_w512_h512,2019-09-27,2019-09-27 16:07:00+00:00,0,0,512,512,train,random,,False,"Window(col_off=0, row_off=0, width=512, height=512)"
ang20190927t160700_r3072_c0_w512_h512,,0.0,ang20190927t160700,/AVIRISNG/Permian2019/ang20190927t160700_r3072_c0_w512_h512,2019-09-27,2019-09-27 16:07:00+00:00,0,0,512,512,train,random,,False,"Window(col_off=0, row_off=0, width=512, height=512)"
ang20190927t160700_r8960_c256_w512_h512,,0.0,ang20190927t160700,/AVIRISNG/Permian2019/ang20190927t160700_r8960_c256_w512_h512,2019-09-27,2019-09-27 16:07:00+00:00,0,0,512,512,train,random,,False,"Window(col_off=0, row_off=0, width=512, height=512)"
ang20190927t162514_r6400_c256_w512_h512,,0.0,ang20190927t162514,/AVIRISNG/Permian2019/ang20190927t162514_r6400_c256_w512_h512,2019-09-27,2019-09-27 16:25:14+00:00,0,0,512,512,train,hard,,False,"Window(col_off=0, row_off=0, width=512, height=512)"
ang20190927t162514_r4096_c0_w512_h512,,0.0,ang20190927t162514,/AVIRISNG/Permian2019/ang20190927t162514_r4096_c0_w512_h512,2019-09-27,2019-09-27 16:25:14+00:00,0,0,512,512,train,hard,,False,"Window(col_off=0, row_off=0, width=512, height=512)"
ang20190927t162514_r2560_c256_w512_h512,,0.0,ang20190927t162514,/AVIRISNG/Permian2019/ang20190927t162514_r2560_c256_w512_h512,2019-09-27,2019-09-27 16:25:14+00:00,0,0,512,512,train,random,,False,"Window(col_off=0, row_off=0, width=512, height=512)"
ang20190927t162514_r12544_c0_w512_h512,,0.0,ang20190927t162514,/AVIRISNG/Permian2019/ang20190927t162514_r12544_c0_w512_h512,2019-09-27,2019-09-27 16:25:14+00:00,0,0,512,512,train,random,,False,"Window(col_off=0, row_off=0, width=512, height=512)"
ang20190927t162514_r11008_c0_w512_h512,,0.0,ang20190927t162514,/AVIRISNG/Permian2019/ang20190927t162514_r11008_c0_w512_h512,2019-09-27,2019-09-27 16:25:14+00:00,0,0,512,512,train,random,,False,"Window(col_off=0, row_off=0, width=512, height=512)"
ang20190927t162514_r1536_c256_w512_h512,,0.0,ang20190927t162514,/AVIRISNG/Permian2019/ang20190927t162514_r1536_c256_w512_h512,2019-09-27,2019-09-27 16:25:14+00:00,0,0,512,512,train,random,,False,"Window(col_off=0, row_off=0, width=512, height=512)"
ang20190927t164322_r9472_c0_w512_h512,,0.0,ang20190927t164322,/AVIRISNG/Permian2019/ang20190927t164322_r9472_c0_w512_h512,2019-09-27,2019-09-27 16:43:22+00:00,0,0,512,512,train,hard,,False,"Window(col_off=0, row_off=0, width=512, height=512)"
ang20190927t164322_r10752_c0_w512_h512,,0.0,ang20190927t164322,/AVIRISNG/Permian2019/ang20190927t164322_r10752_c0_w512_h512,2019-09-27,2019-09-27 16:43:22+00:00,0,0,512,512,train,hard,,False,"Window(col_off=0, row_off=0, width=512, height=512)"
ang20190927t164322_r1536_c0_w512_h512,,0.0,ang20190927t164322,/AVIRISNG/Permian2019/ang20190927t164322_r1536_c0_w512_h512,2019-09-27,2019-09-27 16:43:22+00:00,0,0,512,512,train,random,,False,"Window(col_off=0, row_off=0, width=512, height=512)"
ang20190927t164322_r7424_c0_w512_h512,,0.0,ang20190927t164322,/AVIRISNG/Permian2019/ang20190927t164322_r7424_c0_w512_h512,2019-09-27,2019-09-27 16:43:22+00:00,0,0,512,512,train,random,,False,"Window(col_off=0, row_off=0, width=512, height=512)"
ang20190927t164322_r768_c0_w512_h512,,0.0,ang20190927t164322,/AVIRISNG/Permian2019/ang20190927t164322_r768_c0_w512_h512,2019-09-27,2019-09-27 16:43:22+00:00,0,0,512,512,train,random,,False,"Window(col_off=0, row_off=0, width=512, height=512)"
ang20190927t164322_r7936_c0_w512_h512,,0.0,ang20190927t164322,/AVIRISNG/Permian2019/ang20190927t164322_r7936_c0_w512_h512,2019-09-27,2019-09-27 16:43:22+00:00,0,0,512,512,train,random,,False,"Window(col_off=0, row_off=0, width=512, height=512)"
ang20190927t170107_r10240_c0_w512_h512,,0.0,ang20190927t170107,/AVIRISNG/Permian2019/ang20190927t170107_r10240_c0_w512_h512,2019-09-27,2019-09-27 17:01:07+00:00,0,0,512,512,train,hard,,False,"Window(col_off=0, row_off=0, width=512, height=512)"
ang20190927t170107_r7424_c0_w512_h512,,0.0,ang20190927t170107,/AVIRISNG/Permian2019/ang20190927t170107_r7424_c0_w512_h512,2019-09-27,2019-09-27 17:01:07+00:00,0,0,512,512,train,hard,,False,"Window(col_off=0, row_off=0, width=512, height=512)"
ang20190927t170107_r4864_c0_w512_h512,,0.0,ang20190927t170107,/AVIRISNG/Permian2019/ang20190927t170107_r4864_c0_w512_h512,2019-09-27,2019-09-27 17:01:07+00:00,0,0,512,512,train,hard,,False,"Window(col_off=0, row_off=0, width=512, height=512)"
ang20190927t170107_r11520_c0_w512_h512,,0.0,ang20190927t170107,/AVIRISNG/Permian2019/ang20190927t170107_r11520_c0_w512_h512,2019-09-27,2019-09-27 17:01:07+00:00,0,0,512,512,train,random,,False,"Window(col_off=0, row_off=0, width=512, height=512)"
ang20190927t170107_r3072_c256_w512_h512,,0.0,ang20190927t170107,/AVIRISNG/Permian2019/ang20190927t170107_r3072_c256_w512_h512,2019-09-27,2019-09-27 17:01:07+00:00,0,0,512,512,train,random,,False,"Window(col_off=0, row_off=0, width=512, height=512)"
ang20190927t170107_r6144_c256_w512_h512,,0.0,ang20190927t170107,/AVIRISNG/Permian2019/ang20190927t170107_r6144_c256_w512_h512,2019-09-27,2019-09-27 17:01:07+00:00,0,0,512,512,train,random,,False,"Window(col_off=0, row_off=0, width=512, height=512)"
ang20190927t171836_r11008_c256_w512_h512,,0.0,ang20190927t171836,/AVIRISNG/Permian2019/ang20190927t171836_r11008_c256_w512_h512,2019-09-27,2019-09-27 17:18:36+00:00,0,0,512,512,train,hard,,False,"Window(col_off=0, row_off=0, width=512, height=512)"
ang20190927t171836_r10496_c256_w512_h512,,0.0,ang20190927t171836,/AVIRISNG/Permian2019/ang20190927t171836_r10496_c256_w512_h512,2019-09-27,2019-09-27 17:18:36+00:00,0,0,512,512,train,hard,,False,"Window(col_off=0, row_off=0, width=512, height=512)"
ang20190927t171836_r9472_c0_w512_h512,,0.0,ang20190927t171836,/AVIRISNG/Permian2019/ang20190927t171836_r9472_c0_w512_h512,2019-09-27,2019-09-27 17:18:36+00:00,0,0,512,512,train,random,,False,"Window(col_off=0, row_off=0, width=512, height=512)"
ang20190927t171836_r12288_c256_w512_h512,,0.0,ang20190927t171836,/AVIRISNG/Permian2019/ang20190927t171836_r12288_c256_w512_h512,2019-09-27,2019-09-27 17:18:36+00:00,0,0,512,512,train,random,,False,"Window(col_off=0, row_off=0, width=512, height=512)"
ang20190927t171836_r9984_c256_w512_h512,,0.0,ang20190927t171836,/AVIRISNG/Permian2019/ang20190927t171836_r9984_c256_w512_h512,2019-09-27,2019-09-27 17:18:36+00:00,0,0,512,512,train,random,,False,"Window(col_off=0, row_off=0, width=512, height=512)"
ang20190927t173620_r9216_c256_w512_h512,,0.0,ang20190927t173620,/AVIRISNG/Permian2019/ang20190927t173620_r9216_c256_w512_h512,2019-09-27,2019-09-27 17:36:20+00:00,0,0,512,512,train,hard,,False,"Window(col_off=0, row_off=0, width=512, height=512)"
ang20190927t173620_r8704_c256_w512_h512,,0.0,ang20190927t173620,/AVIRISNG/Permian2019/ang20190927t173620_r8704_c256_w512_h512,2019-09-27,2019-09-27 17:36:20+00:00,0,0,512,512,train,hard,,False,"Window(col_off=0, row_off=0, width=512, height=512)"
ang20190927t173620_r9984_c256_w512_h512,,0.0,ang20190927t173620,/AVIRISNG/Permian2019/ang20190927t173620_r9984_c256_w512_h512,2019-09-27,2019-09-27 17:36:20+00:00,0,0,512,512,train,hard,,False,"Window(col_off=0, row_off=0, width=512, height=512)"
ang20190927t173620_r12544_c256_w512_h512,,0.0,ang20190927t173620,/AVIRISNG/Permian2019/ang20190927t173620_r12544_c256_w512_h512,2019-09-27,2019-09-27 17:36:20+00:00,0,0,512,512,train,random,,False,"Window(col_off=0, row_off=0, width=512, height=512)"
ang20190927t173620_r7936_c256_w512_h512,,0.0,ang20190927t173620,/AVIRISNG/Permian2019/ang20190927t173620_r7936_c256_w512_h512,2019-09-27,2019-09-27 17:36:20+00:00,0,0,512,512,train,random,,False,"Window(col_off=0, row_off=0, width=512, height=512)"
ang20190927t173620_r5888_c256_w512_h512,,0.0,ang20190927t173620,/AVIRISNG/Permian2019/ang20190927t173620_r5888_c256_w512_h512,2019-09-27,2019-09-27 17:36:20+00:00,0,0,512,512,train,random,,False,"Window(col_off=0, row_off=0, width=512, height=512)"
ang20190927t175410_r10496_c256_w512_h512,,0.0,ang20190927t175410,/AVIRISNG/Permian2019/ang20190927t175410_r10496_c256_w512_h512,2019-09-27,2019-09-27 17:54:10+00:00,0,0,512,512,train,hard,,False,"Window(col_off=0, row_off=0, width=512, height=512)"
ang20190927t175410_r7424_c0_w512_h512,,0.0,ang20190927t175410,/AVIRISNG/Permian2019/ang20190927t175410_r7424_c0_w512_h512,2019-09-27,2019-09-27 17:54:10+00:00,0,0,512,512,train,hard,,False,"Window(col_off=0, row_off=0, width=512, height=512)"
ang20190927t175410_r256_c0_w512_h512,,0.0,ang20190927t175410,/AVIRISNG/Permian2019/ang20190927t175410_r256_c0_w512_h512,2019-09-27,2019-09-27 17:54:10+00:00,0,0,512,512,train,hard,,False,"Window(col_off=0, row_off=0, width=512, height=512)"
ang20190927t175410_r5376_c0_w512_h512,,0.0,ang20190927t175410,/AVIRISNG/Permian2019/ang20190927t175410_r5376_c0_w512_h512,2019-09-27,2019-09-27 17:54:10+00:00,0,0,512,512,train,random,,False,"Window(col_off=0, row_off=0, width=512, height=512)"
ang20190927t175410_r6656_c256_w512_h512,,0.0,ang20190927t175410,/AVIRISNG/Permian2019/ang20190927t175410_r6656_c256_w512_h512,2019-09-27,2019-09-27 17:54:10+00:00,0,0,512,512,train,random,,False,"Window(col_off=0, row_off=0, width=512, height=512)"
ang20190927t175410_r2048_c0_w512_h512,,0.0,ang20190927t175410,/AVIRISNG/Permian2019/ang20190927t175410_r2048_c0_w512_h512,2019-09-27,2019-09-27 17:54:10+00:00,0,0,512,512,train,random,,False,"Window(col_off=0, row_off=0, width=512, height=512)"
ang20190927t175410_r3072_c0_w512_h512,,0.0,ang20190927t175410,/AVIRISNG/Permian2019/ang20190927t175410_r3072_c0_w512_h512,2019-09-27,2019-09-27 17:54:10+00:00,0,0,512,512,train,random,,False,"Window(col_off=0, row_off=0, width=512, height=512)"
ang20190927t181142_r9472_c0_w512_h512,,0.0,ang20190927t181142,/AVIRISNG/Permian2019/ang20190927t181142_r9472_c0_w512_h512,2019-09-27,2019-09-27 18:11:42+00:00,0,0,512,512,train,hard,,False,"Window(col_off=0, row_off=0, width=512, height=512)"
ang20190927t181142_r8960_c0_w512_h512,,0.0,ang20190927t181142,/AVIRISNG/Permian2019/ang20190927t181142_r8960_c0_w512_h512,2019-09-27,2019-09-27 18:11:42+00:00,0,0,512,512,train,hard,,False,"Window(col_off=0, row_off=0, width=512, height=512)"
ang20190927t181142_r11776_c0_w512_h512,,0.0,ang20190927t181142,/AVIRISNG/Permian2019/ang20190927t181142_r11776_c0_w512_h512,2019-09-27,2019-09-27 18:11:42+00:00,0,0,512,512,train,hard,,False,"Window(col_off=0, row_off=0, width=512, height=512)"
ang20190927t181142_r6912_c0_w512_h512,,0.0,ang20190927t181142,/AVIRISNG/Permian2019/ang20190927t181142_r6912_c0_w512_h512,2019-09-27,2019-09-27 18:11:42+00:00,0,0,512,512,train,random,,False,"Window(col_off=0, row_off=0, width=512, height=512)"
ang20190927t181142_r2304_c256_w512_h512,,0.0,ang20190927t181142,/AVIRISNG/Permian2019/ang20190927t181142_r2304_c256_w512_h512,2019-09-27,2019-09-27 18:11:42+00:00,0,0,512,512,train,random,,False,"Window(col_off=0, row_off=0, width=512, height=512)"
ang20190927t181142_r6144_c256_w512_h512,,0.0,ang20190927t181142,/AVIRISNG/Permian2019/ang20190927t181142_r6144_c256_w512_h512,2019-09-27,2019-09-27 18:11:42+00:00,0,0,512,512,train,random,,False,"Window(col_off=0, row_off=0, width=512, height=512)"
ang20190927t181142_r3328_c0_w512_h512,,0.0,ang20190927t181142,/AVIRISNG/Permian2019/ang20190927t181142_r3328_c0_w512_h512,2019-09-27,2019-09-27 18:11:42+00:00,0,0,512,512,train,random,,False,"Window(col_off=0, row_off=0, width=512, height=512)"
ang20190927t182905_r10240_c0_w512_h512,,0.0,ang20190927t182905,/AVIRISNG/Permian2019/ang20190927t182905_r10240_c0_w512_h512,2019-09-27,2019-09-27 18:29:05+00:00,0,0,512,512,train,hard,,False,"Window(col_off=0, row_off=0, width=512, height=512)"
ang20190927t182905_r11776_c256_w512_h512,,0.0,ang20190927t182905,/AVIRISNG/Permian2019/ang20190927t182905_r11776_c256_w512_h512,2019-09-27,2019-09-27 18:29:05+00:00,0,0,512,512,train,hard,,False,"Window(col_off=0, row_off=0, width=512, height=512)"
ang20190927t182905_r768_c256_w512_h512,,0.0,ang20190927t182905,/AVIRISNG/Permian2019/ang20190927t182905_r768_c256_w512_h512,2019-09-27,2019-09-27 18:29:05+00:00,0,0,512,512,train,random,,False,"Window(col_off=0, row_off=0, width=512, height=512)"
ang20190927t182905_r5632_c256_w512_h512,,0.0,ang20190927t182905,/AVIRISNG/Permian2019/ang20190927t182905_r5632_c256_w512_h512,2019-09-27,2019-09-27 18:29:05+00:00,0,0,512,512,train,random,,False,"Window(col_off=0, row_off=0, width=512, height=512)"
ang20190927t182905_r12800_c0_w512_h512,,0.0,ang20190927t182905,/AVIRISNG/Permian2019/ang20190927t182905_r12800_c0_w512_h512,2019-09-27,2019-09-27 18:29:05+00:00,0,0,512,512,train,random,,False,"Window(col_off=0, row_off=0, width=512, height=512)"
ang20190927t182905_r11264_c0_w512_h512,,0.0,ang20190927t182905,/AVIRISNG/Permian2019/ang20190927t182905_r11264_c0_w512_h512,2019-09-27,2019-09-27 18:29:05+00:00,0,0,512,512,train,random,,False,"Window(col_off=0, row_off=0, width=512, height=512)"
ang20190927t184620_r9472_c0_w512_h512,,0.0,ang20190927t184620,/AVIRISNG/Permian2019/ang20190927t184620_r9472_c0_w512_h512,2019-09-27,2019-09-27 18:46:20+00:00,0,0,512,512,train,hard,,False,"Window(col_off=0, row_off=0, width=512, height=512)"
ang20190927t184620_r8960_c0_w512_h512,,0.0,ang20190927t184620,/AVIRISNG/Permian2019/ang20190927t184620_r8960_c0_w512_h512,2019-09-27,2019-09-27 18:46:20+00:00,0,0,512,512,train,hard,,False,"Window(col_off=0, row_off=0, width=512, height=512)"
ang20190927t184620_r256_c256_w512_h512,,0.0,ang20190927t184620,/AVIRISNG/Permian2019/ang20190927t184620_r256_c256_w512_h512,2019-09-27,2019-09-27 18:46:20+00:00,0,0,512,512,train,hard,,False,"Window(col_off=0, row_off=0, width=512, height=512)"
ang20190927t184620_r4352_c0_w512_h512,,0.0,ang20190927t184620,/AVIRISNG/Permian2019/ang20190927t184620_r4352_c0_w512_h512,2019-09-27,2019-09-27 18:46:20+00:00,0,0,512,512,train,random,,False,"Window(col_off=0, row_off=0, width=512, height=512)"
ang20190927t184620_r6400_c0_w512_h512,,0.0,ang20190927t184620,/AVIRISNG/Permian2019/ang20190927t184620_r6400_c0_w512_h512,2019-09-27,2019-09-27 18:46:20+00:00,0,0,512,512,train,random,,False,"Window(col_off=0, row_off=0, width=512, height=512)"
ang20190927t184620_r12800_c0_w512_h512,,0.0,ang20190927t184620,/AVIRISNG/Permian2019/ang20190927t184620_r12800_c0_w512_h512,2019-09-27,2019-09-27 18:46:20+00:00,0,0,512,512,train,random,,False,"Window(col_off=0, row_off=0, width=512, height=512)"
ang20190927t184620_r768_c256_w512_h512,,0.0,ang20190927t184620,/AVIRISNG/Permian2019/ang20190927t184620_r768_c256_w512_h512,2019-09-27,2019-09-27 18:46:20+00:00,0,0,512,512,train,random,,False,"Window(col_off=0, row_off=0, width=512, height=512)"
ang20190927t190436_r8960_c0_w512_h512,,0.0,ang20190927t190436,/AVIRISNG/Permian2019/ang20190927t190436_r8960_c0_w512_h512,2019-09-27,2019-09-27 19:04:36+00:00,0,0,512,512,train,hard,,False,"Window(col_off=0, row_off=0, width=512, height=512)"
ang20190927t190436_r9472_c0_w512_h512,,0.0,ang20190927t190436,/AVIRISNG/Permian2019/ang20190927t190436_r9472_c0_w512_h512,2019-09-27,2019-09-27 19:04:36+00:00,0,0,512,512,train,hard,,False,"Window(col_off=0, row_off=0, width=512, height=512)"
ang20190927t190436_r12032_c256_w512_h512,,0.0,ang20190927t190436,/AVIRISNG/Permian2019/ang20190927t190436_r12032_c256_w512_h512,2019-09-27,2019-09-27 19:04:36+00:00,0,0,512,512,train,hard,,False,"Window(col_off=0, row_off=0, width=512, height=512)"
ang20190927t190436_r1280_c0_w512_h512,,0.0,ang20190927t190436,/AVIRISNG/Permian2019/ang20190927t190436_r1280_c0_w512_h512,2019-09-27,2019-09-27 19:04:36+00:00,0,0,512,512,train,random,,False,"Window(col_off=0, row_off=0, width=512, height=512)"
ang20190927t190436_r11264_c0_w512_h512,,0.0,ang20190927t190436,/AVIRISNG/Permian2019/ang20190927t190436_r11264_c0_w512_h512,2019-09-27,2019-09-27 19:04:36+00:00,0,0,512,512,train,random,,False,"Window(col_off=0, row_off=0, width=512, height=512)"
ang20190927t190436_r4096_c0_w512_h512,,0.0,ang20190927t190436,/AVIRISNG/Permian2019/ang20190927t190436_r4096_c0_w512_h512,2019-09-27,2019-09-27 19:04:36+00:00,0,0,512,512,train,random,,False,"Window(col_off=0, row_off=0, width=512, height=512)"
ang20190927t192237_r12288_c256_w512_h512,,0.0,ang20190927t192237,/AVIRISNG/Permian2019/ang20190927t192237_r12288_c256_w512_h512,2019-09-27,2019-09-27 19:22:37+00:00,0,0,512,512,train,hard,,False,"Window(col_off=0, row_off=0, width=512, height=512)"
ang20190927t192237_r8960_c0_w512_h512,,0.0,ang20190927t192237,/AVIRISNG/Permian2019/ang20190927t192237_r8960_c0_w512_h512,2019-09-27,2019-09-27 19:22:37+00:00,0,0,512,512,train,hard,,False,"Window(col_off=0, row_off=0, width=512, height=512)"
ang20190927t192237_r13056_c256_w512_h512,,0.0,ang20190927t192237,/AVIRISNG/Permian2019/ang20190927t192237_r13056_c256_w512_h512,2019-09-27,2019-09-27 19:22:37+00:00,0,0,512,512,train,hard,,False,"Window(col_off=0, row_off=0, width=512, height=512)"
ang20190927t192237_r2304_c0_w512_h512,,0.0,ang20190927t192237,/AVIRISNG/Permian2019/ang20190927t192237_r2304_c0_w512_h512,2019-09-27,2019-09-27 19:22:37+00:00,0,0,512,512,train,random,,False,"Window(col_off=0, row_off=0, width=512, height=512)"
ang20190927t192237_r256_c0_w512_h512,,0.0,ang20190927t192237,/AVIRISNG/Permian2019/ang20190927t192237_r256_c0_w512_h512,2019-09-27,2019-09-27 19:22:37+00:00,0,0,512,512,train,random,,False,"Window(col_off=0, row_off=0, width=512, height=512)"
ang20190927t194104_r11776_c0_w512_h512,,0.0,ang20190927t194104,/AVIRISNG/Permian2019/ang20190927t194104_r11776_c0_w512_h512,2019-09-27,2019-09-27 19:41:04+00:00,0,0,512,512,train,hard,,False,"Window(col_off=0, row_off=0, width=512, height=512)"
ang20190927t194104_r7936_c256_w512_h512,,0.0,ang20190927t194104,/AVIRISNG/Permian2019/ang20190927t194104_r7936_c256_w512_h512,2019-09-27,2019-09-27 19:41:04+00:00,0,0,512,512,train,hard,,False,"Window(col_off=0, row_off=0, width=512, height=512)"
ang20190927t194104_r8448_c0_w512_h512,,0.0,ang20190927t194104,/AVIRISNG/Permian2019/ang20190927t194104_r8448_c0_w512_h512,2019-09-27,2019-09-27 19:41:04+00:00,0,0,512,512,train,hard,,False,"Window(col_off=0, row_off=0, width=512, height=512)"
ang20190927t194104_r12288_c256_w512_h512,,0.0,ang20190927t194104,/AVIRISNG/Permian2019/ang20190927t194104_r12288_c256_w512_h512,2019-09-27,2019-09-27 19:41:04+00:00,0,0,512,512,train,random,,False,"Window(col_off=0, row_off=0, width=512, height=512)"
ang20190927t194104_r9728_c0_w512_h512,,0.0,ang20190927t194104,/AVIRISNG/Permian2019/ang20190927t194104_r9728_c0_w512_h512,2019-09-27,2019-09-27 19:41:04+00:00,0,0,512,512,train,random,,False,"Window(col_off=0, row_off=0, width=512, height=512)"
ang20190927t194104_r1024_c0_w512_h512,,0.0,ang20190927t194104,/AVIRISNG/Permian2019/ang20190927t194104_r1024_c0_w512_h512,2019-09-27,2019-09-27 19:41:04+00:00,0,0,512,512,train,random,,False,"Window(col_off=0, row_off=0, width=512, height=512)"
ang20190928t175550_r3328_c0_w512_h512,,0.0,ang20190928t175550,/AVIRISNG/Permian2019/ang20190928t175550_r3328_c0_w512_h512,2019-09-28,2019-09-28 17:55:50+00:00,0,0,512,512,train,hard,,False,"Window(col_off=0, row_off=0, width=512, height=512)"
ang20190928t175550_r2816_c0_w512_h512,,0.0,ang20190928t175550,/AVIRISNG/Permian2019/ang20190928t175550_r2816_c0_w512_h512,2019-09-28,2019-09-28 17:55:50+00:00,0,0,512,512,train,hard,,False,"Window(col_off=0, row_off=0, width=512, height=512)"
ang20190928t175550_r7424_c0_w512_h512,,0.0,ang20190928t175550,/AVIRISNG/Permian2019/ang20190928t175550_r7424_c0_w512_h512,2019-09-28,2019-09-28 17:55:50+00:00,0,0,512,512,train,hard,,False,"Window(col_off=0, row_off=0, width=512, height=512)"
ang20190928t175550_r1792_c0_w512_h512,,0.0,ang20190928t175550,/AVIRISNG/Permian2019/ang20190928t175550_r1792_c0_w512_h512,2019-09-28,2019-09-28 17:55:50+00:00,0,0,512,512,train,random,,False,"Window(col_off=0, row_off=0, width=512, height=512)"
ang20190928t175550_r12800_c0_w512_h512,,0.0,ang20190928t175550,/AVIRISNG/Permian2019/ang20190928t175550_r12800_c0_w512_h512,2019-09-28,2019-09-28 17:55:50+00:00,0,0,512,512,train,random,,False,"Window(col_off=0, row_off=0, width=512, height=512)"
ang20190928t175550_r11776_c256_w512_h512,,0.0,ang20190928t175550,/AVIRISNG/Permian2019/ang20190928t175550_r11776_c256_w512_h512,2019-09-28,2019-09-28 17:55:50+00:00,0,0,512,512,train,random,,False,"Window(col_off=0, row_off=0, width=512, height=512)"
ang20190928t175550_r3840_c0_w512_h512,,0.0,ang20190928t175550,/AVIRISNG/Permian2019/ang20190928t175550_r3840_c0_w512_h512,2019-09-28,2019-09-28 17:55:50+00:00,0,0,512,512,train,random,,False,"Window(col_off=0, row_off=0, width=512, height=512)"
ang20190928t181405_r3840_c0_w512_h512,,0.0,ang20190928t181405,/AVIRISNG/Permian2019/ang20190928t181405_r3840_c0_w512_h512,2019-09-28,2019-09-28 18:14:05+00:00,0,0,512,512,train,hard,,False,"Window(col_off=0, row_off=0, width=512, height=512)"
ang20190928t181405_r13312_c256_w512_h512,,0.0,ang20190928t181405,/AVIRISNG/Permian2019/ang20190928t181405_r13312_c256_w512_h512,2019-09-28,2019-09-28 18:14:05+00:00,0,0,512,512,train,hard,,False,"Window(col_off=0, row_off=0, width=512, height=512)"
ang20190928t181405_r9472_c256_w512_h512,,0.0,ang20190928t181405,/AVIRISNG/Permian2019/ang20190928t181405_r9472_c256_w512_h512,2019-09-28,2019-09-28 18:14:05+00:00,0,0,512,512,train,random,,False,"Window(col_off=0, row_off=0, width=512, height=512)"
ang20190928t181405_r1024_c0_w512_h512,,0.0,ang20190928t181405,/AVIRISNG/Permian2019/ang20190928t181405_r1024_c0_w512_h512,2019-09-28,2019-09-28 18:14:05+00:00,0,0,512,512,train,random,,False,"Window(col_off=0, row_off=0, width=512, height=512)"
ang20190928t181405_r10496_c0_w512_h512,,0.0,ang20190928t181405,/AVIRISNG/Permian2019/ang20190928t181405_r10496_c0_w512_h512,2019-09-28,2019-09-28 18:14:05+00:00,0,0,512,512,train,random,,False,"Window(col_off=0, row_off=0, width=512, height=512)"
ang20190928t183313_r13056_c0_w512_h512,,0.0,ang20190928t183313,/AVIRISNG/Permian2019/ang20190928t183313_r13056_c0_w512_h512,2019-09-28,2019-09-28 18:33:13+00:00,0,0,512,512,train,hard,,False,"Window(col_off=0, row_off=0, width=512, height=512)"
ang20190928t183313_r3840_c0_w512_h512,,0.0,ang20190928t183313,/AVIRISNG/Permian2019/ang20190928t183313_r3840_c0_w512_h512,2019-09-28,2019-09-28 18:33:13+00:00,0,0,512,512,train,hard,,False,"Window(col_off=0, row_off=0, width=512, height=512)"
ang20190928t183313_r7424_c0_w512_h512,,0.0,ang20190928t183313,/AVIRISNG/Permian2019/ang20190928t183313_r7424_c0_w512_h512,2019-09-28,2019-09-28 18:33:13+00:00,0,0,512,512,train,hard,,False,"Window(col_off=0, row_off=0, width=512, height=512)"
ang20190928t183313_r7936_c0_w512_h512,,0.0,ang20190928t183313,/AVIRISNG/Permian2019/ang20190928t183313_r7936_c0_w512_h512,2019-09-28,2019-09-28 18:33:13+00:00,0,0,512,512,train,random,,False,"Window(col_off=0, row_off=0, width=512, height=512)"
ang20190928t183313_r5632_c0_w512_h512,,0.0,ang20190928t183313,/AVIRISNG/Permian2019/ang20190928t183313_r5632_c0_w512_h512,2019-09-28,2019-09-28 18:33:13+00:00,0,0,512,512,train,random,,False,"Window(col_off=0, row_off=0, width=512, height=512)"
ang20190928t183313_r12288_c256_w512_h512,,0.0,ang20190928t183313,/AVIRISNG/Permian2019/ang20190928t183313_r12288_c256_w512_h512,2019-09-28,2019-09-28 18:33:13+00:00,0,0,512,512,train,random,,False,"Window(col_off=0, row_off=0, width=512, height=512)"
ang20190928t183313_r11264_c0_w512_h512,,0.0,ang20190928t183313,/AVIRISNG/Permian2019/ang20190928t183313_r11264_c0_w512_h512,2019-09-28,2019-09-28 18:33:13+00:00,0,0,512,512,train,random,,False,"Window(col_off=0, row_off=0, width=512, height=512)"
ang20190928t185111_r13312_c0_w512_h512,,0.0,ang20190928t185111,/AVIRISNG/Permian2019/ang20190928t185111_r13312_c0_w512_h512,2019-09-28,2019-09-28 18:51:11+00:00,0,0,512,512,train,hard,,False,"Window(col_off=0, row_off=0, width=512, height=512)"
ang20190928t185111_r8960_c0_w512_h512,,0.0,ang20190928t185111,/AVIRISNG/Permian2019/ang20190928t185111_r8960_c0_w512_h512,2019-09-28,2019-09-28 18:51:11+00:00,0,0,512,512,train,hard,,False,"Window(col_off=0, row_off=0, width=512, height=512)"
ang20190928t185111_r12800_c0_w512_h512,,0.0,ang20190928t185111,/AVIRISNG/Permian2019/ang20190928t185111_r12800_c0_w512_h512,2019-09-28,2019-09-28 18:51:11+00:00,0,0,512,512,train,hard,,False,"Window(col_off=0, row_off=0, width=512, height=512)"
ang20190928t185111_r9472_c0_w512_h512,,0.0,ang20190928t185111,/AVIRISNG/Permian2019/ang20190928t185111_r9472_c0_w512_h512,2019-09-28,2019-09-28 18:51:11+00:00,0,0,512,512,train,random,,False,"Window(col_off=0, row_off=0, width=512, height=512)"
ang20190928t185111_r7936_c0_w512_h512,,0.0,ang20190928t185111,/AVIRISNG/Permian2019/ang20190928t185111_r7936_c0_w512_h512,2019-09-28,2019-09-28 18:51:11+00:00,0,0,512,512,train,random,,False,"Window(col_off=0, row_off=0, width=512, height=512)"
ang20190928t185111_r2304_c256_w512_h512,,0.0,ang20190928t185111,/AVIRISNG/Permian2019/ang20190928t185111_r2304_c256_w512_h512,2019-09-28,2019-09-28 18:51:11+00:00,0,0,512,512,train,random,,False,"Window(col_off=0, row_off=0, width=512, height=512)"
ang20190928t185111_r3840_c0_w512_h512,,0.0,ang20190928t185111,/AVIRISNG/Permian2019/ang20190928t185111_r3840_c0_w512_h512,2019-09-28,2019-09-28 18:51:11+00:00,0,0,512,512,train,random,,False,"Window(col_off=0, row_off=0, width=512, height=512)"
ang20190928t190948_r12800_c256_w512_h512,,0.0,ang20190928t190948,/AVIRISNG/Permian2019/ang20190928t190948_r12800_c256_w512_h512,2019-09-28,2019-09-28 19:09:48+00:00,0,0,512,512,train,hard,,False,"Window(col_off=0, row_off=0, width=512, height=512)"
ang20190928t190948_r0_c0_w512_h512,,0.0,ang20190928t190948,/AVIRISNG/Permian2019/ang20190928t190948_r0_c0_w512_h512,2019-09-28,2019-09-28 19:09:48+00:00,0,0,512,512,train,hard,,False,"Window(col_off=0, row_off=0, width=512, height=512)"
ang20190928t190948_r11520_c0_w512_h512,,0.0,ang20190928t190948,/AVIRISNG/Permian2019/ang20190928t190948_r11520_c0_w512_h512,2019-09-28,2019-09-28 19:09:48+00:00,0,0,512,512,train,random,,False,"Window(col_off=0, row_off=0, width=512, height=512)"
ang20190928t190948_r4096_c0_w512_h512,,0.0,ang20190928t190948,/AVIRISNG/Permian2019/ang20190928t190948_r4096_c0_w512_h512,2019-09-28,2019-09-28 19:09:48+00:00,0,0,512,512,train,random,,False,"Window(col_off=0, row_off=0, width=512, height=512)"
ang20190928t190948_r8960_c256_w512_h512,,0.0,ang20190928t190948,/AVIRISNG/Permian2019/ang20190928t190948_r8960_c256_w512_h512,2019-09-28,2019-09-28 19:09:48+00:00,0,0,512,512,train,random,,False,"Window(col_off=0, row_off=0, width=512, height=512)"
ang20190928t192731_r0_c256_w512_h512,,0.0,ang20190928t192731,/AVIRISNG/Permian2019/ang20190928t192731_r0_c256_w512_h512,2019-09-28,2019-09-28 19:27:31+00:00,0,0,512,512,train,hard,,False,"Window(col_off=0, row_off=0, width=512, height=512)"
ang20190928t192731_r512_c256_w512_h512,,0.0,ang20190928t192731,/AVIRISNG/Permian2019/ang20190928t192731_r512_c256_w512_h512,2019-09-28,2019-09-28 19:27:31+00:00,0,0,512,512,train,hard,,False,"Window(col_off=0, row_off=0, width=512, height=512)"
ang20190928t192731_r3584_c256_w512_h512,,0.0,ang20190928t192731,/AVIRISNG/Permian2019/ang20190928t192731_r3584_c256_w512_h512,2019-09-28,2019-09-28 19:27:31+00:00,0,0,512,512,train,hard,,False,"Window(col_off=0, row_off=0, width=512, height=512)"
ang20190928t192731_r8192_c0_w512_h512,,0.0,ang20190928t192731,/AVIRISNG/Permian2019/ang20190928t192731_r8192_c0_w512_h512,2019-09-28,2019-09-28 19:27:31+00:00,0,0,512,512,train,random,,False,"Window(col_off=0, row_off=0, width=512, height=512)"
ang20190928t192731_r2816_c256_w512_h512,,0.0,ang20190928t192731,/AVIRISNG/Permian2019/ang20190928t192731_r2816_c256_w512_h512,2019-09-28,2019-09-28 19:27:31+00:00,0,0,512,512,train,random,,False,"Window(col_off=0, row_off=0, width=512, height=512)"
ang20190928t192731_r6912_c256_w512_h512,,0.0,ang20190928t192731,/AVIRISNG/Permian2019/ang20190928t192731_r6912_c256_w512_h512,2019-09-28,2019-09-28 19:27:31+00:00,0,0,512,512,train,random,,False,"Window(col_off=0, row_off=0, width=512, height=512)"
ang20190928t193847_r256_c0_w512_h512,,0.0,ang20190928t193847,/AVIRISNG/Permian2019/ang20190928t193847_r256_c0_w512_h512,2019-09-28,2019-09-28 19:38:47+00:00,0,0,512,512,train,hard,,False,"Window(col_off=0, row_off=0, width=512, height=512)"
ang20190928t193847_r11008_c512_w512_h512,,0.0,ang20190928t193847,/AVIRISNG/Permian2019/ang20190928t193847_r11008_c512_w512_h512,2019-09-28,2019-09-28 19:38:47+00:00,0,0,512,512,train,hard,,False,"Window(col_off=0, row_off=0, width=512, height=512)"
ang20190928t193847_r11520_c512_w512_h512,,0.0,ang20190928t193847,/AVIRISNG/Permian2019/ang20190928t193847_r11520_c512_w512_h512,2019-09-28,2019-09-28 19:38:47+00:00,0,0,512,512,train,hard,,False,"Window(col_off=0, row_off=0, width=512, height=512)"
ang20190928t193847_r6912_c256_w512_h512,,0.0,ang20190928t193847,/AVIRISNG/Permian2019/ang20190928t193847_r6912_c256_w512_h512,2019-09-28,2019-09-28 19:38:47+00:00,0,0,512,512,train,random,,False,"Window(col_off=0, row_off=0, width=512, height=512)"
ang20190928t193847_r12800_c768_w512_h512,,0.0,ang20190928t193847,/AVIRISNG/Permian2019/ang20190928t193847_r12800_c768_w512_h512,2019-09-28,2019-09-28 19:38:47+00:00,0,0,512,512,train,random,,False,"Window(col_off=0, row_off=0, width=512, height=512)"
ang20190928t193847_r12288_c768_w512_h512,,0.0,ang20190928t193847,/AVIRISNG/Permian2019/ang20190928t193847_r12288_c768_w512_h512,2019-09-28,2019-09-28 19:38:47+00:00,0,0,512,512,train,random,,False,"Window(col_off=0, row_off=0, width=512, height=512)"
ang20191005t210402_r15872_c256_w512_h512,,0.0,ang20191005t210402,/AVIRISNG/Permian2019/ang20191005t210402_r15872_c256_w512_h512,2019-10-05,2019-10-05 21:04:02+00:00,0,0,512,512,train,hard,,False,"Window(col_off=0, row_off=0, width=512, height=512)"
ang20191005t210402_r12032_c0_w512_h512,,0.0,ang20191005t210402,/AVIRISNG/Permian2019/ang20191005t210402_r12032_c0_w512_h512,2019-10-05,2019-10-05 21:04:02+00:00,0,0,512,512,train,hard,,False,"Window(col_off=0, row_off=0, width=512, height=512)"
ang20191005t210402_r16640_c256_w512_h512,,0.0,ang20191005t210402,/AVIRISNG/Permian2019/ang20191005t210402_r16640_c256_w512_h512,2019-10-05,2019-10-05 21:04:02+00:00,0,0,512,512,train,hard,,False,"Window(col_off=0, row_off=0, width=512, height=512)"
ang20191005t210402_r19712_c0_w512_h512,,0.0,ang20191005t210402,/AVIRISNG/Permian2019/ang20191005t210402_r19712_c0_w512_h512,2019-10-05,2019-10-05 21:04:02+00:00,0,0,512,512,train,random,,False,"Window(col_off=0, row_off=0, width=512, height=512)"
ang20191005t210402_r18176_c256_w512_h512,,0.0,ang20191005t210402,/AVIRISNG/Permian2019/ang20191005t210402_r18176_c256_w512_h512,2019-10-05,2019-10-05 21:04:02+00:00,0,0,512,512,train,random,,False,"Window(col_off=0, row_off=0, width=512, height=512)"
ang20191005t210402_r14592_c256_w512_h512,,0.0,ang20191005t210402,/AVIRISNG/Permian2019/ang20191005t210402_r14592_c256_w512_h512,2019-10-05,2019-10-05 21:04:02+00:00,0,0,512,512,train,random,,False,"Window(col_off=0, row_off=0, width=512, height=512)"
ang20191005t210402_r13056_c0_w512_h512,,0.0,ang20191005t210402,/AVIRISNG/Permian2019/ang20191005t210402_r13056_c0_w512_h512,2019-10-05,2019-10-05 21:04:02+00:00,0,0,512,512,train,random,,False,"Window(col_off=0, row_off=0, width=512, height=512)"
ang20191005t215301_r14336_c0_w512_h512,,0.0,ang20191005t215301,/AVIRISNG/Permian2019/ang20191005t215301_r14336_c0_w512_h512,2019-10-05,2019-10-05 21:53:01+00:00,0,0,512,512,train,hard,,False,"Window(col_off=0, row_off=0, width=512, height=512)"
ang20191005t215301_r11520_c0_w512_h512,,0.0,ang20191005t215301,/AVIRISNG/Permian2019/ang20191005t215301_r11520_c0_w512_h512,2019-10-05,2019-10-05 21:53:01+00:00,0,0,512,512,train,hard,,False,"Window(col_off=0, row_off=0, width=512, height=512)"
ang20191005t215301_r19712_c256_w512_h512,,0.0,ang20191005t215301,/AVIRISNG/Permian2019/ang20191005t215301_r19712_c256_w512_h512,2019-10-05,2019-10-05 21:53:01+00:00,0,0,512,512,train,random,,False,"Window(col_off=0, row_off=0, width=512, height=512)"
ang20191005t215301_r12544_c0_w512_h512,,0.0,ang20191005t215301,/AVIRISNG/Permian2019/ang20191005t215301_r12544_c0_w512_h512,2019-10-05,2019-10-05 21:53:01+00:00,0,0,512,512,train,random,,False,"Window(col_off=0, row_off=0, width=512, height=512)"
ang20191005t215301_r17408_c256_w512_h512,,0.0,ang20191005t215301,/AVIRISNG/Permian2019/ang20191005t215301_r17408_c256_w512_h512,2019-10-05,2019-10-05 21:53:01+00:00,0,0,512,512,train,random,,False,"Window(col_off=0, row_off=0, width=512, height=512)"
ang20191005t221554_r0_c0_w512_h512,,0.0,ang20191005t221554,/AVIRISNG/Permian2019/ang20191005t221554_r0_c0_w512_h512,2019-10-05,2019-10-05 22:15:54+00:00,0,0,512,512,train,hard,,False,"Window(col_off=0, row_off=0, width=512, height=512)"
ang20191005t221554_r3840_c0_w512_h512,,0.0,ang20191005t221554,/AVIRISNG/Permian2019/ang20191005t221554_r3840_c0_w512_h512,2019-10-05,2019-10-05 22:15:54+00:00,0,0,512,512,train,random,,False,"Window(col_off=0, row_off=0, width=512, height=512)"
ang20191005t221554_r15616_c0_w512_h512,,0.0,ang20191005t221554,/AVIRISNG/Permian2019/ang20191005t221554_r15616_c0_w512_h512,2019-10-05,2019-10-05 22:15:54+00:00,0,0,512,512,train,random,,False,"Window(col_off=0, row_off=0, width=512, height=512)"
ang20191005t221554_r8704_c0_w512_h512,,0.0,ang20191005t221554,/AVIRISNG/Permian2019/ang20191005t221554_r8704_c0_w512_h512,2019-10-05,2019-10-05 22:15:54+00:00,0,0,512,512,train,random,,False,"Window(col_off=0, row_off=0, width=512, height=512)"
ang20191005t221554_r768_c0_w512_h512,,0.0,ang20191005t221554,/AVIRISNG/Permian2019/ang20191005t221554_r768_c0_w512_h512,2019-10-05,2019-10-05 22:15:54+00:00,0,0,512,512,train,random,,False,"Window(col_off=0, row_off=0, width=512, height=512)"
ang20191006t150453_r0_c256_w512_h512,,0.0,ang20191006t150453,/AVIRISNG/Permian2019/ang20191006t150453_r0_c256_w512_h512,2019-10-06,2019-10-06 15:04:53+00:00,0,0,512,512,train,hard,,False,"Window(col_off=0, row_off=0, width=512, height=512)"
ang20191006t150453_r512_c256_w512_h512,,0.0,ang20191006t150453,/AVIRISNG/Permian2019/ang20191006t150453_r512_c256_w512_h512,2019-10-06,2019-10-06 15:04:53+00:00,0,0,512,512,train,hard,,False,"Window(col_off=0, row_off=0, width=512, height=512)"
ang20191006t150453_r10240_c0_w512_h512,,0.0,ang20191006t150453,/AVIRISNG/Permian2019/ang20191006t150453_r10240_c0_w512_h512,2019-10-06,2019-10-06 15:04:53+00:00,0,0,512,512,train,random,,False,"Window(col_off=0, row_off=0, width=512, height=512)"
ang20191006t150453_r8704_c0_w512_h512,,0.0,ang20191006t150453,/AVIRISNG/Permian2019/ang20191006t150453_r8704_c0_w512_h512,2019-10-06,2019-10-06 15:04:53+00:00,0,0,512,512,train,random,,False,"Window(col_off=0, row_off=0, width=512, height=512)"
ang20191006t152009_r6400_c0_w512_h512,,0.0,ang20191006t152009,/AVIRISNG/Permian2019/ang20191006t152009_r6400_c0_w512_h512,2019-10-06,2019-10-06 15:20:09+00:00,0,0,512,512,train,hard,,False,"Window(col_off=0, row_off=0, width=512, height=512)"
ang20191006t152009_r5888_c0_w512_h512,,0.0,ang20191006t152009,/AVIRISNG/Permian2019/ang20191006t152009_r5888_c0_w512_h512,2019-10-06,2019-10-06 15:20:09+00:00,0,0,512,512,train,hard,,False,"Window(col_off=0, row_off=0, width=512, height=512)"
ang20191006t152009_r7936_c0_w512_h512,,0.0,ang20191006t152009,/AVIRISNG/Permian2019/ang20191006t152009_r7936_c0_w512_h512,2019-10-06,2019-10-06 15:20:09+00:00,0,0,512,512,train,hard,,False,"Window(col_off=0, row_off=0, width=512, height=512)"
ang20191006t152009_r11008_c0_w512_h512,,0.0,ang20191006t152009,/AVIRISNG/Permian2019/ang20191006t152009_r11008_c0_w512_h512,2019-10-06,2019-10-06 15:20:09+00:00,0,0,512,512,train,random,,False,"Window(col_off=0, row_off=0, width=512, height=512)"
ang20191006t152009_r3840_c0_w512_h512,,0.0,ang20191006t152009,/AVIRISNG/Permian2019/ang20191006t152009_r3840_c0_w512_h512,2019-10-06,2019-10-06 15:20:09+00:00,0,0,512,512,train,random,,False,"Window(col_off=0, row_off=0, width=512, height=512)"
ang20191006t152009_r4864_c0_w512_h512,,0.0,ang20191006t152009,/AVIRISNG/Permian2019/ang20191006t152009_r4864_c0_w512_h512,2019-10-06,2019-10-06 15:20:09+00:00,0,0,512,512,train,random,,False,"Window(col_off=0, row_off=0, width=512, height=512)"
ang20191006t152009_r9984_c0_w512_h512,,0.0,ang20191006t152009,/AVIRISNG/Permian2019/ang20191006t152009_r9984_c0_w512_h512,2019-10-06,2019-10-06 15:20:09+00:00,0,0,512,512,train,random,,False,"Window(col_off=0, row_off=0, width=512, height=512)"
ang20191006t153731_r1792_c256_w512_h512,,0.0,ang20191006t153731,/AVIRISNG/Permian2019/ang20191006t153731_r1792_c256_w512_h512,2019-10-06,2019-10-06 15:37:31+00:00,0,0,512,512,train,hard,,False,"Window(col_off=0, row_off=0, width=512, height=512)"
ang20191006t153731_r3584_c256_w512_h512,,0.0,ang20191006t153731,/AVIRISNG/Permian2019/ang20191006t153731_r3584_c256_w512_h512,2019-10-06,2019-10-06 15:37:31+00:00,0,0,512,512,train,hard,,False,"Window(col_off=0, row_off=0, width=512, height=512)"
ang20191006t153731_r8960_c0_w512_h512,,0.0,ang20191006t153731,/AVIRISNG/Permian2019/ang20191006t153731_r8960_c0_w512_h512,2019-10-06,2019-10-06 15:37:31+00:00,0,0,512,512,train,random,,False,"Window(col_off=0, row_off=0, width=512, height=512)"
ang20191006t153731_r0_c256_w512_h512,,0.0,ang20191006t153731,/AVIRISNG/Permian2019/ang20191006t153731_r0_c256_w512_h512,2019-10-06,2019-10-06 15:37:31+00:00,0,0,512,512,train,random,,False,"Window(col_off=0, row_off=0, width=512, height=512)"
ang20191006t155231_r6400_c256_w512_h512,,0.0,ang20191006t155231,/AVIRISNG/Permian2019/ang20191006t155231_r6400_c256_w512_h512,2019-10-06,2019-10-06 15:52:31+00:00,0,0,512,512,train,hard,,False,"Window(col_off=0, row_off=0, width=512, height=512)"
ang20191006t155231_r5888_c0_w512_h512,,0.0,ang20191006t155231,/AVIRISNG/Permian2019/ang20191006t155231_r5888_c0_w512_h512,2019-10-06,2019-10-06 15:52:31+00:00,0,0,512,512,train,hard,,False,"Window(col_off=0, row_off=0, width=512, height=512)"
ang20191006t155231_r11008_c0_w512_h512,,0.0,ang20191006t155231,/AVIRISNG/Permian2019/ang20191006t155231_r11008_c0_w512_h512,2019-10-06,2019-10-06 15:52:31+00:00,0,0,512,512,train,hard,,False,"Window(col_off=0, row_off=0, width=512, height=512)"
ang20191006t155231_r512_c0_w512_h512,,0.0,ang20191006t155231,/AVIRISNG/Permian2019/ang20191006t155231_r512_c0_w512_h512,2019-10-06,2019-10-06 15:52:31+00:00,0,0,512,512,train,random,,False,"Window(col_off=0, row_off=0, width=512, height=512)"
ang20191006t155231_r4096_c0_w512_h512,,0.0,ang20191006t155231,/AVIRISNG/Permian2019/ang20191006t155231_r4096_c0_w512_h512,2019-10-06,2019-10-06 15:52:31+00:00,0,0,512,512,train,random,,False,"Window(col_off=0, row_off=0, width=512, height=512)"
ang20191006t155231_r3584_c0_w512_h512,,0.0,ang20191006t155231,/AVIRISNG/Permian2019/ang20191006t155231_r3584_c0_w512_h512,2019-10-06,2019-10-06 15:52:31+00:00,0,0,512,512,train,random,,False,"Window(col_off=0, row_off=0, width=512, height=512)"
ang20191006t155231_r1792_c0_w512_h512,,0.0,ang20191006t155231,/AVIRISNG/Permian2019/ang20191006t155231_r1792_c0_w512_h512,2019-10-06,2019-10-06 15:52:31+00:00,0,0,512,512,train,random,,False,"Window(col_off=0, row_off=0, width=512, height=512)"
ang20191006t160931_r4864_c0_w512_h512,,0.0,ang20191006t160931,/AVIRISNG/Permian2019/ang20191006t160931_r4864_c0_w512_h512,2019-10-06,2019-10-06 16:09:31+00:00,0,0,512,512,train,hard,,False,"Window(col_off=0, row_off=0, width=512, height=512)"
ang20191006t160931_r256_c0_w512_h512,,0.0,ang20191006t160931,/AVIRISNG/Permian2019/ang20191006t160931_r256_c0_w512_h512,2019-10-06,2019-10-06 16:09:31+00:00,0,0,512,512,train,hard,,False,"Window(col_off=0, row_off=0, width=512, height=512)"
ang20191006t160931_r1280_c0_w512_h512,,0.0,ang20191006t160931,/AVIRISNG/Permian2019/ang20191006t160931_r1280_c0_w512_h512,2019-10-06,2019-10-06 16:09:31+00:00,0,0,512,512,train,random,,False,"Window(col_off=0, row_off=0, width=512, height=512)"
ang20191006t162415_r4096_c0_w512_h512,,0.0,ang20191006t162415,/AVIRISNG/Permian2019/ang20191006t162415_r4096_c0_w512_h512,2019-10-06,2019-10-06 16:24:15+00:00,0,0,512,512,train,hard,,False,"Window(col_off=0, row_off=0, width=512, height=512)"
ang20191006t162415_r4608_c0_w512_h512,,0.0,ang20191006t162415,/AVIRISNG/Permian2019/ang20191006t162415_r4608_c0_w512_h512,2019-10-06,2019-10-06 16:24:15+00:00,0,0,512,512,train,hard,,False,"Window(col_off=0, row_off=0, width=512, height=512)"
ang20191006t162415_r3584_c0_w512_h512,,0.0,ang20191006t162415,/AVIRISNG/Permian2019/ang20191006t162415_r3584_c0_w512_h512,2019-10-06,2019-10-06 16:24:15+00:00,0,0,512,512,train,hard,,False,"Window(col_off=0, row_off=0, width=512, height=512)"
ang20191006t162415_r9472_c256_w512_h512,,0.0,ang20191006t162415,/AVIRISNG/Permian2019/ang20191006t162415_r9472_c256_w512_h512,2019-10-06,2019-10-06 16:24:15+00:00,0,0,512,512,train,random,,False,"Window(col_off=0, row_off=0, width=512, height=512)"
ang20191006t162415_r512_c0_w512_h512,,0.0,ang20191006t162415,/AVIRISNG/Permian2019/ang20191006t162415_r512_c0_w512_h512,2019-10-06,2019-10-06 16:24:15+00:00,0,0,512,512,train,random,,False,"Window(col_off=0, row_off=0, width=512, height=512)"
ang20191006t162415_r10240_c0_w512_h512,,0.0,ang20191006t162415,/AVIRISNG/Permian2019/ang20191006t162415_r10240_c0_w512_h512,2019-10-06,2019-10-06 16:24:15+00:00,0,0,512,512,train,random,,False,"Window(col_off=0, row_off=0, width=512, height=512)"
ang20191006t164135_r4864_c0_w512_h512,,0.0,ang20191006t164135,/AVIRISNG/Permian2019/ang20191006t164135_r4864_c0_w512_h512,2019-10-06,2019-10-06 16:41:35+00:00,0,0,512,512,train,hard,,False,"Window(col_off=0, row_off=0, width=512, height=512)"
ang20191006t164135_r4352_c0_w512_h512,,0.0,ang20191006t164135,/AVIRISNG/Permian2019/ang20191006t164135_r4352_c0_w512_h512,2019-10-06,2019-10-06 16:41:35+00:00,0,0,512,512,train,hard,,False,"Window(col_off=0, row_off=0, width=512, height=512)"
ang20191006t164135_r6912_c0_w512_h512,,0.0,ang20191006t164135,/AVIRISNG/Permian2019/ang20191006t164135_r6912_c0_w512_h512,2019-10-06,2019-10-06 16:41:35+00:00,0,0,512,512,train,random,,False,"Window(col_off=0, row_off=0, width=512, height=512)"
ang20191006t164135_r8704_c0_w512_h512,,0.0,ang20191006t164135,/AVIRISNG/Permian2019/ang20191006t164135_r8704_c0_w512_h512,2019-10-06,2019-10-06 16:41:35+00:00,0,0,512,512,train,random,,False,"Window(col_off=0, row_off=0, width=512, height=512)"
ang20191006t164135_r8192_c0_w512_h512,,0.0,ang20191006t164135,/AVIRISNG/Permian2019/ang20191006t164135_r8192_c0_w512_h512,2019-10-06,2019-10-06 16:41:35+00:00,0,0,512,512,train,random,,False,"Window(col_off=0, row_off=0, width=512, height=512)"
ang20191006t164135_r7424_c0_w512_h512,,0.0,ang20191006t164135,/AVIRISNG/Permian2019/ang20191006t164135_r7424_c0_w512_h512,2019-10-06,2019-10-06 16:41:35+00:00,0,0,512,512,train,random,,False,"Window(col_off=0, row_off=0, width=512, height=512)"
ang20191006t165608_r5120_c0_w512_h512,,0.0,ang20191006t165608,/AVIRISNG/Permian2019/ang20191006t165608_r5120_c0_w512_h512,2019-10-06,2019-10-06 16:56:08+00:00,0,0,512,512,train,hard,,False,"Window(col_off=0, row_off=0, width=512, height=512)"
ang20191006t165608_r8960_c0_w512_h512,,0.0,ang20191006t165608,/AVIRISNG/Permian2019/ang20191006t165608_r8960_c0_w512_h512,2019-10-06,2019-10-06 16:56:08+00:00,0,0,512,512,train,hard,,False,"Window(col_off=0, row_off=0, width=512, height=512)"
ang20191006t165608_r6656_c256_w512_h512,,0.0,ang20191006t165608,/AVIRISNG/Permian2019/ang20191006t165608_r6656_c256_w512_h512,2019-10-06,2019-10-06 16:56:08+00:00,0,0,512,512,train,hard,,False,"Window(col_off=0, row_off=0, width=512, height=512)"
ang20191006t171344_r8704_c0_w512_h512,,0.0,ang20191006t171344,/AVIRISNG/Permian2019/ang20191006t171344_r8704_c0_w512_h512,2019-10-06,2019-10-06 17:13:44+00:00,0,0,512,512,train,hard,,False,"Window(col_off=0, row_off=0, width=512, height=512)"
ang20191006t171344_r3584_c256_w512_h512,,0.0,ang20191006t171344,/AVIRISNG/Permian2019/ang20191006t171344_r3584_c256_w512_h512,2019-10-06,2019-10-06 17:13:44+00:00,0,0,512,512,train,hard,,False,"Window(col_off=0, row_off=0, width=512, height=512)"
ang20191006t171344_r4096_c256_w512_h512,,0.0,ang20191006t171344,/AVIRISNG/Permian2019/ang20191006t171344_r4096_c256_w512_h512,2019-10-06,2019-10-06 17:13:44+00:00,0,0,512,512,train,hard,,False,"Window(col_off=0, row_off=0, width=512, height=512)"
ang20191006t171344_r9984_c0_w512_h512,,0.0,ang20191006t171344,/AVIRISNG/Permian2019/ang20191006t171344_r9984_c0_w512_h512,2019-10-06,2019-10-06 17:13:44+00:00,0,0,512,512,train,random,,False,"Window(col_off=0, row_off=0, width=512, height=512)"
ang20191006t171344_r10496_c0_w512_h512,,0.0,ang20191006t171344,/AVIRISNG/Permian2019/ang20191006t171344_r10496_c0_w512_h512,2019-10-06,2019-10-06 17:13:44+00:00,0,0,512,512,train,random,,False,"Window(col_off=0, row_off=0, width=512, height=512)"
ang20191006t172739_r11008_c0_w512_h512,,0.0,ang20191006t172739,/AVIRISNG/Permian2019/ang20191006t172739_r11008_c0_w512_h512,2019-10-06,2019-10-06 17:27:39+00:00,0,0,512,512,train,hard,,False,"Window(col_off=0, row_off=0, width=512, height=512)"
ang20191006t172739_r8192_c0_w512_h512,,0.0,ang20191006t172739,/AVIRISNG/Permian2019/ang20191006t172739_r8192_c0_w512_h512,2019-10-06,2019-10-06 17:27:39+00:00,0,0,512,512,train,hard,,False,"Window(col_off=0, row_off=0, width=512, height=512)"
ang20191006t172739_r4096_c0_w512_h512,,0.0,ang20191006t172739,/AVIRISNG/Permian2019/ang20191006t172739_r4096_c0_w512_h512,2019-10-06,2019-10-06 17:27:39+00:00,0,0,512,512,train,hard,,False,"Window(col_off=0, row_off=0, width=512, height=512)"
ang20191006t172739_r9216_c256_w512_h512,,0.0,ang20191006t172739,/AVIRISNG/Permian2019/ang20191006t172739_r9216_c256_w512_h512,2019-10-06,2019-10-06 17:27:39+00:00,0,0,512,512,train,random,,False,"Window(col_off=0, row_off=0, width=512, height=512)"
ang20191006t172739_r10496_c0_w512_h512,,0.0,ang20191006t172739,/AVIRISNG/Permian2019/ang20191006t172739_r10496_c0_w512_h512,2019-10-06,2019-10-06 17:27:39+00:00,0,0,512,512,train,random,,False,"Window(col_off=0, row_off=0, width=512, height=512)"
ang20191006t172739_r9728_c256_w512_h512,,0.0,ang20191006t172739,/AVIRISNG/Permian2019/ang20191006t172739_r9728_c256_w512_h512,2019-10-06,2019-10-06 17:27:39+00:00,0,0,512,512,train,random,,False,"Window(col_off=0, row_off=0, width=512, height=512)"
ang20191006t172739_r0_c0_w512_h512,,0.0,ang20191006t172739,/AVIRISNG/Permian2019/ang20191006t172739_r0_c0_w512_h512,2019-10-06,2019-10-06 17:27:39+00:00,0,0,512,512,train,random,,False,"Window(col_off=0, row_off=0, width=512, height=512)"
ang20191006t174505_r6144_c0_w512_h512,,0.0,ang20191006t174505,/AVIRISNG/Permian2019/ang20191006t174505_r6144_c0_w512_h512,2019-10-06,2019-10-06 17:45:05+00:00,0,0,512,512,train,hard,,False,"Window(col_off=0, row_off=0, width=512, height=512)"
ang20191006t174505_r8704_c0_w512_h512,,0.0,ang20191006t174505,/AVIRISNG/Permian2019/ang20191006t174505_r8704_c0_w512_h512,2019-10-06,2019-10-06 17:45:05+00:00,0,0,512,512,train,hard,,False,"Window(col_off=0, row_off=0, width=512, height=512)"
ang20191006t174505_r0_c0_w512_h512,,0.0,ang20191006t174505,/AVIRISNG/Permian2019/ang20191006t174505_r0_c0_w512_h512,2019-10-06,2019-10-06 17:45:05+00:00,0,0,512,512,train,hard,,False,"Window(col_off=0, row_off=0, width=512, height=512)"
ang20191006t174505_r9472_c0_w512_h512,,0.0,ang20191006t174505,/AVIRISNG/Permian2019/ang20191006t174505_r9472_c0_w512_h512,2019-10-06,2019-10-06 17:45:05+00:00,0,0,512,512,train,random,,False,"Window(col_off=0, row_off=0, width=512, height=512)"
ang20191006t174505_r10496_c0_w512_h512,,0.0,ang20191006t174505,/AVIRISNG/Permian2019/ang20191006t174505_r10496_c0_w512_h512,2019-10-06,2019-10-06 17:45:05+00:00,0,0,512,512,train,random,,False,"Window(col_off=0, row_off=0, width=512, height=512)"
ang20191006t174505_r1280_c0_w512_h512,,0.0,ang20191006t174505,/AVIRISNG/Permian2019/ang20191006t174505_r1280_c0_w512_h512,2019-10-06,2019-10-06 17:45:05+00:00,0,0,512,512,train,random,,False,"Window(col_off=0, row_off=0, width=512, height=512)"
ang20191006t180341_r5888_c0_w512_h512,,0.0,ang20191006t180341,/AVIRISNG/Permian2019/ang20191006t180341_r5888_c0_w512_h512,2019-10-06,2019-10-06 18:03:41+00:00,0,0,512,512,train,hard,,False,"Window(col_off=0, row_off=0, width=512, height=512)"
ang20191006t180341_r8448_c0_w512_h512,,0.0,ang20191006t180341,/AVIRISNG/Permian2019/ang20191006t180341_r8448_c0_w512_h512,2019-10-06,2019-10-06 18:03:41+00:00,0,0,512,512,train,hard,,False,"Window(col_off=0, row_off=0, width=512, height=512)"
ang20191006t180341_r6400_c256_w512_h512,,0.0,ang20191006t180341,/AVIRISNG/Permian2019/ang20191006t180341_r6400_c256_w512_h512,2019-10-06,2019-10-06 18:03:41+00:00,0,0,512,512,train,hard,,False,"Window(col_off=0, row_off=0, width=512, height=512)"
ang20191006t180341_r10496_c256_w512_h512,,0.0,ang20191006t180341,/AVIRISNG/Permian2019/ang20191006t180341_r10496_c256_w512_h512,2019-10-06,2019-10-06 18:03:41+00:00,0,0,512,512,train,random,,False,"Window(col_off=0, row_off=0, width=512, height=512)"
ang20191006t180341_r2560_c0_w512_h512,,0.0,ang20191006t180341,/AVIRISNG/Permian2019/ang20191006t180341_r2560_c0_w512_h512,2019-10-06,2019-10-06 18:03:41+00:00,0,0,512,512,train,random,,False,"Window(col_off=0, row_off=0, width=512, height=512)"
ang20191006t180341_r12032_c0_w512_h512,,0.0,ang20191006t180341,/AVIRISNG/Permian2019/ang20191006t180341_r12032_c0_w512_h512,2019-10-06,2019-10-06 18:03:41+00:00,0,0,512,512,train,random,,False,"Window(col_off=0, row_off=0, width=512, height=512)"
ang20191006t182329_r3328_c256_w512_h512,,0.0,ang20191006t182329,/AVIRISNG/Permian2019/ang20191006t182329_r3328_c256_w512_h512,2019-10-06,2019-10-06 18:23:29+00:00,0,0,512,512,train,hard,,False,"Window(col_off=0, row_off=0, width=512, height=512)"
ang20191006t182329_r8704_c256_w512_h512,,0.0,ang20191006t182329,/AVIRISNG/Permian2019/ang20191006t182329_r8704_c256_w512_h512,2019-10-06,2019-10-06 18:23:29+00:00,0,0,512,512,train,hard,,False,"Window(col_off=0, row_off=0, width=512, height=512)"
ang20191006t182329_r6400_c256_w512_h512,,0.0,ang20191006t182329,/AVIRISNG/Permian2019/ang20191006t182329_r6400_c256_w512_h512,2019-10-06,2019-10-06 18:23:29+00:00,0,0,512,512,train,hard,,False,"Window(col_off=0, row_off=0, width=512, height=512)"
ang20191006t182329_r8192_c256_w512_h512,,0.0,ang20191006t182329,/AVIRISNG/Permian2019/ang20191006t182329_r8192_c256_w512_h512,2019-10-06,2019-10-06 18:23:29+00:00,0,0,512,512,train,random,,False,"Window(col_off=0, row_off=0, width=512, height=512)"
ang20191006t182329_r11776_c512_w512_h512,,0.0,ang20191006t182329,/AVIRISNG/Permian2019/ang20191006t182329_r11776_c512_w512_h512,2019-10-06,2019-10-06 18:23:29+00:00,0,0,512,512,train,random,,False,"Window(col_off=0, row_off=0, width=512, height=512)"
ang20191006t182329_r2560_c256_w512_h512,,0.0,ang20191006t182329,/AVIRISNG/Permian2019/ang20191006t182329_r2560_c256_w512_h512,2019-10-06,2019-10-06 18:23:29+00:00,0,0,512,512,train,random,,False,"Window(col_off=0, row_off=0, width=512, height=512)"
ang20191006t183904_r6656_c0_w512_h512,,0.0,ang20191006t183904,/AVIRISNG/Permian2019/ang20191006t183904_r6656_c0_w512_h512,2019-10-06,2019-10-06 18:39:04+00:00,0,0,512,512,train,hard,,False,"Window(col_off=0, row_off=0, width=512, height=512)"
ang20191006t183904_r3584_c0_w512_h512,,0.0,ang20191006t183904,/AVIRISNG/Permian2019/ang20191006t183904_r3584_c0_w512_h512,2019-10-06,2019-10-06 18:39:04+00:00,0,0,512,512,train,hard,,False,"Window(col_off=0, row_off=0, width=512, height=512)"
ang20191006t183904_r2816_c0_w512_h512,,0.0,ang20191006t183904,/AVIRISNG/Permian2019/ang20191006t183904_r2816_c0_w512_h512,2019-10-06,2019-10-06 18:39:04+00:00,0,0,512,512,train,hard,,False,"Window(col_off=0, row_off=0, width=512, height=512)"
ang20191006t183904_r1280_c0_w512_h512,,0.0,ang20191006t183904,/AVIRISNG/Permian2019/ang20191006t183904_r1280_c0_w512_h512,2019-10-06,2019-10-06 18:39:04+00:00,0,0,512,512,train,random,,False,"Window(col_off=0, row_off=0, width=512, height=512)"
ang20191006t183904_r12288_c0_w512_h512,,0.0,ang20191006t183904,/AVIRISNG/Permian2019/ang20191006t183904_r12288_c0_w512_h512,2019-10-06,2019-10-06 18:39:04+00:00,0,0,512,512,train,random,,False,"Window(col_off=0, row_off=0, width=512, height=512)"
ang20191006t183904_r12800_c256_w512_h512,,0.0,ang20191006t183904,/AVIRISNG/Permian2019/ang20191006t183904_r12800_c256_w512_h512,2019-10-06,2019-10-06 18:39:04+00:00,0,0,512,512,train,random,,False,"Window(col_off=0, row_off=0, width=512, height=512)"
ang20191006t185838_r7424_c256_w512_h512,,0.0,ang20191006t185838,/AVIRISNG/Permian2019/ang20191006t185838_r7424_c256_w512_h512,2019-10-06,2019-10-06 18:58:38+00:00,0,0,512,512,train,hard,,False,"Window(col_off=0, row_off=0, width=512, height=512)"
ang20191006t185838_r4096_c0_w512_h512,,0.0,ang20191006t185838,/AVIRISNG/Permian2019/ang20191006t185838_r4096_c0_w512_h512,2019-10-06,2019-10-06 18:58:38+00:00,0,0,512,512,train,hard,,False,"Window(col_off=0, row_off=0, width=512, height=512)"
ang20191006t185838_r12288_c256_w512_h512,,0.0,ang20191006t185838,/AVIRISNG/Permian2019/ang20191006t185838_r12288_c256_w512_h512,2019-10-06,2019-10-06 18:58:38+00:00,0,0,512,512,train,random,,False,"Window(col_off=0, row_off=0, width=512, height=512)"
ang20191006t185838_r11520_c256_w512_h512,,0.0,ang20191006t185838,/AVIRISNG/Permian2019/ang20191006t185838_r11520_c256_w512_h512,2019-10-06,2019-10-06 18:58:38+00:00,0,0,512,512,train,random,,False,"Window(col_off=0, row_off=0, width=512, height=512)"
ang20191006t185838_r5376_c0_w512_h512,,0.0,ang20191006t185838,/AVIRISNG/Permian2019/ang20191006t185838_r5376_c0_w512_h512,2019-10-06,2019-10-06 18:58:38+00:00,0,0,512,512,train,random,,False,"Window(col_off=0, row_off=0, width=512, height=512)"
ang20191006t185838_r9984_c0_w512_h512,,0.0,ang20191006t185838,/AVIRISNG/Permian2019/ang20191006t185838_r9984_c0_w512_h512,2019-10-06,2019-10-06 18:58:38+00:00,0,0,512,512,train,random,,False,"Window(col_off=0, row_off=0, width=512, height=512)"
ang20191006t191332_r6144_c256_w512_h512,,0.0,ang20191006t191332,/AVIRISNG/Permian2019/ang20191006t191332_r6144_c256_w512_h512,2019-10-06,2019-10-06 19:13:32+00:00,0,0,512,512,train,hard,,False,"Window(col_off=0, row_off=0, width=512, height=512)"
ang20191006t191332_r7424_c0_w512_h512,,0.0,ang20191006t191332,/AVIRISNG/Permian2019/ang20191006t191332_r7424_c0_w512_h512,2019-10-06,2019-10-06 19:13:32+00:00,0,0,512,512,train,hard,,False,"Window(col_off=0, row_off=0, width=512, height=512)"
ang20191006t191332_r9472_c0_w512_h512,,0.0,ang20191006t191332,/AVIRISNG/Permian2019/ang20191006t191332_r9472_c0_w512_h512,2019-10-06,2019-10-06 19:13:32+00:00,0,0,512,512,train,random,,False,"Window(col_off=0, row_off=0, width=512, height=512)"
ang20191006t191332_r1280_c0_w512_h512,,0.0,ang20191006t191332,/AVIRISNG/Permian2019/ang20191006t191332_r1280_c0_w512_h512,2019-10-06,2019-10-06 19:13:32+00:00,0,0,512,512,train,random,,False,"Window(col_off=0, row_off=0, width=512, height=512)"
ang20191007t175016_r2816_c0_w512_h512,,0.0,ang20191007t175016,/AVIRISNG/Permian2019/ang20191007t175016_r2816_c0_w512_h512,2019-10-07,2019-10-07 17:50:16+00:00,0,0,512,512,train,hard,,False,"Window(col_off=0, row_off=0, width=512, height=512)"
ang20191007t175016_r3328_c0_w512_h512,,0.0,ang20191007t175016,/AVIRISNG/Permian2019/ang20191007t175016_r3328_c0_w512_h512,2019-10-07,2019-10-07 17:50:16+00:00,0,0,512,512,train,hard,,False,"Window(col_off=0, row_off=0, width=512, height=512)"
ang20191007t175016_r0_c0_w512_h512,,0.0,ang20191007t175016,/AVIRISNG/Permian2019/ang20191007t175016_r0_c0_w512_h512,2019-10-07,2019-10-07 17:50:16+00:00,0,0,512,512,train,hard,,False,"Window(col_off=0, row_off=0, width=512, height=512)"
ang20191007t175016_r9728_c0_w512_h512,,0.0,ang20191007t175016,/AVIRISNG/Permian2019/ang20191007t175016_r9728_c0_w512_h512,2019-10-07,2019-10-07 17:50:16+00:00,0,0,512,512,train,random,,False,"Window(col_off=0, row_off=0, width=512, height=512)"
ang20191007t175016_r3840_c0_w512_h512,,0.0,ang20191007t175016,/AVIRISNG/Permian2019/ang20191007t175016_r3840_c0_w512_h512,2019-10-07,2019-10-07 17:50:16+00:00,0,0,512,512,train,random,,False,"Window(col_off=0, row_off=0, width=512, height=512)"
ang20191007t180411_r8704_c0_w512_h512,,0.0,ang20191007t180411,/AVIRISNG/Permian2019/ang20191007t180411_r8704_c0_w512_h512,2019-10-07,2019-10-07 18:04:11+00:00,0,0,512,512,train,hard,,False,"Window(col_off=0, row_off=0, width=512, height=512)"
ang20191007t180411_r9216_c0_w512_h512,,0.0,ang20191007t180411,/AVIRISNG/Permian2019/ang20191007t180411_r9216_c0_w512_h512,2019-10-07,2019-10-07 18:04:11+00:00,0,0,512,512,train,hard,,False,"Window(col_off=0, row_off=0, width=512, height=512)"
ang20191007t180411_r6400_c0_w512_h512,,0.0,ang20191007t180411,/AVIRISNG/Permian2019/ang20191007t180411_r6400_c0_w512_h512,2019-10-07,2019-10-07 18:04:11+00:00,0,0,512,512,train,random,,False,"Window(col_off=0, row_off=0, width=512, height=512)"
ang20191007t180411_r1792_c0_w512_h512,,0.0,ang20191007t180411,/AVIRISNG/Permian2019/ang20191007t180411_r1792_c0_w512_h512,2019-10-07,2019-10-07 18:04:11+00:00,0,0,512,512,train,random,,False,"Window(col_off=0, row_off=0, width=512, height=512)"
ang20191007t180411_r2304_c0_w512_h512,,0.0,ang20191007t180411,/AVIRISNG/Permian2019/ang20191007t180411_r2304_c0_w512_h512,2019-10-07,2019-10-07 18:04:11+00:00,0,0,512,512,train,random,,False,"Window(col_off=0, row_off=0, width=512, height=512)"
ang20191007t182352_r0_c0_w512_h512,,0.0,ang20191007t182352,/AVIRISNG/Permian2019/ang20191007t182352_r0_c0_w512_h512,2019-10-07,2019-10-07 18:23:52+00:00,0,0,512,512,train,hard,,False,"Window(col_off=0, row_off=0, width=512, height=512)"
ang20191007t182352_r11008_c0_w512_h512,,0.0,ang20191007t182352,/AVIRISNG/Permian2019/ang20191007t182352_r11008_c0_w512_h512,2019-10-07,2019-10-07 18:23:52+00:00,0,0,512,512,train,hard,,False,"Window(col_off=0, row_off=0, width=512, height=512)"
ang20191007t182352_r1536_c0_w512_h512,,0.0,ang20191007t182352,/AVIRISNG/Permian2019/ang20191007t182352_r1536_c0_w512_h512,2019-10-07,2019-10-07 18:23:52+00:00,0,0,512,512,train,hard,,False,"Window(col_off=0, row_off=0, width=512, height=512)"
ang20191007t182352_r9472_c256_w512_h512,,0.0,ang20191007t182352,/AVIRISNG/Permian2019/ang20191007t182352_r9472_c256_w512_h512,2019-10-07,2019-10-07 18:23:52+00:00,0,0,512,512,train,random,,False,"Window(col_off=0, row_off=0, width=512, height=512)"
ang20191007t182352_r8960_c256_w512_h512,,0.0,ang20191007t182352,/AVIRISNG/Permian2019/ang20191007t182352_r8960_c256_w512_h512,2019-10-07,2019-10-07 18:23:52+00:00,0,0,512,512,train,random,,False,"Window(col_off=0, row_off=0, width=512, height=512)"
ang20191007t182352_r10496_c256_w512_h512,,0.0,ang20191007t182352,/AVIRISNG/Permian2019/ang20191007t182352_r10496_c256_w512_h512,2019-10-07,2019-10-07 18:23:52+00:00,0,0,512,512,train,random,,False,"Window(col_off=0, row_off=0, width=512, height=512)"
ang20191007t184008_r256_c0_w512_h512,,0.0,ang20191007t184008,/AVIRISNG/Permian2019/ang20191007t184008_r256_c0_w512_h512,2019-10-07,2019-10-07 18:40:08+00:00,0,0,512,512,train,hard,,False,"Window(col_off=0, row_off=0, width=512, height=512)"
ang20191007t184008_r11264_c256_w512_h512,,0.0,ang20191007t184008,/AVIRISNG/Permian2019/ang20191007t184008_r11264_c256_w512_h512,2019-10-07,2019-10-07 18:40:08+00:00,0,0,512,512,train,hard,,False,"Window(col_off=0, row_off=0, width=512, height=512)"
ang20191007t184008_r1536_c0_w512_h512,,0.0,ang20191007t184008,/AVIRISNG/Permian2019/ang20191007t184008_r1536_c0_w512_h512,2019-10-07,2019-10-07 18:40:08+00:00,0,0,512,512,train,hard,,False,"Window(col_off=0, row_off=0, width=512, height=512)"
ang20191007t184008_r7936_c0_w512_h512,,0.0,ang20191007t184008,/AVIRISNG/Permian2019/ang20191007t184008_r7936_c0_w512_h512,2019-10-07,2019-10-07 18:40:08+00:00,0,0,512,512,train,random,,False,"Window(col_off=0, row_off=0, width=512, height=512)"
ang20191007t184008_r6144_c256_w512_h512,,0.0,ang20191007t184008,/AVIRISNG/Permian2019/ang20191007t184008_r6144_c256_w512_h512,2019-10-07,2019-10-07 18:40:08+00:00,0,0,512,512,train,random,,False,"Window(col_off=0, row_off=0, width=512, height=512)"
ang20191007t184008_r9216_c0_w512_h512,,0.0,ang20191007t184008,/AVIRISNG/Permian2019/ang20191007t184008_r9216_c0_w512_h512,2019-10-07,2019-10-07 18:40:08+00:00,0,0,512,512,train,random,,False,"Window(col_off=0, row_off=0, width=512, height=512)"
ang20191007t184008_r10752_c256_w512_h512,,0.0,ang20191007t184008,/AVIRISNG/Permian2019/ang20191007t184008_r10752_c256_w512_h512,2019-10-07,2019-10-07 18:40:08+00:00,0,0,512,512,train,random,,False,"Window(col_off=0, row_off=0, width=512, height=512)"
ang20191007t185303_r768_c0_w512_h512,,0.0,ang20191007t185303,/AVIRISNG/Permian2019/ang20191007t185303_r768_c0_w512_h512,2019-10-07,2019-10-07 18:53:03+00:00,0,0,512,512,train,hard,,False,"Window(col_off=0, row_off=0, width=512, height=512)"
ang20191007t185303_r11264_c0_w512_h512,,0.0,ang20191007t185303,/AVIRISNG/Permian2019/ang20191007t185303_r11264_c0_w512_h512,2019-10-07,2019-10-07 18:53:03+00:00,0,0,512,512,train,hard,,False,"Window(col_off=0, row_off=0, width=512, height=512)"
ang20191007t185303_r9984_c0_w512_h512,,0.0,ang20191007t185303,/AVIRISNG/Permian2019/ang20191007t185303_r9984_c0_w512_h512,2019-10-07,2019-10-07 18:53:03+00:00,0,0,512,512,train,random,,False,"Window(col_off=0, row_off=0, width=512, height=512)"
ang20191007t185303_r7424_c0_w512_h512,,0.0,ang20191007t185303,/AVIRISNG/Permian2019/ang20191007t185303_r7424_c0_w512_h512,2019-10-07,2019-10-07 18:53:03+00:00,0,0,512,512,train,random,,False,"Window(col_off=0, row_off=0, width=512, height=512)"
ang20191007t185303_r6912_c256_w512_h512,,0.0,ang20191007t185303,/AVIRISNG/Permian2019/ang20191007t185303_r6912_c256_w512_h512,2019-10-07,2019-10-07 18:53:03+00:00,0,0,512,512,train,random,,False,"Window(col_off=0, row_off=0, width=512, height=512)"
ang20191007t190840_r0_c0_w512_h512,,0.0,ang20191007t190840,/AVIRISNG/Permian2019/ang20191007t190840_r0_c0_w512_h512,2019-10-07,2019-10-07 19:08:40+00:00,0,0,512,512,train,hard,,False,"Window(col_off=0, row_off=0, width=512, height=512)"
ang20191007t190840_r9472_c0_w512_h512,,0.0,ang20191007t190840,/AVIRISNG/Permian2019/ang20191007t190840_r9472_c0_w512_h512,2019-10-07,2019-10-07 19:08:40+00:00,0,0,512,512,train,random,,False,"Window(col_off=0, row_off=0, width=512, height=512)"
ang20191007t190840_r3840_c0_w512_h512,,0.0,ang20191007t190840,/AVIRISNG/Permian2019/ang20191007t190840_r3840_c0_w512_h512,2019-10-07,2019-10-07 19:08:40+00:00,0,0,512,512,train,random,,False,"Window(col_off=0, row_off=0, width=512, height=512)"
ang20191007t190840_r3328_c256_w512_h512,,0.0,ang20191007t190840,/AVIRISNG/Permian2019/ang20191007t190840_r3328_c256_w512_h512,2019-10-07,2019-10-07 19:08:40+00:00,0,0,512,512,train,random,,False,"Window(col_off=0, row_off=0, width=512, height=512)"
ang20191007t190840_r2304_c0_w512_h512,,0.0,ang20191007t190840,/AVIRISNG/Permian2019/ang20191007t190840_r2304_c0_w512_h512,2019-10-07,2019-10-07 19:08:40+00:00,0,0,512,512,train,random,,False,"Window(col_off=0, row_off=0, width=512, height=512)"
ang20191007t193705_r512_c0_w512_h512,,0.0,ang20191007t193705,/AVIRISNG/Permian2019/ang20191007t193705_r512_c0_w512_h512,2019-10-07,2019-10-07 19:37:05+00:00,0,0,512,512,train,hard,,False,"Window(col_off=0, row_off=0, width=512, height=512)"
ang20191007t193705_r10752_c256_w512_h512,,0.0,ang20191007t193705,/AVIRISNG/Permian2019/ang20191007t193705_r10752_c256_w512_h512,2019-10-07,2019-10-07 19:37:05+00:00,0,0,512,512,train,hard,,False,"Window(col_off=0, row_off=0, width=512, height=512)"
ang20191007t193705_r3328_c0_w512_h512,,0.0,ang20191007t193705,/AVIRISNG/Permian2019/ang20191007t193705_r3328_c0_w512_h512,2019-10-07,2019-10-07 19:37:05+00:00,0,0,512,512,train,hard,,False,"Window(col_off=0, row_off=0, width=512, height=512)"
ang20191007t193705_r8960_c256_w512_h512,,0.0,ang20191007t193705,/AVIRISNG/Permian2019/ang20191007t193705_r8960_c256_w512_h512,2019-10-07,2019-10-07 19:37:05+00:00,0,0,512,512,train,random,,False,"Window(col_off=0, row_off=0, width=512, height=512)"
ang20191007t193705_r8448_c0_w512_h512,,0.0,ang20191007t193705,/AVIRISNG/Permian2019/ang20191007t193705_r8448_c0_w512_h512,2019-10-07,2019-10-07 19:37:05+00:00,0,0,512,512,train,random,,False,"Window(col_off=0, row_off=0, width=512, height=512)"
ang20191007t195115_r0_c0_w512_h512,,0.0,ang20191007t195115,/AVIRISNG/Permian2019/ang20191007t195115_r0_c0_w512_h512,2019-10-07,2019-10-07 19:51:15+00:00,0,0,512,512,train,hard,,False,"Window(col_off=0, row_off=0, width=512, height=512)"
ang20191007t195115_r6144_c256_w512_h512,,0.0,ang20191007t195115,/AVIRISNG/Permian2019/ang20191007t195115_r6144_c256_w512_h512,2019-10-07,2019-10-07 19:51:15+00:00,0,0,512,512,train,hard,,False,"Window(col_off=0, row_off=0, width=512, height=512)"
ang20191007t195115_r2816_c0_w512_h512,,0.0,ang20191007t195115,/AVIRISNG/Permian2019/ang20191007t195115_r2816_c0_w512_h512,2019-10-07,2019-10-07 19:51:15+00:00,0,0,512,512,train,hard,,False,"Window(col_off=0, row_off=0, width=512, height=512)"
ang20191007t195115_r9216_c0_w512_h512,,0.0,ang20191007t195115,/AVIRISNG/Permian2019/ang20191007t195115_r9216_c0_w512_h512,2019-10-07,2019-10-07 19:51:15+00:00,0,0,512,512,train,random,,False,"Window(col_off=0, row_off=0, width=512, height=512)"
ang20191007t195115_r6656_c0_w512_h512,,0.0,ang20191007t195115,/AVIRISNG/Permian2019/ang20191007t195115_r6656_c0_w512_h512,2019-10-07,2019-10-07 19:51:15+00:00,0,0,512,512,train,random,,False,"Window(col_off=0, row_off=0, width=512, height=512)"
ang20191007t195115_r4608_c0_w512_h512,,0.0,ang20191007t195115,/AVIRISNG/Permian2019/ang20191007t195115_r4608_c0_w512_h512,2019-10-07,2019-10-07 19:51:15+00:00,0,0,512,512,train,random,,False,"Window(col_off=0, row_off=0, width=512, height=512)"
ang20191007t200647_r11264_c256_w512_h512,,0.0,ang20191007t200647,/AVIRISNG/Permian2019/ang20191007t200647_r11264_c256_w512_h512,2019-10-07,2019-10-07 20:06:47+00:00,0,0,512,512,train,hard,,False,"Window(col_off=0, row_off=0, width=512, height=512)"
ang20191007t200647_r2560_c0_w512_h512,,0.0,ang20191007t200647,/AVIRISNG/Permian2019/ang20191007t200647_r2560_c0_w512_h512,2019-10-07,2019-10-07 20:06:47+00:00,0,0,512,512,train,hard,,False,"Window(col_off=0, row_off=0, width=512, height=512)"
ang20191007t200647_r9472_c0_w512_h512,,0.0,ang20191007t200647,/AVIRISNG/Permian2019/ang20191007t200647_r9472_c0_w512_h512,2019-10-07,2019-10-07 20:06:47+00:00,0,0,512,512,train,hard,,False,"Window(col_off=0, row_off=0, width=512, height=512)"
ang20191007t200647_r7680_c256_w512_h512,,0.0,ang20191007t200647,/AVIRISNG/Permian2019/ang20191007t200647_r7680_c256_w512_h512,2019-10-07,2019-10-07 20:06:47+00:00,0,0,512,512,train,random,,False,"Window(col_off=0, row_off=0, width=512, height=512)"
ang20191007t200647_r3072_c0_w512_h512,,0.0,ang20191007t200647,/AVIRISNG/Permian2019/ang20191007t200647_r3072_c0_w512_h512,2019-10-07,2019-10-07 20:06:47+00:00,0,0,512,512,train,random,,False,"Window(col_off=0, row_off=0, width=512, height=512)"
ang20191007t200647_r8960_c256_w512_h512,,0.0,ang20191007t200647,/AVIRISNG/Permian2019/ang20191007t200647_r8960_c256_w512_h512,2019-10-07,2019-10-07 20:06:47+00:00,0,0,512,512,train,random,,False,"Window(col_off=0, row_off=0, width=512, height=512)"
ang20191007t201917_r0_c1536_w512_h512,,0.0,ang20191007t201917,/AVIRISNG/Permian2019/ang20191007t201917_r0_c1536_w512_h512,2019-10-07,2019-10-07 20:19:17+00:00,0,0,512,512,train,hard,,False,"Window(col_off=0, row_off=0, width=512, height=512)"
ang20191007t201917_r2560_c1536_w512_h512,,0.0,ang20191007t201917,/AVIRISNG/Permian2019/ang20191007t201917_r2560_c1536_w512_h512,2019-10-07,2019-10-07 20:19:17+00:00,0,0,512,512,train,hard,,False,"Window(col_off=0, row_off=0, width=512, height=512)"
ang20191007t201917_r7424_c1536_w512_h512,,0.0,ang20191007t201917,/AVIRISNG/Permian2019/ang20191007t201917_r7424_c1536_w512_h512,2019-10-07,2019-10-07 20:19:17+00:00,0,0,512,512,train,random,,False,"Window(col_off=0, row_off=0, width=512, height=512)"
ang20191007t201917_r7936_c1536_w512_h512,,0.0,ang20191007t201917,/AVIRISNG/Permian2019/ang20191007t201917_r7936_c1536_w512_h512,2019-10-07,2019-10-07 20:19:17+00:00,0,0,512,512,train,random,,False,"Window(col_off=0, row_off=0, width=512, height=512)"
ang20191007t201917_r2048_c1536_w512_h512,,0.0,ang20191007t201917,/AVIRISNG/Permian2019/ang20191007t201917_r2048_c1536_w512_h512,2019-10-07,2019-10-07 20:19:17+00:00,0,0,512,512,train,random,,False,"Window(col_off=0, row_off=0, width=512, height=512)"
ang20191007t201917_r1280_c1536_w512_h512,,0.0,ang20191007t201917,/AVIRISNG/Permian2019/ang20191007t201917_r1280_c1536_w512_h512,2019-10-07,2019-10-07 20:19:17+00:00,0,0,512,512,train,random,,False,"Window(col_off=0, row_off=0, width=512, height=512)"
ang20191008t151045_r2048_c0_w512_h512,,0.0,ang20191008t151045,/AVIRISNG/Permian2019/ang20191008t151045_r2048_c0_w512_h512,2019-10-08,2019-10-08 15:10:45+00:00,0,0,512,512,train,hard,,False,"Window(col_off=0, row_off=0, width=512, height=512)"
ang20191008t151045_r5888_c0_w512_h512,,0.0,ang20191008t151045,/AVIRISNG/Permian2019/ang20191008t151045_r5888_c0_w512_h512,2019-10-08,2019-10-08 15:10:45+00:00,0,0,512,512,train,hard,,False,"Window(col_off=0, row_off=0, width=512, height=512)"
ang20191008t151045_r12544_c256_w512_h512,,0.0,ang20191008t151045,/AVIRISNG/Permian2019/ang20191008t151045_r12544_c256_w512_h512,2019-10-08,2019-10-08 15:10:45+00:00,0,0,512,512,train,random,,False,"Window(col_off=0, row_off=0, width=512, height=512)"
ang20191008t151045_r15104_c0_w512_h512,,0.0,ang20191008t151045,/AVIRISNG/Permian2019/ang20191008t151045_r15104_c0_w512_h512,2019-10-08,2019-10-08 15:10:45+00:00,0,0,512,512,train,random,,False,"Window(col_off=0, row_off=0, width=512, height=512)"
ang20191008t151045_r16896_c256_w512_h512,,0.0,ang20191008t151045,/AVIRISNG/Permian2019/ang20191008t151045_r16896_c256_w512_h512,2019-10-08,2019-10-08 15:10:45+00:00,0,0,512,512,train,random,,False,"Window(col_off=0, row_off=0, width=512, height=512)"
ang20191008t151045_r0_c0_w512_h512,,0.0,ang20191008t151045,/AVIRISNG/Permian2019/ang20191008t151045_r0_c0_w512_h512,2019-10-08,2019-10-08 15:10:45+00:00,0,0,512,512,train,random,,False,"Window(col_off=0, row_off=0, width=512, height=512)"
ang20191008t153517_r18176_c0_w512_h512,,0.0,ang20191008t153517,/AVIRISNG/Permian2019/ang20191008t153517_r18176_c0_w512_h512,2019-10-08,2019-10-08 15:35:17+00:00,0,0,512,512,train,hard,,False,"Window(col_off=0, row_off=0, width=512, height=512)"
ang20191008t153517_r16896_c0_w512_h512,,0.0,ang20191008t153517,/AVIRISNG/Permian2019/ang20191008t153517_r16896_c0_w512_h512,2019-10-08,2019-10-08 15:35:17+00:00,0,0,512,512,train,hard,,False,"Window(col_off=0, row_off=0, width=512, height=512)"
ang20191008t153517_r20224_c0_w512_h512,,0.0,ang20191008t153517,/AVIRISNG/Permian2019/ang20191008t153517_r20224_c0_w512_h512,2019-10-08,2019-10-08 15:35:17+00:00,0,0,512,512,train,hard,,False,"Window(col_off=0, row_off=0, width=512, height=512)"
ang20191008t153517_r15616_c256_w512_h512,,0.0,ang20191008t153517,/AVIRISNG/Permian2019/ang20191008t153517_r15616_c256_w512_h512,2019-10-08,2019-10-08 15:35:17+00:00,0,0,512,512,train,random,,False,"Window(col_off=0, row_off=0, width=512, height=512)"
ang20191008t153517_r13312_c0_w512_h512,,0.0,ang20191008t153517,/AVIRISNG/Permian2019/ang20191008t153517_r13312_c0_w512_h512,2019-10-08,2019-10-08 15:35:17+00:00,0,0,512,512,train,random,,False,"Window(col_off=0, row_off=0, width=512, height=512)"
ang20191008t160209_r1024_c0_w512_h512,,0.0,ang20191008t160209,/AVIRISNG/Permian2019/ang20191008t160209_r1024_c0_w512_h512,2019-10-08,2019-10-08 16:02:09+00:00,0,0,512,512,train,hard,,False,"Window(col_off=0, row_off=0, width=512, height=512)"
ang20191008t160209_r4352_c0_w512_h512,,0.0,ang20191008t160209,/AVIRISNG/Permian2019/ang20191008t160209_r4352_c0_w512_h512,2019-10-08,2019-10-08 16:02:09+00:00,0,0,512,512,train,hard,,False,"Window(col_off=0, row_off=0, width=512, height=512)"
ang20191008t160209_r2048_c0_w512_h512,,0.0,ang20191008t160209,/AVIRISNG/Permian2019/ang20191008t160209_r2048_c0_w512_h512,2019-10-08,2019-10-08 16:02:09+00:00,0,0,512,512,train,hard,,False,"Window(col_off=0, row_off=0, width=512, height=512)"
ang20191008t160209_r11008_c256_w512_h512,,0.0,ang20191008t160209,/AVIRISNG/Permian2019/ang20191008t160209_r11008_c256_w512_h512,2019-10-08,2019-10-08 16:02:09+00:00,0,0,512,512,train,random,,False,"Window(col_off=0, row_off=0, width=512, height=512)"
ang20191008t160209_r17664_c0_w512_h512,,0.0,ang20191008t160209,/AVIRISNG/Permian2019/ang20191008t160209_r17664_c0_w512_h512,2019-10-08,2019-10-08 16:02:09+00:00,0,0,512,512,train,random,,False,"Window(col_off=0, row_off=0, width=512, height=512)"
ang20191008t160209_r14848_c0_w512_h512,,0.0,ang20191008t160209,/AVIRISNG/Permian2019/ang20191008t160209_r14848_c0_w512_h512,2019-10-08,2019-10-08 16:02:09+00:00,0,0,512,512,train,random,,False,"Window(col_off=0, row_off=0, width=512, height=512)"
ang20191008t160209_r3072_c0_w512_h512,,0.0,ang20191008t160209,/AVIRISNG/Permian2019/ang20191008t160209_r3072_c0_w512_h512,2019-10-08,2019-10-08 16:02:09+00:00,0,0,512,512,train,random,,False,"Window(col_off=0, row_off=0, width=512, height=512)"
ang20191008t165855_r15360_c256_w512_h512,,0.0,ang20191008t165855,/AVIRISNG/Permian2019/ang20191008t165855_r15360_c256_w512_h512,2019-10-08,2019-10-08 16:58:55+00:00,0,0,512,512,train,hard,,False,"Window(col_off=0, row_off=0, width=512, height=512)"
ang20191008t165855_r15872_c256_w512_h512,,0.0,ang20191008t165855,/AVIRISNG/Permian2019/ang20191008t165855_r15872_c256_w512_h512,2019-10-08,2019-10-08 16:58:55+00:00,0,0,512,512,train,hard,,False,"Window(col_off=0, row_off=0, width=512, height=512)"
ang20191008t165855_r1536_c0_w512_h512,,0.0,ang20191008t165855,/AVIRISNG/Permian2019/ang20191008t165855_r1536_c0_w512_h512,2019-10-08,2019-10-08 16:58:55+00:00,0,0,512,512,train,hard,,False,"Window(col_off=0, row_off=0, width=512, height=512)"
ang20191008t165855_r19200_c0_w512_h512,,0.0,ang20191008t165855,/AVIRISNG/Permian2019/ang20191008t165855_r19200_c0_w512_h512,2019-10-08,2019-10-08 16:58:55+00:00,0,0,512,512,train,random,,False,"Window(col_off=0, row_off=0, width=512, height=512)"
ang20191008t165855_r17664_c0_w512_h512,,0.0,ang20191008t165855,/AVIRISNG/Permian2019/ang20191008t165855_r17664_c0_w512_h512,2019-10-08,2019-10-08 16:58:55+00:00,0,0,512,512,train,random,,False,"Window(col_off=0, row_off=0, width=512, height=512)"
ang20191008t165855_r14080_c0_w512_h512,,0.0,ang20191008t165855,/AVIRISNG/Permian2019/ang20191008t165855_r14080_c0_w512_h512,2019-10-08,2019-10-08 16:58:55+00:00,0,0,512,512,train,random,,False,"Window(col_off=0, row_off=0, width=512, height=512)"
ang20191008t165855_r12032_c256_w512_h512,,0.0,ang20191008t165855,/AVIRISNG/Permian2019/ang20191008t165855_r12032_c256_w512_h512,2019-10-08,2019-10-08 16:58:55+00:00,0,0,512,512,train,random,,False,"Window(col_off=0, row_off=0, width=512, height=512)"
ang20191008t172458_r1536_c0_w512_h512,,0.0,ang20191008t172458,/AVIRISNG/Permian2019/ang20191008t172458_r1536_c0_w512_h512,2019-10-08,2019-10-08 17:24:58+00:00,0,0,512,512,train,hard,,False,"Window(col_off=0, row_off=0, width=512, height=512)"
ang20191008t172458_r768_c0_w512_h512,,0.0,ang20191008t172458,/AVIRISNG/Permian2019/ang20191008t172458_r768_c0_w512_h512,2019-10-08,2019-10-08 17:24:58+00:00,0,0,512,512,train,hard,,False,"Window(col_off=0, row_off=0, width=512, height=512)"
ang20191008t172458_r3840_c0_w512_h512,,0.0,ang20191008t172458,/AVIRISNG/Permian2019/ang20191008t172458_r3840_c0_w512_h512,2019-10-08,2019-10-08 17:24:58+00:00,0,0,512,512,train,hard,,False,"Window(col_off=0, row_off=0, width=512, height=512)"
ang20191008t172458_r16640_c0_w512_h512,,0.0,ang20191008t172458,/AVIRISNG/Permian2019/ang20191008t172458_r16640_c0_w512_h512,2019-10-08,2019-10-08 17:24:58+00:00,0,0,512,512,train,random,,False,"Window(col_off=0, row_off=0, width=512, height=512)"
ang20191008t172458_r11264_c0_w512_h512,,0.0,ang20191008t172458,/AVIRISNG/Permian2019/ang20191008t172458_r11264_c0_w512_h512,2019-10-08,2019-10-08 17:24:58+00:00,0,0,512,512,train,random,,False,"Window(col_off=0, row_off=0, width=512, height=512)"
ang20191008t172458_r19456_c256_w512_h512,,0.0,ang20191008t172458,/AVIRISNG/Permian2019/ang20191008t172458_r19456_c256_w512_h512,2019-10-08,2019-10-08 17:24:58+00:00,0,0,512,512,train,random,,False,"Window(col_off=0, row_off=0, width=512, height=512)"
ang20191008t172458_r13312_c0_w512_h512,,0.0,ang20191008t172458,/AVIRISNG/Permian2019/ang20191008t172458_r13312_c0_w512_h512,2019-10-08,2019-10-08 17:24:58+00:00,0,0,512,512,train,random,,False,"Window(col_off=0, row_off=0, width=512, height=512)"
ang20191008t182150_r13312_c256_w512_h512,,0.0,ang20191008t182150,/AVIRISNG/Permian2019/ang20191008t182150_r13312_c256_w512_h512,2019-10-08,2019-10-08 18:21:50+00:00,0,0,512,512,train,hard,,False,"Window(col_off=0, row_off=0, width=512, height=512)"
ang20191008t182150_r7424_c256_w512_h512,,0.0,ang20191008t182150,/AVIRISNG/Permian2019/ang20191008t182150_r7424_c256_w512_h512,2019-10-08,2019-10-08 18:21:50+00:00,0,0,512,512,train,hard,,False,"Window(col_off=0, row_off=0, width=512, height=512)"
ang20191008t182150_r12800_c256_w512_h512,,0.0,ang20191008t182150,/AVIRISNG/Permian2019/ang20191008t182150_r12800_c256_w512_h512,2019-10-08,2019-10-08 18:21:50+00:00,0,0,512,512,train,hard,,False,"Window(col_off=0, row_off=0, width=512, height=512)"
ang20191008t182150_r7936_c256_w512_h512,,0.0,ang20191008t182150,/AVIRISNG/Permian2019/ang20191008t182150_r7936_c256_w512_h512,2019-10-08,2019-10-08 18:21:50+00:00,0,0,512,512,train,random,,False,"Window(col_off=0, row_off=0, width=512, height=512)"
ang20191008t182150_r1792_c256_w512_h512,,0.0,ang20191008t182150,/AVIRISNG/Permian2019/ang20191008t182150_r1792_c256_w512_h512,2019-10-08,2019-10-08 18:21:50+00:00,0,0,512,512,train,random,,False,"Window(col_off=0, row_off=0, width=512, height=512)"
ang20191008t182150_r3072_c256_w512_h512,,0.0,ang20191008t182150,/AVIRISNG/Permian2019/ang20191008t182150_r3072_c256_w512_h512,2019-10-08,2019-10-08 18:21:50+00:00,0,0,512,512,train,random,,False,"Window(col_off=0, row_off=0, width=512, height=512)"
ang20191008t182150_r0_c0_w512_h512,,0.0,ang20191008t182150,/AVIRISNG/Permian2019/ang20191008t182150_r0_c0_w512_h512,2019-10-08,2019-10-08 18:21:50+00:00,0,0,512,512,train,random,,False,"Window(col_off=0, row_off=0, width=512, height=512)"
ang20191008t183946_r6656_c0_w512_h512,,0.0,ang20191008t183946,/AVIRISNG/Permian2019/ang20191008t183946_r6656_c0_w512_h512,2019-10-08,2019-10-08 18:39:46+00:00,0,0,512,512,train,hard,,False,"Window(col_off=0, row_off=0, width=512, height=512)"
ang20191008t183946_r7424_c0_w512_h512,,0.0,ang20191008t183946,/AVIRISNG/Permian2019/ang20191008t183946_r7424_c0_w512_h512,2019-10-08,2019-10-08 18:39:46+00:00,0,0,512,512,train,hard,,False,"Window(col_off=0, row_off=0, width=512, height=512)"
ang20191008t183946_r8192_c0_w512_h512,,0.0,ang20191008t183946,/AVIRISNG/Permian2019/ang20191008t183946_r8192_c0_w512_h512,2019-10-08,2019-10-08 18:39:46+00:00,0,0,512,512,train,hard,,False,"Window(col_off=0, row_off=0, width=512, height=512)"
ang20191008t183946_r3328_c256_w512_h512,,0.0,ang20191008t183946,/AVIRISNG/Permian2019/ang20191008t183946_r3328_c256_w512_h512,2019-10-08,2019-10-08 18:39:46+00:00,0,0,512,512,train,random,,False,"Window(col_off=0, row_off=0, width=512, height=512)"
ang20191008t183946_r4864_c0_w512_h512,,0.0,ang20191008t183946,/AVIRISNG/Permian2019/ang20191008t183946_r4864_c0_w512_h512,2019-10-08,2019-10-08 18:39:46+00:00,0,0,512,512,train,random,,False,"Window(col_off=0, row_off=0, width=512, height=512)"
ang20191008t183946_r1280_c256_w512_h512,,0.0,ang20191008t183946,/AVIRISNG/Permian2019/ang20191008t183946_r1280_c256_w512_h512,2019-10-08,2019-10-08 18:39:46+00:00,0,0,512,512,train,random,,False,"Window(col_off=0, row_off=0, width=512, height=512)"
ang20191008t183946_r768_c0_w512_h512,,0.0,ang20191008t183946,/AVIRISNG/Permian2019/ang20191008t183946_r768_c0_w512_h512,2019-10-08,2019-10-08 18:39:46+00:00,0,0,512,512,train,random,,False,"Window(col_off=0, row_off=0, width=512, height=512)"
ang20191008t190449_r7168_c256_w512_h512,,0.0,ang20191008t190449,/AVIRISNG/Permian2019/ang20191008t190449_r7168_c256_w512_h512,2019-10-08,2019-10-08 19:04:49+00:00,0,0,512,512,train,hard,,False,"Window(col_off=0, row_off=0, width=512, height=512)"
ang20191008t190449_r12800_c256_w512_h512,,0.0,ang20191008t190449,/AVIRISNG/Permian2019/ang20191008t190449_r12800_c256_w512_h512,2019-10-08,2019-10-08 19:04:49+00:00,0,0,512,512,train,random,,False,"Window(col_off=0, row_off=0, width=512, height=512)"
ang20191008t190449_r11776_c256_w512_h512,,0.0,ang20191008t190449,/AVIRISNG/Permian2019/ang20191008t190449_r11776_c256_w512_h512,2019-10-08,2019-10-08 19:04:49+00:00,0,0,512,512,train,random,,False,"Window(col_off=0, row_off=0, width=512, height=512)"
ang20191008t190449_r11264_c256_w512_h512,,0.0,ang20191008t190449,/AVIRISNG/Permian2019/ang20191008t190449_r11264_c256_w512_h512,2019-10-08,2019-10-08 19:04:49+00:00,0,0,512,512,train,random,,False,"Window(col_off=0, row_off=0, width=512, height=512)"
ang20191008t190449_r9728_c256_w512_h512,,0.0,ang20191008t190449,/AVIRISNG/Permian2019/ang20191008t190449_r9728_c256_w512_h512,2019-10-08,2019-10-08 19:04:49+00:00,0,0,512,512,train,random,,False,"Window(col_off=0, row_off=0, width=512, height=512)"
ang20191008t194115_r11776_c256_w512_h512,,0.0,ang20191008t194115,/AVIRISNG/Permian2019/ang20191008t194115_r11776_c256_w512_h512,2019-10-08,2019-10-08 19:41:15+00:00,0,0,512,512,train,hard,,False,"Window(col_off=0, row_off=0, width=512, height=512)"
ang20191008t194115_r0_c0_w512_h512,,0.0,ang20191008t194115,/AVIRISNG/Permian2019/ang20191008t194115_r0_c0_w512_h512,2019-10-08,2019-10-08 19:41:15+00:00,0,0,512,512,train,hard,,False,"Window(col_off=0, row_off=0, width=512, height=512)"
ang20191008t194115_r6144_c256_w512_h512,,0.0,ang20191008t194115,/AVIRISNG/Permian2019/ang20191008t194115_r6144_c256_w512_h512,2019-10-08,2019-10-08 19:41:15+00:00,0,0,512,512,train,hard,,False,"Window(col_off=0, row_off=0, width=512, height=512)"
ang20191008t194115_r13056_c256_w512_h512,,0.0,ang20191008t194115,/AVIRISNG/Permian2019/ang20191008t194115_r13056_c256_w512_h512,2019-10-08,2019-10-08 19:41:15+00:00,0,0,512,512,train,random,,False,"Window(col_off=0, row_off=0, width=512, height=512)"
ang20191008t194115_r7424_c256_w512_h512,,0.0,ang20191008t194115,/AVIRISNG/Permian2019/ang20191008t194115_r7424_c256_w512_h512,2019-10-08,2019-10-08 19:41:15+00:00,0,0,512,512,train,random,,False,"Window(col_off=0, row_off=0, width=512, height=512)"
ang20191008t194115_r4096_c0_w512_h512,,0.0,ang20191008t194115,/AVIRISNG/Permian2019/ang20191008t194115_r4096_c0_w512_h512,2019-10-08,2019-10-08 19:41:15+00:00,0,0,512,512,train,random,,False,"Window(col_off=0, row_off=0, width=512, height=512)"
ang20191008t194115_r8704_c256_w512_h512,,0.0,ang20191008t194115,/AVIRISNG/Permian2019/ang20191008t194115_r8704_c256_w512_h512,2019-10-08,2019-10-08 19:41:15+00:00,0,0,512,512,train,random,,False,"Window(col_off=0, row_off=0, width=512, height=512)"
ang20191008t195936_r12800_c256_w512_h512,,0.0,ang20191008t195936,/AVIRISNG/Permian2019/ang20191008t195936_r12800_c256_w512_h512,2019-10-08,2019-10-08 19:59:36+00:00,0,0,512,512,train,hard,,False,"Window(col_off=0, row_off=0, width=512, height=512)"
ang20191008t195936_r6144_c256_w512_h512,,0.0,ang20191008t195936,/AVIRISNG/Permian2019/ang20191008t195936_r6144_c256_w512_h512,2019-10-08,2019-10-08 19:59:36+00:00,0,0,512,512,train,hard,,False,"Window(col_off=0, row_off=0, width=512, height=512)"
ang20191008t195936_r9728_c256_w512_h512,,0.0,ang20191008t195936,/AVIRISNG/Permian2019/ang20191008t195936_r9728_c256_w512_h512,2019-10-08,2019-10-08 19:59:36+00:00,0,0,512,512,train,random,,False,"Window(col_off=0, row_off=0, width=512, height=512)"
ang20191008t195936_r11776_c0_w512_h512,,0.0,ang20191008t195936,/AVIRISNG/Permian2019/ang20191008t195936_r11776_c0_w512_h512,2019-10-08,2019-10-08 19:59:36+00:00,0,0,512,512,train,random,,False,"Window(col_off=0, row_off=0, width=512, height=512)"
ang20191008t195936_r8960_c256_w512_h512,,0.0,ang20191008t195936,/AVIRISNG/Permian2019/ang20191008t195936_r8960_c256_w512_h512,2019-10-08,2019-10-08 19:59:36+00:00,0,0,512,512,train,random,,False,"Window(col_off=0, row_off=0, width=512, height=512)"
ang20191008t195936_r2560_c256_w512_h512,,0.0,ang20191008t195936,/AVIRISNG/Permian2019/ang20191008t195936_r2560_c256_w512_h512,2019-10-08,2019-10-08 19:59:36+00:00,0,0,512,512,train,random,,False,"Window(col_off=0, row_off=0, width=512, height=512)"
ang20191010t152203_r768_c0_w512_h512,,0.0,ang20191010t152203,/AVIRISNG/Permian2019/ang20191010t152203_r768_c0_w512_h512,2019-10-10,2019-10-10 15:22:03+00:00,0,0,512,512,train,hard,,False,"Window(col_off=0, row_off=0, width=512, height=512)"
ang20191010t152203_r256_c0_w512_h512,,0.0,ang20191010t152203,/AVIRISNG/Permian2019/ang20191010t152203_r256_c0_w512_h512,2019-10-10,2019-10-10 15:22:03+00:00,0,0,512,512,train,hard,,False,"Window(col_off=0, row_off=0, width=512, height=512)"
ang20191010t152203_r8448_c0_w512_h512,,0.0,ang20191010t152203,/AVIRISNG/Permian2019/ang20191010t152203_r8448_c0_w512_h512,2019-10-10,2019-10-10 15:22:03+00:00,0,0,512,512,train,hard,,False,"Window(col_off=0, row_off=0, width=512, height=512)"
ang20191010t152203_r6144_c0_w512_h512,,0.0,ang20191010t152203,/AVIRISNG/Permian2019/ang20191010t152203_r6144_c0_w512_h512,2019-10-10,2019-10-10 15:22:03+00:00,0,0,512,512,train,random,,False,"Window(col_off=0, row_off=0, width=512, height=512)"
ang20191010t152203_r1280_c0_w512_h512,,0.0,ang20191010t152203,/AVIRISNG/Permian2019/ang20191010t152203_r1280_c0_w512_h512,2019-10-10,2019-10-10 15:22:03+00:00,0,0,512,512,train,random,,False,"Window(col_off=0, row_off=0, width=512, height=512)"
ang20191010t152203_r11776_c0_w512_h512,,0.0,ang20191010t152203,/AVIRISNG/Permian2019/ang20191010t152203_r11776_c0_w512_h512,2019-10-10,2019-10-10 15:22:03+00:00,0,0,512,512,train,random,,False,"Window(col_off=0, row_off=0, width=512, height=512)"
ang20191010t155034_r20224_c256_w512_h512,,0.0,ang20191010t155034,/AVIRISNG/Permian2019/ang20191010t155034_r20224_c256_w512_h512,2019-10-10,2019-10-10 15:50:34+00:00,0,0,512,512,train,hard,,False,"Window(col_off=0, row_off=0, width=512, height=512)"
ang20191010t155034_r256_c0_w512_h512,,0.0,ang20191010t155034,/AVIRISNG/Permian2019/ang20191010t155034_r256_c0_w512_h512,2019-10-10,2019-10-10 15:50:34+00:00,0,0,512,512,train,hard,,False,"Window(col_off=0, row_off=0, width=512, height=512)"
ang20191010t155034_r17920_c256_w512_h512,,0.0,ang20191010t155034,/AVIRISNG/Permian2019/ang20191010t155034_r17920_c256_w512_h512,2019-10-10,2019-10-10 15:50:34+00:00,0,0,512,512,train,random,,False,"Window(col_off=0, row_off=0, width=512, height=512)"
ang20191010t155034_r14848_c0_w512_h512,,0.0,ang20191010t155034,/AVIRISNG/Permian2019/ang20191010t155034_r14848_c0_w512_h512,2019-10-10,2019-10-10 15:50:34+00:00,0,0,512,512,train,random,,False,"Window(col_off=0, row_off=0, width=512, height=512)"
ang20191010t155034_r10240_c0_w512_h512,,0.0,ang20191010t155034,/AVIRISNG/Permian2019/ang20191010t155034_r10240_c0_w512_h512,2019-10-10,2019-10-10 15:50:34+00:00,0,0,512,512,train,random,,False,"Window(col_off=0, row_off=0, width=512, height=512)"
ang20191010t161700_r4352_c0_w512_h512,,0.0,ang20191010t161700,/AVIRISNG/Permian2019/ang20191010t161700_r4352_c0_w512_h512,2019-10-10,2019-10-10 16:17:00+00:00,0,0,512,512,train,hard,,False,"Window(col_off=0, row_off=0, width=512, height=512)"
ang20191010t161700_r5632_c0_w512_h512,,0.0,ang20191010t161700,/AVIRISNG/Permian2019/ang20191010t161700_r5632_c0_w512_h512,2019-10-10,2019-10-10 16:17:00+00:00,0,0,512,512,train,hard,,False,"Window(col_off=0, row_off=0, width=512, height=512)"
ang20191010t161700_r4864_c0_w512_h512,,0.0,ang20191010t161700,/AVIRISNG/Permian2019/ang20191010t161700_r4864_c0_w512_h512,2019-10-10,2019-10-10 16:17:00+00:00,0,0,512,512,train,hard,,False,"Window(col_off=0, row_off=0, width=512, height=512)"
ang20191010t161700_r13056_c0_w512_h512,,0.0,ang20191010t161700,/AVIRISNG/Permian2019/ang20191010t161700_r13056_c0_w512_h512,2019-10-10,2019-10-10 16:17:00+00:00,0,0,512,512,train,random,,False,"Window(col_off=0, row_off=0, width=512, height=512)"
ang20191010t161700_r6656_c0_w512_h512,,0.0,ang20191010t161700,/AVIRISNG/Permian2019/ang20191010t161700_r6656_c0_w512_h512,2019-10-10,2019-10-10 16:17:00+00:00,0,0,512,512,train,random,,False,"Window(col_off=0, row_off=0, width=512, height=512)"
ang20191010t161700_r18944_c0_w512_h512,,0.0,ang20191010t161700,/AVIRISNG/Permian2019/ang20191010t161700_r18944_c0_w512_h512,2019-10-10,2019-10-10 16:17:00+00:00,0,0,512,512,train,random,,False,"Window(col_off=0, row_off=0, width=512, height=512)"
ang20191010t174755_r19712_c1024_w512_h512,,0.0,ang20191010t174755,/AVIRISNG/Permian2019/ang20191010t174755_r19712_c1024_w512_h512,2019-10-10,2019-10-10 17:47:55+00:00,0,0,512,512,train,hard,,False,"Window(col_off=0, row_off=0, width=512, height=512)"
ang20191010t174755_r1536_c256_w512_h512,,0.0,ang20191010t174755,/AVIRISNG/Permian2019/ang20191010t174755_r1536_c256_w512_h512,2019-10-10,2019-10-10 17:47:55+00:00,0,0,512,512,train,hard,,False,"Window(col_off=0, row_off=0, width=512, height=512)"
ang20191010t174755_r18688_c512_w512_h512,,0.0,ang20191010t174755,/AVIRISNG/Permian2019/ang20191010t174755_r18688_c512_w512_h512,2019-10-10,2019-10-10 17:47:55+00:00,0,0,512,512,train,random,,False,"Window(col_off=0, row_off=0, width=512, height=512)"
ang20191010t174755_r15360_c512_w512_h512,,0.0,ang20191010t174755,/AVIRISNG/Permian2019/ang20191010t174755_r15360_c512_w512_h512,2019-10-10,2019-10-10 17:47:55+00:00,0,0,512,512,train,random,,False,"Window(col_off=0, row_off=0, width=512, height=512)"
ang20191010t174755_r13056_c512_w512_h512,,0.0,ang20191010t174755,/AVIRISNG/Permian2019/ang20191010t174755_r13056_c512_w512_h512,2019-10-10,2019-10-10 17:47:55+00:00,0,0,512,512,train,random,,False,"Window(col_off=0, row_off=0, width=512, height=512)"
ang20191010t174755_r18176_c512_w512_h512,,0.0,ang20191010t174755,/AVIRISNG/Permian2019/ang20191010t174755_r18176_c512_w512_h512,2019-10-10,2019-10-10 17:47:55+00:00,0,0,512,512,train,random,,False,"Window(col_off=0, row_off=0, width=512, height=512)"
ang20191010t182147_r7168_c0_w512_h512,,0.0,ang20191010t182147,/AVIRISNG/Permian2019/ang20191010t182147_r7168_c0_w512_h512,2019-10-10,2019-10-10 18:21:47+00:00,0,0,512,512,train,hard,,False,"Window(col_off=0, row_off=0, width=512, height=512)"
ang20191010t182147_r13312_c0_w512_h512,,0.0,ang20191010t182147,/AVIRISNG/Permian2019/ang20191010t182147_r13312_c0_w512_h512,2019-10-10,2019-10-10 18:21:47+00:00,0,0,512,512,train,hard,,False,"Window(col_off=0, row_off=0, width=512, height=512)"
ang20191010t182147_r7680_c0_w512_h512,,0.0,ang20191010t182147,/AVIRISNG/Permian2019/ang20191010t182147_r7680_c0_w512_h512,2019-10-10,2019-10-10 18:21:47+00:00,0,0,512,512,train,hard,,False,"Window(col_off=0, row_off=0, width=512, height=512)"
ang20191010t182147_r10240_c256_w512_h512,,0.0,ang20191010t182147,/AVIRISNG/Permian2019/ang20191010t182147_r10240_c256_w512_h512,2019-10-10,2019-10-10 18:21:47+00:00,0,0,512,512,train,random,,False,"Window(col_off=0, row_off=0, width=512, height=512)"
ang20191010t182147_r12544_c0_w512_h512,,0.0,ang20191010t182147,/AVIRISNG/Permian2019/ang20191010t182147_r12544_c0_w512_h512,2019-10-10,2019-10-10 18:21:47+00:00,0,0,512,512,train,random,,False,"Window(col_off=0, row_off=0, width=512, height=512)"
ang20191010t182147_r2304_c0_w512_h512,,0.0,ang20191010t182147,/AVIRISNG/Permian2019/ang20191010t182147_r2304_c0_w512_h512,2019-10-10,2019-10-10 18:21:47+00:00,0,0,512,512,train,random,,False,"Window(col_off=0, row_off=0, width=512, height=512)"
ang20191010t184216_r13568_c256_w512_h512,,0.0,ang20191010t184216,/AVIRISNG/Permian2019/ang20191010t184216_r13568_c256_w512_h512,2019-10-10,2019-10-10 18:42:16+00:00,0,0,512,512,train,hard,,False,"Window(col_off=0, row_off=0, width=512, height=512)"
ang20191010t184216_r8192_c256_w512_h512,,0.0,ang20191010t184216,/AVIRISNG/Permian2019/ang20191010t184216_r8192_c256_w512_h512,2019-10-10,2019-10-10 18:42:16+00:00,0,0,512,512,train,hard,,False,"Window(col_off=0, row_off=0, width=512, height=512)"
ang20191010t184216_r768_c0_w512_h512,,0.0,ang20191010t184216,/AVIRISNG/Permian2019/ang20191010t184216_r768_c0_w512_h512,2019-10-10,2019-10-10 18:42:16+00:00,0,0,512,512,train,random,,False,"Window(col_off=0, row_off=0, width=512, height=512)"
ang20191010t184216_r0_c0_w512_h512,,0.0,ang20191010t184216,/AVIRISNG/Permian2019/ang20191010t184216_r0_c0_w512_h512,2019-10-10,2019-10-10 18:42:16+00:00,0,0,512,512,train,random,,False,"Window(col_off=0, row_off=0, width=512, height=512)"
ang20191010t184216_r5376_c0_w512_h512,,0.0,ang20191010t184216,/AVIRISNG/Permian2019/ang20191010t184216_r5376_c0_w512_h512,2019-10-10,2019-10-10 18:42:16+00:00,0,0,512,512,train,random,,False,"Window(col_off=0, row_off=0, width=512, height=512)"
ang20191010t184216_r6400_c256_w512_h512,,0.0,ang20191010t184216,/AVIRISNG/Permian2019/ang20191010t184216_r6400_c256_w512_h512,2019-10-10,2019-10-10 18:42:16+00:00,0,0,512,512,train,random,,False,"Window(col_off=0, row_off=0, width=512, height=512)"
ang20191010t185941_r7424_c0_w512_h512,,0.0,ang20191010t185941,/AVIRISNG/Permian2019/ang20191010t185941_r7424_c0_w512_h512,2019-10-10,2019-10-10 18:59:41+00:00,0,0,512,512,train,hard,,False,"Window(col_off=0, row_off=0, width=512, height=512)"
ang20191010t185941_r9216_c0_w512_h512,,0.0,ang20191010t185941,/AVIRISNG/Permian2019/ang20191010t185941_r9216_c0_w512_h512,2019-10-10,2019-10-10 18:59:41+00:00,0,0,512,512,train,hard,,False,"Window(col_off=0, row_off=0, width=512, height=512)"
ang20191010t185941_r12800_c0_w512_h512,,0.0,ang20191010t185941,/AVIRISNG/Permian2019/ang20191010t185941_r12800_c0_w512_h512,2019-10-10,2019-10-10 18:59:41+00:00,0,0,512,512,train,hard,,False,"Window(col_off=0, row_off=0, width=512, height=512)"
ang20191010t185941_r512_c256_w512_h512,,0.0,ang20191010t185941,/AVIRISNG/Permian2019/ang20191010t185941_r512_c256_w512_h512,2019-10-10,2019-10-10 18:59:41+00:00,0,0,512,512,train,random,,False,"Window(col_off=0, row_off=0, width=512, height=512)"
ang20191010t185941_r5120_c0_w512_h512,,0.0,ang20191010t185941,/AVIRISNG/Permian2019/ang20191010t185941_r5120_c0_w512_h512,2019-10-10,2019-10-10 18:59:41+00:00,0,0,512,512,train,random,,False,"Window(col_off=0, row_off=0, width=512, height=512)"
ang20191010t185941_r9984_c0_w512_h512,,0.0,ang20191010t185941,/AVIRISNG/Permian2019/ang20191010t185941_r9984_c0_w512_h512,2019-10-10,2019-10-10 18:59:41+00:00,0,0,512,512,train,random,,False,"Window(col_off=0, row_off=0, width=512, height=512)"
ang20191010t192008_r6656_c256_w512_h512,,0.0,ang20191010t192008,/AVIRISNG/Permian2019/ang20191010t192008_r6656_c256_w512_h512,2019-10-10,2019-10-10 19:20:08+00:00,0,0,512,512,train,hard,,False,"Window(col_off=0, row_off=0, width=512, height=512)"
ang20191010t192008_r3840_c0_w512_h512,,0.0,ang20191010t192008,/AVIRISNG/Permian2019/ang20191010t192008_r3840_c0_w512_h512,2019-10-10,2019-10-10 19:20:08+00:00,0,0,512,512,train,hard,,False,"Window(col_off=0, row_off=0, width=512, height=512)"
ang20191010t192008_r9984_c256_w512_h512,,0.0,ang20191010t192008,/AVIRISNG/Permian2019/ang20191010t192008_r9984_c256_w512_h512,2019-10-10,2019-10-10 19:20:08+00:00,0,0,512,512,train,random,,False,"Window(col_off=0, row_off=0, width=512, height=512)"
ang20191010t192008_r2560_c0_w512_h512,,0.0,ang20191010t192008,/AVIRISNG/Permian2019/ang20191010t192008_r2560_c0_w512_h512,2019-10-10,2019-10-10 19:20:08+00:00,0,0,512,512,train,random,,False,"Window(col_off=0, row_off=0, width=512, height=512)"
ang20191010t192008_r10496_c256_w512_h512,,0.0,ang20191010t192008,/AVIRISNG/Permian2019/ang20191010t192008_r10496_c256_w512_h512,2019-10-10,2019-10-10 19:20:08+00:00,0,0,512,512,train,random,,False,"Window(col_off=0, row_off=0, width=512, height=512)"
ang20191010t192008_r5888_c256_w512_h512,,0.0,ang20191010t192008,/AVIRISNG/Permian2019/ang20191010t192008_r5888_c256_w512_h512,2019-10-10,2019-10-10 19:20:08+00:00,0,0,512,512,train,random,,False,"Window(col_off=0, row_off=0, width=512, height=512)"
ang20191010t193818_r6400_c0_w512_h512,,0.0,ang20191010t193818,/AVIRISNG/Permian2019/ang20191010t193818_r6400_c0_w512_h512,2019-10-10,2019-10-10 19:38:18+00:00,0,0,512,512,train,hard,,False,"Window(col_off=0, row_off=0, width=512, height=512)"
ang20191010t193818_r9984_c256_w512_h512,,0.0,ang20191010t193818,/AVIRISNG/Permian2019/ang20191010t193818_r9984_c256_w512_h512,2019-10-10,2019-10-10 19:38:18+00:00,0,0,512,512,train,hard,,False,"Window(col_off=0, row_off=0, width=512, height=512)"
ang20191010t193818_r1280_c0_w512_h512,,0.0,ang20191010t193818,/AVIRISNG/Permian2019/ang20191010t193818_r1280_c0_w512_h512,2019-10-10,2019-10-10 19:38:18+00:00,0,0,512,512,train,hard,,False,"Window(col_off=0, row_off=0, width=512, height=512)"
ang20191010t193818_r11520_c0_w512_h512,,0.0,ang20191010t193818,/AVIRISNG/Permian2019/ang20191010t193818_r11520_c0_w512_h512,2019-10-10,2019-10-10 19:38:18+00:00,0,0,512,512,train,random,,False,"Window(col_off=0, row_off=0, width=512, height=512)"
ang20191010t193818_r8704_c0_w512_h512,,0.0,ang20191010t193818,/AVIRISNG/Permian2019/ang20191010t193818_r8704_c0_w512_h512,2019-10-10,2019-10-10 19:38:18+00:00,0,0,512,512,train,random,,False,"Window(col_off=0, row_off=0, width=512, height=512)"
ang20191010t193818_r9472_c256_w512_h512,,0.0,ang20191010t193818,/AVIRISNG/Permian2019/ang20191010t193818_r9472_c256_w512_h512,2019-10-10,2019-10-10 19:38:18+00:00,0,0,512,512,train,random,,False,"Window(col_off=0, row_off=0, width=512, height=512)"
ang20191010t193818_r10752_c256_w512_h512,,0.0,ang20191010t193818,/AVIRISNG/Permian2019/ang20191010t193818_r10752_c256_w512_h512,2019-10-10,2019-10-10 19:38:18+00:00,0,0,512,512,train,random,,False,"Window(col_off=0, row_off=0, width=512, height=512)"
ang20191010t195717_r6144_c0_w512_h512,,0.0,ang20191010t195717,/AVIRISNG/Permian2019/ang20191010t195717_r6144_c0_w512_h512,2019-10-10,2019-10-10 19:57:17+00:00,0,0,512,512,train,hard,,False,"Window(col_off=0, row_off=0, width=512, height=512)"
ang20191010t195717_r4608_c0_w512_h512,,0.0,ang20191010t195717,/AVIRISNG/Permian2019/ang20191010t195717_r4608_c0_w512_h512,2019-10-10,2019-10-10 19:57:17+00:00,0,0,512,512,train,hard,,False,"Window(col_off=0, row_off=0, width=512, height=512)"
ang20191010t195717_r6656_c256_w512_h512,,0.0,ang20191010t195717,/AVIRISNG/Permian2019/ang20191010t195717_r6656_c256_w512_h512,2019-10-10,2019-10-10 19:57:17+00:00,0,0,512,512,train,random,,False,"Window(col_off=0, row_off=0, width=512, height=512)"
ang20191010t195717_r2304_c256_w512_h512,,0.0,ang20191010t195717,/AVIRISNG/Permian2019/ang20191010t195717_r2304_c256_w512_h512,2019-10-10,2019-10-10 19:57:17+00:00,0,0,512,512,train,random,,False,"Window(col_off=0, row_off=0, width=512, height=512)"
ang20191010t195717_r11008_c0_w512_h512,,0.0,ang20191010t195717,/AVIRISNG/Permian2019/ang20191010t195717_r11008_c0_w512_h512,2019-10-10,2019-10-10 19:57:17+00:00,0,0,512,512,train,random,,False,"Window(col_off=0, row_off=0, width=512, height=512)"
ang20191011t152413_r7168_c0_w512_h512,,0.0,ang20191011t152413,/AVIRISNG/Permian2019/ang20191011t152413_r7168_c0_w512_h512,2019-10-11,2019-10-11 15:24:13+00:00,0,0,512,512,train,hard,,False,"Window(col_off=0, row_off=0, width=512, height=512)"
ang20191011t152413_r3584_c0_w512_h512,,0.0,ang20191011t152413,/AVIRISNG/Permian2019/ang20191011t152413_r3584_c0_w512_h512,2019-10-11,2019-10-11 15:24:13+00:00,0,0,512,512,train,hard,,False,"Window(col_off=0, row_off=0, width=512, height=512)"
ang20191011t152413_r11520_c0_w512_h512,,0.0,ang20191011t152413,/AVIRISNG/Permian2019/ang20191011t152413_r11520_c0_w512_h512,2019-10-11,2019-10-11 15:24:13+00:00,0,0,512,512,train,random,,False,"Window(col_off=0, row_off=0, width=512, height=512)"
ang20191011t152413_r2304_c0_w512_h512,,0.0,ang20191011t152413,/AVIRISNG/Permian2019/ang20191011t152413_r2304_c0_w512_h512,2019-10-11,2019-10-11 15:24:13+00:00,0,0,512,512,train,random,,False,"Window(col_off=0, row_off=0, width=512, height=512)"
ang20191011t152413_r12800_c256_w512_h512,,0.0,ang20191011t152413,/AVIRISNG/Permian2019/ang20191011t152413_r12800_c256_w512_h512,2019-10-11,2019-10-11 15:24:13+00:00,0,0,512,512,train,random,,False,"Window(col_off=0, row_off=0, width=512, height=512)"
ang20191011t152413_r6656_c256_w512_h512,,0.0,ang20191011t152413,/AVIRISNG/Permian2019/ang20191011t152413_r6656_c256_w512_h512,2019-10-11,2019-10-11 15:24:13+00:00,0,0,512,512,train,random,,False,"Window(col_off=0, row_off=0, width=512, height=512)"
ang20191011t154103_r0_c0_w512_h512,,0.0,ang20191011t154103,/AVIRISNG/Permian2019/ang20191011t154103_r0_c0_w512_h512,2019-10-11,2019-10-11 15:41:03+00:00,0,0,512,512,train,hard,,False,"Window(col_off=0, row_off=0, width=512, height=512)"
ang20191011t154103_r6144_c0_w512_h512,,0.0,ang20191011t154103,/AVIRISNG/Permian2019/ang20191011t154103_r6144_c0_w512_h512,2019-10-11,2019-10-11 15:41:03+00:00,0,0,512,512,train,hard,,False,"Window(col_off=0, row_off=0, width=512, height=512)"
ang20191011t154103_r1280_c0_w512_h512,,0.0,ang20191011t154103,/AVIRISNG/Permian2019/ang20191011t154103_r1280_c0_w512_h512,2019-10-11,2019-10-11 15:41:03+00:00,0,0,512,512,train,random,,False,"Window(col_off=0, row_off=0, width=512, height=512)"
ang20191011t154103_r10496_c256_w512_h512,,0.0,ang20191011t154103,/AVIRISNG/Permian2019/ang20191011t154103_r10496_c256_w512_h512,2019-10-11,2019-10-11 15:41:03+00:00,0,0,512,512,train,random,,False,"Window(col_off=0, row_off=0, width=512, height=512)"
ang20191011t154103_r7936_c0_w512_h512,,0.0,ang20191011t154103,/AVIRISNG/Permian2019/ang20191011t154103_r7936_c0_w512_h512,2019-10-11,2019-10-11 15:41:03+00:00,0,0,512,512,train,random,,False,"Window(col_off=0, row_off=0, width=512, height=512)"
ang20191011t154103_r11520_c0_w512_h512,,0.0,ang20191011t154103,/AVIRISNG/Permian2019/ang20191011t154103_r11520_c0_w512_h512,2019-10-11,2019-10-11 15:41:03+00:00,0,0,512,512,train,random,,False,"Window(col_off=0, row_off=0, width=512, height=512)"
ang20191011t160043_r6400_c0_w512_h512,,0.0,ang20191011t160043,/AVIRISNG/Permian2019/ang20191011t160043_r6400_c0_w512_h512,2019-10-11,2019-10-11 16:00:43+00:00,0,0,512,512,train,hard,,False,"Window(col_off=0, row_off=0, width=512, height=512)"
ang20191011t160043_r7424_c256_w512_h512,,0.0,ang20191011t160043,/AVIRISNG/Permian2019/ang20191011t160043_r7424_c256_w512_h512,2019-10-11,2019-10-11 16:00:43+00:00,0,0,512,512,train,hard,,False,"Window(col_off=0, row_off=0, width=512, height=512)"
ang20191011t160043_r0_c0_w512_h512,,0.0,ang20191011t160043,/AVIRISNG/Permian2019/ang20191011t160043_r0_c0_w512_h512,2019-10-11,2019-10-11 16:00:43+00:00,0,0,512,512,train,random,,False,"Window(col_off=0, row_off=0, width=512, height=512)"
ang20191011t160043_r5888_c256_w512_h512,,0.0,ang20191011t160043,/AVIRISNG/Permian2019/ang20191011t160043_r5888_c256_w512_h512,2019-10-11,2019-10-11 16:00:43+00:00,0,0,512,512,train,random,,False,"Window(col_off=0, row_off=0, width=512, height=512)"
ang20191011t160043_r10752_c0_w512_h512,,0.0,ang20191011t160043,/AVIRISNG/Permian2019/ang20191011t160043_r10752_c0_w512_h512,2019-10-11,2019-10-11 16:00:43+00:00,0,0,512,512,train,random,,False,"Window(col_off=0, row_off=0, width=512, height=512)"
ang20191011t160043_r10240_c256_w512_h512,,0.0,ang20191011t160043,/AVIRISNG/Permian2019/ang20191011t160043_r10240_c256_w512_h512,2019-10-11,2019-10-11 16:00:43+00:00,0,0,512,512,train,random,,False,"Window(col_off=0, row_off=0, width=512, height=512)"
ang20191011t161719_r13056_c256_w512_h512,,0.0,ang20191011t161719,/AVIRISNG/Permian2019/ang20191011t161719_r13056_c256_w512_h512,2019-10-11,2019-10-11 16:17:19+00:00,0,0,512,512,train,hard,,False,"Window(col_off=0, row_off=0, width=512, height=512)"
ang20191011t161719_r11776_c256_w512_h512,,0.0,ang20191011t161719,/AVIRISNG/Permian2019/ang20191011t161719_r11776_c256_w512_h512,2019-10-11,2019-10-11 16:17:19+00:00,0,0,512,512,train,hard,,False,"Window(col_off=0, row_off=0, width=512, height=512)"
ang20191011t161719_r6912_c0_w512_h512,,0.0,ang20191011t161719,/AVIRISNG/Permian2019/ang20191011t161719_r6912_c0_w512_h512,2019-10-11,2019-10-11 16:17:19+00:00,0,0,512,512,train,hard,,False,"Window(col_off=0, row_off=0, width=512, height=512)"
ang20191011t161719_r9216_c256_w512_h512,,0.0,ang20191011t161719,/AVIRISNG/Permian2019/ang20191011t161719_r9216_c256_w512_h512,2019-10-11,2019-10-11 16:17:19+00:00,0,0,512,512,train,random,,False,"Window(col_off=0, row_off=0, width=512, height=512)"
ang20191011t161719_r256_c0_w512_h512,,0.0,ang20191011t161719,/AVIRISNG/Permian2019/ang20191011t161719_r256_c0_w512_h512,2019-10-11,2019-10-11 16:17:19+00:00,0,0,512,512,train,random,,False,"Window(col_off=0, row_off=0, width=512, height=512)"
ang20191011t161719_r10496_c0_w512_h512,,0.0,ang20191011t161719,/AVIRISNG/Permian2019/ang20191011t161719_r10496_c0_w512_h512,2019-10-11,2019-10-11 16:17:19+00:00,0,0,512,512,train,random,,False,"Window(col_off=0, row_off=0, width=512, height=512)"
ang20191011t161719_r3072_c0_w512_h512,,0.0,ang20191011t161719,/AVIRISNG/Permian2019/ang20191011t161719_r3072_c0_w512_h512,2019-10-11,2019-10-11 16:17:19+00:00,0,0,512,512,train,random,,False,"Window(col_off=0, row_off=0, width=512, height=512)"
ang20191011t163647_r7680_c256_w512_h512,,0.0,ang20191011t163647,/AVIRISNG/Permian2019/ang20191011t163647_r7680_c256_w512_h512,2019-10-11,2019-10-11 16:36:47+00:00,0,0,512,512,train,hard,,False,"Window(col_off=0, row_off=0, width=512, height=512)"
ang20191011t163647_r6912_c0_w512_h512,,0.0,ang20191011t163647,/AVIRISNG/Permian2019/ang20191011t163647_r6912_c0_w512_h512,2019-10-11,2019-10-11 16:36:47+00:00,0,0,512,512,train,hard,,False,"Window(col_off=0, row_off=0, width=512, height=512)"
ang20191011t163647_r9216_c256_w512_h512,,0.0,ang20191011t163647,/AVIRISNG/Permian2019/ang20191011t163647_r9216_c256_w512_h512,2019-10-11,2019-10-11 16:36:47+00:00,0,0,512,512,train,hard,,False,"Window(col_off=0, row_off=0, width=512, height=512)"
ang20191011t163647_r11264_c256_w512_h512,,0.0,ang20191011t163647,/AVIRISNG/Permian2019/ang20191011t163647_r11264_c256_w512_h512,2019-10-11,2019-10-11 16:36:47+00:00,0,0,512,512,train,random,,False,"Window(col_off=0, row_off=0, width=512, height=512)"
ang20191011t163647_r13312_c256_w512_h512,,0.0,ang20191011t163647,/AVIRISNG/Permian2019/ang20191011t163647_r13312_c256_w512_h512,2019-10-11,2019-10-11 16:36:47+00:00,0,0,512,512,train,random,,False,"Window(col_off=0, row_off=0, width=512, height=512)"
ang20191011t163647_r12032_c256_w512_h512,,0.0,ang20191011t163647,/AVIRISNG/Permian2019/ang20191011t163647_r12032_c256_w512_h512,2019-10-11,2019-10-11 16:36:47+00:00,0,0,512,512,train,random,,False,"Window(col_off=0, row_off=0, width=512, height=512)"
ang20191011t165345_r11520_c0_w512_h512,,0.0,ang20191011t165345,/AVIRISNG/Permian2019/ang20191011t165345_r11520_c0_w512_h512,2019-10-11,2019-10-11 16:53:45+00:00,0,0,512,512,train,hard,,False,"Window(col_off=0, row_off=0, width=512, height=512)"
ang20191011t165345_r0_c0_w512_h512,,0.0,ang20191011t165345,/AVIRISNG/Permian2019/ang20191011t165345_r0_c0_w512_h512,2019-10-11,2019-10-11 16:53:45+00:00,0,0,512,512,train,hard,,False,"Window(col_off=0, row_off=0, width=512, height=512)"
ang20191011t165345_r11008_c256_w512_h512,,0.0,ang20191011t165345,/AVIRISNG/Permian2019/ang20191011t165345_r11008_c256_w512_h512,2019-10-11,2019-10-11 16:53:45+00:00,0,0,512,512,train,hard,,False,"Window(col_off=0, row_off=0, width=512, height=512)"
ang20191011t165345_r13056_c256_w512_h512,,0.0,ang20191011t165345,/AVIRISNG/Permian2019/ang20191011t165345_r13056_c256_w512_h512,2019-10-11,2019-10-11 16:53:45+00:00,0,0,512,512,train,random,,False,"Window(col_off=0, row_off=0, width=512, height=512)"
ang20191011t165345_r8960_c256_w512_h512,,0.0,ang20191011t165345,/AVIRISNG/Permian2019/ang20191011t165345_r8960_c256_w512_h512,2019-10-11,2019-10-11 16:53:45+00:00,0,0,512,512,train,random,,False,"Window(col_off=0, row_off=0, width=512, height=512)"
ang20191011t165345_r7936_c0_w512_h512,,0.0,ang20191011t165345,/AVIRISNG/Permian2019/ang20191011t165345_r7936_c0_w512_h512,2019-10-11,2019-10-11 16:53:45+00:00,0,0,512,512,train,random,,False,"Window(col_off=0, row_off=0, width=512, height=512)"
ang20191011t171218_r7936_c0_w512_h512,,0.0,ang20191011t171218,/AVIRISNG/Permian2019/ang20191011t171218_r7936_c0_w512_h512,2019-10-11,2019-10-11 17:12:18+00:00,0,0,512,512,train,hard,,False,"Window(col_off=0, row_off=0, width=512, height=512)"
ang20191011t171218_r7424_c0_w512_h512,,0.0,ang20191011t171218,/AVIRISNG/Permian2019/ang20191011t171218_r7424_c0_w512_h512,2019-10-11,2019-10-11 17:12:18+00:00,0,0,512,512,train,hard,,False,"Window(col_off=0, row_off=0, width=512, height=512)"
ang20191011t171218_r6912_c256_w512_h512,,0.0,ang20191011t171218,/AVIRISNG/Permian2019/ang20191011t171218_r6912_c256_w512_h512,2019-10-11,2019-10-11 17:12:18+00:00,0,0,512,512,train,hard,,False,"Window(col_off=0, row_off=0, width=512, height=512)"
ang20191011t171218_r9216_c0_w512_h512,,0.0,ang20191011t171218,/AVIRISNG/Permian2019/ang20191011t171218_r9216_c0_w512_h512,2019-10-11,2019-10-11 17:12:18+00:00,0,0,512,512,train,random,,False,"Window(col_off=0, row_off=0, width=512, height=512)"
ang20191011t171218_r6400_c0_w512_h512,,0.0,ang20191011t171218,/AVIRISNG/Permian2019/ang20191011t171218_r6400_c0_w512_h512,2019-10-11,2019-10-11 17:12:18+00:00,0,0,512,512,train,random,,False,"Window(col_off=0, row_off=0, width=512, height=512)"
ang20191011t171218_r9984_c0_w512_h512,,0.0,ang20191011t171218,/AVIRISNG/Permian2019/ang20191011t171218_r9984_c0_w512_h512,2019-10-11,2019-10-11 17:12:18+00:00,0,0,512,512,train,random,,False,"Window(col_off=0, row_off=0, width=512, height=512)"
ang20191011t171218_r11008_c0_w512_h512,,0.0,ang20191011t171218,/AVIRISNG/Permian2019/ang20191011t171218_r11008_c0_w512_h512,2019-10-11,2019-10-11 17:12:18+00:00,0,0,512,512,train,random,,False,"Window(col_off=0, row_off=0, width=512, height=512)"
ang20191011t172641_r4864_c0_w512_h512,,0.0,ang20191011t172641,/AVIRISNG/Permian2019/ang20191011t172641_r4864_c0_w512_h512,2019-10-11,2019-10-11 17:26:41+00:00,0,0,512,512,train,hard,,False,"Window(col_off=0, row_off=0, width=512, height=512)"
ang20191011t172641_r3584_c0_w512_h512,,0.0,ang20191011t172641,/AVIRISNG/Permian2019/ang20191011t172641_r3584_c0_w512_h512,2019-10-11,2019-10-11 17:26:41+00:00,0,0,512,512,train,hard,,False,"Window(col_off=0, row_off=0, width=512, height=512)"
ang20191011t172641_r8192_c0_w512_h512,,0.0,ang20191011t172641,/AVIRISNG/Permian2019/ang20191011t172641_r8192_c0_w512_h512,2019-10-11,2019-10-11 17:26:41+00:00,0,0,512,512,train,hard,,False,"Window(col_off=0, row_off=0, width=512, height=512)"
ang20191011t172641_r9472_c0_w512_h512,,0.0,ang20191011t172641,/AVIRISNG/Permian2019/ang20191011t172641_r9472_c0_w512_h512,2019-10-11,2019-10-11 17:26:41+00:00,0,0,512,512,train,random,,False,"Window(col_off=0, row_off=0, width=512, height=512)"
ang20191011t172641_r1280_c0_w512_h512,,0.0,ang20191011t172641,/AVIRISNG/Permian2019/ang20191011t172641_r1280_c0_w512_h512,2019-10-11,2019-10-11 17:26:41+00:00,0,0,512,512,train,random,,False,"Window(col_off=0, row_off=0, width=512, height=512)"
ang20191011t172641_r9984_c256_w512_h512,,0.0,ang20191011t172641,/AVIRISNG/Permian2019/ang20191011t172641_r9984_c256_w512_h512,2019-10-11,2019-10-11 17:26:41+00:00,0,0,512,512,train,random,,False,"Window(col_off=0, row_off=0, width=512, height=512)"
ang20191011t172641_r6912_c256_w512_h512,,0.0,ang20191011t172641,/AVIRISNG/Permian2019/ang20191011t172641_r6912_c256_w512_h512,2019-10-11,2019-10-11 17:26:41+00:00,0,0,512,512,train,random,,False,"Window(col_off=0, row_off=0, width=512, height=512)"
ang20191011t174241_r2816_c0_w512_h512,,0.0,ang20191011t174241,/AVIRISNG/Permian2019/ang20191011t174241_r2816_c0_w512_h512,2019-10-11,2019-10-11 17:42:41+00:00,0,0,512,512,train,hard,,False,"Window(col_off=0, row_off=0, width=512, height=512)"
ang20191011t174241_r3840_c0_w512_h512,,0.0,ang20191011t174241,/AVIRISNG/Permian2019/ang20191011t174241_r3840_c0_w512_h512,2019-10-11,2019-10-11 17:42:41+00:00,0,0,512,512,train,hard,,False,"Window(col_off=0, row_off=0, width=512, height=512)"
ang20191011t174241_r7936_c256_w512_h512,,0.0,ang20191011t174241,/AVIRISNG/Permian2019/ang20191011t174241_r7936_c256_w512_h512,2019-10-11,2019-10-11 17:42:41+00:00,0,0,512,512,train,random,,False,"Window(col_off=0, row_off=0, width=512, height=512)"
ang20191011t175712_r256_c0_w512_h512,,0.0,ang20191011t175712,/AVIRISNG/Permian2019/ang20191011t175712_r256_c0_w512_h512,2019-10-11,2019-10-11 17:57:12+00:00,0,0,512,512,train,hard,,False,"Window(col_off=0, row_off=0, width=512, height=512)"
ang20191011t175712_r2048_c0_w512_h512,,0.0,ang20191011t175712,/AVIRISNG/Permian2019/ang20191011t175712_r2048_c0_w512_h512,2019-10-11,2019-10-11 17:57:12+00:00,0,0,512,512,train,hard,,False,"Window(col_off=0, row_off=0, width=512, height=512)"
ang20191011t175712_r1536_c0_w512_h512,,0.0,ang20191011t175712,/AVIRISNG/Permian2019/ang20191011t175712_r1536_c0_w512_h512,2019-10-11,2019-10-11 17:57:12+00:00,0,0,512,512,train,hard,,False,"Window(col_off=0, row_off=0, width=512, height=512)"
ang20191011t175712_r9216_c0_w512_h512,,0.0,ang20191011t175712,/AVIRISNG/Permian2019/ang20191011t175712_r9216_c0_w512_h512,2019-10-11,2019-10-11 17:57:12+00:00,0,0,512,512,train,random,,False,"Window(col_off=0, row_off=0, width=512, height=512)"
ang20191011t175712_r7424_c0_w512_h512,,0.0,ang20191011t175712,/AVIRISNG/Permian2019/ang20191011t175712_r7424_c0_w512_h512,2019-10-11,2019-10-11 17:57:12+00:00,0,0,512,512,train,random,,False,"Window(col_off=0, row_off=0, width=512, height=512)"
ang20191011t181301_r2304_c0_w512_h512,,0.0,ang20191011t181301,/AVIRISNG/Permian2019/ang20191011t181301_r2304_c0_w512_h512,2019-10-11,2019-10-11 18:13:01+00:00,0,0,512,512,train,hard,,False,"Window(col_off=0, row_off=0, width=512, height=512)"
ang20191011t181301_r1024_c0_w512_h512,,0.0,ang20191011t181301,/AVIRISNG/Permian2019/ang20191011t181301_r1024_c0_w512_h512,2019-10-11,2019-10-11 18:13:01+00:00,0,0,512,512,train,hard,,False,"Window(col_off=0, row_off=0, width=512, height=512)"
ang20191011t181301_r9728_c256_w512_h512,,0.0,ang20191011t181301,/AVIRISNG/Permian2019/ang20191011t181301_r9728_c256_w512_h512,2019-10-11,2019-10-11 18:13:01+00:00,0,0,512,512,train,hard,,False,"Window(col_off=0, row_off=0, width=512, height=512)"
ang20191011t181301_r7168_c0_w512_h512,,0.0,ang20191011t181301,/AVIRISNG/Permian2019/ang20191011t181301_r7168_c0_w512_h512,2019-10-11,2019-10-11 18:13:01+00:00,0,0,512,512,train,random,,False,"Window(col_off=0, row_off=0, width=512, height=512)"
ang20191011t181301_r7936_c0_w512_h512,,0.0,ang20191011t181301,/AVIRISNG/Permian2019/ang20191011t181301_r7936_c0_w512_h512,2019-10-11,2019-10-11 18:13:01+00:00,0,0,512,512,train,random,,False,"Window(col_off=0, row_off=0, width=512, height=512)"
ang20191011t181301_r3584_c0_w512_h512,,0.0,ang20191011t181301,/AVIRISNG/Permian2019/ang20191011t181301_r3584_c0_w512_h512,2019-10-11,2019-10-11 18:13:01+00:00,0,0,512,512,train,random,,False,"Window(col_off=0, row_off=0, width=512, height=512)"
ang20191011t182731_r512_c0_w512_h512,,0.0,ang20191011t182731,/AVIRISNG/Permian2019/ang20191011t182731_r512_c0_w512_h512,2019-10-11,2019-10-11 18:27:31+00:00,0,0,512,512,train,hard,,False,"Window(col_off=0, row_off=0, width=512, height=512)"
ang20191011t182731_r11008_c0_w512_h512,,0.0,ang20191011t182731,/AVIRISNG/Permian2019/ang20191011t182731_r11008_c0_w512_h512,2019-10-11,2019-10-11 18:27:31+00:00,0,0,512,512,train,hard,,False,"Window(col_off=0, row_off=0, width=512, height=512)"
ang20191011t182731_r9984_c256_w512_h512,,0.0,ang20191011t182731,/AVIRISNG/Permian2019/ang20191011t182731_r9984_c256_w512_h512,2019-10-11,2019-10-11 18:27:31+00:00,0,0,512,512,train,hard,,False,"Window(col_off=0, row_off=0, width=512, height=512)"
ang20191011t182731_r9216_c0_w512_h512,,0.0,ang20191011t182731,/AVIRISNG/Permian2019/ang20191011t182731_r9216_c0_w512_h512,2019-10-11,2019-10-11 18:27:31+00:00,0,0,512,512,train,random,,False,"Window(col_off=0, row_off=0, width=512, height=512)"
ang20191011t182731_r5376_c0_w512_h512,,0.0,ang20191011t182731,/AVIRISNG/Permian2019/ang20191011t182731_r5376_c0_w512_h512,2019-10-11,2019-10-11 18:27:31+00:00,0,0,512,512,train,random,,False,"Window(col_off=0, row_off=0, width=512, height=512)"
ang20191011t182731_r7168_c0_w512_h512,,0.0,ang20191011t182731,/AVIRISNG/Permian2019/ang20191011t182731_r7168_c0_w512_h512,2019-10-11,2019-10-11 18:27:31+00:00,0,0,512,512,train,random,,False,"Window(col_off=0, row_off=0, width=512, height=512)"
ang20191011t184311_r1280_c0_w512_h512,,0.0,ang20191011t184311,/AVIRISNG/Permian2019/ang20191011t184311_r1280_c0_w512_h512,2019-10-11,2019-10-11 18:43:11+00:00,0,0,512,512,train,hard,,False,"Window(col_off=0, row_off=0, width=512, height=512)"
ang20191011t184311_r256_c0_w512_h512,,0.0,ang20191011t184311,/AVIRISNG/Permian2019/ang20191011t184311_r256_c0_w512_h512,2019-10-11,2019-10-11 18:43:11+00:00,0,0,512,512,train,hard,,False,"Window(col_off=0, row_off=0, width=512, height=512)"
ang20191011t184311_r10240_c0_w512_h512,,0.0,ang20191011t184311,/AVIRISNG/Permian2019/ang20191011t184311_r10240_c0_w512_h512,2019-10-11,2019-10-11 18:43:11+00:00,0,0,512,512,train,hard,,False,"Window(col_off=0, row_off=0, width=512, height=512)"
ang20191011t184311_r9728_c256_w512_h512,,0.0,ang20191011t184311,/AVIRISNG/Permian2019/ang20191011t184311_r9728_c256_w512_h512,2019-10-11,2019-10-11 18:43:11+00:00,0,0,512,512,train,random,,False,"Window(col_off=0, row_off=0, width=512, height=512)"
ang20191011t184311_r7168_c256_w512_h512,,0.0,ang20191011t184311,/AVIRISNG/Permian2019/ang20191011t184311_r7168_c256_w512_h512,2019-10-11,2019-10-11 18:43:11+00:00,0,0,512,512,train,random,,False,"Window(col_off=0, row_off=0, width=512, height=512)"
ang20191011t184311_r2304_c0_w512_h512,,0.0,ang20191011t184311,/AVIRISNG/Permian2019/ang20191011t184311_r2304_c0_w512_h512,2019-10-11,2019-10-11 18:43:11+00:00,0,0,512,512,train,random,,False,"Window(col_off=0, row_off=0, width=512, height=512)"
ang20191011t184311_r3328_c0_w512_h512,,0.0,ang20191011t184311,/AVIRISNG/Permian2019/ang20191011t184311_r3328_c0_w512_h512,2019-10-11,2019-10-11 18:43:11+00:00,0,0,512,512,train,random,,False,"Window(col_off=0, row_off=0, width=512, height=512)"
ang20191011t185825_r0_c0_w512_h512,,0.0,ang20191011t185825,/AVIRISNG/Permian2019/ang20191011t185825_r0_c0_w512_h512,2019-10-11,2019-10-11 18:58:25+00:00,0,0,512,512,train,hard,,False,"Window(col_off=0, row_off=0, width=512, height=512)"
ang20191011t185825_r512_c0_w512_h512,,0.0,ang20191011t185825,/AVIRISNG/Permian2019/ang20191011t185825_r512_c0_w512_h512,2019-10-11,2019-10-11 18:58:25+00:00,0,0,512,512,train,hard,,False,"Window(col_off=0, row_off=0, width=512, height=512)"
ang20191011t185825_r4352_c0_w512_h512,,0.0,ang20191011t185825,/AVIRISNG/Permian2019/ang20191011t185825_r4352_c0_w512_h512,2019-10-11,2019-10-11 18:58:25+00:00,0,0,512,512,train,hard,,False,"Window(col_off=0, row_off=0, width=512, height=512)"
ang20191011t185825_r11264_c256_w512_h512,,0.0,ang20191011t185825,/AVIRISNG/Permian2019/ang20191011t185825_r11264_c256_w512_h512,2019-10-11,2019-10-11 18:58:25+00:00,0,0,512,512,train,random,,False,"Window(col_off=0, row_off=0, width=512, height=512)"
ang20191011t185825_r2048_c0_w512_h512,,0.0,ang20191011t185825,/AVIRISNG/Permian2019/ang20191011t185825_r2048_c0_w512_h512,2019-10-11,2019-10-11 18:58:25+00:00,0,0,512,512,train,random,,False,"Window(col_off=0, row_off=0, width=512, height=512)"
ang20191011t185825_r8704_c0_w512_h512,,0.0,ang20191011t185825,/AVIRISNG/Permian2019/ang20191011t185825_r8704_c0_w512_h512,2019-10-11,2019-10-11 18:58:25+00:00,0,0,512,512,train,random,,False,"Window(col_off=0, row_off=0, width=512, height=512)"
ang20191011t185825_r3840_c0_w512_h512,,0.0,ang20191011t185825,/AVIRISNG/Permian2019/ang20191011t185825_r3840_c0_w512_h512,2019-10-11,2019-10-11 18:58:25+00:00,0,0,512,512,train,random,,False,"Window(col_off=0, row_off=0, width=512, height=512)"
ang20191011t191345_r768_c0_w512_h512,,0.0,ang20191011t191345,/AVIRISNG/Permian2019/ang20191011t191345_r768_c0_w512_h512,2019-10-11,2019-10-11 19:13:45+00:00,0,0,512,512,train,hard,,False,"Window(col_off=0, row_off=0, width=512, height=512)"
ang20191011t191345_r0_c0_w512_h512,,0.0,ang20191011t191345,/AVIRISNG/Permian2019/ang20191011t191345_r0_c0_w512_h512,2019-10-11,2019-10-11 19:13:45+00:00,0,0,512,512,train,hard,,False,"Window(col_off=0, row_off=0, width=512, height=512)"
ang20191011t191345_r1280_c0_w512_h512,,0.0,ang20191011t191345,/AVIRISNG/Permian2019/ang20191011t191345_r1280_c0_w512_h512,2019-10-11,2019-10-11 19:13:45+00:00,0,0,512,512,train,hard,,False,"Window(col_off=0, row_off=0, width=512, height=512)"
ang20191011t191345_r9216_c256_w512_h512,,0.0,ang20191011t191345,/AVIRISNG/Permian2019/ang20191011t191345_r9216_c256_w512_h512,2019-10-11,2019-10-11 19:13:45+00:00,0,0,512,512,train,random,,False,"Window(col_off=0, row_off=0, width=512, height=512)"
ang20191011t191345_r6912_c256_w512_h512,,0.0,ang20191011t191345,/AVIRISNG/Permian2019/ang20191011t191345_r6912_c256_w512_h512,2019-10-11,2019-10-11 19:13:45+00:00,0,0,512,512,train,random,,False,"Window(col_off=0, row_off=0, width=512, height=512)"
ang20191011t192741_r256_c0_w512_h512,,0.0,ang20191011t192741,/AVIRISNG/Permian2019/ang20191011t192741_r256_c0_w512_h512,2019-10-11,2019-10-11 19:27:41+00:00,0,0,512,512,train,hard,,False,"Window(col_off=0, row_off=0, width=512, height=512)"
ang20191011t192741_r11264_c256_w512_h512,,0.0,ang20191011t192741,/AVIRISNG/Permian2019/ang20191011t192741_r11264_c256_w512_h512,2019-10-11,2019-10-11 19:27:41+00:00,0,0,512,512,train,hard,,False,"Window(col_off=0, row_off=0, width=512, height=512)"
ang20191011t192741_r1792_c0_w512_h512,,0.0,ang20191011t192741,/AVIRISNG/Permian2019/ang20191011t192741_r1792_c0_w512_h512,2019-10-11,2019-10-11 19:27:41+00:00,0,0,512,512,train,hard,,False,"Window(col_off=0, row_off=0, width=512, height=512)"
ang20191011t192741_r8704_c0_w512_h512,,0.0,ang20191011t192741,/AVIRISNG/Permian2019/ang20191011t192741_r8704_c0_w512_h512,2019-10-11,2019-10-11 19:27:41+00:00,0,0,512,512,train,random,,False,"Window(col_off=0, row_off=0, width=512, height=512)"
ang20191011t192741_r7936_c0_w512_h512,,0.0,ang20191011t192741,/AVIRISNG/Permian2019/ang20191011t192741_r7936_c0_w512_h512,2019-10-11,2019-10-11 19:27:41+00:00,0,0,512,512,train,random,,False,"Window(col_off=0, row_off=0, width=512, height=512)"
ang20191011t194308_r0_c0_w512_h512,,0.0,ang20191011t194308,/AVIRISNG/Permian2019/ang20191011t194308_r0_c0_w512_h512,2019-10-11,2019-10-11 19:43:08+00:00,0,0,512,512,train,hard,,False,"Window(col_off=0, row_off=0, width=512, height=512)"
ang20191011t194308_r512_c0_w512_h512,,0.0,ang20191011t194308,/AVIRISNG/Permian2019/ang20191011t194308_r512_c0_w512_h512,2019-10-11,2019-10-11 19:43:08+00:00,0,0,512,512,train,hard,,False,"Window(col_off=0, row_off=0, width=512, height=512)"
ang20191011t194308_r1280_c0_w512_h512,,0.0,ang20191011t194308,/AVIRISNG/Permian2019/ang20191011t194308_r1280_c0_w512_h512,2019-10-11,2019-10-11 19:43:08+00:00,0,0,512,512,train,random,,False,"Window(col_off=0, row_off=0, width=512, height=512)"
ang20191011t194308_r9216_c0_w512_h512,,0.0,ang20191011t194308,/AVIRISNG/Permian2019/ang20191011t194308_r9216_c0_w512_h512,2019-10-11,2019-10-11 19:43:08+00:00,0,0,512,512,train,random,,False,"Window(col_off=0, row_off=0, width=512, height=512)"
ang20191012t154407_r2304_c256_w512_h512,,0.0,ang20191012t154407,/AVIRISNG/Permian2019/ang20191012t154407_r2304_c256_w512_h512,2019-10-12,2019-10-12 15:44:07+00:00,0,0,512,512,train,hard,,False,"Window(col_off=0, row_off=0, width=512, height=512)"
ang20191012t154407_r2816_c256_w512_h512,,0.0,ang20191012t154407,/AVIRISNG/Permian2019/ang20191012t154407_r2816_c256_w512_h512,2019-10-12,2019-10-12 15:44:07+00:00,0,0,512,512,train,hard,,False,"Window(col_off=0, row_off=0, width=512, height=512)"
ang20191012t154407_r512_c256_w512_h512,,0.0,ang20191012t154407,/AVIRISNG/Permian2019/ang20191012t154407_r512_c256_w512_h512,2019-10-12,2019-10-12 15:44:07+00:00,0,0,512,512,train,hard,,False,"Window(col_off=0, row_off=0, width=512, height=512)"
ang20191012t154407_r1024_c256_w512_h512,,0.0,ang20191012t154407,/AVIRISNG/Permian2019/ang20191012t154407_r1024_c256_w512_h512,2019-10-12,2019-10-12 15:44:07+00:00,0,0,512,512,train,random,,False,"Window(col_off=0, row_off=0, width=512, height=512)"
ang20191012t154800_r0_c512_w512_h512,,0.0,ang20191012t154800,/AVIRISNG/Permian2019/ang20191012t154800_r0_c512_w512_h512,2019-10-12,2019-10-12 15:48:00+00:00,0,0,512,512,train,hard,,False,"Window(col_off=0, row_off=0, width=512, height=512)"
ang20191012t154800_r4352_c1280_w512_h512,,0.0,ang20191012t154800,/AVIRISNG/Permian2019/ang20191012t154800_r4352_c1280_w512_h512,2019-10-12,2019-10-12 15:48:00+00:00,0,0,512,512,train,hard,,False,"Window(col_off=0, row_off=0, width=512, height=512)"
ang20191012t154800_r512_c512_w512_h512,,0.0,ang20191012t154800,/AVIRISNG/Permian2019/ang20191012t154800_r512_c512_w512_h512,2019-10-12,2019-10-12 15:48:00+00:00,0,0,512,512,train,hard,,False,"Window(col_off=0, row_off=0, width=512, height=512)"
ang20191012t154800_r1536_c768_w512_h512,,0.0,ang20191012t154800,/AVIRISNG/Permian2019/ang20191012t154800_r1536_c768_w512_h512,2019-10-12,2019-10-12 15:48:00+00:00,0,0,512,512,train,random,,False,"Window(col_off=0, row_off=0, width=512, height=512)"
ang20191012t154800_r256_c1280_w512_h512,,0.0,ang20191012t154800,/AVIRISNG/Permian2019/ang20191012t154800_r256_c1280_w512_h512,2019-10-12,2019-10-12 15:48:00+00:00,0,0,512,512,train,random,,False,"Window(col_off=0, row_off=0, width=512, height=512)"
ang20191012t154800_r768_c0_w512_h512,,0.0,ang20191012t154800,/AVIRISNG/Permian2019/ang20191012t154800_r768_c0_w512_h512,2019-10-12,2019-10-12 15:48:00+00:00,0,0,512,512,train,random,,False,"Window(col_off=0, row_off=0, width=512, height=512)"
ang20191012t154800_r5632_c1536_w512_h512,,0.0,ang20191012t154800,/AVIRISNG/Permian2019/ang20191012t154800_r5632_c1536_w512_h512,2019-10-12,2019-10-12 15:48:00+00:00,0,0,512,512,train,random,,False,"Window(col_off=0, row_off=0, width=512, height=512)"
ang20191012t155942_r2048_c0_w512_h512,,0.0,ang20191012t155942,/AVIRISNG/Permian2019/ang20191012t155942_r2048_c0_w512_h512,2019-10-12,2019-10-12 15:59:42+00:00,0,0,512,512,train,hard,,False,"Window(col_off=0, row_off=0, width=512, height=512)"
ang20191012t155942_r512_c0_w512_h512,,0.0,ang20191012t155942,/AVIRISNG/Permian2019/ang20191012t155942_r512_c0_w512_h512,2019-10-12,2019-10-12 15:59:42+00:00,0,0,512,512,train,hard,,False,"Window(col_off=0, row_off=0, width=512, height=512)"
ang20191012t155942_r0_c0_w512_h512,,0.0,ang20191012t155942,/AVIRISNG/Permian2019/ang20191012t155942_r0_c0_w512_h512,2019-10-12,2019-10-12 15:59:42+00:00,0,0,512,512,train,hard,,False,"Window(col_off=0, row_off=0, width=512, height=512)"
ang20191012t155942_r3072_c0_w512_h512,,0.0,ang20191012t155942,/AVIRISNG/Permian2019/ang20191012t155942_r3072_c0_w512_h512,2019-10-12,2019-10-12 15:59:42+00:00,0,0,512,512,train,random,,False,"Window(col_off=0, row_off=0, width=512, height=512)"
ang20191012t155942_r2560_c0_w512_h512,,0.0,ang20191012t155942,/AVIRISNG/Permian2019/ang20191012t155942_r2560_c0_w512_h512,2019-10-12,2019-10-12 15:59:42+00:00,0,0,512,512,train,random,,False,"Window(col_off=0, row_off=0, width=512, height=512)"
ang20191012t162223_r1024_c0_w512_h512,,0.0,ang20191012t162223,/AVIRISNG/Permian2019/ang20191012t162223_r1024_c0_w512_h512,2019-10-12,2019-10-12 16:22:23+00:00,0,0,512,512,train,hard,,False,"Window(col_off=0, row_off=0, width=512, height=512)"
ang20191012t162223_r1536_c256_w512_h512,,0.0,ang20191012t162223,/AVIRISNG/Permian2019/ang20191012t162223_r1536_c256_w512_h512,2019-10-12,2019-10-12 16:22:23+00:00,0,0,512,512,train,hard,,False,"Window(col_off=0, row_off=0, width=512, height=512)"
ang20191012t162223_r2048_c0_w512_h512,,0.0,ang20191012t162223,/AVIRISNG/Permian2019/ang20191012t162223_r2048_c0_w512_h512,2019-10-12,2019-10-12 16:22:23+00:00,0,0,512,512,train,hard,,False,"Window(col_off=0, row_off=0, width=512, height=512)"
ang20191012t162223_r0_c0_w512_h512,,0.0,ang20191012t162223,/AVIRISNG/Permian2019/ang20191012t162223_r0_c0_w512_h512,2019-10-12,2019-10-12 16:22:23+00:00,0,0,512,512,train,random,,False,"Window(col_off=0, row_off=0, width=512, height=512)"
ang20191012t162223_r4608_c0_w512_h512,,0.0,ang20191012t162223,/AVIRISNG/Permian2019/ang20191012t162223_r4608_c0_w512_h512,2019-10-12,2019-10-12 16:22:23+00:00,0,0,512,512,train,random,,False,"Window(col_off=0, row_off=0, width=512, height=512)"
ang20191013t144828_r2048_c0_w512_h512,,0.0,ang20191013t144828,/AVIRISNG/Permian2019/ang20191013t144828_r2048_c0_w512_h512,2019-10-13,2019-10-13 14:48:28+00:00,0,0,512,512,train,hard,,False,"Window(col_off=0, row_off=0, width=512, height=512)"
ang20191013t145516_r13056_c0_w512_h512,,0.0,ang20191013t145516,/AVIRISNG/Permian2019/ang20191013t145516_r13056_c0_w512_h512,2019-10-13,2019-10-13 14:55:16+00:00,0,0,512,512,train,hard,,False,"Window(col_off=0, row_off=0, width=512, height=512)"
ang20191013t145516_r6912_c256_w512_h512,,0.0,ang20191013t145516,/AVIRISNG/Permian2019/ang20191013t145516_r6912_c256_w512_h512,2019-10-13,2019-10-13 14:55:16+00:00,0,0,512,512,train,hard,,False,"Window(col_off=0, row_off=0, width=512, height=512)"
ang20191013t145516_r1024_c256_w512_h512,,0.0,ang20191013t145516,/AVIRISNG/Permian2019/ang20191013t145516_r1024_c256_w512_h512,2019-10-13,2019-10-13 14:55:16+00:00,0,0,512,512,train,random,,False,"Window(col_off=0, row_off=0, width=512, height=512)"
ang20191013t145516_r13568_c0_w512_h512,,0.0,ang20191013t145516,/AVIRISNG/Permian2019/ang20191013t145516_r13568_c0_w512_h512,2019-10-13,2019-10-13 14:55:16+00:00,0,0,512,512,train,random,,False,"Window(col_off=0, row_off=0, width=512, height=512)"
ang20191013t145516_r16384_c0_w512_h512,,0.0,ang20191013t145516,/AVIRISNG/Permian2019/ang20191013t145516_r16384_c0_w512_h512,2019-10-13,2019-10-13 14:55:16+00:00,0,0,512,512,train,random,,False,"Window(col_off=0, row_off=0, width=512, height=512)"
ang20191013t145516_r8704_c0_w512_h512,,0.0,ang20191013t145516,/AVIRISNG/Permian2019/ang20191013t145516_r8704_c0_w512_h512,2019-10-13,2019-10-13 14:55:16+00:00,0,0,512,512,train,random,,False,"Window(col_off=0, row_off=0, width=512, height=512)"
ang20191013t151222_r3072_c0_w512_h512,,0.0,ang20191013t151222,/AVIRISNG/Permian2019/ang20191013t151222_r3072_c0_w512_h512,2019-10-13,2019-10-13 15:12:22+00:00,0,0,512,512,train,hard,,False,"Window(col_off=0, row_off=0, width=512, height=512)"
ang20191013t151222_r4096_c0_w512_h512,,0.0,ang20191013t151222,/AVIRISNG/Permian2019/ang20191013t151222_r4096_c0_w512_h512,2019-10-13,2019-10-13 15:12:22+00:00,0,0,512,512,train,hard,,False,"Window(col_off=0, row_off=0, width=512, height=512)"
ang20191013t151222_r11264_c256_w512_h512,,0.0,ang20191013t151222,/AVIRISNG/Permian2019/ang20191013t151222_r11264_c256_w512_h512,2019-10-13,2019-10-13 15:12:22+00:00,0,0,512,512,train,random,,False,"Window(col_off=0, row_off=0, width=512, height=512)"
ang20191013t151222_r15872_c0_w512_h512,,0.0,ang20191013t151222,/AVIRISNG/Permian2019/ang20191013t151222_r15872_c0_w512_h512,2019-10-13,2019-10-13 15:12:22+00:00,0,0,512,512,train,random,,False,"Window(col_off=0, row_off=0, width=512, height=512)"
ang20191013t151222_r9216_c0_w512_h512,,0.0,ang20191013t151222,/AVIRISNG/Permian2019/ang20191013t151222_r9216_c0_w512_h512,2019-10-13,2019-10-13 15:12:22+00:00,0,0,512,512,train,random,,False,"Window(col_off=0, row_off=0, width=512, height=512)"
ang20191013t152730_r4864_c0_w512_h512,,0.0,ang20191013t152730,/AVIRISNG/Permian2019/ang20191013t152730_r4864_c0_w512_h512,2019-10-13,2019-10-13 15:27:30+00:00,0,0,512,512,train,hard,,False,"Window(col_off=0, row_off=0, width=512, height=512)"
ang20191013t152730_r13568_c0_w512_h512,,0.0,ang20191013t152730,/AVIRISNG/Permian2019/ang20191013t152730_r13568_c0_w512_h512,2019-10-13,2019-10-13 15:27:30+00:00,0,0,512,512,train,hard,,False,"Window(col_off=0, row_off=0, width=512, height=512)"
ang20191013t152730_r5632_c0_w512_h512,,0.0,ang20191013t152730,/AVIRISNG/Permian2019/ang20191013t152730_r5632_c0_w512_h512,2019-10-13,2019-10-13 15:27:30+00:00,0,0,512,512,train,random,,False,"Window(col_off=0, row_off=0, width=512, height=512)"
ang20191013t152730_r512_c256_w512_h512,,0.0,ang20191013t152730,/AVIRISNG/Permian2019/ang20191013t152730_r512_c256_w512_h512,2019-10-13,2019-10-13 15:27:30+00:00,0,0,512,512,train,random,,False,"Window(col_off=0, row_off=0, width=512, height=512)"
ang20191013t152730_r3072_c256_w512_h512,,0.0,ang20191013t152730,/AVIRISNG/Permian2019/ang20191013t152730_r3072_c256_w512_h512,2019-10-13,2019-10-13 15:27:30+00:00,0,0,512,512,train,random,,False,"Window(col_off=0, row_off=0, width=512, height=512)"
ang20191013t152730_r8192_c0_w512_h512,,0.0,ang20191013t152730,/AVIRISNG/Permian2019/ang20191013t152730_r8192_c0_w512_h512,2019-10-13,2019-10-13 15:27:30+00:00,0,0,512,512,train,random,,False,"Window(col_off=0, row_off=0, width=512, height=512)"
ang20191013t154421_r5376_c0_w512_h512,,0.0,ang20191013t154421,/AVIRISNG/Permian2019/ang20191013t154421_r5376_c0_w512_h512,2019-10-13,2019-10-13 15:44:21+00:00,0,0,512,512,train,hard,,False,"Window(col_off=0, row_off=0, width=512, height=512)"
ang20191013t154421_r4864_c0_w512_h512,,0.0,ang20191013t154421,/AVIRISNG/Permian2019/ang20191013t154421_r4864_c0_w512_h512,2019-10-13,2019-10-13 15:44:21+00:00,0,0,512,512,train,hard,,False,"Window(col_off=0, row_off=0, width=512, height=512)"
ang20191013t154421_r4352_c256_w512_h512,,0.0,ang20191013t154421,/AVIRISNG/Permian2019/ang20191013t154421_r4352_c256_w512_h512,2019-10-13,2019-10-13 15:44:21+00:00,0,0,512,512,train,hard,,False,"Window(col_off=0, row_off=0, width=512, height=512)"
ang20191013t154421_r17664_c0_w512_h512,,0.0,ang20191013t154421,/AVIRISNG/Permian2019/ang20191013t154421_r17664_c0_w512_h512,2019-10-13,2019-10-13 15:44:21+00:00,0,0,512,512,train,random,,False,"Window(col_off=0, row_off=0, width=512, height=512)"
ang20191013t154421_r18944_c0_w512_h512,,0.0,ang20191013t154421,/AVIRISNG/Permian2019/ang20191013t154421_r18944_c0_w512_h512,2019-10-13,2019-10-13 15:44:21+00:00,0,0,512,512,train,random,,False,"Window(col_off=0, row_off=0, width=512, height=512)"
ang20191013t154421_r12288_c0_w512_h512,,0.0,ang20191013t154421,/AVIRISNG/Permian2019/ang20191013t154421_r12288_c0_w512_h512,2019-10-13,2019-10-13 15:44:21+00:00,0,0,512,512,train,random,,False,"Window(col_off=0, row_off=0, width=512, height=512)"
ang20191013t155909_r6912_c0_w512_h512,,0.0,ang20191013t155909,/AVIRISNG/Permian2019/ang20191013t155909_r6912_c0_w512_h512,2019-10-13,2019-10-13 15:59:09+00:00,0,0,512,512,train,hard,,False,"Window(col_off=0, row_off=0, width=512, height=512)"
ang20191013t155909_r6400_c256_w512_h512,,0.0,ang20191013t155909,/AVIRISNG/Permian2019/ang20191013t155909_r6400_c256_w512_h512,2019-10-13,2019-10-13 15:59:09+00:00,0,0,512,512,train,hard,,False,"Window(col_off=0, row_off=0, width=512, height=512)"
ang20191013t155909_r5888_c0_w512_h512,,0.0,ang20191013t155909,/AVIRISNG/Permian2019/ang20191013t155909_r5888_c0_w512_h512,2019-10-13,2019-10-13 15:59:09+00:00,0,0,512,512,train,hard,,False,"Window(col_off=0, row_off=0, width=512, height=512)"
ang20191013t155909_r2816_c0_w512_h512,,0.0,ang20191013t155909,/AVIRISNG/Permian2019/ang20191013t155909_r2816_c0_w512_h512,2019-10-13,2019-10-13 15:59:09+00:00,0,0,512,512,train,random,,False,"Window(col_off=0, row_off=0, width=512, height=512)"
ang20191013t155909_r16128_c0_w512_h512,,0.0,ang20191013t155909,/AVIRISNG/Permian2019/ang20191013t155909_r16128_c0_w512_h512,2019-10-13,2019-10-13 15:59:09+00:00,0,0,512,512,train,random,,False,"Window(col_off=0, row_off=0, width=512, height=512)"
ang20191013t155909_r14592_c0_w512_h512,,0.0,ang20191013t155909,/AVIRISNG/Permian2019/ang20191013t155909_r14592_c0_w512_h512,2019-10-13,2019-10-13 15:59:09+00:00,0,0,512,512,train,random,,False,"Window(col_off=0, row_off=0, width=512, height=512)"
ang20191013t161540_r6912_c256_w512_h512,,0.0,ang20191013t161540,/AVIRISNG/Permian2019/ang20191013t161540_r6912_c256_w512_h512,2019-10-13,2019-10-13 16:15:40+00:00,0,0,512,512,train,hard,,False,"Window(col_off=0, row_off=0, width=512, height=512)"
ang20191013t161540_r6144_c0_w512_h512,,0.0,ang20191013t161540,/AVIRISNG/Permian2019/ang20191013t161540_r6144_c0_w512_h512,2019-10-13,2019-10-13 16:15:40+00:00,0,0,512,512,train,hard,,False,"Window(col_off=0, row_off=0, width=512, height=512)"
ang20191013t161540_r5376_c0_w512_h512,,0.0,ang20191013t161540,/AVIRISNG/Permian2019/ang20191013t161540_r5376_c0_w512_h512,2019-10-13,2019-10-13 16:15:40+00:00,0,0,512,512,train,hard,,False,"Window(col_off=0, row_off=0, width=512, height=512)"
ang20191013t161540_r16896_c0_w512_h512,,0.0,ang20191013t161540,/AVIRISNG/Permian2019/ang20191013t161540_r16896_c0_w512_h512,2019-10-13,2019-10-13 16:15:40+00:00,0,0,512,512,train,random,,False,"Window(col_off=0, row_off=0, width=512, height=512)"
ang20191013t161540_r14336_c0_w512_h512,,0.0,ang20191013t161540,/AVIRISNG/Permian2019/ang20191013t161540_r14336_c0_w512_h512,2019-10-13,2019-10-13 16:15:40+00:00,0,0,512,512,train,random,,False,"Window(col_off=0, row_off=0, width=512, height=512)"
ang20191013t161540_r10752_c0_w512_h512,,0.0,ang20191013t161540,/AVIRISNG/Permian2019/ang20191013t161540_r10752_c0_w512_h512,2019-10-13,2019-10-13 16:15:40+00:00,0,0,512,512,train,random,,False,"Window(col_off=0, row_off=0, width=512, height=512)"
ang20191013t161540_r9472_c0_w512_h512,,0.0,ang20191013t161540,/AVIRISNG/Permian2019/ang20191013t161540_r9472_c0_w512_h512,2019-10-13,2019-10-13 16:15:40+00:00,0,0,512,512,train,random,,False,"Window(col_off=0, row_off=0, width=512, height=512)"
ang20191013t164602_r6656_c256_w512_h512,,0.0,ang20191013t164602,/AVIRISNG/Permian2019/ang20191013t164602_r6656_c256_w512_h512,2019-10-13,2019-10-13 16:46:02+00:00,0,0,512,512,train,hard,,False,"Window(col_off=0, row_off=0, width=512, height=512)"
ang20191013t164602_r5888_c256_w512_h512,,0.0,ang20191013t164602,/AVIRISNG/Permian2019/ang20191013t164602_r5888_c256_w512_h512,2019-10-13,2019-10-13 16:46:02+00:00,0,0,512,512,train,hard,,False,"Window(col_off=0, row_off=0, width=512, height=512)"
ang20191013t164602_r4864_c0_w512_h512,,0.0,ang20191013t164602,/AVIRISNG/Permian2019/ang20191013t164602_r4864_c0_w512_h512,2019-10-13,2019-10-13 16:46:02+00:00,0,0,512,512,train,hard,,False,"Window(col_off=0, row_off=0, width=512, height=512)"
ang20191013t164602_r10496_c0_w512_h512,,0.0,ang20191013t164602,/AVIRISNG/Permian2019/ang20191013t164602_r10496_c0_w512_h512,2019-10-13,2019-10-13 16:46:02+00:00,0,0,512,512,train,random,,False,"Window(col_off=0, row_off=0, width=512, height=512)"
ang20191013t164602_r1024_c256_w512_h512,,0.0,ang20191013t164602,/AVIRISNG/Permian2019/ang20191013t164602_r1024_c256_w512_h512,2019-10-13,2019-10-13 16:46:02+00:00,0,0,512,512,train,random,,False,"Window(col_off=0, row_off=0, width=512, height=512)"
ang20191013t164602_r12800_c0_w512_h512,,0.0,ang20191013t164602,/AVIRISNG/Permian2019/ang20191013t164602_r12800_c0_w512_h512,2019-10-13,2019-10-13 16:46:02+00:00,0,0,512,512,train,random,,False,"Window(col_off=0, row_off=0, width=512, height=512)"
ang20191013t164602_r2560_c256_w512_h512,,0.0,ang20191013t164602,/AVIRISNG/Permian2019/ang20191013t164602_r2560_c256_w512_h512,2019-10-13,2019-10-13 16:46:02+00:00,0,0,512,512,train,random,,False,"Window(col_off=0, row_off=0, width=512, height=512)"
ang20191013t170032_r5632_c256_w512_h512,,0.0,ang20191013t170032,/AVIRISNG/Permian2019/ang20191013t170032_r5632_c256_w512_h512,2019-10-13,2019-10-13 17:00:32+00:00,0,0,512,512,train,hard,,False,"Window(col_off=0, row_off=0, width=512, height=512)"
ang20191013t170032_r6144_c256_w512_h512,,0.0,ang20191013t170032,/AVIRISNG/Permian2019/ang20191013t170032_r6144_c256_w512_h512,2019-10-13,2019-10-13 17:00:32+00:00,0,0,512,512,train,hard,,False,"Window(col_off=0, row_off=0, width=512, height=512)"
ang20191013t170032_r5120_c256_w512_h512,,0.0,ang20191013t170032,/AVIRISNG/Permian2019/ang20191013t170032_r5120_c256_w512_h512,2019-10-13,2019-10-13 17:00:32+00:00,0,0,512,512,train,hard,,False,"Window(col_off=0, row_off=0, width=512, height=512)"
ang20191013t170032_r3328_c0_w512_h512,,0.0,ang20191013t170032,/AVIRISNG/Permian2019/ang20191013t170032_r3328_c0_w512_h512,2019-10-13,2019-10-13 17:00:32+00:00,0,0,512,512,train,random,,False,"Window(col_off=0, row_off=0, width=512, height=512)"
ang20191013t170032_r1536_c256_w512_h512,,0.0,ang20191013t170032,/AVIRISNG/Permian2019/ang20191013t170032_r1536_c256_w512_h512,2019-10-13,2019-10-13 17:00:32+00:00,0,0,512,512,train,random,,False,"Window(col_off=0, row_off=0, width=512, height=512)"
ang20191013t170032_r11264_c0_w512_h512,,0.0,ang20191013t170032,/AVIRISNG/Permian2019/ang20191013t170032_r11264_c0_w512_h512,2019-10-13,2019-10-13 17:00:32+00:00,0,0,512,512,train,random,,False,"Window(col_off=0, row_off=0, width=512, height=512)"
ang20191013t171742_r9728_c256_w512_h512,,0.0,ang20191013t171742,/AVIRISNG/Permian2019/ang20191013t171742_r9728_c256_w512_h512,2019-10-13,2019-10-13 17:17:42+00:00,0,0,512,512,train,hard,,False,"Window(col_off=0, row_off=0, width=512, height=512)"
ang20191013t171742_r7936_c256_w512_h512,,0.0,ang20191013t171742,/AVIRISNG/Permian2019/ang20191013t171742_r7936_c256_w512_h512,2019-10-13,2019-10-13 17:17:42+00:00,0,0,512,512,train,hard,,False,"Window(col_off=0, row_off=0, width=512, height=512)"
ang20191013t171742_r4864_c0_w512_h512,,0.0,ang20191013t171742,/AVIRISNG/Permian2019/ang20191013t171742_r4864_c0_w512_h512,2019-10-13,2019-10-13 17:17:42+00:00,0,0,512,512,train,random,,False,"Window(col_off=0, row_off=0, width=512, height=512)"
ang20191013t171742_r7424_c256_w512_h512,,0.0,ang20191013t171742,/AVIRISNG/Permian2019/ang20191013t171742_r7424_c256_w512_h512,2019-10-13,2019-10-13 17:17:42+00:00,0,0,512,512,train,random,,False,"Window(col_off=0, row_off=0, width=512, height=512)"
ang20191013t171742_r4352_c256_w512_h512,,0.0,ang20191013t171742,/AVIRISNG/Permian2019/ang20191013t171742_r4352_c256_w512_h512,2019-10-13,2019-10-13 17:17:42+00:00,0,0,512,512,train,random,,False,"Window(col_off=0, row_off=0, width=512, height=512)"
ang20191013t171742_r2560_c256_w512_h512,,0.0,ang20191013t171742,/AVIRISNG/Permian2019/ang20191013t171742_r2560_c256_w512_h512,2019-10-13,2019-10-13 17:17:42+00:00,0,0,512,512,train,random,,False,"Window(col_off=0, row_off=0, width=512, height=512)"
ang20191013t173258_r11776_c0_w512_h512,,0.0,ang20191013t173258,/AVIRISNG/Permian2019/ang20191013t173258_r11776_c0_w512_h512,2019-10-13,2019-10-13 17:32:58+00:00,0,0,512,512,train,hard,,False,"Window(col_off=0, row_off=0, width=512, height=512)"
ang20191013t173258_r8960_c0_w512_h512,,0.0,ang20191013t173258,/AVIRISNG/Permian2019/ang20191013t173258_r8960_c0_w512_h512,2019-10-13,2019-10-13 17:32:58+00:00,0,0,512,512,train,hard,,False,"Window(col_off=0, row_off=0, width=512, height=512)"
ang20191013t173258_r12288_c0_w512_h512,,0.0,ang20191013t173258,/AVIRISNG/Permian2019/ang20191013t173258_r12288_c0_w512_h512,2019-10-13,2019-10-13 17:32:58+00:00,0,0,512,512,train,hard,,False,"Window(col_off=0, row_off=0, width=512, height=512)"
ang20191013t173258_r2048_c0_w512_h512,,0.0,ang20191013t173258,/AVIRISNG/Permian2019/ang20191013t173258_r2048_c0_w512_h512,2019-10-13,2019-10-13 17:32:58+00:00,0,0,512,512,train,random,,False,"Window(col_off=0, row_off=0, width=512, height=512)"
ang20191013t173258_r18432_c0_w512_h512,,0.0,ang20191013t173258,/AVIRISNG/Permian2019/ang20191013t173258_r18432_c0_w512_h512,2019-10-13,2019-10-13 17:32:58+00:00,0,0,512,512,train,random,,False,"Window(col_off=0, row_off=0, width=512, height=512)"
ang20191013t173258_r7168_c256_w512_h512,,0.0,ang20191013t173258,/AVIRISNG/Permian2019/ang20191013t173258_r7168_c256_w512_h512,2019-10-13,2019-10-13 17:32:58+00:00,0,0,512,512,train,random,,False,"Window(col_off=0, row_off=0, width=512, height=512)"
ang20191013t174928_r12800_c0_w512_h512,,0.0,ang20191013t174928,/AVIRISNG/Permian2019/ang20191013t174928_r12800_c0_w512_h512,2019-10-13,2019-10-13 17:49:28+00:00,0,0,512,512,train,hard,,False,"Window(col_off=0, row_off=0, width=512, height=512)"
ang20191013t174928_r13312_c0_w512_h512,,0.0,ang20191013t174928,/AVIRISNG/Permian2019/ang20191013t174928_r13312_c0_w512_h512,2019-10-13,2019-10-13 17:49:28+00:00,0,0,512,512,train,hard,,False,"Window(col_off=0, row_off=0, width=512, height=512)"
ang20191013t174928_r9728_c256_w512_h512,,0.0,ang20191013t174928,/AVIRISNG/Permian2019/ang20191013t174928_r9728_c256_w512_h512,2019-10-13,2019-10-13 17:49:28+00:00,0,0,512,512,train,hard,,False,"Window(col_off=0, row_off=0, width=512, height=512)"
ang20191013t174928_r8960_c0_w512_h512,,0.0,ang20191013t174928,/AVIRISNG/Permian2019/ang20191013t174928_r8960_c0_w512_h512,2019-10-13,2019-10-13 17:49:28+00:00,0,0,512,512,train,random,,False,"Window(col_off=0, row_off=0, width=512, height=512)"
ang20191013t174928_r7424_c256_w512_h512,,0.0,ang20191013t174928,/AVIRISNG/Permian2019/ang20191013t174928_r7424_c256_w512_h512,2019-10-13,2019-10-13 17:49:28+00:00,0,0,512,512,train,random,,False,"Window(col_off=0, row_off=0, width=512, height=512)"
ang20191013t174928_r17408_c0_w512_h512,,0.0,ang20191013t174928,/AVIRISNG/Permian2019/ang20191013t174928_r17408_c0_w512_h512,2019-10-13,2019-10-13 17:49:28+00:00,0,0,512,512,train,random,,False,"Window(col_off=0, row_off=0, width=512, height=512)"
ang20191013t174928_r4608_c256_w512_h512,,0.0,ang20191013t174928,/AVIRISNG/Permian2019/ang20191013t174928_r4608_c256_w512_h512,2019-10-13,2019-10-13 17:49:28+00:00,0,0,512,512,train,random,,False,"Window(col_off=0, row_off=0, width=512, height=512)"
ang20191013t180441_r13056_c0_w512_h512,,0.0,ang20191013t180441,/AVIRISNG/Permian2019/ang20191013t180441_r13056_c0_w512_h512,2019-10-13,2019-10-13 18:04:41+00:00,0,0,512,512,train,hard,,False,"Window(col_off=0, row_off=0, width=512, height=512)"
ang20191013t180441_r13568_c0_w512_h512,,0.0,ang20191013t180441,/AVIRISNG/Permian2019/ang20191013t180441_r13568_c0_w512_h512,2019-10-13,2019-10-13 18:04:41+00:00,0,0,512,512,train,hard,,False,"Window(col_off=0, row_off=0, width=512, height=512)"
ang20191013t180441_r8448_c0_w512_h512,,0.0,ang20191013t180441,/AVIRISNG/Permian2019/ang20191013t180441_r8448_c0_w512_h512,2019-10-13,2019-10-13 18:04:41+00:00,0,0,512,512,train,hard,,False,"Window(col_off=0, row_off=0, width=512, height=512)"
ang20191013t180441_r5888_c0_w512_h512,,0.0,ang20191013t180441,/AVIRISNG/Permian2019/ang20191013t180441_r5888_c0_w512_h512,2019-10-13,2019-10-13 18:04:41+00:00,0,0,512,512,train,random,,False,"Window(col_off=0, row_off=0, width=512, height=512)"
ang20191013t180441_r1024_c0_w512_h512,,0.0,ang20191013t180441,/AVIRISNG/Permian2019/ang20191013t180441_r1024_c0_w512_h512,2019-10-13,2019-10-13 18:04:41+00:00,0,0,512,512,train,random,,False,"Window(col_off=0, row_off=0, width=512, height=512)"
ang20191013t180441_r14592_c0_w512_h512,,0.0,ang20191013t180441,/AVIRISNG/Permian2019/ang20191013t180441_r14592_c0_w512_h512,2019-10-13,2019-10-13 18:04:41+00:00,0,0,512,512,train,random,,False,"Window(col_off=0, row_off=0, width=512, height=512)"
ang20191013t180441_r6400_c0_w512_h512,,0.0,ang20191013t180441,/AVIRISNG/Permian2019/ang20191013t180441_r6400_c0_w512_h512,2019-10-13,2019-10-13 18:04:41+00:00,0,0,512,512,train,random,,False,"Window(col_off=0, row_off=0, width=512, height=512)"
ang20191013t182140_r14336_c0_w512_h512,,0.0,ang20191013t182140,/AVIRISNG/Permian2019/ang20191013t182140_r14336_c0_w512_h512,2019-10-13,2019-10-13 18:21:40+00:00,0,0,512,512,train,hard,,False,"Window(col_off=0, row_off=0, width=512, height=512)"
ang20191013t182140_r11264_c0_w512_h512,,0.0,ang20191013t182140,/AVIRISNG/Permian2019/ang20191013t182140_r11264_c0_w512_h512,2019-10-13,2019-10-13 18:21:40+00:00,0,0,512,512,train,hard,,False,"Window(col_off=0, row_off=0, width=512, height=512)"
ang20191013t182140_r7168_c0_w512_h512,,0.0,ang20191013t182140,/AVIRISNG/Permian2019/ang20191013t182140_r7168_c0_w512_h512,2019-10-13,2019-10-13 18:21:40+00:00,0,0,512,512,train,random,,False,"Window(col_off=0, row_off=0, width=512, height=512)"
ang20191013t182140_r17408_c0_w512_h512,,0.0,ang20191013t182140,/AVIRISNG/Permian2019/ang20191013t182140_r17408_c0_w512_h512,2019-10-13,2019-10-13 18:21:40+00:00,0,0,512,512,train,random,,False,"Window(col_off=0, row_off=0, width=512, height=512)"
ang20191013t182140_r2560_c0_w512_h512,,0.0,ang20191013t182140,/AVIRISNG/Permian2019/ang20191013t182140_r2560_c0_w512_h512,2019-10-13,2019-10-13 18:21:40+00:00,0,0,512,512,train,random,,False,"Window(col_off=0, row_off=0, width=512, height=512)"
ang20191013t182140_r15104_c0_w512_h512,,0.0,ang20191013t182140,/AVIRISNG/Permian2019/ang20191013t182140_r15104_c0_w512_h512,2019-10-13,2019-10-13 18:21:40+00:00,0,0,512,512,train,random,,False,"Window(col_off=0, row_off=0, width=512, height=512)"
ang20191013t185356_r256_c256_w512_h512,,0.0,ang20191013t185356,/AVIRISNG/Permian2019/ang20191013t185356_r256_c256_w512_h512,2019-10-13,2019-10-13 18:53:56+00:00,0,0,512,512,train,hard,,False,"Window(col_off=0, row_off=0, width=512, height=512)"
ang20191013t185356_r3072_c256_w512_h512,,0.0,ang20191013t185356,/AVIRISNG/Permian2019/ang20191013t185356_r3072_c256_w512_h512,2019-10-13,2019-10-13 18:53:56+00:00,0,0,512,512,train,hard,,False,"Window(col_off=0, row_off=0, width=512, height=512)"
ang20191013t185356_r768_c256_w512_h512,,0.0,ang20191013t185356,/AVIRISNG/Permian2019/ang20191013t185356_r768_c256_w512_h512,2019-10-13,2019-10-13 18:53:56+00:00,0,0,512,512,train,hard,,False,"Window(col_off=0, row_off=0, width=512, height=512)"
ang20191013t185356_r11520_c0_w512_h512,,0.0,ang20191013t185356,/AVIRISNG/Permian2019/ang20191013t185356_r11520_c0_w512_h512,2019-10-13,2019-10-13 18:53:56+00:00,0,0,512,512,train,random,,False,"Window(col_off=0, row_off=0, width=512, height=512)"
ang20191013t185356_r13312_c0_w512_h512,,0.0,ang20191013t185356,/AVIRISNG/Permian2019/ang20191013t185356_r13312_c0_w512_h512,2019-10-13,2019-10-13 18:53:56+00:00,0,0,512,512,train,random,,False,"Window(col_off=0, row_off=0, width=512, height=512)"
ang20191013t185356_r6656_c256_w512_h512,,0.0,ang20191013t185356,/AVIRISNG/Permian2019/ang20191013t185356_r6656_c256_w512_h512,2019-10-13,2019-10-13 18:53:56+00:00,0,0,512,512,train,random,,False,"Window(col_off=0, row_off=0, width=512, height=512)"
ang20191013t192848_r6144_c256_w512_h512,,0.0,ang20191013t192848,/AVIRISNG/Permian2019/ang20191013t192848_r6144_c256_w512_h512,2019-10-13,2019-10-13 19:28:48+00:00,0,0,512,512,train,hard,,False,"Window(col_off=0, row_off=0, width=512, height=512)"
ang20191013t192848_r19200_c0_w512_h512,,0.0,ang20191013t192848,/AVIRISNG/Permian2019/ang20191013t192848_r19200_c0_w512_h512,2019-10-13,2019-10-13 19:28:48+00:00,0,0,512,512,train,random,,False,"Window(col_off=0, row_off=0, width=512, height=512)"
ang20191013t192848_r8448_c256_w512_h512,,0.0,ang20191013t192848,/AVIRISNG/Permian2019/ang20191013t192848_r8448_c256_w512_h512,2019-10-13,2019-10-13 19:28:48+00:00,0,0,512,512,train,random,,False,"Window(col_off=0, row_off=0, width=512, height=512)"
ang20191013t192848_r9728_c256_w512_h512,,0.0,ang20191013t192848,/AVIRISNG/Permian2019/ang20191013t192848_r9728_c256_w512_h512,2019-10-13,2019-10-13 19:28:48+00:00,0,0,512,512,train,random,,False,"Window(col_off=0, row_off=0, width=512, height=512)"
ang20191013t192848_r7680_c256_w512_h512,,0.0,ang20191013t192848,/AVIRISNG/Permian2019/ang20191013t192848_r7680_c256_w512_h512,2019-10-13,2019-10-13 19:28:48+00:00,0,0,512,512,train,random,,False,"Window(col_off=0, row_off=0, width=512, height=512)"
ang20191016t143714_r4608_c256_w512_h512,,0.0,ang20191016t143714,/AVIRISNG/Permian2019/ang20191016t143714_r4608_c256_w512_h512,2019-10-16,2019-10-16 14:37:14+00:00,0,0,512,512,train,hard,,False,"Window(col_off=0, row_off=0, width=512, height=512)"
ang20191016t143714_r3584_c256_w512_h512,,0.0,ang20191016t143714,/AVIRISNG/Permian2019/ang20191016t143714_r3584_c256_w512_h512,2019-10-16,2019-10-16 14:37:14+00:00,0,0,512,512,train,hard,,False,"Window(col_off=0, row_off=0, width=512, height=512)"
ang20191016t143714_r5632_c256_w512_h512,,0.0,ang20191016t143714,/AVIRISNG/Permian2019/ang20191016t143714_r5632_c256_w512_h512,2019-10-16,2019-10-16 14:37:14+00:00,0,0,512,512,train,hard,,False,"Window(col_off=0, row_off=0, width=512, height=512)"
ang20191016t143714_r1792_c256_w512_h512,,0.0,ang20191016t143714,/AVIRISNG/Permian2019/ang20191016t143714_r1792_c256_w512_h512,2019-10-16,2019-10-16 14:37:14+00:00,0,0,512,512,train,random,,False,"Window(col_off=0, row_off=0, width=512, height=512)"
ang20191016t143714_r8704_c256_w512_h512,,0.0,ang20191016t143714,/AVIRISNG/Permian2019/ang20191016t143714_r8704_c256_w512_h512,2019-10-16,2019-10-16 14:37:14+00:00,0,0,512,512,train,random,,False,"Window(col_off=0, row_off=0, width=512, height=512)"
ang20191016t143714_r8192_c512_w512_h512,,0.0,ang20191016t143714,/AVIRISNG/Permian2019/ang20191016t143714_r8192_c512_w512_h512,2019-10-16,2019-10-16 14:37:14+00:00,0,0,512,512,train,random,,False,"Window(col_off=0, row_off=0, width=512, height=512)"
ang20191016t145145_r7168_c256_w512_h512,,0.0,ang20191016t145145,/AVIRISNG/Permian2019/ang20191016t145145_r7168_c256_w512_h512,2019-10-16,2019-10-16 14:51:45+00:00,0,0,512,512,train,hard,,False,"Window(col_off=0, row_off=0, width=512, height=512)"
ang20191016t145145_r7936_c256_w512_h512,,0.0,ang20191016t145145,/AVIRISNG/Permian2019/ang20191016t145145_r7936_c256_w512_h512,2019-10-16,2019-10-16 14:51:45+00:00,0,0,512,512,train,hard,,False,"Window(col_off=0, row_off=0, width=512, height=512)"
ang20191016t145145_r10752_c256_w512_h512,,0.0,ang20191016t145145,/AVIRISNG/Permian2019/ang20191016t145145_r10752_c256_w512_h512,2019-10-16,2019-10-16 14:51:45+00:00,0,0,512,512,train,hard,,False,"Window(col_off=0, row_off=0, width=512, height=512)"
ang20191016t145145_r2048_c0_w512_h512,,0.0,ang20191016t145145,/AVIRISNG/Permian2019/ang20191016t145145_r2048_c0_w512_h512,2019-10-16,2019-10-16 14:51:45+00:00,0,0,512,512,train,random,,False,"Window(col_off=0, row_off=0, width=512, height=512)"
ang20191016t150743_r0_c0_w512_h512,,0.0,ang20191016t150743,/AVIRISNG/Permian2019/ang20191016t150743_r0_c0_w512_h512,2019-10-16,2019-10-16 15:07:43+00:00,0,0,512,512,train,hard,,False,"Window(col_off=0, row_off=0, width=512, height=512)"
ang20191016t150743_r512_c0_w512_h512,,0.0,ang20191016t150743,/AVIRISNG/Permian2019/ang20191016t150743_r512_c0_w512_h512,2019-10-16,2019-10-16 15:07:43+00:00,0,0,512,512,train,hard,,False,"Window(col_off=0, row_off=0, width=512, height=512)"
ang20191016t150743_r5632_c0_w512_h512,,0.0,ang20191016t150743,/AVIRISNG/Permian2019/ang20191016t150743_r5632_c0_w512_h512,2019-10-16,2019-10-16 15:07:43+00:00,0,0,512,512,train,random,,False,"Window(col_off=0, row_off=0, width=512, height=512)"
ang20191016t150743_r4864_c0_w512_h512,,0.0,ang20191016t150743,/AVIRISNG/Permian2019/ang20191016t150743_r4864_c0_w512_h512,2019-10-16,2019-10-16 15:07:43+00:00,0,0,512,512,train,random,,False,"Window(col_off=0, row_off=0, width=512, height=512)"
ang20191016t150743_r6656_c0_w512_h512,,0.0,ang20191016t150743,/AVIRISNG/Permian2019/ang20191016t150743_r6656_c0_w512_h512,2019-10-16,2019-10-16 15:07:43+00:00,0,0,512,512,train,random,,False,"Window(col_off=0, row_off=0, width=512, height=512)"
ang20191016t150743_r6144_c0_w512_h512,,0.0,ang20191016t150743,/AVIRISNG/Permian2019/ang20191016t150743_r6144_c0_w512_h512,2019-10-16,2019-10-16 15:07:43+00:00,0,0,512,512,train,random,,False,"Window(col_off=0, row_off=0, width=512, height=512)"
ang20191016t152245_r7680_c0_w512_h512,,0.0,ang20191016t152245,/AVIRISNG/Permian2019/ang20191016t152245_r7680_c0_w512_h512,2019-10-16,2019-10-16 15:22:45+00:00,0,0,512,512,train,hard,,False,"Window(col_off=0, row_off=0, width=512, height=512)"
ang20191016t152245_r256_c0_w512_h512,,0.0,ang20191016t152245,/AVIRISNG/Permian2019/ang20191016t152245_r256_c0_w512_h512,2019-10-16,2019-10-16 15:22:45+00:00,0,0,512,512,train,hard,,False,"Window(col_off=0, row_off=0, width=512, height=512)"
ang20191016t152245_r768_c0_w512_h512,,0.0,ang20191016t152245,/AVIRISNG/Permian2019/ang20191016t152245_r768_c0_w512_h512,2019-10-16,2019-10-16 15:22:45+00:00,0,0,512,512,train,hard,,False,"Window(col_off=0, row_off=0, width=512, height=512)"
ang20191016t152245_r11008_c256_w512_h512,,0.0,ang20191016t152245,/AVIRISNG/Permian2019/ang20191016t152245_r11008_c256_w512_h512,2019-10-16,2019-10-16 15:22:45+00:00,0,0,512,512,train,random,,False,"Window(col_off=0, row_off=0, width=512, height=512)"
ang20191016t152245_r4608_c0_w512_h512,,0.0,ang20191016t152245,/AVIRISNG/Permian2019/ang20191016t152245_r4608_c0_w512_h512,2019-10-16,2019-10-16 15:22:45+00:00,0,0,512,512,train,random,,False,"Window(col_off=0, row_off=0, width=512, height=512)"
ang20191016t152245_r1280_c0_w512_h512,,0.0,ang20191016t152245,/AVIRISNG/Permian2019/ang20191016t152245_r1280_c0_w512_h512,2019-10-16,2019-10-16 15:22:45+00:00,0,0,512,512,train,random,,False,"Window(col_off=0, row_off=0, width=512, height=512)"
ang20191016t153826_r0_c0_w512_h512,,0.0,ang20191016t153826,/AVIRISNG/Permian2019/ang20191016t153826_r0_c0_w512_h512,2019-10-16,2019-10-16 15:38:26+00:00,0,0,512,512,train,hard,,False,"Window(col_off=0, row_off=0, width=512, height=512)"
ang20191016t153826_r512_c0_w512_h512,,0.0,ang20191016t153826,/AVIRISNG/Permian2019/ang20191016t153826_r512_c0_w512_h512,2019-10-16,2019-10-16 15:38:26+00:00,0,0,512,512,train,hard,,False,"Window(col_off=0, row_off=0, width=512, height=512)"
ang20191016t153826_r6400_c256_w512_h512,,0.0,ang20191016t153826,/AVIRISNG/Permian2019/ang20191016t153826_r6400_c256_w512_h512,2019-10-16,2019-10-16 15:38:26+00:00,0,0,512,512,train,hard,,False,"Window(col_off=0, row_off=0, width=512, height=512)"
ang20191016t153826_r10752_c0_w512_h512,,0.0,ang20191016t153826,/AVIRISNG/Permian2019/ang20191016t153826_r10752_c0_w512_h512,2019-10-16,2019-10-16 15:38:26+00:00,0,0,512,512,train,random,,False,"Window(col_off=0, row_off=0, width=512, height=512)"
ang20191016t153826_r5888_c256_w512_h512,,0.0,ang20191016t153826,/AVIRISNG/Permian2019/ang20191016t153826_r5888_c256_w512_h512,2019-10-16,2019-10-16 15:38:26+00:00,0,0,512,512,train,random,,False,"Window(col_off=0, row_off=0, width=512, height=512)"
ang20191016t153826_r8960_c0_w512_h512,,0.0,ang20191016t153826,/AVIRISNG/Permian2019/ang20191016t153826_r8960_c0_w512_h512,2019-10-16,2019-10-16 15:38:26+00:00,0,0,512,512,train,random,,False,"Window(col_off=0, row_off=0, width=512, height=512)"
ang20191016t155337_r5376_c0_w512_h512,,0.0,ang20191016t155337,/AVIRISNG/Permian2019/ang20191016t155337_r5376_c0_w512_h512,2019-10-16,2019-10-16 15:53:37+00:00,0,0,512,512,train,hard,,False,"Window(col_off=0, row_off=0, width=512, height=512)"
ang20191016t155337_r768_c0_w512_h512,,0.0,ang20191016t155337,/AVIRISNG/Permian2019/ang20191016t155337_r768_c0_w512_h512,2019-10-16,2019-10-16 15:53:37+00:00,0,0,512,512,train,hard,,False,"Window(col_off=0, row_off=0, width=512, height=512)"
ang20191016t155337_r4864_c0_w512_h512,,0.0,ang20191016t155337,/AVIRISNG/Permian2019/ang20191016t155337_r4864_c0_w512_h512,2019-10-16,2019-10-16 15:53:37+00:00,0,0,512,512,train,hard,,False,"Window(col_off=0, row_off=0, width=512, height=512)"
ang20191016t155337_r9472_c256_w512_h512,,0.0,ang20191016t155337,/AVIRISNG/Permian2019/ang20191016t155337_r9472_c256_w512_h512,2019-10-16,2019-10-16 15:53:37+00:00,0,0,512,512,train,random,,False,"Window(col_off=0, row_off=0, width=512, height=512)"
ang20191016t155337_r8960_c0_w512_h512,,0.0,ang20191016t155337,/AVIRISNG/Permian2019/ang20191016t155337_r8960_c0_w512_h512,2019-10-16,2019-10-16 15:53:37+00:00,0,0,512,512,train,random,,False,"Window(col_off=0, row_off=0, width=512, height=512)"
ang20191016t155337_r1536_c0_w512_h512,,0.0,ang20191016t155337,/AVIRISNG/Permian2019/ang20191016t155337_r1536_c0_w512_h512,2019-10-16,2019-10-16 15:53:37+00:00,0,0,512,512,train,random,,False,"Window(col_off=0, row_off=0, width=512, height=512)"
ang20191016t155337_r10752_c0_w512_h512,,0.0,ang20191016t155337,/AVIRISNG/Permian2019/ang20191016t155337_r10752_c0_w512_h512,2019-10-16,2019-10-16 15:53:37+00:00,0,0,512,512,train,random,,False,"Window(col_off=0, row_off=0, width=512, height=512)"
ang20191016t160914_r256_c0_w512_h512,,0.0,ang20191016t160914,/AVIRISNG/Permian2019/ang20191016t160914_r256_c0_w512_h512,2019-10-16,2019-10-16 16:09:14+00:00,0,0,512,512,train,hard,,False,"Window(col_off=0, row_off=0, width=512, height=512)"
ang20191016t160914_r6912_c0_w512_h512,,0.0,ang20191016t160914,/AVIRISNG/Permian2019/ang20191016t160914_r6912_c0_w512_h512,2019-10-16,2019-10-16 16:09:14+00:00,0,0,512,512,train,hard,,False,"Window(col_off=0, row_off=0, width=512, height=512)"
ang20191016t160914_r7424_c256_w512_h512,,0.0,ang20191016t160914,/AVIRISNG/Permian2019/ang20191016t160914_r7424_c256_w512_h512,2019-10-16,2019-10-16 16:09:14+00:00,0,0,512,512,train,hard,,False,"Window(col_off=0, row_off=0, width=512, height=512)"
ang20191016t160914_r8192_c256_w512_h512,,0.0,ang20191016t160914,/AVIRISNG/Permian2019/ang20191016t160914_r8192_c256_w512_h512,2019-10-16,2019-10-16 16:09:14+00:00,0,0,512,512,train,random,,False,"Window(col_off=0, row_off=0, width=512, height=512)"
ang20191016t160914_r10240_c0_w512_h512,,0.0,ang20191016t160914,/AVIRISNG/Permian2019/ang20191016t160914_r10240_c0_w512_h512,2019-10-16,2019-10-16 16:09:14+00:00,0,0,512,512,train,random,,False,"Window(col_off=0, row_off=0, width=512, height=512)"
ang20191016t160914_r9472_c0_w512_h512,,0.0,ang20191016t160914,/AVIRISNG/Permian2019/ang20191016t160914_r9472_c0_w512_h512,2019-10-16,2019-10-16 16:09:14+00:00,0,0,512,512,train,random,,False,"Window(col_off=0, row_off=0, width=512, height=512)"
ang20191016t160914_r5120_c0_w512_h512,,0.0,ang20191016t160914,/AVIRISNG/Permian2019/ang20191016t160914_r5120_c0_w512_h512,2019-10-16,2019-10-16 16:09:14+00:00,0,0,512,512,train,random,,False,"Window(col_off=0, row_off=0, width=512, height=512)"
ang20191016t162417_r9728_c256_w512_h512,,0.0,ang20191016t162417,/AVIRISNG/Permian2019/ang20191016t162417_r9728_c256_w512_h512,2019-10-16,2019-10-16 16:24:17+00:00,0,0,512,512,train,hard,,False,"Window(col_off=0, row_off=0, width=512, height=512)"
ang20191016t162417_r6400_c0_w512_h512,,0.0,ang20191016t162417,/AVIRISNG/Permian2019/ang20191016t162417_r6400_c0_w512_h512,2019-10-16,2019-10-16 16:24:17+00:00,0,0,512,512,train,random,,False,"Window(col_off=0, row_off=0, width=512, height=512)"
ang20191016t162417_r8704_c0_w512_h512,,0.0,ang20191016t162417,/AVIRISNG/Permian2019/ang20191016t162417_r8704_c0_w512_h512,2019-10-16,2019-10-16 16:24:17+00:00,0,0,512,512,train,random,,False,"Window(col_off=0, row_off=0, width=512, height=512)"
ang20191016t162417_r7680_c0_w512_h512,,0.0,ang20191016t162417,/AVIRISNG/Permian2019/ang20191016t162417_r7680_c0_w512_h512,2019-10-16,2019-10-16 16:24:17+00:00,0,0,512,512,train,random,,False,"Window(col_off=0, row_off=0, width=512, height=512)"
ang20191016t162417_r3840_c0_w512_h512,,0.0,ang20191016t162417,/AVIRISNG/Permian2019/ang20191016t162417_r3840_c0_w512_h512,2019-10-16,2019-10-16 16:24:17+00:00,0,0,512,512,train,random,,False,"Window(col_off=0, row_off=0, width=512, height=512)"
ang20191016t163955_r9216_c256_w512_h512,,0.0,ang20191016t163955,/AVIRISNG/Permian2019/ang20191016t163955_r9216_c256_w512_h512,2019-10-16,2019-10-16 16:39:55+00:00,0,0,512,512,train,hard,,False,"Window(col_off=0, row_off=0, width=512, height=512)"
ang20191016t163955_r11008_c0_w512_h512,,0.0,ang20191016t163955,/AVIRISNG/Permian2019/ang20191016t163955_r11008_c0_w512_h512,2019-10-16,2019-10-16 16:39:55+00:00,0,0,512,512,train,hard,,False,"Window(col_off=0, row_off=0, width=512, height=512)"
ang20191016t163955_r9728_c256_w512_h512,,0.0,ang20191016t163955,/AVIRISNG/Permian2019/ang20191016t163955_r9728_c256_w512_h512,2019-10-16,2019-10-16 16:39:55+00:00,0,0,512,512,train,random,,False,"Window(col_off=0, row_off=0, width=512, height=512)"
ang20191016t163955_r8192_c256_w512_h512,,0.0,ang20191016t163955,/AVIRISNG/Permian2019/ang20191016t163955_r8192_c256_w512_h512,2019-10-16,2019-10-16 16:39:55+00:00,0,0,512,512,train,random,,False,"Window(col_off=0, row_off=0, width=512, height=512)"
ang20191016t163955_r8704_c0_w512_h512,,0.0,ang20191016t163955,/AVIRISNG/Permian2019/ang20191016t163955_r8704_c0_w512_h512,2019-10-16,2019-10-16 16:39:55+00:00,0,0,512,512,train,random,,False,"Window(col_off=0, row_off=0, width=512, height=512)"
ang20191016t165454_r4608_c0_w512_h512,,0.0,ang20191016t165454,/AVIRISNG/Permian2019/ang20191016t165454_r4608_c0_w512_h512,2019-10-16,2019-10-16 16:54:54+00:00,0,0,512,512,train,hard,,False,"Window(col_off=0, row_off=0, width=512, height=512)"
ang20191016t165454_r1024_c0_w512_h512,,0.0,ang20191016t165454,/AVIRISNG/Permian2019/ang20191016t165454_r1024_c0_w512_h512,2019-10-16,2019-10-16 16:54:54+00:00,0,0,512,512,train,hard,,False,"Window(col_off=0, row_off=0, width=512, height=512)"
ang20191016t165454_r10752_c256_w512_h512,,0.0,ang20191016t165454,/AVIRISNG/Permian2019/ang20191016t165454_r10752_c256_w512_h512,2019-10-16,2019-10-16 16:54:54+00:00,0,0,512,512,train,hard,,False,"Window(col_off=0, row_off=0, width=512, height=512)"
ang20191016t165454_r8192_c0_w512_h512,,0.0,ang20191016t165454,/AVIRISNG/Permian2019/ang20191016t165454_r8192_c0_w512_h512,2019-10-16,2019-10-16 16:54:54+00:00,0,0,512,512,train,random,,False,"Window(col_off=0, row_off=0, width=512, height=512)"
ang20191016t165454_r8960_c256_w512_h512,,0.0,ang20191016t165454,/AVIRISNG/Permian2019/ang20191016t165454_r8960_c256_w512_h512,2019-10-16,2019-10-16 16:54:54+00:00,0,0,512,512,train,random,,False,"Window(col_off=0, row_off=0, width=512, height=512)"
ang20191016t165454_r9472_c256_w512_h512,,0.0,ang20191016t165454,/AVIRISNG/Permian2019/ang20191016t165454_r9472_c256_w512_h512,2019-10-16,2019-10-16 16:54:54+00:00,0,0,512,512,train,random,,False,"Window(col_off=0, row_off=0, width=512, height=512)"
ang20191016t165454_r2560_c0_w512_h512,,0.0,ang20191016t165454,/AVIRISNG/Permian2019/ang20191016t165454_r2560_c0_w512_h512,2019-10-16,2019-10-16 16:54:54+00:00,0,0,512,512,train,random,,False,"Window(col_off=0, row_off=0, width=512, height=512)"
ang20191016t171023_r3584_c0_w512_h512,,0.0,ang20191016t171023,/AVIRISNG/Permian2019/ang20191016t171023_r3584_c0_w512_h512,2019-10-16,2019-10-16 17:10:23+00:00,0,0,512,512,train,hard,,False,"Window(col_off=0, row_off=0, width=512, height=512)"
ang20191016t171023_r768_c0_w512_h512,,0.0,ang20191016t171023,/AVIRISNG/Permian2019/ang20191016t171023_r768_c0_w512_h512,2019-10-16,2019-10-16 17:10:23+00:00,0,0,512,512,train,hard,,False,"Window(col_off=0, row_off=0, width=512, height=512)"
ang20191016t171023_r9984_c256_w512_h512,,0.0,ang20191016t171023,/AVIRISNG/Permian2019/ang20191016t171023_r9984_c256_w512_h512,2019-10-16,2019-10-16 17:10:23+00:00,0,0,512,512,train,hard,,False,"Window(col_off=0, row_off=0, width=512, height=512)"
ang20191016t171023_r9216_c0_w512_h512,,0.0,ang20191016t171023,/AVIRISNG/Permian2019/ang20191016t171023_r9216_c0_w512_h512,2019-10-16,2019-10-16 17:10:23+00:00,0,0,512,512,train,random,,False,"Window(col_off=0, row_off=0, width=512, height=512)"
ang20191016t171023_r0_c0_w512_h512,,0.0,ang20191016t171023,/AVIRISNG/Permian2019/ang20191016t171023_r0_c0_w512_h512,2019-10-16,2019-10-16 17:10:23+00:00,0,0,512,512,train,random,,False,"Window(col_off=0, row_off=0, width=512, height=512)"
ang20191016t171023_r11264_c0_w512_h512,,0.0,ang20191016t171023,/AVIRISNG/Permian2019/ang20191016t171023_r11264_c0_w512_h512,2019-10-16,2019-10-16 17:10:23+00:00,0,0,512,512,train,random,,False,"Window(col_off=0, row_off=0, width=512, height=512)"
ang20191016t171023_r8704_c256_w512_h512,,0.0,ang20191016t171023,/AVIRISNG/Permian2019/ang20191016t171023_r8704_c256_w512_h512,2019-10-16,2019-10-16 17:10:23+00:00,0,0,512,512,train,random,,False,"Window(col_off=0, row_off=0, width=512, height=512)"
ang20191016t172526_r7936_c0_w512_h512,,0.0,ang20191016t172526,/AVIRISNG/Permian2019/ang20191016t172526_r7936_c0_w512_h512,2019-10-16,2019-10-16 17:25:26+00:00,0,0,512,512,train,hard,,False,"Window(col_off=0, row_off=0, width=512, height=512)"
ang20191016t172526_r0_c0_w512_h512,,0.0,ang20191016t172526,/AVIRISNG/Permian2019/ang20191016t172526_r0_c0_w512_h512,2019-10-16,2019-10-16 17:25:26+00:00,0,0,512,512,train,hard,,False,"Window(col_off=0, row_off=0, width=512, height=512)"
ang20191016t172526_r9728_c0_w512_h512,,0.0,ang20191016t172526,/AVIRISNG/Permian2019/ang20191016t172526_r9728_c0_w512_h512,2019-10-16,2019-10-16 17:25:26+00:00,0,0,512,512,train,random,,False,"Window(col_off=0, row_off=0, width=512, height=512)"
ang20191016t172526_r6400_c256_w512_h512,,0.0,ang20191016t172526,/AVIRISNG/Permian2019/ang20191016t172526_r6400_c256_w512_h512,2019-10-16,2019-10-16 17:25:26+00:00,0,0,512,512,train,random,,False,"Window(col_off=0, row_off=0, width=512, height=512)"
ang20191016t172526_r2048_c0_w512_h512,,0.0,ang20191016t172526,/AVIRISNG/Permian2019/ang20191016t172526_r2048_c0_w512_h512,2019-10-16,2019-10-16 17:25:26+00:00,0,0,512,512,train,random,,False,"Window(col_off=0, row_off=0, width=512, height=512)"
ang20191016t172526_r10752_c256_w512_h512,,0.0,ang20191016t172526,/AVIRISNG/Permian2019/ang20191016t172526_r10752_c256_w512_h512,2019-10-16,2019-10-16 17:25:26+00:00,0,0,512,512,train,random,,False,"Window(col_off=0, row_off=0, width=512, height=512)"
ang20191016t174016_r3840_c0_w512_h512,,0.0,ang20191016t174016,/AVIRISNG/Permian2019/ang20191016t174016_r3840_c0_w512_h512,2019-10-16,2019-10-16 17:40:16+00:00,0,0,512,512,train,hard,,False,"Window(col_off=0, row_off=0, width=512, height=512)"
ang20191016t174016_r2560_c0_w512_h512,,0.0,ang20191016t174016,/AVIRISNG/Permian2019/ang20191016t174016_r2560_c0_w512_h512,2019-10-16,2019-10-16 17:40:16+00:00,0,0,512,512,train,hard,,False,"Window(col_off=0, row_off=0, width=512, height=512)"
ang20191016t174016_r4864_c0_w512_h512,,0.0,ang20191016t174016,/AVIRISNG/Permian2019/ang20191016t174016_r4864_c0_w512_h512,2019-10-16,2019-10-16 17:40:16+00:00,0,0,512,512,train,hard,,False,"Window(col_off=0, row_off=0, width=512, height=512)"
ang20191016t174016_r6400_c0_w512_h512,,0.0,ang20191016t174016,/AVIRISNG/Permian2019/ang20191016t174016_r6400_c0_w512_h512,2019-10-16,2019-10-16 17:40:16+00:00,0,0,512,512,train,random,,False,"Window(col_off=0, row_off=0, width=512, height=512)"
ang20191016t174016_r9728_c0_w512_h512,,0.0,ang20191016t174016,/AVIRISNG/Permian2019/ang20191016t174016_r9728_c0_w512_h512,2019-10-16,2019-10-16 17:40:16+00:00,0,0,512,512,train,random,,False,"Window(col_off=0, row_off=0, width=512, height=512)"
ang20191016t174016_r6912_c256_w512_h512,,0.0,ang20191016t174016,/AVIRISNG/Permian2019/ang20191016t174016_r6912_c256_w512_h512,2019-10-16,2019-10-16 17:40:16+00:00,0,0,512,512,train,random,,False,"Window(col_off=0, row_off=0, width=512, height=512)"
ang20191016t175642_r4864_c0_w512_h512,,0.0,ang20191016t175642,/AVIRISNG/Permian2019/ang20191016t175642_r4864_c0_w512_h512,2019-10-16,2019-10-16 17:56:42+00:00,0,0,512,512,train,hard,,False,"Window(col_off=0, row_off=0, width=512, height=512)"
ang20191016t175642_r2048_c0_w512_h512,,0.0,ang20191016t175642,/AVIRISNG/Permian2019/ang20191016t175642_r2048_c0_w512_h512,2019-10-16,2019-10-16 17:56:42+00:00,0,0,512,512,train,hard,,False,"Window(col_off=0, row_off=0, width=512, height=512)"
ang20191016t175642_r8704_c0_w512_h512,,0.0,ang20191016t175642,/AVIRISNG/Permian2019/ang20191016t175642_r8704_c0_w512_h512,2019-10-16,2019-10-16 17:56:42+00:00,0,0,512,512,train,random,,False,"Window(col_off=0, row_off=0, width=512, height=512)"
ang20191016t175642_r12032_c256_w512_h512,,0.0,ang20191016t175642,/AVIRISNG/Permian2019/ang20191016t175642_r12032_c256_w512_h512,2019-10-16,2019-10-16 17:56:42+00:00,0,0,512,512,train,random,,False,"Window(col_off=0, row_off=0, width=512, height=512)"
ang20191016t181351_r3840_c0_w512_h512,,0.0,ang20191016t181351,/AVIRISNG/Permian2019/ang20191016t181351_r3840_c0_w512_h512,2019-10-16,2019-10-16 18:13:51+00:00,0,0,512,512,train,hard,,False,"Window(col_off=0, row_off=0, width=512, height=512)"
ang20191016t181351_r6656_c0_w512_h512,,0.0,ang20191016t181351,/AVIRISNG/Permian2019/ang20191016t181351_r6656_c0_w512_h512,2019-10-16,2019-10-16 18:13:51+00:00,0,0,512,512,train,hard,,False,"Window(col_off=0, row_off=0, width=512, height=512)"
ang20191016t181351_r8960_c0_w512_h512,,0.0,ang20191016t181351,/AVIRISNG/Permian2019/ang20191016t181351_r8960_c0_w512_h512,2019-10-16,2019-10-16 18:13:51+00:00,0,0,512,512,train,hard,,False,"Window(col_off=0, row_off=0, width=512, height=512)"
ang20191016t181351_r10240_c256_w512_h512,,0.0,ang20191016t181351,/AVIRISNG/Permian2019/ang20191016t181351_r10240_c256_w512_h512,2019-10-16,2019-10-16 18:13:51+00:00,0,0,512,512,train,random,,False,"Window(col_off=0, row_off=0, width=512, height=512)"
ang20191016t181351_r11008_c0_w512_h512,,0.0,ang20191016t181351,/AVIRISNG/Permian2019/ang20191016t181351_r11008_c0_w512_h512,2019-10-16,2019-10-16 18:13:51+00:00,0,0,512,512,train,random,,False,"Window(col_off=0, row_off=0, width=512, height=512)"
ang20191016t183045_r4096_c0_w512_h512,,0.0,ang20191016t183045,/AVIRISNG/Permian2019/ang20191016t183045_r4096_c0_w512_h512,2019-10-16,2019-10-16 18:30:45+00:00,0,0,512,512,train,hard,,False,"Window(col_off=0, row_off=0, width=512, height=512)"
ang20191016t183045_r7680_c0_w512_h512,,0.0,ang20191016t183045,/AVIRISNG/Permian2019/ang20191016t183045_r7680_c0_w512_h512,2019-10-16,2019-10-16 18:30:45+00:00,0,0,512,512,train,hard,,False,"Window(col_off=0, row_off=0, width=512, height=512)"
ang20191016t183045_r9216_c256_w512_h512,,0.0,ang20191016t183045,/AVIRISNG/Permian2019/ang20191016t183045_r9216_c256_w512_h512,2019-10-16,2019-10-16 18:30:45+00:00,0,0,512,512,train,hard,,False,"Window(col_off=0, row_off=0, width=512, height=512)"
ang20191016t183045_r9728_c0_w512_h512,,0.0,ang20191016t183045,/AVIRISNG/Permian2019/ang20191016t183045_r9728_c0_w512_h512,2019-10-16,2019-10-16 18:30:45+00:00,0,0,512,512,train,random,,False,"Window(col_off=0, row_off=0, width=512, height=512)"
ang20191016t183045_r11776_c0_w512_h512,,0.0,ang20191016t183045,/AVIRISNG/Permian2019/ang20191016t183045_r11776_c0_w512_h512,2019-10-16,2019-10-16 18:30:45+00:00,0,0,512,512,train,random,,False,"Window(col_off=0, row_off=0, width=512, height=512)"
ang20191016t183045_r10496_c256_w512_h512,,0.0,ang20191016t183045,/AVIRISNG/Permian2019/ang20191016t183045_r10496_c256_w512_h512,2019-10-16,2019-10-16 18:30:45+00:00,0,0,512,512,train,random,,False,"Window(col_off=0, row_off=0, width=512, height=512)"
ang20191016t184817_r5632_c0_w512_h512,,0.0,ang20191016t184817,/AVIRISNG/Permian2019/ang20191016t184817_r5632_c0_w512_h512,2019-10-16,2019-10-16 18:48:17+00:00,0,0,512,512,train,hard,,False,"Window(col_off=0, row_off=0, width=512, height=512)"
ang20191016t184817_r10496_c0_w512_h512,,0.0,ang20191016t184817,/AVIRISNG/Permian2019/ang20191016t184817_r10496_c0_w512_h512,2019-10-16,2019-10-16 18:48:17+00:00,0,0,512,512,train,random,,False,"Window(col_off=0, row_off=0, width=512, height=512)"
ang20191016t184817_r11520_c256_w512_h512,,0.0,ang20191016t184817,/AVIRISNG/Permian2019/ang20191016t184817_r11520_c256_w512_h512,2019-10-16,2019-10-16 18:48:17+00:00,0,0,512,512,train,random,,False,"Window(col_off=0, row_off=0, width=512, height=512)"
ang20191016t184817_r11008_c256_w512_h512,,0.0,ang20191016t184817,/AVIRISNG/Permian2019/ang20191016t184817_r11008_c256_w512_h512,2019-10-16,2019-10-16 18:48:17+00:00,0,0,512,512,train,random,,False,"Window(col_off=0, row_off=0, width=512, height=512)"
ang20191016t190528_r6912_c0_w512_h512,,0.0,ang20191016t190528,/AVIRISNG/Permian2019/ang20191016t190528_r6912_c0_w512_h512,2019-10-16,2019-10-16 19:05:28+00:00,0,0,512,512,train,hard,,False,"Window(col_off=0, row_off=0, width=512, height=512)"
ang20191016t190528_r7424_c0_w512_h512,,0.0,ang20191016t190528,/AVIRISNG/Permian2019/ang20191016t190528_r7424_c0_w512_h512,2019-10-16,2019-10-16 19:05:28+00:00,0,0,512,512,train,hard,,False,"Window(col_off=0, row_off=0, width=512, height=512)"
ang20191016t190528_r3584_c0_w512_h512,,0.0,ang20191016t190528,/AVIRISNG/Permian2019/ang20191016t190528_r3584_c0_w512_h512,2019-10-16,2019-10-16 19:05:28+00:00,0,0,512,512,train,hard,,False,"Window(col_off=0, row_off=0, width=512, height=512)"
ang20191016t190528_r2816_c0_w512_h512,,0.0,ang20191016t190528,/AVIRISNG/Permian2019/ang20191016t190528_r2816_c0_w512_h512,2019-10-16,2019-10-16 19:05:28+00:00,0,0,512,512,train,random,,False,"Window(col_off=0, row_off=0, width=512, height=512)"
ang20191016t190528_r1280_c0_w512_h512,,0.0,ang20191016t190528,/AVIRISNG/Permian2019/ang20191016t190528_r1280_c0_w512_h512,2019-10-16,2019-10-16 19:05:28+00:00,0,0,512,512,train,random,,False,"Window(col_off=0, row_off=0, width=512, height=512)"
ang20191016t190528_r256_c0_w512_h512,,0.0,ang20191016t190528,/AVIRISNG/Permian2019/ang20191016t190528_r256_c0_w512_h512,2019-10-16,2019-10-16 19:05:28+00:00,0,0,512,512,train,random,,False,"Window(col_off=0, row_off=0, width=512, height=512)"
ang20191016t193637_r512_c0_w512_h512,,0.0,ang20191016t193637,/AVIRISNG/Permian2019/ang20191016t193637_r512_c0_w512_h512,2019-10-16,2019-10-16 19:36:37+00:00,0,0,512,512,train,hard,,False,"Window(col_off=0, row_off=0, width=512, height=512)"
ang20191016t193637_r0_c0_w512_h512,,0.0,ang20191016t193637,/AVIRISNG/Permian2019/ang20191016t193637_r0_c0_w512_h512,2019-10-16,2019-10-16 19:36:37+00:00,0,0,512,512,train,hard,,False,"Window(col_off=0, row_off=0, width=512, height=512)"
ang20191016t193637_r3584_c0_w512_h512,,0.0,ang20191016t193637,/AVIRISNG/Permian2019/ang20191016t193637_r3584_c0_w512_h512,2019-10-16,2019-10-16 19:36:37+00:00,0,0,512,512,train,hard,,False,"Window(col_off=0, row_off=0, width=512, height=512)"
ang20191016t193637_r4352_c0_w512_h512,,0.0,ang20191016t193637,/AVIRISNG/Permian2019/ang20191016t193637_r4352_c0_w512_h512,2019-10-16,2019-10-16 19:36:37+00:00,0,0,512,512,train,random,,False,"Window(col_off=0, row_off=0, width=512, height=512)"
ang20191016t193637_r9984_c0_w512_h512,,0.0,ang20191016t193637,/AVIRISNG/Permian2019/ang20191016t193637_r9984_c0_w512_h512,2019-10-16,2019-10-16 19:36:37+00:00,0,0,512,512,train,random,,False,"Window(col_off=0, row_off=0, width=512, height=512)"
ang20191016t193637_r4864_c0_w512_h512,,0.0,ang20191016t193637,/AVIRISNG/Permian2019/ang20191016t193637_r4864_c0_w512_h512,2019-10-16,2019-10-16 19:36:37+00:00,0,0,512,512,train,random,,False,"Window(col_off=0, row_off=0, width=512, height=512)"
ang20191016t193637_r6144_c0_w512_h512,,0.0,ang20191016t193637,/AVIRISNG/Permian2019/ang20191016t193637_r6144_c0_w512_h512,2019-10-16,2019-10-16 19:36:37+00:00,0,0,512,512,train,random,,False,"Window(col_off=0, row_off=0, width=512, height=512)"
ang20191016t195058_r5888_c256_w512_h512,,0.0,ang20191016t195058,/AVIRISNG/Permian2019/ang20191016t195058_r5888_c256_w512_h512,2019-10-16,2019-10-16 19:50:58+00:00,0,0,512,512,train,hard,,False,"Window(col_off=0, row_off=0, width=512, height=512)"
ang20191016t195058_r5376_c256_w512_h512,,0.0,ang20191016t195058,/AVIRISNG/Permian2019/ang20191016t195058_r5376_c256_w512_h512,2019-10-16,2019-10-16 19:50:58+00:00,0,0,512,512,train,hard,,False,"Window(col_off=0, row_off=0, width=512, height=512)"
ang20191016t195058_r2304_c512_w512_h512,,0.0,ang20191016t195058,/AVIRISNG/Permian2019/ang20191016t195058_r2304_c512_w512_h512,2019-10-16,2019-10-16 19:50:58+00:00,0,0,512,512,train,random,,False,"Window(col_off=0, row_off=0, width=512, height=512)"
ang20191016t195058_r3072_c512_w512_h512,,0.0,ang20191016t195058,/AVIRISNG/Permian2019/ang20191016t195058_r3072_c512_w512_h512,2019-10-16,2019-10-16 19:50:58+00:00,0,0,512,512,train,random,,False,"Window(col_off=0, row_off=0, width=512, height=512)"
ang20191016t195058_r1792_c512_w512_h512,,0.0,ang20191016t195058,/AVIRISNG/Permian2019/ang20191016t195058_r1792_c512_w512_h512,2019-10-16,2019-10-16 19:50:58+00:00,0,0,512,512,train,random,,False,"Window(col_off=0, row_off=0, width=512, height=512)"
ang20191016t195058_r1024_c512_w512_h512,,0.0,ang20191016t195058,/AVIRISNG/Permian2019/ang20191016t195058_r1024_c512_w512_h512,2019-10-16,2019-10-16 19:50:58+00:00,0,0,512,512,train,random,,False,"Window(col_off=0, row_off=0, width=512, height=512)"
ang20191016t200430_r1280_c0_w512_h512,,0.0,ang20191016t200430,/AVIRISNG/Permian2019/ang20191016t200430_r1280_c0_w512_h512,2019-10-16,2019-10-16 20:04:30+00:00,0,0,512,512,train,hard,,False,"Window(col_off=0, row_off=0, width=512, height=512)"
ang20191016t200430_r2048_c0_w512_h512,,0.0,ang20191016t200430,/AVIRISNG/Permian2019/ang20191016t200430_r2048_c0_w512_h512,2019-10-16,2019-10-16 20:04:30+00:00,0,0,512,512,train,hard,,False,"Window(col_off=0, row_off=0, width=512, height=512)"
ang20191016t200430_r7680_c0_w512_h512,,0.0,ang20191016t200430,/AVIRISNG/Permian2019/ang20191016t200430_r7680_c0_w512_h512,2019-10-16,2019-10-16 20:04:30+00:00,0,0,512,512,train,hard,,False,"Window(col_off=0, row_off=0, width=512, height=512)"
ang20191016t200430_r2560_c0_w512_h512,,0.0,ang20191016t200430,/AVIRISNG/Permian2019/ang20191016t200430_r2560_c0_w512_h512,2019-10-16,2019-10-16 20:04:30+00:00,0,0,512,512,train,random,,False,"Window(col_off=0, row_off=0, width=512, height=512)"
ang20191016t200430_r3328_c0_w512_h512,,0.0,ang20191016t200430,/AVIRISNG/Permian2019/ang20191016t200430_r3328_c0_w512_h512,2019-10-16,2019-10-16 20:04:30+00:00,0,0,512,512,train,random,,False,"Window(col_off=0, row_off=0, width=512, height=512)"
ang20191016t200430_r8960_c0_w512_h512,,0.0,ang20191016t200430,/AVIRISNG/Permian2019/ang20191016t200430_r8960_c0_w512_h512,2019-10-16,2019-10-16 20:04:30+00:00,0,0,512,512,train,random,,False,"Window(col_off=0, row_off=0, width=512, height=512)"
ang20191017t143318_r0_c0_w512_h512,,0.0,ang20191017t143318,/AVIRISNG/Permian2019/ang20191017t143318_r0_c0_w512_h512,2019-10-17,2019-10-17 14:33:18+00:00,0,0,512,512,train,hard,,False,"Window(col_off=0, row_off=0, width=512, height=512)"
ang20191017t143318_r3328_c0_w512_h512,,0.0,ang20191017t143318,/AVIRISNG/Permian2019/ang20191017t143318_r3328_c0_w512_h512,2019-10-17,2019-10-17 14:33:18+00:00,0,0,512,512,train,hard,,False,"Window(col_off=0, row_off=0, width=512, height=512)"
ang20191017t143318_r7168_c0_w512_h512,,0.0,ang20191017t143318,/AVIRISNG/Permian2019/ang20191017t143318_r7168_c0_w512_h512,2019-10-17,2019-10-17 14:33:18+00:00,0,0,512,512,train,hard,,False,"Window(col_off=0, row_off=0, width=512, height=512)"
ang20191017t143318_r11264_c0_w512_h512,,0.0,ang20191017t143318,/AVIRISNG/Permian2019/ang20191017t143318_r11264_c0_w512_h512,2019-10-17,2019-10-17 14:33:18+00:00,0,0,512,512,train,random,,False,"Window(col_off=0, row_off=0, width=512, height=512)"
ang20191017t143318_r10496_c0_w512_h512,,0.0,ang20191017t143318,/AVIRISNG/Permian2019/ang20191017t143318_r10496_c0_w512_h512,2019-10-17,2019-10-17 14:33:18+00:00,0,0,512,512,train,random,,False,"Window(col_off=0, row_off=0, width=512, height=512)"
ang20191017t143318_r11776_c256_w512_h512,,0.0,ang20191017t143318,/AVIRISNG/Permian2019/ang20191017t143318_r11776_c256_w512_h512,2019-10-17,2019-10-17 14:33:18+00:00,0,0,512,512,train,random,,False,"Window(col_off=0, row_off=0, width=512, height=512)"
ang20191017t143318_r7680_c0_w512_h512,,0.0,ang20191017t143318,/AVIRISNG/Permian2019/ang20191017t143318_r7680_c0_w512_h512,2019-10-17,2019-10-17 14:33:18+00:00,0,0,512,512,train,random,,False,"Window(col_off=0, row_off=0, width=512, height=512)"
ang20191017t144928_r512_c0_w512_h512,,0.0,ang20191017t144928,/AVIRISNG/Permian2019/ang20191017t144928_r512_c0_w512_h512,2019-10-17,2019-10-17 14:49:28+00:00,0,0,512,512,train,hard,,False,"Window(col_off=0, row_off=0, width=512, height=512)"
ang20191017t144928_r0_c0_w512_h512,,0.0,ang20191017t144928,/AVIRISNG/Permian2019/ang20191017t144928_r0_c0_w512_h512,2019-10-17,2019-10-17 14:49:28+00:00,0,0,512,512,train,hard,,False,"Window(col_off=0, row_off=0, width=512, height=512)"
ang20191017t144928_r12288_c0_w512_h512,,0.0,ang20191017t144928,/AVIRISNG/Permian2019/ang20191017t144928_r12288_c0_w512_h512,2019-10-17,2019-10-17 14:49:28+00:00,0,0,512,512,train,hard,,False,"Window(col_off=0, row_off=0, width=512, height=512)"
ang20191017t144928_r11264_c256_w512_h512,,0.0,ang20191017t144928,/AVIRISNG/Permian2019/ang20191017t144928_r11264_c256_w512_h512,2019-10-17,2019-10-17 14:49:28+00:00,0,0,512,512,train,random,,False,"Window(col_off=0, row_off=0, width=512, height=512)"
ang20191017t144928_r4608_c0_w512_h512,,0.0,ang20191017t144928,/AVIRISNG/Permian2019/ang20191017t144928_r4608_c0_w512_h512,2019-10-17,2019-10-17 14:49:28+00:00,0,0,512,512,train,random,,False,"Window(col_off=0, row_off=0, width=512, height=512)"
ang20191017t144928_r7680_c0_w512_h512,,0.0,ang20191017t144928,/AVIRISNG/Permian2019/ang20191017t144928_r7680_c0_w512_h512,2019-10-17,2019-10-17 14:49:28+00:00,0,0,512,512,train,random,,False,"Window(col_off=0, row_off=0, width=512, height=512)"
ang20191017t144928_r4096_c0_w512_h512,,0.0,ang20191017t144928,/AVIRISNG/Permian2019/ang20191017t144928_r4096_c0_w512_h512,2019-10-17,2019-10-17 14:49:28+00:00,0,0,512,512,train,random,,False,"Window(col_off=0, row_off=0, width=512, height=512)"
ang20191017t150903_r7680_c0_w512_h512,,0.0,ang20191017t150903,/AVIRISNG/Permian2019/ang20191017t150903_r7680_c0_w512_h512,2019-10-17,2019-10-17 15:09:03+00:00,0,0,512,512,train,hard,,False,"Window(col_off=0, row_off=0, width=512, height=512)"
ang20191017t150903_r0_c0_w512_h512,,0.0,ang20191017t150903,/AVIRISNG/Permian2019/ang20191017t150903_r0_c0_w512_h512,2019-10-17,2019-10-17 15:09:03+00:00,0,0,512,512,train,hard,,False,"Window(col_off=0, row_off=0, width=512, height=512)"
ang20191017t150903_r4096_c0_w512_h512,,0.0,ang20191017t150903,/AVIRISNG/Permian2019/ang20191017t150903_r4096_c0_w512_h512,2019-10-17,2019-10-17 15:09:03+00:00,0,0,512,512,train,hard,,False,"Window(col_off=0, row_off=0, width=512, height=512)"
ang20191017t150903_r9728_c256_w512_h512,,0.0,ang20191017t150903,/AVIRISNG/Permian2019/ang20191017t150903_r9728_c256_w512_h512,2019-10-17,2019-10-17 15:09:03+00:00,0,0,512,512,train,random,,False,"Window(col_off=0, row_off=0, width=512, height=512)"
ang20191017t150903_r11520_c0_w512_h512,,0.0,ang20191017t150903,/AVIRISNG/Permian2019/ang20191017t150903_r11520_c0_w512_h512,2019-10-17,2019-10-17 15:09:03+00:00,0,0,512,512,train,random,,False,"Window(col_off=0, row_off=0, width=512, height=512)"
ang20191017t150903_r1024_c0_w512_h512,,0.0,ang20191017t150903,/AVIRISNG/Permian2019/ang20191017t150903_r1024_c0_w512_h512,2019-10-17,2019-10-17 15:09:03+00:00,0,0,512,512,train,random,,False,"Window(col_off=0, row_off=0, width=512, height=512)"
ang20191017t152518_r512_c0_w512_h512,,0.0,ang20191017t152518,/AVIRISNG/Permian2019/ang20191017t152518_r512_c0_w512_h512,2019-10-17,2019-10-17 15:25:18+00:00,0,0,512,512,train,hard,,False,"Window(col_off=0, row_off=0, width=512, height=512)"
ang20191017t152518_r5376_c0_w512_h512,,0.0,ang20191017t152518,/AVIRISNG/Permian2019/ang20191017t152518_r5376_c0_w512_h512,2019-10-17,2019-10-17 15:25:18+00:00,0,0,512,512,train,hard,,False,"Window(col_off=0, row_off=0, width=512, height=512)"
ang20191017t152518_r0_c0_w512_h512,,0.0,ang20191017t152518,/AVIRISNG/Permian2019/ang20191017t152518_r0_c0_w512_h512,2019-10-17,2019-10-17 15:25:18+00:00,0,0,512,512,train,hard,,False,"Window(col_off=0, row_off=0, width=512, height=512)"
ang20191017t152518_r10496_c0_w512_h512,,0.0,ang20191017t152518,/AVIRISNG/Permian2019/ang20191017t152518_r10496_c0_w512_h512,2019-10-17,2019-10-17 15:25:18+00:00,0,0,512,512,train,random,,False,"Window(col_off=0, row_off=0, width=512, height=512)"
ang20191017t152518_r9216_c256_w512_h512,,0.0,ang20191017t152518,/AVIRISNG/Permian2019/ang20191017t152518_r9216_c256_w512_h512,2019-10-17,2019-10-17 15:25:18+00:00,0,0,512,512,train,random,,False,"Window(col_off=0, row_off=0, width=512, height=512)"
ang20191017t154425_r13312_c0_w512_h512,,0.0,ang20191017t154425,/AVIRISNG/Permian2019/ang20191017t154425_r13312_c0_w512_h512,2019-10-17,2019-10-17 15:44:25+00:00,0,0,512,512,train,hard,,False,"Window(col_off=0, row_off=0, width=512, height=512)"
ang20191017t154425_r0_c256_w512_h512,,0.0,ang20191017t154425,/AVIRISNG/Permian2019/ang20191017t154425_r0_c256_w512_h512,2019-10-17,2019-10-17 15:44:25+00:00,0,0,512,512,train,hard,,False,"Window(col_off=0, row_off=0, width=512, height=512)"
ang20191017t154425_r11776_c0_w512_h512,,0.0,ang20191017t154425,/AVIRISNG/Permian2019/ang20191017t154425_r11776_c0_w512_h512,2019-10-17,2019-10-17 15:44:25+00:00,0,0,512,512,train,random,,False,"Window(col_off=0, row_off=0, width=512, height=512)"
ang20191017t154425_r9728_c256_w512_h512,,0.0,ang20191017t154425,/AVIRISNG/Permian2019/ang20191017t154425_r9728_c256_w512_h512,2019-10-17,2019-10-17 15:44:25+00:00,0,0,512,512,train,random,,False,"Window(col_off=0, row_off=0, width=512, height=512)"
ang20191017t160033_r512_c0_w512_h512,,0.0,ang20191017t160033,/AVIRISNG/Permian2019/ang20191017t160033_r512_c0_w512_h512,2019-10-17,2019-10-17 16:00:33+00:00,0,0,512,512,train,hard,,False,"Window(col_off=0, row_off=0, width=512, height=512)"
ang20191017t160033_r11776_c0_w512_h512,,0.0,ang20191017t160033,/AVIRISNG/Permian2019/ang20191017t160033_r11776_c0_w512_h512,2019-10-17,2019-10-17 16:00:33+00:00,0,0,512,512,train,hard,,False,"Window(col_off=0, row_off=0, width=512, height=512)"
ang20191017t160033_r8448_c256_w512_h512,,0.0,ang20191017t160033,/AVIRISNG/Permian2019/ang20191017t160033_r8448_c256_w512_h512,2019-10-17,2019-10-17 16:00:33+00:00,0,0,512,512,train,hard,,False,"Window(col_off=0, row_off=0, width=512, height=512)"
ang20191017t160033_r2304_c0_w512_h512,,0.0,ang20191017t160033,/AVIRISNG/Permian2019/ang20191017t160033_r2304_c0_w512_h512,2019-10-17,2019-10-17 16:00:33+00:00,0,0,512,512,train,random,,False,"Window(col_off=0, row_off=0, width=512, height=512)"
ang20191017t160033_r1792_c0_w512_h512,,0.0,ang20191017t160033,/AVIRISNG/Permian2019/ang20191017t160033_r1792_c0_w512_h512,2019-10-17,2019-10-17 16:00:33+00:00,0,0,512,512,train,random,,False,"Window(col_off=0, row_off=0, width=512, height=512)"
ang20191017t161837_r6656_c256_w512_h512,,0.0,ang20191017t161837,/AVIRISNG/Permian2019/ang20191017t161837_r6656_c256_w512_h512,2019-10-17,2019-10-17 16:18:37+00:00,0,0,512,512,train,hard,,False,"Window(col_off=0, row_off=0, width=512, height=512)"
ang20191017t161837_r7424_c0_w512_h512,,0.0,ang20191017t161837,/AVIRISNG/Permian2019/ang20191017t161837_r7424_c0_w512_h512,2019-10-17,2019-10-17 16:18:37+00:00,0,0,512,512,train,hard,,False,"Window(col_off=0, row_off=0, width=512, height=512)"
ang20191017t161837_r2560_c256_w512_h512,,0.0,ang20191017t161837,/AVIRISNG/Permian2019/ang20191017t161837_r2560_c256_w512_h512,2019-10-17,2019-10-17 16:18:37+00:00,0,0,512,512,train,hard,,False,"Window(col_off=0, row_off=0, width=512, height=512)"
ang20191017t161837_r1792_c256_w512_h512,,0.0,ang20191017t161837,/AVIRISNG/Permian2019/ang20191017t161837_r1792_c256_w512_h512,2019-10-17,2019-10-17 16:18:37+00:00,0,0,512,512,train,random,,False,"Window(col_off=0, row_off=0, width=512, height=512)"
ang20191017t161837_r1024_c256_w512_h512,,0.0,ang20191017t161837,/AVIRISNG/Permian2019/ang20191017t161837_r1024_c256_w512_h512,2019-10-17,2019-10-17 16:18:37+00:00,0,0,512,512,train,random,,False,"Window(col_off=0, row_off=0, width=512, height=512)"
ang20191017t161837_r9728_c0_w512_h512,,0.0,ang20191017t161837,/AVIRISNG/Permian2019/ang20191017t161837_r9728_c0_w512_h512,2019-10-17,2019-10-17 16:18:37+00:00,0,0,512,512,train,random,,False,"Window(col_off=0, row_off=0, width=512, height=512)"
ang20191017t163235_r6912_c0_w512_h512,,0.0,ang20191017t163235,/AVIRISNG/Permian2019/ang20191017t163235_r6912_c0_w512_h512,2019-10-17,2019-10-17 16:32:35+00:00,0,0,512,512,train,hard,,False,"Window(col_off=0, row_off=0, width=512, height=512)"
ang20191017t163235_r4096_c0_w512_h512,,0.0,ang20191017t163235,/AVIRISNG/Permian2019/ang20191017t163235_r4096_c0_w512_h512,2019-10-17,2019-10-17 16:32:35+00:00,0,0,512,512,train,hard,,False,"Window(col_off=0, row_off=0, width=512, height=512)"
ang20191017t163235_r3584_c0_w512_h512,,0.0,ang20191017t163235,/AVIRISNG/Permian2019/ang20191017t163235_r3584_c0_w512_h512,2019-10-17,2019-10-17 16:32:35+00:00,0,0,512,512,train,hard,,False,"Window(col_off=0, row_off=0, width=512, height=512)"
ang20191017t163235_r1024_c0_w512_h512,,0.0,ang20191017t163235,/AVIRISNG/Permian2019/ang20191017t163235_r1024_c0_w512_h512,2019-10-17,2019-10-17 16:32:35+00:00,0,0,512,512,train,random,,False,"Window(col_off=0, row_off=0, width=512, height=512)"
ang20191017t163235_r9472_c256_w512_h512,,0.0,ang20191017t163235,/AVIRISNG/Permian2019/ang20191017t163235_r9472_c256_w512_h512,2019-10-17,2019-10-17 16:32:35+00:00,0,0,512,512,train,random,,False,"Window(col_off=0, row_off=0, width=512, height=512)"
ang20191017t163235_r8960_c0_w512_h512,,0.0,ang20191017t163235,/AVIRISNG/Permian2019/ang20191017t163235_r8960_c0_w512_h512,2019-10-17,2019-10-17 16:32:35+00:00,0,0,512,512,train,random,,False,"Window(col_off=0, row_off=0, width=512, height=512)"
ang20191017t164928_r5888_c0_w512_h512,,0.0,ang20191017t164928,/AVIRISNG/Permian2019/ang20191017t164928_r5888_c0_w512_h512,2019-10-17,2019-10-17 16:49:28+00:00,0,0,512,512,train,hard,,False,"Window(col_off=0, row_off=0, width=512, height=512)"
ang20191017t164928_r2816_c0_w512_h512,,0.0,ang20191017t164928,/AVIRISNG/Permian2019/ang20191017t164928_r2816_c0_w512_h512,2019-10-17,2019-10-17 16:49:28+00:00,0,0,512,512,train,hard,,False,"Window(col_off=0, row_off=0, width=512, height=512)"
ang20191017t164928_r3584_c0_w512_h512,,0.0,ang20191017t164928,/AVIRISNG/Permian2019/ang20191017t164928_r3584_c0_w512_h512,2019-10-17,2019-10-17 16:49:28+00:00,0,0,512,512,train,hard,,False,"Window(col_off=0, row_off=0, width=512, height=512)"
ang20191017t164928_r8704_c0_w512_h512,,0.0,ang20191017t164928,/AVIRISNG/Permian2019/ang20191017t164928_r8704_c0_w512_h512,2019-10-17,2019-10-17 16:49:28+00:00,0,0,512,512,train,random,,False,"Window(col_off=0, row_off=0, width=512, height=512)"
ang20191017t164928_r9216_c256_w512_h512,,0.0,ang20191017t164928,/AVIRISNG/Permian2019/ang20191017t164928_r9216_c256_w512_h512,2019-10-17,2019-10-17 16:49:28+00:00,0,0,512,512,train,random,,False,"Window(col_off=0, row_off=0, width=512, height=512)"
ang20191017t164928_r4864_c0_w512_h512,,0.0,ang20191017t164928,/AVIRISNG/Permian2019/ang20191017t164928_r4864_c0_w512_h512,2019-10-17,2019-10-17 16:49:28+00:00,0,0,512,512,train,random,,False,"Window(col_off=0, row_off=0, width=512, height=512)"
ang20191017t164928_r8192_c256_w512_h512,,0.0,ang20191017t164928,/AVIRISNG/Permian2019/ang20191017t164928_r8192_c256_w512_h512,2019-10-17,2019-10-17 16:49:28+00:00,0,0,512,512,train,random,,False,"Window(col_off=0, row_off=0, width=512, height=512)"
ang20191017t170330_r7424_c0_w512_h512,,0.0,ang20191017t170330,/AVIRISNG/Permian2019/ang20191017t170330_r7424_c0_w512_h512,2019-10-17,2019-10-17 17:03:30+00:00,0,0,512,512,train,hard,,False,"Window(col_off=0, row_off=0, width=512, height=512)"
ang20191017t170330_r7936_c256_w512_h512,,0.0,ang20191017t170330,/AVIRISNG/Permian2019/ang20191017t170330_r7936_c256_w512_h512,2019-10-17,2019-10-17 17:03:30+00:00,0,0,512,512,train,hard,,False,"Window(col_off=0, row_off=0, width=512, height=512)"
ang20191017t170330_r8448_c256_w512_h512,,0.0,ang20191017t170330,/AVIRISNG/Permian2019/ang20191017t170330_r8448_c256_w512_h512,2019-10-17,2019-10-17 17:03:30+00:00,0,0,512,512,train,random,,False,"Window(col_off=0, row_off=0, width=512, height=512)"
ang20191017t171949_r1024_c0_w512_h512,,0.0,ang20191017t171949,/AVIRISNG/Permian2019/ang20191017t171949_r1024_c0_w512_h512,2019-10-17,2019-10-17 17:19:49+00:00,0,0,512,512,train,hard,,False,"Window(col_off=0, row_off=0, width=512, height=512)"
ang20191017t171949_r7424_c256_w512_h512,,0.0,ang20191017t171949,/AVIRISNG/Permian2019/ang20191017t171949_r7424_c256_w512_h512,2019-10-17,2019-10-17 17:19:49+00:00,0,0,512,512,train,random,,False,"Window(col_off=0, row_off=0, width=512, height=512)"
ang20191017t171949_r3840_c0_w512_h512,,0.0,ang20191017t171949,/AVIRISNG/Permian2019/ang20191017t171949_r3840_c0_w512_h512,2019-10-17,2019-10-17 17:19:49+00:00,0,0,512,512,train,random,,False,"Window(col_off=0, row_off=0, width=512, height=512)"
ang20191017t171949_r7936_c0_w512_h512,,0.0,ang20191017t171949,/AVIRISNG/Permian2019/ang20191017t171949_r7936_c0_w512_h512,2019-10-17,2019-10-17 17:19:49+00:00,0,0,512,512,train,random,,False,"Window(col_off=0, row_off=0, width=512, height=512)"
ang20191017t171949_r8704_c0_w512_h512,,0.0,ang20191017t171949,/AVIRISNG/Permian2019/ang20191017t171949_r8704_c0_w512_h512,2019-10-17,2019-10-17 17:19:49+00:00,0,0,512,512,train,random,,False,"Window(col_off=0, row_off=0, width=512, height=512)"
ang20191017t173348_r1280_c0_w512_h512,,0.0,ang20191017t173348,/AVIRISNG/Permian2019/ang20191017t173348_r1280_c0_w512_h512,2019-10-17,2019-10-17 17:33:48+00:00,0,0,512,512,train,hard,,False,"Window(col_off=0, row_off=0, width=512, height=512)"
ang20191017t173348_r0_c0_w512_h512,,0.0,ang20191017t173348,/AVIRISNG/Permian2019/ang20191017t173348_r0_c0_w512_h512,2019-10-17,2019-10-17 17:33:48+00:00,0,0,512,512,train,hard,,False,"Window(col_off=0, row_off=0, width=512, height=512)"
ang20191017t173348_r10496_c256_w512_h512,,0.0,ang20191017t173348,/AVIRISNG/Permian2019/ang20191017t173348_r10496_c256_w512_h512,2019-10-17,2019-10-17 17:33:48+00:00,0,0,512,512,train,hard,,False,"Window(col_off=0, row_off=0, width=512, height=512)"
ang20191017t173348_r7936_c0_w512_h512,,0.0,ang20191017t173348,/AVIRISNG/Permian2019/ang20191017t173348_r7936_c0_w512_h512,2019-10-17,2019-10-17 17:33:48+00:00,0,0,512,512,train,random,,False,"Window(col_off=0, row_off=0, width=512, height=512)"
ang20191017t173348_r8960_c256_w512_h512,,0.0,ang20191017t173348,/AVIRISNG/Permian2019/ang20191017t173348_r8960_c256_w512_h512,2019-10-17,2019-10-17 17:33:48+00:00,0,0,512,512,train,random,,False,"Window(col_off=0, row_off=0, width=512, height=512)"
ang20191017t173348_r3584_c0_w512_h512,,0.0,ang20191017t173348,/AVIRISNG/Permian2019/ang20191017t173348_r3584_c0_w512_h512,2019-10-17,2019-10-17 17:33:48+00:00,0,0,512,512,train,random,,False,"Window(col_off=0, row_off=0, width=512, height=512)"
ang20191017t173348_r8448_c0_w512_h512,,0.0,ang20191017t173348,/AVIRISNG/Permian2019/ang20191017t173348_r8448_c0_w512_h512,2019-10-17,2019-10-17 17:33:48+00:00,0,0,512,512,train,random,,False,"Window(col_off=0, row_off=0, width=512, height=512)"
ang20191017t174946_r1024_c0_w512_h512,,0.0,ang20191017t174946,/AVIRISNG/Permian2019/ang20191017t174946_r1024_c0_w512_h512,2019-10-17,2019-10-17 17:49:46+00:00,0,0,512,512,train,hard,,False,"Window(col_off=0, row_off=0, width=512, height=512)"
ang20191017t174946_r256_c0_w512_h512,,0.0,ang20191017t174946,/AVIRISNG/Permian2019/ang20191017t174946_r256_c0_w512_h512,2019-10-17,2019-10-17 17:49:46+00:00,0,0,512,512,train,hard,,False,"Window(col_off=0, row_off=0, width=512, height=512)"
ang20191017t174946_r3584_c0_w512_h512,,0.0,ang20191017t174946,/AVIRISNG/Permian2019/ang20191017t174946_r3584_c0_w512_h512,2019-10-17,2019-10-17 17:49:46+00:00,0,0,512,512,train,random,,False,"Window(col_off=0, row_off=0, width=512, height=512)"
ang20191017t174946_r4864_c256_w512_h512,,0.0,ang20191017t174946,/AVIRISNG/Permian2019/ang20191017t174946_r4864_c256_w512_h512,2019-10-17,2019-10-17 17:49:46+00:00,0,0,512,512,train,random,,False,"Window(col_off=0, row_off=0, width=512, height=512)"
ang20191017t174946_r3072_c0_w512_h512,,0.0,ang20191017t174946,/AVIRISNG/Permian2019/ang20191017t174946_r3072_c0_w512_h512,2019-10-17,2019-10-17 17:49:46+00:00,0,0,512,512,train,random,,False,"Window(col_off=0, row_off=0, width=512, height=512)"
ang20191017t174946_r4096_c0_w512_h512,,0.0,ang20191017t174946,/AVIRISNG/Permian2019/ang20191017t174946_r4096_c0_w512_h512,2019-10-17,2019-10-17 17:49:46+00:00,0,0,512,512,train,random,,False,"Window(col_off=0, row_off=0, width=512, height=512)"
ang20191017t180347_r0_c0_w512_h512,,0.0,ang20191017t180347,/AVIRISNG/Permian2019/ang20191017t180347_r0_c0_w512_h512,2019-10-17,2019-10-17 18:03:47+00:00,0,0,512,512,train,hard,,False,"Window(col_off=0, row_off=0, width=512, height=512)"
ang20191017t180347_r512_c0_w512_h512,,0.0,ang20191017t180347,/AVIRISNG/Permian2019/ang20191017t180347_r512_c0_w512_h512,2019-10-17,2019-10-17 18:03:47+00:00,0,0,512,512,train,hard,,False,"Window(col_off=0, row_off=0, width=512, height=512)"
ang20191017t180347_r1024_c0_w512_h512,,0.0,ang20191017t180347,/AVIRISNG/Permian2019/ang20191017t180347_r1024_c0_w512_h512,2019-10-17,2019-10-17 18:03:47+00:00,0,0,512,512,train,hard,,False,"Window(col_off=0, row_off=0, width=512, height=512)"
ang20191017t180347_r10752_c0_w512_h512,,0.0,ang20191017t180347,/AVIRISNG/Permian2019/ang20191017t180347_r10752_c0_w512_h512,2019-10-17,2019-10-17 18:03:47+00:00,0,0,512,512,train,random,,False,"Window(col_off=0, row_off=0, width=512, height=512)"
ang20191017t180347_r1536_c0_w512_h512,,0.0,ang20191017t180347,/AVIRISNG/Permian2019/ang20191017t180347_r1536_c0_w512_h512,2019-10-17,2019-10-17 18:03:47+00:00,0,0,512,512,train,random,,False,"Window(col_off=0, row_off=0, width=512, height=512)"
ang20191017t182024_r1024_c0_w512_h512,,0.0,ang20191017t182024,/AVIRISNG/Permian2019/ang20191017t182024_r1024_c0_w512_h512,2019-10-17,2019-10-17 18:20:24+00:00,0,0,512,512,train,hard,,False,"Window(col_off=0, row_off=0, width=512, height=512)"
ang20191017t182024_r512_c0_w512_h512,,0.0,ang20191017t182024,/AVIRISNG/Permian2019/ang20191017t182024_r512_c0_w512_h512,2019-10-17,2019-10-17 18:20:24+00:00,0,0,512,512,train,hard,,False,"Window(col_off=0, row_off=0, width=512, height=512)"
ang20191017t182024_r0_c0_w512_h512,,0.0,ang20191017t182024,/AVIRISNG/Permian2019/ang20191017t182024_r0_c0_w512_h512,2019-10-17,2019-10-17 18:20:24+00:00,0,0,512,512,train,hard,,False,"Window(col_off=0, row_off=0, width=512, height=512)"
ang20191017t182024_r9728_c0_w512_h512,,0.0,ang20191017t182024,/AVIRISNG/Permian2019/ang20191017t182024_r9728_c0_w512_h512,2019-10-17,2019-10-17 18:20:24+00:00,0,0,512,512,train,random,,False,"Window(col_off=0, row_off=0, width=512, height=512)"
ang20191017t182024_r8960_c256_w512_h512,,0.0,ang20191017t182024,/AVIRISNG/Permian2019/ang20191017t182024_r8960_c256_w512_h512,2019-10-17,2019-10-17 18:20:24+00:00,0,0,512,512,train,random,,False,"Window(col_off=0, row_off=0, width=512, height=512)"
ang20191017t182024_r7936_c0_w512_h512,,0.0,ang20191017t182024,/AVIRISNG/Permian2019/ang20191017t182024_r7936_c0_w512_h512,2019-10-17,2019-10-17 18:20:24+00:00,0,0,512,512,train,random,,False,"Window(col_off=0, row_off=0, width=512, height=512)"
ang20191017t183448_r1536_c0_w512_h512,,0.0,ang20191017t183448,/AVIRISNG/Permian2019/ang20191017t183448_r1536_c0_w512_h512,2019-10-17,2019-10-17 18:34:48+00:00,0,0,512,512,train,hard,,False,"Window(col_off=0, row_off=0, width=512, height=512)"
ang20191017t183448_r11264_c0_w512_h512,,0.0,ang20191017t183448,/AVIRISNG/Permian2019/ang20191017t183448_r11264_c0_w512_h512,2019-10-17,2019-10-17 18:34:48+00:00,0,0,512,512,train,hard,,False,"Window(col_off=0, row_off=0, width=512, height=512)"
ang20191017t183448_r10752_c0_w512_h512,,0.0,ang20191017t183448,/AVIRISNG/Permian2019/ang20191017t183448_r10752_c0_w512_h512,2019-10-17,2019-10-17 18:34:48+00:00,0,0,512,512,train,hard,,False,"Window(col_off=0, row_off=0, width=512, height=512)"
ang20191017t183448_r4864_c0_w512_h512,,0.0,ang20191017t183448,/AVIRISNG/Permian2019/ang20191017t183448_r4864_c0_w512_h512,2019-10-17,2019-10-17 18:34:48+00:00,0,0,512,512,train,random,,False,"Window(col_off=0, row_off=0, width=512, height=512)"
ang20191017t183448_r6400_c0_w512_h512,,0.0,ang20191017t183448,/AVIRISNG/Permian2019/ang20191017t183448_r6400_c0_w512_h512,2019-10-17,2019-10-17 18:34:48+00:00,0,0,512,512,train,random,,False,"Window(col_off=0, row_off=0, width=512, height=512)"
ang20191017t183448_r10240_c0_w512_h512,,0.0,ang20191017t183448,/AVIRISNG/Permian2019/ang20191017t183448_r10240_c0_w512_h512,2019-10-17,2019-10-17 18:34:48+00:00,0,0,512,512,train,random,,False,"Window(col_off=0, row_off=0, width=512, height=512)"
ang20191017t183448_r3328_c0_w512_h512,,0.0,ang20191017t183448,/AVIRISNG/Permian2019/ang20191017t183448_r3328_c0_w512_h512,2019-10-17,2019-10-17 18:34:48+00:00,0,0,512,512,train,random,,False,"Window(col_off=0, row_off=0, width=512, height=512)"
ang20191017t185057_r0_c0_w512_h512,,0.0,ang20191017t185057,/AVIRISNG/Permian2019/ang20191017t185057_r0_c0_w512_h512,2019-10-17,2019-10-17 18:50:57+00:00,0,0,512,512,train,hard,,False,"Window(col_off=0, row_off=0, width=512, height=512)"
ang20191017t185057_r512_c0_w512_h512,,0.0,ang20191017t185057,/AVIRISNG/Permian2019/ang20191017t185057_r512_c0_w512_h512,2019-10-17,2019-10-17 18:50:57+00:00,0,0,512,512,train,hard,,False,"Window(col_off=0, row_off=0, width=512, height=512)"
ang20191017t185057_r11520_c256_w512_h512,,0.0,ang20191017t185057,/AVIRISNG/Permian2019/ang20191017t185057_r11520_c256_w512_h512,2019-10-17,2019-10-17 18:50:57+00:00,0,0,512,512,train,hard,,False,"Window(col_off=0, row_off=0, width=512, height=512)"
ang20191017t185057_r10496_c0_w512_h512,,0.0,ang20191017t185057,/AVIRISNG/Permian2019/ang20191017t185057_r10496_c0_w512_h512,2019-10-17,2019-10-17 18:50:57+00:00,0,0,512,512,train,random,,False,"Window(col_off=0, row_off=0, width=512, height=512)"
ang20191017t185057_r9472_c256_w512_h512,,0.0,ang20191017t185057,/AVIRISNG/Permian2019/ang20191017t185057_r9472_c256_w512_h512,2019-10-17,2019-10-17 18:50:57+00:00,0,0,512,512,train,random,,False,"Window(col_off=0, row_off=0, width=512, height=512)"
ang20191017t185057_r11008_c0_w512_h512,,0.0,ang20191017t185057,/AVIRISNG/Permian2019/ang20191017t185057_r11008_c0_w512_h512,2019-10-17,2019-10-17 18:50:57+00:00,0,0,512,512,train,random,,False,"Window(col_off=0, row_off=0, width=512, height=512)"
ang20191017t185057_r8704_c256_w512_h512,,0.0,ang20191017t185057,/AVIRISNG/Permian2019/ang20191017t185057_r8704_c256_w512_h512,2019-10-17,2019-10-17 18:50:57+00:00,0,0,512,512,train,random,,False,"Window(col_off=0, row_off=0, width=512, height=512)"
ang20191017t191119_r9728_c0_w512_h512,,0.0,ang20191017t191119,/AVIRISNG/Permian2019/ang20191017t191119_r9728_c0_w512_h512,2019-10-17,2019-10-17 19:11:19+00:00,0,0,512,512,train,hard,,False,"Window(col_off=0, row_off=0, width=512, height=512)"
ang20191019t145204_r4608_c0_w512_h512,,0.0,ang20191019t145204,/AVIRISNG/Permian2019/ang20191019t145204_r4608_c0_w512_h512,2019-10-19,2019-10-19 14:52:04+00:00,0,0,512,512,train,hard,,False,"Window(col_off=0, row_off=0, width=512, height=512)"
ang20191019t145204_r5120_c0_w512_h512,,0.0,ang20191019t145204,/AVIRISNG/Permian2019/ang20191019t145204_r5120_c0_w512_h512,2019-10-19,2019-10-19 14:52:04+00:00,0,0,512,512,train,hard,,False,"Window(col_off=0, row_off=0, width=512, height=512)"
ang20191019t145204_r7168_c0_w512_h512,,0.0,ang20191019t145204,/AVIRISNG/Permian2019/ang20191019t145204_r7168_c0_w512_h512,2019-10-19,2019-10-19 14:52:04+00:00,0,0,512,512,train,hard,,False,"Window(col_off=0, row_off=0, width=512, height=512)"
ang20191019t145204_r1280_c0_w512_h512,,0.0,ang20191019t145204,/AVIRISNG/Permian2019/ang20191019t145204_r1280_c0_w512_h512,2019-10-19,2019-10-19 14:52:04+00:00,0,0,512,512,train,random,,False,"Window(col_off=0, row_off=0, width=512, height=512)"
ang20191019t145204_r2048_c0_w512_h512,,0.0,ang20191019t145204,/AVIRISNG/Permian2019/ang20191019t145204_r2048_c0_w512_h512,2019-10-19,2019-10-19 14:52:04+00:00,0,0,512,512,train,random,,False,"Window(col_off=0, row_off=0, width=512, height=512)"
ang20191019t145204_r6144_c0_w512_h512,,0.0,ang20191019t145204,/AVIRISNG/Permian2019/ang20191019t145204_r6144_c0_w512_h512,2019-10-19,2019-10-19 14:52:04+00:00,0,0,512,512,train,random,,False,"Window(col_off=0, row_off=0, width=512, height=512)"
ang20191019t150925_r4608_c0_w512_h512,,0.0,ang20191019t150925,/AVIRISNG/Permian2019/ang20191019t150925_r4608_c0_w512_h512,2019-10-19,2019-10-19 15:09:25+00:00,0,0,512,512,train,hard,,False,"Window(col_off=0, row_off=0, width=512, height=512)"
ang20191019t150925_r5120_c0_w512_h512,,0.0,ang20191019t150925,/AVIRISNG/Permian2019/ang20191019t150925_r5120_c0_w512_h512,2019-10-19,2019-10-19 15:09:25+00:00,0,0,512,512,train,hard,,False,"Window(col_off=0, row_off=0, width=512, height=512)"
ang20191019t150925_r7424_c0_w512_h512,,0.0,ang20191019t150925,/AVIRISNG/Permian2019/ang20191019t150925_r7424_c0_w512_h512,2019-10-19,2019-10-19 15:09:25+00:00,0,0,512,512,train,hard,,False,"Window(col_off=0, row_off=0, width=512, height=512)"
ang20191019t150925_r1792_c0_w512_h512,,0.0,ang20191019t150925,/AVIRISNG/Permian2019/ang20191019t150925_r1792_c0_w512_h512,2019-10-19,2019-10-19 15:09:25+00:00,0,0,512,512,train,random,,False,"Window(col_off=0, row_off=0, width=512, height=512)"
ang20191019t150925_r5632_c0_w512_h512,,0.0,ang20191019t150925,/AVIRISNG/Permian2019/ang20191019t150925_r5632_c0_w512_h512,2019-10-19,2019-10-19 15:09:25+00:00,0,0,512,512,train,random,,False,"Window(col_off=0, row_off=0, width=512, height=512)"
ang20191019t150925_r1024_c0_w512_h512,,0.0,ang20191019t150925,/AVIRISNG/Permian2019/ang20191019t150925_r1024_c0_w512_h512,2019-10-19,2019-10-19 15:09:25+00:00,0,0,512,512,train,random,,False,"Window(col_off=0, row_off=0, width=512, height=512)"
ang20191019t150925_r6912_c0_w512_h512,,0.0,ang20191019t150925,/AVIRISNG/Permian2019/ang20191019t150925_r6912_c0_w512_h512,2019-10-19,2019-10-19 15:09:25+00:00,0,0,512,512,train,random,,False,"Window(col_off=0, row_off=0, width=512, height=512)"
ang20191019t151749_r4608_c0_w512_h512,,0.0,ang20191019t151749,/AVIRISNG/Permian2019/ang20191019t151749_r4608_c0_w512_h512,2019-10-19,2019-10-19 15:17:49+00:00,0,0,512,512,train,hard,,False,"Window(col_off=0, row_off=0, width=512, height=512)"
ang20191019t151749_r5120_c0_w512_h512,,0.0,ang20191019t151749,/AVIRISNG/Permian2019/ang20191019t151749_r5120_c0_w512_h512,2019-10-19,2019-10-19 15:17:49+00:00,0,0,512,512,train,hard,,False,"Window(col_off=0, row_off=0, width=512, height=512)"
ang20191019t151749_r7168_c0_w512_h512,,0.0,ang20191019t151749,/AVIRISNG/Permian2019/ang20191019t151749_r7168_c0_w512_h512,2019-10-19,2019-10-19 15:17:49+00:00,0,0,512,512,train,hard,,False,"Window(col_off=0, row_off=0, width=512, height=512)"
ang20191019t151749_r5632_c0_w512_h512,,0.0,ang20191019t151749,/AVIRISNG/Permian2019/ang20191019t151749_r5632_c0_w512_h512,2019-10-19,2019-10-19 15:17:49+00:00,0,0,512,512,train,random,,False,"Window(col_off=0, row_off=0, width=512, height=512)"
ang20191019t151749_r6656_c0_w512_h512,,0.0,ang20191019t151749,/AVIRISNG/Permian2019/ang20191019t151749_r6656_c0_w512_h512,2019-10-19,2019-10-19 15:17:49+00:00,0,0,512,512,train,random,,False,"Window(col_off=0, row_off=0, width=512, height=512)"
ang20191019t151749_r2816_c0_w512_h512,,0.0,ang20191019t151749,/AVIRISNG/Permian2019/ang20191019t151749_r2816_c0_w512_h512,2019-10-19,2019-10-19 15:17:49+00:00,0,0,512,512,train,random,,False,"Window(col_off=0, row_off=0, width=512, height=512)"
ang20191019t151749_r1536_c0_w512_h512,,0.0,ang20191019t151749,/AVIRISNG/Permian2019/ang20191019t151749_r1536_c0_w512_h512,2019-10-19,2019-10-19 15:17:49+00:00,0,0,512,512,train,random,,False,"Window(col_off=0, row_off=0, width=512, height=512)"
ang20191019t152610_r4608_c0_w512_h512,,0.0,ang20191019t152610,/AVIRISNG/Permian2019/ang20191019t152610_r4608_c0_w512_h512,2019-10-19,2019-10-19 15:26:10+00:00,0,0,512,512,train,hard,,False,"Window(col_off=0, row_off=0, width=512, height=512)"
ang20191019t152610_r5120_c0_w512_h512,,0.0,ang20191019t152610,/AVIRISNG/Permian2019/ang20191019t152610_r5120_c0_w512_h512,2019-10-19,2019-10-19 15:26:10+00:00,0,0,512,512,train,hard,,False,"Window(col_off=0, row_off=0, width=512, height=512)"
ang20191019t152610_r2560_c0_w512_h512,,0.0,ang20191019t152610,/AVIRISNG/Permian2019/ang20191019t152610_r2560_c0_w512_h512,2019-10-19,2019-10-19 15:26:10+00:00,0,0,512,512,train,random,,False,"Window(col_off=0, row_off=0, width=512, height=512)"
ang20191019t152610_r3072_c0_w512_h512,,0.0,ang20191019t152610,/AVIRISNG/Permian2019/ang20191019t152610_r3072_c0_w512_h512,2019-10-19,2019-10-19 15:26:10+00:00,0,0,512,512,train,random,,False,"Window(col_off=0, row_off=0, width=512, height=512)"
ang20191019t152610_r1280_c0_w512_h512,,0.0,ang20191019t152610,/AVIRISNG/Permian2019/ang20191019t152610_r1280_c0_w512_h512,2019-10-19,2019-10-19 15:26:10+00:00,0,0,512,512,train,random,,False,"Window(col_off=0, row_off=0, width=512, height=512)"
ang20191019t152610_r0_c0_w512_h512,,0.0,ang20191019t152610,/AVIRISNG/Permian2019/ang20191019t152610_r0_c0_w512_h512,2019-10-19,2019-10-19 15:26:10+00:00,0,0,512,512,train,random,,False,"Window(col_off=0, row_off=0, width=512, height=512)"
ang20191019t153454_r4608_c0_w512_h512,,0.0,ang20191019t153454,/AVIRISNG/Permian2019/ang20191019t153454_r4608_c0_w512_h512,2019-10-19,2019-10-19 15:34:54+00:00,0,0,512,512,train,hard,,False,"Window(col_off=0, row_off=0, width=512, height=512)"
ang20191019t153454_r5120_c0_w512_h512,,0.0,ang20191019t153454,/AVIRISNG/Permian2019/ang20191019t153454_r5120_c0_w512_h512,2019-10-19,2019-10-19 15:34:54+00:00,0,0,512,512,train,hard,,False,"Window(col_off=0, row_off=0, width=512, height=512)"
ang20191019t153454_r7168_c0_w512_h512,,0.0,ang20191019t153454,/AVIRISNG/Permian2019/ang20191019t153454_r7168_c0_w512_h512,2019-10-19,2019-10-19 15:34:54+00:00,0,0,512,512,train,hard,,False,"Window(col_off=0, row_off=0, width=512, height=512)"
ang20191019t153454_r256_c0_w512_h512,,0.0,ang20191019t153454,/AVIRISNG/Permian2019/ang20191019t153454_r256_c0_w512_h512,2019-10-19,2019-10-19 15:34:54+00:00,0,0,512,512,train,random,,False,"Window(col_off=0, row_off=0, width=512, height=512)"
ang20191019t153454_r2560_c0_w512_h512,,0.0,ang20191019t153454,/AVIRISNG/Permian2019/ang20191019t153454_r2560_c0_w512_h512,2019-10-19,2019-10-19 15:34:54+00:00,0,0,512,512,train,random,,False,"Window(col_off=0, row_off=0, width=512, height=512)"
ang20191019t153454_r6400_c0_w512_h512,,0.0,ang20191019t153454,/AVIRISNG/Permian2019/ang20191019t153454_r6400_c0_w512_h512,2019-10-19,2019-10-19 15:34:54+00:00,0,0,512,512,train,random,,False,"Window(col_off=0, row_off=0, width=512, height=512)"
ang20191019t155740_r4096_c256_w512_h512,,0.0,ang20191019t155740,/AVIRISNG/Permian2019/ang20191019t155740_r4096_c256_w512_h512,2019-10-19,2019-10-19 15:57:40+00:00,0,0,512,512,train,hard,,False,"Window(col_off=0, row_off=0, width=512, height=512)"
ang20191019t155740_r0_c256_w512_h512,,0.0,ang20191019t155740,/AVIRISNG/Permian2019/ang20191019t155740_r0_c256_w512_h512,2019-10-19,2019-10-19 15:57:40+00:00,0,0,512,512,train,hard,,False,"Window(col_off=0, row_off=0, width=512, height=512)"
ang20191019t155740_r3584_c256_w512_h512,,0.0,ang20191019t155740,/AVIRISNG/Permian2019/ang20191019t155740_r3584_c256_w512_h512,2019-10-19,2019-10-19 15:57:40+00:00,0,0,512,512,train,hard,,False,"Window(col_off=0, row_off=0, width=512, height=512)"
ang20191019t155740_r5888_c256_w512_h512,,0.0,ang20191019t155740,/AVIRISNG/Permian2019/ang20191019t155740_r5888_c256_w512_h512,2019-10-19,2019-10-19 15:57:40+00:00,0,0,512,512,train,random,,False,"Window(col_off=0, row_off=0, width=512, height=512)"
ang20191019t155740_r512_c0_w512_h512,,0.0,ang20191019t155740,/AVIRISNG/Permian2019/ang20191019t155740_r512_c0_w512_h512,2019-10-19,2019-10-19 15:57:40+00:00,0,0,512,512,train,random,,False,"Window(col_off=0, row_off=0, width=512, height=512)"
ang20191019t155740_r2816_c256_w512_h512,,0.0,ang20191019t155740,/AVIRISNG/Permian2019/ang20191019t155740_r2816_c256_w512_h512,2019-10-19,2019-10-19 15:57:40+00:00,0,0,512,512,train,random,,False,"Window(col_off=0, row_off=0, width=512, height=512)"
ang20191019t160518_r3328_c0_w512_h512,,0.0,ang20191019t160518,/AVIRISNG/Permian2019/ang20191019t160518_r3328_c0_w512_h512,2019-10-19,2019-10-19 16:05:18+00:00,0,0,512,512,train,hard,,False,"Window(col_off=0, row_off=0, width=512, height=512)"
ang20191019t160518_r5888_c0_w512_h512,,0.0,ang20191019t160518,/AVIRISNG/Permian2019/ang20191019t160518_r5888_c0_w512_h512,2019-10-19,2019-10-19 16:05:18+00:00,0,0,512,512,train,hard,,False,"Window(col_off=0, row_off=0, width=512, height=512)"
ang20191019t160518_r5376_c0_w512_h512,,0.0,ang20191019t160518,/AVIRISNG/Permian2019/ang20191019t160518_r5376_c0_w512_h512,2019-10-19,2019-10-19 16:05:18+00:00,0,0,512,512,train,random,,False,"Window(col_off=0, row_off=0, width=512, height=512)"
ang20191019t160518_r2816_c0_w512_h512,,0.0,ang20191019t160518,/AVIRISNG/Permian2019/ang20191019t160518_r2816_c0_w512_h512,2019-10-19,2019-10-19 16:05:18+00:00,0,0,512,512,train,random,,False,"Window(col_off=0, row_off=0, width=512, height=512)"
ang20191019t160518_r7168_c0_w512_h512,,0.0,ang20191019t160518,/AVIRISNG/Permian2019/ang20191019t160518_r7168_c0_w512_h512,2019-10-19,2019-10-19 16:05:18+00:00,0,0,512,512,train,random,,False,"Window(col_off=0, row_off=0, width=512, height=512)"
ang20191019t161418_r3328_c0_w512_h512,,0.0,ang20191019t161418,/AVIRISNG/Permian2019/ang20191019t161418_r3328_c0_w512_h512,2019-10-19,2019-10-19 16:14:18+00:00,0,0,512,512,train,hard,,False,"Window(col_off=0, row_off=0, width=512, height=512)"
ang20191019t161418_r5120_c0_w512_h512,,0.0,ang20191019t161418,/AVIRISNG/Permian2019/ang20191019t161418_r5120_c0_w512_h512,2019-10-19,2019-10-19 16:14:18+00:00,0,0,512,512,train,hard,,False,"Window(col_off=0, row_off=0, width=512, height=512)"
ang20191019t161418_r5632_c0_w512_h512,,0.0,ang20191019t161418,/AVIRISNG/Permian2019/ang20191019t161418_r5632_c0_w512_h512,2019-10-19,2019-10-19 16:14:18+00:00,0,0,512,512,train,hard,,False,"Window(col_off=0, row_off=0, width=512, height=512)"
ang20191019t161418_r2560_c0_w512_h512,,0.0,ang20191019t161418,/AVIRISNG/Permian2019/ang20191019t161418_r2560_c0_w512_h512,2019-10-19,2019-10-19 16:14:18+00:00,0,0,512,512,train,random,,False,"Window(col_off=0, row_off=0, width=512, height=512)"
ang20191019t161418_r4608_c0_w512_h512,,0.0,ang20191019t161418,/AVIRISNG/Permian2019/ang20191019t161418_r4608_c0_w512_h512,2019-10-19,2019-10-19 16:14:18+00:00,0,0,512,512,train,random,,False,"Window(col_off=0, row_off=0, width=512, height=512)"
ang20191019t161418_r2048_c0_w512_h512,,0.0,ang20191019t161418,/AVIRISNG/Permian2019/ang20191019t161418_r2048_c0_w512_h512,2019-10-19,2019-10-19 16:14:18+00:00,0,0,512,512,train,random,,False,"Window(col_off=0, row_off=0, width=512, height=512)"
ang20191019t162211_r5120_c0_w512_h512,,0.0,ang20191019t162211,/AVIRISNG/Permian2019/ang20191019t162211_r5120_c0_w512_h512,2019-10-19,2019-10-19 16:22:11+00:00,0,0,512,512,train,hard,,False,"Window(col_off=0, row_off=0, width=512, height=512)"
ang20191019t162211_r5888_c0_w512_h512,,0.0,ang20191019t162211,/AVIRISNG/Permian2019/ang20191019t162211_r5888_c0_w512_h512,2019-10-19,2019-10-19 16:22:11+00:00,0,0,512,512,train,hard,,False,"Window(col_off=0, row_off=0, width=512, height=512)"
ang20191019t162211_r4608_c0_w512_h512,,0.0,ang20191019t162211,/AVIRISNG/Permian2019/ang20191019t162211_r4608_c0_w512_h512,2019-10-19,2019-10-19 16:22:11+00:00,0,0,512,512,train,hard,,False,"Window(col_off=0, row_off=0, width=512, height=512)"
ang20191019t162211_r2048_c0_w512_h512,,0.0,ang20191019t162211,/AVIRISNG/Permian2019/ang20191019t162211_r2048_c0_w512_h512,2019-10-19,2019-10-19 16:22:11+00:00,0,0,512,512,train,random,,False,"Window(col_off=0, row_off=0, width=512, height=512)"
ang20191019t162211_r7168_c0_w512_h512,,0.0,ang20191019t162211,/AVIRISNG/Permian2019/ang20191019t162211_r7168_c0_w512_h512,2019-10-19,2019-10-19 16:22:11+00:00,0,0,512,512,train,random,,False,"Window(col_off=0, row_off=0, width=512, height=512)"
ang20191019t163936_r4864_c0_w512_h512,,0.0,ang20191019t163936,/AVIRISNG/Permian2019/ang20191019t163936_r4864_c0_w512_h512,2019-10-19,2019-10-19 16:39:36+00:00,0,0,512,512,train,hard,,False,"Window(col_off=0, row_off=0, width=512, height=512)"
ang20191019t163936_r5888_c0_w512_h512,,0.0,ang20191019t163936,/AVIRISNG/Permian2019/ang20191019t163936_r5888_c0_w512_h512,2019-10-19,2019-10-19 16:39:36+00:00,0,0,512,512,train,hard,,False,"Window(col_off=0, row_off=0, width=512, height=512)"
ang20191019t163936_r5376_c0_w512_h512,,0.0,ang20191019t163936,/AVIRISNG/Permian2019/ang20191019t163936_r5376_c0_w512_h512,2019-10-19,2019-10-19 16:39:36+00:00,0,0,512,512,train,hard,,False,"Window(col_off=0, row_off=0, width=512, height=512)"
ang20191019t163936_r2560_c0_w512_h512,,0.0,ang20191019t163936,/AVIRISNG/Permian2019/ang20191019t163936_r2560_c0_w512_h512,2019-10-19,2019-10-19 16:39:36+00:00,0,0,512,512,train,random,,False,"Window(col_off=0, row_off=0, width=512, height=512)"
ang20191019t163936_r1792_c0_w512_h512,,0.0,ang20191019t163936,/AVIRISNG/Permian2019/ang20191019t163936_r1792_c0_w512_h512,2019-10-19,2019-10-19 16:39:36+00:00,0,0,512,512,train,random,,False,"Window(col_off=0, row_off=0, width=512, height=512)"
ang20191019t163936_r3328_c0_w512_h512,,0.0,ang20191019t163936,/AVIRISNG/Permian2019/ang20191019t163936_r3328_c0_w512_h512,2019-10-19,2019-10-19 16:39:36+00:00,0,0,512,512,train,random,,False,"Window(col_off=0, row_off=0, width=512, height=512)"
ang20191019t163936_r7168_c0_w512_h512,,0.0,ang20191019t163936,/AVIRISNG/Permian2019/ang20191019t163936_r7168_c0_w512_h512,2019-10-19,2019-10-19 16:39:36+00:00,0,0,512,512,train,random,,False,"Window(col_off=0, row_off=0, width=512, height=512)"
ang20191019t164827_r3584_c0_w512_h512,,0.0,ang20191019t164827,/AVIRISNG/Permian2019/ang20191019t164827_r3584_c0_w512_h512,2019-10-19,2019-10-19 16:48:27+00:00,0,0,512,512,train,hard,,False,"Window(col_off=0, row_off=0, width=512, height=512)"
ang20191019t164827_r6144_c0_w512_h512,,0.0,ang20191019t164827,/AVIRISNG/Permian2019/ang20191019t164827_r6144_c0_w512_h512,2019-10-19,2019-10-19 16:48:27+00:00,0,0,512,512,train,hard,,False,"Window(col_off=0, row_off=0, width=512, height=512)"
ang20191019t164827_r1792_c0_w512_h512,,0.0,ang20191019t164827,/AVIRISNG/Permian2019/ang20191019t164827_r1792_c0_w512_h512,2019-10-19,2019-10-19 16:48:27+00:00,0,0,512,512,train,random,,False,"Window(col_off=0, row_off=0, width=512, height=512)"
ang20191019t164827_r7424_c0_w512_h512,,0.0,ang20191019t164827,/AVIRISNG/Permian2019/ang20191019t164827_r7424_c0_w512_h512,2019-10-19,2019-10-19 16:48:27+00:00,0,0,512,512,train,random,,False,"Window(col_off=0, row_off=0, width=512, height=512)"
ang20191019t164827_r5632_c0_w512_h512,,0.0,ang20191019t164827,/AVIRISNG/Permian2019/ang20191019t164827_r5632_c0_w512_h512,2019-10-19,2019-10-19 16:48:27+00:00,0,0,512,512,train,random,,False,"Window(col_off=0, row_off=0, width=512, height=512)"
ang20191019t164827_r2560_c0_w512_h512,,0.0,ang20191019t164827,/AVIRISNG/Permian2019/ang20191019t164827_r2560_c0_w512_h512,2019-10-19,2019-10-19 16:48:27+00:00,0,0,512,512,train,random,,False,"Window(col_off=0, row_off=0, width=512, height=512)"
ang20191019t170014_r4608_c256_w512_h512,,0.0,ang20191019t170014,/AVIRISNG/Permian2019/ang20191019t170014_r4608_c256_w512_h512,2019-10-19,2019-10-19 17:00:14+00:00,0,0,512,512,train,hard,,False,"Window(col_off=0, row_off=0, width=512, height=512)"
ang20191019t170014_r1280_c0_w512_h512,,0.0,ang20191019t170014,/AVIRISNG/Permian2019/ang20191019t170014_r1280_c0_w512_h512,2019-10-19,2019-10-19 17:00:14+00:00,0,0,512,512,train,hard,,False,"Window(col_off=0, row_off=0, width=512, height=512)"
ang20191019t170014_r4096_c256_w512_h512,,0.0,ang20191019t170014,/AVIRISNG/Permian2019/ang20191019t170014_r4096_c256_w512_h512,2019-10-19,2019-10-19 17:00:14+00:00,0,0,512,512,train,hard,,False,"Window(col_off=0, row_off=0, width=512, height=512)"
ang20191019t170014_r512_c0_w512_h512,,0.0,ang20191019t170014,/AVIRISNG/Permian2019/ang20191019t170014_r512_c0_w512_h512,2019-10-19,2019-10-19 17:00:14+00:00,0,0,512,512,train,random,,False,"Window(col_off=0, row_off=0, width=512, height=512)"
ang20191019t170014_r3584_c256_w512_h512,,0.0,ang20191019t170014,/AVIRISNG/Permian2019/ang20191019t170014_r3584_c256_w512_h512,2019-10-19,2019-10-19 17:00:14+00:00,0,0,512,512,train,random,,False,"Window(col_off=0, row_off=0, width=512, height=512)"
ang20191019t170014_r8192_c256_w512_h512,,0.0,ang20191019t170014,/AVIRISNG/Permian2019/ang20191019t170014_r8192_c256_w512_h512,2019-10-19,2019-10-19 17:00:14+00:00,0,0,512,512,train,random,,False,"Window(col_off=0, row_off=0, width=512, height=512)"
ang20191019t171416_r4864_c256_w512_h512,,0.0,ang20191019t171416,/AVIRISNG/Permian2019/ang20191019t171416_r4864_c256_w512_h512,2019-10-19,2019-10-19 17:14:16+00:00,0,0,512,512,train,hard,,False,"Window(col_off=0, row_off=0, width=512, height=512)"
ang20191019t171416_r2816_c0_w512_h512,,0.0,ang20191019t171416,/AVIRISNG/Permian2019/ang20191019t171416_r2816_c0_w512_h512,2019-10-19,2019-10-19 17:14:16+00:00,0,0,512,512,train,hard,,False,"Window(col_off=0, row_off=0, width=512, height=512)"
ang20191019t171416_r4352_c0_w512_h512,,0.0,ang20191019t171416,/AVIRISNG/Permian2019/ang20191019t171416_r4352_c0_w512_h512,2019-10-19,2019-10-19 17:14:16+00:00,0,0,512,512,train,hard,,False,"Window(col_off=0, row_off=0, width=512, height=512)"
ang20191019t171416_r3328_c0_w512_h512,,0.0,ang20191019t171416,/AVIRISNG/Permian2019/ang20191019t171416_r3328_c0_w512_h512,2019-10-19,2019-10-19 17:14:16+00:00,0,0,512,512,train,random,,False,"Window(col_off=0, row_off=0, width=512, height=512)"
ang20191019t171416_r8192_c256_w512_h512,,0.0,ang20191019t171416,/AVIRISNG/Permian2019/ang20191019t171416_r8192_c256_w512_h512,2019-10-19,2019-10-19 17:14:16+00:00,0,0,512,512,train,random,,False,"Window(col_off=0, row_off=0, width=512, height=512)"
ang20191019t171416_r8704_c0_w512_h512,,0.0,ang20191019t171416,/AVIRISNG/Permian2019/ang20191019t171416_r8704_c0_w512_h512,2019-10-19,2019-10-19 17:14:16+00:00,0,0,512,512,train,random,,False,"Window(col_off=0, row_off=0, width=512, height=512)"
ang20191019t172500_r4352_c256_w512_h512,,0.0,ang20191019t172500,/AVIRISNG/Permian2019/ang20191019t172500_r4352_c256_w512_h512,2019-10-19,2019-10-19 17:25:00+00:00,0,0,512,512,train,hard,,False,"Window(col_off=0, row_off=0, width=512, height=512)"
ang20191019t172500_r3840_c256_w512_h512,,0.0,ang20191019t172500,/AVIRISNG/Permian2019/ang20191019t172500_r3840_c256_w512_h512,2019-10-19,2019-10-19 17:25:00+00:00,0,0,512,512,train,hard,,False,"Window(col_off=0, row_off=0, width=512, height=512)"
ang20191019t172500_r9216_c256_w512_h512,,0.0,ang20191019t172500,/AVIRISNG/Permian2019/ang20191019t172500_r9216_c256_w512_h512,2019-10-19,2019-10-19 17:25:00+00:00,0,0,512,512,train,random,,False,"Window(col_off=0, row_off=0, width=512, height=512)"
ang20191019t172500_r9728_c0_w512_h512,,0.0,ang20191019t172500,/AVIRISNG/Permian2019/ang20191019t172500_r9728_c0_w512_h512,2019-10-19,2019-10-19 17:25:00+00:00,0,0,512,512,train,random,,False,"Window(col_off=0, row_off=0, width=512, height=512)"
ang20191019t172500_r12032_c256_w512_h512,,0.0,ang20191019t172500,/AVIRISNG/Permian2019/ang20191019t172500_r12032_c256_w512_h512,2019-10-19,2019-10-19 17:25:00+00:00,0,0,512,512,train,random,,False,"Window(col_off=0, row_off=0, width=512, height=512)"
ang20191019t172500_r3328_c256_w512_h512,,0.0,ang20191019t172500,/AVIRISNG/Permian2019/ang20191019t172500_r3328_c256_w512_h512,2019-10-19,2019-10-19 17:25:00+00:00,0,0,512,512,train,random,,False,"Window(col_off=0, row_off=0, width=512, height=512)"
ang20191019t173905_r5632_c256_w512_h512,,0.0,ang20191019t173905,/AVIRISNG/Permian2019/ang20191019t173905_r5632_c256_w512_h512,2019-10-19,2019-10-19 17:39:05+00:00,0,0,512,512,train,hard,,False,"Window(col_off=0, row_off=0, width=512, height=512)"
ang20191019t173905_r6144_c0_w512_h512,,0.0,ang20191019t173905,/AVIRISNG/Permian2019/ang20191019t173905_r6144_c0_w512_h512,2019-10-19,2019-10-19 17:39:05+00:00,0,0,512,512,train,hard,,False,"Window(col_off=0, row_off=0, width=512, height=512)"
ang20191019t173905_r12800_c256_w512_h512,,0.0,ang20191019t173905,/AVIRISNG/Permian2019/ang20191019t173905_r12800_c256_w512_h512,2019-10-19,2019-10-19 17:39:05+00:00,0,0,512,512,train,random,,False,"Window(col_off=0, row_off=0, width=512, height=512)"
ang20191019t173905_r8960_c256_w512_h512,,0.0,ang20191019t173905,/AVIRISNG/Permian2019/ang20191019t173905_r8960_c256_w512_h512,2019-10-19,2019-10-19 17:39:05+00:00,0,0,512,512,train,random,,False,"Window(col_off=0, row_off=0, width=512, height=512)"
ang20191019t173905_r4352_c256_w512_h512,,0.0,ang20191019t173905,/AVIRISNG/Permian2019/ang20191019t173905_r4352_c256_w512_h512,2019-10-19,2019-10-19 17:39:05+00:00,0,0,512,512,train,random,,False,"Window(col_off=0, row_off=0, width=512, height=512)"
ang20191019t173905_r8192_c0_w512_h512,,0.0,ang20191019t173905,/AVIRISNG/Permian2019/ang20191019t173905_r8192_c0_w512_h512,2019-10-19,2019-10-19 17:39:05+00:00,0,0,512,512,train,random,,False,"Window(col_off=0, row_off=0, width=512, height=512)"
ang20191019t175004_r5888_c256_w512_h512,,0.0,ang20191019t175004,/AVIRISNG/Permian2019/ang20191019t175004_r5888_c256_w512_h512,2019-10-19,2019-10-19 17:50:04+00:00,0,0,512,512,train,hard,,False,"Window(col_off=0, row_off=0, width=512, height=512)"
ang20191019t175004_r4608_c256_w512_h512,,0.0,ang20191019t175004,/AVIRISNG/Permian2019/ang20191019t175004_r4608_c256_w512_h512,2019-10-19,2019-10-19 17:50:04+00:00,0,0,512,512,train,hard,,False,"Window(col_off=0, row_off=0, width=512, height=512)"
ang20191019t175004_r8192_c256_w512_h512,,0.0,ang20191019t175004,/AVIRISNG/Permian2019/ang20191019t175004_r8192_c256_w512_h512,2019-10-19,2019-10-19 17:50:04+00:00,0,0,512,512,train,hard,,False,"Window(col_off=0, row_off=0, width=512, height=512)"
ang20191019t175004_r10240_c0_w512_h512,,0.0,ang20191019t175004,/AVIRISNG/Permian2019/ang20191019t175004_r10240_c0_w512_h512,2019-10-19,2019-10-19 17:50:04+00:00,0,0,512,512,train,random,,False,"Window(col_off=0, row_off=0, width=512, height=512)"
ang20191019t175004_r11776_c256_w512_h512,,0.0,ang20191019t175004,/AVIRISNG/Permian2019/ang20191019t175004_r11776_c256_w512_h512,2019-10-19,2019-10-19 17:50:04+00:00,0,0,512,512,train,random,,False,"Window(col_off=0, row_off=0, width=512, height=512)"
ang20191019t175004_r7680_c256_w512_h512,,0.0,ang20191019t175004,/AVIRISNG/Permian2019/ang20191019t175004_r7680_c256_w512_h512,2019-10-19,2019-10-19 17:50:04+00:00,0,0,512,512,train,random,,False,"Window(col_off=0, row_off=0, width=512, height=512)"
ang20191019t181857_r0_c0_w512_h512,,0.0,ang20191019t181857,/AVIRISNG/Permian2019/ang20191019t181857_r0_c0_w512_h512,2019-10-19,2019-10-19 18:18:57+00:00,0,0,512,512,train,hard,,False,"Window(col_off=0, row_off=0, width=512, height=512)"
ang20191019t181857_r3840_c0_w512_h512,,0.0,ang20191019t181857,/AVIRISNG/Permian2019/ang20191019t181857_r3840_c0_w512_h512,2019-10-19,2019-10-19 18:18:57+00:00,0,0,512,512,train,hard,,False,"Window(col_off=0, row_off=0, width=512, height=512)"
ang20191019t181857_r4608_c0_w512_h512,,0.0,ang20191019t181857,/AVIRISNG/Permian2019/ang20191019t181857_r4608_c0_w512_h512,2019-10-19,2019-10-19 18:18:57+00:00,0,0,512,512,train,hard,,False,"Window(col_off=0, row_off=0, width=512, height=512)"
ang20191019t181857_r8192_c0_w512_h512,,0.0,ang20191019t181857,/AVIRISNG/Permian2019/ang20191019t181857_r8192_c0_w512_h512,2019-10-19,2019-10-19 18:18:57+00:00,0,0,512,512,train,random,,False,"Window(col_off=0, row_off=0, width=512, height=512)"
ang20191019t181857_r8704_c0_w512_h512,,0.0,ang20191019t181857,/AVIRISNG/Permian2019/ang20191019t181857_r8704_c0_w512_h512,2019-10-19,2019-10-19 18:18:57+00:00,0,0,512,512,train,random,,False,"Window(col_off=0, row_off=0, width=512, height=512)"
ang20191019t181857_r768_c0_w512_h512,,0.0,ang20191019t181857,/AVIRISNG/Permian2019/ang20191019t181857_r768_c0_w512_h512,2019-10-19,2019-10-19 18:18:57+00:00,0,0,512,512,train,random,,False,"Window(col_off=0, row_off=0, width=512, height=512)"
ang20191019t181857_r1536_c0_w512_h512,,0.0,ang20191019t181857,/AVIRISNG/Permian2019/ang20191019t181857_r1536_c0_w512_h512,2019-10-19,2019-10-19 18:18:57+00:00,0,0,512,512,train,random,,False,"Window(col_off=0, row_off=0, width=512, height=512)"
ang20191019t182848_r0_c0_w512_h512,,0.0,ang20191019t182848,/AVIRISNG/Permian2019/ang20191019t182848_r0_c0_w512_h512,2019-10-19,2019-10-19 18:28:48+00:00,0,0,512,512,train,hard,,False,"Window(col_off=0, row_off=0, width=512, height=512)"
ang20191019t182848_r3840_c256_w512_h512,,0.0,ang20191019t182848,/AVIRISNG/Permian2019/ang20191019t182848_r3840_c256_w512_h512,2019-10-19,2019-10-19 18:28:48+00:00,0,0,512,512,train,hard,,False,"Window(col_off=0, row_off=0, width=512, height=512)"
ang20191019t182848_r4352_c0_w512_h512,,0.0,ang20191019t182848,/AVIRISNG/Permian2019/ang20191019t182848_r4352_c0_w512_h512,2019-10-19,2019-10-19 18:28:48+00:00,0,0,512,512,train,hard,,False,"Window(col_off=0, row_off=0, width=512, height=512)"
ang20191019t182848_r1024_c256_w512_h512,,0.0,ang20191019t182848,/AVIRISNG/Permian2019/ang20191019t182848_r1024_c256_w512_h512,2019-10-19,2019-10-19 18:28:48+00:00,0,0,512,512,train,random,,False,"Window(col_off=0, row_off=0, width=512, height=512)"
ang20191019t182848_r1536_c256_w512_h512,,0.0,ang20191019t182848,/AVIRISNG/Permian2019/ang20191019t182848_r1536_c256_w512_h512,2019-10-19,2019-10-19 18:28:48+00:00,0,0,512,512,train,random,,False,"Window(col_off=0, row_off=0, width=512, height=512)"
ang20191019t182848_r5120_c0_w512_h512,,0.0,ang20191019t182848,/AVIRISNG/Permian2019/ang20191019t182848_r5120_c0_w512_h512,2019-10-19,2019-10-19 18:28:48+00:00,0,0,512,512,train,random,,False,"Window(col_off=0, row_off=0, width=512, height=512)"
ang20191019t182848_r512_c256_w512_h512,,0.0,ang20191019t182848,/AVIRISNG/Permian2019/ang20191019t182848_r512_c256_w512_h512,2019-10-19,2019-10-19 18:28:48+00:00,0,0,512,512,train,random,,False,"Window(col_off=0, row_off=0, width=512, height=512)"
ang20191019t183727_r0_c0_w512_h512,,0.0,ang20191019t183727,/AVIRISNG/Permian2019/ang20191019t183727_r0_c0_w512_h512,2019-10-19,2019-10-19 18:37:27+00:00,0,0,512,512,train,hard,,False,"Window(col_off=0, row_off=0, width=512, height=512)"
ang20191019t183727_r4096_c0_w512_h512,,0.0,ang20191019t183727,/AVIRISNG/Permian2019/ang20191019t183727_r4096_c0_w512_h512,2019-10-19,2019-10-19 18:37:27+00:00,0,0,512,512,train,hard,,False,"Window(col_off=0, row_off=0, width=512, height=512)"
ang20191019t183727_r8704_c0_w512_h512,,0.0,ang20191019t183727,/AVIRISNG/Permian2019/ang20191019t183727_r8704_c0_w512_h512,2019-10-19,2019-10-19 18:37:27+00:00,0,0,512,512,train,random,,False,"Window(col_off=0, row_off=0, width=512, height=512)"
ang20191019t183727_r5120_c0_w512_h512,,0.0,ang20191019t183727,/AVIRISNG/Permian2019/ang20191019t183727_r5120_c0_w512_h512,2019-10-19,2019-10-19 18:37:27+00:00,0,0,512,512,train,random,,False,"Window(col_off=0, row_off=0, width=512, height=512)"
ang20191019t183727_r2048_c256_w512_h512,,0.0,ang20191019t183727,/AVIRISNG/Permian2019/ang20191019t183727_r2048_c256_w512_h512,2019-10-19,2019-10-19 18:37:27+00:00,0,0,512,512,train,random,,False,"Window(col_off=0, row_off=0, width=512, height=512)"
ang20191019t183727_r512_c0_w512_h512,,0.0,ang20191019t183727,/AVIRISNG/Permian2019/ang20191019t183727_r512_c0_w512_h512,2019-10-19,2019-10-19 18:37:27+00:00,0,0,512,512,train,random,,False,"Window(col_off=0, row_off=0, width=512, height=512)"
ang20191019t184718_r2048_c256_w512_h512,,0.0,ang20191019t184718,/AVIRISNG/Permian2019/ang20191019t184718_r2048_c256_w512_h512,2019-10-19,2019-10-19 18:47:18+00:00,0,0,512,512,train,hard,,False,"Window(col_off=0, row_off=0, width=512, height=512)"
ang20191019t184718_r0_c0_w512_h512,,0.0,ang20191019t184718,/AVIRISNG/Permian2019/ang20191019t184718_r0_c0_w512_h512,2019-10-19,2019-10-19 18:47:18+00:00,0,0,512,512,train,hard,,False,"Window(col_off=0, row_off=0, width=512, height=512)"
ang20191019t184718_r2560_c0_w512_h512,,0.0,ang20191019t184718,/AVIRISNG/Permian2019/ang20191019t184718_r2560_c0_w512_h512,2019-10-19,2019-10-19 18:47:18+00:00,0,0,512,512,train,hard,,False,"Window(col_off=0, row_off=0, width=512, height=512)"
ang20191019t184718_r7680_c0_w512_h512,,0.0,ang20191019t184718,/AVIRISNG/Permian2019/ang20191019t184718_r7680_c0_w512_h512,2019-10-19,2019-10-19 18:47:18+00:00,0,0,512,512,train,random,,False,"Window(col_off=0, row_off=0, width=512, height=512)"
ang20191019t184718_r3840_c0_w512_h512,,0.0,ang20191019t184718,/AVIRISNG/Permian2019/ang20191019t184718_r3840_c0_w512_h512,2019-10-19,2019-10-19 18:47:18+00:00,0,0,512,512,train,random,,False,"Window(col_off=0, row_off=0, width=512, height=512)"
ang20191019t185452_r18176_c0_w512_h512,,0.0,ang20191019t185452,/AVIRISNG/Permian2019/ang20191019t185452_r18176_c0_w512_h512,2019-10-19,2019-10-19 18:54:52+00:00,0,0,512,512,train,hard,,False,"Window(col_off=0, row_off=0, width=512, height=512)"
ang20191019t185452_r26368_c0_w512_h512,,0.0,ang20191019t185452,/AVIRISNG/Permian2019/ang20191019t185452_r26368_c0_w512_h512,2019-10-19,2019-10-19 18:54:52+00:00,0,0,512,512,train,hard,,False,"Window(col_off=0, row_off=0, width=512, height=512)"
ang20191019t185452_r24832_c0_w512_h512,,0.0,ang20191019t185452,/AVIRISNG/Permian2019/ang20191019t185452_r24832_c0_w512_h512,2019-10-19,2019-10-19 18:54:52+00:00,0,0,512,512,train,random,,False,"Window(col_off=0, row_off=0, width=512, height=512)"
ang20191019t185452_r10496_c0_w512_h512,,0.0,ang20191019t185452,/AVIRISNG/Permian2019/ang20191019t185452_r10496_c0_w512_h512,2019-10-19,2019-10-19 18:54:52+00:00,0,0,512,512,train,random,,False,"Window(col_off=0, row_off=0, width=512, height=512)"
ang20191019t185452_r21760_c0_w512_h512,,0.0,ang20191019t185452,/AVIRISNG/Permian2019/ang20191019t185452_r21760_c0_w512_h512,2019-10-19,2019-10-19 18:54:52+00:00,0,0,512,512,train,random,,False,"Window(col_off=0, row_off=0, width=512, height=512)"
ang20191019t185452_r22272_c0_w512_h512,,0.0,ang20191019t185452,/AVIRISNG/Permian2019/ang20191019t185452_r22272_c0_w512_h512,2019-10-19,2019-10-19 18:54:52+00:00,0,0,512,512,train,random,,False,"Window(col_off=0, row_off=0, width=512, height=512)"
ang20191022t143154_r12800_c512_w512_h512,,0.0,ang20191022t143154,/AVIRISNG/Permian2019/ang20191022t143154_r12800_c512_w512_h512,2019-10-22,2019-10-22 14:31:54+00:00,0,0,512,512,train,hard,,False,"Window(col_off=0, row_off=0, width=512, height=512)"
ang20191022t143154_r24064_c768_w512_h512,,0.0,ang20191022t143154,/AVIRISNG/Permian2019/ang20191022t143154_r24064_c768_w512_h512,2019-10-22,2019-10-22 14:31:54+00:00,0,0,512,512,train,hard,,False,"Window(col_off=0, row_off=0, width=512, height=512)"
ang20191022t143154_r23552_c768_w512_h512,,0.0,ang20191022t143154,/AVIRISNG/Permian2019/ang20191022t143154_r23552_c768_w512_h512,2019-10-22,2019-10-22 14:31:54+00:00,0,0,512,512,train,hard,,False,"Window(col_off=0, row_off=0, width=512, height=512)"
ang20191022t143154_r11008_c256_w512_h512,,0.0,ang20191022t143154,/AVIRISNG/Permian2019/ang20191022t143154_r11008_c256_w512_h512,2019-10-22,2019-10-22 14:31:54+00:00,0,0,512,512,train,random,,False,"Window(col_off=0, row_off=0, width=512, height=512)"
ang20191022t143154_r21248_c768_w512_h512,,0.0,ang20191022t143154,/AVIRISNG/Permian2019/ang20191022t143154_r21248_c768_w512_h512,2019-10-22,2019-10-22 14:31:54+00:00,0,0,512,512,train,random,,False,"Window(col_off=0, row_off=0, width=512, height=512)"
ang20191022t143154_r9472_c512_w512_h512,,0.0,ang20191022t143154,/AVIRISNG/Permian2019/ang20191022t143154_r9472_c512_w512_h512,2019-10-22,2019-10-22 14:31:54+00:00,0,0,512,512,train,random,,False,"Window(col_off=0, row_off=0, width=512, height=512)"
ang20191022t150110_r768_c0_w512_h512,,0.0,ang20191022t150110,/AVIRISNG/Permian2019/ang20191022t150110_r768_c0_w512_h512,2019-10-22,2019-10-22 15:01:10+00:00,0,0,512,512,train,hard,,False,"Window(col_off=0, row_off=0, width=512, height=512)"
ang20191022t150110_r5376_c0_w512_h512,,0.0,ang20191022t150110,/AVIRISNG/Permian2019/ang20191022t150110_r5376_c0_w512_h512,2019-10-22,2019-10-22 15:01:10+00:00,0,0,512,512,train,hard,,False,"Window(col_off=0, row_off=0, width=512, height=512)"
ang20191022t150110_r2560_c0_w512_h512,,0.0,ang20191022t150110,/AVIRISNG/Permian2019/ang20191022t150110_r2560_c0_w512_h512,2019-10-22,2019-10-22 15:01:10+00:00,0,0,512,512,train,random,,False,"Window(col_off=0, row_off=0, width=512, height=512)"
ang20191022t150110_r3328_c0_w512_h512,,0.0,ang20191022t150110,/AVIRISNG/Permian2019/ang20191022t150110_r3328_c0_w512_h512,2019-10-22,2019-10-22 15:01:10+00:00,0,0,512,512,train,random,,False,"Window(col_off=0, row_off=0, width=512, height=512)"
ang20191022t150110_r4608_c0_w512_h512,,0.0,ang20191022t150110,/AVIRISNG/Permian2019/ang20191022t150110_r4608_c0_w512_h512,2019-10-22,2019-10-22 15:01:10+00:00,0,0,512,512,train,random,,False,"Window(col_off=0, row_off=0, width=512, height=512)"
ang20191022t150110_r2048_c0_w512_h512,,0.0,ang20191022t150110,/AVIRISNG/Permian2019/ang20191022t150110_r2048_c0_w512_h512,2019-10-22,2019-10-22 15:01:10+00:00,0,0,512,512,train,random,,False,"Window(col_off=0, row_off=0, width=512, height=512)"
ang20191022t151202_r0_c0_w512_h512,,0.0,ang20191022t151202,/AVIRISNG/Permian2019/ang20191022t151202_r0_c0_w512_h512,2019-10-22,2019-10-22 15:12:02+00:00,0,0,512,512,train,hard,,False,"Window(col_off=0, row_off=0, width=512, height=512)"
ang20191022t151202_r1024_c0_w512_h512,,0.0,ang20191022t151202,/AVIRISNG/Permian2019/ang20191022t151202_r1024_c0_w512_h512,2019-10-22,2019-10-22 15:12:02+00:00,0,0,512,512,train,hard,,False,"Window(col_off=0, row_off=0, width=512, height=512)"
ang20191022t151202_r512_c0_w512_h512,,0.0,ang20191022t151202,/AVIRISNG/Permian2019/ang20191022t151202_r512_c0_w512_h512,2019-10-22,2019-10-22 15:12:02+00:00,0,0,512,512,train,hard,,False,"Window(col_off=0, row_off=0, width=512, height=512)"
ang20191022t151202_r8960_c0_w512_h512,,0.0,ang20191022t151202,/AVIRISNG/Permian2019/ang20191022t151202_r8960_c0_w512_h512,2019-10-22,2019-10-22 15:12:02+00:00,0,0,512,512,train,random,,False,"Window(col_off=0, row_off=0, width=512, height=512)"
ang20191022t151202_r11008_c0_w512_h512,,0.0,ang20191022t151202,/AVIRISNG/Permian2019/ang20191022t151202_r11008_c0_w512_h512,2019-10-22,2019-10-22 15:12:02+00:00,0,0,512,512,train,random,,False,"Window(col_off=0, row_off=0, width=512, height=512)"
ang20191022t151202_r8448_c256_w512_h512,,0.0,ang20191022t151202,/AVIRISNG/Permian2019/ang20191022t151202_r8448_c256_w512_h512,2019-10-22,2019-10-22 15:12:02+00:00,0,0,512,512,train,random,,False,"Window(col_off=0, row_off=0, width=512, height=512)"
ang20191022t152357_r3840_c0_w512_h512,,0.0,ang20191022t152357,/AVIRISNG/Permian2019/ang20191022t152357_r3840_c0_w512_h512,2019-10-22,2019-10-22 15:23:57+00:00,0,0,512,512,train,hard,,False,"Window(col_off=0, row_off=0, width=512, height=512)"
ang20191022t152357_r6400_c0_w512_h512,,0.0,ang20191022t152357,/AVIRISNG/Permian2019/ang20191022t152357_r6400_c0_w512_h512,2019-10-22,2019-10-22 15:23:57+00:00,0,0,512,512,train,hard,,False,"Window(col_off=0, row_off=0, width=512, height=512)"
ang20191022t152357_r2304_c256_w512_h512,,0.0,ang20191022t152357,/AVIRISNG/Permian2019/ang20191022t152357_r2304_c256_w512_h512,2019-10-22,2019-10-22 15:23:57+00:00,0,0,512,512,train,hard,,False,"Window(col_off=0, row_off=0, width=512, height=512)"
ang20191022t152357_r8192_c256_w512_h512,,0.0,ang20191022t152357,/AVIRISNG/Permian2019/ang20191022t152357_r8192_c256_w512_h512,2019-10-22,2019-10-22 15:23:57+00:00,0,0,512,512,train,random,,False,"Window(col_off=0, row_off=0, width=512, height=512)"
ang20191022t152357_r9728_c0_w512_h512,,0.0,ang20191022t152357,/AVIRISNG/Permian2019/ang20191022t152357_r9728_c0_w512_h512,2019-10-22,2019-10-22 15:23:57+00:00,0,0,512,512,train,random,,False,"Window(col_off=0, row_off=0, width=512, height=512)"
ang20191022t152357_r11520_c0_w512_h512,,0.0,ang20191022t152357,/AVIRISNG/Permian2019/ang20191022t152357_r11520_c0_w512_h512,2019-10-22,2019-10-22 15:23:57+00:00,0,0,512,512,train,random,,False,"Window(col_off=0, row_off=0, width=512, height=512)"
ang20191022t152357_r10752_c256_w512_h512,,0.0,ang20191022t152357,/AVIRISNG/Permian2019/ang20191022t152357_r10752_c256_w512_h512,2019-10-22,2019-10-22 15:23:57+00:00,0,0,512,512,train,random,,False,"Window(col_off=0, row_off=0, width=512, height=512)"
ang20191022t153425_r3328_c0_w512_h512,,0.0,ang20191022t153425,/AVIRISNG/Permian2019/ang20191022t153425_r3328_c0_w512_h512,2019-10-22,2019-10-22 15:34:25+00:00,0,0,512,512,train,hard,,False,"Window(col_off=0, row_off=0, width=512, height=512)"
ang20191022t153425_r2816_c0_w512_h512,,0.0,ang20191022t153425,/AVIRISNG/Permian2019/ang20191022t153425_r2816_c0_w512_h512,2019-10-22,2019-10-22 15:34:25+00:00,0,0,512,512,train,hard,,False,"Window(col_off=0, row_off=0, width=512, height=512)"
ang20191022t153425_r5632_c0_w512_h512,,0.0,ang20191022t153425,/AVIRISNG/Permian2019/ang20191022t153425_r5632_c0_w512_h512,2019-10-22,2019-10-22 15:34:25+00:00,0,0,512,512,train,hard,,False,"Window(col_off=0, row_off=0, width=512, height=512)"
ang20191022t153425_r3840_c0_w512_h512,,0.0,ang20191022t153425,/AVIRISNG/Permian2019/ang20191022t153425_r3840_c0_w512_h512,2019-10-22,2019-10-22 15:34:25+00:00,0,0,512,512,train,random,,False,"Window(col_off=0, row_off=0, width=512, height=512)"
ang20191022t153425_r2048_c0_w512_h512,,0.0,ang20191022t153425,/AVIRISNG/Permian2019/ang20191022t153425_r2048_c0_w512_h512,2019-10-22,2019-10-22 15:34:25+00:00,0,0,512,512,train,random,,False,"Window(col_off=0, row_off=0, width=512, height=512)"
ang20191022t153425_r5120_c0_w512_h512,,0.0,ang20191022t153425,/AVIRISNG/Permian2019/ang20191022t153425_r5120_c0_w512_h512,2019-10-22,2019-10-22 15:34:25+00:00,0,0,512,512,train,random,,False,"Window(col_off=0, row_off=0, width=512, height=512)"
ang20191022t154405_r1280_c0_w512_h512,,0.0,ang20191022t154405,/AVIRISNG/Permian2019/ang20191022t154405_r1280_c0_w512_h512,2019-10-22,2019-10-22 15:44:05+00:00,0,0,512,512,train,hard,,False,"Window(col_off=0, row_off=0, width=512, height=512)"
ang20191022t154405_r0_c0_w512_h512,,0.0,ang20191022t154405,/AVIRISNG/Permian2019/ang20191022t154405_r0_c0_w512_h512,2019-10-22,2019-10-22 15:44:05+00:00,0,0,512,512,train,hard,,False,"Window(col_off=0, row_off=0, width=512, height=512)"
ang20191022t154405_r1792_c0_w512_h512,,0.0,ang20191022t154405,/AVIRISNG/Permian2019/ang20191022t154405_r1792_c0_w512_h512,2019-10-22,2019-10-22 15:44:05+00:00,0,0,512,512,train,hard,,False,"Window(col_off=0, row_off=0, width=512, height=512)"
ang20191022t154405_r4352_c0_w512_h512,,0.0,ang20191022t154405,/AVIRISNG/Permian2019/ang20191022t154405_r4352_c0_w512_h512,2019-10-22,2019-10-22 15:44:05+00:00,0,0,512,512,train,random,,False,"Window(col_off=0, row_off=0, width=512, height=512)"
ang20191022t154405_r9984_c256_w512_h512,,0.0,ang20191022t154405,/AVIRISNG/Permian2019/ang20191022t154405_r9984_c256_w512_h512,2019-10-22,2019-10-22 15:44:05+00:00,0,0,512,512,train,random,,False,"Window(col_off=0, row_off=0, width=512, height=512)"
ang20191022t154405_r11776_c256_w512_h512,,0.0,ang20191022t154405,/AVIRISNG/Permian2019/ang20191022t154405_r11776_c256_w512_h512,2019-10-22,2019-10-22 15:44:05+00:00,0,0,512,512,train,random,,False,"Window(col_off=0, row_off=0, width=512, height=512)"
ang20191022t162321_r2560_c0_w512_h512,,0.0,ang20191022t162321,/AVIRISNG/Permian2019/ang20191022t162321_r2560_c0_w512_h512,2019-10-22,2019-10-22 16:23:21+00:00,0,0,512,512,train,hard,,False,"Window(col_off=0, row_off=0, width=512, height=512)"
ang20191022t162321_r8192_c0_w512_h512,,0.0,ang20191022t162321,/AVIRISNG/Permian2019/ang20191022t162321_r8192_c0_w512_h512,2019-10-22,2019-10-22 16:23:21+00:00,0,0,512,512,train,hard,,False,"Window(col_off=0, row_off=0, width=512, height=512)"
ang20191022t162321_r5632_c0_w512_h512,,0.0,ang20191022t162321,/AVIRISNG/Permian2019/ang20191022t162321_r5632_c0_w512_h512,2019-10-22,2019-10-22 16:23:21+00:00,0,0,512,512,train,hard,,False,"Window(col_off=0, row_off=0, width=512, height=512)"
ang20191022t162321_r2048_c0_w512_h512,,0.0,ang20191022t162321,/AVIRISNG/Permian2019/ang20191022t162321_r2048_c0_w512_h512,2019-10-22,2019-10-22 16:23:21+00:00,0,0,512,512,train,random,,False,"Window(col_off=0, row_off=0, width=512, height=512)"
ang20191022t162321_r256_c0_w512_h512,,0.0,ang20191022t162321,/AVIRISNG/Permian2019/ang20191022t162321_r256_c0_w512_h512,2019-10-22,2019-10-22 16:23:21+00:00,0,0,512,512,train,random,,False,"Window(col_off=0, row_off=0, width=512, height=512)"
ang20191022t162321_r7424_c256_w512_h512,,0.0,ang20191022t162321,/AVIRISNG/Permian2019/ang20191022t162321_r7424_c256_w512_h512,2019-10-22,2019-10-22 16:23:21+00:00,0,0,512,512,train,random,,False,"Window(col_off=0, row_off=0, width=512, height=512)"
ang20191022t162321_r3840_c0_w512_h512,,0.0,ang20191022t162321,/AVIRISNG/Permian2019/ang20191022t162321_r3840_c0_w512_h512,2019-10-22,2019-10-22 16:23:21+00:00,0,0,512,512,train,random,,False,"Window(col_off=0, row_off=0, width=512, height=512)"
ang20191022t163722_r3328_c0_w512_h512,,0.0,ang20191022t163722,/AVIRISNG/Permian2019/ang20191022t163722_r3328_c0_w512_h512,2019-10-22,2019-10-22 16:37:22+00:00,0,0,512,512,train,hard,,False,"Window(col_off=0, row_off=0, width=512, height=512)"
ang20191022t163722_r1024_c0_w512_h512,,0.0,ang20191022t163722,/AVIRISNG/Permian2019/ang20191022t163722_r1024_c0_w512_h512,2019-10-22,2019-10-22 16:37:22+00:00,0,0,512,512,train,hard,,False,"Window(col_off=0, row_off=0, width=512, height=512)"
ang20191022t163722_r1536_c0_w512_h512,,0.0,ang20191022t163722,/AVIRISNG/Permian2019/ang20191022t163722_r1536_c0_w512_h512,2019-10-22,2019-10-22 16:37:22+00:00,0,0,512,512,train,hard,,False,"Window(col_off=0, row_off=0, width=512, height=512)"
ang20191022t163722_r4096_c0_w512_h512,,0.0,ang20191022t163722,/AVIRISNG/Permian2019/ang20191022t163722_r4096_c0_w512_h512,2019-10-22,2019-10-22 16:37:22+00:00,0,0,512,512,train,random,,False,"Window(col_off=0, row_off=0, width=512, height=512)"
ang20191022t163722_r4608_c0_w512_h512,,0.0,ang20191022t163722,/AVIRISNG/Permian2019/ang20191022t163722_r4608_c0_w512_h512,2019-10-22,2019-10-22 16:37:22+00:00,0,0,512,512,train,random,,False,"Window(col_off=0, row_off=0, width=512, height=512)"
ang20191022t163722_r2048_c0_w512_h512,,0.0,ang20191022t163722,/AVIRISNG/Permian2019/ang20191022t163722_r2048_c0_w512_h512,2019-10-22,2019-10-22 16:37:22+00:00,0,0,512,512,train,random,,False,"Window(col_off=0, row_off=0, width=512, height=512)"
ang20191022t164918_r2560_c0_w512_h512,,0.0,ang20191022t164918,/AVIRISNG/Permian2019/ang20191022t164918_r2560_c0_w512_h512,2019-10-22,2019-10-22 16:49:18+00:00,0,0,512,512,train,hard,,False,"Window(col_off=0, row_off=0, width=512, height=512)"
ang20191022t164918_r2048_c0_w512_h512,,0.0,ang20191022t164918,/AVIRISNG/Permian2019/ang20191022t164918_r2048_c0_w512_h512,2019-10-22,2019-10-22 16:49:18+00:00,0,0,512,512,train,hard,,False,"Window(col_off=0, row_off=0, width=512, height=512)"
ang20191022t164918_r4608_c0_w512_h512,,0.0,ang20191022t164918,/AVIRISNG/Permian2019/ang20191022t164918_r4608_c0_w512_h512,2019-10-22,2019-10-22 16:49:18+00:00,0,0,512,512,train,random,,False,"Window(col_off=0, row_off=0, width=512, height=512)"
ang20191022t164918_r5120_c0_w512_h512,,0.0,ang20191022t164918,/AVIRISNG/Permian2019/ang20191022t164918_r5120_c0_w512_h512,2019-10-22,2019-10-22 16:49:18+00:00,0,0,512,512,train,random,,False,"Window(col_off=0, row_off=0, width=512, height=512)"
ang20191022t165908_r2048_c0_w512_h512,,0.0,ang20191022t165908,/AVIRISNG/Permian2019/ang20191022t165908_r2048_c0_w512_h512,2019-10-22,2019-10-22 16:59:08+00:00,0,0,512,512,train,hard,,False,"Window(col_off=0, row_off=0, width=512, height=512)"
ang20191022t165908_r3072_c0_w512_h512,,0.0,ang20191022t165908,/AVIRISNG/Permian2019/ang20191022t165908_r3072_c0_w512_h512,2019-10-22,2019-10-22 16:59:08+00:00,0,0,512,512,train,hard,,False,"Window(col_off=0, row_off=0, width=512, height=512)"
ang20191022t165908_r2560_c0_w512_h512,,0.0,ang20191022t165908,/AVIRISNG/Permian2019/ang20191022t165908_r2560_c0_w512_h512,2019-10-22,2019-10-22 16:59:08+00:00,0,0,512,512,train,hard,,False,"Window(col_off=0, row_off=0, width=512, height=512)"
ang20191022t171226_r3328_c0_w512_h512,,0.0,ang20191022t171226,/AVIRISNG/Permian2019/ang20191022t171226_r3328_c0_w512_h512,2019-10-22,2019-10-22 17:12:26+00:00,0,0,512,512,train,hard,,False,"Window(col_off=0, row_off=0, width=512, height=512)"
ang20191022t171226_r3840_c0_w512_h512,,0.0,ang20191022t171226,/AVIRISNG/Permian2019/ang20191022t171226_r3840_c0_w512_h512,2019-10-22,2019-10-22 17:12:26+00:00,0,0,512,512,train,hard,,False,"Window(col_off=0, row_off=0, width=512, height=512)"
ang20191022t171226_r1280_c0_w512_h512,,0.0,ang20191022t171226,/AVIRISNG/Permian2019/ang20191022t171226_r1280_c0_w512_h512,2019-10-22,2019-10-22 17:12:26+00:00,0,0,512,512,train,hard,,False,"Window(col_off=0, row_off=0, width=512, height=512)"
ang20191022t171226_r2048_c0_w512_h512,,0.0,ang20191022t171226,/AVIRISNG/Permian2019/ang20191022t171226_r2048_c0_w512_h512,2019-10-22,2019-10-22 17:12:26+00:00,0,0,512,512,train,random,,False,"Window(col_off=0, row_off=0, width=512, height=512)"
ang20191022t172245_r3584_c0_w512_h512,,0.0,ang20191022t172245,/AVIRISNG/Permian2019/ang20191022t172245_r3584_c0_w512_h512,2019-10-22,2019-10-22 17:22:45+00:00,0,0,512,512,train,hard,,False,"Window(col_off=0, row_off=0, width=512, height=512)"
ang20191022t172245_r0_c0_w512_h512,,0.0,ang20191022t172245,/AVIRISNG/Permian2019/ang20191022t172245_r0_c0_w512_h512,2019-10-22,2019-10-22 17:22:45+00:00,0,0,512,512,train,hard,,False,"Window(col_off=0, row_off=0, width=512, height=512)"
ang20191022t173357_r0_c0_w512_h512,,0.0,ang20191022t173357,/AVIRISNG/Permian2019/ang20191022t173357_r0_c0_w512_h512,2019-10-22,2019-10-22 17:33:57+00:00,0,0,512,512,train,hard,,False,"Window(col_off=0, row_off=0, width=512, height=512)"
ang20191022t173357_r6144_c256_w512_h512,,0.0,ang20191022t173357,/AVIRISNG/Permian2019/ang20191022t173357_r6144_c256_w512_h512,2019-10-22,2019-10-22 17:33:57+00:00,0,0,512,512,train,hard,,False,"Window(col_off=0, row_off=0, width=512, height=512)"
ang20191022t173357_r5376_c0_w512_h512,,0.0,ang20191022t173357,/AVIRISNG/Permian2019/ang20191022t173357_r5376_c0_w512_h512,2019-10-22,2019-10-22 17:33:57+00:00,0,0,512,512,train,random,,False,"Window(col_off=0, row_off=0, width=512, height=512)"
ang20191022t175031_r1024_c256_w512_h512,,0.0,ang20191022t175031,/AVIRISNG/Permian2019/ang20191022t175031_r1024_c256_w512_h512,2019-10-22,2019-10-22 17:50:31+00:00,0,0,512,512,train,hard,,False,"Window(col_off=0, row_off=0, width=512, height=512)"
ang20191022t175031_r3584_c0_w512_h512,,0.0,ang20191022t175031,/AVIRISNG/Permian2019/ang20191022t175031_r3584_c0_w512_h512,2019-10-22,2019-10-22 17:50:31+00:00,0,0,512,512,train,hard,,False,"Window(col_off=0, row_off=0, width=512, height=512)"
ang20191022t175031_r2304_c0_w512_h512,,0.0,ang20191022t175031,/AVIRISNG/Permian2019/ang20191022t175031_r2304_c0_w512_h512,2019-10-22,2019-10-22 17:50:31+00:00,0,0,512,512,train,hard,,False,"Window(col_off=0, row_off=0, width=512, height=512)"
ang20191022t175031_r1536_c256_w512_h512,,0.0,ang20191022t175031,/AVIRISNG/Permian2019/ang20191022t175031_r1536_c256_w512_h512,2019-10-22,2019-10-22 17:50:31+00:00,0,0,512,512,train,random,,False,"Window(col_off=0, row_off=0, width=512, height=512)"
ang20191022t175031_r4096_c0_w512_h512,,0.0,ang20191022t175031,/AVIRISNG/Permian2019/ang20191022t175031_r4096_c0_w512_h512,2019-10-22,2019-10-22 17:50:31+00:00,0,0,512,512,train,random,,False,"Window(col_off=0, row_off=0, width=512, height=512)"
ang20191022t180237_r5120_c256_w512_h512,,0.0,ang20191022t180237,/AVIRISNG/Permian2019/ang20191022t180237_r5120_c256_w512_h512,2019-10-22,2019-10-22 18:02:37+00:00,0,0,512,512,train,hard,,False,"Window(col_off=0, row_off=0, width=512, height=512)"
ang20191022t180237_r2816_c256_w512_h512,,0.0,ang20191022t180237,/AVIRISNG/Permian2019/ang20191022t180237_r2816_c256_w512_h512,2019-10-22,2019-10-22 18:02:37+00:00,0,0,512,512,train,hard,,False,"Window(col_off=0, row_off=0, width=512, height=512)"
ang20191022t180237_r4352_c256_w512_h512,,0.0,ang20191022t180237,/AVIRISNG/Permian2019/ang20191022t180237_r4352_c256_w512_h512,2019-10-22,2019-10-22 18:02:37+00:00,0,0,512,512,train,hard,,False,"Window(col_off=0, row_off=0, width=512, height=512)"
ang20191022t180237_r256_c0_w512_h512,,0.0,ang20191022t180237,/AVIRISNG/Permian2019/ang20191022t180237_r256_c0_w512_h512,2019-10-22,2019-10-22 18:02:37+00:00,0,0,512,512,train,random,,False,"Window(col_off=0, row_off=0, width=512, height=512)"
ang20191022t180237_r768_c0_w512_h512,,0.0,ang20191022t180237,/AVIRISNG/Permian2019/ang20191022t180237_r768_c0_w512_h512,2019-10-22,2019-10-22 18:02:37+00:00,0,0,512,512,train,random,,False,"Window(col_off=0, row_off=0, width=512, height=512)"
ang20191022t181138_r1792_c0_w512_h512,,0.0,ang20191022t181138,/AVIRISNG/Permian2019/ang20191022t181138_r1792_c0_w512_h512,2019-10-22,2019-10-22 18:11:38+00:00,0,0,512,512,train,hard,,False,"Window(col_off=0, row_off=0, width=512, height=512)"
ang20191022t181138_r2304_c0_w512_h512,,0.0,ang20191022t181138,/AVIRISNG/Permian2019/ang20191022t181138_r2304_c0_w512_h512,2019-10-22,2019-10-22 18:11:38+00:00,0,0,512,512,train,hard,,False,"Window(col_off=0, row_off=0, width=512, height=512)"
ang20191022t181138_r3072_c0_w512_h512,,0.0,ang20191022t181138,/AVIRISNG/Permian2019/ang20191022t181138_r3072_c0_w512_h512,2019-10-22,2019-10-22 18:11:38+00:00,0,0,512,512,train,hard,,False,"Window(col_off=0, row_off=0, width=512, height=512)"
ang20191022t182432_r3840_c0_w512_h512,,0.0,ang20191022t182432,/AVIRISNG/Permian2019/ang20191022t182432_r3840_c0_w512_h512,2019-10-22,2019-10-22 18:24:32+00:00,0,0,512,512,train,hard,,False,"Window(col_off=0, row_off=0, width=512, height=512)"
ang20191022t182432_r1536_c0_w512_h512,,0.0,ang20191022t182432,/AVIRISNG/Permian2019/ang20191022t182432_r1536_c0_w512_h512,2019-10-22,2019-10-22 18:24:32+00:00,0,0,512,512,train,hard,,False,"Window(col_off=0, row_off=0, width=512, height=512)"
ang20191022t182432_r2304_c0_w512_h512,,0.0,ang20191022t182432,/AVIRISNG/Permian2019/ang20191022t182432_r2304_c0_w512_h512,2019-10-22,2019-10-22 18:24:32+00:00,0,0,512,512,train,random,,False,"Window(col_off=0, row_off=0, width=512, height=512)"
ang20191022t183431_r0_c0_w512_h512,,0.0,ang20191022t183431,/AVIRISNG/Permian2019/ang20191022t183431_r0_c0_w512_h512,2019-10-22,2019-10-22 18:34:31+00:00,0,0,512,512,train,hard,,False,"Window(col_off=0, row_off=0, width=512, height=512)"
ang20191022t184525_r3072_c256_w512_h512,,0.0,ang20191022t184525,/AVIRISNG/Permian2019/ang20191022t184525_r3072_c256_w512_h512,2019-10-22,2019-10-22 18:45:25+00:00,0,0,512,512,train,hard,,False,"Window(col_off=0, row_off=0, width=512, height=512)"
ang20191022t184525_r4096_c0_w512_h512,,0.0,ang20191022t184525,/AVIRISNG/Permian2019/ang20191022t184525_r4096_c0_w512_h512,2019-10-22,2019-10-22 18:45:25+00:00,0,0,512,512,train,hard,,False,"Window(col_off=0, row_off=0, width=512, height=512)"
ang20191022t184525_r5632_c0_w512_h512,,0.0,ang20191022t184525,/AVIRISNG/Permian2019/ang20191022t184525_r5632_c0_w512_h512,2019-10-22,2019-10-22 18:45:25+00:00,0,0,512,512,train,random,,False,"Window(col_off=0, row_off=0, width=512, height=512)"
ang20191022t184525_r6912_c0_w512_h512,,0.0,ang20191022t184525,/AVIRISNG/Permian2019/ang20191022t184525_r6912_c0_w512_h512,2019-10-22,2019-10-22 18:45:25+00:00,0,0,512,512,train,random,,False,"Window(col_off=0, row_off=0, width=512, height=512)"
ang20191022t184525_r0_c0_w512_h512,,0.0,ang20191022t184525,/AVIRISNG/Permian2019/ang20191022t184525_r0_c0_w512_h512,2019-10-22,2019-10-22 18:45:25+00:00,0,0,512,512,train,random,,False,"Window(col_off=0, row_off=0, width=512, height=512)"
ang20191022t190019_r3584_c0_w512_h512,,0.0,ang20191022t190019,/AVIRISNG/Permian2019/ang20191022t190019_r3584_c0_w512_h512,2019-10-22,2019-10-22 19:00:19+00:00,0,0,512,512,train,hard,,False,"Window(col_off=0, row_off=0, width=512, height=512)"
ang20191022t190019_r4352_c0_w512_h512,,0.0,ang20191022t190019,/AVIRISNG/Permian2019/ang20191022t190019_r4352_c0_w512_h512,2019-10-22,2019-10-22 19:00:19+00:00,0,0,512,512,train,hard,,False,"Window(col_off=0, row_off=0, width=512, height=512)"
ang20191022t190019_r5120_c0_w512_h512,,0.0,ang20191022t190019,/AVIRISNG/Permian2019/ang20191022t190019_r5120_c0_w512_h512,2019-10-22,2019-10-22 19:00:19+00:00,0,0,512,512,train,random,,False,"Window(col_off=0, row_off=0, width=512, height=512)"
ang20191022t190019_r1536_c0_w512_h512,,0.0,ang20191022t190019,/AVIRISNG/Permian2019/ang20191022t190019_r1536_c0_w512_h512,2019-10-22,2019-10-22 19:00:19+00:00,0,0,512,512,train,random,,False,"Window(col_off=0, row_off=0, width=512, height=512)"
ang20191022t190019_r256_c0_w512_h512,,0.0,ang20191022t190019,/AVIRISNG/Permian2019/ang20191022t190019_r256_c0_w512_h512,2019-10-22,2019-10-22 19:00:19+00:00,0,0,512,512,train,random,,False,"Window(col_off=0, row_off=0, width=512, height=512)"
ang20191022t190019_r2304_c0_w512_h512,,0.0,ang20191022t190019,/AVIRISNG/Permian2019/ang20191022t190019_r2304_c0_w512_h512,2019-10-22,2019-10-22 19:00:19+00:00,0,0,512,512,train,random,,False,"Window(col_off=0, row_off=0, width=512, height=512)"
ang20191022t191141_r1280_c0_w512_h512,,0.0,ang20191022t191141,/AVIRISNG/Permian2019/ang20191022t191141_r1280_c0_w512_h512,2019-10-22,2019-10-22 19:11:41+00:00,0,0,512,512,train,hard,,False,"Window(col_off=0, row_off=0, width=512, height=512)"
ang20191022t191141_r4096_c0_w512_h512,,0.0,ang20191022t191141,/AVIRISNG/Permian2019/ang20191022t191141_r4096_c0_w512_h512,2019-10-22,2019-10-22 19:11:41+00:00,0,0,512,512,train,hard,,False,"Window(col_off=0, row_off=0, width=512, height=512)"
ang20191022t191141_r2304_c0_w512_h512,,0.0,ang20191022t191141,/AVIRISNG/Permian2019/ang20191022t191141_r2304_c0_w512_h512,2019-10-22,2019-10-22 19:11:41+00:00,0,0,512,512,train,hard,,False,"Window(col_off=0, row_off=0, width=512, height=512)"
ang20191022t191141_r4864_c0_w512_h512,,0.0,ang20191022t191141,/AVIRISNG/Permian2019/ang20191022t191141_r4864_c0_w512_h512,2019-10-22,2019-10-22 19:11:41+00:00,0,0,512,512,train,random,,False,"Window(col_off=0, row_off=0, width=512, height=512)"
ang20191022t191141_r1792_c0_w512_h512,,0.0,ang20191022t191141,/AVIRISNG/Permian2019/ang20191022t191141_r1792_c0_w512_h512,2019-10-22,2019-10-22 19:11:41+00:00,0,0,512,512,train,random,,False,"Window(col_off=0, row_off=0, width=512, height=512)"
ang20191022t191141_r768_c256_w512_h512,,0.0,ang20191022t191141,/AVIRISNG/Permian2019/ang20191022t191141_r768_c256_w512_h512,2019-10-22,2019-10-22 19:11:41+00:00,0,0,512,512,train,random,,False,"Window(col_off=0, row_off=0, width=512, height=512)"
ang20191022t192048_r2304_c0_w512_h512,,0.0,ang20191022t192048,/AVIRISNG/Permian2019/ang20191022t192048_r2304_c0_w512_h512,2019-10-22,2019-10-22 19:20:48+00:00,0,0,512,512,train,hard,,False,"Window(col_off=0, row_off=0, width=512, height=512)"
ang20191022t192048_r1792_c0_w512_h512,,0.0,ang20191022t192048,/AVIRISNG/Permian2019/ang20191022t192048_r1792_c0_w512_h512,2019-10-22,2019-10-22 19:20:48+00:00,0,0,512,512,train,hard,,False,"Window(col_off=0, row_off=0, width=512, height=512)"
ang20191022t192048_r3072_c0_w512_h512,,0.0,ang20191022t192048,/AVIRISNG/Permian2019/ang20191022t192048_r3072_c0_w512_h512,2019-10-22,2019-10-22 19:20:48+00:00,0,0,512,512,train,hard,,False,"Window(col_off=0, row_off=0, width=512, height=512)"
ang20191022t193257_r3072_c0_w512_h512,,0.0,ang20191022t193257,/AVIRISNG/Permian2019/ang20191022t193257_r3072_c0_w512_h512,2019-10-22,2019-10-22 19:32:57+00:00,0,0,512,512,train,hard,,False,"Window(col_off=0, row_off=0, width=512, height=512)"
ang20191022t193257_r1792_c0_w512_h512,,0.0,ang20191022t193257,/AVIRISNG/Permian2019/ang20191022t193257_r1792_c0_w512_h512,2019-10-22,2019-10-22 19:32:57+00:00,0,0,512,512,train,hard,,False,"Window(col_off=0, row_off=0, width=512, height=512)"
ang20191022t193257_r2560_c0_w512_h512,,0.0,ang20191022t193257,/AVIRISNG/Permian2019/ang20191022t193257_r2560_c0_w512_h512,2019-10-22,2019-10-22 19:32:57+00:00,0,0,512,512,train,random,,False,"Window(col_off=0, row_off=0, width=512, height=512)"
ang20191022t193257_r1280_c0_w512_h512,,0.0,ang20191022t193257,/AVIRISNG/Permian2019/ang20191022t193257_r1280_c0_w512_h512,2019-10-22,2019-10-22 19:32:57+00:00,0,0,512,512,train,random,,False,"Window(col_off=0, row_off=0, width=512, height=512)"
ang20191022t194233_r3840_c0_w512_h512,,0.0,ang20191022t194233,/AVIRISNG/Permian2019/ang20191022t194233_r3840_c0_w512_h512,2019-10-22,2019-10-22 19:42:33+00:00,0,0,512,512,train,hard,,False,"Window(col_off=0, row_off=0, width=512, height=512)"
ang20191022t194233_r3328_c0_w512_h512,,0.0,ang20191022t194233,/AVIRISNG/Permian2019/ang20191022t194233_r3328_c0_w512_h512,2019-10-22,2019-10-22 19:42:33+00:00,0,0,512,512,train,hard,,False,"Window(col_off=0, row_off=0, width=512, height=512)"
ang20191022t194233_r0_c0_w512_h512,,0.0,ang20191022t194233,/AVIRISNG/Permian2019/ang20191022t194233_r0_c0_w512_h512,2019-10-22,2019-10-22 19:42:33+00:00,0,0,512,512,train,hard,,False,"Window(col_off=0, row_off=0, width=512, height=512)"
ang20191022t194233_r768_c0_w512_h512,,0.0,ang20191022t194233,/AVIRISNG/Permian2019/ang20191022t194233_r768_c0_w512_h512,2019-10-22,2019-10-22 19:42:33+00:00,0,0,512,512,train,random,,False,"Window(col_off=0, row_off=0, width=512, height=512)"
ang20191022t194943_r18688_c256_w512_h512,,0.0,ang20191022t194943,/AVIRISNG/Permian2019/ang20191022t194943_r18688_c256_w512_h512,2019-10-22,2019-10-22 19:49:43+00:00,0,0,512,512,train,hard,,False,"Window(col_off=0, row_off=0, width=512, height=512)"
ang20191022t194943_r18176_c256_w512_h512,,0.0,ang20191022t194943,/AVIRISNG/Permian2019/ang20191022t194943_r18176_c256_w512_h512,2019-10-22,2019-10-22 19:49:43+00:00,0,0,512,512,train,hard,,False,"Window(col_off=0, row_off=0, width=512, height=512)"
ang20191022t194943_r15104_c512_w512_h512,,0.0,ang20191022t194943,/AVIRISNG/Permian2019/ang20191022t194943_r15104_c512_w512_h512,2019-10-22,2019-10-22 19:49:43+00:00,0,0,512,512,train,hard,,False,"Window(col_off=0, row_off=0, width=512, height=512)"
ang20191022t194943_r11008_c768_w512_h512,,0.0,ang20191022t194943,/AVIRISNG/Permian2019/ang20191022t194943_r11008_c768_w512_h512,2019-10-22,2019-10-22 19:49:43+00:00,0,0,512,512,train,random,,False,"Window(col_off=0, row_off=0, width=512, height=512)"
ang20191022t194943_r16640_c256_w512_h512,,0.0,ang20191022t194943,/AVIRISNG/Permian2019/ang20191022t194943_r16640_c256_w512_h512,2019-10-22,2019-10-22 19:49:43+00:00,0,0,512,512,train,random,,False,"Window(col_off=0, row_off=0, width=512, height=512)"
ang20191022t194943_r12800_c512_w512_h512,,0.0,ang20191022t194943,/AVIRISNG/Permian2019/ang20191022t194943_r12800_c512_w512_h512,2019-10-22,2019-10-22 19:49:43+00:00,0,0,512,512,train,random,,False,"Window(col_off=0, row_off=0, width=512, height=512)"
ang20191022t194943_r10496_c768_w512_h512,,0.0,ang20191022t194943,/AVIRISNG/Permian2019/ang20191022t194943_r10496_c768_w512_h512,2019-10-22,2019-10-22 19:49:43+00:00,0,0,512,512,train,random,,False,"Window(col_off=0, row_off=0, width=512, height=512)"
ang20191023t142135_r8192_c256_w512_h512,,0.0,ang20191023t142135,/AVIRISNG/Permian2019/ang20191023t142135_r8192_c256_w512_h512,2019-10-23,2019-10-23 14:21:35+00:00,0,0,512,512,train,hard,,False,"Window(col_off=0, row_off=0, width=512, height=512)"
ang20191023t142135_r10240_c0_w512_h512,,0.0,ang20191023t142135,/AVIRISNG/Permian2019/ang20191023t142135_r10240_c0_w512_h512,2019-10-23,2019-10-23 14:21:35+00:00,0,0,512,512,train,hard,,False,"Window(col_off=0, row_off=0, width=512, height=512)"
ang20191023t142135_r12544_c256_w512_h512,,0.0,ang20191023t142135,/AVIRISNG/Permian2019/ang20191023t142135_r12544_c256_w512_h512,2019-10-23,2019-10-23 14:21:35+00:00,0,0,512,512,train,random,,False,"Window(col_off=0, row_off=0, width=512, height=512)"
ang20191023t142135_r13056_c256_w512_h512,,0.0,ang20191023t142135,/AVIRISNG/Permian2019/ang20191023t142135_r13056_c256_w512_h512,2019-10-23,2019-10-23 14:21:35+00:00,0,0,512,512,train,random,,False,"Window(col_off=0, row_off=0, width=512, height=512)"
ang20191023t142135_r19456_c256_w512_h512,,0.0,ang20191023t142135,/AVIRISNG/Permian2019/ang20191023t142135_r19456_c256_w512_h512,2019-10-23,2019-10-23 14:21:35+00:00,0,0,512,512,train,random,,False,"Window(col_off=0, row_off=0, width=512, height=512)"
ang20191023t142135_r11008_c0_w512_h512,,0.0,ang20191023t142135,/AVIRISNG/Permian2019/ang20191023t142135_r11008_c0_w512_h512,2019-10-23,2019-10-23 14:21:35+00:00,0,0,512,512,train,random,,False,"Window(col_off=0, row_off=0, width=512, height=512)"
ang20191023t145837_r10496_c0_w512_h512,,0.0,ang20191023t145837,/AVIRISNG/Permian2019/ang20191023t145837_r10496_c0_w512_h512,2019-10-23,2019-10-23 14:58:37+00:00,0,0,512,512,train,hard,,False,"Window(col_off=0, row_off=0, width=512, height=512)"
ang20191023t145837_r9984_c0_w512_h512,,0.0,ang20191023t145837,/AVIRISNG/Permian2019/ang20191023t145837_r9984_c0_w512_h512,2019-10-23,2019-10-23 14:58:37+00:00,0,0,512,512,train,hard,,False,"Window(col_off=0, row_off=0, width=512, height=512)"
ang20191023t145837_r1536_c0_w512_h512,,0.0,ang20191023t145837,/AVIRISNG/Permian2019/ang20191023t145837_r1536_c0_w512_h512,2019-10-23,2019-10-23 14:58:37+00:00,0,0,512,512,train,hard,,False,"Window(col_off=0, row_off=0, width=512, height=512)"
ang20191023t145837_r4608_c0_w512_h512,,0.0,ang20191023t145837,/AVIRISNG/Permian2019/ang20191023t145837_r4608_c0_w512_h512,2019-10-23,2019-10-23 14:58:37+00:00,0,0,512,512,train,random,,False,"Window(col_off=0, row_off=0, width=512, height=512)"
ang20191023t145837_r7424_c0_w512_h512,,0.0,ang20191023t145837,/AVIRISNG/Permian2019/ang20191023t145837_r7424_c0_w512_h512,2019-10-23,2019-10-23 14:58:37+00:00,0,0,512,512,train,random,,False,"Window(col_off=0, row_off=0, width=512, height=512)"
ang20191023t145837_r4096_c0_w512_h512,,0.0,ang20191023t145837,/AVIRISNG/Permian2019/ang20191023t145837_r4096_c0_w512_h512,2019-10-23,2019-10-23 14:58:37+00:00,0,0,512,512,train,random,,False,"Window(col_off=0, row_off=0, width=512, height=512)"
ang20191023t145837_r256_c0_w512_h512,,0.0,ang20191023t145837,/AVIRISNG/Permian2019/ang20191023t145837_r256_c0_w512_h512,2019-10-23,2019-10-23 14:58:37+00:00,0,0,512,512,train,random,,False,"Window(col_off=0, row_off=0, width=512, height=512)"
ang20191023t151141_r768_c0_w512_h512,,0.0,ang20191023t151141,/AVIRISNG/Permian2019/ang20191023t151141_r768_c0_w512_h512,2019-10-23,2019-10-23 15:11:41+00:00,0,0,512,512,train,hard,,False,"Window(col_off=0, row_off=0, width=512, height=512)"
ang20191023t151141_r1280_c0_w512_h512,,0.0,ang20191023t151141,/AVIRISNG/Permian2019/ang20191023t151141_r1280_c0_w512_h512,2019-10-23,2019-10-23 15:11:41+00:00,0,0,512,512,train,hard,,False,"Window(col_off=0, row_off=0, width=512, height=512)"
ang20191023t151141_r0_c0_w512_h512,,0.0,ang20191023t151141,/AVIRISNG/Permian2019/ang20191023t151141_r0_c0_w512_h512,2019-10-23,2019-10-23 15:11:41+00:00,0,0,512,512,train,hard,,False,"Window(col_off=0, row_off=0, width=512, height=512)"
ang20191023t151141_r4096_c0_w512_h512,,0.0,ang20191023t151141,/AVIRISNG/Permian2019/ang20191023t151141_r4096_c0_w512_h512,2019-10-23,2019-10-23 15:11:41+00:00,0,0,512,512,train,random,,False,"Window(col_off=0, row_off=0, width=512, height=512)"
ang20191023t151141_r3072_c0_w512_h512,,0.0,ang20191023t151141,/AVIRISNG/Permian2019/ang20191023t151141_r3072_c0_w512_h512,2019-10-23,2019-10-23 15:11:41+00:00,0,0,512,512,train,random,,False,"Window(col_off=0, row_off=0, width=512, height=512)"
ang20191023t151141_r1792_c0_w512_h512,,0.0,ang20191023t151141,/AVIRISNG/Permian2019/ang20191023t151141_r1792_c0_w512_h512,2019-10-23,2019-10-23 15:11:41+00:00,0,0,512,512,train,random,,False,"Window(col_off=0, row_off=0, width=512, height=512)"
ang20191023t151141_r10496_c0_w512_h512,,0.0,ang20191023t151141,/AVIRISNG/Permian2019/ang20191023t151141_r10496_c0_w512_h512,2019-10-23,2019-10-23 15:11:41+00:00,0,0,512,512,train,random,,False,"Window(col_off=0, row_off=0, width=512, height=512)"
ang20191023t152801_r9472_c0_w512_h512,,0.0,ang20191023t152801,/AVIRISNG/Permian2019/ang20191023t152801_r9472_c0_w512_h512,2019-10-23,2019-10-23 15:28:01+00:00,0,0,512,512,train,hard,,False,"Window(col_off=0, row_off=0, width=512, height=512)"
ang20191023t152801_r9984_c0_w512_h512,,0.0,ang20191023t152801,/AVIRISNG/Permian2019/ang20191023t152801_r9984_c0_w512_h512,2019-10-23,2019-10-23 15:28:01+00:00,0,0,512,512,train,hard,,False,"Window(col_off=0, row_off=0, width=512, height=512)"
ang20191023t152801_r1280_c0_w512_h512,,0.0,ang20191023t152801,/AVIRISNG/Permian2019/ang20191023t152801_r1280_c0_w512_h512,2019-10-23,2019-10-23 15:28:01+00:00,0,0,512,512,train,hard,,False,"Window(col_off=0, row_off=0, width=512, height=512)"
ang20191023t152801_r2816_c0_w512_h512,,0.0,ang20191023t152801,/AVIRISNG/Permian2019/ang20191023t152801_r2816_c0_w512_h512,2019-10-23,2019-10-23 15:28:01+00:00,0,0,512,512,train,random,,False,"Window(col_off=0, row_off=0, width=512, height=512)"
ang20191023t152801_r2304_c0_w512_h512,,0.0,ang20191023t152801,/AVIRISNG/Permian2019/ang20191023t152801_r2304_c0_w512_h512,2019-10-23,2019-10-23 15:28:01+00:00,0,0,512,512,train,random,,False,"Window(col_off=0, row_off=0, width=512, height=512)"
ang20191023t154154_r0_c0_w512_h512,,0.0,ang20191023t154154,/AVIRISNG/Permian2019/ang20191023t154154_r0_c0_w512_h512,2019-10-23,2019-10-23 15:41:54+00:00,0,0,512,512,train,hard,,False,"Window(col_off=0, row_off=0, width=512, height=512)"
ang20191023t154154_r512_c0_w512_h512,,0.0,ang20191023t154154,/AVIRISNG/Permian2019/ang20191023t154154_r512_c0_w512_h512,2019-10-23,2019-10-23 15:41:54+00:00,0,0,512,512,train,hard,,False,"Window(col_off=0, row_off=0, width=512, height=512)"
ang20191023t154154_r2560_c0_w512_h512,,0.0,ang20191023t154154,/AVIRISNG/Permian2019/ang20191023t154154_r2560_c0_w512_h512,2019-10-23,2019-10-23 15:41:54+00:00,0,0,512,512,train,random,,False,"Window(col_off=0, row_off=0, width=512, height=512)"
ang20191023t154154_r4608_c0_w512_h512,,0.0,ang20191023t154154,/AVIRISNG/Permian2019/ang20191023t154154_r4608_c0_w512_h512,2019-10-23,2019-10-23 15:41:54+00:00,0,0,512,512,train,random,,False,"Window(col_off=0, row_off=0, width=512, height=512)"
ang20191023t154154_r9472_c0_w512_h512,,0.0,ang20191023t154154,/AVIRISNG/Permian2019/ang20191023t154154_r9472_c0_w512_h512,2019-10-23,2019-10-23 15:41:54+00:00,0,0,512,512,train,random,,False,"Window(col_off=0, row_off=0, width=512, height=512)"
ang20191023t155808_r8704_c0_w512_h512,,0.0,ang20191023t155808,/AVIRISNG/Permian2019/ang20191023t155808_r8704_c0_w512_h512,2019-10-23,2019-10-23 15:58:08+00:00,0,0,512,512,train,hard,,False,"Window(col_off=0, row_off=0, width=512, height=512)"
ang20191023t155808_r5888_c256_w512_h512,,0.0,ang20191023t155808,/AVIRISNG/Permian2019/ang20191023t155808_r5888_c256_w512_h512,2019-10-23,2019-10-23 15:58:08+00:00,0,0,512,512,train,hard,,False,"Window(col_off=0, row_off=0, width=512, height=512)"
ang20191023t155808_r7680_c0_w512_h512,,0.0,ang20191023t155808,/AVIRISNG/Permian2019/ang20191023t155808_r7680_c0_w512_h512,2019-10-23,2019-10-23 15:58:08+00:00,0,0,512,512,train,random,,False,"Window(col_off=0, row_off=0, width=512, height=512)"
ang20191023t155808_r2816_c0_w512_h512,,0.0,ang20191023t155808,/AVIRISNG/Permian2019/ang20191023t155808_r2816_c0_w512_h512,2019-10-23,2019-10-23 15:58:08+00:00,0,0,512,512,train,random,,False,"Window(col_off=0, row_off=0, width=512, height=512)"
ang20191023t155808_r3584_c0_w512_h512,,0.0,ang20191023t155808,/AVIRISNG/Permian2019/ang20191023t155808_r3584_c0_w512_h512,2019-10-23,2019-10-23 15:58:08+00:00,0,0,512,512,train,random,,False,"Window(col_off=0, row_off=0, width=512, height=512)"
ang20191023t161300_r0_c0_w512_h512,,0.0,ang20191023t161300,/AVIRISNG/Permian2019/ang20191023t161300_r0_c0_w512_h512,2019-10-23,2019-10-23 16:13:00+00:00,0,0,512,512,train,hard,,False,"Window(col_off=0, row_off=0, width=512, height=512)"
ang20191023t161300_r7680_c0_w512_h512,,0.0,ang20191023t161300,/AVIRISNG/Permian2019/ang20191023t161300_r7680_c0_w512_h512,2019-10-23,2019-10-23 16:13:00+00:00,0,0,512,512,train,hard,,False,"Window(col_off=0, row_off=0, width=512, height=512)"
ang20191023t161300_r5888_c0_w512_h512,,0.0,ang20191023t161300,/AVIRISNG/Permian2019/ang20191023t161300_r5888_c0_w512_h512,2019-10-23,2019-10-23 16:13:00+00:00,0,0,512,512,train,hard,,False,"Window(col_off=0, row_off=0, width=512, height=512)"
ang20191023t161300_r1024_c0_w512_h512,,0.0,ang20191023t161300,/AVIRISNG/Permian2019/ang20191023t161300_r1024_c0_w512_h512,2019-10-23,2019-10-23 16:13:00+00:00,0,0,512,512,train,random,,False,"Window(col_off=0, row_off=0, width=512, height=512)"
ang20191023t161300_r3328_c0_w512_h512,,0.0,ang20191023t161300,/AVIRISNG/Permian2019/ang20191023t161300_r3328_c0_w512_h512,2019-10-23,2019-10-23 16:13:00+00:00,0,0,512,512,train,random,,False,"Window(col_off=0, row_off=0, width=512, height=512)"
ang20191023t161300_r4608_c0_w512_h512,,0.0,ang20191023t161300,/AVIRISNG/Permian2019/ang20191023t161300_r4608_c0_w512_h512,2019-10-23,2019-10-23 16:13:00+00:00,0,0,512,512,train,random,,False,"Window(col_off=0, row_off=0, width=512, height=512)"
ang20191023t161300_r512_c0_w512_h512,,0.0,ang20191023t161300,/AVIRISNG/Permian2019/ang20191023t161300_r512_c0_w512_h512,2019-10-23,2019-10-23 16:13:00+00:00,0,0,512,512,train,random,,False,"Window(col_off=0, row_off=0, width=512, height=512)"
ang20191023t162847_r10752_c0_w512_h512,,0.0,ang20191023t162847,/AVIRISNG/Permian2019/ang20191023t162847_r10752_c0_w512_h512,2019-10-23,2019-10-23 16:28:47+00:00,0,0,512,512,train,hard,,False,"Window(col_off=0, row_off=0, width=512, height=512)"
ang20191023t162847_r6144_c0_w512_h512,,0.0,ang20191023t162847,/AVIRISNG/Permian2019/ang20191023t162847_r6144_c0_w512_h512,2019-10-23,2019-10-23 16:28:47+00:00,0,0,512,512,train,hard,,False,"Window(col_off=0, row_off=0, width=512, height=512)"
ang20191023t162847_r8192_c0_w512_h512,,0.0,ang20191023t162847,/AVIRISNG/Permian2019/ang20191023t162847_r8192_c0_w512_h512,2019-10-23,2019-10-23 16:28:47+00:00,0,0,512,512,train,random,,False,"Window(col_off=0, row_off=0, width=512, height=512)"
ang20191023t162847_r1536_c0_w512_h512,,0.0,ang20191023t162847,/AVIRISNG/Permian2019/ang20191023t162847_r1536_c0_w512_h512,2019-10-23,2019-10-23 16:28:47+00:00,0,0,512,512,train,random,,False,"Window(col_off=0, row_off=0, width=512, height=512)"
ang20191023t164221_r6656_c0_w512_h512,,0.0,ang20191023t164221,/AVIRISNG/Permian2019/ang20191023t164221_r6656_c0_w512_h512,2019-10-23,2019-10-23 16:42:21+00:00,0,0,512,512,train,hard,,False,"Window(col_off=0, row_off=0, width=512, height=512)"
ang20191023t164221_r0_c0_w512_h512,,0.0,ang20191023t164221,/AVIRISNG/Permian2019/ang20191023t164221_r0_c0_w512_h512,2019-10-23,2019-10-23 16:42:21+00:00,0,0,512,512,train,hard,,False,"Window(col_off=0, row_off=0, width=512, height=512)"
ang20191023t164221_r1280_c0_w512_h512,,0.0,ang20191023t164221,/AVIRISNG/Permian2019/ang20191023t164221_r1280_c0_w512_h512,2019-10-23,2019-10-23 16:42:21+00:00,0,0,512,512,train,hard,,False,"Window(col_off=0, row_off=0, width=512, height=512)"
ang20191023t164221_r3840_c0_w512_h512,,0.0,ang20191023t164221,/AVIRISNG/Permian2019/ang20191023t164221_r3840_c0_w512_h512,2019-10-23,2019-10-23 16:42:21+00:00,0,0,512,512,train,random,,False,"Window(col_off=0, row_off=0, width=512, height=512)"
ang20191023t164221_r3328_c0_w512_h512,,0.0,ang20191023t164221,/AVIRISNG/Permian2019/ang20191023t164221_r3328_c0_w512_h512,2019-10-23,2019-10-23 16:42:21+00:00,0,0,512,512,train,random,,False,"Window(col_off=0, row_off=0, width=512, height=512)"
ang20191023t164221_r4864_c0_w512_h512,,0.0,ang20191023t164221,/AVIRISNG/Permian2019/ang20191023t164221_r4864_c0_w512_h512,2019-10-23,2019-10-23 16:42:21+00:00,0,0,512,512,train,random,,False,"Window(col_off=0, row_off=0, width=512, height=512)"
ang20191023t165811_r1280_c0_w512_h512,,0.0,ang20191023t165811,/AVIRISNG/Permian2019/ang20191023t165811_r1280_c0_w512_h512,2019-10-23,2019-10-23 16:58:11+00:00,0,0,512,512,train,hard,,False,"Window(col_off=0, row_off=0, width=512, height=512)"
ang20191023t165811_r0_c0_w512_h512,,0.0,ang20191023t165811,/AVIRISNG/Permian2019/ang20191023t165811_r0_c0_w512_h512,2019-10-23,2019-10-23 16:58:11+00:00,0,0,512,512,train,random,,False,"Window(col_off=0, row_off=0, width=512, height=512)"
ang20191023t165811_r3840_c0_w512_h512,,0.0,ang20191023t165811,/AVIRISNG/Permian2019/ang20191023t165811_r3840_c0_w512_h512,2019-10-23,2019-10-23 16:58:11+00:00,0,0,512,512,train,random,,False,"Window(col_off=0, row_off=0, width=512, height=512)"
ang20191023t165811_r3328_c0_w512_h512,,0.0,ang20191023t165811,/AVIRISNG/Permian2019/ang20191023t165811_r3328_c0_w512_h512,2019-10-23,2019-10-23 16:58:11+00:00,0,0,512,512,train,random,,False,"Window(col_off=0, row_off=0, width=512, height=512)"
ang20191023t172753_r7168_c0_w512_h512,,0.0,ang20191023t172753,/AVIRISNG/Permian2019/ang20191023t172753_r7168_c0_w512_h512,2019-10-23,2019-10-23 17:27:53+00:00,0,0,512,512,train,hard,,False,"Window(col_off=0, row_off=0, width=512, height=512)"
ang20191023t172753_r8448_c0_w512_h512,,0.0,ang20191023t172753,/AVIRISNG/Permian2019/ang20191023t172753_r8448_c0_w512_h512,2019-10-23,2019-10-23 17:27:53+00:00,0,0,512,512,train,hard,,False,"Window(col_off=0, row_off=0, width=512, height=512)"
ang20191023t172753_r1792_c0_w512_h512,,0.0,ang20191023t172753,/AVIRISNG/Permian2019/ang20191023t172753_r1792_c0_w512_h512,2019-10-23,2019-10-23 17:27:53+00:00,0,0,512,512,train,random,,False,"Window(col_off=0, row_off=0, width=512, height=512)"
ang20191023t172753_r3840_c0_w512_h512,,0.0,ang20191023t172753,/AVIRISNG/Permian2019/ang20191023t172753_r3840_c0_w512_h512,2019-10-23,2019-10-23 17:27:53+00:00,0,0,512,512,train,random,,False,"Window(col_off=0, row_off=0, width=512, height=512)"
ang20191023t172753_r3328_c0_w512_h512,,0.0,ang20191023t172753,/AVIRISNG/Permian2019/ang20191023t172753_r3328_c0_w512_h512,2019-10-23,2019-10-23 17:27:53+00:00,0,0,512,512,train,random,,False,"Window(col_off=0, row_off=0, width=512, height=512)"
ang20191023t172753_r512_c0_w512_h512,,0.0,ang20191023t172753,/AVIRISNG/Permian2019/ang20191023t172753_r512_c0_w512_h512,2019-10-23,2019-10-23 17:27:53+00:00,0,0,512,512,train,random,,False,"Window(col_off=0, row_off=0, width=512, height=512)"
ang20191023t174017_r9216_c0_w512_h512,,0.0,ang20191023t174017,/AVIRISNG/Permian2019/ang20191023t174017_r9216_c0_w512_h512,2019-10-23,2019-10-23 17:40:17+00:00,0,0,512,512,train,hard,,False,"Window(col_off=0, row_off=0, width=512, height=512)"
ang20191023t174017_r256_c0_w512_h512,,0.0,ang20191023t174017,/AVIRISNG/Permian2019/ang20191023t174017_r256_c0_w512_h512,2019-10-23,2019-10-23 17:40:17+00:00,0,0,512,512,train,hard,,False,"Window(col_off=0, row_off=0, width=512, height=512)"
ang20191023t174017_r3584_c0_w512_h512,,0.0,ang20191023t174017,/AVIRISNG/Permian2019/ang20191023t174017_r3584_c0_w512_h512,2019-10-23,2019-10-23 17:40:17+00:00,0,0,512,512,train,hard,,False,"Window(col_off=0, row_off=0, width=512, height=512)"
ang20191023t174017_r4608_c0_w512_h512,,0.0,ang20191023t174017,/AVIRISNG/Permian2019/ang20191023t174017_r4608_c0_w512_h512,2019-10-23,2019-10-23 17:40:17+00:00,0,0,512,512,train,random,,False,"Window(col_off=0, row_off=0, width=512, height=512)"
ang20191023t174017_r5376_c0_w512_h512,,0.0,ang20191023t174017,/AVIRISNG/Permian2019/ang20191023t174017_r5376_c0_w512_h512,2019-10-23,2019-10-23 17:40:17+00:00,0,0,512,512,train,random,,False,"Window(col_off=0, row_off=0, width=512, height=512)"
ang20191023t174017_r2304_c0_w512_h512,,0.0,ang20191023t174017,/AVIRISNG/Permian2019/ang20191023t174017_r2304_c0_w512_h512,2019-10-23,2019-10-23 17:40:17+00:00,0,0,512,512,train,random,,False,"Window(col_off=0, row_off=0, width=512, height=512)"
ang20191023t175603_r9728_c0_w512_h512,,0.0,ang20191023t175603,/AVIRISNG/Permian2019/ang20191023t175603_r9728_c0_w512_h512,2019-10-23,2019-10-23 17:56:03+00:00,0,0,512,512,train,hard,,False,"Window(col_off=0, row_off=0, width=512, height=512)"
ang20191023t175603_r7168_c0_w512_h512,,0.0,ang20191023t175603,/AVIRISNG/Permian2019/ang20191023t175603_r7168_c0_w512_h512,2019-10-23,2019-10-23 17:56:03+00:00,0,0,512,512,train,hard,,False,"Window(col_off=0, row_off=0, width=512, height=512)"
ang20191023t175603_r6656_c0_w512_h512,,0.0,ang20191023t175603,/AVIRISNG/Permian2019/ang20191023t175603_r6656_c0_w512_h512,2019-10-23,2019-10-23 17:56:03+00:00,0,0,512,512,train,hard,,False,"Window(col_off=0, row_off=0, width=512, height=512)"
ang20191023t175603_r3840_c0_w512_h512,,0.0,ang20191023t175603,/AVIRISNG/Permian2019/ang20191023t175603_r3840_c0_w512_h512,2019-10-23,2019-10-23 17:56:03+00:00,0,0,512,512,train,random,,False,"Window(col_off=0, row_off=0, width=512, height=512)"
ang20191023t175603_r2048_c0_w512_h512,,0.0,ang20191023t175603,/AVIRISNG/Permian2019/ang20191023t175603_r2048_c0_w512_h512,2019-10-23,2019-10-23 17:56:03+00:00,0,0,512,512,train,random,,False,"Window(col_off=0, row_off=0, width=512, height=512)"
ang20191023t180821_r1536_c0_w512_h512,,0.0,ang20191023t180821,/AVIRISNG/Permian2019/ang20191023t180821_r1536_c0_w512_h512,2019-10-23,2019-10-23 18:08:21+00:00,0,0,512,512,train,hard,,False,"Window(col_off=0, row_off=0, width=512, height=512)"
ang20191023t180821_r2304_c0_w512_h512,,0.0,ang20191023t180821,/AVIRISNG/Permian2019/ang20191023t180821_r2304_c0_w512_h512,2019-10-23,2019-10-23 18:08:21+00:00,0,0,512,512,train,hard,,False,"Window(col_off=0, row_off=0, width=512, height=512)"
ang20191023t180821_r0_c0_w512_h512,,0.0,ang20191023t180821,/AVIRISNG/Permian2019/ang20191023t180821_r0_c0_w512_h512,2019-10-23,2019-10-23 18:08:21+00:00,0,0,512,512,train,random,,False,"Window(col_off=0, row_off=0, width=512, height=512)"
ang20191023t180821_r6400_c0_w512_h512,,0.0,ang20191023t180821,/AVIRISNG/Permian2019/ang20191023t180821_r6400_c0_w512_h512,2019-10-23,2019-10-23 18:08:21+00:00,0,0,512,512,train,random,,False,"Window(col_off=0, row_off=0, width=512, height=512)"
ang20191023t180821_r512_c0_w512_h512,,0.0,ang20191023t180821,/AVIRISNG/Permian2019/ang20191023t180821_r512_c0_w512_h512,2019-10-23,2019-10-23 18:08:21+00:00,0,0,512,512,train,random,,False,"Window(col_off=0, row_off=0, width=512, height=512)"
ang20191023t180821_r4352_c0_w512_h512,,0.0,ang20191023t180821,/AVIRISNG/Permian2019/ang20191023t180821_r4352_c0_w512_h512,2019-10-23,2019-10-23 18:08:21+00:00,0,0,512,512,train,random,,False,"Window(col_off=0, row_off=0, width=512, height=512)"
ang20191023t182357_r10496_c0_w512_h512,,0.0,ang20191023t182357,/AVIRISNG/Permian2019/ang20191023t182357_r10496_c0_w512_h512,2019-10-23,2019-10-23 18:23:57+00:00,0,0,512,512,train,hard,,False,"Window(col_off=0, row_off=0, width=512, height=512)"
ang20191023t182357_r9984_c0_w512_h512,,0.0,ang20191023t182357,/AVIRISNG/Permian2019/ang20191023t182357_r9984_c0_w512_h512,2019-10-23,2019-10-23 18:23:57+00:00,0,0,512,512,train,hard,,False,"Window(col_off=0, row_off=0, width=512, height=512)"
ang20191023t182357_r7424_c0_w512_h512,,0.0,ang20191023t182357,/AVIRISNG/Permian2019/ang20191023t182357_r7424_c0_w512_h512,2019-10-23,2019-10-23 18:23:57+00:00,0,0,512,512,train,random,,False,"Window(col_off=0, row_off=0, width=512, height=512)"
ang20191023t182357_r5888_c0_w512_h512,,0.0,ang20191023t182357,/AVIRISNG/Permian2019/ang20191023t182357_r5888_c0_w512_h512,2019-10-23,2019-10-23 18:23:57+00:00,0,0,512,512,train,random,,False,"Window(col_off=0, row_off=0, width=512, height=512)"
ang20191023t182357_r6912_c0_w512_h512,,0.0,ang20191023t182357,/AVIRISNG/Permian2019/ang20191023t182357_r6912_c0_w512_h512,2019-10-23,2019-10-23 18:23:57+00:00,0,0,512,512,train,random,,False,"Window(col_off=0, row_off=0, width=512, height=512)"
ang20191023t183654_r2816_c0_w512_h512,,0.0,ang20191023t183654,/AVIRISNG/Permian2019/ang20191023t183654_r2816_c0_w512_h512,2019-10-23,2019-10-23 18:36:54+00:00,0,0,512,512,train,hard,,False,"Window(col_off=0, row_off=0, width=512, height=512)"
ang20191023t183654_r4352_c0_w512_h512,,0.0,ang20191023t183654,/AVIRISNG/Permian2019/ang20191023t183654_r4352_c0_w512_h512,2019-10-23,2019-10-23 18:36:54+00:00,0,0,512,512,train,random,,False,"Window(col_off=0, row_off=0, width=512, height=512)"
ang20191023t183654_r9472_c0_w512_h512,,0.0,ang20191023t183654,/AVIRISNG/Permian2019/ang20191023t183654_r9472_c0_w512_h512,2019-10-23,2019-10-23 18:36:54+00:00,0,0,512,512,train,random,,False,"Window(col_off=0, row_off=0, width=512, height=512)"
ang20191023t183654_r512_c0_w512_h512,,0.0,ang20191023t183654,/AVIRISNG/Permian2019/ang20191023t183654_r512_c0_w512_h512,2019-10-23,2019-10-23 18:36:54+00:00,0,0,512,512,train,random,,False,"Window(col_off=0, row_off=0, width=512, height=512)"
ang20191023t183654_r0_c0_w512_h512,,0.0,ang20191023t183654,/AVIRISNG/Permian2019/ang20191023t183654_r0_c0_w512_h512,2019-10-23,2019-10-23 18:36:54+00:00,0,0,512,512,train,random,,False,"Window(col_off=0, row_off=0, width=512, height=512)"
ang20191023t185210_r5632_c0_w512_h512,,0.0,ang20191023t185210,/AVIRISNG/Permian2019/ang20191023t185210_r5632_c0_w512_h512,2019-10-23,2019-10-23 18:52:10+00:00,0,0,512,512,train,hard,,False,"Window(col_off=0, row_off=0, width=512, height=512)"
ang20191023t185210_r3840_c0_w512_h512,,0.0,ang20191023t185210,/AVIRISNG/Permian2019/ang20191023t185210_r3840_c0_w512_h512,2019-10-23,2019-10-23 18:52:10+00:00,0,0,512,512,train,hard,,False,"Window(col_off=0, row_off=0, width=512, height=512)"
ang20191023t185210_r4352_c0_w512_h512,,0.0,ang20191023t185210,/AVIRISNG/Permian2019/ang20191023t185210_r4352_c0_w512_h512,2019-10-23,2019-10-23 18:52:10+00:00,0,0,512,512,train,hard,,False,"Window(col_off=0, row_off=0, width=512, height=512)"
ang20191023t185210_r7168_c0_w512_h512,,0.0,ang20191023t185210,/AVIRISNG/Permian2019/ang20191023t185210_r7168_c0_w512_h512,2019-10-23,2019-10-23 18:52:10+00:00,0,0,512,512,train,random,,False,"Window(col_off=0, row_off=0, width=512, height=512)"
ang20191023t185210_r6144_c0_w512_h512,,0.0,ang20191023t185210,/AVIRISNG/Permian2019/ang20191023t185210_r6144_c0_w512_h512,2019-10-23,2019-10-23 18:52:10+00:00,0,0,512,512,train,random,,False,"Window(col_off=0, row_off=0, width=512, height=512)"
ang20191023t190429_r5376_c0_w512_h512,,0.0,ang20191023t190429,/AVIRISNG/Permian2019/ang20191023t190429_r5376_c0_w512_h512,2019-10-23,2019-10-23 19:04:29+00:00,0,0,512,512,train,hard,,False,"Window(col_off=0, row_off=0, width=512, height=512)"
ang20191023t190429_r3840_c0_w512_h512,,0.0,ang20191023t190429,/AVIRISNG/Permian2019/ang20191023t190429_r3840_c0_w512_h512,2019-10-23,2019-10-23 19:04:29+00:00,0,0,512,512,train,hard,,False,"Window(col_off=0, row_off=0, width=512, height=512)"
ang20191023t190429_r4864_c0_w512_h512,,0.0,ang20191023t190429,/AVIRISNG/Permian2019/ang20191023t190429_r4864_c0_w512_h512,2019-10-23,2019-10-23 19:04:29+00:00,0,0,512,512,train,hard,,False,"Window(col_off=0, row_off=0, width=512, height=512)"
ang20191023t190429_r4352_c0_w512_h512,,0.0,ang20191023t190429,/AVIRISNG/Permian2019/ang20191023t190429_r4352_c0_w512_h512,2019-10-23,2019-10-23 19:04:29+00:00,0,0,512,512,train,random,,False,"Window(col_off=0, row_off=0, width=512, height=512)"
ang20191023t190429_r512_c0_w512_h512,,0.0,ang20191023t190429,/AVIRISNG/Permian2019/ang20191023t190429_r512_c0_w512_h512,2019-10-23,2019-10-23 19:04:29+00:00,0,0,512,512,train,random,,False,"Window(col_off=0, row_off=0, width=512, height=512)"
ang20191023t190429_r0_c0_w512_h512,,0.0,ang20191023t190429,/AVIRISNG/Permian2019/ang20191023t190429_r0_c0_w512_h512,2019-10-23,2019-10-23 19:04:29+00:00,0,0,512,512,train,random,,False,"Window(col_off=0, row_off=0, width=512, height=512)"
ang20191023t190429_r7936_c0_w512_h512,,0.0,ang20191023t190429,/AVIRISNG/Permian2019/ang20191023t190429_r7936_c0_w512_h512,2019-10-23,2019-10-23 19:04:29+00:00,0,0,512,512,train,random,,False,"Window(col_off=0, row_off=0, width=512, height=512)"
ang20191023t191942_r5376_c0_w512_h512,,0.0,ang20191023t191942,/AVIRISNG/Permian2019/ang20191023t191942_r5376_c0_w512_h512,2019-10-23,2019-10-23 19:19:42+00:00,0,0,512,512,train,hard,,False,"Window(col_off=0, row_off=0, width=512, height=512)"
ang20191023t191942_r4864_c0_w512_h512,,0.0,ang20191023t191942,/AVIRISNG/Permian2019/ang20191023t191942_r4864_c0_w512_h512,2019-10-23,2019-10-23 19:19:42+00:00,0,0,512,512,train,hard,,False,"Window(col_off=0, row_off=0, width=512, height=512)"
ang20191023t191942_r6656_c0_w512_h512,,0.0,ang20191023t191942,/AVIRISNG/Permian2019/ang20191023t191942_r6656_c0_w512_h512,2019-10-23,2019-10-23 19:19:42+00:00,0,0,512,512,train,random,,False,"Window(col_off=0, row_off=0, width=512, height=512)"
ang20191023t191942_r10240_c0_w512_h512,,0.0,ang20191023t191942,/AVIRISNG/Permian2019/ang20191023t191942_r10240_c0_w512_h512,2019-10-23,2019-10-23 19:19:42+00:00,0,0,512,512,train,random,,False,"Window(col_off=0, row_off=0, width=512, height=512)"
ang20191023t191942_r1792_c0_w512_h512,,0.0,ang20191023t191942,/AVIRISNG/Permian2019/ang20191023t191942_r1792_c0_w512_h512,2019-10-23,2019-10-23 19:19:42+00:00,0,0,512,512,train,random,,False,"Window(col_off=0, row_off=0, width=512, height=512)"
ang20191023t191942_r6144_c0_w512_h512,,0.0,ang20191023t191942,/AVIRISNG/Permian2019/ang20191023t191942_r6144_c0_w512_h512,2019-10-23,2019-10-23 19:19:42+00:00,0,0,512,512,train,random,,False,"Window(col_off=0, row_off=0, width=512, height=512)"
ang20191023t193139_r4864_c0_w512_h512,,0.0,ang20191023t193139,/AVIRISNG/Permian2019/ang20191023t193139_r4864_c0_w512_h512,2019-10-23,2019-10-23 19:31:39+00:00,0,0,512,512,train,hard,,False,"Window(col_off=0, row_off=0, width=512, height=512)"
ang20191023t193139_r4352_c0_w512_h512,,0.0,ang20191023t193139,/AVIRISNG/Permian2019/ang20191023t193139_r4352_c0_w512_h512,2019-10-23,2019-10-23 19:31:39+00:00,0,0,512,512,train,hard,,False,"Window(col_off=0, row_off=0, width=512, height=512)"
ang20191023t193139_r2816_c0_w512_h512,,0.0,ang20191023t193139,/AVIRISNG/Permian2019/ang20191023t193139_r2816_c0_w512_h512,2019-10-23,2019-10-23 19:31:39+00:00,0,0,512,512,train,hard,,False,"Window(col_off=0, row_off=0, width=512, height=512)"
ang20191023t193139_r1536_c0_w512_h512,,0.0,ang20191023t193139,/AVIRISNG/Permian2019/ang20191023t193139_r1536_c0_w512_h512,2019-10-23,2019-10-23 19:31:39+00:00,0,0,512,512,train,random,,False,"Window(col_off=0, row_off=0, width=512, height=512)"
ang20191023t193139_r1024_c0_w512_h512,,0.0,ang20191023t193139,/AVIRISNG/Permian2019/ang20191023t193139_r1024_c0_w512_h512,2019-10-23,2019-10-23 19:31:39+00:00,0,0,512,512,train,random,,False,"Window(col_off=0, row_off=0, width=512, height=512)"
ang20191023t193139_r0_c0_w512_h512,,0.0,ang20191023t193139,/AVIRISNG/Permian2019/ang20191023t193139_r0_c0_w512_h512,2019-10-23,2019-10-23 19:31:39+00:00,0,0,512,512,train,random,,False,"Window(col_off=0, row_off=0, width=512, height=512)"
ang20191023t193139_r512_c0_w512_h512,,0.0,ang20191023t193139,/AVIRISNG/Permian2019/ang20191023t193139_r512_c0_w512_h512,2019-10-23,2019-10-23 19:31:39+00:00,0,0,512,512,train,random,,False,"Window(col_off=0, row_off=0, width=512, height=512)"
ang20191023t194035_r1792_c512_w512_h512,,0.0,ang20191023t194035,/AVIRISNG/Permian2019/ang20191023t194035_r1792_c512_w512_h512,2019-10-23,2019-10-23 19:40:35+00:00,0,0,512,512,train,hard,,False,"Window(col_off=0, row_off=0, width=512, height=512)"
ang20191023t194035_r5376_c256_w512_h512,,0.0,ang20191023t194035,/AVIRISNG/Permian2019/ang20191023t194035_r5376_c256_w512_h512,2019-10-23,2019-10-23 19:40:35+00:00,0,0,512,512,train,hard,,False,"Window(col_off=0, row_off=0, width=512, height=512)"
ang20191023t194035_r3328_c512_w512_h512,,0.0,ang20191023t194035,/AVIRISNG/Permian2019/ang20191023t194035_r3328_c512_w512_h512,2019-10-23,2019-10-23 19:40:35+00:00,0,0,512,512,train,random,,False,"Window(col_off=0, row_off=0, width=512, height=512)"
ang20191011t165345_r4367_c196_w151_h151,ang20191011t165345-1,11239.5397,ang20191011t165345,/AVIRISNG/Permian2019/ang20191011t165345_r4367_c196_w151_h151,2019-10-11,2019-10-11 16:53:45+00:00,0,0,512,512,train,easy,gs://starcop/Permian/permian_2019_official/ang20191011t165345-1_r4367_c196_ctr.tif,True,"Window(col_off=-180, row_off=-180, width=512, height=512)"
ang20190924t183641_r14137_c154_w151_h151,ang20190924t183641-4,11164.8973,ang20190924t183641,/AVIRISNG/Permian2019/ang20190924t183641_r14137_c154_w151_h151,2019-09-24,2019-09-24 18:36:41+00:00,0,0,512,512,train,easy,gs://starcop/Permian/permian_2019_official/ang20190924t183641-4_r14137_c154_ctr.tif,True,"Window(col_off=-180, row_off=-180, width=512, height=512)"
ang20191008t151045_r5097_c477_w151_h151,ang20191008t151045-12,6924.17673,ang20191008t151045,/AVIRISNG/Permian2019/ang20191008t151045_r5097_c477_w151_h151,2019-10-08,2019-10-08 15:10:45+00:00,0,0,512,512,train,easy,gs://starcop/Permian/permian_2019_official/ang20191008t151045-12_r5097_c477_ctr.tif,True,"Window(col_off=-180, row_off=-180, width=512, height=512)"
ang20191010t155034_r16931_c325_w151_h151,ang20191010t155034-A,6166.409548,ang20191010t155034,/AVIRISNG/Permian2019/ang20191010t155034_r16931_c325_w151_h151,2019-10-10,2019-10-10 15:50:34+00:00,0,0,512,512,train,easy,gs://starcop/Permian/permian_2019_official/ang20191010t155034-A_r16931_c325_ctr.tif,True,"Window(col_off=-180, row_off=-180, width=512, height=512)"
ang20191005t210402_r9366_c472_w151_h151,ang20191005t210402-10,5784.07412,ang20191005t210402,/AVIRISNG/Permian2019/ang20191005t210402_r9366_c472_w151_h151,2019-10-05,2019-10-05 21:04:02+00:00,0,0,512,512,train,easy,gs://starcop/Permian/permian_2019_official/ang20191005t210402-10_r9366_c472_ctr.tif,True,"Window(col_off=-180, row_off=-180, width=512, height=512)"
ang20190923t174142_r5826_c168_w151_h151,ang20190923t174142-11,5665.2427,ang20190923t174142,/AVIRISNG/Permian2019/ang20190923t174142_r5826_c168_w151_h151,2019-09-23,2019-09-23 17:41:42+00:00,0,0,512,512,train,easy,gs://starcop/Permian/permian_2019_official/ang20190923t174142-11_r5826_c168_ctr.tif,True,"Window(col_off=-180, row_off=-180, width=512, height=512)"
ang20191011t174241_r4837_c234_w151_h151,ang20191011t174241-4,5447.72402,ang20191011t174241,/AVIRISNG/Permian2019/ang20191011t174241_r4837_c234_w151_h151,2019-10-11,2019-10-11 17:42:41+00:00,0,0,512,512,train,easy,gs://starcop/Permian/permian_2019_official/ang20191011t174241-4_r4837_c234_ctr.tif,True,"Window(col_off=-180, row_off=-180, width=512, height=512)"
ang20191005t221554_r5023_c432_w151_h151,ang20191005t221554-A,5065.505615,ang20191005t221554,/AVIRISNG/Permian2019/ang20191005t221554_r5023_c432_w151_h151,2019-10-05,2019-10-05 22:15:54+00:00,0,0,512,512,train,easy,gs://starcop/Permian/permian_2019_official/ang20191005t221554-A_r5023_c432_ctr.tif,True,"Window(col_off=-180, row_off=-180, width=512, height=512)"
ang20190922t203229_r7396_c411_w151_h151,ang20190922t203229-2,4437.72311,ang20190922t203229,/AVIRISNG/Permian2019/ang20190922t203229_r7396_c411_w151_h151,2019-09-22,2019-09-22 20:32:29+00:00,0,0,512,512,train,easy,gs://starcop/Permian/permian_2019_official/ang20190922t203229-2_r7396_c411_ctr.tif,True,"Window(col_off=-180, row_off=-180, width=512, height=512)"
ang20191008t151045_r4379_c101_w151_h151,ang20191008t151045-11,4258.12159,ang20191008t151045,/AVIRISNG/Permian2019/ang20191008t151045_r4379_c101_w151_h151,2019-10-08,2019-10-08 15:10:45+00:00,0,0,512,512,train,easy,gs://starcop/Permian/permian_2019_official/ang20191008t151045-11_r4379_c101_ctr.tif,True,"Window(col_off=-180, row_off=-180, width=512, height=512)"
ang20191013t145516_r15455_c176_w151_h151,ang20191013t145516-16,4238.35494,ang20191013t145516,/AVIRISNG/Permian2019/ang20191013t145516_r15455_c176_w151_h151,2019-10-13,2019-10-13 14:55:16+00:00,0,0,512,512,train,easy,gs://starcop/Permian/permian_2019_official/ang20191013t145516-16_r15455_c176_ctr.tif,True,"Window(col_off=-180, row_off=-180, width=512, height=512)"
ang20191017t152518_r12492_c121_w151_h151,ang20191017t152518-6,3940.05978,ang20191017t152518,/AVIRISNG/Permian2019/ang20191017t152518_r12492_c121_w151_h151,2019-10-17,2019-10-17 15:25:18+00:00,0,0,512,512,train,easy,gs://starcop/Permian/permian_2019_official/ang20191017t152518-6_r12492_c121_ctr.tif,True,"Window(col_off=-180, row_off=-180, width=512, height=512)"
ang20191022t152357_r4993_c33_w151_h151,ang20191022t152357-5,3821.57904,ang20191022t152357,/AVIRISNG/Permian2019/ang20191022t152357_r4993_c33_w151_h151,2019-10-22,2019-10-22 15:23:57+00:00,0,0,512,512,train,easy,gs://starcop/Permian/permian_2019_official/ang20191022t152357-5_r4993_c33_ctr.tif,True,"Window(col_off=-180, row_off=-180, width=512, height=512)"
ang20190926t152524_r7081_c116_w151_h151,ang20190926t152524-2,3723.63001,ang20190926t152524,/AVIRISNG/Permian2019/ang20190926t152524_r7081_c116_w151_h151,2019-09-26,2019-09-26 15:25:24+00:00,0,0,512,512,train,easy,gs://starcop/Permian/permian_2019_official/ang20190926t152524-2_r7081_c116_ctr.tif,True,"Window(col_off=-180, row_off=-180, width=512, height=512)"
ang20190928t185111_r3501_c600_w151_h151,ang20190928t185111-3,3706.87622,ang20190928t185111,/AVIRISNG/Permian2019/ang20190928t185111_r3501_c600_w151_h151,2019-09-28,2019-09-28 18:51:11+00:00,0,0,512,512,train,easy,gs://starcop/Permian/permian_2019_official/ang20190928t185111-3_r3501_c600_ctr.tif,True,"Window(col_off=-180, row_off=-180, width=512, height=512)"
ang20191011t181301_r3081_c240_w151_h151,ang20191011t181301-2,3650.81914,ang20191011t181301,/AVIRISNG/Permian2019/ang20191011t181301_r3081_c240_w151_h151,2019-10-11,2019-10-11 18:13:01+00:00,0,0,512,512,train,easy,gs://starcop/Permian/permian_2019_official/ang20191011t181301-2_r3081_c240_ctr.tif,True,"Window(col_off=-180, row_off=-180, width=512, height=512)"
ang20191017t154425_r4708_c381_w151_h151,ang20191017t154425-1,3575.79063,ang20191017t154425,/AVIRISNG/Permian2019/ang20191017t154425_r4708_c381_w151_h151,2019-10-17,2019-10-17 15:44:25+00:00,0,0,512,512,train,easy,gs://starcop/Permian/permian_2019_official/ang20191017t154425-1_r4708_c381_ctr.tif,True,"Window(col_off=-180, row_off=-180, width=512, height=512)"
ang20190924t172057_r4159_c297_w151_h151,ang20190924t172057-1,3308.12158,ang20190924t172057,/AVIRISNG/Permian2019/ang20190924t172057_r4159_c297_w151_h151,2019-09-24,2019-09-24 17:20:57+00:00,0,0,512,512,train,easy,gs://starcop/Permian/permian_2019_official/ang20190924t172057-1_r4159_c297_ctr.tif,True,"Window(col_off=-180, row_off=-180, width=512, height=512)"
ang20191011t152413_r9254_c440_w151_h151,ang20191011t152413-4,3279.6858,ang20191011t152413,/AVIRISNG/Permian2019/ang20191011t152413_r9254_c440_w151_h151,2019-10-11,2019-10-11 15:24:13+00:00,0,0,512,512,train,easy,gs://starcop/Permian/permian_2019_official/ang20191011t152413-4_r9254_c440_ctr.tif,True,"Window(col_off=-180, row_off=-180, width=512, height=512)"
ang20191011t191345_r10180_c27_w151_h151,ang20191011t191345-3,3139.06986,ang20191011t191345,/AVIRISNG/Permian2019/ang20191011t191345_r10180_c27_w151_h151,2019-10-11,2019-10-11 19:13:45+00:00,0,0,512,512,train,easy,gs://starcop/Permian/permian_2019_official/ang20191011t191345-3_r10180_c27_ctr.tif,True,"Window(col_off=-180, row_off=-180, width=512, height=512)"
ang20190924t165836_r1962_c318_w151_h151,ang20190924t165836-2,3136.96321,ang20190924t165836,/AVIRISNG/Permian2019/ang20190924t165836_r1962_c318_w151_h151,2019-09-24,2019-09-24 16:58:36+00:00,0,0,512,512,train,easy,gs://starcop/Permian/permian_2019_official/ang20190924t165836-2_r1962_c318_ctr.tif,True,"Window(col_off=-180, row_off=-180, width=512, height=512)"
ang20190923t172416_r10579_c413_w151_h151,ang20190923t172416-19,3125.75665,ang20190923t172416,/AVIRISNG/Permian2019/ang20190923t172416_r10579_c413_w151_h151,2019-09-23,2019-09-23 17:24:16+00:00,0,0,512,512,train,easy,gs://starcop/Permian/permian_2019_official/ang20190923t172416-19_r10579_c413_ctr.tif,True,"Window(col_off=-180, row_off=-180, width=512, height=512)"
ang20190927t162514_r3685_c352_w151_h151,ang20190927t162514-1,3013.47644,ang20190927t162514,/AVIRISNG/Permian2019/ang20190927t162514_r3685_c352_w151_h151,2019-09-27,2019-09-27 16:25:14+00:00,0,0,512,512,train,easy,gs://starcop/Permian/permian_2019_official/ang20190927t162514-1_r3685_c352_ctr.tif,True,"Window(col_off=-180, row_off=-180, width=512, height=512)"
ang20191011t163647_r6575_c122_w151_h151,ang20191011t163647-2,2926.11943,ang20191011t163647,/AVIRISNG/Permian2019/ang20191011t163647_r6575_c122_w151_h151,2019-10-11,2019-10-11 16:36:47+00:00,0,0,512,512,train,easy,gs://starcop/Permian/permian_2019_official/ang20191011t163647-2_r6575_c122_ctr.tif,True,"Window(col_off=-180, row_off=-180, width=512, height=512)"
ang20191016t175642_r7289_c521_w151_h151,ang20191016t175642-2,2900.67937,ang20191016t175642,/AVIRISNG/Permian2019/ang20191016t175642_r7289_c521_w151_h151,2019-10-16,2019-10-16 17:56:42+00:00,0,0,512,512,train,easy,gs://starcop/Permian/permian_2019_official/ang20191016t175642-2_r7289_c521_ctr.tif,True,"Window(col_off=-180, row_off=-180, width=512, height=512)"
ang20190926t154314_r6804_c307_w151_h151,ang20190926t154314-3,2850.47977,ang20190926t154314,/AVIRISNG/Permian2019/ang20190926t154314_r6804_c307_w151_h151,2019-09-26,2019-09-26 15:43:14+00:00,0,0,512,512,train,easy,gs://starcop/Permian/permian_2019_official/ang20190926t154314-3_r6804_c307_ctr.tif,True,"Window(col_off=-180, row_off=-180, width=512, height=512)"
ang20191011t152413_r8823_c513_w151_h151,ang20191011t152413-2,2845.3943,ang20191011t152413,/AVIRISNG/Permian2019/ang20191011t152413_r8823_c513_w151_h151,2019-10-11,2019-10-11 15:24:13+00:00,0,0,512,512,train,easy,gs://starcop/Permian/permian_2019_official/ang20191011t152413-2_r8823_c513_ctr.tif,True,"Window(col_off=-180, row_off=-180, width=512, height=512)"
ang20191023t145837_r8341_c489_w151_h151,ang20191023t145837-5,2732.42037,ang20191023t145837,/AVIRISNG/Permian2019/ang20191023t145837_r8341_c489_w151_h151,2019-10-23,2019-10-23 14:58:37+00:00,0,0,512,512,train,easy,gs://starcop/Permian/permian_2019_official/ang20191023t145837-5_r8341_c489_ctr.tif,True,"Window(col_off=-180, row_off=-180, width=512, height=512)"
ang20191022t192048_r1361_c265_w151_h151,ang20191022t192048-1,2722.05107,ang20191022t192048,/AVIRISNG/Permian2019/ang20191022t192048_r1361_c265_w151_h151,2019-10-22,2019-10-22 19:20:48+00:00,0,0,512,512,train,easy,gs://starcop/Permian/permian_2019_official/ang20191022t192048-1_r1361_c265_ctr.tif,True,"Window(col_off=-180, row_off=-180, width=512, height=512)"
ang20190927t153023_r7067_c8_w151_h151,ang20190927t153023-5,2708.66276,ang20190927t153023,/AVIRISNG/Permian2019/ang20190927t153023_r7067_c8_w151_h151,2019-09-27,2019-09-27 15:30:23+00:00,0,0,512,512,train,easy,gs://starcop/Permian/permian_2019_official/ang20190927t153023-5_r7067_c8_ctr.tif,True,"Window(col_off=-180, row_off=-180, width=512, height=512)"
ang20191007t195115_r11116_c285_w151_h151,ang20191007t195115-6,2623.37001,ang20191007t195115,/AVIRISNG/Permian2019/ang20191007t195115_r11116_c285_w151_h151,2019-10-07,2019-10-07 19:51:15+00:00,0,0,512,512,train,easy,gs://starcop/Permian/permian_2019_official/ang20191007t195115-6_r11116_c285_ctr.tif,True,"Window(col_off=-180, row_off=-180, width=512, height=512)"
ang20190922t192642_r4578_c217_w151_h151,ang20190922t192642-2,2579.5281,ang20190922t192642,/AVIRISNG/Permian2019/ang20190922t192642_r4578_c217_w151_h151,2019-09-22,2019-09-22 19:26:42+00:00,0,0,512,512,train,easy,gs://starcop/Permian/permian_2019_official/ang20190922t192642-2_r4578_c217_ctr.tif,True,"Window(col_off=-180, row_off=-180, width=512, height=512)"
ang20191006t191332_r8705_c82_w151_h151,ang20191006t191332-3,2577.86405,ang20191006t191332,/AVIRISNG/Permian2019/ang20191006t191332_r8705_c82_w151_h151,2019-10-06,2019-10-06 19:13:32+00:00,0,0,512,512,train,easy,gs://starcop/Permian/permian_2019_official/ang20191006t191332-3_r8705_c82_ctr.tif,True,"Window(col_off=-180, row_off=-180, width=512, height=512)"
ang20191022t163722_r6202_c430_w151_h151,ang20191022t163722-2,2560.89663,ang20191022t163722,/AVIRISNG/Permian2019/ang20191022t163722_r6202_c430_w151_h151,2019-10-22,2019-10-22 16:37:22+00:00,0,0,512,512,train,easy,gs://starcop/Permian/permian_2019_official/ang20191022t163722-2_r6202_c430_ctr.tif,True,"Window(col_off=-180, row_off=-180, width=512, height=512)"
ang20191016t152245_r8626_c460_w151_h151,ang20191016t152245-5,2545.78266,ang20191016t152245,/AVIRISNG/Permian2019/ang20191016t152245_r8626_c460_w151_h151,2019-10-16,2019-10-16 15:22:45+00:00,0,0,512,512,train,easy,gs://starcop/Permian/permian_2019_official/ang20191016t152245-5_r8626_c460_ctr.tif,True,"Window(col_off=-180, row_off=-180, width=512, height=512)"
ang20191022t194943_r17610_c210_w151_h151,ang20191022t194943-9,2510.90649,ang20191022t194943,/AVIRISNG/Permian2019/ang20191022t194943_r17610_c210_w151_h151,2019-10-22,2019-10-22 19:49:43+00:00,0,0,512,512,train,easy,gs://starcop/Permian/permian_2019_official/ang20191022t194943-9_r17610_c210_ctr.tif,True,"Window(col_off=-180, row_off=-180, width=512, height=512)"
ang20191007t182352_r8520_c196_w151_h151,ang20191007t182352-A,2507.560665,ang20191007t182352,/AVIRISNG/Permian2019/ang20191007t182352_r8520_c196_w151_h151,2019-10-07,2019-10-07 18:23:52+00:00,0,0,512,512,train,easy,gs://starcop/Permian/permian_2019_official/ang20191007t182352-A_r8520_c196_ctr.tif,True,"Window(col_off=-180, row_off=-180, width=512, height=512)"
ang20191016t165454_r5517_c18_w151_h151,ang20191016t165454-5,2444.10557,ang20191016t165454,/AVIRISNG/Permian2019/ang20191016t165454_r5517_c18_w151_h151,2019-10-16,2019-10-16 16:54:54+00:00,0,0,512,512,train,easy,gs://starcop/Permian/permian_2019_official/ang20191016t165454-5_r5517_c18_ctr.tif,True,"Window(col_off=-180, row_off=-180, width=512, height=512)"
ang20190927t151239_r7121_c584_w151_h151,ang20190927t151239-2,2421.26779,ang20190927t151239,/AVIRISNG/Permian2019/ang20190927t151239_r7121_c584_w151_h151,2019-09-27,2019-09-27 15:12:39+00:00,0,0,512,512,train,easy,gs://starcop/Permian/permian_2019_official/ang20190927t151239-2_r7121_c584_ctr.tif,True,"Window(col_off=-180, row_off=-180, width=512, height=512)"
ang20191005t210402_r1854_c108_w151_h151,ang20191005t210402-4,2398.15007,ang20191005t210402,/AVIRISNG/Permian2019/ang20191005t210402_r1854_c108_w151_h151,2019-10-05,2019-10-05 21:04:02+00:00,0,0,512,512,train,easy,gs://starcop/Permian/permian_2019_official/ang20191005t210402-4_r1854_c108_ctr.tif,True,"Window(col_off=-180, row_off=-180, width=512, height=512)"
ang20190927t192237_r6043_c457_w151_h151,ang20190927t192237-3,2384.00818,ang20190927t192237,/AVIRISNG/Permian2019/ang20190927t192237_r6043_c457_w151_h151,2019-09-27,2019-09-27 19:22:37+00:00,0,0,512,512,train,easy,gs://starcop/Permian/permian_2019_official/ang20190927t192237-3_r6043_c457_ctr.tif,True,"Window(col_off=-180, row_off=-180, width=512, height=512)"
ang20191010t155034_r9423_c4_w151_h151,ang20191010t155034-E,2381.477491,ang20191010t155034,/AVIRISNG/Permian2019/ang20191010t155034_r9423_c4_w151_h151,2019-10-10,2019-10-10 15:50:34+00:00,0,0,512,512,train,easy,gs://starcop/Permian/permian_2019_official/ang20191010t155034-E_r9423_c4_ctr.tif,True,"Window(col_off=-180, row_off=-180, width=512, height=512)"
ang20191017t185057_r4474_c267_w151_h151,ang20191017t185057-2,2378.20981,ang20191017t185057,/AVIRISNG/Permian2019/ang20191017t185057_r4474_c267_w151_h151,2019-10-17,2019-10-17 18:50:57+00:00,0,0,512,512,train,easy,gs://starcop/Permian/permian_2019_official/ang20191017t185057-2_r4474_c267_ctr.tif,True,"Window(col_off=-180, row_off=-180, width=512, height=512)"
ang20191010t193818_r2146_c142_w151_h151,ang20191010t193818-1,2336.09494,ang20191010t193818,/AVIRISNG/Permian2019/ang20191010t193818_r2146_c142_w151_h151,2019-10-10,2019-10-10 19:38:18+00:00,0,0,512,512,train,easy,gs://starcop/Permian/permian_2019_official/ang20191010t193818-1_r2146_c142_ctr.tif,True,"Window(col_off=-180, row_off=-180, width=512, height=512)"
ang20191016t174016_r5893_c405_w151_h151,ang20191016t174016-4,2290.86865,ang20191016t174016,/AVIRISNG/Permian2019/ang20191016t174016_r5893_c405_w151_h151,2019-10-16,2019-10-16 17:40:16+00:00,0,0,512,512,train,easy,gs://starcop/Permian/permian_2019_official/ang20191016t174016-4_r5893_c405_ctr.tif,True,"Window(col_off=-180, row_off=-180, width=512, height=512)"
ang20190923t195907_r1434_c324_w151_h151,ang20190923t195907-1,2277.54531,ang20190923t195907,/AVIRISNG/Permian2019/ang20190923t195907_r1434_c324_w151_h151,2019-09-23,2019-09-23 19:59:07+00:00,0,0,512,512,train,easy,gs://starcop/Permian/permian_2019_official/ang20190923t195907-1_r1434_c324_ctr.tif,True,"Window(col_off=-180, row_off=-180, width=512, height=512)"
ang20191007t200647_r1009_c453_w151_h151,ang20191007t200647-1,2274.32116,ang20191007t200647,/AVIRISNG/Permian2019/ang20191007t200647_r1009_c453_w151_h151,2019-10-07,2019-10-07 20:06:47+00:00,0,0,512,512,train,easy,gs://starcop/Permian/permian_2019_official/ang20191007t200647-1_r1009_c453_ctr.tif,True,"Window(col_off=-180, row_off=-180, width=512, height=512)"
ang20191010t155034_r2710_c421_w151_h151,ang20191010t155034-G,2272.313059,ang20191010t155034,/AVIRISNG/Permian2019/ang20191010t155034_r2710_c421_w151_h151,2019-10-10,2019-10-10 15:50:34+00:00,0,0,512,512,train,easy,gs://starcop/Permian/permian_2019_official/ang20191010t155034-G_r2710_c421_ctr.tif,True,"Window(col_off=-180, row_off=-180, width=512, height=512)"
ang20191017t150903_r12514_c392_w151_h151,ang20191017t150903-11,2271.10395,ang20191017t150903,/AVIRISNG/Permian2019/ang20191017t150903_r12514_c392_w151_h151,2019-10-17,2019-10-17 15:09:03+00:00,0,0,512,512,train,easy,gs://starcop/Permian/permian_2019_official/ang20191017t150903-11_r12514_c392_ctr.tif,True,"Window(col_off=-180, row_off=-180, width=512, height=512)"
ang20191011t185825_r6531_c549_w151_h151,ang20191011t185825-4,2261.86315,ang20191011t185825,/AVIRISNG/Permian2019/ang20191011t185825_r6531_c549_w151_h151,2019-10-11,2019-10-11 18:58:25+00:00,0,0,512,512,train,easy,gs://starcop/Permian/permian_2019_official/ang20191011t185825-4_r6531_c549_ctr.tif,True,"Window(col_off=-180, row_off=-180, width=512, height=512)"
ang20191016t162417_r4834_c50_w151_h151,ang20191016t162417-6,2172.59812,ang20191016t162417,/AVIRISNG/Permian2019/ang20191016t162417_r4834_c50_w151_h151,2019-10-16,2019-10-16 16:24:17+00:00,0,0,512,512,train,easy,gs://starcop/Permian/permian_2019_official/ang20191016t162417-6_r4834_c50_ctr.tif,True,"Window(col_off=-180, row_off=-180, width=512, height=512)"
ang20190927t151239_r8689_c582_w151_h151,ang20190927t151239-4,2159.78761,ang20190927t151239,/AVIRISNG/Permian2019/ang20190927t151239_r8689_c582_w151_h151,2019-09-27,2019-09-27 15:12:39+00:00,0,0,512,512,train,easy,gs://starcop/Permian/permian_2019_official/ang20190927t151239-4_r8689_c582_ctr.tif,True,"Window(col_off=-180, row_off=-180, width=512, height=512)"
ang20191010t155034_r2711_c421_w151_h151,ang20191010t155034-1,2146.13977,ang20191010t155034,/AVIRISNG/Permian2019/ang20191010t155034_r2711_c421_w151_h151,2019-10-10,2019-10-10 15:50:34+00:00,0,0,512,512,train,easy,gs://starcop/Permian/permian_2019_official/ang20191010t155034-1_r2711_c421_ctr.tif,True,"Window(col_off=-180, row_off=-180, width=512, height=512)"
ang20190926t184029_r12122_c485_w151_h151,ang20190926t184029-6,2129.60133,ang20190926t184029,/AVIRISNG/Permian2019/ang20190926t184029_r12122_c485_w151_h151,2019-09-26,2019-09-26 18:40:29+00:00,0,0,512,512,train,easy,gs://starcop/Permian/permian_2019_official/ang20190926t184029-6_r12122_c485_ctr.tif,True,"Window(col_off=-180, row_off=-180, width=512, height=512)"
ang20191023t161300_r9825_c527_w151_h151,ang20191023t161300-4,2122.62135,ang20191023t161300,/AVIRISNG/Permian2019/ang20191023t161300_r9825_c527_w151_h151,2019-10-23,2019-10-23 16:13:00+00:00,0,0,512,512,train,easy,gs://starcop/Permian/permian_2019_official/ang20191023t161300-4_r9825_c527_ctr.tif,True,"Window(col_off=-180, row_off=-180, width=512, height=512)"
ang20191016t163955_r5575_c321_w151_h151,ang20191016t163955-6,2111.68009,ang20191016t163955,/AVIRISNG/Permian2019/ang20191016t163955_r5575_c321_w151_h151,2019-10-16,2019-10-16 16:39:55+00:00,0,0,512,512,train,easy,gs://starcop/Permian/permian_2019_official/ang20191016t163955-6_r5575_c321_ctr.tif,True,"Window(col_off=-180, row_off=-180, width=512, height=512)"
ang20191008t172458_r9631_c119_w151_h151,ang20191008t172458-5,2107.06446,ang20191008t172458,/AVIRISNG/Permian2019/ang20191008t172458_r9631_c119_w151_h151,2019-10-08,2019-10-08 17:24:58+00:00,0,0,512,512,train,easy,gs://starcop/Permian/permian_2019_official/ang20191008t172458-5_r9631_c119_ctr.tif,True,"Window(col_off=-180, row_off=-180, width=512, height=512)"
ang20191008t172458_r12658_c123_w151_h151,ang20191008t172458-7,2101.37963,ang20191008t172458,/AVIRISNG/Permian2019/ang20191008t172458_r12658_c123_w151_h151,2019-10-08,2019-10-08 17:24:58+00:00,0,0,512,512,train,easy,gs://starcop/Permian/permian_2019_official/ang20191008t172458-7_r12658_c123_ctr.tif,True,"Window(col_off=-180, row_off=-180, width=512, height=512)"
ang20191007t200647_r3927_c109_w151_h151,ang20191007t200647-2,2091.77387,ang20191007t200647,/AVIRISNG/Permian2019/ang20191007t200647_r3927_c109_w151_h151,2019-10-07,2019-10-07 20:06:47+00:00,0,0,512,512,train,easy,gs://starcop/Permian/permian_2019_official/ang20191007t200647-2_r3927_c109_ctr.tif,True,"Window(col_off=-180, row_off=-180, width=512, height=512)"
ang20191016t175642_r3709_c249_w151_h151,ang20191016t175642-1,2074.9596,ang20191016t175642,/AVIRISNG/Permian2019/ang20191016t175642_r3709_c249_w151_h151,2019-10-16,2019-10-16 17:56:42+00:00,0,0,512,512,train,easy,gs://starcop/Permian/permian_2019_official/ang20191016t175642-1_r3709_c249_ctr.tif,True,"Window(col_off=-180, row_off=-180, width=512, height=512)"
ang20191023t152801_r9013_c303_w151_h151,ang20191023t152801-5,2070.15847,ang20191023t152801,/AVIRISNG/Permian2019/ang20191023t152801_r9013_c303_w151_h151,2019-10-23,2019-10-23 15:28:01+00:00,0,0,512,512,train,easy,gs://starcop/Permian/permian_2019_official/ang20191023t152801-5_r9013_c303_ctr.tif,True,"Window(col_off=-180, row_off=-180, width=512, height=512)"
ang20191016t163955_r4756_c462_w151_h151,ang20191016t163955-4,2066.54094,ang20191016t163955,/AVIRISNG/Permian2019/ang20191016t163955_r4756_c462_w151_h151,2019-10-16,2019-10-16 16:39:55+00:00,0,0,512,512,train,easy,gs://starcop/Permian/permian_2019_official/ang20191016t163955-4_r4756_c462_ctr.tif,True,"Window(col_off=-180, row_off=-180, width=512, height=512)"
ang20190923t170747_r2291_c472_w151_h151,ang20190923t170747-3,2054.53964,ang20190923t170747,/AVIRISNG/Permian2019/ang20190923t170747_r2291_c472_w151_h151,2019-09-23,2019-09-23 17:07:47+00:00,0,0,512,512,train,easy,gs://starcop/Permian/permian_2019_official/ang20190923t170747-3_r2291_c472_ctr.tif,True,"Window(col_off=-180, row_off=-180, width=512, height=512)"
ang20191010t155034_r9423_c1_w151_h151,ang20191010t155034-2,2034.75052,ang20191010t155034,/AVIRISNG/Permian2019/ang20191010t155034_r9423_c1_w151_h151,2019-10-10,2019-10-10 15:50:34+00:00,0,0,512,512,train,easy,gs://starcop/Permian/permian_2019_official/ang20191010t155034-2_r9423_c1_ctr.tif,True,"Window(col_off=-180, row_off=-180, width=512, height=512)"
ang20191016t145145_r5805_c177_w151_h151,ang20191016t145145-4,2029.67768,ang20191016t145145,/AVIRISNG/Permian2019/ang20191016t145145_r5805_c177_w151_h151,2019-10-16,2019-10-16 14:51:45+00:00,0,0,512,512,train,easy,gs://starcop/Permian/permian_2019_official/ang20191016t145145-4_r5805_c177_ctr.tif,True,"Window(col_off=-180, row_off=-180, width=512, height=512)"
ang20191010t185941_r6888_c147_w151_h151,ang20191010t185941-1,2028.57025,ang20191010t185941,/AVIRISNG/Permian2019/ang20191010t185941_r6888_c147_w151_h151,2019-10-10,2019-10-10 18:59:41+00:00,0,0,512,512,train,easy,gs://starcop/Permian/permian_2019_official/ang20191010t185941-1_r6888_c147_ctr.tif,True,"Window(col_off=-180, row_off=-180, width=512, height=512)"
ang20190923t192543_r10448_c55_w151_h151,ang20190923t192543-8,1986.21993,ang20190923t192543,/AVIRISNG/Permian2019/ang20190923t192543_r10448_c55_w151_h151,2019-09-23,2019-09-23 19:25:43+00:00,0,0,512,512,train,easy,gs://starcop/Permian/permian_2019_official/ang20190923t192543-8_r10448_c55_ctr.tif,True,"Window(col_off=-180, row_off=-180, width=512, height=512)"
ang20190926t180335_r5137_c294_w151_h151,ang20190926t180335-5,1972.8963,ang20190926t180335,/AVIRISNG/Permian2019/ang20190926t180335_r5137_c294_w151_h151,2019-09-26,2019-09-26 18:03:35+00:00,0,0,512,512,train,easy,gs://starcop/Permian/permian_2019_official/ang20190926t180335-5_r5137_c294_ctr.tif,True,"Window(col_off=-180, row_off=-180, width=512, height=512)"
ang20191017t150903_r6794_c173_w151_h151,ang20191017t150903-2,1962.90047,ang20191017t150903,/AVIRISNG/Permian2019/ang20191017t150903_r6794_c173_w151_h151,2019-10-17,2019-10-17 15:09:03+00:00,0,0,512,512,train,easy,gs://starcop/Permian/permian_2019_official/ang20191017t150903-2_r6794_c173_ctr.tif,True,"Window(col_off=-180, row_off=-180, width=512, height=512)"
ang20191016t145145_r6177_c468_w151_h151,ang20191016t145145-I,1953.137577,ang20191016t145145,/AVIRISNG/Permian2019/ang20191016t145145_r6177_c468_w151_h151,2019-10-16,2019-10-16 14:51:45+00:00,0,0,512,512,train,easy,gs://starcop/Permian/permian_2019_official/ang20191016t145145-I_r6177_c468_ctr.tif,True,"Window(col_off=-180, row_off=-180, width=512, height=512)"
ang20191010t192008_r3365_c296_w151_h151,ang20191010t192008-A,1899.035369,ang20191010t192008,/AVIRISNG/Permian2019/ang20191010t192008_r3365_c296_w151_h151,2019-10-10,2019-10-10 19:20:08+00:00,0,0,512,512,train,easy,gs://starcop/Permian/permian_2019_official/ang20191010t192008-A_r3365_c296_ctr.tif,True,"Window(col_off=-180, row_off=-180, width=512, height=512)"
ang20191007t190840_r8232_c229_w151_h151,ang20191007t190840-2,1899.02578,ang20191007t190840,/AVIRISNG/Permian2019/ang20191007t190840_r8232_c229_w151_h151,2019-10-07,2019-10-07 19:08:40+00:00,0,0,512,512,train,easy,gs://starcop/Permian/permian_2019_official/ang20191007t190840-2_r8232_c229_ctr.tif,True,"Window(col_off=-180, row_off=-180, width=512, height=512)"
ang20191022t194943_r11945_c1020_w151_h151,ang20191022t194943-3,1897.61227,ang20191022t194943,/AVIRISNG/Permian2019/ang20191022t194943_r11945_c1020_w151_h151,2019-10-22,2019-10-22 19:49:43+00:00,0,0,512,512,train,easy,gs://starcop/Permian/permian_2019_official/ang20191022t194943-3_r11945_c1020_ctr.tif,True,"Window(col_off=-180, row_off=-180, width=512, height=512)"
ang20191016t155337_r3781_c466_w151_h151,ang20191016t155337-3,1866.62347,ang20191016t155337,/AVIRISNG/Permian2019/ang20191016t155337_r3781_c466_w151_h151,2019-10-16,2019-10-16 15:53:37+00:00,0,0,512,512,train,easy,gs://starcop/Permian/permian_2019_official/ang20191016t155337-3_r3781_c466_ctr.tif,True,"Window(col_off=-180, row_off=-180, width=512, height=512)"
ang20190926t160016_r9568_c98_w151_h151,ang20190926t160016-3,1855.4302,ang20190926t160016,/AVIRISNG/Permian2019/ang20190926t160016_r9568_c98_w151_h151,2019-09-26,2019-09-26 16:00:16+00:00,0,0,512,512,train,easy,gs://starcop/Permian/permian_2019_official/ang20190926t160016-3_r9568_c98_ctr.tif,True,"Window(col_off=-180, row_off=-180, width=512, height=512)"
ang20191011t181301_r11383_c341_w151_h151,ang20191011t181301-5,1853.73674,ang20191011t181301,/AVIRISNG/Permian2019/ang20191011t181301_r11383_c341_w151_h151,2019-10-11,2019-10-11 18:13:01+00:00,0,0,512,512,train,easy,gs://starcop/Permian/permian_2019_official/ang20191011t181301-5_r11383_c341_ctr.tif,True,"Window(col_off=-180, row_off=-180, width=512, height=512)"
ang20190928t192731_r10149_c226_w151_h151,ang20190928t192731-1,1851.87417,ang20190928t192731,/AVIRISNG/Permian2019/ang20190928t192731_r10149_c226_w151_h151,2019-09-28,2019-09-28 19:27:31+00:00,0,0,512,512,train,easy,gs://starcop/Permian/permian_2019_official/ang20190928t192731-1_r10149_c226_ctr.tif,True,"Window(col_off=-180, row_off=-180, width=512, height=512)"
ang20191008t165855_r11317_c252_w151_h151,ang20191008t165855-4,1848.58982,ang20191008t165855,/AVIRISNG/Permian2019/ang20191008t165855_r11317_c252_w151_h151,2019-10-08,2019-10-08 16:58:55+00:00,0,0,512,512,train,easy,gs://starcop/Permian/permian_2019_official/ang20191008t165855-4_r11317_c252_ctr.tif,True,"Window(col_off=-180, row_off=-180, width=512, height=512)"
ang20191023t145837_r9154_c520_w151_h151,ang20191023t145837-7,1842.73117,ang20191023t145837,/AVIRISNG/Permian2019/ang20191023t145837_r9154_c520_w151_h151,2019-10-23,2019-10-23 14:58:37+00:00,0,0,512,512,train,easy,gs://starcop/Permian/permian_2019_official/ang20191023t145837-7_r9154_c520_ctr.tif,True,"Window(col_off=-180, row_off=-180, width=512, height=512)"
ang20191007t175016_r5614_c544_w151_h151,ang20191007t175016-F,1813.656231,ang20191007t175016,/AVIRISNG/Permian2019/ang20191007t175016_r5614_c544_w151_h151,2019-10-07,2019-10-07 17:50:16+00:00,0,0,512,512,train,easy,gs://starcop/Permian/permian_2019_official/ang20191007t175016-F_r5614_c544_ctr.tif,True,"Window(col_off=-180, row_off=-180, width=512, height=512)"
ang20191011t154103_r4577_c309_w151_h151,ang20191011t154103-2,1790.53371,ang20191011t154103,/AVIRISNG/Permian2019/ang20191011t154103_r4577_c309_w151_h151,2019-10-11,2019-10-11 15:41:03+00:00,0,0,512,512,train,easy,gs://starcop/Permian/permian_2019_official/ang20191011t154103-2_r4577_c309_ctr.tif,True,"Window(col_off=-180, row_off=-180, width=512, height=512)"
ang20191016t153826_r4970_c126_w151_h151,ang20191016t153826-4,1775.38398,ang20191016t153826,/AVIRISNG/Permian2019/ang20191016t153826_r4970_c126_w151_h151,2019-10-16,2019-10-16 15:38:26+00:00,0,0,512,512,train,easy,gs://starcop/Permian/permian_2019_official/ang20191016t153826-4_r4970_c126_ctr.tif,True,"Window(col_off=-180, row_off=-180, width=512, height=512)"
ang20191016t181351_r8382_c309_w151_h151,ang20191016t181351-4,1760.16386,ang20191016t181351,/AVIRISNG/Permian2019/ang20191016t181351_r8382_c309_w151_h151,2019-10-16,2019-10-16 18:13:51+00:00,0,0,512,512,train,easy,gs://starcop/Permian/permian_2019_official/ang20191016t181351-4_r8382_c309_ctr.tif,True,"Window(col_off=-180, row_off=-180, width=512, height=512)"
ang20191011t182731_r1569_c198_w151_h151,ang20191011t182731-C,1756.927626,ang20191011t182731,/AVIRISNG/Permian2019/ang20191011t182731_r1569_c198_w151_h151,2019-10-11,2019-10-11 18:27:31+00:00,0,0,512,512,train,easy,gs://starcop/Permian/permian_2019_official/ang20191011t182731-C_r1569_c198_ctr.tif,True,"Window(col_off=-180, row_off=-180, width=512, height=512)"
ang20190926t193117_r8967_c212_w151_h151,ang20190926t193117-5,1748.91409,ang20190926t193117,/AVIRISNG/Permian2019/ang20190926t193117_r8967_c212_w151_h151,2019-09-26,2019-09-26 19:31:17+00:00,0,0,512,512,train,easy,gs://starcop/Permian/permian_2019_official/ang20190926t193117-5_r8967_c212_ctr.tif,True,"Window(col_off=-180, row_off=-180, width=512, height=512)"
ang20190924t174538_r9525_c70_w151_h151,ang20190924t174538-5,1744.57611,ang20190924t174538,/AVIRISNG/Permian2019/ang20190924t174538_r9525_c70_w151_h151,2019-09-24,2019-09-24 17:45:38+00:00,0,0,512,512,train,easy,gs://starcop/Permian/permian_2019_official/ang20190924t174538-5_r9525_c70_ctr.tif,True,"Window(col_off=-180, row_off=-180, width=512, height=512)"
ang20191010t155034_r17229_c293_w151_h151,ang20191010t155034-5,1719.8818,ang20191010t155034,/AVIRISNG/Permian2019/ang20191010t155034_r17229_c293_w151_h151,2019-10-10,2019-10-10 15:50:34+00:00,0,0,512,512,train,easy,gs://starcop/Permian/permian_2019_official/ang20191010t155034-5_r17229_c293_ctr.tif,True,"Window(col_off=-180, row_off=-180, width=512, height=512)"
ang20191011t154103_r8882_c570_w151_h151,ang20191011t154103-3,1713.02011,ang20191011t154103,/AVIRISNG/Permian2019/ang20191011t154103_r8882_c570_w151_h151,2019-10-11,2019-10-11 15:41:03+00:00,0,0,512,512,train,easy,gs://starcop/Permian/permian_2019_official/ang20191011t154103-3_r8882_c570_ctr.tif,True,"Window(col_off=-180, row_off=-180, width=512, height=512)"
ang20190927t160700_r2050_c493_w151_h151,ang20190927t160700-B,1711.366797,ang20190927t160700,/AVIRISNG/Permian2019/ang20190927t160700_r2050_c493_w151_h151,2019-09-27,2019-09-27 16:07:00+00:00,0,0,512,512,train,easy,gs://starcop/Permian/permian_2019_official/ang20190927t160700-B_r2050_c493_ctr.tif,True,"Window(col_off=-180, row_off=-180, width=512, height=512)"
ang20191016t190528_r8841_c607_w151_h151,ang20191016t190528-2,1696.71653,ang20191016t190528,/AVIRISNG/Permian2019/ang20191016t190528_r8841_c607_w151_h151,2019-10-16,2019-10-16 19:05:28+00:00,0,0,512,512,train,easy,gs://starcop/Permian/permian_2019_official/ang20191016t190528-2_r8841_c607_ctr.tif,True,"Window(col_off=-180, row_off=-180, width=512, height=512)"
ang20190927t194104_r2687_c139_w151_h151,ang20190927t194104-1,1694.22776,ang20190927t194104,/AVIRISNG/Permian2019/ang20190927t194104_r2687_c139_w151_h151,2019-09-27,2019-09-27 19:41:04+00:00,0,0,512,512,train,easy,gs://starcop/Permian/permian_2019_official/ang20190927t194104-1_r2687_c139_ctr.tif,True,"Window(col_off=-180, row_off=-180, width=512, height=512)"
ang20191011t172641_r6360_c318_w151_h151,ang20191011t172641-A,1687.212683,ang20191011t172641,/AVIRISNG/Permian2019/ang20191011t172641_r6360_c318_w151_h151,2019-10-11,2019-10-11 17:26:41+00:00,0,0,512,512,train,easy,gs://starcop/Permian/permian_2019_official/ang20191011t172641-A_r6360_c318_ctr.tif,True,"Window(col_off=-180, row_off=-180, width=512, height=512)"
ang20191017t144928_r8472_c569_w151_h151,ang20191017t144928-9,1645.9943,ang20191017t144928,/AVIRISNG/Permian2019/ang20191017t144928_r8472_c569_w151_h151,2019-10-17,2019-10-17 14:49:28+00:00,0,0,512,512,train,easy,gs://starcop/Permian/permian_2019_official/ang20191017t144928-9_r8472_c569_ctr.tif,True,"Window(col_off=-180, row_off=-180, width=512, height=512)"
ang20190923t190921_r4784_c487_w151_h151,ang20190923t190921-3,1632.80026,ang20190923t190921,/AVIRISNG/Permian2019/ang20190923t190921_r4784_c487_w151_h151,2019-09-23,2019-09-23 19:09:21+00:00,0,0,512,512,train,easy,gs://starcop/Permian/permian_2019_official/ang20190923t190921-3_r4784_c487_ctr.tif,True,"Window(col_off=-180, row_off=-180, width=512, height=512)"
ang20191016t145145_r9252_c461_w151_h151,ang20191016t145145-5,1630.91409,ang20191016t145145,/AVIRISNG/Permian2019/ang20191016t145145_r9252_c461_w151_h151,2019-10-16,2019-10-16 14:51:45+00:00,0,0,512,512,train,easy,gs://starcop/Permian/permian_2019_official/ang20191016t145145-5_r9252_c461_ctr.tif,True,"Window(col_off=-180, row_off=-180, width=512, height=512)"
ang20191010t152203_r12659_c122_w151_h151,ang20191010t152203-C,1619.643454,ang20191010t152203,/AVIRISNG/Permian2019/ang20191010t152203_r12659_c122_w151_h151,2019-10-10,2019-10-10 15:22:03+00:00,0,0,512,512,train,easy,gs://starcop/Permian/permian_2019_official/ang20191010t152203-C_r12659_c122_ctr.tif,True,"Window(col_off=-180, row_off=-180, width=512, height=512)"
ang20190927t192237_r9728_c425_w151_h151,ang20190927t192237-6,1613.1787,ang20190927t192237,/AVIRISNG/Permian2019/ang20190927t192237_r9728_c425_w151_h151,2019-09-27,2019-09-27 19:22:37+00:00,0,0,512,512,train,easy,gs://starcop/Permian/permian_2019_official/ang20190927t192237-6_r9728_c425_ctr.tif,True,"Window(col_off=-180, row_off=-180, width=512, height=512)"
ang20190927t154855_r6809_c182_w151_h151,ang20190927t154855-1,1613.11293,ang20190927t154855,/AVIRISNG/Permian2019/ang20190927t154855_r6809_c182_w151_h151,2019-09-27,2019-09-27 15:48:55+00:00,0,0,512,512,train,easy,gs://starcop/Permian/permian_2019_official/ang20190927t154855-1_r6809_c182_ctr.tif,True,"Window(col_off=-180, row_off=-180, width=512, height=512)"
ang20190926t223557_r4461_c372_w151_h151,ang20190926t223557-2,1611.16361,ang20190926t223557,/AVIRISNG/Permian2019/ang20190926t223557_r4461_c372_w151_h151,2019-09-26,2019-09-26 22:35:57+00:00,0,0,512,512,train,easy,gs://starcop/Permian/permian_2019_official/ang20190926t223557-2_r4461_c372_ctr.tif,True,"Window(col_off=-180, row_off=-180, width=512, height=512)"
ang20191006t153731_r2984_c74_w151_h151,ang20191006t153731-5,1609.77999,ang20191006t153731,/AVIRISNG/Permian2019/ang20191006t153731_r2984_c74_w151_h151,2019-10-06,2019-10-06 15:37:31+00:00,0,0,512,512,train,easy,gs://starcop/Permian/permian_2019_official/ang20191006t153731-5_r2984_c74_ctr.tif,True,"Window(col_off=-180, row_off=-180, width=512, height=512)"
ang20191011t194308_r4290_c195_w151_h151,ang20191011t194308-2,1603.57588,ang20191011t194308,/AVIRISNG/Permian2019/ang20191011t194308_r4290_c195_w151_h151,2019-10-11,2019-10-11 19:43:08+00:00,0,0,512,512,train,easy,gs://starcop/Permian/permian_2019_official/ang20191011t194308-2_r4290_c195_ctr.tif,True,"Window(col_off=-180, row_off=-180, width=512, height=512)"
ang20190927t160700_r6815_c355_w151_h151,ang20190927t160700-4,1602.89772,ang20190927t160700,/AVIRISNG/Permian2019/ang20190927t160700_r6815_c355_w151_h151,2019-09-27,2019-09-27 16:07:00+00:00,0,0,512,512,train,easy,gs://starcop/Permian/permian_2019_official/ang20190927t160700-4_r6815_c355_ctr.tif,True,"Window(col_off=-180, row_off=-180, width=512, height=512)"
ang20191010t155034_r17231_c293_w151_h151,ang20191010t155034-B,1588.409922,ang20191010t155034,/AVIRISNG/Permian2019/ang20191010t155034_r17231_c293_w151_h151,2019-10-10,2019-10-10 15:50:34+00:00,0,0,512,512,train,easy,gs://starcop/Permian/permian_2019_official/ang20191010t155034-B_r17231_c293_ctr.tif,True,"Window(col_off=-180, row_off=-180, width=512, height=512)"
ang20190927t182905_r2258_c142_w151_h151,ang20190927t182905-D,1583.012295,ang20190927t182905,/AVIRISNG/Permian2019/ang20190927t182905_r2258_c142_w151_h151,2019-09-27,2019-09-27 18:29:05+00:00,0,0,512,512,train,easy,gs://starcop/Permian/permian_2019_official/ang20190927t182905-D_r2258_c142_ctr.tif,True,"Window(col_off=-180, row_off=-180, width=512, height=512)"
ang20190923t170747_r3502_c419_w151_h151,ang20190923t170747-5,1582.97491,ang20190923t170747,/AVIRISNG/Permian2019/ang20190923t170747_r3502_c419_w151_h151,2019-09-23,2019-09-23 17:07:47+00:00,0,0,512,512,train,easy,gs://starcop/Permian/permian_2019_official/ang20190923t170747-5_r3502_c419_ctr.tif,True,"Window(col_off=-180, row_off=-180, width=512, height=512)"
ang20190928t190948_r3706_c242_w151_h151,ang20190928t190948-1,1574.10717,ang20190928t190948,/AVIRISNG/Permian2019/ang20190928t190948_r3706_c242_w151_h151,2019-09-28,2019-09-28 19:09:48+00:00,0,0,512,512,train,easy,gs://starcop/Permian/permian_2019_official/ang20190928t190948-1_r3706_c242_ctr.tif,True,"Window(col_off=-180, row_off=-180, width=512, height=512)"
ang20191008t172458_r15248_c287_w151_h151,ang20191008t172458-11,1561.3132,ang20191008t172458,/AVIRISNG/Permian2019/ang20191008t172458_r15248_c287_w151_h151,2019-10-08,2019-10-08 17:24:58+00:00,0,0,512,512,train,easy,gs://starcop/Permian/permian_2019_official/ang20191008t172458-11_r15248_c287_ctr.tif,True,"Window(col_off=-180, row_off=-180, width=512, height=512)"
ang20191010t182147_r9145_c341_w151_h151,ang20191010t182147-3,1549.47148,ang20191010t182147,/AVIRISNG/Permian2019/ang20191010t182147_r9145_c341_w151_h151,2019-10-10,2019-10-10 18:21:47+00:00,0,0,512,512,train,easy,gs://starcop/Permian/permian_2019_official/ang20191010t182147-3_r9145_c341_ctr.tif,True,"Window(col_off=-180, row_off=-180, width=512, height=512)"
ang20191022t151202_r2901_c413_w151_h151,ang20191022t151202-4,1547.32347,ang20191022t151202,/AVIRISNG/Permian2019/ang20191022t151202_r2901_c413_w151_h151,2019-10-22,2019-10-22 15:12:02+00:00,0,0,512,512,train,easy,gs://starcop/Permian/permian_2019_official/ang20191022t151202-4_r2901_c413_ctr.tif,True,"Window(col_off=-180, row_off=-180, width=512, height=512)"
ang20191022t175031_r6400_c441_w151_h151,ang20191022t175031-2,1540.05485,ang20191022t175031,/AVIRISNG/Permian2019/ang20191022t175031_r6400_c441_w151_h151,2019-10-22,2019-10-22 17:50:31+00:00,0,0,512,512,train,easy,gs://starcop/Permian/permian_2019_official/ang20191022t175031-2_r6400_c441_ctr.tif,True,"Window(col_off=-180, row_off=-180, width=512, height=512)"
ang20190927t153023_r2097_c16_w151_h151,ang20190927t153023-B,1533.921357,ang20190927t153023,/AVIRISNG/Permian2019/ang20190927t153023_r2097_c16_w151_h151,2019-09-27,2019-09-27 15:30:23+00:00,0,0,512,512,train,easy,gs://starcop/Permian/permian_2019_official/ang20190927t153023-B_r2097_c16_ctr.tif,True,"Window(col_off=-180, row_off=-180, width=512, height=512)"
ang20191011t154103_r2173_c178_w151_h151,ang20191011t154103-1,1529.87175,ang20191011t154103,/AVIRISNG/Permian2019/ang20191011t154103_r2173_c178_w151_h151,2019-10-11,2019-10-11 15:41:03+00:00,0,0,512,512,train,easy,gs://starcop/Permian/permian_2019_official/ang20191011t154103-1_r2173_c178_ctr.tif,True,"Window(col_off=-180, row_off=-180, width=512, height=512)"
ang20191010t193818_r5258_c337_w151_h151,ang20191010t193818-2,1525.07637,ang20191010t193818,/AVIRISNG/Permian2019/ang20191010t193818_r5258_c337_w151_h151,2019-10-10,2019-10-10 19:38:18+00:00,0,0,512,512,train,easy,gs://starcop/Permian/permian_2019_official/ang20191010t193818-2_r5258_c337_ctr.tif,True,"Window(col_off=-180, row_off=-180, width=512, height=512)"
ang20190928t190948_r8008_c591_w151_h151,ang20190928t190948-4,1517.23292,ang20190928t190948,/AVIRISNG/Permian2019/ang20190928t190948_r8008_c591_w151_h151,2019-09-28,2019-09-28 19:09:48+00:00,0,0,512,512,train,easy,gs://starcop/Permian/permian_2019_official/ang20190928t190948-4_r8008_c591_ctr.tif,True,"Window(col_off=-180, row_off=-180, width=512, height=512)"
ang20191022t150110_r6897_c137_w151_h151,ang20191022t150110-5,1515.49407,ang20191022t150110,/AVIRISNG/Permian2019/ang20191022t150110_r6897_c137_w151_h151,2019-10-22,2019-10-22 15:01:10+00:00,0,0,512,512,train,easy,gs://starcop/Permian/permian_2019_official/ang20191022t150110-5_r6897_c137_ctr.tif,True,"Window(col_off=-180, row_off=-180, width=512, height=512)"
ang20191022t190019_r6346_c386_w151_h151,ang20191022t190019-3,1512.57028,ang20191022t190019,/AVIRISNG/Permian2019/ang20191022t190019_r6346_c386_w151_h151,2019-10-22,2019-10-22 19:00:19+00:00,0,0,512,512,train,easy,gs://starcop/Permian/permian_2019_official/ang20191022t190019-3_r6346_c386_ctr.tif,True,"Window(col_off=-180, row_off=-180, width=512, height=512)"
ang20191023t151141_r9647_c396_w151_h151,ang20191023t151141-8,1494.41396,ang20191023t151141,/AVIRISNG/Permian2019/ang20191023t151141_r9647_c396_w151_h151,2019-10-23,2019-10-23 15:11:41+00:00,0,0,512,512,train,easy,gs://starcop/Permian/permian_2019_official/ang20191023t151141-8_r9647_c396_ctr.tif,True,"Window(col_off=-180, row_off=-180, width=512, height=512)"
ang20191011t181301_r526_c290_w151_h151,ang20191011t181301-1,1482.06935,ang20191011t181301,/AVIRISNG/Permian2019/ang20191011t181301_r526_c290_w151_h151,2019-10-11,2019-10-11 18:13:01+00:00,0,0,512,512,train,easy,gs://starcop/Permian/permian_2019_official/ang20191011t181301-1_r526_c290_ctr.tif,True,"Window(col_off=-180, row_off=-180, width=512, height=512)"
ang20191006t171344_r8193_c581_w151_h151,ang20191006t171344-J,1471.466515,ang20191006t171344,/AVIRISNG/Permian2019/ang20191006t171344_r8193_c581_w151_h151,2019-10-06,2019-10-06 17:13:44+00:00,0,0,512,512,train,easy,gs://starcop/Permian/permian_2019_official/ang20191006t171344-J_r8193_c581_ctr.tif,True,"Window(col_off=-180, row_off=-180, width=512, height=512)"
ang20191022t162321_r1260_c408_w151_h151,ang20191022t162321-1,1470.66149,ang20191022t162321,/AVIRISNG/Permian2019/ang20191022t162321_r1260_c408_w151_h151,2019-10-22,2019-10-22 16:23:21+00:00,0,0,512,512,train,easy,gs://starcop/Permian/permian_2019_official/ang20191022t162321-1_r1260_c408_ctr.tif,True,"Window(col_off=-180, row_off=-180, width=512, height=512)"
ang20190923t194235_r10418_c544_w151_h151,ang20190923t194235-5,1462.8549,ang20190923t194235,/AVIRISNG/Permian2019/ang20190923t194235_r10418_c544_w151_h151,2019-09-23,2019-09-23 19:42:35+00:00,0,0,512,512,train,easy,gs://starcop/Permian/permian_2019_official/ang20190923t194235-5_r10418_c544_ctr.tif,True,"Window(col_off=-180, row_off=-180, width=512, height=512)"
ang20190928t175550_r9174_c405_w151_h151,ang20190928t175550-3,1448.05089,ang20190928t175550,/AVIRISNG/Permian2019/ang20190928t175550_r9174_c405_w151_h151,2019-09-28,2019-09-28 17:55:50+00:00,0,0,512,512,train,easy,gs://starcop/Permian/permian_2019_official/ang20190928t175550-3_r9174_c405_ctr.tif,True,"Window(col_off=-180, row_off=-180, width=512, height=512)"
ang20191022t162321_r4946_c446_w151_h151,ang20191022t162321-5,1443.60123,ang20191022t162321,/AVIRISNG/Permian2019/ang20191022t162321_r4946_c446_w151_h151,2019-10-22,2019-10-22 16:23:21+00:00,0,0,512,512,train,easy,gs://starcop/Permian/permian_2019_official/ang20191022t162321-5_r4946_c446_ctr.tif,True,"Window(col_off=-180, row_off=-180, width=512, height=512)"
ang20191022t183431_r1386_c516_w151_h151,ang20191022t183431-1,1438.28335,ang20191022t183431,/AVIRISNG/Permian2019/ang20191022t183431_r1386_c516_w151_h151,2019-10-22,2019-10-22 18:34:31+00:00,0,0,512,512,train,easy,gs://starcop/Permian/permian_2019_official/ang20191022t183431-1_r1386_c516_ctr.tif,True,"Window(col_off=-180, row_off=-180, width=512, height=512)"
ang20191022t184525_r6382_c291_w151_h151,ang20191022t184525-4,1437.13695,ang20191022t184525,/AVIRISNG/Permian2019/ang20191022t184525_r6382_c291_w151_h151,2019-10-22,2019-10-22 18:45:25+00:00,0,0,512,512,train,easy,gs://starcop/Permian/permian_2019_official/ang20191022t184525-4_r6382_c291_ctr.tif,True,"Window(col_off=-180, row_off=-180, width=512, height=512)"
ang20191022t172245_r1376_c518_w151_h151,ang20191022t172245-2,1433.41707,ang20191022t172245,/AVIRISNG/Permian2019/ang20191022t172245_r1376_c518_w151_h151,2019-10-22,2019-10-22 17:22:45+00:00,0,0,512,512,train,easy,gs://starcop/Permian/permian_2019_official/ang20191022t172245-2_r1376_c518_ctr.tif,True,"Window(col_off=-180, row_off=-180, width=512, height=512)"
ang20191011t160043_r12279_c108_w151_h151,ang20191011t160043-4,1432.63581,ang20191011t160043,/AVIRISNG/Permian2019/ang20191011t160043_r12279_c108_w151_h151,2019-10-11,2019-10-11 16:00:43+00:00,0,0,512,512,train,easy,gs://starcop/Permian/permian_2019_official/ang20191011t160043-4_r12279_c108_ctr.tif,True,"Window(col_off=-180, row_off=-180, width=512, height=512)"
ang20191016t183045_r7208_c234_w151_h151,ang20191016t183045-2,1423.18302,ang20191016t183045,/AVIRISNG/Permian2019/ang20191016t183045_r7208_c234_w151_h151,2019-10-16,2019-10-16 18:30:45+00:00,0,0,512,512,train,easy,gs://starcop/Permian/permian_2019_official/ang20191016t183045-2_r7208_c234_ctr.tif,True,"Window(col_off=-180, row_off=-180, width=512, height=512)"
ang20191011t154103_r12233_c585_w151_h151,ang20191011t154103-4,1379.0287,ang20191011t154103,/AVIRISNG/Permian2019/ang20191011t154103_r12233_c585_w151_h151,2019-10-11,2019-10-11 15:41:03+00:00,0,0,512,512,train,easy,gs://starcop/Permian/permian_2019_official/ang20191011t154103-4_r12233_c585_ctr.tif,True,"Window(col_off=-180, row_off=-180, width=512, height=512)"
ang20191007t184008_r7400_c506_w151_h151,ang20191007t184008-2,1373.27978,ang20191007t184008,/AVIRISNG/Permian2019/ang20191007t184008_r7400_c506_w151_h151,2019-10-07,2019-10-07 18:40:08+00:00,0,0,512,512,train,easy,gs://starcop/Permian/permian_2019_official/ang20191007t184008-2_r7400_c506_ctr.tif,True,"Window(col_off=-180, row_off=-180, width=512, height=512)"
ang20191017t170330_r3852_c44_w151_h151,ang20191017t170330-2,1372.77785,ang20191017t170330,/AVIRISNG/Permian2019/ang20191017t170330_r3852_c44_w151_h151,2019-10-17,2019-10-17 17:03:30+00:00,0,0,512,512,train,easy,gs://starcop/Permian/permian_2019_official/ang20191017t170330-2_r3852_c44_ctr.tif,True,"Window(col_off=-180, row_off=-180, width=512, height=512)"
ang20191017t161837_r104_c95_w151_h151,ang20191017t161837-1,1371.90965,ang20191017t161837,/AVIRISNG/Permian2019/ang20191017t161837_r104_c95_w151_h151,2019-10-17,2019-10-17 16:18:37+00:00,0,0,512,512,train,easy,gs://starcop/Permian/permian_2019_official/ang20191017t161837-1_r104_c95_ctr.tif,True,"Window(col_off=-180, row_off=-180, width=512, height=512)"
ang20191011t174241_r403_c405_w151_h151,ang20191011t174241-1,1369.79751,ang20191011t174241,/AVIRISNG/Permian2019/ang20191011t174241_r403_c405_w151_h151,2019-10-11,2019-10-11 17:42:41+00:00,0,0,512,512,train,easy,gs://starcop/Permian/permian_2019_official/ang20191011t174241-1_r403_c405_ctr.tif,True,"Window(col_off=-180, row_off=-180, width=512, height=512)"
ang20190923t170747_r3144_c180_w151_h151,ang20190923t170747-4,1365.64517,ang20190923t170747,/AVIRISNG/Permian2019/ang20190923t170747_r3144_c180_w151_h151,2019-09-23,2019-09-23 17:07:47+00:00,0,0,512,512,train,easy,gs://starcop/Permian/permian_2019_official/ang20190923t170747-4_r3144_c180_ctr.tif,True,"Window(col_off=-180, row_off=-180, width=512, height=512)"
ang20191019t163936_r6711_c134_w151_h151,ang20191019t163936-3,1352.15033,ang20191019t163936,/AVIRISNG/Permian2019/ang20191019t163936_r6711_c134_w151_h151,2019-10-19,2019-10-19 16:39:36+00:00,0,0,512,512,train,easy,gs://starcop/Permian/permian_2019_official/ang20191019t163936-3_r6711_c134_ctr.tif,True,"Window(col_off=-180, row_off=-180, width=512, height=512)"
ang20191011t171218_r8732_c384_w151_h151,ang20191011t171218-1,1338.9385,ang20191011t171218,/AVIRISNG/Permian2019/ang20191011t171218_r8732_c384_w151_h151,2019-10-11,2019-10-11 17:12:18+00:00,0,0,512,512,train,easy,gs://starcop/Permian/permian_2019_official/ang20191011t171218-1_r8732_c384_ctr.tif,True,"Window(col_off=-180, row_off=-180, width=512, height=512)"
ang20191010t193818_r13416_c120_w151_h151,ang20191010t193818-E,1338.07924,ang20191010t193818,/AVIRISNG/Permian2019/ang20191010t193818_r13416_c120_w151_h151,2019-10-10,2019-10-10 19:38:18+00:00,0,0,512,512,train,easy,gs://starcop/Permian/permian_2019_official/ang20191010t193818-E_r13416_c120_ctr.tif,True,"Window(col_off=-180, row_off=-180, width=512, height=512)"
ang20191007t190840_r9101_c215_w151_h151,ang20191007t190840-3,1333.32228,ang20191007t190840,/AVIRISNG/Permian2019/ang20191007t190840_r9101_c215_w151_h151,2019-10-07,2019-10-07 19:08:40+00:00,0,0,512,512,train,easy,gs://starcop/Permian/permian_2019_official/ang20191007t190840-3_r9101_c215_ctr.tif,True,"Window(col_off=-180, row_off=-180, width=512, height=512)"
ang20190923t174142_r15306_c621_w151_h151,ang20190923t174142-22,1325.8317,ang20190923t174142,/AVIRISNG/Permian2019/ang20190923t174142_r15306_c621_w151_h151,2019-09-23,2019-09-23 17:41:42+00:00,0,0,512,512,train,easy,gs://starcop/Permian/permian_2019_official/ang20190923t174142-22_r15306_c621_ctr.tif,True,"Window(col_off=-180, row_off=-180, width=512, height=512)"
ang20190927t181142_r11202_c266_w151_h151,ang20190927t181142-2,1308.59624,ang20190927t181142,/AVIRISNG/Permian2019/ang20190927t181142_r11202_c266_w151_h151,2019-09-27,2019-09-27 18:11:42+00:00,0,0,512,512,train,easy,gs://starcop/Permian/permian_2019_official/ang20190927t181142-2_r11202_c266_ctr.tif,True,"Window(col_off=-180, row_off=-180, width=512, height=512)"
ang20191008t165855_r9654_c48_w151_h151,ang20191008t165855-3,1297.16333,ang20191008t165855,/AVIRISNG/Permian2019/ang20191008t165855_r9654_c48_w151_h151,2019-10-08,2019-10-08 16:58:55+00:00,0,0,512,512,train,easy,gs://starcop/Permian/permian_2019_official/ang20191008t165855-3_r9654_c48_ctr.tif,True,"Window(col_off=-180, row_off=-180, width=512, height=512)"
ang20191017t183448_r4279_c65_w151_h151,ang20191017t183448-2,1293.70677,ang20191017t183448,/AVIRISNG/Permian2019/ang20191017t183448_r4279_c65_w151_h151,2019-10-17,2019-10-17 18:34:48+00:00,0,0,512,512,train,easy,gs://starcop/Permian/permian_2019_official/ang20191017t183448-2_r4279_c65_ctr.tif,True,"Window(col_off=-180, row_off=-180, width=512, height=512)"
ang20191011t174241_r2478_c244_w151_h151,ang20191011t174241-3,1282.31443,ang20191011t174241,/AVIRISNG/Permian2019/ang20191011t174241_r2478_c244_w151_h151,2019-10-11,2019-10-11 17:42:41+00:00,0,0,512,512,train,easy,gs://starcop/Permian/permian_2019_official/ang20191011t174241-3_r2478_c244_ctr.tif,True,"Window(col_off=-180, row_off=-180, width=512, height=512)"
ang20191019t160518_r1073_c233_w151_h151,ang20191019t160518-1,1276.43617,ang20191019t160518,/AVIRISNG/Permian2019/ang20191019t160518_r1073_c233_w151_h151,2019-10-19,2019-10-19 16:05:18+00:00,0,0,512,512,train,easy,gs://starcop/Permian/permian_2019_official/ang20191019t160518-1_r1073_c233_ctr.tif,True,"Window(col_off=-180, row_off=-180, width=512, height=512)"
ang20191007t175016_r742_c418_w151_h151,ang20191007t175016-1,1271.36636,ang20191007t175016,/AVIRISNG/Permian2019/ang20191007t175016_r742_c418_w151_h151,2019-10-07,2019-10-07 17:50:16+00:00,0,0,512,512,train,easy,gs://starcop/Permian/permian_2019_official/ang20191007t175016-1_r742_c418_ctr.tif,True,"Window(col_off=-180, row_off=-180, width=512, height=512)"
ang20190927t184620_r7541_c401_w151_h151,ang20190927t184620-4,1269.52413,ang20190927t184620,/AVIRISNG/Permian2019/ang20190927t184620_r7541_c401_w151_h151,2019-09-27,2019-09-27 18:46:20+00:00,0,0,512,512,train,easy,gs://starcop/Permian/permian_2019_official/ang20190927t184620-4_r7541_c401_ctr.tif,True,"Window(col_off=-180, row_off=-180, width=512, height=512)"
ang20191023t151141_r9205_c186_w151_h151,ang20191023t151141-7,1266.55511,ang20191023t151141,/AVIRISNG/Permian2019/ang20191023t151141_r9205_c186_w151_h151,2019-10-23,2019-10-23 15:11:41+00:00,0,0,512,512,train,easy,gs://starcop/Permian/permian_2019_official/ang20191023t151141-7_r9205_c186_ctr.tif,True,"Window(col_off=-180, row_off=-180, width=512, height=512)"
ang20190926t174644_r3404_c97_w151_h151,ang20190926t174644-2,1255.80753,ang20190926t174644,/AVIRISNG/Permian2019/ang20190926t174644_r3404_c97_w151_h151,2019-09-26,2019-09-26 17:46:44+00:00,0,0,512,512,train,easy,gs://starcop/Permian/permian_2019_official/ang20190926t174644-2_r3404_c97_ctr.tif,True,"Window(col_off=-180, row_off=-180, width=512, height=512)"
ang20191006t182329_r9777_c254_w151_h151,ang20191006t182329-3,1253.09758,ang20191006t182329,/AVIRISNG/Permian2019/ang20191006t182329_r9777_c254_w151_h151,2019-10-06,2019-10-06 18:23:29+00:00,0,0,512,512,train,easy,gs://starcop/Permian/permian_2019_official/ang20191006t182329-3_r9777_c254_ctr.tif,True,"Window(col_off=-180, row_off=-180, width=512, height=512)"
ang20191019t162211_r1073_c232_w151_h151,ang20191019t162211-1,1253.05061,ang20191019t162211,/AVIRISNG/Permian2019/ang20191019t162211_r1073_c232_w151_h151,2019-10-19,2019-10-19 16:22:11+00:00,0,0,512,512,train,easy,gs://starcop/Permian/permian_2019_official/ang20191019t162211-1_r1073_c232_ctr.tif,True,"Window(col_off=-180, row_off=-180, width=512, height=512)"
ang20191019t145204_r3787_c202_w151_h151,ang20191019t145204-A,1250.051587,ang20191019t145204,/AVIRISNG/Permian2019/ang20191019t145204_r3787_c202_w151_h151,2019-10-19,2019-10-19 14:52:04+00:00,0,0,512,512,train,easy,gs://starcop/Permian/permian_2019_official/ang20191019t145204-A_r3787_c202_ctr.tif,True,"Window(col_off=-180, row_off=-180, width=512, height=512)"
ang20191006t183904_r9558_c232_w151_h151,ang20191006t183904-5,1249.35896,ang20191006t183904,/AVIRISNG/Permian2019/ang20191006t183904_r9558_c232_w151_h151,2019-10-06,2019-10-06 18:39:04+00:00,0,0,512,512,train,easy,gs://starcop/Permian/permian_2019_official/ang20191006t183904-5_r9558_c232_ctr.tif,True,"Window(col_off=-180, row_off=-180, width=512, height=512)"
ang20190927t151239_r8627_c19_w151_h151,ang20190927t151239-B,1246.606953,ang20190927t151239,/AVIRISNG/Permian2019/ang20190927t151239_r8627_c19_w151_h151,2019-09-27,2019-09-27 15:12:39+00:00,0,0,512,512,train,easy,gs://starcop/Permian/permian_2019_official/ang20190927t151239-B_r8627_c19_ctr.tif,True,"Window(col_off=-180, row_off=-180, width=512, height=512)"
ang20191019t164827_r7007_c179_w151_h151,ang20191019t164827-3,1243.62872,ang20191019t164827,/AVIRISNG/Permian2019/ang20191019t164827_r7007_c179_w151_h151,2019-10-19,2019-10-19 16:48:27+00:00,0,0,512,512,train,easy,gs://starcop/Permian/permian_2019_official/ang20191019t164827-3_r7007_c179_ctr.tif,True,"Window(col_off=-180, row_off=-180, width=512, height=512)"
ang20191011t175712_r2748_c214_w151_h151,ang20191011t175712-A,1241.006881,ang20191011t175712,/AVIRISNG/Permian2019/ang20191011t175712_r2748_c214_w151_h151,2019-10-11,2019-10-11 17:57:12+00:00,0,0,512,512,train,easy,gs://starcop/Permian/permian_2019_official/ang20191011t175712-A_r2748_c214_ctr.tif,True,"Window(col_off=-180, row_off=-180, width=512, height=512)"
ang20191006t191332_r8717_c568_w151_h151,ang20191006t191332-A,1238.290001,ang20191006t191332,/AVIRISNG/Permian2019/ang20191006t191332_r8717_c568_w151_h151,2019-10-06,2019-10-06 19:13:32+00:00,0,0,512,512,train,easy,gs://starcop/Permian/permian_2019_official/ang20191006t191332-A_r8717_c568_ctr.tif,True,"Window(col_off=-180, row_off=-180, width=512, height=512)"
ang20191019t162211_r6712_c129_w151_h151,ang20191019t162211-4,1231.77319,ang20191019t162211,/AVIRISNG/Permian2019/ang20191019t162211_r6712_c129_w151_h151,2019-10-19,2019-10-19 16:22:11+00:00,0,0,512,512,train,easy,gs://starcop/Permian/permian_2019_official/ang20191019t162211-4_r6712_c129_ctr.tif,True,"Window(col_off=-180, row_off=-180, width=512, height=512)"
ang20191016t152245_r10397_c218_w151_h151,ang20191016t152245-7,1223.48177,ang20191016t152245,/AVIRISNG/Permian2019/ang20191016t152245_r10397_c218_w151_h151,2019-10-16,2019-10-16 15:22:45+00:00,0,0,512,512,train,easy,gs://starcop/Permian/permian_2019_official/ang20191016t152245-7_r10397_c218_ctr.tif,True,"Window(col_off=-180, row_off=-180, width=512, height=512)"
ang20191022t190019_r6904_c397_w151_h151,ang20191022t190019-4,1216.22649,ang20191022t190019,/AVIRISNG/Permian2019/ang20191022t190019_r6904_c397_w151_h151,2019-10-22,2019-10-22 19:00:19+00:00,0,0,512,512,train,easy,gs://starcop/Permian/permian_2019_official/ang20191022t190019-4_r6904_c397_ctr.tif,True,"Window(col_off=-180, row_off=-180, width=512, height=512)"
ang20191023t142135_r14078_c478_w151_h151,ang20191023t142135-B,1211.149443,ang20191023t142135,/AVIRISNG/Permian2019/ang20191023t142135_r14078_c478_w151_h151,2019-10-23,2019-10-23 14:21:35+00:00,0,0,512,512,train,easy,gs://starcop/Permian/permian_2019_official/ang20191023t142135-B_r14078_c478_ctr.tif,True,"Window(col_off=-180, row_off=-180, width=512, height=512)"
ang20191011t163647_r3757_c310_w151_h151,ang20191011t163647-B,1209.006451,ang20191011t163647,/AVIRISNG/Permian2019/ang20191011t163647_r3757_c310_w151_h151,2019-10-11,2019-10-11 16:36:47+00:00,0,0,512,512,train,easy,gs://starcop/Permian/permian_2019_official/ang20191011t163647-B_r3757_c310_ctr.tif,True,"Window(col_off=-180, row_off=-180, width=512, height=512)"
ang20191022t163722_r2878_c451_w151_h151,ang20191022t163722-1,1207.85716,ang20191022t163722,/AVIRISNG/Permian2019/ang20191022t163722_r2878_c451_w151_h151,2019-10-22,2019-10-22 16:37:22+00:00,0,0,512,512,train,easy,gs://starcop/Permian/permian_2019_official/ang20191022t163722-1_r2878_c451_ctr.tif,True,"Window(col_off=-180, row_off=-180, width=512, height=512)"
ang20191017t143318_r8763_c581_w151_h151,ang20191017t143318-23,1199.42569,ang20191017t143318,/AVIRISNG/Permian2019/ang20191017t143318_r8763_c581_w151_h151,2019-10-17,2019-10-17 14:33:18+00:00,0,0,512,512,train,easy,gs://starcop/Permian/permian_2019_official/ang20191017t143318-23_r8763_c581_ctr.tif,True,"Window(col_off=-180, row_off=-180, width=512, height=512)"
ang20191011t185825_r1311_c79_w151_h151,ang20191011t185825-1,1193.60796,ang20191011t185825,/AVIRISNG/Permian2019/ang20191011t185825_r1311_c79_w151_h151,2019-10-11,2019-10-11 18:58:25+00:00,0,0,512,512,train,easy,gs://starcop/Permian/permian_2019_official/ang20191011t185825-1_r1311_c79_ctr.tif,True,"Window(col_off=-180, row_off=-180, width=512, height=512)"
ang20191017t182024_r2581_c205_w151_h151,ang20191017t182024-2,1193.57179,ang20191017t182024,/AVIRISNG/Permian2019/ang20191017t182024_r2581_c205_w151_h151,2019-10-17,2019-10-17 18:20:24+00:00,0,0,512,512,train,easy,gs://starcop/Permian/permian_2019_official/ang20191017t182024-2_r2581_c205_ctr.tif,True,"Window(col_off=-180, row_off=-180, width=512, height=512)"
ang20191007t200647_r3963_c159_w151_h151,ang20191007t200647-C,1192.675573,ang20191007t200647,/AVIRISNG/Permian2019/ang20191007t200647_r3963_c159_w151_h151,2019-10-07,2019-10-07 20:06:47+00:00,0,0,512,512,train,easy,gs://starcop/Permian/permian_2019_official/ang20191007t200647-C_r3963_c159_ctr.tif,True,"Window(col_off=-180, row_off=-180, width=512, height=512)"
ang20191011t152413_r9481_c326_w151_h151,ang20191011t152413-A,1189.020413,ang20191011t152413,/AVIRISNG/Permian2019/ang20191011t152413_r9481_c326_w151_h151,2019-10-11,2019-10-11 15:24:13+00:00,0,0,512,512,train,easy,gs://starcop/Permian/permian_2019_official/ang20191011t152413-A_r9481_c326_ctr.tif,True,"Window(col_off=-180, row_off=-180, width=512, height=512)"
ang20191011t175712_r6672_c132_w151_h151,ang20191011t175712-K,1186.916156,ang20191011t175712,/AVIRISNG/Permian2019/ang20191011t175712_r6672_c132_w151_h151,2019-10-11,2019-10-11 17:57:12+00:00,0,0,512,512,train,easy,gs://starcop/Permian/permian_2019_official/ang20191011t175712-K_r6672_c132_ctr.tif,True,"Window(col_off=-180, row_off=-180, width=512, height=512)"
ang20191022t190019_r3031_c431_w151_h151,ang20191022t190019-1,1182.83019,ang20191022t190019,/AVIRISNG/Permian2019/ang20191022t190019_r3031_c431_w151_h151,2019-10-22,2019-10-22 19:00:19+00:00,0,0,512,512,train,easy,gs://starcop/Permian/permian_2019_official/ang20191022t190019-1_r3031_c431_ctr.tif,True,"Window(col_off=-180, row_off=-180, width=512, height=512)"
ang20191011t160043_r8918_c91_w151_h151,ang20191011t160043-2,1179.97091,ang20191011t160043,/AVIRISNG/Permian2019/ang20191011t160043_r8918_c91_w151_h151,2019-10-11,2019-10-11 16:00:43+00:00,0,0,512,512,train,easy,gs://starcop/Permian/permian_2019_official/ang20191011t160043-2_r8918_c91_ctr.tif,True,"Window(col_off=-180, row_off=-180, width=512, height=512)"
ang20191008t160209_r5898_c517_w151_h151,ang20191008t160209-B,1178.445969,ang20191008t160209,/AVIRISNG/Permian2019/ang20191008t160209_r5898_c517_w151_h151,2019-10-08,2019-10-08 16:02:09+00:00,0,0,512,512,train,easy,gs://starcop/Permian/permian_2019_official/ang20191008t160209-B_r5898_c517_ctr.tif,True,"Window(col_off=-180, row_off=-180, width=512, height=512)"
ang20191022t162321_r3494_c460_w151_h151,ang20191022t162321-3,1175.37074,ang20191022t162321,/AVIRISNG/Permian2019/ang20191022t162321_r3494_c460_w151_h151,2019-10-22,2019-10-22 16:23:21+00:00,0,0,512,512,train,easy,gs://starcop/Permian/permian_2019_official/ang20191022t162321-3_r3494_c460_ctr.tif,True,"Window(col_off=-180, row_off=-180, width=512, height=512)"
ang20191011t185825_r1553_c386_w151_h151,ang20191011t185825-A,1170.334982,ang20191011t185825,/AVIRISNG/Permian2019/ang20191011t185825_r1553_c386_w151_h151,2019-10-11,2019-10-11 18:58:25+00:00,0,0,512,512,train,easy,gs://starcop/Permian/permian_2019_official/ang20191011t185825-A_r1553_c386_ctr.tif,True,"Window(col_off=-180, row_off=-180, width=512, height=512)"
ang20191019t161418_r6978_c183_w151_h151,ang20191019t161418-3,1168.61009,ang20191019t161418,/AVIRISNG/Permian2019/ang20191019t161418_r6978_c183_w151_h151,2019-10-19,2019-10-19 16:14:18+00:00,0,0,512,512,train,easy,gs://starcop/Permian/permian_2019_official/ang20191019t161418-3_r6978_c183_ctr.tif,True,"Window(col_off=-180, row_off=-180, width=512, height=512)"
ang20191016t152245_r2093_c108_w151_h151,ang20191016t152245-1,1167.41088,ang20191016t152245,/AVIRISNG/Permian2019/ang20191016t152245_r2093_c108_w151_h151,2019-10-16,2019-10-16 15:22:45+00:00,0,0,512,512,train,easy,gs://starcop/Permian/permian_2019_official/ang20191016t152245-1_r2093_c108_ctr.tif,True,"Window(col_off=-180, row_off=-180, width=512, height=512)"
ang20191006t180341_r5236_c208_w151_h151,ang20191006t180341-2,1165.98107,ang20191006t180341,/AVIRISNG/Permian2019/ang20191006t180341_r5236_c208_w151_h151,2019-10-06,2019-10-06 18:03:41+00:00,0,0,512,512,train,easy,gs://starcop/Permian/permian_2019_official/ang20191006t180341-2_r5236_c208_ctr.tif,True,"Window(col_off=-180, row_off=-180, width=512, height=512)"
ang20190927t173620_r3817_c258_w151_h151,ang20190927t173620-2,1160.18995,ang20190927t173620,/AVIRISNG/Permian2019/ang20190927t173620_r3817_c258_w151_h151,2019-09-27,2019-09-27 17:36:20+00:00,0,0,512,512,train,easy,gs://starcop/Permian/permian_2019_official/ang20190927t173620-2_r3817_c258_ctr.tif,True,"Window(col_off=-180, row_off=-180, width=512, height=512)"
ang20191016t165454_r3889_c557_w151_h151,ang20191016t165454-4,1159.82901,ang20191016t165454,/AVIRISNG/Permian2019/ang20191016t165454_r3889_c557_w151_h151,2019-10-16,2019-10-16 16:54:54+00:00,0,0,512,512,train,easy,gs://starcop/Permian/permian_2019_official/ang20191016t165454-4_r3889_c557_ctr.tif,True,"Window(col_off=-180, row_off=-180, width=512, height=512)"
ang20191016t184817_r8999_c125_w151_h151,ang20191016t184817-1,1153.90474,ang20191016t184817,/AVIRISNG/Permian2019/ang20191016t184817_r8999_c125_w151_h151,2019-10-16,2019-10-16 18:48:17+00:00,0,0,512,512,train,easy,gs://starcop/Permian/permian_2019_official/ang20191016t184817-1_r8999_c125_ctr.tif,True,"Window(col_off=-180, row_off=-180, width=512, height=512)"
ang20191023t162847_r7610_c492_w151_h151,ang20191023t162847-2,1152.62259,ang20191023t162847,/AVIRISNG/Permian2019/ang20191023t162847_r7610_c492_w151_h151,2019-10-23,2019-10-23 16:28:47+00:00,0,0,512,512,train,easy,gs://starcop/Permian/permian_2019_official/ang20191023t162847-2_r7610_c492_ctr.tif,True,"Window(col_off=-180, row_off=-180, width=512, height=512)"
ang20191016t162417_r1290_c217_w151_h151,ang20191016t162417-1,1152.02825,ang20191016t162417,/AVIRISNG/Permian2019/ang20191016t162417_r1290_c217_w151_h151,2019-10-16,2019-10-16 16:24:17+00:00,0,0,512,512,train,easy,gs://starcop/Permian/permian_2019_official/ang20191016t162417-1_r1290_c217_ctr.tif,True,"Window(col_off=-180, row_off=-180, width=512, height=512)"
ang20191011t185825_r8204_c158_w151_h151,ang20191011t185825-6,1147.06262,ang20191011t185825,/AVIRISNG/Permian2019/ang20191011t185825_r8204_c158_w151_h151,2019-10-11,2019-10-11 18:58:25+00:00,0,0,512,512,train,easy,gs://starcop/Permian/permian_2019_official/ang20191011t185825-6_r8204_c158_ctr.tif,True,"Window(col_off=-180, row_off=-180, width=512, height=512)"
ang20191017t170330_r3895_c90_w151_h151,ang20191017t170330-I,1146.413505,ang20191017t170330,/AVIRISNG/Permian2019/ang20191017t170330_r3895_c90_w151_h151,2019-10-17,2019-10-17 17:03:30+00:00,0,0,512,512,train,easy,gs://starcop/Permian/permian_2019_official/ang20191017t170330-I_r3895_c90_ctr.tif,True,"Window(col_off=-180, row_off=-180, width=512, height=512)"
ang20191022t172245_r2610_c395_w151_h151,ang20191022t172245-5,1145.46976,ang20191022t172245,/AVIRISNG/Permian2019/ang20191022t172245_r2610_c395_w151_h151,2019-10-22,2019-10-22 17:22:45+00:00,0,0,512,512,train,easy,gs://starcop/Permian/permian_2019_official/ang20191022t172245-5_r2610_c395_ctr.tif,True,"Window(col_off=-180, row_off=-180, width=512, height=512)"
ang20191019t155740_r7062_c414_w151_h151,ang20191019t155740-4,1132.48054,ang20191019t155740,/AVIRISNG/Permian2019/ang20191019t155740_r7062_c414_w151_h151,2019-10-19,2019-10-19 15:57:40+00:00,0,0,512,512,train,easy,gs://starcop/Permian/permian_2019_official/ang20191019t155740-4_r7062_c414_ctr.tif,True,"Window(col_off=-180, row_off=-180, width=512, height=512)"
ang20191017t164928_r389_c481_w151_h151,ang20191017t164928-1,1131.45064,ang20191017t164928,/AVIRISNG/Permian2019/ang20191017t164928_r389_c481_w151_h151,2019-10-17,2019-10-17 16:49:28+00:00,0,0,512,512,train,easy,gs://starcop/Permian/permian_2019_official/ang20191017t164928-1_r389_c481_ctr.tif,True,"Window(col_off=-180, row_off=-180, width=512, height=512)"
ang20191022t151202_r1965_c338_w151_h151,ang20191022t151202-3,1128.25064,ang20191022t151202,/AVIRISNG/Permian2019/ang20191022t151202_r1965_c338_w151_h151,2019-10-22,2019-10-22 15:12:02+00:00,0,0,512,512,train,easy,gs://starcop/Permian/permian_2019_official/ang20191022t151202-3_r1965_c338_ctr.tif,True,"Window(col_off=-180, row_off=-180, width=512, height=512)"
ang20191022t154405_r6601_c531_w151_h151,ang20191022t154405-7,1125.45639,ang20191022t154405,/AVIRISNG/Permian2019/ang20191022t154405_r6601_c531_w151_h151,2019-10-22,2019-10-22 15:44:05+00:00,0,0,512,512,train,easy,gs://starcop/Permian/permian_2019_official/ang20191022t154405-7_r6601_c531_ctr.tif,True,"Window(col_off=-180, row_off=-180, width=512, height=512)"
ang20191016t153826_r8208_c199_w151_h151,ang20191016t153826-7,1120.47036,ang20191016t153826,/AVIRISNG/Permian2019/ang20191016t153826_r8208_c199_w151_h151,2019-10-16,2019-10-16 15:38:26+00:00,0,0,512,512,train,easy,gs://starcop/Permian/permian_2019_official/ang20191016t153826-7_r8208_c199_ctr.tif,True,"Window(col_off=-180, row_off=-180, width=512, height=512)"
ang20190923t174142_r9431_c547_w151_h151,ang20190923t174142-16,1120.37959,ang20190923t174142,/AVIRISNG/Permian2019/ang20190923t174142_r9431_c547_w151_h151,2019-09-23,2019-09-23 17:41:42+00:00,0,0,512,512,train,easy,gs://starcop/Permian/permian_2019_official/ang20190923t174142-16_r9431_c547_ctr.tif,True,"Window(col_off=-180, row_off=-180, width=512, height=512)"
ang20191019t161418_r1203_c286_w151_h151,ang20191019t161418-1,1118.984,ang20191019t161418,/AVIRISNG/Permian2019/ang20191019t161418_r1203_c286_w151_h151,2019-10-19,2019-10-19 16:14:18+00:00,0,0,512,512,train,easy,gs://starcop/Permian/permian_2019_official/ang20191019t161418-1_r1203_c286_ctr.tif,True,"Window(col_off=-180, row_off=-180, width=512, height=512)"
ang20191006t191332_r4222_c393_w151_h151,ang20191006t191332-2,1118.47502,ang20191006t191332,/AVIRISNG/Permian2019/ang20191006t191332_r4222_c393_w151_h151,2019-10-06,2019-10-06 19:13:32+00:00,0,0,512,512,train,easy,gs://starcop/Permian/permian_2019_official/ang20191006t191332-2_r4222_c393_ctr.tif,True,"Window(col_off=-180, row_off=-180, width=512, height=512)"
ang20190926t184029_r11413_c159_w151_h151,ang20190926t184029-5,1117.67458,ang20190926t184029,/AVIRISNG/Permian2019/ang20190926t184029_r11413_c159_w151_h151,2019-09-26,2019-09-26 18:40:29+00:00,0,0,512,512,train,easy,gs://starcop/Permian/permian_2019_official/ang20190926t184029-5_r11413_c159_ctr.tif,True,"Window(col_off=-180, row_off=-180, width=512, height=512)"
ang20190926t191417_r11115_c421_w151_h151,ang20190926t191417-5,1111.36052,ang20190926t191417,/AVIRISNG/Permian2019/ang20190926t191417_r11115_c421_w151_h151,2019-09-26,2019-09-26 19:14:17+00:00,0,0,512,512,train,easy,gs://starcop/Permian/permian_2019_official/ang20190926t191417-5_r11115_c421_ctr.tif,True,"Window(col_off=-180, row_off=-180, width=512, height=512)"
ang20191019t160518_r6709_c134_w151_h151,ang20191019t160518-3,1104.67438,ang20191019t160518,/AVIRISNG/Permian2019/ang20191019t160518_r6709_c134_w151_h151,2019-10-19,2019-10-19 16:05:18+00:00,0,0,512,512,train,easy,gs://starcop/Permian/permian_2019_official/ang20191019t160518-3_r6709_c134_ctr.tif,True,"Window(col_off=-180, row_off=-180, width=512, height=512)"
ang20191022t181138_r3978_c64_w151_h151,ang20191022t181138-5,1097.7532,ang20191022t181138,/AVIRISNG/Permian2019/ang20191022t181138_r3978_c64_w151_h151,2019-10-22,2019-10-22 18:11:38+00:00,0,0,512,512,train,easy,gs://starcop/Permian/permian_2019_official/ang20191022t181138-5_r3978_c64_ctr.tif,True,"Window(col_off=-180, row_off=-180, width=512, height=512)"
ang20190928t190948_r3463_c508_w151_h151,ang20190928t190948-2,1094.89269,ang20190928t190948,/AVIRISNG/Permian2019/ang20190928t190948_r3463_c508_w151_h151,2019-09-28,2019-09-28 19:09:48+00:00,0,0,512,512,train,easy,gs://starcop/Permian/permian_2019_official/ang20190928t190948-2_r3463_c508_ctr.tif,True,"Window(col_off=-180, row_off=-180, width=512, height=512)"
ang20191007t175016_r1376_c245_w151_h151,ang20191007t175016-A,1089.281584,ang20191007t175016,/AVIRISNG/Permian2019/ang20191007t175016_r1376_c245_w151_h151,2019-10-07,2019-10-07 17:50:16+00:00,0,0,512,512,train,easy,gs://starcop/Permian/permian_2019_official/ang20191007t175016-A_r1376_c245_ctr.tif,True,"Window(col_off=-180, row_off=-180, width=512, height=512)"
ang20191022t172245_r3222_c491_w151_h151,ang20191022t172245-7,1088.49016,ang20191022t172245,/AVIRISNG/Permian2019/ang20191022t172245_r3222_c491_w151_h151,2019-10-22,2019-10-22 17:22:45+00:00,0,0,512,512,train,easy,gs://starcop/Permian/permian_2019_official/ang20191022t172245-7_r3222_c491_ctr.tif,True,"Window(col_off=-180, row_off=-180, width=512, height=512)"
ang20191006t183904_r8739_c281_w151_h151,ang20191006t183904-4,1088.25638,ang20191006t183904,/AVIRISNG/Permian2019/ang20191006t183904_r8739_c281_w151_h151,2019-10-06,2019-10-06 18:39:04+00:00,0,0,512,512,train,easy,gs://starcop/Permian/permian_2019_official/ang20191006t183904-4_r8739_c281_ctr.tif,True,"Window(col_off=-180, row_off=-180, width=512, height=512)"
ang20191022t172245_r2296_c338_w151_h151,ang20191022t172245-4,1087.00898,ang20191022t172245,/AVIRISNG/Permian2019/ang20191022t172245_r2296_c338_w151_h151,2019-10-22,2019-10-22 17:22:45+00:00,0,0,512,512,train,easy,gs://starcop/Permian/permian_2019_official/ang20191022t172245-4_r2296_c338_ctr.tif,True,"Window(col_off=-180, row_off=-180, width=512, height=512)"
ang20191007t180411_r242_c360_w151_h151,ang20191007t180411-1,1084.55606,ang20191007t180411,/AVIRISNG/Permian2019/ang20191007t180411_r242_c360_w151_h151,2019-10-07,2019-10-07 18:04:11+00:00,0,0,512,512,train,easy,gs://starcop/Permian/permian_2019_official/ang20191007t180411-1_r242_c360_ctr.tif,True,"Window(col_off=-180, row_off=-180, width=512, height=512)"
ang20191011t174241_r7242_c516_w151_h151,ang20191011t174241-7,1084.29961,ang20191011t174241,/AVIRISNG/Permian2019/ang20191011t174241_r7242_c516_w151_h151,2019-10-11,2019-10-11 17:42:41+00:00,0,0,512,512,train,easy,gs://starcop/Permian/permian_2019_official/ang20191011t174241-7_r7242_c516_ctr.tif,True,"Window(col_off=-180, row_off=-180, width=512, height=512)"
ang20191023t155808_r10511_c37_w151_h151,ang20191023t155808-4,1082.84365,ang20191023t155808,/AVIRISNG/Permian2019/ang20191023t155808_r10511_c37_w151_h151,2019-10-23,2019-10-23 15:58:08+00:00,0,0,512,512,train,easy,gs://starcop/Permian/permian_2019_official/ang20191023t155808-4_r10511_c37_ctr.tif,True,"Window(col_off=-180, row_off=-180, width=512, height=512)"
ang20191011t172641_r2908_c427_w151_h151,ang20191011t172641-3,1082.69267,ang20191011t172641,/AVIRISNG/Permian2019/ang20191011t172641_r2908_c427_w151_h151,2019-10-11,2019-10-11 17:26:41+00:00,0,0,512,512,train,easy,gs://starcop/Permian/permian_2019_official/ang20191011t172641-3_r2908_c427_ctr.tif,True,"Window(col_off=-180, row_off=-180, width=512, height=512)"
ang20191019t152610_r3873_c193_w151_h151,ang20191019t152610-B,1079.337085,ang20191019t152610,/AVIRISNG/Permian2019/ang20191019t152610_r3873_c193_w151_h151,2019-10-19,2019-10-19 15:26:10+00:00,0,0,512,512,train,easy,gs://starcop/Permian/permian_2019_official/ang20191019t152610-B_r3873_c193_ctr.tif,True,"Window(col_off=-180, row_off=-180, width=512, height=512)"
ang20191008t165855_r13182_c90_w151_h151,ang20191008t165855-5,1074.84189,ang20191008t165855,/AVIRISNG/Permian2019/ang20191008t165855_r13182_c90_w151_h151,2019-10-08,2019-10-08 16:58:55+00:00,0,0,512,512,train,easy,gs://starcop/Permian/permian_2019_official/ang20191008t165855-5_r13182_c90_ctr.tif,True,"Window(col_off=-180, row_off=-180, width=512, height=512)"
ang20191011t175712_r6346_c50_w151_h151,ang20191011t175712-5,1074.76921,ang20191011t175712,/AVIRISNG/Permian2019/ang20191011t175712_r6346_c50_w151_h151,2019-10-11,2019-10-11 17:57:12+00:00,0,0,512,512,train,easy,gs://starcop/Permian/permian_2019_official/ang20191011t175712-5_r6346_c50_ctr.tif,True,"Window(col_off=-180, row_off=-180, width=512, height=512)"
ang20191007t193705_r7017_c270_w151_h151,ang20191007t193705-3,1072.26254,ang20191007t193705,/AVIRISNG/Permian2019/ang20191007t193705_r7017_c270_w151_h151,2019-10-07,2019-10-07 19:37:05+00:00,0,0,512,512,train,easy,gs://starcop/Permian/permian_2019_official/ang20191007t193705-3_r7017_c270_ctr.tif,True,"Window(col_off=-180, row_off=-180, width=512, height=512)"
ang20190923t190921_r7029_c212_w151_h151,ang20190923t190921-5,1070.42914,ang20190923t190921,/AVIRISNG/Permian2019/ang20190923t190921_r7029_c212_w151_h151,2019-09-23,2019-09-23 19:09:21+00:00,0,0,512,512,train,easy,gs://starcop/Permian/permian_2019_official/ang20190923t190921-5_r7029_c212_ctr.tif,True,"Window(col_off=-180, row_off=-180, width=512, height=512)"
ang20191019t151749_r3851_c242_w151_h151,ang20191019t151749-1,1065.25732,ang20191019t151749,/AVIRISNG/Permian2019/ang20191019t151749_r3851_c242_w151_h151,2019-10-19,2019-10-19 15:17:49+00:00,0,0,512,512,train,easy,gs://starcop/Permian/permian_2019_official/ang20191019t151749-1_r3851_c242_ctr.tif,True,"Window(col_off=-180, row_off=-180, width=512, height=512)"
ang20191017t160033_r9358_c86_w151_h151,ang20191017t160033-7,1057.59091,ang20191017t160033,/AVIRISNG/Permian2019/ang20191017t160033_r9358_c86_w151_h151,2019-10-17,2019-10-17 16:00:33+00:00,0,0,512,512,train,easy,gs://starcop/Permian/permian_2019_official/ang20191017t160033-7_r9358_c86_ctr.tif,True,"Window(col_off=-180, row_off=-180, width=512, height=512)"
ang20191022t194943_r16197_c776_w151_h151,ang20191022t194943-8,1055.15789,ang20191022t194943,/AVIRISNG/Permian2019/ang20191022t194943_r16197_c776_w151_h151,2019-10-22,2019-10-22 19:49:43+00:00,0,0,512,512,train,easy,gs://starcop/Permian/permian_2019_official/ang20191022t194943-8_r16197_c776_ctr.tif,True,"Window(col_off=-180, row_off=-180, width=512, height=512)"
ang20190922t203229_r7371_c312_w151_h151,ang20190922t203229-A,1054.020943,ang20190922t203229,/AVIRISNG/Permian2019/ang20190922t203229_r7371_c312_w151_h151,2019-09-22,2019-09-22 20:32:29+00:00,0,0,512,512,train,easy,gs://starcop/Permian/permian_2019_official/ang20190922t203229-A_r7371_c312_ctr.tif,True,"Window(col_off=-180, row_off=-180, width=512, height=512)"
ang20190928t181405_r6351_c299_w151_h151,ang20190928t181405-3,1052.49907,ang20190928t181405,/AVIRISNG/Permian2019/ang20190928t181405_r6351_c299_w151_h151,2019-09-28,2019-09-28 18:14:05+00:00,0,0,512,512,train,easy,gs://starcop/Permian/permian_2019_official/ang20190928t181405-3_r6351_c299_ctr.tif,True,"Window(col_off=-180, row_off=-180, width=512, height=512)"
ang20190922t192642_r6423_c113_w151_h151,ang20190922t192642-5,1051.9096,ang20190922t192642,/AVIRISNG/Permian2019/ang20190922t192642_r6423_c113_w151_h151,2019-09-22,2019-09-22 19:26:42+00:00,0,0,512,512,train,easy,gs://starcop/Permian/permian_2019_official/ang20190922t192642-5_r6423_c113_ctr.tif,True,"Window(col_off=-180, row_off=-180, width=512, height=512)"
ang20191008t153517_r7561_c474_w151_h151,ang20191008t153517-A,1049.781607,ang20191008t153517,/AVIRISNG/Permian2019/ang20191008t153517_r7561_c474_w151_h151,2019-10-08,2019-10-08 15:35:17+00:00,0,0,512,512,train,easy,gs://starcop/Permian/permian_2019_official/ang20191008t153517-A_r7561_c474_ctr.tif,True,"Window(col_off=-180, row_off=-180, width=512, height=512)"
ang20191006t183904_r9884_c569_w151_h151,ang20191006t183904-E,1049.043003,ang20191006t183904,/AVIRISNG/Permian2019/ang20191006t183904_r9884_c569_w151_h151,2019-10-06,2019-10-06 18:39:04+00:00,0,0,512,512,train,easy,gs://starcop/Permian/permian_2019_official/ang20191006t183904-E_r9884_c569_ctr.tif,True,"Window(col_off=-180, row_off=-180, width=512, height=512)"
ang20191022t190019_r6299_c84_w151_h151,ang20191022t190019-2,1048.60839,ang20191022t190019,/AVIRISNG/Permian2019/ang20191022t190019_r6299_c84_w151_h151,2019-10-22,2019-10-22 19:00:19+00:00,0,0,512,512,train,easy,gs://starcop/Permian/permian_2019_official/ang20191022t190019-2_r6299_c84_ctr.tif,True,"Window(col_off=-180, row_off=-180, width=512, height=512)"
ang20191008t160209_r5967_c574_w151_h151,ang20191008t160209-C,1047.606629,ang20191008t160209,/AVIRISNG/Permian2019/ang20191008t160209_r5967_c574_w151_h151,2019-10-08,2019-10-08 16:02:09+00:00,0,0,512,512,train,easy,gs://starcop/Permian/permian_2019_official/ang20191008t160209-C_r5967_c574_ctr.tif,True,"Window(col_off=-180, row_off=-180, width=512, height=512)"
ang20190927t190436_r6480_c506_w151_h151,ang20190927t190436-2,1039.1628,ang20190927t190436,/AVIRISNG/Permian2019/ang20190927t190436_r6480_c506_w151_h151,2019-09-27,2019-09-27 19:04:36+00:00,0,0,512,512,train,easy,gs://starcop/Permian/permian_2019_official/ang20190927t190436-2_r6480_c506_ctr.tif,True,"Window(col_off=-180, row_off=-180, width=512, height=512)"
ang20191016t145145_r5096_c300_w151_h151,ang20191016t145145-3,1032.59853,ang20191016t145145,/AVIRISNG/Permian2019/ang20191016t145145_r5096_c300_w151_h151,2019-10-16,2019-10-16 14:51:45+00:00,0,0,512,512,train,easy,gs://starcop/Permian/permian_2019_official/ang20191016t145145-3_r5096_c300_ctr.tif,True,"Window(col_off=-180, row_off=-180, width=512, height=512)"
ang20191006t150453_r4168_c237_w151_h151,ang20191006t150453-6,1032.39503,ang20191006t150453,/AVIRISNG/Permian2019/ang20191006t150453_r4168_c237_w151_h151,2019-10-06,2019-10-06 15:04:53+00:00,0,0,512,512,train,easy,gs://starcop/Permian/permian_2019_official/ang20191006t150453-6_r4168_c237_ctr.tif,True,"Window(col_off=-180, row_off=-180, width=512, height=512)"
ang20191023t145837_r9504_c353_w151_h151,ang20191023t145837-8,1029.92022,ang20191023t145837,/AVIRISNG/Permian2019/ang20191023t145837_r9504_c353_w151_h151,2019-10-23,2019-10-23 14:58:37+00:00,0,0,512,512,train,easy,gs://starcop/Permian/permian_2019_official/ang20191023t145837-8_r9504_c353_ctr.tif,True,"Window(col_off=-180, row_off=-180, width=512, height=512)"
ang20191016t184817_r9016_c619_w151_h151,ang20191016t184817-2,1025.79449,ang20191016t184817,/AVIRISNG/Permian2019/ang20191016t184817_r9016_c619_w151_h151,2019-10-16,2019-10-16 18:48:17+00:00,0,0,512,512,train,easy,gs://starcop/Permian/permian_2019_official/ang20191016t184817-2_r9016_c619_ctr.tif,True,"Window(col_off=-180, row_off=-180, width=512, height=512)"
ang20190923t185208_r3001_c276_w151_h151,ang20190923t185208-1,1021.17792,ang20190923t185208,/AVIRISNG/Permian2019/ang20190923t185208_r3001_c276_w151_h151,2019-09-23,2019-09-23 18:52:08+00:00,0,0,512,512,train,easy,gs://starcop/Permian/permian_2019_official/ang20190923t185208-1_r3001_c276_ctr.tif,True,"Window(col_off=-180, row_off=-180, width=512, height=512)"
ang20191016t172526_r1632_c333_w151_h151,ang20191016t172526-1,1019.96127,ang20191016t172526,/AVIRISNG/Permian2019/ang20191016t172526_r1632_c333_w151_h151,2019-10-16,2019-10-16 17:25:26+00:00,0,0,512,512,train,easy,gs://starcop/Permian/permian_2019_official/ang20191016t172526-1_r1632_c333_ctr.tif,True,"Window(col_off=-180, row_off=-180, width=512, height=512)"
ang20190928t183313_r6764_c114_w151_h151,ang20190928t183313-B,1018.642741,ang20190928t183313,/AVIRISNG/Permian2019/ang20190928t183313_r6764_c114_w151_h151,2019-09-28,2019-09-28 18:33:13+00:00,0,0,512,512,train,easy,gs://starcop/Permian/permian_2019_official/ang20190928t183313-B_r6764_c114_ctr.tif,True,"Window(col_off=-180, row_off=-180, width=512, height=512)"
ang20191017t163235_r5863_c421_w151_h151,ang20191017t163235-1,1013.36878,ang20191017t163235,/AVIRISNG/Permian2019/ang20191017t163235_r5863_c421_w151_h151,2019-10-17,2019-10-17 16:32:35+00:00,0,0,512,512,train,easy,gs://starcop/Permian/permian_2019_official/ang20191017t163235-1_r5863_c421_ctr.tif,True,"Window(col_off=-180, row_off=-180, width=512, height=512)"
ang20190926t174644_r4660_c175_w151_h151,ang20190926t174644-3,1012.5479,ang20190926t174644,/AVIRISNG/Permian2019/ang20190926t174644_r4660_c175_w151_h151,2019-09-26,2019-09-26 17:46:44+00:00,0,0,512,512,train,easy,gs://starcop/Permian/permian_2019_official/ang20190926t174644-3_r4660_c175_ctr.tif,True,"Window(col_off=-180, row_off=-180, width=512, height=512)"
ang20191006t183904_r5785_c464_w151_h151,ang20191006t183904-B,1008.277839,ang20191006t183904,/AVIRISNG/Permian2019/ang20191006t183904_r5785_c464_w151_h151,2019-10-06,2019-10-06 18:39:04+00:00,0,0,512,512,train,easy,gs://starcop/Permian/permian_2019_official/ang20191006t183904-B_r5785_c464_ctr.tif,True,"Window(col_off=-180, row_off=-180, width=512, height=512)"
ang20191019t155740_r6736_c262_w151_h151,ang20191019t155740-3,1001.38144,ang20191019t155740,/AVIRISNG/Permian2019/ang20191019t155740_r6736_c262_w151_h151,2019-10-19,2019-10-19 15:57:40+00:00,0,0,512,512,train,easy,gs://starcop/Permian/permian_2019_official/ang20191019t155740-3_r6736_c262_ctr.tif,True,"Window(col_off=-180, row_off=-180, width=512, height=512)"
ang20190926t185727_r1703_c372_w151_h151,ang20190926t185727-1,1000.84429,ang20190926t185727,/AVIRISNG/Permian2019/ang20190926t185727_r1703_c372_w151_h151,2019-09-26,2019-09-26 18:57:27+00:00,0,0,512,512,train,easy,gs://starcop/Permian/permian_2019_official/ang20190926t185727-1_r1703_c372_ctr.tif,True,"Window(col_off=-180, row_off=-180, width=512, height=512)"
ang20191019t182848_r3423_c266_w151_h151,ang20191019t182848-2,995.967887,ang20191019t182848,/AVIRISNG/Permian2019/ang20191019t182848_r3423_c266_w151_h151,2019-10-19,2019-10-19 18:28:48+00:00,0,0,512,512,train,hard,gs://starcop/Permian/permian_2019_official/ang20191019t182848-2_r3423_c266_ctr.tif,True,"Window(col_off=-180, row_off=-180, width=512, height=512)"
ang20191022t165908_r1361_c422_w151_h151,ang20191022t165908-C,992.9183695,ang20191022t165908,/AVIRISNG/Permian2019/ang20191022t165908_r1361_c422_w151_h151,2019-10-22,2019-10-22 16:59:08+00:00,0,0,512,512,train,hard,gs://starcop/Permian/permian_2019_official/ang20191022t165908-C_r1361_c422_ctr.tif,True,"Window(col_off=-180, row_off=-180, width=512, height=512)"
ang20191012t155942_r1395_c500_w151_h151,ang20191012t155942-A,985.3510502,ang20191012t155942,/AVIRISNG/Permian2019/ang20191012t155942_r1395_c500_w151_h151,2019-10-12,2019-10-12 15:59:42+00:00,0,0,512,512,train,hard,gs://starcop/Permian/permian_2019_official/ang20191012t155942-A_r1395_c500_ctr.tif,True,"Window(col_off=-180, row_off=-180, width=512, height=512)"
ang20191017t173348_r6534_c221_w151_h151,ang20191017t173348-1,982.728469,ang20191017t173348,/AVIRISNG/Permian2019/ang20191017t173348_r6534_c221_w151_h151,2019-10-17,2019-10-17 17:33:48+00:00,0,0,512,512,train,hard,gs://starcop/Permian/permian_2019_official/ang20191017t173348-1_r6534_c221_ctr.tif,True,"Window(col_off=-180, row_off=-180, width=512, height=512)"
ang20191019t150925_r3870_c199_w151_h151,ang20191019t150925-2,980.078039,ang20191019t150925,/AVIRISNG/Permian2019/ang20191019t150925_r3870_c199_w151_h151,2019-10-19,2019-10-19 15:09:25+00:00,0,0,512,512,train,hard,gs://starcop/Permian/permian_2019_official/ang20191019t150925-2_r3870_c199_ctr.tif,True,"Window(col_off=-180, row_off=-180, width=512, height=512)"
ang20191023t154154_r2212_c386_w151_h151,ang20191023t154154-4,979.725051,ang20191023t154154,/AVIRISNG/Permian2019/ang20191023t154154_r2212_c386_w151_h151,2019-10-23,2019-10-23 15:41:54+00:00,0,0,512,512,train,hard,gs://starcop/Permian/permian_2019_official/ang20191023t154154-4_r2212_c386_ctr.tif,True,"Window(col_off=-180, row_off=-180, width=512, height=512)"
ang20191022t173357_r1714_c356_w151_h151,ang20191022t173357-3,979.430489,ang20191022t173357,/AVIRISNG/Permian2019/ang20191022t173357_r1714_c356_w151_h151,2019-10-22,2019-10-22 17:33:57+00:00,0,0,512,512,train,hard,gs://starcop/Permian/permian_2019_official/ang20191022t173357-3_r1714_c356_ctr.tif,True,"Window(col_off=-180, row_off=-180, width=512, height=512)"
ang20191017t150903_r13213_c599_w151_h151,ang20191017t150903-13,978.306724,ang20191017t150903,/AVIRISNG/Permian2019/ang20191017t150903_r13213_c599_w151_h151,2019-10-17,2019-10-17 15:09:03+00:00,0,0,512,512,train,hard,gs://starcop/Permian/permian_2019_official/ang20191017t150903-13_r13213_c599_ctr.tif,True,"Window(col_off=-180, row_off=-180, width=512, height=512)"
ang20191016t181351_r2486_c336_w151_h151,ang20191016t181351-1,977.62529,ang20191016t181351,/AVIRISNG/Permian2019/ang20191016t181351_r2486_c336_w151_h151,2019-10-16,2019-10-16 18:13:51+00:00,0,0,512,512,train,hard,gs://starcop/Permian/permian_2019_official/ang20191016t181351-1_r2486_c336_ctr.tif,True,"Window(col_off=-180, row_off=-180, width=512, height=512)"
ang20191007t182352_r7110_c565_w151_h151,ang20191007t182352-4,973.482802,ang20191007t182352,/AVIRISNG/Permian2019/ang20191007t182352_r7110_c565_w151_h151,2019-10-07,2019-10-07 18:23:52+00:00,0,0,512,512,train,hard,gs://starcop/Permian/permian_2019_official/ang20191007t182352-4_r7110_c565_ctr.tif,True,"Window(col_off=-180, row_off=-180, width=512, height=512)"
ang20191010t155034_r9718_c40_w151_h151,ang20191010t155034-D,968.0456365,ang20191010t155034,/AVIRISNG/Permian2019/ang20191010t155034_r9718_c40_w151_h151,2019-10-10,2019-10-10 15:50:34+00:00,0,0,512,512,train,hard,gs://starcop/Permian/permian_2019_official/ang20191010t155034-D_r9718_c40_ctr.tif,True,"Window(col_off=-180, row_off=-180, width=512, height=512)"
ang20191016t183045_r8868_c31_w151_h151,ang20191016t183045-3,967.217716,ang20191016t183045,/AVIRISNG/Permian2019/ang20191016t183045_r8868_c31_w151_h151,2019-10-16,2019-10-16 18:30:45+00:00,0,0,512,512,train,hard,gs://starcop/Permian/permian_2019_official/ang20191016t183045-3_r8868_c31_ctr.tif,True,"Window(col_off=-180, row_off=-180, width=512, height=512)"
ang20190928t181405_r7180_c179_w151_h151,ang20190928t181405-4,967.146736,ang20190928t181405,/AVIRISNG/Permian2019/ang20190928t181405_r7180_c179_w151_h151,2019-09-28,2019-09-28 18:14:05+00:00,0,0,512,512,train,hard,gs://starcop/Permian/permian_2019_official/ang20190928t181405-4_r7180_c179_ctr.tif,True,"Window(col_off=-180, row_off=-180, width=512, height=512)"
ang20191008t172458_r2271_c325_w151_h151,ang20191008t172458-J,965.7386519,ang20191008t172458,/AVIRISNG/Permian2019/ang20191008t172458_r2271_c325_w151_h151,2019-10-08,2019-10-08 17:24:58+00:00,0,0,512,512,train,hard,gs://starcop/Permian/permian_2019_official/ang20191008t172458-J_r2271_c325_ctr.tif,True,"Window(col_off=-180, row_off=-180, width=512, height=512)"
ang20190927t153023_r6716_c561_w151_h151,ang20190927t153023-4,962.079967,ang20190927t153023,/AVIRISNG/Permian2019/ang20190927t153023_r6716_c561_w151_h151,2019-09-27,2019-09-27 15:30:23+00:00,0,0,512,512,train,hard,gs://starcop/Permian/permian_2019_official/ang20190927t153023-4_r6716_c561_ctr.tif,True,"Window(col_off=-180, row_off=-180, width=512, height=512)"
ang20191011t175712_r4190_c93_w151_h151,ang20191011t175712-2,953.689461,ang20191011t175712,/AVIRISNG/Permian2019/ang20191011t175712_r4190_c93_w151_h151,2019-10-11,2019-10-11 17:57:12+00:00,0,0,512,512,train,hard,gs://starcop/Permian/permian_2019_official/ang20191011t175712-2_r4190_c93_ctr.tif,True,"Window(col_off=-180, row_off=-180, width=512, height=512)"
ang20191016t171023_r5662_c534_w151_h151,ang20191016t171023-6,952.604508,ang20191016t171023,/AVIRISNG/Permian2019/ang20191016t171023_r5662_c534_w151_h151,2019-10-16,2019-10-16 17:10:23+00:00,0,0,512,512,train,hard,gs://starcop/Permian/permian_2019_official/ang20191016t171023-6_r5662_c534_ctr.tif,True,"Window(col_off=-180, row_off=-180, width=512, height=512)"
ang20190926t220008_r4696_c281_w151_h151,ang20190926t220008-3,952.517153,ang20190926t220008,/AVIRISNG/Permian2019/ang20190926t220008_r4696_c281_w151_h151,2019-09-26,2019-09-26 22:00:08+00:00,0,0,512,512,train,hard,gs://starcop/Permian/permian_2019_official/ang20190926t220008-3_r4696_c281_ctr.tif,True,"Window(col_off=-180, row_off=-180, width=512, height=512)"
ang20190926t180335_r1642_c349_w151_h151,ang20190926t180335-1,936.65357,ang20190926t180335,/AVIRISNG/Permian2019/ang20190926t180335_r1642_c349_w151_h151,2019-09-26,2019-09-26 18:03:35+00:00,0,0,512,512,train,hard,gs://starcop/Permian/permian_2019_official/ang20190926t180335-1_r1642_c349_ctr.tif,True,"Window(col_off=-180, row_off=-180, width=512, height=512)"
ang20190923t163307_r4113_c198_w151_h151,ang20190923t163307-G,934.4303004,ang20190923t163307,/AVIRISNG/Permian2019/ang20190923t163307_r4113_c198_w151_h151,2019-09-23,2019-09-23 16:33:07+00:00,0,0,512,512,train,hard,gs://starcop/Permian/permian_2019_official/ang20190923t163307-G_r4113_c198_ctr.tif,True,"Window(col_off=-180, row_off=-180, width=512, height=512)"
ang20190927t192237_r8612_c512_w151_h151,ang20190927t192237-5,934.120365,ang20190927t192237,/AVIRISNG/Permian2019/ang20190927t192237_r8612_c512_w151_h151,2019-09-27,2019-09-27 19:22:37+00:00,0,0,512,512,train,hard,gs://starcop/Permian/permian_2019_official/ang20190927t192237-5_r8612_c512_ctr.tif,True,"Window(col_off=-180, row_off=-180, width=512, height=512)"
ang20191016t162417_r11186_c275_w151_h151,ang20191016t162417-7,933.473633,ang20191016t162417,/AVIRISNG/Permian2019/ang20191016t162417_r11186_c275_w151_h151,2019-10-16,2019-10-16 16:24:17+00:00,0,0,512,512,train,hard,gs://starcop/Permian/permian_2019_official/ang20191016t162417-7_r11186_c275_ctr.tif,True,"Window(col_off=-180, row_off=-180, width=512, height=512)"
ang20191006t165608_r673_c64_w151_h151,ang20191006t165608-1,931.763672,ang20191006t165608,/AVIRISNG/Permian2019/ang20191006t165608_r673_c64_w151_h151,2019-10-06,2019-10-06 16:56:08+00:00,0,0,512,512,train,hard,gs://starcop/Permian/permian_2019_official/ang20191006t165608-1_r673_c64_ctr.tif,True,"Window(col_off=-180, row_off=-180, width=512, height=512)"
ang20191023t165811_r10555_c522_w151_h151,ang20191023t165811-9,929.275108,ang20191023t165811,/AVIRISNG/Permian2019/ang20191023t165811_r10555_c522_w151_h151,2019-10-23,2019-10-23 16:58:11+00:00,0,0,512,512,train,hard,gs://starcop/Permian/permian_2019_official/ang20191023t165811-9_r10555_c522_ctr.tif,True,"Window(col_off=-180, row_off=-180, width=512, height=512)"
ang20190926t182043_r12429_c322_w151_h151,ang20190926t182043-8,922.870425,ang20190926t182043,/AVIRISNG/Permian2019/ang20190926t182043_r12429_c322_w151_h151,2019-09-26,2019-09-26 18:20:43+00:00,0,0,512,512,train,hard,gs://starcop/Permian/permian_2019_official/ang20190926t182043-8_r12429_c322_ctr.tif,True,"Window(col_off=-180, row_off=-180, width=512, height=512)"
ang20190926t184029_r2205_c535_w151_h151,ang20190926t184029-3,912.859719,ang20190926t184029,/AVIRISNG/Permian2019/ang20190926t184029_r2205_c535_w151_h151,2019-09-26,2019-09-26 18:40:29+00:00,0,0,512,512,train,hard,gs://starcop/Permian/permian_2019_official/ang20190926t184029-3_r2205_c535_ctr.tif,True,"Window(col_off=-180, row_off=-180, width=512, height=512)"
ang20191017t182024_r2076_c173_w151_h151,ang20191017t182024-F,912.8303187,ang20191017t182024,/AVIRISNG/Permian2019/ang20191017t182024_r2076_c173_w151_h151,2019-10-17,2019-10-17 18:20:24+00:00,0,0,512,512,train,hard,gs://starcop/Permian/permian_2019_official/ang20191017t182024-F_r2076_c173_ctr.tif,True,"Window(col_off=-180, row_off=-180, width=512, height=512)"
ang20191012t154800_r3870_c1399_w151_h151,ang20191012t154800-A,910.0147792,ang20191012t154800,/AVIRISNG/Permian2019/ang20191012t154800_r3870_c1399_w151_h151,2019-10-12,2019-10-12 15:48:00+00:00,0,0,512,512,train,hard,gs://starcop/Permian/permian_2019_official/ang20191012t154800-A_r3870_c1399_ctr.tif,True,"Window(col_off=-180, row_off=-180, width=512, height=512)"
ang20191016t162417_r2337_c13_w151_h151,ang20191016t162417-D,908.8666553,ang20191016t162417,/AVIRISNG/Permian2019/ang20191016t162417_r2337_c13_w151_h151,2019-10-16,2019-10-16 16:24:17+00:00,0,0,512,512,train,hard,gs://starcop/Permian/permian_2019_official/ang20191016t162417-D_r2337_c13_ctr.tif,True,"Window(col_off=-180, row_off=-180, width=512, height=512)"
ang20191016t153826_r7748_c125_w151_h151,ang20191016t153826-5,906.951928,ang20191016t153826,/AVIRISNG/Permian2019/ang20191016t153826_r7748_c125_w151_h151,2019-10-16,2019-10-16 15:38:26+00:00,0,0,512,512,train,hard,gs://starcop/Permian/permian_2019_official/ang20191016t153826-5_r7748_c125_ctr.tif,True,"Window(col_off=-180, row_off=-180, width=512, height=512)"
ang20191017t143318_r9463_c250_w151_h151,ang20191017t143318-29,905.023044,ang20191017t143318,/AVIRISNG/Permian2019/ang20191017t143318_r9463_c250_w151_h151,2019-10-17,2019-10-17 14:33:18+00:00,0,0,512,512,train,hard,gs://starcop/Permian/permian_2019_official/ang20191017t143318-29_r9463_c250_ctr.tif,True,"Window(col_off=-180, row_off=-180, width=512, height=512)"
ang20190927t151239_r8891_c128_w151_h151,ang20190927t151239-3,904.294862,ang20190927t151239,/AVIRISNG/Permian2019/ang20190927t151239_r8891_c128_w151_h151,2019-09-27,2019-09-27 15:12:39+00:00,0,0,512,512,train,hard,gs://starcop/Permian/permian_2019_official/ang20190927t151239-3_r8891_c128_ctr.tif,True,"Window(col_off=-180, row_off=-180, width=512, height=512)"
ang20191007t195115_r10270_c37_w151_h151,ang20191007t195115-5,900.080639,ang20191007t195115,/AVIRISNG/Permian2019/ang20191007t195115_r10270_c37_w151_h151,2019-10-07,2019-10-07 19:51:15+00:00,0,0,512,512,train,hard,gs://starcop/Permian/permian_2019_official/ang20191007t195115-5_r10270_c37_ctr.tif,True,"Window(col_off=-180, row_off=-180, width=512, height=512)"
ang20190927t173620_r10796_c542_w151_h151,ang20190927t173620-4,899.178387,ang20190927t173620,/AVIRISNG/Permian2019/ang20190927t173620_r10796_c542_w151_h151,2019-09-27,2019-09-27 17:36:20+00:00,0,0,512,512,train,hard,gs://starcop/Permian/permian_2019_official/ang20190927t173620-4_r10796_c542_ctr.tif,True,"Window(col_off=-180, row_off=-180, width=512, height=512)"
ang20191016t153826_r1379_c184_w151_h151,ang20191016t153826-2,898.945206,ang20191016t153826,/AVIRISNG/Permian2019/ang20191016t153826_r1379_c184_w151_h151,2019-10-16,2019-10-16 15:38:26+00:00,0,0,512,512,train,hard,gs://starcop/Permian/permian_2019_official/ang20191016t153826-2_r1379_c184_ctr.tif,True,"Window(col_off=-180, row_off=-180, width=512, height=512)"
ang20191016t155337_r434_c90_w151_h151,ang20191016t155337-1,897.338438,ang20191016t155337,/AVIRISNG/Permian2019/ang20191016t155337_r434_c90_w151_h151,2019-10-16,2019-10-16 15:53:37+00:00,0,0,512,512,train,hard,gs://starcop/Permian/permian_2019_official/ang20191016t155337-1_r434_c90_ctr.tif,True,"Window(col_off=-180, row_off=-180, width=512, height=512)"
ang20191016t162417_r2247_c531_w151_h151,ang20191016t162417-3,895.067115,ang20191016t162417,/AVIRISNG/Permian2019/ang20191016t162417_r2247_c531_w151_h151,2019-10-16,2019-10-16 16:24:17+00:00,0,0,512,512,train,hard,gs://starcop/Permian/permian_2019_official/ang20191016t162417-3_r2247_c531_ctr.tif,True,"Window(col_off=-180, row_off=-180, width=512, height=512)"
ang20191007t200647_r10915_c606_w151_h151,ang20191007t200647-J,895.0346982,ang20191007t200647,/AVIRISNG/Permian2019/ang20191007t200647_r10915_c606_w151_h151,2019-10-07,2019-10-07 20:06:47+00:00,0,0,512,512,train,hard,gs://starcop/Permian/permian_2019_official/ang20191007t200647-J_r10915_c606_ctr.tif,True,"Window(col_off=-180, row_off=-180, width=512, height=512)"
ang20190926t184029_r1824_c307_w151_h151,ang20190926t184029-H,890.0119327,ang20190926t184029,/AVIRISNG/Permian2019/ang20190926t184029_r1824_c307_w151_h151,2019-09-26,2019-09-26 18:40:29+00:00,0,0,512,512,train,hard,gs://starcop/Permian/permian_2019_official/ang20190926t184029-H_r1824_c307_ctr.tif,True,"Window(col_off=-180, row_off=-180, width=512, height=512)"
ang20191013t192848_r3233_c79_w151_h151,ang20191013t192848-A,889.2246754,ang20191013t192848,/AVIRISNG/Permian2019/ang20191013t192848_r3233_c79_w151_h151,2019-10-13,2019-10-13 19:28:48+00:00,0,0,512,512,train,hard,gs://starcop/Permian/permian_2019_official/ang20191013t192848-A_r3233_c79_ctr.tif,True,"Window(col_off=-180, row_off=-180, width=512, height=512)"
ang20190926t152524_r7296_c498_w151_h151,ang20190926t152524-A,882.56483,ang20190926t152524,/AVIRISNG/Permian2019/ang20190926t152524_r7296_c498_w151_h151,2019-09-26,2019-09-26 15:25:24+00:00,0,0,512,512,train,hard,gs://starcop/Permian/permian_2019_official/ang20190926t152524-A_r7296_c498_ctr.tif,True,"Window(col_off=-180, row_off=-180, width=512, height=512)"
ang20191013t192848_r3231_c76_w151_h151,ang20191013t192848-4,879.095996,ang20191013t192848,/AVIRISNG/Permian2019/ang20191013t192848_r3231_c76_w151_h151,2019-10-13,2019-10-13 19:28:48+00:00,0,0,512,512,train,hard,gs://starcop/Permian/permian_2019_official/ang20191013t192848-4_r3231_c76_ctr.tif,True,"Window(col_off=-180, row_off=-180, width=512, height=512)"
ang20191011t175712_r4487_c553_w151_h151,ang20191011t175712-3,877.532987,ang20191011t175712,/AVIRISNG/Permian2019/ang20191011t175712_r4487_c553_w151_h151,2019-10-11,2019-10-11 17:57:12+00:00,0,0,512,512,train,hard,gs://starcop/Permian/permian_2019_official/ang20191011t175712-3_r4487_c553_ctr.tif,True,"Window(col_off=-180, row_off=-180, width=512, height=512)"
ang20190926t191417_r12888_c186_w151_h151,ang20190926t191417-6,875.4103,ang20190926t191417,/AVIRISNG/Permian2019/ang20190926t191417_r12888_c186_w151_h151,2019-09-26,2019-09-26 19:14:17+00:00,0,0,512,512,train,hard,gs://starcop/Permian/permian_2019_official/ang20190926t191417-6_r12888_c186_ctr.tif,True,"Window(col_off=-180, row_off=-180, width=512, height=512)"
ang20190924t165509_r1701_c451_w151_h151,ang20190924t165509-1,874.760587,ang20190924t165509,/AVIRISNG/Permian2019/ang20190924t165509_r1701_c451_w151_h151,2019-09-24,2019-09-24 16:55:09+00:00,0,0,512,512,train,hard,gs://starcop/Permian/permian_2019_official/ang20190924t165509-1_r1701_c451_ctr.tif,True,"Window(col_off=-180, row_off=-180, width=512, height=512)"
ang20190922t194340_r2642_c324_w151_h151,ang20190922t194340-2,870.605019,ang20190922t194340,/AVIRISNG/Permian2019/ang20190922t194340_r2642_c324_w151_h151,2019-09-22,2019-09-22 19:43:40+00:00,0,0,512,512,train,hard,gs://starcop/Permian/permian_2019_official/ang20190922t194340-2_r2642_c324_ctr.tif,True,"Window(col_off=-180, row_off=-180, width=512, height=512)"
ang20191016t160914_r2265_c52_w151_h151,ang20191016t160914-2,867.036124,ang20191016t160914,/AVIRISNG/Permian2019/ang20191016t160914_r2265_c52_w151_h151,2019-10-16,2019-10-16 16:09:14+00:00,0,0,512,512,train,hard,gs://starcop/Permian/permian_2019_official/ang20191016t160914-2_r2265_c52_ctr.tif,True,"Window(col_off=-180, row_off=-180, width=512, height=512)"
ang20191016t153826_r8086_c273_w151_h151,ang20191016t153826-C,862.6847567,ang20191016t153826,/AVIRISNG/Permian2019/ang20191016t153826_r8086_c273_w151_h151,2019-10-16,2019-10-16 15:38:26+00:00,0,0,512,512,train,hard,gs://starcop/Permian/permian_2019_official/ang20191016t153826-C_r8086_c273_ctr.tif,True,"Window(col_off=-180, row_off=-180, width=512, height=512)"
ang20191022t183431_r2737_c338_w151_h151,ang20191022t183431-3,859.303733,ang20191022t183431,/AVIRISNG/Permian2019/ang20191022t183431_r2737_c338_w151_h151,2019-10-22,2019-10-22 18:34:31+00:00,0,0,512,512,train,hard,gs://starcop/Permian/permian_2019_official/ang20191022t183431-3_r2737_c338_ctr.tif,True,"Window(col_off=-180, row_off=-180, width=512, height=512)"
ang20191011t182731_r7883_c390_w151_h151,ang20191011t182731-2,852.112397,ang20191011t182731,/AVIRISNG/Permian2019/ang20191011t182731_r7883_c390_w151_h151,2019-10-11,2019-10-11 18:27:31+00:00,0,0,512,512,train,hard,gs://starcop/Permian/permian_2019_official/ang20191011t182731-2_r7883_c390_ctr.tif,True,"Window(col_off=-180, row_off=-180, width=512, height=512)"
ang20190926t160016_r9206_c85_w151_h151,ang20190926t160016-2,852.090745,ang20190926t160016,/AVIRISNG/Permian2019/ang20190926t160016_r9206_c85_w151_h151,2019-09-26,2019-09-26 16:00:16+00:00,0,0,512,512,train,hard,gs://starcop/Permian/permian_2019_official/ang20190926t160016-2_r9206_c85_ctr.tif,True,"Window(col_off=-180, row_off=-180, width=512, height=512)"
ang20191016t163955_r6769_c182_w151_h151,ang20191016t163955-7,849.407667,ang20191016t163955,/AVIRISNG/Permian2019/ang20191016t163955_r6769_c182_w151_h151,2019-10-16,2019-10-16 16:39:55+00:00,0,0,512,512,train,hard,gs://starcop/Permian/permian_2019_official/ang20191016t163955-7_r6769_c182_ctr.tif,True,"Window(col_off=-180, row_off=-180, width=512, height=512)"
ang20191016t190528_r9072_c384_w151_h151,ang20191016t190528-3,849.367083,ang20191016t190528,/AVIRISNG/Permian2019/ang20191016t190528_r9072_c384_w151_h151,2019-10-16,2019-10-16 19:05:28+00:00,0,0,512,512,train,hard,gs://starcop/Permian/permian_2019_official/ang20191016t190528-3_r9072_c384_ctr.tif,True,"Window(col_off=-180, row_off=-180, width=512, height=512)"
ang20190926t171159_r775_c533_w151_h151,ang20190926t171159-D,848.8112783,ang20190926t171159,/AVIRISNG/Permian2019/ang20190926t171159_r775_c533_w151_h151,2019-09-26,2019-09-26 17:11:59+00:00,0,0,512,512,train,hard,gs://starcop/Permian/permian_2019_official/ang20190926t171159-D_r775_c533_ctr.tif,True,"Window(col_off=-180, row_off=-180, width=512, height=512)"
ang20191022t151202_r6600_c534_w151_h151,ang20191022t151202-6,844.701707,ang20191022t151202,/AVIRISNG/Permian2019/ang20191022t151202_r6600_c534_w151_h151,2019-10-22,2019-10-22 15:12:02+00:00,0,0,512,512,train,hard,gs://starcop/Permian/permian_2019_official/ang20191022t151202-6_r6600_c534_ctr.tif,True,"Window(col_off=-180, row_off=-180, width=512, height=512)"
ang20191007t193705_r8017_c464_w151_h151,ang20191007t193705-5,841.376623,ang20191007t193705,/AVIRISNG/Permian2019/ang20191007t193705_r8017_c464_w151_h151,2019-10-07,2019-10-07 19:37:05+00:00,0,0,512,512,train,hard,gs://starcop/Permian/permian_2019_official/ang20191007t193705-5_r8017_c464_ctr.tif,True,"Window(col_off=-180, row_off=-180, width=512, height=512)"
ang20191007t182352_r2873_c280_w151_h151,ang20191007t182352-1,837.52324,ang20191007t182352,/AVIRISNG/Permian2019/ang20191007t182352_r2873_c280_w151_h151,2019-10-07,2019-10-07 18:23:52+00:00,0,0,512,512,train,hard,gs://starcop/Permian/permian_2019_official/ang20191007t182352-1_r2873_c280_ctr.tif,True,"Window(col_off=-180, row_off=-180, width=512, height=512)"
ang20190926t180335_r6486_c221_w151_h151,ang20190926t180335-6,835.602765,ang20190926t180335,/AVIRISNG/Permian2019/ang20190926t180335_r6486_c221_w151_h151,2019-09-26,2019-09-26 18:03:35+00:00,0,0,512,512,train,hard,gs://starcop/Permian/permian_2019_official/ang20190926t180335-6_r6486_c221_ctr.tif,True,"Window(col_off=-180, row_off=-180, width=512, height=512)"
ang20191016t171023_r4585_c535_w151_h151,ang20191016t171023-5,835.397245,ang20191016t171023,/AVIRISNG/Permian2019/ang20191016t171023_r4585_c535_w151_h151,2019-10-16,2019-10-16 17:10:23+00:00,0,0,512,512,train,hard,gs://starcop/Permian/permian_2019_official/ang20191016t171023-5_r4585_c535_ctr.tif,True,"Window(col_off=-180, row_off=-180, width=512, height=512)"
ang20191010t182147_r3340_c343_w151_h151,ang20191010t182147-A,831.8247009,ang20191010t182147,/AVIRISNG/Permian2019/ang20191010t182147_r3340_c343_w151_h151,2019-10-10,2019-10-10 18:21:47+00:00,0,0,512,512,train,hard,gs://starcop/Permian/permian_2019_official/ang20191010t182147-A_r3340_c343_ctr.tif,True,"Window(col_off=-180, row_off=-180, width=512, height=512)"
ang20190927t153023_r9123_c574_w151_h151,ang20190927t153023-7,829.189256,ang20190927t153023,/AVIRISNG/Permian2019/ang20190927t153023_r9123_c574_w151_h151,2019-09-27,2019-09-27 15:30:23+00:00,0,0,512,512,train,hard,gs://starcop/Permian/permian_2019_official/ang20190927t153023-7_r9123_c574_ctr.tif,True,"Window(col_off=-180, row_off=-180, width=512, height=512)"
ang20190926t221757_r7279_c469_w151_h151,ang20190926t221757-4,827.559842,ang20190926t221757,/AVIRISNG/Permian2019/ang20190926t221757_r7279_c469_w151_h151,2019-09-26,2019-09-26 22:17:57+00:00,0,0,512,512,train,hard,gs://starcop/Permian/permian_2019_official/ang20190926t221757-4_r7279_c469_ctr.tif,True,"Window(col_off=-180, row_off=-180, width=512, height=512)"
ang20191007t182352_r4062_c150_w151_h151,ang20191007t182352-2,826.823256,ang20191007t182352,/AVIRISNG/Permian2019/ang20191007t182352_r4062_c150_w151_h151,2019-10-07,2019-10-07 18:23:52+00:00,0,0,512,512,train,hard,gs://starcop/Permian/permian_2019_official/ang20191007t182352-2_r4062_c150_ctr.tif,True,"Window(col_off=-180, row_off=-180, width=512, height=512)"
ang20191016t165454_r11626_c190_w151_h151,ang20191016t165454-8,825.453908,ang20191016t165454,/AVIRISNG/Permian2019/ang20191016t165454_r11626_c190_w151_h151,2019-10-16,2019-10-16 16:54:54+00:00,0,0,512,512,train,hard,gs://starcop/Permian/permian_2019_official/ang20191016t165454-8_r11626_c190_ctr.tif,True,"Window(col_off=-180, row_off=-180, width=512, height=512)"
ang20191022t173357_r1586_c16_w151_h151,ang20191022t173357-2,822.297711,ang20191022t173357,/AVIRISNG/Permian2019/ang20191022t173357_r1586_c16_w151_h151,2019-10-22,2019-10-22 17:33:57+00:00,0,0,512,512,train,hard,gs://starcop/Permian/permian_2019_official/ang20191022t173357-2_r1586_c16_ctr.tif,True,"Window(col_off=-180, row_off=-180, width=512, height=512)"
ang20191022t154405_r5330_c81_w151_h151,ang20191022t154405-5,820.744786,ang20191022t154405,/AVIRISNG/Permian2019/ang20191022t154405_r5330_c81_w151_h151,2019-10-22,2019-10-22 15:44:05+00:00,0,0,512,512,train,hard,gs://starcop/Permian/permian_2019_official/ang20191022t154405-5_r5330_c81_ctr.tif,True,"Window(col_off=-180, row_off=-180, width=512, height=512)"
ang20191023t151141_r8386_c150_w151_h151,ang20191023t151141-5,818.558745,ang20191023t151141,/AVIRISNG/Permian2019/ang20191023t151141_r8386_c150_w151_h151,2019-10-23,2019-10-23 15:11:41+00:00,0,0,512,512,train,hard,gs://starcop/Permian/permian_2019_official/ang20191023t151141-5_r8386_c150_ctr.tif,True,"Window(col_off=-180, row_off=-180, width=512, height=512)"
ang20190926t180335_r2957_c57_w151_h151,ang20190926t180335-B,818.4664113,ang20190926t180335,/AVIRISNG/Permian2019/ang20190926t180335_r2957_c57_w151_h151,2019-09-26,2019-09-26 18:03:35+00:00,0,0,512,512,train,hard,gs://starcop/Permian/permian_2019_official/ang20190926t180335-B_r2957_c57_ctr.tif,True,"Window(col_off=-180, row_off=-180, width=512, height=512)"
ang20191022t175031_r6343_c57_w151_h151,ang20191022t175031-3,817.604072,ang20191022t175031,/AVIRISNG/Permian2019/ang20191022t175031_r6343_c57_w151_h151,2019-10-22,2019-10-22 17:50:31+00:00,0,0,512,512,train,hard,gs://starcop/Permian/permian_2019_official/ang20191022t175031-3_r6343_c57_ctr.tif,True,"Window(col_off=-180, row_off=-180, width=512, height=512)"
ang20191022t143154_r7282_c503_w151_h151,ang20191022t143154-A,811.2798428,ang20191022t143154,/AVIRISNG/Permian2019/ang20191022t143154_r7282_c503_w151_h151,2019-10-22,2019-10-22 14:31:54+00:00,0,0,512,512,train,hard,gs://starcop/Permian/permian_2019_official/ang20191022t143154-A_r7282_c503_ctr.tif,True,"Window(col_off=-180, row_off=-180, width=512, height=512)"
ang20191023t191942_r3519_c447_w151_h151,ang20191023t191942-1,810.858224,ang20191023t191942,/AVIRISNG/Permian2019/ang20191023t191942_r3519_c447_w151_h151,2019-10-23,2019-10-23 19:19:42+00:00,0,0,512,512,train,hard,gs://starcop/Permian/permian_2019_official/ang20191023t191942-1_r3519_c447_ctr.tif,True,"Window(col_off=-180, row_off=-180, width=512, height=512)"
ang20191011t163647_r354_c83_w151_h151,ang20191011t163647-E,807.8541098,ang20191011t163647,/AVIRISNG/Permian2019/ang20191011t163647_r354_c83_w151_h151,2019-10-11,2019-10-11 16:36:47+00:00,0,0,512,512,train,hard,gs://starcop/Permian/permian_2019_official/ang20191011t163647-E_r354_c83_ctr.tif,True,"Window(col_off=-180, row_off=-180, width=512, height=512)"
ang20191006t191332_r2114_c180_w151_h151,ang20191006t191332-1,806.660108,ang20191006t191332,/AVIRISNG/Permian2019/ang20191006t191332_r2114_c180_w151_h151,2019-10-06,2019-10-06 19:13:32+00:00,0,0,512,512,train,hard,gs://starcop/Permian/permian_2019_official/ang20191006t191332-1_r2114_c180_ctr.tif,True,"Window(col_off=-180, row_off=-180, width=512, height=512)"
ang20191007t200647_r10362_c627_w151_h151,ang20191007t200647-4,805.545496,ang20191007t200647,/AVIRISNG/Permian2019/ang20191007t200647_r10362_c627_w151_h151,2019-10-07,2019-10-07 20:06:47+00:00,0,0,512,512,train,hard,gs://starcop/Permian/permian_2019_official/ang20191007t200647-4_r10362_c627_ctr.tif,True,"Window(col_off=-180, row_off=-180, width=512, height=512)"
ang20191011t185825_r8145_c97_w151_h151,ang20191011t185825-C,792.3369299,ang20191011t185825,/AVIRISNG/Permian2019/ang20191011t185825_r8145_c97_w151_h151,2019-10-11,2019-10-11 18:58:25+00:00,0,0,512,512,train,hard,gs://starcop/Permian/permian_2019_official/ang20191011t185825-C_r8145_c97_ctr.tif,True,"Window(col_off=-180, row_off=-180, width=512, height=512)"
ang20191005t215301_r8757_c532_w151_h151,ang20191005t215301-A,791.7441607,ang20191005t215301,/AVIRISNG/Permian2019/ang20191005t215301_r8757_c532_w151_h151,2019-10-05,2019-10-05 21:53:01+00:00,0,0,512,512,train,hard,gs://starcop/Permian/permian_2019_official/ang20191005t215301-A_r8757_c532_ctr.tif,True,"Window(col_off=-180, row_off=-180, width=512, height=512)"
ang20190928t181405_r8846_c135_w151_h151,ang20190928t181405-5,788.839415,ang20190928t181405,/AVIRISNG/Permian2019/ang20190928t181405_r8846_c135_w151_h151,2019-09-28,2019-09-28 18:14:05+00:00,0,0,512,512,train,hard,gs://starcop/Permian/permian_2019_official/ang20190928t181405-5_r8846_c135_ctr.tif,True,"Window(col_off=-180, row_off=-180, width=512, height=512)"
ang20191022t143154_r5314_c1047_w151_h151,ang20191022t143154-D,788.806044,ang20191022t143154,/AVIRISNG/Permian2019/ang20191022t143154_r5314_c1047_w151_h151,2019-10-22,2019-10-22 14:31:54+00:00,0,0,512,512,train,hard,gs://starcop/Permian/permian_2019_official/ang20191022t143154-D_r5314_c1047_ctr.tif,True,"Window(col_off=-180, row_off=-180, width=512, height=512)"
ang20190927t153023_r2162_c181_w151_h151,ang20190927t153023-2,787.411614,ang20190927t153023,/AVIRISNG/Permian2019/ang20190927t153023_r2162_c181_w151_h151,2019-09-27,2019-09-27 15:30:23+00:00,0,0,512,512,train,hard,gs://starcop/Permian/permian_2019_official/ang20190927t153023-2_r2162_c181_ctr.tif,True,"Window(col_off=-180, row_off=-180, width=512, height=512)"
ang20191007t190840_r1369_c202_w151_h151,ang20191007t190840-1,786.349999,ang20191007t190840,/AVIRISNG/Permian2019/ang20191007t190840_r1369_c202_w151_h151,2019-10-07,2019-10-07 19:08:40+00:00,0,0,512,512,train,hard,gs://starcop/Permian/permian_2019_official/ang20191007t190840-1_r1369_c202_ctr.tif,True,"Window(col_off=-180, row_off=-180, width=512, height=512)"
ang20191011t165345_r3599_c176_w151_h151,ang20191011t165345-E,785.7030843,ang20191011t165345,/AVIRISNG/Permian2019/ang20191011t165345_r3599_c176_w151_h151,2019-10-11,2019-10-11 16:53:45+00:00,0,0,512,512,train,hard,gs://starcop/Permian/permian_2019_official/ang20191011t165345-E_r3599_c176_ctr.tif,True,"Window(col_off=-180, row_off=-180, width=512, height=512)"
ang20191022t164918_r1507_c358_w151_h151,ang20191022t164918-C,785.2213007,ang20191022t164918,/AVIRISNG/Permian2019/ang20191022t164918_r1507_c358_w151_h151,2019-10-22,2019-10-22 16:49:18+00:00,0,0,512,512,train,hard,gs://starcop/Permian/permian_2019_official/ang20191022t164918-C_r1507_c358_ctr.tif,True,"Window(col_off=-180, row_off=-180, width=512, height=512)"
ang20191016t162417_r2322_c147_w151_h151,ang20191016t162417-2,780.402305,ang20191016t162417,/AVIRISNG/Permian2019/ang20191016t162417_r2322_c147_w151_h151,2019-10-16,2019-10-16 16:24:17+00:00,0,0,512,512,train,hard,gs://starcop/Permian/permian_2019_official/ang20191016t162417-2_r2322_c147_ctr.tif,True,"Window(col_off=-180, row_off=-180, width=512, height=512)"
ang20191017t150903_r8845_c81_w151_h151,ang20191017t150903-5,779.129009,ang20191017t150903,/AVIRISNG/Permian2019/ang20191017t150903_r8845_c81_w151_h151,2019-10-17,2019-10-17 15:09:03+00:00,0,0,512,512,train,hard,gs://starcop/Permian/permian_2019_official/ang20191017t150903-5_r8845_c81_ctr.tif,True,"Window(col_off=-180, row_off=-180, width=512, height=512)"
ang20191019t171416_r11067_c328_w151_h151,ang20191019t171416-5,778.659231,ang20191019t171416,/AVIRISNG/Permian2019/ang20191019t171416_r11067_c328_w151_h151,2019-10-19,2019-10-19 17:14:16+00:00,0,0,512,512,train,hard,gs://starcop/Permian/permian_2019_official/ang20191019t171416-5_r11067_c328_ctr.tif,True,"Window(col_off=-180, row_off=-180, width=512, height=512)"
ang20190927t194104_r7290_c459_w151_h151,ang20190927t194104-3,774.395236,ang20190927t194104,/AVIRISNG/Permian2019/ang20190927t194104_r7290_c459_w151_h151,2019-09-27,2019-09-27 19:41:04+00:00,0,0,512,512,train,hard,gs://starcop/Permian/permian_2019_official/ang20190927t194104-3_r7290_c459_ctr.tif,True,"Window(col_off=-180, row_off=-180, width=512, height=512)"
ang20190926t160016_r12847_c313_w151_h151,ang20190926t160016-6,773.303494,ang20190926t160016,/AVIRISNG/Permian2019/ang20190926t160016_r12847_c313_w151_h151,2019-09-26,2019-09-26 16:00:16+00:00,0,0,512,512,train,hard,gs://starcop/Permian/permian_2019_official/ang20190926t160016-6_r12847_c313_ctr.tif,True,"Window(col_off=-180, row_off=-180, width=512, height=512)"
ang20191016t195058_r346_c638_w151_h151,ang20191016t195058-1,771.191089,ang20191016t195058,/AVIRISNG/Permian2019/ang20191016t195058_r346_c638_w151_h151,2019-10-16,2019-10-16 19:50:58+00:00,0,0,512,512,train,hard,gs://starcop/Permian/permian_2019_official/ang20191016t195058-1_r346_c638_ctr.tif,True,"Window(col_off=-180, row_off=-180, width=512, height=512)"
ang20191017t143318_r9514_c463_w151_h151,ang20191017t143318-30,771.098302,ang20191017t143318,/AVIRISNG/Permian2019/ang20191017t143318_r9514_c463_w151_h151,2019-10-17,2019-10-17 14:33:18+00:00,0,0,512,512,train,hard,gs://starcop/Permian/permian_2019_official/ang20191017t143318-30_r9514_c463_ctr.tif,True,"Window(col_off=-180, row_off=-180, width=512, height=512)"
ang20190927t145113_r835_c88_w151_h151,ang20190927t145113-2,770.558108,ang20190927t145113,/AVIRISNG/Permian2019/ang20190927t145113_r835_c88_w151_h151,2019-09-27,2019-09-27 14:51:13+00:00,0,0,512,512,train,hard,gs://starcop/Permian/permian_2019_official/ang20190927t145113-2_r835_c88_ctr.tif,True,"Window(col_off=-180, row_off=-180, width=512, height=512)"
ang20191013t164602_r3340_c231_w151_h151,ang20191013t164602-1,767.194668,ang20191013t164602,/AVIRISNG/Permian2019/ang20191013t164602_r3340_c231_w151_h151,2019-10-13,2019-10-13 16:46:02+00:00,0,0,512,512,train,hard,gs://starcop/Permian/permian_2019_official/ang20191013t164602-1_r3340_c231_ctr.tif,True,"Window(col_off=-180, row_off=-180, width=512, height=512)"
ang20190928t185111_r6871_c424_w151_h151,ang20190928t185111-4,765.224252,ang20190928t185111,/AVIRISNG/Permian2019/ang20190928t185111_r6871_c424_w151_h151,2019-09-28,2019-09-28 18:51:11+00:00,0,0,512,512,train,hard,gs://starcop/Permian/permian_2019_official/ang20190928t185111-4_r6871_c424_ctr.tif,True,"Window(col_off=-180, row_off=-180, width=512, height=512)"
ang20191016t163955_r3985_c131_w151_h151,ang20191016t163955-3,765.176422,ang20191016t163955,/AVIRISNG/Permian2019/ang20191016t163955_r3985_c131_w151_h151,2019-10-16,2019-10-16 16:39:55+00:00,0,0,512,512,train,hard,gs://starcop/Permian/permian_2019_official/ang20191016t163955-3_r3985_c131_ctr.tif,True,"Window(col_off=-180, row_off=-180, width=512, height=512)"
ang20191022t162321_r6674_c142_w151_h151,ang20191022t162321-6,762.555702,ang20191022t162321,/AVIRISNG/Permian2019/ang20191022t162321_r6674_c142_w151_h151,2019-10-22,2019-10-22 16:23:21+00:00,0,0,512,512,train,hard,gs://starcop/Permian/permian_2019_official/ang20191022t162321-6_r6674_c142_ctr.tif,True,"Window(col_off=-180, row_off=-180, width=512, height=512)"
ang20191012t154407_r1807_c59_w151_h151,ang20191012t154407-A,761.7710517,ang20191012t154407,/AVIRISNG/Permian2019/ang20191012t154407_r1807_c59_w151_h151,2019-10-12,2019-10-12 15:44:07+00:00,0,0,512,512,train,hard,gs://starcop/Permian/permian_2019_official/ang20191012t154407-A_r1807_c59_ctr.tif,True,"Window(col_off=-180, row_off=-180, width=512, height=512)"
ang20190926t193117_r1329_c205_w151_h151,ang20190926t193117-1,761.671264,ang20190926t193117,/AVIRISNG/Permian2019/ang20190926t193117_r1329_c205_w151_h151,2019-09-26,2019-09-26 19:31:17+00:00,0,0,512,512,train,hard,gs://starcop/Permian/permian_2019_official/ang20190926t193117-1_r1329_c205_ctr.tif,True,"Window(col_off=-180, row_off=-180, width=512, height=512)"
ang20191011t165345_r5573_c276_w151_h151,ang20191011t165345-F,758.4381953,ang20191011t165345,/AVIRISNG/Permian2019/ang20191011t165345_r5573_c276_w151_h151,2019-10-11,2019-10-11 16:53:45+00:00,0,0,512,512,train,hard,gs://starcop/Permian/permian_2019_official/ang20191011t165345-F_r5573_c276_ctr.tif,True,"Window(col_off=-180, row_off=-180, width=512, height=512)"
ang20190927t153023_r6341_c268_w151_h151,ang20190927t153023-3,758.432399,ang20190927t153023,/AVIRISNG/Permian2019/ang20190927t153023_r6341_c268_w151_h151,2019-09-27,2019-09-27 15:30:23+00:00,0,0,512,512,train,hard,gs://starcop/Permian/permian_2019_official/ang20190927t153023-3_r6341_c268_ctr.tif,True,"Window(col_off=-180, row_off=-180, width=512, height=512)"
ang20191011t181301_r3141_c49_w151_h151,ang20191011t181301-G,755.1676979,ang20191011t181301,/AVIRISNG/Permian2019/ang20191011t181301_r3141_c49_w151_h151,2019-10-11,2019-10-11 18:13:01+00:00,0,0,512,512,train,hard,gs://starcop/Permian/permian_2019_official/ang20191011t181301-G_r3141_c49_ctr.tif,True,"Window(col_off=-180, row_off=-180, width=512, height=512)"
ang20190923t170747_r8630_c560_w151_h151,ang20190923t170747-12,753.524542,ang20190923t170747,/AVIRISNG/Permian2019/ang20190923t170747_r8630_c560_w151_h151,2019-09-23,2019-09-23 17:07:47+00:00,0,0,512,512,train,hard,gs://starcop/Permian/permian_2019_official/ang20190923t170747-12_r8630_c560_ctr.tif,True,"Window(col_off=-180, row_off=-180, width=512, height=512)"
ang20191006t183904_r6303_c119_w151_h151,ang20191006t183904-3,751.824738,ang20191006t183904,/AVIRISNG/Permian2019/ang20191006t183904_r6303_c119_w151_h151,2019-10-06,2019-10-06 18:39:04+00:00,0,0,512,512,train,hard,gs://starcop/Permian/permian_2019_official/ang20191006t183904-3_r6303_c119_ctr.tif,True,"Window(col_off=-180, row_off=-180, width=512, height=512)"
ang20191016t152245_r6006_c345_w151_h151,ang20191016t152245-3,747.588136,ang20191016t152245,/AVIRISNG/Permian2019/ang20191016t152245_r6006_c345_w151_h151,2019-10-16,2019-10-16 15:22:45+00:00,0,0,512,512,train,hard,gs://starcop/Permian/permian_2019_official/ang20191016t152245-3_r6006_c345_ctr.tif,True,"Window(col_off=-180, row_off=-180, width=512, height=512)"
ang20191007t180411_r4476_c78_w151_h151,ang20191007t180411-G,745.7648187,ang20191007t180411,/AVIRISNG/Permian2019/ang20191007t180411_r4476_c78_w151_h151,2019-10-07,2019-10-07 18:04:11+00:00,0,0,512,512,train,hard,gs://starcop/Permian/permian_2019_official/ang20191007t180411-G_r4476_c78_ctr.tif,True,"Window(col_off=-180, row_off=-180, width=512, height=512)"
ang20190926t184029_r11014_c285_w151_h151,ang20190926t184029-4,745.016475,ang20190926t184029,/AVIRISNG/Permian2019/ang20190926t184029_r11014_c285_w151_h151,2019-09-26,2019-09-26 18:40:29+00:00,0,0,512,512,train,hard,gs://starcop/Permian/permian_2019_official/ang20190926t184029-4_r11014_c285_ctr.tif,True,"Window(col_off=-180, row_off=-180, width=512, height=512)"
ang20190923t183439_r13105_c371_w151_h151,ang20190923t183439-10,744.746832,ang20190923t183439,/AVIRISNG/Permian2019/ang20190923t183439_r13105_c371_w151_h151,2019-09-23,2019-09-23 18:34:39+00:00,0,0,512,512,train,hard,gs://starcop/Permian/permian_2019_official/ang20190923t183439-10_r13105_c371_ctr.tif,True,"Window(col_off=-180, row_off=-180, width=512, height=512)"
ang20191007t180411_r7473_c341_w151_h151,ang20191007t180411-2,743.465905,ang20191007t180411,/AVIRISNG/Permian2019/ang20191007t180411_r7473_c341_w151_h151,2019-10-07,2019-10-07 18:04:11+00:00,0,0,512,512,train,hard,gs://starcop/Permian/permian_2019_official/ang20191007t180411-2_r7473_c341_ctr.tif,True,"Window(col_off=-180, row_off=-180, width=512, height=512)"
ang20191007t184008_r2619_c339_w151_h151,ang20191007t184008-E,743.4419339,ang20191007t184008,/AVIRISNG/Permian2019/ang20191007t184008_r2619_c339_w151_h151,2019-10-07,2019-10-07 18:40:08+00:00,0,0,512,512,train,hard,gs://starcop/Permian/permian_2019_official/ang20191007t184008-E_r2619_c339_ctr.tif,True,"Window(col_off=-180, row_off=-180, width=512, height=512)"
ang20191008t165855_r5992_c1_w151_h151,ang20191008t165855-D,743.2646027,ang20191008t165855,/AVIRISNG/Permian2019/ang20191008t165855_r5992_c1_w151_h151,2019-10-08,2019-10-08 16:58:55+00:00,0,0,512,512,train,hard,gs://starcop/Permian/permian_2019_official/ang20191008t165855-D_r5992_c1_ctr.tif,True,"Window(col_off=-180, row_off=-180, width=512, height=512)"
ang20191006t185838_r8904_c97_w151_h151,ang20191006t185838-C,743.0634463,ang20191006t185838,/AVIRISNG/Permian2019/ang20191006t185838_r8904_c97_w151_h151,2019-10-06,2019-10-06 18:58:38+00:00,0,0,512,512,train,hard,gs://starcop/Permian/permian_2019_official/ang20191006t185838-C_r8904_c97_ctr.tif,True,"Window(col_off=-180, row_off=-180, width=512, height=512)"
ang20190926t163428_r5577_c404_w151_h151,ang20190926t163428-4,743.01428,ang20190926t163428,/AVIRISNG/Permian2019/ang20190926t163428_r5577_c404_w151_h151,2019-09-26,2019-09-26 16:34:28+00:00,0,0,512,512,train,hard,gs://starcop/Permian/permian_2019_official/ang20190926t163428-4_r5577_c404_ctr.tif,True,"Window(col_off=-180, row_off=-180, width=512, height=512)"
ang20191007t200647_r540_c477_w151_h151,ang20191007t200647-N,742.3793148,ang20191007t200647,/AVIRISNG/Permian2019/ang20191007t200647_r540_c477_w151_h151,2019-10-07,2019-10-07 20:06:47+00:00,0,0,512,512,train,hard,gs://starcop/Permian/permian_2019_official/ang20191007t200647-N_r540_c477_ctr.tif,True,"Window(col_off=-180, row_off=-180, width=512, height=512)"
ang20191007t184008_r2975_c285_w151_h151,ang20191007t184008-A,741.1909568,ang20191007t184008,/AVIRISNG/Permian2019/ang20191007t184008_r2975_c285_w151_h151,2019-10-07,2019-10-07 18:40:08+00:00,0,0,512,512,train,hard,gs://starcop/Permian/permian_2019_official/ang20191007t184008-A_r2975_c285_ctr.tif,True,"Window(col_off=-180, row_off=-180, width=512, height=512)"
ang20191022t172245_r2586_c225_w151_h151,ang20191022t172245-6,738.022974,ang20191022t172245,/AVIRISNG/Permian2019/ang20191022t172245_r2586_c225_w151_h151,2019-10-22,2019-10-22 17:22:45+00:00,0,0,512,512,train,hard,gs://starcop/Permian/permian_2019_official/ang20191022t172245-6_r2586_c225_ctr.tif,True,"Window(col_off=-180, row_off=-180, width=512, height=512)"
ang20191011t161719_r6115_c144_w151_h151,ang20191011t161719-2,736.81322,ang20191011t161719,/AVIRISNG/Permian2019/ang20191011t161719_r6115_c144_w151_h151,2019-10-11,2019-10-11 16:17:19+00:00,0,0,512,512,train,hard,gs://starcop/Permian/permian_2019_official/ang20191011t161719-2_r6115_c144_ctr.tif,True,"Window(col_off=-180, row_off=-180, width=512, height=512)"
ang20191006t183904_r10569_c449_w151_h151,ang20191006t183904-F,734.1063309,ang20191006t183904,/AVIRISNG/Permian2019/ang20191006t183904_r10569_c449_w151_h151,2019-10-06,2019-10-06 18:39:04+00:00,0,0,512,512,train,hard,gs://starcop/Permian/permian_2019_official/ang20191006t183904-F_r10569_c449_ctr.tif,True,"Window(col_off=-180, row_off=-180, width=512, height=512)"
ang20191022t175031_r6353_c295_w151_h151,ang20191022t175031-C,733.1259787,ang20191022t175031,/AVIRISNG/Permian2019/ang20191022t175031_r6353_c295_w151_h151,2019-10-22,2019-10-22 17:50:31+00:00,0,0,512,512,train,hard,gs://starcop/Permian/permian_2019_official/ang20191022t175031-C_r6353_c295_ctr.tif,True,"Window(col_off=-180, row_off=-180, width=512, height=512)"
ang20191011t172641_r179_c220_w151_h151,ang20191011t172641-C,733.0468462,ang20191011t172641,/AVIRISNG/Permian2019/ang20191011t172641_r179_c220_w151_h151,2019-10-11,2019-10-11 17:26:41+00:00,0,0,512,512,train,hard,gs://starcop/Permian/permian_2019_official/ang20191011t172641-C_r179_c220_ctr.tif,True,"Window(col_off=-180, row_off=-180, width=512, height=512)"
ang20191016t153826_r1356_c178_w151_h151,ang20191016t153826-J,732.0070322,ang20191016t153826,/AVIRISNG/Permian2019/ang20191016t153826_r1356_c178_w151_h151,2019-10-16,2019-10-16 15:38:26+00:00,0,0,512,512,train,hard,gs://starcop/Permian/permian_2019_official/ang20191016t153826-J_r1356_c178_ctr.tif,True,"Window(col_off=-180, row_off=-180, width=512, height=512)"
ang20191017t152518_r13050_c28_w151_h151,ang20191017t152518-7,730.583905,ang20191017t152518,/AVIRISNG/Permian2019/ang20191017t152518_r13050_c28_w151_h151,2019-10-17,2019-10-17 15:25:18+00:00,0,0,512,512,train,hard,gs://starcop/Permian/permian_2019_official/ang20191017t152518-7_r13050_c28_ctr.tif,True,"Window(col_off=-180, row_off=-180, width=512, height=512)"
ang20190923t181729_r13645_c146_w151_h151,ang20190923t181729-A,729.323802,ang20190923t181729,/AVIRISNG/Permian2019/ang20190923t181729_r13645_c146_w151_h151,2019-09-23,2019-09-23 18:17:29+00:00,0,0,512,512,train,hard,gs://starcop/Permian/permian_2019_official/ang20190923t181729-A_r13645_c146_ctr.tif,True,"Window(col_off=-180, row_off=-180, width=512, height=512)"
ang20191017t143318_r8893_c327_w151_h151,ang20191017t143318-A,723.8961424,ang20191017t143318,/AVIRISNG/Permian2019/ang20191017t143318_r8893_c327_w151_h151,2019-10-17,2019-10-17 14:33:18+00:00,0,0,512,512,train,hard,gs://starcop/Permian/permian_2019_official/ang20191017t143318-A_r8893_c327_ctr.tif,True,"Window(col_off=-180, row_off=-180, width=512, height=512)"
ang20191019t181857_r7183_c429_w151_h151,ang20191019t181857-3,721.73757,ang20191019t181857,/AVIRISNG/Permian2019/ang20191019t181857_r7183_c429_w151_h151,2019-10-19,2019-10-19 18:18:57+00:00,0,0,512,512,train,hard,gs://starcop/Permian/permian_2019_official/ang20191019t181857-3_r7183_c429_ctr.tif,True,"Window(col_off=-180, row_off=-180, width=512, height=512)"
ang20191011t161719_r5682_c416_w151_h151,ang20191011t161719-D,721.6024379,ang20191011t161719,/AVIRISNG/Permian2019/ang20191011t161719_r5682_c416_w151_h151,2019-10-11,2019-10-11 16:17:19+00:00,0,0,512,512,train,hard,gs://starcop/Permian/permian_2019_official/ang20191011t161719-D_r5682_c416_ctr.tif,True,"Window(col_off=-180, row_off=-180, width=512, height=512)"
ang20191006t172739_r6883_c446_w151_h151,ang20191006t172739-5,719.758337,ang20191006t172739,/AVIRISNG/Permian2019/ang20191006t172739_r6883_c446_w151_h151,2019-10-06,2019-10-06 17:27:39+00:00,0,0,512,512,train,hard,gs://starcop/Permian/permian_2019_official/ang20191006t172739-5_r6883_c446_ctr.tif,True,"Window(col_off=-180, row_off=-180, width=512, height=512)"
ang20190926t191417_r7600_c530_w151_h151,ang20190926t191417-A,719.2792136,ang20190926t191417,/AVIRISNG/Permian2019/ang20190926t191417_r7600_c530_w151_h151,2019-09-26,2019-09-26 19:14:17+00:00,0,0,512,512,train,hard,gs://starcop/Permian/permian_2019_official/ang20190926t191417-A_r7600_c530_ctr.tif,True,"Window(col_off=-180, row_off=-180, width=512, height=512)"
ang20191017t183448_r2833_c207_w151_h151,ang20191017t183448-D,718.9202568,ang20191017t183448,/AVIRISNG/Permian2019/ang20191017t183448_r2833_c207_w151_h151,2019-10-17,2019-10-17 18:34:48+00:00,0,0,512,512,train,hard,gs://starcop/Permian/permian_2019_official/ang20191017t183448-D_r2833_c207_ctr.tif,True,"Window(col_off=-180, row_off=-180, width=512, height=512)"
ang20190928t193847_r4815_c480_w151_h151,ang20190928t193847-B,711.9103502,ang20190928t193847,/AVIRISNG/Permian2019/ang20190928t193847_r4815_c480_w151_h151,2019-09-28,2019-09-28 19:38:47+00:00,0,0,512,512,train,hard,gs://starcop/Permian/permian_2019_official/ang20190928t193847-B_r4815_c480_ctr.tif,True,"Window(col_off=-180, row_off=-180, width=512, height=512)"
ang20190927t190436_r8129_c169_w151_h151,ang20190927t190436-5,711.368973,ang20190927t190436,/AVIRISNG/Permian2019/ang20190927t190436_r8129_c169_w151_h151,2019-09-27,2019-09-27 19:04:36+00:00,0,0,512,512,train,hard,gs://starcop/Permian/permian_2019_official/ang20190927t190436-5_r8129_c169_ctr.tif,True,"Window(col_off=-180, row_off=-180, width=512, height=512)"
ang20191010t152203_r15617_c225_w151_h151,ang20191010t152203-D,708.8180108,ang20191010t152203,/AVIRISNG/Permian2019/ang20191010t152203_r15617_c225_w151_h151,2019-10-10,2019-10-10 15:22:03+00:00,0,0,512,512,train,hard,gs://starcop/Permian/permian_2019_official/ang20191010t152203-D_r15617_c225_ctr.tif,True,"Window(col_off=-180, row_off=-180, width=512, height=512)"
ang20191016t150743_r8540_c205_w151_h151,ang20191016t150743-5,708.761166,ang20191016t150743,/AVIRISNG/Permian2019/ang20191016t150743_r8540_c205_w151_h151,2019-10-16,2019-10-16 15:07:43+00:00,0,0,512,512,train,hard,gs://starcop/Permian/permian_2019_official/ang20191016t150743-5_r8540_c205_ctr.tif,True,"Window(col_off=-180, row_off=-180, width=512, height=512)"
ang20191011t184311_r7918_c580_w151_h151,ang20191011t184311-5,706.243072,ang20191011t184311,/AVIRISNG/Permian2019/ang20191011t184311_r7918_c580_w151_h151,2019-10-11,2019-10-11 18:43:11+00:00,0,0,512,512,train,hard,gs://starcop/Permian/permian_2019_official/ang20191011t184311-5_r7918_c580_ctr.tif,True,"Window(col_off=-180, row_off=-180, width=512, height=512)"
ang20191007t180411_r8343_c334_w151_h151,ang20191007t180411-A,705.769863,ang20191007t180411,/AVIRISNG/Permian2019/ang20191007t180411_r8343_c334_w151_h151,2019-10-07,2019-10-07 18:04:11+00:00,0,0,512,512,train,hard,gs://starcop/Permian/permian_2019_official/ang20191007t180411-A_r8343_c334_ctr.tif,True,"Window(col_off=-180, row_off=-180, width=512, height=512)"
ang20191005t210402_r2602_c488_w151_h151,ang20191005t210402-A,700.466586,ang20191005t210402,/AVIRISNG/Permian2019/ang20191005t210402_r2602_c488_w151_h151,2019-10-05,2019-10-05 21:04:02+00:00,0,0,512,512,train,hard,gs://starcop/Permian/permian_2019_official/ang20191005t210402-A_r2602_c488_ctr.tif,True,"Window(col_off=-180, row_off=-180, width=512, height=512)"
ang20191017t161837_r6209_c247_w151_h151,ang20191017t161837-4,699.733844,ang20191017t161837,/AVIRISNG/Permian2019/ang20191017t161837_r6209_c247_w151_h151,2019-10-17,2019-10-17 16:18:37+00:00,0,0,512,512,train,hard,gs://starcop/Permian/permian_2019_official/ang20191017t161837-4_r6209_c247_ctr.tif,True,"Window(col_off=-180, row_off=-180, width=512, height=512)"
ang20191006t182329_r7678_c336_w151_h151,ang20191006t182329-E,696.6065836,ang20191006t182329,/AVIRISNG/Permian2019/ang20191006t182329_r7678_c336_w151_h151,2019-10-06,2019-10-06 18:23:29+00:00,0,0,512,512,train,hard,gs://starcop/Permian/permian_2019_official/ang20191006t182329-E_r7678_c336_ctr.tif,True,"Window(col_off=-180, row_off=-180, width=512, height=512)"
ang20191017t183448_r7319_c440_w151_h151,ang20191017t183448-3,696.132918,ang20191017t183448,/AVIRISNG/Permian2019/ang20191017t183448_r7319_c440_w151_h151,2019-10-17,2019-10-17 18:34:48+00:00,0,0,512,512,train,hard,gs://starcop/Permian/permian_2019_official/ang20191017t183448-3_r7319_c440_ctr.tif,True,"Window(col_off=-180, row_off=-180, width=512, height=512)"
ang20191017t150903_r3005_c424_w151_h151,ang20191017t150903-A,694.959802,ang20191017t150903,/AVIRISNG/Permian2019/ang20191017t150903_r3005_c424_w151_h151,2019-10-17,2019-10-17 15:09:03+00:00,0,0,512,512,train,hard,gs://starcop/Permian/permian_2019_official/ang20191017t150903-A_r3005_c424_ctr.tif,True,"Window(col_off=-180, row_off=-180, width=512, height=512)"
ang20191010t161700_r7551_c0_w151_h151,ang20191010t161700-B,693.1867926,ang20191010t161700,/AVIRISNG/Permian2019/ang20191010t161700_r7551_c0_w151_h151,2019-10-10,2019-10-10 16:17:00+00:00,0,0,512,512,train,hard,gs://starcop/Permian/permian_2019_official/ang20191010t161700-B_r7551_c0_ctr.tif,True,"Window(col_off=-180, row_off=-180, width=512, height=512)"
ang20190927t192237_r7830_c232_w151_h151,ang20190927t192237-4,691.423978,ang20190927t192237,/AVIRISNG/Permian2019/ang20190927t192237_r7830_c232_w151_h151,2019-09-27,2019-09-27 19:22:37+00:00,0,0,512,512,train,hard,gs://starcop/Permian/permian_2019_official/ang20190927t192237-4_r7830_c232_ctr.tif,True,"Window(col_off=-180, row_off=-180, width=512, height=512)"
ang20190926t221757_r11914_c644_w151_h151,ang20190926t221757-A,691.0449871,ang20190926t221757,/AVIRISNG/Permian2019/ang20190926t221757_r11914_c644_w151_h151,2019-09-26,2019-09-26 22:17:57+00:00,0,0,512,512,train,hard,gs://starcop/Permian/permian_2019_official/ang20190926t221757-A_r11914_c644_ctr.tif,True,"Window(col_off=-180, row_off=-180, width=512, height=512)"
ang20191017t170330_r6636_c139_w151_h151,ang20191017t170330-4,690.623726,ang20191017t170330,/AVIRISNG/Permian2019/ang20191017t170330_r6636_c139_w151_h151,2019-10-17,2019-10-17 17:03:30+00:00,0,0,512,512,train,hard,gs://starcop/Permian/permian_2019_official/ang20191017t170330-4_r6636_c139_ctr.tif,True,"Window(col_off=-180, row_off=-180, width=512, height=512)"
ang20191011t185825_r1341_c130_w151_h151,ang20191011t185825-E,690.2986962,ang20191011t185825,/AVIRISNG/Permian2019/ang20191011t185825_r1341_c130_w151_h151,2019-10-11,2019-10-11 18:58:25+00:00,0,0,512,512,train,hard,gs://starcop/Permian/permian_2019_official/ang20191011t185825-E_r1341_c130_ctr.tif,True,"Window(col_off=-180, row_off=-180, width=512, height=512)"
ang20191011t182731_r2234_c17_w151_h151,ang20191011t182731-H,685.3203317,ang20191011t182731,/AVIRISNG/Permian2019/ang20191011t182731_r2234_c17_w151_h151,2019-10-11,2019-10-11 18:27:31+00:00,0,0,512,512,train,hard,gs://starcop/Permian/permian_2019_official/ang20191011t182731-H_r2234_c17_ctr.tif,True,"Window(col_off=-180, row_off=-180, width=512, height=512)"
ang20191006t171344_r11295_c136_w151_h151,ang20191006t171344-6,683.734657,ang20191006t171344,/AVIRISNG/Permian2019/ang20191006t171344_r11295_c136_w151_h151,2019-10-06,2019-10-06 17:13:44+00:00,0,0,512,512,train,hard,gs://starcop/Permian/permian_2019_official/ang20191006t171344-6_r11295_c136_ctr.tif,True,"Window(col_off=-180, row_off=-180, width=512, height=512)"
ang20191019t171416_r1650_c325_w151_h151,ang20191019t171416-2,683.388041,ang20191019t171416,/AVIRISNG/Permian2019/ang20191019t171416_r1650_c325_w151_h151,2019-10-19,2019-10-19 17:14:16+00:00,0,0,512,512,train,hard,gs://starcop/Permian/permian_2019_official/ang20191019t171416-2_r1650_c325_ctr.tif,True,"Window(col_off=-180, row_off=-180, width=512, height=512)"
ang20190924t193726_r2271_c283_w151_h151,ang20190924t193726-A,682.9107209,ang20190924t193726,/AVIRISNG/Permian2019/ang20190924t193726_r2271_c283_w151_h151,2019-09-24,2019-09-24 19:37:26+00:00,0,0,512,512,train,hard,gs://starcop/Permian/permian_2019_official/ang20190924t193726-A_r2271_c283_ctr.tif,True,"Window(col_off=-180, row_off=-180, width=512, height=512)"
ang20191017t183448_r4263_c115_w151_h151,ang20191017t183448-F,682.0865653,ang20191017t183448,/AVIRISNG/Permian2019/ang20191017t183448_r4263_c115_w151_h151,2019-10-17,2019-10-17 18:34:48+00:00,0,0,512,512,train,hard,gs://starcop/Permian/permian_2019_official/ang20191017t183448-F_r4263_c115_ctr.tif,True,"Window(col_off=-180, row_off=-180, width=512, height=512)"
ang20190926t163428_r3651_c282_w151_h151,ang20190926t163428-2,681.518343,ang20190926t163428,/AVIRISNG/Permian2019/ang20190926t163428_r3651_c282_w151_h151,2019-09-26,2019-09-26 16:34:28+00:00,0,0,512,512,train,hard,gs://starcop/Permian/permian_2019_official/ang20190926t163428-2_r3651_c282_ctr.tif,True,"Window(col_off=-180, row_off=-180, width=512, height=512)"
ang20191007t180411_r8333_c435_w151_h151,ang20191007t180411-B,680.0035283,ang20191007t180411,/AVIRISNG/Permian2019/ang20191007t180411_r8333_c435_w151_h151,2019-10-07,2019-10-07 18:04:11+00:00,0,0,512,512,train,hard,gs://starcop/Permian/permian_2019_official/ang20191007t180411-B_r8333_c435_ctr.tif,True,"Window(col_off=-180, row_off=-180, width=512, height=512)"
ang20191008t165855_r16764_c566_w151_h151,ang20191008t165855-A,679.9480337,ang20191008t165855,/AVIRISNG/Permian2019/ang20191008t165855_r16764_c566_w151_h151,2019-10-08,2019-10-08 16:58:55+00:00,0,0,512,512,train,hard,gs://starcop/Permian/permian_2019_official/ang20191008t165855-A_r16764_c566_ctr.tif,True,"Window(col_off=-180, row_off=-180, width=512, height=512)"
ang20191022t164918_r3781_c445_w151_h151,ang20191022t164918-3,679.170461,ang20191022t164918,/AVIRISNG/Permian2019/ang20191022t164918_r3781_c445_w151_h151,2019-10-22,2019-10-22 16:49:18+00:00,0,0,512,512,train,hard,gs://starcop/Permian/permian_2019_official/ang20191022t164918-3_r3781_c445_ctr.tif,True,"Window(col_off=-180, row_off=-180, width=512, height=512)"
ang20191016t172526_r4916_c28_w151_h151,ang20191016t172526-3,677.24751,ang20191016t172526,/AVIRISNG/Permian2019/ang20191016t172526_r4916_c28_w151_h151,2019-10-16,2019-10-16 17:25:26+00:00,0,0,512,512,train,hard,gs://starcop/Permian/permian_2019_official/ang20191016t172526-3_r4916_c28_ctr.tif,True,"Window(col_off=-180, row_off=-180, width=512, height=512)"
ang20191022t150110_r1541_c384_w151_h151,ang20191022t150110-3,676.865824,ang20191022t150110,/AVIRISNG/Permian2019/ang20191022t150110_r1541_c384_w151_h151,2019-10-22,2019-10-22 15:01:10+00:00,0,0,512,512,train,hard,gs://starcop/Permian/permian_2019_official/ang20191022t150110-3_r1541_c384_ctr.tif,True,"Window(col_off=-180, row_off=-180, width=512, height=512)"
ang20191017t163235_r8530_c81_w151_h151,ang20191017t163235-4,675.606425,ang20191017t163235,/AVIRISNG/Permian2019/ang20191017t163235_r8530_c81_w151_h151,2019-10-17,2019-10-17 16:32:35+00:00,0,0,512,512,train,hard,gs://starcop/Permian/permian_2019_official/ang20191017t163235-4_r8530_c81_ctr.tif,True,"Window(col_off=-180, row_off=-180, width=512, height=512)"
ang20191016t165454_r399_c429_w151_h151,ang20191016t165454-2,671.499535,ang20191016t165454,/AVIRISNG/Permian2019/ang20191016t165454_r399_c429_w151_h151,2019-10-16,2019-10-16 16:54:54+00:00,0,0,512,512,train,hard,gs://starcop/Permian/permian_2019_official/ang20191016t165454-2_r399_c429_ctr.tif,True,"Window(col_off=-180, row_off=-180, width=512, height=512)"
ang20190926t163428_r10145_c601_w151_h151,ang20190926t163428-A,670.2880626,ang20190926t163428,/AVIRISNG/Permian2019/ang20190926t163428_r10145_c601_w151_h151,2019-09-26,2019-09-26 16:34:28+00:00,0,0,512,512,train,hard,gs://starcop/Permian/permian_2019_official/ang20190926t163428-A_r10145_c601_ctr.tif,True,"Window(col_off=-180, row_off=-180, width=512, height=512)"
ang20191007t180411_r238_c97_w151_h151,ang20191007t180411-E,668.3299601,ang20191007t180411,/AVIRISNG/Permian2019/ang20191007t180411_r238_c97_w151_h151,2019-10-07,2019-10-07 18:04:11+00:00,0,0,512,512,train,hard,gs://starcop/Permian/permian_2019_official/ang20191007t180411-E_r238_c97_ctr.tif,True,"Window(col_off=-180, row_off=-180, width=512, height=512)"
ang20190928t190948_r9684_c338_w151_h151,ang20190928t190948-5,668.255045,ang20190928t190948,/AVIRISNG/Permian2019/ang20190928t190948_r9684_c338_w151_h151,2019-09-28,2019-09-28 19:09:48+00:00,0,0,512,512,train,hard,gs://starcop/Permian/permian_2019_official/ang20190928t190948-5_r9684_c338_ctr.tif,True,"Window(col_off=-180, row_off=-180, width=512, height=512)"
ang20190923t163307_r2796_c346_w151_h151,ang20190923t163307-H,668.1475667,ang20190923t163307,/AVIRISNG/Permian2019/ang20190923t163307_r2796_c346_w151_h151,2019-09-23,2019-09-23 16:33:07+00:00,0,0,512,512,train,hard,gs://starcop/Permian/permian_2019_official/ang20190923t163307-H_r2796_c346_ctr.tif,True,"Window(col_off=-180, row_off=-180, width=512, height=512)"
ang20190923t174142_r13784_c155_w151_h151,ang20190923t174142-C,667.1255234,ang20190923t174142,/AVIRISNG/Permian2019/ang20190923t174142_r13784_c155_w151_h151,2019-09-23,2019-09-23 17:41:42+00:00,0,0,512,512,train,hard,gs://starcop/Permian/permian_2019_official/ang20190923t174142-C_r13784_c155_ctr.tif,True,"Window(col_off=-180, row_off=-180, width=512, height=512)"
ang20191022t184525_r1727_c394_w151_h151,ang20191022t184525-3,666.331013,ang20191022t184525,/AVIRISNG/Permian2019/ang20191022t184525_r1727_c394_w151_h151,2019-10-22,2019-10-22 18:45:25+00:00,0,0,512,512,train,hard,gs://starcop/Permian/permian_2019_official/ang20191022t184525-3_r1727_c394_ctr.tif,True,"Window(col_off=-180, row_off=-180, width=512, height=512)"
ang20191022t194233_r2576_c381_w151_h151,ang20191022t194233-1,665.519349,ang20191022t194233,/AVIRISNG/Permian2019/ang20191022t194233_r2576_c381_w151_h151,2019-10-22,2019-10-22 19:42:33+00:00,0,0,512,512,train,hard,gs://starcop/Permian/permian_2019_official/ang20191022t194233-1_r2576_c381_ctr.tif,True,"Window(col_off=-180, row_off=-180, width=512, height=512)"
ang20191016t162417_r4609_c154_w151_h151,ang20191016t162417-5,665.315573,ang20191016t162417,/AVIRISNG/Permian2019/ang20191016t162417_r4609_c154_w151_h151,2019-10-16,2019-10-16 16:24:17+00:00,0,0,512,512,train,hard,gs://starcop/Permian/permian_2019_official/ang20191016t162417-5_r4609_c154_ctr.tif,True,"Window(col_off=-180, row_off=-180, width=512, height=512)"
ang20191011t181301_r4604_c79_w151_h151,ang20191011t181301-3,664.544483,ang20191011t181301,/AVIRISNG/Permian2019/ang20191011t181301_r4604_c79_w151_h151,2019-10-11,2019-10-11 18:13:01+00:00,0,0,512,512,train,hard,gs://starcop/Permian/permian_2019_official/ang20191011t181301-3_r4604_c79_ctr.tif,True,"Window(col_off=-180, row_off=-180, width=512, height=512)"
ang20191006t164135_r10351_c112_w151_h151,ang20191006t164135-4,663.052711,ang20191006t164135,/AVIRISNG/Permian2019/ang20191006t164135_r10351_c112_w151_h151,2019-10-06,2019-10-06 16:41:35+00:00,0,0,512,512,train,hard,gs://starcop/Permian/permian_2019_official/ang20191006t164135-4_r10351_c112_ctr.tif,True,"Window(col_off=-180, row_off=-180, width=512, height=512)"
ang20191022t151202_r5332_c83_w151_h151,ang20191022t151202-5,659.11214,ang20191022t151202,/AVIRISNG/Permian2019/ang20191022t151202_r5332_c83_w151_h151,2019-10-22,2019-10-22 15:12:02+00:00,0,0,512,512,train,hard,gs://starcop/Permian/permian_2019_official/ang20191022t151202-5_r5332_c83_ctr.tif,True,"Window(col_off=-180, row_off=-180, width=512, height=512)"
ang20191016t145145_r4191_c139_w151_h151,ang20191016t145145-2,658.068694,ang20191016t145145,/AVIRISNG/Permian2019/ang20191016t145145_r4191_c139_w151_h151,2019-10-16,2019-10-16 14:51:45+00:00,0,0,512,512,train,hard,gs://starcop/Permian/permian_2019_official/ang20191016t145145-2_r4191_c139_ctr.tif,True,"Window(col_off=-180, row_off=-180, width=512, height=512)"
ang20191017t171949_r4650_c228_w151_h151,ang20191017t171949-3,657.796821,ang20191017t171949,/AVIRISNG/Permian2019/ang20191017t171949_r4650_c228_w151_h151,2019-10-17,2019-10-17 17:19:49+00:00,0,0,512,512,train,hard,gs://starcop/Permian/permian_2019_official/ang20191017t171949-3_r4650_c228_ctr.tif,True,"Window(col_off=-180, row_off=-180, width=512, height=512)"
ang20191016t145145_r6688_c484_w151_h151,ang20191016t145145-J,657.6337649,ang20191016t145145,/AVIRISNG/Permian2019/ang20191016t145145_r6688_c484_w151_h151,2019-10-16,2019-10-16 14:51:45+00:00,0,0,512,512,train,hard,gs://starcop/Permian/permian_2019_official/ang20191016t145145-J_r6688_c484_ctr.tif,True,"Window(col_off=-180, row_off=-180, width=512, height=512)"
ang20190926t172904_r6224_c63_w151_h151,ang20190926t172904-D,654.682639,ang20190926t172904,/AVIRISNG/Permian2019/ang20190926t172904_r6224_c63_w151_h151,2019-09-26,2019-09-26 17:29:04+00:00,0,0,512,512,train,hard,gs://starcop/Permian/permian_2019_official/ang20190926t172904-D_r6224_c63_ctr.tif,True,"Window(col_off=-180, row_off=-180, width=512, height=512)"
ang20191016t153826_r8007_c472_w151_h151,ang20191016t153826-6,653.592451,ang20191016t153826,/AVIRISNG/Permian2019/ang20191016t153826_r8007_c472_w151_h151,2019-10-16,2019-10-16 15:38:26+00:00,0,0,512,512,train,hard,gs://starcop/Permian/permian_2019_official/ang20191016t153826-6_r8007_c472_ctr.tif,True,"Window(col_off=-180, row_off=-180, width=512, height=512)"
ang20190927t151239_r8961_c230_w151_h151,ang20190927t151239-C,650.9680791,ang20190927t151239,/AVIRISNG/Permian2019/ang20190927t151239_r8961_c230_w151_h151,2019-09-27,2019-09-27 15:12:39+00:00,0,0,512,512,train,hard,gs://starcop/Permian/permian_2019_official/ang20190927t151239-C_r8961_c230_ctr.tif,True,"Window(col_off=-180, row_off=-180, width=512, height=512)"
ang20191008t165855_r992_c271_w151_h151,ang20191008t165855-H,648.6472985,ang20191008t165855,/AVIRISNG/Permian2019/ang20191008t165855_r992_c271_w151_h151,2019-10-08,2019-10-08 16:58:55+00:00,0,0,512,512,train,hard,gs://starcop/Permian/permian_2019_official/ang20191008t165855-H_r992_c271_ctr.tif,True,"Window(col_off=-180, row_off=-180, width=512, height=512)"
ang20191011t172641_r290_c384_w151_h151,ang20191011t172641-D,647.3503497,ang20191011t172641,/AVIRISNG/Permian2019/ang20191011t172641_r290_c384_w151_h151,2019-10-11,2019-10-11 17:26:41+00:00,0,0,512,512,train,hard,gs://starcop/Permian/permian_2019_official/ang20191011t172641-D_r290_c384_ctr.tif,True,"Window(col_off=-180, row_off=-180, width=512, height=512)"
ang20191017t170330_r2523_c49_w151_h151,ang20191017t170330-M,647.1599289,ang20191017t170330,/AVIRISNG/Permian2019/ang20191017t170330_r2523_c49_w151_h151,2019-10-17,2019-10-17 17:03:30+00:00,0,0,512,512,train,hard,gs://starcop/Permian/permian_2019_official/ang20191017t170330-M_r2523_c49_ctr.tif,True,"Window(col_off=-180, row_off=-180, width=512, height=512)"
ang20191013t171742_r7030_c293_w151_h151,ang20191013t171742-3,646.765959,ang20191013t171742,/AVIRISNG/Permian2019/ang20191013t171742_r7030_c293_w151_h151,2019-10-13,2019-10-13 17:17:42+00:00,0,0,512,512,train,hard,gs://starcop/Permian/permian_2019_official/ang20191013t171742-3_r7030_c293_ctr.tif,True,"Window(col_off=-180, row_off=-180, width=512, height=512)"
ang20191007t201917_r11140_c1504_w151_h151,ang20191007t201917-F,645.5705893,ang20191007t201917,/AVIRISNG/Permian2019/ang20191007t201917_r11140_c1504_w151_h151,2019-10-07,2019-10-07 20:19:17+00:00,0,0,512,512,train,hard,gs://starcop/Permian/permian_2019_official/ang20191007t201917-F_r11140_c1504_ctr.tif,True,"Window(col_off=-180, row_off=-180, width=512, height=512)"
ang20191006t171344_r6499_c59_w151_h151,ang20191006t171344-B,645.3541659,ang20191006t171344,/AVIRISNG/Permian2019/ang20191006t171344_r6499_c59_w151_h151,2019-10-06,2019-10-06 17:13:44+00:00,0,0,512,512,train,hard,gs://starcop/Permian/permian_2019_official/ang20191006t171344-B_r6499_c59_ctr.tif,True,"Window(col_off=-180, row_off=-180, width=512, height=512)"
ang20191023t151141_r8860_c432_w151_h151,ang20191023t151141-6,641.03288,ang20191023t151141,/AVIRISNG/Permian2019/ang20191023t151141_r8860_c432_w151_h151,2019-10-23,2019-10-23 15:11:41+00:00,0,0,512,512,train,hard,gs://starcop/Permian/permian_2019_official/ang20191023t151141-6_r8860_c432_ctr.tif,True,"Window(col_off=-180, row_off=-180, width=512, height=512)"
ang20190922t192642_r4034_c360_w151_h151,ang20190922t192642-B,640.968143,ang20190922t192642,/AVIRISNG/Permian2019/ang20190922t192642_r4034_c360_w151_h151,2019-09-22,2019-09-22 19:26:42+00:00,0,0,512,512,train,hard,gs://starcop/Permian/permian_2019_official/ang20190922t192642-B_r4034_c360_ctr.tif,True,"Window(col_off=-180, row_off=-180, width=512, height=512)"
ang20190923t172416_r12122_c231_w151_h151,ang20190923t172416-A,640.9088204,ang20190923t172416,/AVIRISNG/Permian2019/ang20190923t172416_r12122_c231_w151_h151,2019-09-23,2019-09-23 17:24:16+00:00,0,0,512,512,train,hard,gs://starcop/Permian/permian_2019_official/ang20190923t172416-A_r12122_c231_ctr.tif,True,"Window(col_off=-180, row_off=-180, width=512, height=512)"
ang20191006t180341_r12854_c530_w151_h151,ang20191006t180341-B,640.5125639,ang20191006t180341,/AVIRISNG/Permian2019/ang20191006t180341_r12854_c530_w151_h151,2019-10-06,2019-10-06 18:03:41+00:00,0,0,512,512,train,hard,gs://starcop/Permian/permian_2019_official/ang20191006t180341-B_r12854_c530_ctr.tif,True,"Window(col_off=-180, row_off=-180, width=512, height=512)"
ang20191007t200647_r3826_c309_w151_h151,ang20191007t200647-I,640.2567866,ang20191007t200647,/AVIRISNG/Permian2019/ang20191007t200647_r3826_c309_w151_h151,2019-10-07,2019-10-07 20:06:47+00:00,0,0,512,512,train,hard,gs://starcop/Permian/permian_2019_official/ang20191007t200647-I_r3826_c309_ctr.tif,True,"Window(col_off=-180, row_off=-180, width=512, height=512)"
ang20191019t175004_r6836_c572_w151_h151,ang20191019t175004-4,639.312801,ang20191019t175004,/AVIRISNG/Permian2019/ang20191019t175004_r6836_c572_w151_h151,2019-10-19,2019-10-19 17:50:04+00:00,0,0,512,512,train,hard,gs://starcop/Permian/permian_2019_official/ang20191019t175004-4_r6836_c572_ctr.tif,True,"Window(col_off=-180, row_off=-180, width=512, height=512)"
ang20190926t182043_r1646_c560_w151_h151,ang20190926t182043-1,638.376914,ang20190926t182043,/AVIRISNG/Permian2019/ang20190926t182043_r1646_c560_w151_h151,2019-09-26,2019-09-26 18:20:43+00:00,0,0,512,512,train,hard,gs://starcop/Permian/permian_2019_official/ang20190926t182043-1_r1646_c560_ctr.tif,True,"Window(col_off=-180, row_off=-180, width=512, height=512)"
ang20191016t183045_r6828_c112_w151_h151,ang20191016t183045-1,636.011118,ang20191016t183045,/AVIRISNG/Permian2019/ang20191016t183045_r6828_c112_w151_h151,2019-10-16,2019-10-16 18:30:45+00:00,0,0,512,512,train,hard,gs://starcop/Permian/permian_2019_official/ang20191016t183045-1_r6828_c112_ctr.tif,True,"Window(col_off=-180, row_off=-180, width=512, height=512)"
ang20191011t165345_r1317_c247_w151_h151,ang20191011t165345-A,632.549545,ang20191011t165345,/AVIRISNG/Permian2019/ang20191011t165345_r1317_c247_w151_h151,2019-10-11,2019-10-11 16:53:45+00:00,0,0,512,512,train,hard,gs://starcop/Permian/permian_2019_official/ang20191011t165345-A_r1317_c247_ctr.tif,True,"Window(col_off=-180, row_off=-180, width=512, height=512)"
ang20190923t174142_r7561_c18_w151_h151,ang20190923t174142-A,630.7864836,ang20190923t174142,/AVIRISNG/Permian2019/ang20190923t174142_r7561_c18_w151_h151,2019-09-23,2019-09-23 17:41:42+00:00,0,0,512,512,train,hard,gs://starcop/Permian/permian_2019_official/ang20190923t174142-A_r7561_c18_ctr.tif,True,"Window(col_off=-180, row_off=-180, width=512, height=512)"
ang20191019t161418_r6643_c39_w151_h151,ang20191019t161418-2,629.370347,ang20191019t161418,/AVIRISNG/Permian2019/ang20191019t161418_r6643_c39_w151_h151,2019-10-19,2019-10-19 16:14:18+00:00,0,0,512,512,train,hard,gs://starcop/Permian/permian_2019_official/ang20191019t161418-2_r6643_c39_ctr.tif,True,"Window(col_off=-180, row_off=-180, width=512, height=512)"
ang20191023t151141_r6732_c127_w151_h151,ang20191023t151141-4,629.150066,ang20191023t151141,/AVIRISNG/Permian2019/ang20191023t151141_r6732_c127_w151_h151,2019-10-23,2019-10-23 15:11:41+00:00,0,0,512,512,train,hard,gs://starcop/Permian/permian_2019_official/ang20191023t151141-4_r6732_c127_ctr.tif,True,"Window(col_off=-180, row_off=-180, width=512, height=512)"
ang20191008t194115_r6986_c506_w151_h151,ang20191008t194115-D,628.0166662,ang20191008t194115,/AVIRISNG/Permian2019/ang20191008t194115_r6986_c506_w151_h151,2019-10-08,2019-10-08 19:41:15+00:00,0,0,512,512,train,hard,gs://starcop/Permian/permian_2019_official/ang20191008t194115-D_r6986_c506_ctr.tif,True,"Window(col_off=-180, row_off=-180, width=512, height=512)"
ang20191023t165811_r7299_c48_w151_h151,ang20191023t165811-5,627.893883,ang20191023t165811,/AVIRISNG/Permian2019/ang20191023t165811_r7299_c48_w151_h151,2019-10-23,2019-10-23 16:58:11+00:00,0,0,512,512,train,hard,gs://starcop/Permian/permian_2019_official/ang20191023t165811-5_r7299_c48_ctr.tif,True,"Window(col_off=-180, row_off=-180, width=512, height=512)"
ang20191023t154154_r10468_c428_w151_h151,ang20191023t154154-7,626.980321,ang20191023t154154,/AVIRISNG/Permian2019/ang20191023t154154_r10468_c428_w151_h151,2019-10-23,2019-10-23 15:41:54+00:00,0,0,512,512,train,hard,gs://starcop/Permian/permian_2019_official/ang20191023t154154-7_r10468_c428_ctr.tif,True,"Window(col_off=-180, row_off=-180, width=512, height=512)"
ang20190927t182905_r147_c396_w151_h151,ang20190927t182905-F,626.7180176,ang20190927t182905,/AVIRISNG/Permian2019/ang20190927t182905_r147_c396_w151_h151,2019-09-27,2019-09-27 18:29:05+00:00,0,0,512,512,train,hard,gs://starcop/Permian/permian_2019_official/ang20190927t182905-F_r147_c396_ctr.tif,True,"Window(col_off=-180, row_off=-180, width=512, height=512)"
ang20191016t163955_r7126_c284_w151_h151,ang20191016t163955-H,626.6273546,ang20191016t163955,/AVIRISNG/Permian2019/ang20191016t163955_r7126_c284_w151_h151,2019-10-16,2019-10-16 16:39:55+00:00,0,0,512,512,train,hard,gs://starcop/Permian/permian_2019_official/ang20191016t163955-H_r7126_c284_ctr.tif,True,"Window(col_off=-180, row_off=-180, width=512, height=512)"
ang20190927t154855_r9198_c75_w151_h151,ang20190927t154855-2,626.593274,ang20190927t154855,/AVIRISNG/Permian2019/ang20190927t154855_r9198_c75_w151_h151,2019-09-27,2019-09-27 15:48:55+00:00,0,0,512,512,train,hard,gs://starcop/Permian/permian_2019_official/ang20190927t154855-2_r9198_c75_ctr.tif,True,"Window(col_off=-180, row_off=-180, width=512, height=512)"
ang20191008t160209_r5510_c345_w151_h151,ang20191008t160209-A,623.0888138,ang20191008t160209,/AVIRISNG/Permian2019/ang20191008t160209_r5510_c345_w151_h151,2019-10-08,2019-10-08 16:02:09+00:00,0,0,512,512,train,hard,gs://starcop/Permian/permian_2019_official/ang20191008t160209-A_r5510_c345_ctr.tif,True,"Window(col_off=-180, row_off=-180, width=512, height=512)"
ang20191008t160209_r7519_c6_w151_h151,ang20191008t160209-D,622.7696408,ang20191008t160209,/AVIRISNG/Permian2019/ang20191008t160209_r7519_c6_w151_h151,2019-10-08,2019-10-08 16:02:09+00:00,0,0,512,512,train,hard,gs://starcop/Permian/permian_2019_official/ang20191008t160209-D_r7519_c6_ctr.tif,True,"Window(col_off=-180, row_off=-180, width=512, height=512)"
ang20191007t184008_r2717_c75_w151_h151,ang20191007t184008-G,621.4407882,ang20191007t184008,/AVIRISNG/Permian2019/ang20191007t184008_r2717_c75_w151_h151,2019-10-07,2019-10-07 18:40:08+00:00,0,0,512,512,train,hard,gs://starcop/Permian/permian_2019_official/ang20191007t184008-G_r2717_c75_ctr.tif,True,"Window(col_off=-180, row_off=-180, width=512, height=512)"
ang20191023t190429_r10757_c74_w151_h151,ang20191023t190429-3,621.297926,ang20191023t190429,/AVIRISNG/Permian2019/ang20191023t190429_r10757_c74_w151_h151,2019-10-23,2019-10-23 19:04:29+00:00,0,0,512,512,train,hard,gs://starcop/Permian/permian_2019_official/ang20191023t190429-3_r10757_c74_ctr.tif,True,"Window(col_off=-180, row_off=-180, width=512, height=512)"
ang20191013t154421_r6633_c614_w151_h151,ang20191013t154421-6,621.130839,ang20191013t154421,/AVIRISNG/Permian2019/ang20191013t154421_r6633_c614_w151_h151,2019-10-13,2019-10-13 15:44:21+00:00,0,0,512,512,train,hard,gs://starcop/Permian/permian_2019_official/ang20191013t154421-6_r6633_c614_ctr.tif,True,"Window(col_off=-180, row_off=-180, width=512, height=512)"
ang20191019t172500_r1569_c371_w151_h151,ang20191019t172500-2,621.089939,ang20191019t172500,/AVIRISNG/Permian2019/ang20191019t172500_r1569_c371_w151_h151,2019-10-19,2019-10-19 17:25:00+00:00,0,0,512,512,train,hard,gs://starcop/Permian/permian_2019_official/ang20191019t172500-2_r1569_c371_ctr.tif,True,"Window(col_off=-180, row_off=-180, width=512, height=512)"
ang20191022t194233_r2201_c511_w151_h151,ang20191022t194233-B,620.0335867,ang20191022t194233,/AVIRISNG/Permian2019/ang20191022t194233_r2201_c511_w151_h151,2019-10-22,2019-10-22 19:42:33+00:00,0,0,512,512,train,hard,gs://starcop/Permian/permian_2019_official/ang20191022t194233-B_r2201_c511_ctr.tif,True,"Window(col_off=-180, row_off=-180, width=512, height=512)"
ang20191017t191119_r259_c524_w151_h151,ang20191017t191119-A,619.9061294,ang20191017t191119,/AVIRISNG/Permian2019/ang20191017t191119_r259_c524_w151_h151,2019-10-17,2019-10-17 19:11:19+00:00,0,0,512,512,train,hard,gs://starcop/Permian/permian_2019_official/ang20191017t191119-A_r259_c524_ctr.tif,True,"Window(col_off=-180, row_off=-180, width=512, height=512)"
ang20191011t172641_r6469_c529_w151_h151,ang20191011t172641-7,619.326286,ang20191011t172641,/AVIRISNG/Permian2019/ang20191011t172641_r6469_c529_w151_h151,2019-10-11,2019-10-11 17:26:41+00:00,0,0,512,512,train,hard,gs://starcop/Permian/permian_2019_official/ang20191011t172641-7_r6469_c529_ctr.tif,True,"Window(col_off=-180, row_off=-180, width=512, height=512)"
ang20191023t193139_r2457_c374_w151_h151,ang20191023t193139-1,616.316919,ang20191023t193139,/AVIRISNG/Permian2019/ang20191023t193139_r2457_c374_w151_h151,2019-10-23,2019-10-23 19:31:39+00:00,0,0,512,512,train,hard,gs://starcop/Permian/permian_2019_official/ang20191023t193139-1_r2457_c374_ctr.tif,True,"Window(col_off=-180, row_off=-180, width=512, height=512)"
ang20190923t170747_r8220_c606_w151_h151,ang20190923t170747-B,612.3415524,ang20190923t170747,/AVIRISNG/Permian2019/ang20190923t170747_r8220_c606_w151_h151,2019-09-23,2019-09-23 17:07:47+00:00,0,0,512,512,train,hard,gs://starcop/Permian/permian_2019_official/ang20190923t170747-B_r8220_c606_ctr.tif,True,"Window(col_off=-180, row_off=-180, width=512, height=512)"
ang20190923t163307_r13801_c577_w151_h151,ang20190923t163307-B,612.2835925,ang20190923t163307,/AVIRISNG/Permian2019/ang20190923t163307_r13801_c577_w151_h151,2019-09-23,2019-09-23 16:33:07+00:00,0,0,512,512,train,hard,gs://starcop/Permian/permian_2019_official/ang20190923t163307-B_r13801_c577_ctr.tif,True,"Window(col_off=-180, row_off=-180, width=512, height=512)"
ang20191005t210402_r3026_c243_w151_h151,ang20191005t210402-B,610.7701726,ang20191005t210402,/AVIRISNG/Permian2019/ang20191005t210402_r3026_c243_w151_h151,2019-10-05,2019-10-05 21:04:02+00:00,0,0,512,512,train,hard,gs://starcop/Permian/permian_2019_official/ang20191005t210402-B_r3026_c243_ctr.tif,True,"Window(col_off=-180, row_off=-180, width=512, height=512)"
ang20191022t181138_r4798_c381_w151_h151,ang20191022t181138-6,610.733461,ang20191022t181138,/AVIRISNG/Permian2019/ang20191022t181138_r4798_c381_w151_h151,2019-10-22,2019-10-22 18:11:38+00:00,0,0,512,512,train,hard,gs://starcop/Permian/permian_2019_official/ang20191022t181138-6_r4798_c381_ctr.tif,True,"Window(col_off=-180, row_off=-180, width=512, height=512)"
ang20191007t180411_r328_c40_w151_h151,ang20191007t180411-Q,610.2250716,ang20191007t180411,/AVIRISNG/Permian2019/ang20191007t180411_r328_c40_w151_h151,2019-10-07,2019-10-07 18:04:11+00:00,0,0,512,512,train,hard,gs://starcop/Permian/permian_2019_official/ang20191007t180411-Q_r328_c40_ctr.tif,True,"Window(col_off=-180, row_off=-180, width=512, height=512)"
ang20191016t160914_r1462_c430_w151_h151,ang20191016t160914-1,609.46832,ang20191016t160914,/AVIRISNG/Permian2019/ang20191016t160914_r1462_c430_w151_h151,2019-10-16,2019-10-16 16:09:14+00:00,0,0,512,512,train,hard,gs://starcop/Permian/permian_2019_official/ang20191016t160914-1_r1462_c430_ctr.tif,True,"Window(col_off=-180, row_off=-180, width=512, height=512)"
ang20191008t190449_r8830_c37_w151_h151,ang20191008t190449-3,607.612938,ang20191008t190449,/AVIRISNG/Permian2019/ang20191008t190449_r8830_c37_w151_h151,2019-10-08,2019-10-08 19:04:49+00:00,0,0,512,512,train,hard,gs://starcop/Permian/permian_2019_official/ang20191008t190449-3_r8830_c37_ctr.tif,True,"Window(col_off=-180, row_off=-180, width=512, height=512)"
ang20191011t174241_r2016_c166_w151_h151,ang20191011t174241-C,607.554523,ang20191011t174241,/AVIRISNG/Permian2019/ang20191011t174241_r2016_c166_w151_h151,2019-10-11,2019-10-11 17:42:41+00:00,0,0,512,512,train,hard,gs://starcop/Permian/permian_2019_official/ang20191011t174241-C_r2016_c166_ctr.tif,True,"Window(col_off=-180, row_off=-180, width=512, height=512)"
ang20191011t171218_r5805_c317_w151_h151,ang20191011t171218-B,607.0405203,ang20191011t171218,/AVIRISNG/Permian2019/ang20191011t171218_r5805_c317_w151_h151,2019-10-11,2019-10-11 17:12:18+00:00,0,0,512,512,train,hard,gs://starcop/Permian/permian_2019_official/ang20191011t171218-B_r5805_c317_ctr.tif,True,"Window(col_off=-180, row_off=-180, width=512, height=512)"
ang20191016t174016_r1345_c311_w151_h151,ang20191016t174016-1,605.87246,ang20191016t174016,/AVIRISNG/Permian2019/ang20191016t174016_r1345_c311_w151_h151,2019-10-16,2019-10-16 17:40:16+00:00,0,0,512,512,train,hard,gs://starcop/Permian/permian_2019_official/ang20191016t174016-1_r1345_c311_ctr.tif,True,"Window(col_off=-180, row_off=-180, width=512, height=512)"
ang20191017t160033_r7859_c18_w151_h151,ang20191017t160033-5,604.624343,ang20191017t160033,/AVIRISNG/Permian2019/ang20191017t160033_r7859_c18_w151_h151,2019-10-17,2019-10-17 16:00:33+00:00,0,0,512,512,train,hard,gs://starcop/Permian/permian_2019_official/ang20191017t160033-5_r7859_c18_ctr.tif,True,"Window(col_off=-180, row_off=-180, width=512, height=512)"
ang20191016t190528_r8321_c177_w151_h151,ang20191016t190528-A,604.2863354,ang20191016t190528,/AVIRISNG/Permian2019/ang20191016t190528_r8321_c177_w151_h151,2019-10-16,2019-10-16 19:05:28+00:00,0,0,512,512,train,hard,gs://starcop/Permian/permian_2019_official/ang20191016t190528-A_r8321_c177_ctr.tif,True,"Window(col_off=-180, row_off=-180, width=512, height=512)"
ang20191007t195115_r10468_c473_w151_h151,ang20191007t195115-A,602.6817932,ang20191007t195115,/AVIRISNG/Permian2019/ang20191007t195115_r10468_c473_w151_h151,2019-10-07,2019-10-07 19:51:15+00:00,0,0,512,512,train,hard,gs://starcop/Permian/permian_2019_official/ang20191007t195115-A_r10468_c473_ctr.tif,True,"Window(col_off=-180, row_off=-180, width=512, height=512)"
ang20191016t153826_r4914_c341_w151_h151,ang20191016t153826-3,601.733064,ang20191016t153826,/AVIRISNG/Permian2019/ang20191016t153826_r4914_c341_w151_h151,2019-10-16,2019-10-16 15:38:26+00:00,0,0,512,512,train,hard,gs://starcop/Permian/permian_2019_official/ang20191016t153826-3_r4914_c341_ctr.tif,True,"Window(col_off=-180, row_off=-180, width=512, height=512)"
ang20191016t150743_r7534_c462_w151_h151,ang20191016t150743-4,601.415754,ang20191016t150743,/AVIRISNG/Permian2019/ang20191016t150743_r7534_c462_w151_h151,2019-10-16,2019-10-16 15:07:43+00:00,0,0,512,512,train,hard,gs://starcop/Permian/permian_2019_official/ang20191016t150743-4_r7534_c462_ctr.tif,True,"Window(col_off=-180, row_off=-180, width=512, height=512)"
ang20191019t172500_r5517_c100_w151_h151,ang20191019t172500-E,600.7588345,ang20191019t172500,/AVIRISNG/Permian2019/ang20191019t172500_r5517_c100_w151_h151,2019-10-19,2019-10-19 17:25:00+00:00,0,0,512,512,train,hard,gs://starcop/Permian/permian_2019_official/ang20191019t172500-E_r5517_c100_ctr.tif,True,"Window(col_off=-180, row_off=-180, width=512, height=512)"
ang20191017t150903_r8459_c83_w151_h151,ang20191017t150903-4,600.221575,ang20191017t150903,/AVIRISNG/Permian2019/ang20191017t150903_r8459_c83_w151_h151,2019-10-17,2019-10-17 15:09:03+00:00,0,0,512,512,train,hard,gs://starcop/Permian/permian_2019_official/ang20191017t150903-4_r8459_c83_ctr.tif,True,"Window(col_off=-180, row_off=-180, width=512, height=512)"
ang20191007t180411_r385_c220_w151_h151,ang20191007t180411-L,599.4120848,ang20191007t180411,/AVIRISNG/Permian2019/ang20191007t180411_r385_c220_w151_h151,2019-10-07,2019-10-07 18:04:11+00:00,0,0,512,512,train,hard,gs://starcop/Permian/permian_2019_official/ang20191007t180411-L_r385_c220_ctr.tif,True,"Window(col_off=-180, row_off=-180, width=512, height=512)"
ang20191017t191119_r8161_c166_w151_h151,ang20191017t191119-1,596.00789,ang20191017t191119,/AVIRISNG/Permian2019/ang20191017t191119_r8161_c166_w151_h151,2019-10-17,2019-10-17 19:11:19+00:00,0,0,512,512,train,hard,gs://starcop/Permian/permian_2019_official/ang20191017t191119-1_r8161_c166_ctr.tif,True,"Window(col_off=-180, row_off=-180, width=512, height=512)"
ang20191017t183448_r2595_c353_w151_h151,ang20191017t183448-1,595.634695,ang20191017t183448,/AVIRISNG/Permian2019/ang20191017t183448_r2595_c353_w151_h151,2019-10-17,2019-10-17 18:34:48+00:00,0,0,512,512,train,hard,gs://starcop/Permian/permian_2019_official/ang20191017t183448-1_r2595_c353_ctr.tif,True,"Window(col_off=-180, row_off=-180, width=512, height=512)"
ang20191007t193705_r6677_c293_w151_h151,ang20191007t193705-G,595.5986296,ang20191007t193705,/AVIRISNG/Permian2019/ang20191007t193705_r6677_c293_w151_h151,2019-10-07,2019-10-07 19:37:05+00:00,0,0,512,512,train,hard,gs://starcop/Permian/permian_2019_official/ang20191007t193705-G_r6677_c293_ctr.tif,True,"Window(col_off=-180, row_off=-180, width=512, height=512)"
ang20191022t183431_r3684_c51_w151_h151,ang20191022t183431-6,595.595866,ang20191022t183431,/AVIRISNG/Permian2019/ang20191022t183431_r3684_c51_w151_h151,2019-10-22,2019-10-22 18:34:31+00:00,0,0,512,512,train,hard,gs://starcop/Permian/permian_2019_official/ang20191022t183431-6_r3684_c51_ctr.tif,True,"Window(col_off=-180, row_off=-180, width=512, height=512)"
ang20191008t172458_r15618_c226_w151_h151,ang20191008t172458-A,595.2589302,ang20191008t172458,/AVIRISNG/Permian2019/ang20191008t172458_r15618_c226_w151_h151,2019-10-08,2019-10-08 17:24:58+00:00,0,0,512,512,train,hard,gs://starcop/Permian/permian_2019_official/ang20191008t172458-A_r15618_c226_ctr.tif,True,"Window(col_off=-180, row_off=-180, width=512, height=512)"
ang20191006t165608_r3851_c102_w151_h151,ang20191006t165608-J,593.9265073,ang20191006t165608,/AVIRISNG/Permian2019/ang20191006t165608_r3851_c102_w151_h151,2019-10-06,2019-10-06 16:56:08+00:00,0,0,512,512,train,hard,gs://starcop/Permian/permian_2019_official/ang20191006t165608-J_r3851_c102_ctr.tif,True,"Window(col_off=-180, row_off=-180, width=512, height=512)"
ang20191010t155034_r1054_c264_w151_h151,ang20191010t155034-H,592.6260657,ang20191010t155034,/AVIRISNG/Permian2019/ang20191010t155034_r1054_c264_w151_h151,2019-10-10,2019-10-10 15:50:34+00:00,0,0,512,512,train,hard,gs://starcop/Permian/permian_2019_official/ang20191010t155034-H_r1054_c264_ctr.tif,True,"Window(col_off=-180, row_off=-180, width=512, height=512)"
ang20191010t161700_r9154_c68_w151_h151,ang20191010t161700-D,592.4652667,ang20191010t161700,/AVIRISNG/Permian2019/ang20191010t161700_r9154_c68_w151_h151,2019-10-10,2019-10-10 16:17:00+00:00,0,0,512,512,train,hard,gs://starcop/Permian/permian_2019_official/ang20191010t161700-D_r9154_c68_ctr.tif,True,"Window(col_off=-180, row_off=-180, width=512, height=512)"
ang20190926t191417_r7292_c321_w151_h151,ang20190926t191417-B,592.2450581,ang20190926t191417,/AVIRISNG/Permian2019/ang20190926t191417_r7292_c321_w151_h151,2019-09-26,2019-09-26 19:14:17+00:00,0,0,512,512,train,hard,gs://starcop/Permian/permian_2019_official/ang20190926t191417-B_r7292_c321_ctr.tif,True,"Window(col_off=-180, row_off=-180, width=512, height=512)"
ang20191008t151045_r7709_c339_w151_h151,ang20191008t151045-C,591.9129921,ang20191008t151045,/AVIRISNG/Permian2019/ang20191008t151045_r7709_c339_w151_h151,2019-10-08,2019-10-08 15:10:45+00:00,0,0,512,512,train,hard,gs://starcop/Permian/permian_2019_official/ang20191008t151045-C_r7709_c339_ctr.tif,True,"Window(col_off=-180, row_off=-180, width=512, height=512)"
ang20191022t172245_r1500_c8_w151_h151,ang20191022t172245-3,591.472582,ang20191022t172245,/AVIRISNG/Permian2019/ang20191022t172245_r1500_c8_w151_h151,2019-10-22,2019-10-22 17:22:45+00:00,0,0,512,512,train,hard,gs://starcop/Permian/permian_2019_official/ang20191022t172245-3_r1500_c8_ctr.tif,True,"Window(col_off=-180, row_off=-180, width=512, height=512)"
ang20191016t150743_r7485_c497_w151_h151,ang20191016t150743-B,590.1681761,ang20191016t150743,/AVIRISNG/Permian2019/ang20191016t150743_r7485_c497_w151_h151,2019-10-16,2019-10-16 15:07:43+00:00,0,0,512,512,train,hard,gs://starcop/Permian/permian_2019_official/ang20191016t150743-B_r7485_c497_ctr.tif,True,"Window(col_off=-180, row_off=-180, width=512, height=512)"
ang20191007t190840_r10266_c512_w151_h151,ang20191007t190840-I,589.7625931,ang20191007t190840,/AVIRISNG/Permian2019/ang20191007t190840_r10266_c512_w151_h151,2019-10-07,2019-10-07 19:08:40+00:00,0,0,512,512,train,hard,gs://starcop/Permian/permian_2019_official/ang20191007t190840-I_r10266_c512_ctr.tif,True,"Window(col_off=-180, row_off=-180, width=512, height=512)"
ang20191013t154421_r6544_c120_w151_h151,ang20191013t154421-A,589.0834483,ang20191013t154421,/AVIRISNG/Permian2019/ang20191013t154421_r6544_c120_w151_h151,2019-10-13,2019-10-13 15:44:21+00:00,0,0,512,512,train,hard,gs://starcop/Permian/permian_2019_official/ang20191013t154421-A_r6544_c120_ctr.tif,True,"Window(col_off=-180, row_off=-180, width=512, height=512)"
ang20191011t185825_r7106_c375_w151_h151,ang20191011t185825-5,588.960685,ang20191011t185825,/AVIRISNG/Permian2019/ang20191011t185825_r7106_c375_w151_h151,2019-10-11,2019-10-11 18:58:25+00:00,0,0,512,512,train,hard,gs://starcop/Permian/permian_2019_official/ang20191011t185825-5_r7106_c375_ctr.tif,True,"Window(col_off=-180, row_off=-180, width=512, height=512)"
ang20191007t193705_r6743_c324_w151_h151,ang20191007t193705-F,588.0494941,ang20191007t193705,/AVIRISNG/Permian2019/ang20191007t193705_r6743_c324_w151_h151,2019-10-07,2019-10-07 19:37:05+00:00,0,0,512,512,train,hard,gs://starcop/Permian/permian_2019_official/ang20191007t193705-F_r6743_c324_ctr.tif,True,"Window(col_off=-180, row_off=-180, width=512, height=512)"
ang20190927t192237_r3815_c230_w151_h151,ang20190927t192237-1,587.444976,ang20190927t192237,/AVIRISNG/Permian2019/ang20190927t192237_r3815_c230_w151_h151,2019-09-27,2019-09-27 19:22:37+00:00,0,0,512,512,train,hard,gs://starcop/Permian/permian_2019_official/ang20190927t192237-1_r3815_c230_ctr.tif,True,"Window(col_off=-180, row_off=-180, width=512, height=512)"
ang20191010t152203_r3308_c291_w151_h151,ang20191010t152203-B,586.9233477,ang20191010t152203,/AVIRISNG/Permian2019/ang20191010t152203_r3308_c291_w151_h151,2019-10-10,2019-10-10 15:22:03+00:00,0,0,512,512,train,hard,gs://starcop/Permian/permian_2019_official/ang20191010t152203-B_r3308_c291_ctr.tif,True,"Window(col_off=-180, row_off=-180, width=512, height=512)"
ang20191016t190528_r6562_c257_w151_h151,ang20191016t190528-1,586.618901,ang20191016t190528,/AVIRISNG/Permian2019/ang20191016t190528_r6562_c257_w151_h151,2019-10-16,2019-10-16 19:05:28+00:00,0,0,512,512,train,hard,gs://starcop/Permian/permian_2019_official/ang20191016t190528-1_r6562_c257_ctr.tif,True,"Window(col_off=-180, row_off=-180, width=512, height=512)"
ang20191023t194035_r2804_c564_w151_h151,ang20191023t194035-7,584.878704,ang20191023t194035,/AVIRISNG/Permian2019/ang20191023t194035_r2804_c564_w151_h151,2019-10-23,2019-10-23 19:40:35+00:00,0,0,512,512,train,hard,gs://starcop/Permian/permian_2019_official/ang20191023t194035-7_r2804_c564_ctr.tif,True,"Window(col_off=-180, row_off=-180, width=512, height=512)"
ang20191016t193637_r7529_c196_w151_h151,ang20191016t193637-2,584.275979,ang20191016t193637,/AVIRISNG/Permian2019/ang20191016t193637_r7529_c196_w151_h151,2019-10-16,2019-10-16 19:36:37+00:00,0,0,512,512,train,hard,gs://starcop/Permian/permian_2019_official/ang20191016t193637-2_r7529_c196_ctr.tif,True,"Window(col_off=-180, row_off=-180, width=512, height=512)"
ang20191017t170330_r2719_c223_w151_h151,ang20191017t170330-L,582.5463293,ang20191017t170330,/AVIRISNG/Permian2019/ang20191017t170330_r2719_c223_w151_h151,2019-10-17,2019-10-17 17:03:30+00:00,0,0,512,512,train,hard,gs://starcop/Permian/permian_2019_official/ang20191017t170330-L_r2719_c223_ctr.tif,True,"Window(col_off=-180, row_off=-180, width=512, height=512)"
ang20191022t194943_r13696_c736_w151_h151,ang20191022t194943-C,582.0260608,ang20191022t194943,/AVIRISNG/Permian2019/ang20191022t194943_r13696_c736_w151_h151,2019-10-22,2019-10-22 19:49:43+00:00,0,0,512,512,train,hard,gs://starcop/Permian/permian_2019_official/ang20191022t194943-C_r13696_c736_ctr.tif,True,"Window(col_off=-180, row_off=-180, width=512, height=512)"
ang20190927t162514_r9665_c344_w151_h151,ang20190927t162514-3,581.149089,ang20190927t162514,/AVIRISNG/Permian2019/ang20190927t162514_r9665_c344_w151_h151,2019-09-27,2019-09-27 16:25:14+00:00,0,0,512,512,train,hard,gs://starcop/Permian/permian_2019_official/ang20190927t162514-3_r9665_c344_ctr.tif,True,"Window(col_off=-180, row_off=-180, width=512, height=512)"
ang20191008t194115_r5136_c359_w151_h151,ang20191008t194115-C,580.9082749,ang20191008t194115,/AVIRISNG/Permian2019/ang20191008t194115_r5136_c359_w151_h151,2019-10-08,2019-10-08 19:41:15+00:00,0,0,512,512,train,hard,gs://starcop/Permian/permian_2019_official/ang20191008t194115-C_r5136_c359_ctr.tif,True,"Window(col_off=-180, row_off=-180, width=512, height=512)"
ang20191022t151202_r2097_c308_w151_h151,ang20191022t151202-B,580.1697811,ang20191022t151202,/AVIRISNG/Permian2019/ang20191022t151202_r2097_c308_w151_h151,2019-10-22,2019-10-22 15:12:02+00:00,0,0,512,512,train,hard,gs://starcop/Permian/permian_2019_official/ang20191022t151202-B_r2097_c308_ctr.tif,True,"Window(col_off=-180, row_off=-180, width=512, height=512)"
ang20191011t191345_r3132_c20_w151_h151,ang20191011t191345-D,576.9921965,ang20191011t191345,/AVIRISNG/Permian2019/ang20191011t191345_r3132_c20_w151_h151,2019-10-11,2019-10-11 19:13:45+00:00,0,0,512,512,train,hard,gs://starcop/Permian/permian_2019_official/ang20191011t191345-D_r3132_c20_ctr.tif,True,"Window(col_off=-180, row_off=-180, width=512, height=512)"
ang20191022t152357_r3245_c210_w151_h151,ang20191022t152357-3,573.554438,ang20191022t152357,/AVIRISNG/Permian2019/ang20191022t152357_r3245_c210_w151_h151,2019-10-22,2019-10-22 15:23:57+00:00,0,0,512,512,train,hard,gs://starcop/Permian/permian_2019_official/ang20191022t152357-3_r3245_c210_ctr.tif,True,"Window(col_off=-180, row_off=-180, width=512, height=512)"
ang20191019t172500_r1997_c346_w151_h151,ang20191019t172500-B,570.8944786,ang20191019t172500,/AVIRISNG/Permian2019/ang20191019t172500_r1997_c346_w151_h151,2019-10-19,2019-10-19 17:25:00+00:00,0,0,512,512,train,hard,gs://starcop/Permian/permian_2019_official/ang20191019t172500-B_r1997_c346_ctr.tif,True,"Window(col_off=-180, row_off=-180, width=512, height=512)"
ang20191008t165855_r5763_c547_w151_h151,ang20191008t165855-E,567.7611727,ang20191008t165855,/AVIRISNG/Permian2019/ang20191008t165855_r5763_c547_w151_h151,2019-10-08,2019-10-08 16:58:55+00:00,0,0,512,512,train,hard,gs://starcop/Permian/permian_2019_official/ang20191008t165855-E_r5763_c547_ctr.tif,True,"Window(col_off=-180, row_off=-180, width=512, height=512)"
ang20191007t201917_r4581_c1646_w151_h151,ang20191007t201917-1,566.167645,ang20191007t201917,/AVIRISNG/Permian2019/ang20191007t201917_r4581_c1646_w151_h151,2019-10-07,2019-10-07 20:19:17+00:00,0,0,512,512,train,hard,gs://starcop/Permian/permian_2019_official/ang20191007t201917-1_r4581_c1646_ctr.tif,True,"Window(col_off=-180, row_off=-180, width=512, height=512)"
ang20191011t184311_r5660_c460_w151_h151,ang20191011t184311-2,565.576404,ang20191011t184311,/AVIRISNG/Permian2019/ang20191011t184311_r5660_c460_w151_h151,2019-10-11,2019-10-11 18:43:11+00:00,0,0,512,512,train,hard,gs://starcop/Permian/permian_2019_official/ang20191011t184311-2_r5660_c460_ctr.tif,True,"Window(col_off=-180, row_off=-180, width=512, height=512)"
ang20191006t172739_r852_c455_w151_h151,ang20191006t172739-1,565.337083,ang20191006t172739,/AVIRISNG/Permian2019/ang20191006t172739_r852_c455_w151_h151,2019-10-06,2019-10-06 17:27:39+00:00,0,0,512,512,train,hard,gs://starcop/Permian/permian_2019_official/ang20191006t172739-1_r852_c455_ctr.tif,True,"Window(col_off=-180, row_off=-180, width=512, height=512)"
ang20191017t185057_r3011_c352_w151_h151,ang20191017t185057-A,564.3186185,ang20191017t185057,/AVIRISNG/Permian2019/ang20191017t185057_r3011_c352_w151_h151,2019-10-17,2019-10-17 18:50:57+00:00,0,0,512,512,train,hard,gs://starcop/Permian/permian_2019_official/ang20191017t185057-A_r3011_c352_ctr.tif,True,"Window(col_off=-180, row_off=-180, width=512, height=512)"
ang20191016t145145_r5157_c282_w151_h151,ang20191016t145145-G,563.9370059,ang20191016t145145,/AVIRISNG/Permian2019/ang20191016t145145_r5157_c282_w151_h151,2019-10-16,2019-10-16 14:51:45+00:00,0,0,512,512,train,hard,gs://starcop/Permian/permian_2019_official/ang20191016t145145-G_r5157_c282_ctr.tif,True,"Window(col_off=-180, row_off=-180, width=512, height=512)"
ang20191017t161837_r633_c413_w151_h151,ang20191017t161837-G,563.4016687,ang20191017t161837,/AVIRISNG/Permian2019/ang20191017t161837_r633_c413_w151_h151,2019-10-17,2019-10-17 16:18:37+00:00,0,0,512,512,train,hard,gs://starcop/Permian/permian_2019_official/ang20191017t161837-G_r633_c413_ctr.tif,True,"Window(col_off=-180, row_off=-180, width=512, height=512)"
ang20191011t161719_r1702_c20_w151_h151,ang20191011t161719-A,562.3114658,ang20191011t161719,/AVIRISNG/Permian2019/ang20191011t161719_r1702_c20_w151_h151,2019-10-11,2019-10-11 16:17:19+00:00,0,0,512,512,train,hard,gs://starcop/Permian/permian_2019_official/ang20191011t161719-A_r1702_c20_ctr.tif,True,"Window(col_off=-180, row_off=-180, width=512, height=512)"
ang20191007t201917_r6099_c1760_w151_h151,ang20191007t201917-C,560.7541526,ang20191007t201917,/AVIRISNG/Permian2019/ang20191007t201917_r6099_c1760_w151_h151,2019-10-07,2019-10-07 20:19:17+00:00,0,0,512,512,train,hard,gs://starcop/Permian/permian_2019_official/ang20191007t201917-C_r6099_c1760_ctr.tif,True,"Window(col_off=-180, row_off=-180, width=512, height=512)"
ang20190926t174644_r6413_c463_w151_h151,ang20190926t174644-4,560.085729,ang20190926t174644,/AVIRISNG/Permian2019/ang20190926t174644_r6413_c463_w151_h151,2019-09-26,2019-09-26 17:46:44+00:00,0,0,512,512,train,hard,gs://starcop/Permian/permian_2019_official/ang20190926t174644-4_r6413_c463_ctr.tif,True,"Window(col_off=-180, row_off=-180, width=512, height=512)"
ang20191010t193818_r5450_c229_w151_h151,ang20191010t193818-B,560.0398247,ang20191010t193818,/AVIRISNG/Permian2019/ang20191010t193818_r5450_c229_w151_h151,2019-10-10,2019-10-10 19:38:18+00:00,0,0,512,512,train,hard,gs://starcop/Permian/permian_2019_official/ang20191010t193818-B_r5450_c229_ctr.tif,True,"Window(col_off=-180, row_off=-180, width=512, height=512)"
ang20190926t184029_r1773_c101_w151_h151,ang20190926t184029-I,558.6170736,ang20190926t184029,/AVIRISNG/Permian2019/ang20190926t184029_r1773_c101_w151_h151,2019-09-26,2019-09-26 18:40:29+00:00,0,0,512,512,train,hard,gs://starcop/Permian/permian_2019_official/ang20190926t184029-I_r1773_c101_ctr.tif,True,"Window(col_off=-180, row_off=-180, width=512, height=512)"
ang20191017t170330_r2979_c90_w151_h151,ang20191017t170330-K,555.1980208,ang20191017t170330,/AVIRISNG/Permian2019/ang20191017t170330_r2979_c90_w151_h151,2019-10-17,2019-10-17 17:03:30+00:00,0,0,512,512,train,hard,gs://starcop/Permian/permian_2019_official/ang20191017t170330-K_r2979_c90_ctr.tif,True,"Window(col_off=-180, row_off=-180, width=512, height=512)"
ang20191007t180411_r197_c203_w151_h151,ang20191007t180411-D,554.9784575,ang20191007t180411,/AVIRISNG/Permian2019/ang20191007t180411_r197_c203_w151_h151,2019-10-07,2019-10-07 18:04:11+00:00,0,0,512,512,train,hard,gs://starcop/Permian/permian_2019_official/ang20191007t180411-D_r197_c203_ctr.tif,True,"Window(col_off=-180, row_off=-180, width=512, height=512)"
ang20191023t152801_r8786_c7_w151_h151,ang20191023t152801-4,554.222189,ang20191023t152801,/AVIRISNG/Permian2019/ang20191023t152801_r8786_c7_w151_h151,2019-10-23,2019-10-23 15:28:01+00:00,0,0,512,512,train,hard,gs://starcop/Permian/permian_2019_official/ang20191023t152801-4_r8786_c7_ctr.tif,True,"Window(col_off=-180, row_off=-180, width=512, height=512)"
ang20191023t194035_r453_c807_w151_h151,ang20191023t194035-3,554.133585,ang20191023t194035,/AVIRISNG/Permian2019/ang20191023t194035_r453_c807_w151_h151,2019-10-23,2019-10-23 19:40:35+00:00,0,0,512,512,train,hard,gs://starcop/Permian/permian_2019_official/ang20191023t194035-3_r453_c807_ctr.tif,True,"Window(col_off=-180, row_off=-180, width=512, height=512)"
ang20191006t162415_r2230_c31_w151_h151,ang20191006t162415-D,553.9450542,ang20191006t162415,/AVIRISNG/Permian2019/ang20191006t162415_r2230_c31_w151_h151,2019-10-06,2019-10-06 16:24:15+00:00,0,0,512,512,train,hard,gs://starcop/Permian/permian_2019_official/ang20191006t162415-D_r2230_c31_ctr.tif,True,"Window(col_off=-180, row_off=-180, width=512, height=512)"
ang20191007t180411_r382_c211_w151_h151,ang20191007t180411-K,551.8655958,ang20191007t180411,/AVIRISNG/Permian2019/ang20191007t180411_r382_c211_w151_h151,2019-10-07,2019-10-07 18:04:11+00:00,0,0,512,512,train,hard,gs://starcop/Permian/permian_2019_official/ang20191007t180411-K_r382_c211_ctr.tif,True,"Window(col_off=-180, row_off=-180, width=512, height=512)"
ang20191022t165908_r237_c391_w151_h151,ang20191022t165908-H,549.9600592,ang20191022t165908,/AVIRISNG/Permian2019/ang20191022t165908_r237_c391_w151_h151,2019-10-22,2019-10-22 16:59:08+00:00,0,0,512,512,train,hard,gs://starcop/Permian/permian_2019_official/ang20191022t165908-H_r237_c391_ctr.tif,True,"Window(col_off=-180, row_off=-180, width=512, height=512)"
ang20190928t183313_r8780_c41_w151_h151,ang20190928t183313-2,543.146985,ang20190928t183313,/AVIRISNG/Permian2019/ang20190928t183313_r8780_c41_w151_h151,2019-09-28,2019-09-28 18:33:13+00:00,0,0,512,512,train,hard,gs://starcop/Permian/permian_2019_official/ang20190928t183313-2_r8780_c41_ctr.tif,True,"Window(col_off=-180, row_off=-180, width=512, height=512)"
ang20191019t185452_r23436_c591_w151_h151,ang20191019t185452-B,541.7671899,ang20191019t185452,/AVIRISNG/Permian2019/ang20191019t185452_r23436_c591_w151_h151,2019-10-19,2019-10-19 18:54:52+00:00,0,0,512,512,train,hard,gs://starcop/Permian/permian_2019_official/ang20191019t185452-B_r23436_c591_ctr.tif,True,"Window(col_off=-180, row_off=-180, width=512, height=512)"
ang20191006t165608_r2694_c228_w151_h151,ang20191006t165608-4,541.557412,ang20191006t165608,/AVIRISNG/Permian2019/ang20191006t165608_r2694_c228_w151_h151,2019-10-06,2019-10-06 16:56:08+00:00,0,0,512,512,train,hard,gs://starcop/Permian/permian_2019_official/ang20191006t165608-4_r2694_c228_ctr.tif,True,"Window(col_off=-180, row_off=-180, width=512, height=512)"
ang20190923t185208_r6456_c108_w151_h151,ang20190923t185208-A,540.0119141,ang20190923t185208,/AVIRISNG/Permian2019/ang20190923t185208_r6456_c108_w151_h151,2019-09-23,2019-09-23 18:52:08+00:00,0,0,512,512,train,hard,gs://starcop/Permian/permian_2019_official/ang20190923t185208-A_r6456_c108_ctr.tif,True,"Window(col_off=-180, row_off=-180, width=512, height=512)"
ang20191017t164928_r1924_c168_w151_h151,ang20191017t164928-2,539.644368,ang20191017t164928,/AVIRISNG/Permian2019/ang20191017t164928_r1924_c168_w151_h151,2019-10-17,2019-10-17 16:49:28+00:00,0,0,512,512,train,hard,gs://starcop/Permian/permian_2019_official/ang20191017t164928-2_r1924_c168_ctr.tif,True,"Window(col_off=-180, row_off=-180, width=512, height=512)"
ang20191022t194943_r19384_c244_w151_h151,ang20191022t194943-A,537.9210613,ang20191022t194943,/AVIRISNG/Permian2019/ang20191022t194943_r19384_c244_w151_h151,2019-10-22,2019-10-22 19:49:43+00:00,0,0,512,512,train,hard,gs://starcop/Permian/permian_2019_official/ang20191022t194943-A_r19384_c244_ctr.tif,True,"Window(col_off=-180, row_off=-180, width=512, height=512)"
ang20191007t180411_r377_c192_w151_h151,ang20191007t180411-J,536.9209677,ang20191007t180411,/AVIRISNG/Permian2019/ang20191007t180411_r377_c192_w151_h151,2019-10-07,2019-10-07 18:04:11+00:00,0,0,512,512,train,hard,gs://starcop/Permian/permian_2019_official/ang20191007t180411-J_r377_c192_ctr.tif,True,"Window(col_off=-180, row_off=-180, width=512, height=512)"
ang20191011t181301_r1934_c372_w151_h151,ang20191011t181301-H,536.2594624,ang20191011t181301,/AVIRISNG/Permian2019/ang20191011t181301_r1934_c372_w151_h151,2019-10-11,2019-10-11 18:13:01+00:00,0,0,512,512,train,hard,gs://starcop/Permian/permian_2019_official/ang20191011t181301-H_r1934_c372_ctr.tif,True,"Window(col_off=-180, row_off=-180, width=512, height=512)"
ang20191013t145516_r15602_c363_w151_h151,ang20191013t145516-I,536.0170266,ang20191013t145516,/AVIRISNG/Permian2019/ang20191013t145516_r15602_c363_w151_h151,2019-10-13,2019-10-13 14:55:16+00:00,0,0,512,512,train,hard,gs://starcop/Permian/permian_2019_official/ang20191013t145516-I_r15602_c363_ctr.tif,True,"Window(col_off=-180, row_off=-180, width=512, height=512)"
ang20190923t183439_r12388_c183_w151_h151,ang20190923t183439-B,534.1301957,ang20190923t183439,/AVIRISNG/Permian2019/ang20190923t183439_r12388_c183_w151_h151,2019-09-23,2019-09-23 18:34:39+00:00,0,0,512,512,train,hard,gs://starcop/Permian/permian_2019_official/ang20190923t183439-B_r12388_c183_ctr.tif,True,"Window(col_off=-180, row_off=-180, width=512, height=512)"
ang20191011t182731_r2294_c481_w151_h151,ang20191011t182731-A,533.7885183,ang20191011t182731,/AVIRISNG/Permian2019/ang20191011t182731_r2294_c481_w151_h151,2019-10-11,2019-10-11 18:27:31+00:00,0,0,512,512,train,hard,gs://starcop/Permian/permian_2019_official/ang20191011t182731-A_r2294_c481_ctr.tif,True,"Window(col_off=-180, row_off=-180, width=512, height=512)"
ang20191011t154103_r7201_c121_w151_h151,ang20191011t154103-A,533.5891445,ang20191011t154103,/AVIRISNG/Permian2019/ang20191011t154103_r7201_c121_w151_h151,2019-10-11,2019-10-11 15:41:03+00:00,0,0,512,512,train,hard,gs://starcop/Permian/permian_2019_official/ang20191011t154103-A_r7201_c121_ctr.tif,True,"Window(col_off=-180, row_off=-180, width=512, height=512)"
ang20191019t181857_r3335_c290_w151_h151,ang20191019t181857-1,531.394709,ang20191019t181857,/AVIRISNG/Permian2019/ang20191019t181857_r3335_c290_w151_h151,2019-10-19,2019-10-19 18:18:57+00:00,0,0,512,512,train,hard,gs://starcop/Permian/permian_2019_official/ang20191019t181857-1_r3335_c290_ctr.tif,True,"Window(col_off=-180, row_off=-180, width=512, height=512)"
ang20190923t181729_r6905_c570_w151_h151,ang20190923t181729-E,531.1021735,ang20190923t181729,/AVIRISNG/Permian2019/ang20190923t181729_r6905_c570_w151_h151,2019-09-23,2019-09-23 18:17:29+00:00,0,0,512,512,train,hard,gs://starcop/Permian/permian_2019_official/ang20190923t181729-E_r6905_c570_ctr.tif,True,"Window(col_off=-180, row_off=-180, width=512, height=512)"
ang20191011t175712_r10519_c398_w151_h151,ang20191011t175712-L,528.8342936,ang20191011t175712,/AVIRISNG/Permian2019/ang20191011t175712_r10519_c398_w151_h151,2019-10-11,2019-10-11 17:57:12+00:00,0,0,512,512,train,hard,gs://starcop/Permian/permian_2019_official/ang20191011t175712-L_r10519_c398_ctr.tif,True,"Window(col_off=-180, row_off=-180, width=512, height=512)"
ang20191017t182024_r4733_c246_w151_h151,ang20191017t182024-3,527.499324,ang20191017t182024,/AVIRISNG/Permian2019/ang20191017t182024_r4733_c246_w151_h151,2019-10-17,2019-10-17 18:20:24+00:00,0,0,512,512,train,hard,gs://starcop/Permian/permian_2019_official/ang20191017t182024-3_r4733_c246_ctr.tif,True,"Window(col_off=-180, row_off=-180, width=512, height=512)"
ang20191016t152245_r5983_c340_w151_h151,ang20191016t152245-A,525.5872394,ang20191016t152245,/AVIRISNG/Permian2019/ang20191016t152245_r5983_c340_w151_h151,2019-10-16,2019-10-16 15:22:45+00:00,0,0,512,512,train,hard,gs://starcop/Permian/permian_2019_official/ang20191016t152245-A_r5983_c340_ctr.tif,True,"Window(col_off=-180, row_off=-180, width=512, height=512)"
ang20190927t181142_r496_c397_w151_h151,ang20190927t181142-H,524.5475137,ang20190927t181142,/AVIRISNG/Permian2019/ang20190927t181142_r496_c397_w151_h151,2019-09-27,2019-09-27 18:11:42+00:00,0,0,512,512,train,hard,gs://starcop/Permian/permian_2019_official/ang20190927t181142-H_r496_c397_ctr.tif,True,"Window(col_off=-180, row_off=-180, width=512, height=512)"
ang20191010t193818_r7805_c145_w151_h151,ang20191010t193818-D,524.4614315,ang20191010t193818,/AVIRISNG/Permian2019/ang20191010t193818_r7805_c145_w151_h151,2019-10-10,2019-10-10 19:38:18+00:00,0,0,512,512,train,hard,gs://starcop/Permian/permian_2019_official/ang20191010t193818-D_r7805_c145_ctr.tif,True,"Window(col_off=-180, row_off=-180, width=512, height=512)"
ang20191017t180347_r8056_c173_w151_h151,ang20191017t180347-2,523.471225,ang20191017t180347,/AVIRISNG/Permian2019/ang20191017t180347_r8056_c173_w151_h151,2019-10-17,2019-10-17 18:03:47+00:00,0,0,512,512,train,hard,gs://starcop/Permian/permian_2019_official/ang20191017t180347-2_r8056_c173_ctr.tif,True,"Window(col_off=-180, row_off=-180, width=512, height=512)"
ang20191016t165454_r2143_c260_w151_h151,ang20191016t165454-F,522.9599685,ang20191016t165454,/AVIRISNG/Permian2019/ang20191016t165454_r2143_c260_w151_h151,2019-10-16,2019-10-16 16:54:54+00:00,0,0,512,512,train,hard,gs://starcop/Permian/permian_2019_official/ang20191016t165454-F_r2143_c260_ctr.tif,True,"Window(col_off=-180, row_off=-180, width=512, height=512)"
ang20191016t195058_r7586_c437_w151_h151,ang20191016t195058-3,522.446585,ang20191016t195058,/AVIRISNG/Permian2019/ang20191016t195058_r7586_c437_w151_h151,2019-10-16,2019-10-16 19:50:58+00:00,0,0,512,512,train,hard,gs://starcop/Permian/permian_2019_official/ang20191016t195058-3_r7586_c437_ctr.tif,True,"Window(col_off=-180, row_off=-180, width=512, height=512)"
ang20191016t155337_r10331_c197_w151_h151,ang20191016t155337-A,521.4506225,ang20191016t155337,/AVIRISNG/Permian2019/ang20191016t155337_r10331_c197_w151_h151,2019-10-16,2019-10-16 15:53:37+00:00,0,0,512,512,train,hard,gs://starcop/Permian/permian_2019_official/ang20191016t155337-A_r10331_c197_ctr.tif,True,"Window(col_off=-180, row_off=-180, width=512, height=512)"
ang20191022t154405_r5099_c206_w151_h151,ang20191022t154405-4,519.149713,ang20191022t154405,/AVIRISNG/Permian2019/ang20191022t154405_r5099_c206_w151_h151,2019-10-22,2019-10-22 15:44:05+00:00,0,0,512,512,train,hard,gs://starcop/Permian/permian_2019_official/ang20191022t154405-4_r5099_c206_ctr.tif,True,"Window(col_off=-180, row_off=-180, width=512, height=512)"
ang20191017t160033_r67_c448_w151_h151,ang20191017t160033-1,518.881718,ang20191017t160033,/AVIRISNG/Permian2019/ang20191017t160033_r67_c448_w151_h151,2019-10-17,2019-10-17 16:00:33+00:00,0,0,512,512,train,hard,gs://starcop/Permian/permian_2019_official/ang20191017t160033-1_r67_c448_ctr.tif,True,"Window(col_off=-180, row_off=-180, width=512, height=512)"
ang20191008t165855_r13225_c356_w151_h151,ang20191008t165855-B,517.7607324,ang20191008t165855,/AVIRISNG/Permian2019/ang20191008t165855_r13225_c356_w151_h151,2019-10-08,2019-10-08 16:58:55+00:00,0,0,512,512,train,hard,gs://starcop/Permian/permian_2019_official/ang20191008t165855-B_r13225_c356_ctr.tif,True,"Window(col_off=-180, row_off=-180, width=512, height=512)"
ang20190928t190948_r1327_c440_w151_h151,ang20190928t190948-A,516.8878224,ang20190928t190948,/AVIRISNG/Permian2019/ang20190928t190948_r1327_c440_w151_h151,2019-09-28,2019-09-28 19:09:48+00:00,0,0,512,512,train,hard,gs://starcop/Permian/permian_2019_official/ang20190928t190948-A_r1327_c440_ctr.tif,True,"Window(col_off=-180, row_off=-180, width=512, height=512)"
ang20191022t192048_r3969_c36_w151_h151,ang20191022t192048-2,516.711043,ang20191022t192048,/AVIRISNG/Permian2019/ang20191022t192048_r3969_c36_w151_h151,2019-10-22,2019-10-22 19:20:48+00:00,0,0,512,512,train,hard,gs://starcop/Permian/permian_2019_official/ang20191022t192048-2_r3969_c36_ctr.tif,True,"Window(col_off=-180, row_off=-180, width=512, height=512)"
ang20190927t190436_r5336_c357_w151_h151,ang20190927t190436-A,515.352338,ang20190927t190436,/AVIRISNG/Permian2019/ang20190927t190436_r5336_c357_w151_h151,2019-09-27,2019-09-27 19:04:36+00:00,0,0,512,512,train,hard,gs://starcop/Permian/permian_2019_official/ang20190927t190436-A_r5336_c357_ctr.tif,True,"Window(col_off=-180, row_off=-180, width=512, height=512)"
ang20191008t165855_r11435_c305_w151_h151,ang20191008t165855-C,514.7376707,ang20191008t165855,/AVIRISNG/Permian2019/ang20191008t165855_r11435_c305_w151_h151,2019-10-08,2019-10-08 16:58:55+00:00,0,0,512,512,train,hard,gs://starcop/Permian/permian_2019_official/ang20191008t165855-C_r11435_c305_ctr.tif,True,"Window(col_off=-180, row_off=-180, width=512, height=512)"
ang20191006t165608_r8029_c40_w151_h151,ang20191006t165608-7,514.508194,ang20191006t165608,/AVIRISNG/Permian2019/ang20191006t165608_r8029_c40_w151_h151,2019-10-06,2019-10-06 16:56:08+00:00,0,0,512,512,train,hard,gs://starcop/Permian/permian_2019_official/ang20191006t165608-7_r8029_c40_ctr.tif,True,"Window(col_off=-180, row_off=-180, width=512, height=512)"
ang20191010t195717_r3512_c140_w151_h151,ang20191010t195717-B,513.6569264,ang20191010t195717,/AVIRISNG/Permian2019/ang20191010t195717_r3512_c140_w151_h151,2019-10-10,2019-10-10 19:57:17+00:00,0,0,512,512,train,hard,gs://starcop/Permian/permian_2019_official/ang20191010t195717-B_r3512_c140_ctr.tif,True,"Window(col_off=-180, row_off=-180, width=512, height=512)"
ang20191023t162847_r10192_c462_w151_h151,ang20191023t162847-6,512.468453,ang20191023t162847,/AVIRISNG/Permian2019/ang20191023t162847_r10192_c462_w151_h151,2019-10-23,2019-10-23 16:28:47+00:00,0,0,512,512,train,hard,gs://starcop/Permian/permian_2019_official/ang20191023t162847-6_r10192_c462_ctr.tif,True,"Window(col_off=-180, row_off=-180, width=512, height=512)"
ang20191007t200647_r5947_c145_w151_h151,ang20191007t200647-B,512.1134312,ang20191007t200647,/AVIRISNG/Permian2019/ang20191007t200647_r5947_c145_w151_h151,2019-10-07,2019-10-07 20:06:47+00:00,0,0,512,512,train,hard,gs://starcop/Permian/permian_2019_official/ang20191007t200647-B_r5947_c145_ctr.tif,True,"Window(col_off=-180, row_off=-180, width=512, height=512)"
ang20191016t150743_r8506_c372_w151_h151,ang20191016t150743-7,512.078642,ang20191016t150743,/AVIRISNG/Permian2019/ang20191016t150743_r8506_c372_w151_h151,2019-10-16,2019-10-16 15:07:43+00:00,0,0,512,512,train,hard,gs://starcop/Permian/permian_2019_official/ang20191016t150743-7_r8506_c372_ctr.tif,True,"Window(col_off=-180, row_off=-180, width=512, height=512)"
ang20191017t185057_r7440_c2_w151_h151,ang20191017t185057-3,511.786622,ang20191017t185057,/AVIRISNG/Permian2019/ang20191017t185057_r7440_c2_w151_h151,2019-10-17,2019-10-17 18:50:57+00:00,0,0,512,512,train,hard,gs://starcop/Permian/permian_2019_official/ang20191017t185057-3_r7440_c2_ctr.tif,True,"Window(col_off=-180, row_off=-180, width=512, height=512)"
ang20191007t190840_r6560_c616_w151_h151,ang20191007t190840-D,511.0424046,ang20191007t190840,/AVIRISNG/Permian2019/ang20191007t190840_r6560_c616_w151_h151,2019-10-07,2019-10-07 19:08:40+00:00,0,0,512,512,train,hard,gs://starcop/Permian/permian_2019_official/ang20191007t190840-D_r6560_c616_ctr.tif,True,"Window(col_off=-180, row_off=-180, width=512, height=512)"
ang20191022t152357_r3480_c152_w151_h151,ang20191022t152357-4,510.42061,ang20191022t152357,/AVIRISNG/Permian2019/ang20191022t152357_r3480_c152_w151_h151,2019-10-22,2019-10-22 15:23:57+00:00,0,0,512,512,train,hard,gs://starcop/Permian/permian_2019_official/ang20191022t152357-4_r3480_c152_ctr.tif,True,"Window(col_off=-180, row_off=-180, width=512, height=512)"
ang20191008t172458_r7713_c115_w151_h151,ang20191008t172458-E,510.2203818,ang20191008t172458,/AVIRISNG/Permian2019/ang20191008t172458_r7713_c115_w151_h151,2019-10-08,2019-10-08 17:24:58+00:00,0,0,512,512,train,hard,gs://starcop/Permian/permian_2019_official/ang20191008t172458-E_r7713_c115_ctr.tif,True,"Window(col_off=-180, row_off=-180, width=512, height=512)"
ang20191017t171949_r2334_c222_w151_h151,ang20191017t171949-2,509.58204,ang20191017t171949,/AVIRISNG/Permian2019/ang20191017t171949_r2334_c222_w151_h151,2019-10-17,2019-10-17 17:19:49+00:00,0,0,512,512,train,hard,gs://starcop/Permian/permian_2019_official/ang20191017t171949-2_r2334_c222_ctr.tif,True,"Window(col_off=-180, row_off=-180, width=512, height=512)"
ang20191006t152009_r2694_c249_w151_h151,ang20191006t152009-2,508.368091,ang20191006t152009,/AVIRISNG/Permian2019/ang20191006t152009_r2694_c249_w151_h151,2019-10-06,2019-10-06 15:20:09+00:00,0,0,512,512,train,hard,gs://starcop/Permian/permian_2019_official/ang20191006t152009-2_r2694_c249_ctr.tif,True,"Window(col_off=-180, row_off=-180, width=512, height=512)"
ang20190926t184029_r10009_c90_w151_h151,ang20190926t184029-E,508.1478294,ang20190926t184029,/AVIRISNG/Permian2019/ang20190926t184029_r10009_c90_w151_h151,2019-09-26,2019-09-26 18:40:29+00:00,0,0,512,512,train,hard,gs://starcop/Permian/permian_2019_official/ang20190926t184029-E_r10009_c90_ctr.tif,True,"Window(col_off=-180, row_off=-180, width=512, height=512)"
ang20191010t193818_r3753_c248_w151_h151,ang20191010t193818-G,507.4007688,ang20191010t193818,/AVIRISNG/Permian2019/ang20191010t193818_r3753_c248_w151_h151,2019-10-10,2019-10-10 19:38:18+00:00,0,0,512,512,train,hard,gs://starcop/Permian/permian_2019_official/ang20191010t193818-G_r3753_c248_ctr.tif,True,"Window(col_off=-180, row_off=-180, width=512, height=512)"
ang20191008t190449_r3662_c563_w151_h151,ang20191008t190449-A,507.3705318,ang20191008t190449,/AVIRISNG/Permian2019/ang20191008t190449_r3662_c563_w151_h151,2019-10-08,2019-10-08 19:04:49+00:00,0,0,512,512,train,hard,gs://starcop/Permian/permian_2019_official/ang20191008t190449-A_r3662_c563_ctr.tif,True,"Window(col_off=-180, row_off=-180, width=512, height=512)"
ang20191011t175712_r4641_c326_w151_h151,ang20191011t175712-D,507.2666134,ang20191011t175712,/AVIRISNG/Permian2019/ang20191011t175712_r4641_c326_w151_h151,2019-10-11,2019-10-11 17:57:12+00:00,0,0,512,512,train,hard,gs://starcop/Permian/permian_2019_official/ang20191011t175712-D_r4641_c326_ctr.tif,True,"Window(col_off=-180, row_off=-180, width=512, height=512)"
ang20191022t183431_r2245_c516_w151_h151,ang20191022t183431-A,505.1941515,ang20191022t183431,/AVIRISNG/Permian2019/ang20191022t183431_r2245_c516_w151_h151,2019-10-22,2019-10-22 18:34:31+00:00,0,0,512,512,train,hard,gs://starcop/Permian/permian_2019_official/ang20191022t183431-A_r2245_c516_ctr.tif,True,"Window(col_off=-180, row_off=-180, width=512, height=512)"
ang20190926t185727_r6574_c94_w151_h151,ang20190926t185727-3,504.584706,ang20190926t185727,/AVIRISNG/Permian2019/ang20190926t185727_r6574_c94_w151_h151,2019-09-26,2019-09-26 18:57:27+00:00,0,0,512,512,train,hard,gs://starcop/Permian/permian_2019_official/ang20190926t185727-3_r6574_c94_ctr.tif,True,"Window(col_off=-180, row_off=-180, width=512, height=512)"
ang20191016t163955_r2792_c267_w151_h151,ang20191016t163955-O,504.3269013,ang20191016t163955,/AVIRISNG/Permian2019/ang20191016t163955_r2792_c267_w151_h151,2019-10-16,2019-10-16 16:39:55+00:00,0,0,512,512,train,hard,gs://starcop/Permian/permian_2019_official/ang20191016t163955-O_r2792_c267_ctr.tif,True,"Window(col_off=-180, row_off=-180, width=512, height=512)"
ang20191011t182731_r6578_c227_w151_h151,ang20191011t182731-G,503.3491179,ang20191011t182731,/AVIRISNG/Permian2019/ang20191011t182731_r6578_c227_w151_h151,2019-10-11,2019-10-11 18:27:31+00:00,0,0,512,512,train,hard,gs://starcop/Permian/permian_2019_official/ang20191011t182731-G_r6578_c227_ctr.tif,True,"Window(col_off=-180, row_off=-180, width=512, height=512)"
ang20191010t174755_r5972_c727_w151_h151,ang20191010t174755-A,503.2589504,ang20191010t174755,/AVIRISNG/Permian2019/ang20191010t174755_r5972_c727_w151_h151,2019-10-10,2019-10-10 17:47:55+00:00,0,0,512,512,train,hard,gs://starcop/Permian/permian_2019_official/ang20191010t174755-A_r5972_c727_ctr.tif,True,"Window(col_off=-180, row_off=-180, width=512, height=512)"
ang20191010t195717_r1411_c400_w151_h151,ang20191010t195717-A,500.0758654,ang20191010t195717,/AVIRISNG/Permian2019/ang20191010t195717_r1411_c400_w151_h151,2019-10-10,2019-10-10 19:57:17+00:00,0,0,512,512,train,hard,gs://starcop/Permian/permian_2019_official/ang20191010t195717-A_r1411_c400_ctr.tif,True,"Window(col_off=-180, row_off=-180, width=512, height=512)"
ang20191017t161837_r3564_c381_w151_h151,ang20191017t161837-2,498.899168,ang20191017t161837,/AVIRISNG/Permian2019/ang20191017t161837_r3564_c381_w151_h151,2019-10-17,2019-10-17 16:18:37+00:00,0,0,512,512,train,hard,gs://starcop/Permian/permian_2019_official/ang20191017t161837-2_r3564_c381_ctr.tif,True,"Window(col_off=-180, row_off=-180, width=512, height=512)"
ang20191017t185057_r5074_c337_w151_h151,ang20191017t185057-C,498.6296135,ang20191017t185057,/AVIRISNG/Permian2019/ang20191017t185057_r5074_c337_w151_h151,2019-10-17,2019-10-17 18:50:57+00:00,0,0,512,512,train,hard,gs://starcop/Permian/permian_2019_official/ang20191017t185057-C_r5074_c337_ctr.tif,True,"Window(col_off=-180, row_off=-180, width=512, height=512)"
ang20191011t181301_r6123_c175_w151_h151,ang20191011t181301-D,496.4279179,ang20191011t181301,/AVIRISNG/Permian2019/ang20191011t181301_r6123_c175_w151_h151,2019-10-11,2019-10-11 18:13:01+00:00,0,0,512,512,train,hard,gs://starcop/Permian/permian_2019_official/ang20191011t181301-D_r6123_c175_ctr.tif,True,"Window(col_off=-180, row_off=-180, width=512, height=512)"
ang20190928t185111_r247_c473_w151_h151,ang20190928t185111-B,496.1698729,ang20190928t185111,/AVIRISNG/Permian2019/ang20190928t185111_r247_c473_w151_h151,2019-09-28,2019-09-28 18:51:11+00:00,0,0,512,512,train,hard,gs://starcop/Permian/permian_2019_official/ang20190928t185111-B_r247_c473_ctr.tif,True,"Window(col_off=-180, row_off=-180, width=512, height=512)"
ang20190926t152524_r9314_c202_w151_h151,ang20190926t152524-5,495.990285,ang20190926t152524,/AVIRISNG/Permian2019/ang20190926t152524_r9314_c202_w151_h151,2019-09-26,2019-09-26 15:25:24+00:00,0,0,512,512,train,hard,gs://starcop/Permian/permian_2019_official/ang20190926t152524-5_r9314_c202_ctr.tif,True,"Window(col_off=-180, row_off=-180, width=512, height=512)"
ang20191023t162847_r5792_c559_w151_h151,ang20191023t162847-1,495.988686,ang20191023t162847,/AVIRISNG/Permian2019/ang20191023t162847_r5792_c559_w151_h151,2019-10-23,2019-10-23 16:28:47+00:00,0,0,512,512,train,hard,gs://starcop/Permian/permian_2019_official/ang20191023t162847-1_r5792_c559_ctr.tif,True,"Window(col_off=-180, row_off=-180, width=512, height=512)"
ang20191022t143154_r3627_c924_w151_h151,ang20191022t143154-E,493.7529644,ang20191022t143154,/AVIRISNG/Permian2019/ang20191022t143154_r3627_c924_w151_h151,2019-10-22,2019-10-22 14:31:54+00:00,0,0,512,512,train,hard,gs://starcop/Permian/permian_2019_official/ang20191022t143154-E_r3627_c924_ctr.tif,True,"Window(col_off=-180, row_off=-180, width=512, height=512)"
ang20191007t200647_r1952_c20_w151_h151,ang20191007t200647-F,493.4186233,ang20191007t200647,/AVIRISNG/Permian2019/ang20191007t200647_r1952_c20_w151_h151,2019-10-07,2019-10-07 20:06:47+00:00,0,0,512,512,train,hard,gs://starcop/Permian/permian_2019_official/ang20191007t200647-F_r1952_c20_ctr.tif,True,"Window(col_off=-180, row_off=-180, width=512, height=512)"
ang20191007t193705_r11611_c126_w151_h151,ang20191007t193705-D,492.8728135,ang20191007t193705,/AVIRISNG/Permian2019/ang20191007t193705_r11611_c126_w151_h151,2019-10-07,2019-10-07 19:37:05+00:00,0,0,512,512,train,hard,gs://starcop/Permian/permian_2019_official/ang20191007t193705-D_r11611_c126_ctr.tif,True,"Window(col_off=-180, row_off=-180, width=512, height=512)"
ang20191011t165345_r3229_c379_w151_h151,ang20191011t165345-C,491.8365421,ang20191011t165345,/AVIRISNG/Permian2019/ang20191011t165345_r3229_c379_w151_h151,2019-10-11,2019-10-11 16:53:45+00:00,0,0,512,512,train,hard,gs://starcop/Permian/permian_2019_official/ang20191011t165345-C_r3229_c379_ctr.tif,True,"Window(col_off=-180, row_off=-180, width=512, height=512)"
ang20191011t163647_r6181_c192_w151_h151,ang20191011t163647-F,491.5402651,ang20191011t163647,/AVIRISNG/Permian2019/ang20191011t163647_r6181_c192_w151_h151,2019-10-11,2019-10-11 16:36:47+00:00,0,0,512,512,train,hard,gs://starcop/Permian/permian_2019_official/ang20191011t163647-F_r6181_c192_ctr.tif,True,"Window(col_off=-180, row_off=-180, width=512, height=512)"
ang20191017t173348_r2197_c17_w151_h151,ang20191017t173348-C,491.1926159,ang20191017t173348,/AVIRISNG/Permian2019/ang20191017t173348_r2197_c17_w151_h151,2019-10-17,2019-10-17 17:33:48+00:00,0,0,512,512,train,hard,gs://starcop/Permian/permian_2019_official/ang20191017t173348-C_r2197_c17_ctr.tif,True,"Window(col_off=-180, row_off=-180, width=512, height=512)"
ang20191006t160931_r11274_c502_w151_h151,ang20191006t160931-5,489.257213,ang20191006t160931,/AVIRISNG/Permian2019/ang20191006t160931_r11274_c502_w151_h151,2019-10-06,2019-10-06 16:09:31+00:00,0,0,512,512,train,hard,gs://starcop/Permian/permian_2019_official/ang20191006t160931-5_r11274_c502_ctr.tif,True,"Window(col_off=-180, row_off=-180, width=512, height=512)"
ang20191007t193705_r9802_c132_w151_h151,ang20191007t193705-A,488.2973307,ang20191007t193705,/AVIRISNG/Permian2019/ang20191007t193705_r9802_c132_w151_h151,2019-10-07,2019-10-07 19:37:05+00:00,0,0,512,512,train,hard,gs://starcop/Permian/permian_2019_official/ang20191007t193705-A_r9802_c132_ctr.tif,True,"Window(col_off=-180, row_off=-180, width=512, height=512)"
ang20190926t160016_r12710_c107_w151_h151,ang20190926t160016-D,487.3075143,ang20190926t160016,/AVIRISNG/Permian2019/ang20190926t160016_r12710_c107_w151_h151,2019-09-26,2019-09-26 16:00:16+00:00,0,0,512,512,train,hard,gs://starcop/Permian/permian_2019_official/ang20190926t160016-D_r12710_c107_ctr.tif,True,"Window(col_off=-180, row_off=-180, width=512, height=512)"
ang20190923t183439_r8375_c559_w151_h151,ang20190923t183439-A,487.1907336,ang20190923t183439,/AVIRISNG/Permian2019/ang20190923t183439_r8375_c559_w151_h151,2019-09-23,2019-09-23 18:34:39+00:00,0,0,512,512,train,hard,gs://starcop/Permian/permian_2019_official/ang20190923t183439-A_r8375_c559_ctr.tif,True,"Window(col_off=-180, row_off=-180, width=512, height=512)"
ang20191022t175031_r3060_c477_w151_h151,ang20191022t175031-1,486.449161,ang20191022t175031,/AVIRISNG/Permian2019/ang20191022t175031_r3060_c477_w151_h151,2019-10-22,2019-10-22 17:50:31+00:00,0,0,512,512,train,hard,gs://starcop/Permian/permian_2019_official/ang20191022t175031-1_r3060_c477_ctr.tif,True,"Window(col_off=-180, row_off=-180, width=512, height=512)"
ang20191006t183904_r8230_c262_w151_h151,ang20191006t183904-D,484.478402,ang20191006t183904,/AVIRISNG/Permian2019/ang20191006t183904_r8230_c262_w151_h151,2019-10-06,2019-10-06 18:39:04+00:00,0,0,512,512,train,hard,gs://starcop/Permian/permian_2019_official/ang20191006t183904-D_r8230_c262_ctr.tif,True,"Window(col_off=-180, row_off=-180, width=512, height=512)"
ang20191011t192741_r5743_c218_w151_h151,ang20191011t192741-2,484.312251,ang20191011t192741,/AVIRISNG/Permian2019/ang20191011t192741_r5743_c218_w151_h151,2019-10-11,2019-10-11 19:27:41+00:00,0,0,512,512,train,hard,gs://starcop/Permian/permian_2019_official/ang20191011t192741-2_r5743_c218_ctr.tif,True,"Window(col_off=-180, row_off=-180, width=512, height=512)"
ang20190926t160016_r13060_c411_w151_h151,ang20190926t160016-7,482.992296,ang20190926t160016,/AVIRISNG/Permian2019/ang20190926t160016_r13060_c411_w151_h151,2019-09-26,2019-09-26 16:00:16+00:00,0,0,512,512,train,hard,gs://starcop/Permian/permian_2019_official/ang20190926t160016-7_r13060_c411_ctr.tif,True,"Window(col_off=-180, row_off=-180, width=512, height=512)"
ang20191008t151045_r10167_c436_w151_h151,ang20191008t151045-D,482.9822814,ang20191008t151045,/AVIRISNG/Permian2019/ang20191008t151045_r10167_c436_w151_h151,2019-10-08,2019-10-08 15:10:45+00:00,0,0,512,512,train,hard,gs://starcop/Permian/permian_2019_official/ang20191008t151045-D_r10167_c436_ctr.tif,True,"Window(col_off=-180, row_off=-180, width=512, height=512)"
ang20191017t144928_r8839_c75_w151_h151,ang20191017t144928-12,482.097677,ang20191017t144928,/AVIRISNG/Permian2019/ang20191017t144928_r8839_c75_w151_h151,2019-10-17,2019-10-17 14:49:28+00:00,0,0,512,512,train,hard,gs://starcop/Permian/permian_2019_official/ang20191017t144928-12_r8839_c75_ctr.tif,True,"Window(col_off=-180, row_off=-180, width=512, height=512)"
ang20191011t194308_r4531_c243_w151_h151,ang20191011t194308-A,481.0048662,ang20191011t194308,/AVIRISNG/Permian2019/ang20191011t194308_r4531_c243_w151_h151,2019-10-11,2019-10-11 19:43:08+00:00,0,0,512,512,train,hard,gs://starcop/Permian/permian_2019_official/ang20191011t194308-A_r4531_c243_ctr.tif,True,"Window(col_off=-180, row_off=-180, width=512, height=512)"
ang20191013t173258_r5436_c441_w151_h151,ang20191013t173258-3,480.599037,ang20191013t173258,/AVIRISNG/Permian2019/ang20191013t173258_r5436_c441_w151_h151,2019-10-13,2019-10-13 17:32:58+00:00,0,0,512,512,train,hard,gs://starcop/Permian/permian_2019_official/ang20191013t173258-3_r5436_c441_ctr.tif,True,"Window(col_off=-180, row_off=-180, width=512, height=512)"
ang20190927t160700_r5001_c34_w151_h151,ang20190927t160700-C,480.4927081,ang20190927t160700,/AVIRISNG/Permian2019/ang20190927t160700_r5001_c34_w151_h151,2019-09-27,2019-09-27 16:07:00+00:00,0,0,512,512,train,hard,gs://starcop/Permian/permian_2019_official/ang20190927t160700-C_r5001_c34_ctr.tif,True,"Window(col_off=-180, row_off=-180, width=512, height=512)"
ang20191011t171218_r3593_c332_w151_h151,ang20191011t171218-A,478.7075592,ang20191011t171218,/AVIRISNG/Permian2019/ang20191011t171218_r3593_c332_w151_h151,2019-10-11,2019-10-11 17:12:18+00:00,0,0,512,512,train,hard,gs://starcop/Permian/permian_2019_official/ang20191011t171218-A_r3593_c332_ctr.tif,True,"Window(col_off=-180, row_off=-180, width=512, height=512)"
ang20191007t195115_r1797_c316_w151_h151,ang20191007t195115-3,477.718543,ang20191007t195115,/AVIRISNG/Permian2019/ang20191007t195115_r1797_c316_w151_h151,2019-10-07,2019-10-07 19:51:15+00:00,0,0,512,512,train,hard,gs://starcop/Permian/permian_2019_official/ang20191007t195115-3_r1797_c316_ctr.tif,True,"Window(col_off=-180, row_off=-180, width=512, height=512)"
ang20191010t182147_r4915_c111_w151_h151,ang20191010t182147-B,477.6362554,ang20191010t182147,/AVIRISNG/Permian2019/ang20191010t182147_r4915_c111_w151_h151,2019-10-10,2019-10-10 18:21:47+00:00,0,0,512,512,train,hard,gs://starcop/Permian/permian_2019_official/ang20191010t182147-B_r4915_c111_ctr.tif,True,"Window(col_off=-180, row_off=-180, width=512, height=512)"
ang20191017t164928_r10756_c447_w151_h151,ang20191017t164928-5,477.234317,ang20191017t164928,/AVIRISNG/Permian2019/ang20191017t164928_r10756_c447_w151_h151,2019-10-17,2019-10-17 16:49:28+00:00,0,0,512,512,train,hard,gs://starcop/Permian/permian_2019_official/ang20191017t164928-5_r10756_c447_ctr.tif,True,"Window(col_off=-180, row_off=-180, width=512, height=512)"
ang20190927t184620_r11319_c398_w151_h151,ang20190927t184620-6,476.858185,ang20190927t184620,/AVIRISNG/Permian2019/ang20190927t184620_r11319_c398_w151_h151,2019-09-27,2019-09-27 18:46:20+00:00,0,0,512,512,train,hard,gs://starcop/Permian/permian_2019_official/ang20190927t184620-6_r11319_c398_ctr.tif,True,"Window(col_off=-180, row_off=-180, width=512, height=512)"
ang20191016t174016_r5584_c215_w151_h151,ang20191016t174016-3,476.037377,ang20191016t174016,/AVIRISNG/Permian2019/ang20191016t174016_r5584_c215_w151_h151,2019-10-16,2019-10-16 17:40:16+00:00,0,0,512,512,train,hard,gs://starcop/Permian/permian_2019_official/ang20191016t174016-3_r5584_c215_ctr.tif,True,"Window(col_off=-180, row_off=-180, width=512, height=512)"
ang20191010t155034_r3347_c498_w151_h151,ang20191010t155034-F,472.7786638,ang20191010t155034,/AVIRISNG/Permian2019/ang20191010t155034_r3347_c498_w151_h151,2019-10-10,2019-10-10 15:50:34+00:00,0,0,512,512,train,hard,gs://starcop/Permian/permian_2019_official/ang20191010t155034-F_r3347_c498_ctr.tif,True,"Window(col_off=-180, row_off=-180, width=512, height=512)"
ang20191016t171023_r6452_c377_w151_h151,ang20191016t171023-8,471.719156,ang20191016t171023,/AVIRISNG/Permian2019/ang20191016t171023_r6452_c377_w151_h151,2019-10-16,2019-10-16 17:10:23+00:00,0,0,512,512,train,hard,gs://starcop/Permian/permian_2019_official/ang20191016t171023-8_r6452_c377_ctr.tif,True,"Window(col_off=-180, row_off=-180, width=512, height=512)"
ang20191023t174017_r8481_c109_w151_h151,ang20191023t174017-2,471.456689,ang20191023t174017,/AVIRISNG/Permian2019/ang20191023t174017_r8481_c109_w151_h151,2019-10-23,2019-10-23 17:40:17+00:00,0,0,512,512,train,hard,gs://starcop/Permian/permian_2019_official/ang20191023t174017-2_r8481_c109_ctr.tif,True,"Window(col_off=-180, row_off=-180, width=512, height=512)"
ang20191013t145516_r6319_c499_w151_h151,ang20191013t145516-B,471.3089136,ang20191013t145516,/AVIRISNG/Permian2019/ang20191013t145516_r6319_c499_w151_h151,2019-10-13,2019-10-13 14:55:16+00:00,0,0,512,512,train,hard,gs://starcop/Permian/permian_2019_official/ang20191013t145516-B_r6319_c499_ctr.tif,True,"Window(col_off=-180, row_off=-180, width=512, height=512)"
ang20190928t175550_r6882_c432_w151_h151,ang20190928t175550-1,471.237173,ang20190928t175550,/AVIRISNG/Permian2019/ang20190928t175550_r6882_c432_w151_h151,2019-09-28,2019-09-28 17:55:50+00:00,0,0,512,512,train,hard,gs://starcop/Permian/permian_2019_official/ang20190928t175550-1_r6882_c432_ctr.tif,True,"Window(col_off=-180, row_off=-180, width=512, height=512)"
ang20191022t184525_r1594_c62_w151_h151,ang20191022t184525-2,469.963609,ang20191022t184525,/AVIRISNG/Permian2019/ang20191022t184525_r1594_c62_w151_h151,2019-10-22,2019-10-22 18:45:25+00:00,0,0,512,512,train,hard,gs://starcop/Permian/permian_2019_official/ang20191022t184525-2_r1594_c62_ctr.tif,True,"Window(col_off=-180, row_off=-180, width=512, height=512)"
ang20191011t191345_r4796_c233_w151_h151,ang20191011t191345-B,469.4314454,ang20191011t191345,/AVIRISNG/Permian2019/ang20191011t191345_r4796_c233_w151_h151,2019-10-11,2019-10-11 19:13:45+00:00,0,0,512,512,train,hard,gs://starcop/Permian/permian_2019_official/ang20191011t191345-B_r4796_c233_ctr.tif,True,"Window(col_off=-180, row_off=-180, width=512, height=512)"
ang20191022t175031_r5939_c264_w151_h151,ang20191022t175031-B,468.8339016,ang20191022t175031,/AVIRISNG/Permian2019/ang20191022t175031_r5939_c264_w151_h151,2019-10-22,2019-10-22 17:50:31+00:00,0,0,512,512,train,hard,gs://starcop/Permian/permian_2019_official/ang20191022t175031-B_r5939_c264_ctr.tif,True,"Window(col_off=-180, row_off=-180, width=512, height=512)"
ang20190923t183439_r11958_c293_w151_h151,ang20190923t183439-8,467.889743,ang20190923t183439,/AVIRISNG/Permian2019/ang20190923t183439_r11958_c293_w151_h151,2019-09-23,2019-09-23 18:34:39+00:00,0,0,512,512,train,hard,gs://starcop/Permian/permian_2019_official/ang20190923t183439-8_r11958_c293_ctr.tif,True,"Window(col_off=-180, row_off=-180, width=512, height=512)"
ang20191019t170014_r2002_c351_w151_h151,ang20191019t170014-D,466.9316848,ang20191019t170014,/AVIRISNG/Permian2019/ang20191019t170014_r2002_c351_w151_h151,2019-10-19,2019-10-19 17:00:14+00:00,0,0,512,512,train,hard,gs://starcop/Permian/permian_2019_official/ang20191019t170014-D_r2002_c351_ctr.tif,True,"Window(col_off=-180, row_off=-180, width=512, height=512)"
ang20191016t153826_r5359_c360_w151_h151,ang20191016t153826-G,464.4373251,ang20191016t153826,/AVIRISNG/Permian2019/ang20191016t153826_r5359_c360_w151_h151,2019-10-16,2019-10-16 15:38:26+00:00,0,0,512,512,train,hard,gs://starcop/Permian/permian_2019_official/ang20191016t153826-G_r5359_c360_ctr.tif,True,"Window(col_off=-180, row_off=-180, width=512, height=512)"
ang20191006t174505_r8318_c402_w151_h151,ang20191006t174505-1,464.157162,ang20191006t174505,/AVIRISNG/Permian2019/ang20191006t174505_r8318_c402_w151_h151,2019-10-06,2019-10-06 17:45:05+00:00,0,0,512,512,train,hard,gs://starcop/Permian/permian_2019_official/ang20191006t174505-1_r8318_c402_ctr.tif,True,"Window(col_off=-180, row_off=-180, width=512, height=512)"
ang20191006t171344_r6609_c517_w151_h151,ang20191006t171344-5,464.073251,ang20191006t171344,/AVIRISNG/Permian2019/ang20191006t171344_r6609_c517_w151_h151,2019-10-06,2019-10-06 17:13:44+00:00,0,0,512,512,train,hard,gs://starcop/Permian/permian_2019_official/ang20191006t171344-5_r6609_c517_ctr.tif,True,"Window(col_off=-180, row_off=-180, width=512, height=512)"
ang20191022t164918_r3452_c148_w151_h151,ang20191022t164918-2,463.190938,ang20191022t164918,/AVIRISNG/Permian2019/ang20191022t164918_r3452_c148_w151_h151,2019-10-22,2019-10-22 16:49:18+00:00,0,0,512,512,train,hard,gs://starcop/Permian/permian_2019_official/ang20191022t164918-2_r3452_c148_ctr.tif,True,"Window(col_off=-180, row_off=-180, width=512, height=512)"
ang20190926t182043_r2733_c352_w151_h151,ang20190926t182043-4,462.973832,ang20190926t182043,/AVIRISNG/Permian2019/ang20190926t182043_r2733_c352_w151_h151,2019-09-26,2019-09-26 18:20:43+00:00,0,0,512,512,train,hard,gs://starcop/Permian/permian_2019_official/ang20190926t182043-4_r2733_c352_ctr.tif,True,"Window(col_off=-180, row_off=-180, width=512, height=512)"
ang20191023t145837_r969_c338_w151_h151,ang20191023t145837-A,462.7141563,ang20191023t145837,/AVIRISNG/Permian2019/ang20191023t145837_r969_c338_w151_h151,2019-10-23,2019-10-23 14:58:37+00:00,0,0,512,512,train,hard,gs://starcop/Permian/permian_2019_official/ang20191023t145837-A_r969_c338_ctr.tif,True,"Window(col_off=-180, row_off=-180, width=512, height=512)"
ang20191017t160033_r11427_c47_w151_h151,ang20191017t160033-B,462.6991322,ang20191017t160033,/AVIRISNG/Permian2019/ang20191017t160033_r11427_c47_w151_h151,2019-10-17,2019-10-17 16:00:33+00:00,0,0,512,512,train,hard,gs://starcop/Permian/permian_2019_official/ang20191017t160033-B_r11427_c47_ctr.tif,True,"Window(col_off=-180, row_off=-180, width=512, height=512)"
ang20190926t171159_r7992_c91_w151_h151,ang20190926t171159-B,462.1519058,ang20190926t171159,/AVIRISNG/Permian2019/ang20190926t171159_r7992_c91_w151_h151,2019-09-26,2019-09-26 17:11:59+00:00,0,0,512,512,train,hard,gs://starcop/Permian/permian_2019_official/ang20190926t171159-B_r7992_c91_ctr.tif,True,"Window(col_off=-180, row_off=-180, width=512, height=512)"
ang20190926t172904_r8191_c333_w151_h151,ang20190926t172904-E,461.8515364,ang20190926t172904,/AVIRISNG/Permian2019/ang20190926t172904_r8191_c333_w151_h151,2019-09-26,2019-09-26 17:29:04+00:00,0,0,512,512,train,hard,gs://starcop/Permian/permian_2019_official/ang20190926t172904-E_r8191_c333_ctr.tif,True,"Window(col_off=-180, row_off=-180, width=512, height=512)"
ang20191006t152009_r1798_c487_w151_h151,ang20191006t152009-1,461.818376,ang20191006t152009,/AVIRISNG/Permian2019/ang20191006t152009_r1798_c487_w151_h151,2019-10-06,2019-10-06 15:20:09+00:00,0,0,512,512,train,hard,gs://starcop/Permian/permian_2019_official/ang20191006t152009-1_r1798_c487_ctr.tif,True,"Window(col_off=-180, row_off=-180, width=512, height=512)"
ang20190927t151239_r5770_c331_w151_h151,ang20190927t151239-1,458.006694,ang20190927t151239,/AVIRISNG/Permian2019/ang20190927t151239_r5770_c331_w151_h151,2019-09-27,2019-09-27 15:12:39+00:00,0,0,512,512,train,hard,gs://starcop/Permian/permian_2019_official/ang20190927t151239-1_r5770_c331_ctr.tif,True,"Window(col_off=-180, row_off=-180, width=512, height=512)"
ang20191006t172739_r6369_c536_w151_h151,ang20191006t172739-B,457.4158427,ang20191006t172739,/AVIRISNG/Permian2019/ang20191006t172739_r6369_c536_w151_h151,2019-10-06,2019-10-06 17:27:39+00:00,0,0,512,512,train,hard,gs://starcop/Permian/permian_2019_official/ang20191006t172739-B_r6369_c536_ctr.tif,True,"Window(col_off=-180, row_off=-180, width=512, height=512)"
ang20191016t155337_r11453_c421_w151_h151,ang20191016t155337-7,456.824477,ang20191016t155337,/AVIRISNG/Permian2019/ang20191016t155337_r11453_c421_w151_h151,2019-10-16,2019-10-16 15:53:37+00:00,0,0,512,512,train,hard,gs://starcop/Permian/permian_2019_official/ang20191016t155337-7_r11453_c421_ctr.tif,True,"Window(col_off=-180, row_off=-180, width=512, height=512)"
ang20190926t191417_r7044_c188_w151_h151,ang20190926t191417-C,453.3897237,ang20190926t191417,/AVIRISNG/Permian2019/ang20190926t191417_r7044_c188_w151_h151,2019-09-26,2019-09-26 19:14:17+00:00,0,0,512,512,train,hard,gs://starcop/Permian/permian_2019_official/ang20190926t191417-C_r7044_c188_ctr.tif,True,"Window(col_off=-180, row_off=-180, width=512, height=512)"
ang20191022t150110_r4122_c407_w151_h151,ang20191022t150110-4,453.011492,ang20191022t150110,/AVIRISNG/Permian2019/ang20191022t150110_r4122_c407_w151_h151,2019-10-22,2019-10-22 15:01:10+00:00,0,0,512,512,train,hard,gs://starcop/Permian/permian_2019_official/ang20191022t150110-4_r4122_c407_ctr.tif,True,"Window(col_off=-180, row_off=-180, width=512, height=512)"
ang20191017t170330_r1503_c32_w151_h151,ang20191017t170330-P,452.5911421,ang20191017t170330,/AVIRISNG/Permian2019/ang20191017t170330_r1503_c32_w151_h151,2019-10-17,2019-10-17 17:03:30+00:00,0,0,512,512,train,hard,gs://starcop/Permian/permian_2019_official/ang20191017t170330-P_r1503_c32_ctr.tif,True,"Window(col_off=-180, row_off=-180, width=512, height=512)"
ang20190928t183313_r9386_c282_w151_h151,ang20190928t183313-4,452.505394,ang20190928t183313,/AVIRISNG/Permian2019/ang20190928t183313_r9386_c282_w151_h151,2019-09-28,2019-09-28 18:33:13+00:00,0,0,512,512,train,hard,gs://starcop/Permian/permian_2019_official/ang20190928t183313-4_r9386_c282_ctr.tif,True,"Window(col_off=-180, row_off=-180, width=512, height=512)"
ang20191017t170330_r762_c514_w151_h151,ang20191017t170330-R,451.97986,ang20191017t170330,/AVIRISNG/Permian2019/ang20191017t170330_r762_c514_w151_h151,2019-10-17,2019-10-17 17:03:30+00:00,0,0,512,512,train,hard,gs://starcop/Permian/permian_2019_official/ang20191017t170330-R_r762_c514_ctr.tif,True,"Window(col_off=-180, row_off=-180, width=512, height=512)"
ang20191022t192048_r5198_c309_w151_h151,ang20191022t192048-4,451.379534,ang20191022t192048,/AVIRISNG/Permian2019/ang20191022t192048_r5198_c309_w151_h151,2019-10-22,2019-10-22 19:20:48+00:00,0,0,512,512,train,hard,gs://starcop/Permian/permian_2019_official/ang20191022t192048-4_r5198_c309_ctr.tif,True,"Window(col_off=-180, row_off=-180, width=512, height=512)"
ang20191013t144828_r2842_c520_w151_h151,ang20191013t144828-E,449.5601513,ang20191013t144828,/AVIRISNG/Permian2019/ang20191013t144828_r2842_c520_w151_h151,2019-10-13,2019-10-13 14:48:28+00:00,0,0,512,512,train,hard,gs://starcop/Permian/permian_2019_official/ang20191013t144828-E_r2842_c520_ctr.tif,True,"Window(col_off=-180, row_off=-180, width=512, height=512)"
ang20191022t165908_r3993_c44_w151_h151,ang20191022t165908-2,449.485318,ang20191022t165908,/AVIRISNG/Permian2019/ang20191022t165908_r3993_c44_w151_h151,2019-10-22,2019-10-22 16:59:08+00:00,0,0,512,512,train,hard,gs://starcop/Permian/permian_2019_official/ang20191022t165908-2_r3993_c44_ctr.tif,True,"Window(col_off=-180, row_off=-180, width=512, height=512)"
ang20191011t181301_r5184_c82_w151_h151,ang20191011t181301-I,449.4200424,ang20191011t181301,/AVIRISNG/Permian2019/ang20191011t181301_r5184_c82_w151_h151,2019-10-11,2019-10-11 18:13:01+00:00,0,0,512,512,train,hard,gs://starcop/Permian/permian_2019_official/ang20191011t181301-I_r5184_c82_ctr.tif,True,"Window(col_off=-180, row_off=-180, width=512, height=512)"
ang20191017t150903_r3051_c48_w151_h151,ang20191017t150903-C,448.8164416,ang20191017t150903,/AVIRISNG/Permian2019/ang20191017t150903_r3051_c48_w151_h151,2019-10-17,2019-10-17 15:09:03+00:00,0,0,512,512,train,hard,gs://starcop/Permian/permian_2019_official/ang20191017t150903-C_r3051_c48_ctr.tif,True,"Window(col_off=-180, row_off=-180, width=512, height=512)"
ang20191019t171416_r2073_c298_w151_h151,ang20191019t171416-C,448.7733793,ang20191019t171416,/AVIRISNG/Permian2019/ang20191019t171416_r2073_c298_w151_h151,2019-10-19,2019-10-19 17:14:16+00:00,0,0,512,512,train,hard,gs://starcop/Permian/permian_2019_official/ang20191019t171416-C_r2073_c298_ctr.tif,True,"Window(col_off=-180, row_off=-180, width=512, height=512)"
ang20191006t182329_r9431_c223_w151_h151,ang20191006t182329-C,448.7270464,ang20191006t182329,/AVIRISNG/Permian2019/ang20191006t182329_r9431_c223_w151_h151,2019-10-06,2019-10-06 18:23:29+00:00,0,0,512,512,train,hard,gs://starcop/Permian/permian_2019_official/ang20191006t182329-C_r9431_c223_ctr.tif,True,"Window(col_off=-180, row_off=-180, width=512, height=512)"
ang20190924t183641_r12120_c311_w151_h151,ang20190924t183641-A,447.9894555,ang20190924t183641,/AVIRISNG/Permian2019/ang20190924t183641_r12120_c311_w151_h151,2019-09-24,2019-09-24 18:36:41+00:00,0,0,512,512,train,hard,gs://starcop/Permian/permian_2019_official/ang20190924t183641-A_r12120_c311_ctr.tif,True,"Window(col_off=-180, row_off=-180, width=512, height=512)"
ang20191022t150110_r4057_c323_w151_h151,ang20191022t150110-A,447.0634438,ang20191022t150110,/AVIRISNG/Permian2019/ang20191022t150110_r4057_c323_w151_h151,2019-10-22,2019-10-22 15:01:10+00:00,0,0,512,512,train,hard,gs://starcop/Permian/permian_2019_official/ang20191022t150110-A_r4057_c323_ctr.tif,True,"Window(col_off=-180, row_off=-180, width=512, height=512)"
ang20190927t173620_r6630_c421_w151_h151,ang20190927t173620-3,445.280579,ang20190927t173620,/AVIRISNG/Permian2019/ang20190927t173620_r6630_c421_w151_h151,2019-09-27,2019-09-27 17:36:20+00:00,0,0,512,512,train,hard,gs://starcop/Permian/permian_2019_official/ang20190927t173620-3_r6630_c421_ctr.tif,True,"Window(col_off=-180, row_off=-180, width=512, height=512)"
ang20191022t173357_r3908_c437_w151_h151,ang20191022t173357-5,445.180222,ang20191022t173357,/AVIRISNG/Permian2019/ang20191022t173357_r3908_c437_w151_h151,2019-10-22,2019-10-22 17:33:57+00:00,0,0,512,512,train,hard,gs://starcop/Permian/permian_2019_official/ang20191022t173357-5_r3908_c437_ctr.tif,True,"Window(col_off=-180, row_off=-180, width=512, height=512)"
ang20191006t180341_r7440_c429_w151_h151,ang20191006t180341-E,444.2123747,ang20191006t180341,/AVIRISNG/Permian2019/ang20191006t180341_r7440_c429_w151_h151,2019-10-06,2019-10-06 18:03:41+00:00,0,0,512,512,train,hard,gs://starcop/Permian/permian_2019_official/ang20191006t180341-E_r7440_c429_ctr.tif,True,"Window(col_off=-180, row_off=-180, width=512, height=512)"
ang20190926t223557_r4139_c225_w151_h151,ang20190926t223557-D,443.0984843,ang20190926t223557,/AVIRISNG/Permian2019/ang20190926t223557_r4139_c225_w151_h151,2019-09-26,2019-09-26 22:35:57+00:00,0,0,512,512,train,hard,gs://starcop/Permian/permian_2019_official/ang20190926t223557-D_r4139_c225_ctr.tif,True,"Window(col_off=-180, row_off=-180, width=512, height=512)"
ang20190928t181405_r2149_c243_w151_h151,ang20190928t181405-1,443.035536,ang20190928t181405,/AVIRISNG/Permian2019/ang20190928t181405_r2149_c243_w151_h151,2019-09-28,2019-09-28 18:14:05+00:00,0,0,512,512,train,hard,gs://starcop/Permian/permian_2019_official/ang20190928t181405-1_r2149_c243_ctr.tif,True,"Window(col_off=-180, row_off=-180, width=512, height=512)"
ang20191017t164928_r6688_c260_w151_h151,ang20191017t164928-3,441.527355,ang20191017t164928,/AVIRISNG/Permian2019/ang20191017t164928_r6688_c260_w151_h151,2019-10-17,2019-10-17 16:49:28+00:00,0,0,512,512,train,hard,gs://starcop/Permian/permian_2019_official/ang20191017t164928-3_r6688_c260_ctr.tif,True,"Window(col_off=-180, row_off=-180, width=512, height=512)"
ang20190926t172904_r3349_c562_w151_h151,ang20190926t172904-1,440.389173,ang20190926t172904,/AVIRISNG/Permian2019/ang20190926t172904_r3349_c562_w151_h151,2019-09-26,2019-09-26 17:29:04+00:00,0,0,512,512,train,hard,gs://starcop/Permian/permian_2019_official/ang20190926t172904-1_r3349_c562_ctr.tif,True,"Window(col_off=-180, row_off=-180, width=512, height=512)"
ang20190926t185727_r6903_c288_w151_h151,ang20190926t185727-4,440.230591,ang20190926t185727,/AVIRISNG/Permian2019/ang20190926t185727_r6903_c288_w151_h151,2019-09-26,2019-09-26 18:57:27+00:00,0,0,512,512,train,hard,gs://starcop/Permian/permian_2019_official/ang20190926t185727-4_r6903_c288_ctr.tif,True,"Window(col_off=-180, row_off=-180, width=512, height=512)"
ang20191007t184008_r3035_c411_w151_h151,ang20191007t184008-B,439.7940545,ang20191007t184008,/AVIRISNG/Permian2019/ang20191007t184008_r3035_c411_w151_h151,2019-10-07,2019-10-07 18:40:08+00:00,0,0,512,512,train,hard,gs://starcop/Permian/permian_2019_official/ang20191007t184008-B_r3035_c411_ctr.tif,True,"Window(col_off=-180, row_off=-180, width=512, height=512)"
ang20191019t182848_r6046_c81_w151_h151,ang20191019t182848-3,439.48004,ang20191019t182848,/AVIRISNG/Permian2019/ang20191019t182848_r6046_c81_w151_h151,2019-10-19,2019-10-19 18:28:48+00:00,0,0,512,512,train,hard,gs://starcop/Permian/permian_2019_official/ang20191019t182848-3_r6046_c81_ctr.tif,True,"Window(col_off=-180, row_off=-180, width=512, height=512)"
ang20191007t175016_r4889_c526_w151_h151,ang20191007t175016-D,439.4516965,ang20191007t175016,/AVIRISNG/Permian2019/ang20191007t175016_r4889_c526_w151_h151,2019-10-07,2019-10-07 17:50:16+00:00,0,0,512,512,train,hard,gs://starcop/Permian/permian_2019_official/ang20191007t175016-D_r4889_c526_ctr.tif,True,"Window(col_off=-180, row_off=-180, width=512, height=512)"
ang20191011t192741_r2691_c128_w151_h151,ang20191011t192741-1,438.711706,ang20191011t192741,/AVIRISNG/Permian2019/ang20191011t192741_r2691_c128_w151_h151,2019-10-11,2019-10-11 19:27:41+00:00,0,0,512,512,train,hard,gs://starcop/Permian/permian_2019_official/ang20191011t192741-1_r2691_c128_ctr.tif,True,"Window(col_off=-180, row_off=-180, width=512, height=512)"
ang20191006t174505_r5751_c335_w151_h151,ang20191006t174505-C,437.4606877,ang20191006t174505,/AVIRISNG/Permian2019/ang20191006t174505_r5751_c335_w151_h151,2019-10-06,2019-10-06 17:45:05+00:00,0,0,512,512,train,hard,gs://starcop/Permian/permian_2019_official/ang20191006t174505-C_r5751_c335_ctr.tif,True,"Window(col_off=-180, row_off=-180, width=512, height=512)"
ang20191011t192741_r7362_c453_w151_h151,ang20191011t192741-3,437.387492,ang20191011t192741,/AVIRISNG/Permian2019/ang20191011t192741_r7362_c453_w151_h151,2019-10-11,2019-10-11 19:27:41+00:00,0,0,512,512,train,hard,gs://starcop/Permian/permian_2019_official/ang20191011t192741-3_r7362_c453_ctr.tif,True,"Window(col_off=-180, row_off=-180, width=512, height=512)"
ang20191019t173905_r2861_c308_w151_h151,ang20191019t173905-5,435.455876,ang20191019t173905,/AVIRISNG/Permian2019/ang20191019t173905_r2861_c308_w151_h151,2019-10-19,2019-10-19 17:39:05+00:00,0,0,512,512,train,hard,gs://starcop/Permian/permian_2019_official/ang20191019t173905-5_r2861_c308_ctr.tif,True,"Window(col_off=-180, row_off=-180, width=512, height=512)"
ang20191006t160931_r10165_c277_w151_h151,ang20191006t160931-D,435.0975627,ang20191006t160931,/AVIRISNG/Permian2019/ang20191006t160931_r10165_c277_w151_h151,2019-10-06,2019-10-06 16:09:31+00:00,0,0,512,512,train,hard,gs://starcop/Permian/permian_2019_official/ang20191006t160931-D_r10165_c277_ctr.tif,True,"Window(col_off=-180, row_off=-180, width=512, height=512)"
ang20191006t182329_r5877_c264_w151_h151,ang20191006t182329-D,433.5998,ang20191006t182329,/AVIRISNG/Permian2019/ang20191006t182329_r5877_c264_w151_h151,2019-10-06,2019-10-06 18:23:29+00:00,0,0,512,512,train,hard,gs://starcop/Permian/permian_2019_official/ang20191006t182329-D_r5877_c264_ctr.tif,True,"Window(col_off=-180, row_off=-180, width=512, height=512)"
ang20191022t173357_r1119_c519_w151_h151,ang20191022t173357-B,433.5515692,ang20191022t173357,/AVIRISNG/Permian2019/ang20191022t173357_r1119_c519_w151_h151,2019-10-22,2019-10-22 17:33:57+00:00,0,0,512,512,train,hard,gs://starcop/Permian/permian_2019_official/ang20191022t173357-B_r1119_c519_ctr.tif,True,"Window(col_off=-180, row_off=-180, width=512, height=512)"
ang20191017t163235_r6330_c317_w151_h151,ang20191017t163235-2,433.40789,ang20191017t163235,/AVIRISNG/Permian2019/ang20191017t163235_r6330_c317_w151_h151,2019-10-17,2019-10-17 16:32:35+00:00,0,0,512,512,train,hard,gs://starcop/Permian/permian_2019_official/ang20191017t163235-2_r6330_c317_ctr.tif,True,"Window(col_off=-180, row_off=-180, width=512, height=512)"
ang20191006t182329_r2016_c59_w151_h151,ang20191006t182329-1,433.080613,ang20191006t182329,/AVIRISNG/Permian2019/ang20191006t182329_r2016_c59_w151_h151,2019-10-06,2019-10-06 18:23:29+00:00,0,0,512,512,train,hard,gs://starcop/Permian/permian_2019_official/ang20191006t182329-1_r2016_c59_ctr.tif,True,"Window(col_off=-180, row_off=-180, width=512, height=512)"
ang20191016t165454_r283_c95_w151_h151,ang20191016t165454-1,433.039451,ang20191016t165454,/AVIRISNG/Permian2019/ang20191016t165454_r283_c95_w151_h151,2019-10-16,2019-10-16 16:54:54+00:00,0,0,512,512,train,hard,gs://starcop/Permian/permian_2019_official/ang20191016t165454-1_r283_c95_ctr.tif,True,"Window(col_off=-180, row_off=-180, width=512, height=512)"
ang20190923t163307_r12822_c605_w151_h151,ang20190923t163307-F,432.4084353,ang20190923t163307,/AVIRISNG/Permian2019/ang20190923t163307_r12822_c605_w151_h151,2019-09-23,2019-09-23 16:33:07+00:00,0,0,512,512,train,hard,gs://starcop/Permian/permian_2019_official/ang20190923t163307-F_r12822_c605_ctr.tif,True,"Window(col_off=-180, row_off=-180, width=512, height=512)"
ang20191011t175712_r4592_c251_w151_h151,ang20191011t175712-C,431.9132581,ang20191011t175712,/AVIRISNG/Permian2019/ang20191011t175712_r4592_c251_w151_h151,2019-10-11,2019-10-11 17:57:12+00:00,0,0,512,512,train,hard,gs://starcop/Permian/permian_2019_official/ang20191011t175712-C_r4592_c251_ctr.tif,True,"Window(col_off=-180, row_off=-180, width=512, height=512)"
ang20191006t164135_r11597_c261_w151_h151,ang20191006t164135-6,431.453429,ang20191006t164135,/AVIRISNG/Permian2019/ang20191006t164135_r11597_c261_w151_h151,2019-10-06,2019-10-06 16:41:35+00:00,0,0,512,512,train,hard,gs://starcop/Permian/permian_2019_official/ang20191006t164135-6_r11597_c261_ctr.tif,True,"Window(col_off=-180, row_off=-180, width=512, height=512)"
ang20191017t144928_r9603_c193_w151_h151,ang20191017t144928-A,431.2789719,ang20191017t144928,/AVIRISNG/Permian2019/ang20191017t144928_r9603_c193_w151_h151,2019-10-17,2019-10-17 14:49:28+00:00,0,0,512,512,train,hard,gs://starcop/Permian/permian_2019_official/ang20191017t144928-A_r9603_c193_ctr.tif,True,"Window(col_off=-180, row_off=-180, width=512, height=512)"
ang20190927t182905_r1592_c329_w151_h151,ang20190927t182905-E,429.5689055,ang20190927t182905,/AVIRISNG/Permian2019/ang20190927t182905_r1592_c329_w151_h151,2019-09-27,2019-09-27 18:29:05+00:00,0,0,512,512,train,hard,gs://starcop/Permian/permian_2019_official/ang20190927t182905-E_r1592_c329_ctr.tif,True,"Window(col_off=-180, row_off=-180, width=512, height=512)"
ang20191016t163955_r2589_c89_w151_h151,ang20191016t163955-T,427.9986312,ang20191016t163955,/AVIRISNG/Permian2019/ang20191016t163955_r2589_c89_w151_h151,2019-10-16,2019-10-16 16:39:55+00:00,0,0,512,512,train,hard,gs://starcop/Permian/permian_2019_official/ang20191016t163955-T_r2589_c89_ctr.tif,True,"Window(col_off=-180, row_off=-180, width=512, height=512)"
ang20191017t143318_r6653_c313_w151_h151,ang20191017t143318-B,427.1810517,ang20191017t143318,/AVIRISNG/Permian2019/ang20191017t143318_r6653_c313_w151_h151,2019-10-17,2019-10-17 14:33:18+00:00,0,0,512,512,train,hard,gs://starcop/Permian/permian_2019_official/ang20191017t143318-B_r6653_c313_ctr.tif,True,"Window(col_off=-180, row_off=-180, width=512, height=512)"
ang20191017t174946_r10277_c360_w151_h151,ang20191017t174946-G,427.1131699,ang20191017t174946,/AVIRISNG/Permian2019/ang20191017t174946_r10277_c360_w151_h151,2019-10-17,2019-10-17 17:49:46+00:00,0,0,512,512,train,hard,gs://starcop/Permian/permian_2019_official/ang20191017t174946-G_r10277_c360_ctr.tif,True,"Window(col_off=-180, row_off=-180, width=512, height=512)"
ang20191011t171218_r2904_c116_w151_h151,ang20191011t171218-D,426.9829701,ang20191011t171218,/AVIRISNG/Permian2019/ang20191011t171218_r2904_c116_w151_h151,2019-10-11,2019-10-11 17:12:18+00:00,0,0,512,512,train,hard,gs://starcop/Permian/permian_2019_official/ang20191011t171218-D_r2904_c116_ctr.tif,True,"Window(col_off=-180, row_off=-180, width=512, height=512)"
ang20191013t152730_r7052_c86_w151_h151,ang20191013t152730-B,426.7538447,ang20191013t152730,/AVIRISNG/Permian2019/ang20191013t152730_r7052_c86_w151_h151,2019-10-13,2019-10-13 15:27:30+00:00,0,0,512,512,train,hard,gs://starcop/Permian/permian_2019_official/ang20191013t152730-B_r7052_c86_ctr.tif,True,"Window(col_off=-180, row_off=-180, width=512, height=512)"
ang20191016t152245_r7098_c320_w151_h151,ang20191016t152245-B,426.6576843,ang20191016t152245,/AVIRISNG/Permian2019/ang20191016t152245_r7098_c320_w151_h151,2019-10-16,2019-10-16 15:22:45+00:00,0,0,512,512,train,hard,gs://starcop/Permian/permian_2019_official/ang20191016t152245-B_r7098_c320_ctr.tif,True,"Window(col_off=-180, row_off=-180, width=512, height=512)"
ang20191006t150453_r1807_c85_w151_h151,ang20191006t150453-2,426.159705,ang20191006t150453,/AVIRISNG/Permian2019/ang20191006t150453_r1807_c85_w151_h151,2019-10-06,2019-10-06 15:04:53+00:00,0,0,512,512,train,hard,gs://starcop/Permian/permian_2019_official/ang20191006t150453-2_r1807_c85_ctr.tif,True,"Window(col_off=-180, row_off=-180, width=512, height=512)"
ang20191016t175642_r10789_c230_w151_h151,ang20191016t175642-C,425.8626251,ang20191016t175642,/AVIRISNG/Permian2019/ang20191016t175642_r10789_c230_w151_h151,2019-10-16,2019-10-16 17:56:42+00:00,0,0,512,512,train,hard,gs://starcop/Permian/permian_2019_official/ang20191016t175642-C_r10789_c230_ctr.tif,True,"Window(col_off=-180, row_off=-180, width=512, height=512)"
ang20191013t144828_r697_c43_w151_h151,ang20191013t144828-27,425.855688,ang20191013t144828,/AVIRISNG/Permian2019/ang20191013t144828_r697_c43_w151_h151,2019-10-13,2019-10-13 14:48:28+00:00,0,0,512,512,train,hard,gs://starcop/Permian/permian_2019_official/ang20191013t144828-27_r697_c43_ctr.tif,True,"Window(col_off=-180, row_off=-180, width=512, height=512)"
ang20191011t175712_r958_c410_w151_h151,ang20191011t175712-E,425.7122069,ang20191011t175712,/AVIRISNG/Permian2019/ang20191011t175712_r958_c410_w151_h151,2019-10-11,2019-10-11 17:57:12+00:00,0,0,512,512,train,hard,gs://starcop/Permian/permian_2019_official/ang20191011t175712-E_r958_c410_ctr.tif,True,"Window(col_off=-180, row_off=-180, width=512, height=512)"
ang20191011t192741_r10154_c395_w151_h151,ang20191011t192741-D,424.7934818,ang20191011t192741,/AVIRISNG/Permian2019/ang20191011t192741_r10154_c395_w151_h151,2019-10-11,2019-10-11 19:27:41+00:00,0,0,512,512,train,hard,gs://starcop/Permian/permian_2019_official/ang20191011t192741-D_r10154_c395_ctr.tif,True,"Window(col_off=-180, row_off=-180, width=512, height=512)"
ang20191007t193705_r2739_c559_w151_h151,ang20191007t193705-I,424.5589465,ang20191007t193705,/AVIRISNG/Permian2019/ang20191007t193705_r2739_c559_w151_h151,2019-10-07,2019-10-07 19:37:05+00:00,0,0,512,512,train,hard,gs://starcop/Permian/permian_2019_official/ang20191007t193705-I_r2739_c559_ctr.tif,True,"Window(col_off=-180, row_off=-180, width=512, height=512)"
ang20191019t164827_r4292_c325_w151_h151,ang20191019t164827-2,424.361899,ang20191019t164827,/AVIRISNG/Permian2019/ang20191019t164827_r4292_c325_w151_h151,2019-10-19,2019-10-19 16:48:27+00:00,0,0,512,512,train,hard,gs://starcop/Permian/permian_2019_official/ang20191019t164827-2_r4292_c325_ctr.tif,True,"Window(col_off=-180, row_off=-180, width=512, height=512)"
ang20190928t185111_r1236_c350_w151_h151,ang20190928t185111-C,423.3571014,ang20190928t185111,/AVIRISNG/Permian2019/ang20190928t185111_r1236_c350_w151_h151,2019-09-28,2019-09-28 18:51:11+00:00,0,0,512,512,train,hard,gs://starcop/Permian/permian_2019_official/ang20190928t185111-C_r1236_c350_ctr.tif,True,"Window(col_off=-180, row_off=-180, width=512, height=512)"
ang20191011t182731_r2914_c320_w151_h151,ang20191011t182731-F,423.1430225,ang20191011t182731,/AVIRISNG/Permian2019/ang20191011t182731_r2914_c320_w151_h151,2019-10-11,2019-10-11 18:27:31+00:00,0,0,512,512,train,hard,gs://starcop/Permian/permian_2019_official/ang20191011t182731-F_r2914_c320_ctr.tif,True,"Window(col_off=-180, row_off=-180, width=512, height=512)"
ang20191017t180347_r8010_c129_w151_h151,ang20191017t180347-A,423.0195168,ang20191017t180347,/AVIRISNG/Permian2019/ang20191017t180347_r8010_c129_w151_h151,2019-10-17,2019-10-17 18:03:47+00:00,0,0,512,512,train,hard,gs://starcop/Permian/permian_2019_official/ang20191017t180347-A_r8010_c129_ctr.tif,True,"Window(col_off=-180, row_off=-180, width=512, height=512)"
ang20191017t170330_r3709_c175_w151_h151,ang20191017t170330-T,421.1473814,ang20191017t170330,/AVIRISNG/Permian2019/ang20191017t170330_r3709_c175_w151_h151,2019-10-17,2019-10-17 17:03:30+00:00,0,0,512,512,train,hard,gs://starcop/Permian/permian_2019_official/ang20191017t170330-T_r3709_c175_ctr.tif,True,"Window(col_off=-180, row_off=-180, width=512, height=512)"
ang20190922t192642_r4928_c373_w151_h151,ang20190922t192642-4,420.725207,ang20190922t192642,/AVIRISNG/Permian2019/ang20190922t192642_r4928_c373_w151_h151,2019-09-22,2019-09-22 19:26:42+00:00,0,0,512,512,train,hard,gs://starcop/Permian/permian_2019_official/ang20190922t192642-4_r4928_c373_ctr.tif,True,"Window(col_off=-180, row_off=-180, width=512, height=512)"
ang20191006t171344_r7119_c516_w151_h151,ang20191006t171344-E,420.1645506,ang20191006t171344,/AVIRISNG/Permian2019/ang20191006t171344_r7119_c516_w151_h151,2019-10-06,2019-10-06 17:13:44+00:00,0,0,512,512,train,hard,gs://starcop/Permian/permian_2019_official/ang20191006t171344-E_r7119_c516_ctr.tif,True,"Window(col_off=-180, row_off=-180, width=512, height=512)"
ang20190923t163307_r13596_c639_w151_h151,ang20190923t163307-A,419.7539721,ang20190923t163307,/AVIRISNG/Permian2019/ang20190923t163307_r13596_c639_w151_h151,2019-09-23,2019-09-23 16:33:07+00:00,0,0,512,512,train,hard,gs://starcop/Permian/permian_2019_official/ang20190923t163307-A_r13596_c639_ctr.tif,True,"Window(col_off=-180, row_off=-180, width=512, height=512)"
ang20191011t181301_r10726_c523_w151_h151,ang20191011t181301-4,419.259004,ang20191011t181301,/AVIRISNG/Permian2019/ang20191011t181301_r10726_c523_w151_h151,2019-10-11,2019-10-11 18:13:01+00:00,0,0,512,512,train,hard,gs://starcop/Permian/permian_2019_official/ang20191011t181301-4_r10726_c523_ctr.tif,True,"Window(col_off=-180, row_off=-180, width=512, height=512)"
ang20191016t195058_r416_c816_w151_h151,ang20191016t195058-H,419.1404904,ang20191016t195058,/AVIRISNG/Permian2019/ang20191016t195058_r416_c816_w151_h151,2019-10-16,2019-10-16 19:50:58+00:00,0,0,512,512,train,hard,gs://starcop/Permian/permian_2019_official/ang20191016t195058-H_r416_c816_ctr.tif,True,"Window(col_off=-180, row_off=-180, width=512, height=512)"
ang20190926t223557_r2988_c24_w151_h151,ang20190926t223557-B,417.5715493,ang20190926t223557,/AVIRISNG/Permian2019/ang20190926t223557_r2988_c24_w151_h151,2019-09-26,2019-09-26 22:35:57+00:00,0,0,512,512,train,hard,gs://starcop/Permian/permian_2019_official/ang20190926t223557-B_r2988_c24_ctr.tif,True,"Window(col_off=-180, row_off=-180, width=512, height=512)"
ang20191016t155337_r7832_c527_w151_h151,ang20191016t155337-C,416.9930197,ang20191016t155337,/AVIRISNG/Permian2019/ang20191016t155337_r7832_c527_w151_h151,2019-10-16,2019-10-16 15:53:37+00:00,0,0,512,512,train,hard,gs://starcop/Permian/permian_2019_official/ang20191016t155337-C_r7832_c527_ctr.tif,True,"Window(col_off=-180, row_off=-180, width=512, height=512)"
ang20191022t165908_r4089_c472_w151_h151,ang20191022t165908-G,416.7515614,ang20191022t165908,/AVIRISNG/Permian2019/ang20191022t165908_r4089_c472_w151_h151,2019-10-22,2019-10-22 16:59:08+00:00,0,0,512,512,train,hard,gs://starcop/Permian/permian_2019_official/ang20191022t165908-G_r4089_c472_ctr.tif,True,"Window(col_off=-180, row_off=-180, width=512, height=512)"
ang20191016t152245_r9146_c549_w151_h151,ang20191016t152245-C,415.5250481,ang20191016t152245,/AVIRISNG/Permian2019/ang20191016t152245_r9146_c549_w151_h151,2019-10-16,2019-10-16 15:22:45+00:00,0,0,512,512,train,hard,gs://starcop/Permian/permian_2019_official/ang20191016t152245-C_r9146_c549_ctr.tif,True,"Window(col_off=-180, row_off=-180, width=512, height=512)"
ang20191006t171344_r528_c506_w151_h151,ang20191006t171344-P,414.8522961,ang20191006t171344,/AVIRISNG/Permian2019/ang20191006t171344_r528_c506_w151_h151,2019-10-06,2019-10-06 17:13:44+00:00,0,0,512,512,train,hard,gs://starcop/Permian/permian_2019_official/ang20191006t171344-P_r528_c506_ctr.tif,True,"Window(col_off=-180, row_off=-180, width=512, height=512)"
ang20191011t182731_r2675_c491_w151_h151,ang20191011t182731-D,414.7912363,ang20191011t182731,/AVIRISNG/Permian2019/ang20191011t182731_r2675_c491_w151_h151,2019-10-11,2019-10-11 18:27:31+00:00,0,0,512,512,train,hard,gs://starcop/Permian/permian_2019_official/ang20191011t182731-D_r2675_c491_ctr.tif,True,"Window(col_off=-180, row_off=-180, width=512, height=512)"
ang20191019t183727_r5903_c124_w151_h151,ang20191019t183727-3,413.243131,ang20191019t183727,/AVIRISNG/Permian2019/ang20191019t183727_r5903_c124_w151_h151,2019-10-19,2019-10-19 18:37:27+00:00,0,0,512,512,train,hard,gs://starcop/Permian/permian_2019_official/ang20191019t183727-3_r5903_c124_ctr.tif,True,"Window(col_off=-180, row_off=-180, width=512, height=512)"
ang20190927t171836_r11777_c526_w151_h151,ang20190927t171836-4,412.439481,ang20190927t171836,/AVIRISNG/Permian2019/ang20190927t171836_r11777_c526_w151_h151,2019-09-27,2019-09-27 17:18:36+00:00,0,0,512,512,train,hard,gs://starcop/Permian/permian_2019_official/ang20190927t171836-4_r11777_c526_ctr.tif,True,"Window(col_off=-180, row_off=-180, width=512, height=512)"
ang20191016t171023_r5974_c472_w151_h151,ang20191016t171023-F,412.4236475,ang20191016t171023,/AVIRISNG/Permian2019/ang20191016t171023_r5974_c472_w151_h151,2019-10-16,2019-10-16 17:10:23+00:00,0,0,512,512,train,hard,gs://starcop/Permian/permian_2019_official/ang20191016t171023-F_r5974_c472_ctr.tif,True,"Window(col_off=-180, row_off=-180, width=512, height=512)"
ang20191013t152730_r7245_c298_w151_h151,ang20191013t152730-11,410.815844,ang20191013t152730,/AVIRISNG/Permian2019/ang20191013t152730_r7245_c298_w151_h151,2019-10-13,2019-10-13 15:27:30+00:00,0,0,512,512,train,hard,gs://starcop/Permian/permian_2019_official/ang20191013t152730-11_r7245_c298_ctr.tif,True,"Window(col_off=-180, row_off=-180, width=512, height=512)"
ang20191019t184718_r1275_c527_w151_h151,ang20191019t184718-C,410.4296615,ang20191019t184718,/AVIRISNG/Permian2019/ang20191019t184718_r1275_c527_w151_h151,2019-10-19,2019-10-19 18:47:18+00:00,0,0,512,512,train,hard,gs://starcop/Permian/permian_2019_official/ang20191019t184718-C_r1275_c527_ctr.tif,True,"Window(col_off=-180, row_off=-180, width=512, height=512)"
ang20191013t145516_r6578_c510_w151_h151,ang20191013t145516-9,410.149382,ang20191013t145516,/AVIRISNG/Permian2019/ang20191013t145516_r6578_c510_w151_h151,2019-10-13,2019-10-13 14:55:16+00:00,0,0,512,512,train,hard,gs://starcop/Permian/permian_2019_official/ang20191013t145516-9_r6578_c510_ctr.tif,True,"Window(col_off=-180, row_off=-180, width=512, height=512)"
ang20190927t173620_r10774_c528_w151_h151,ang20190927t173620-B,409.3545105,ang20190927t173620,/AVIRISNG/Permian2019/ang20190927t173620_r10774_c528_w151_h151,2019-09-27,2019-09-27 17:36:20+00:00,0,0,512,512,train,hard,gs://starcop/Permian/permian_2019_official/ang20190927t173620-B_r10774_c528_ctr.tif,True,"Window(col_off=-180, row_off=-180, width=512, height=512)"
ang20191007t193705_r7885_c86_w151_h151,ang20191007t193705-4,408.706507,ang20191007t193705,/AVIRISNG/Permian2019/ang20191007t193705_r7885_c86_w151_h151,2019-10-07,2019-10-07 19:37:05+00:00,0,0,512,512,train,hard,gs://starcop/Permian/permian_2019_official/ang20191007t193705-4_r7885_c86_ctr.tif,True,"Window(col_off=-180, row_off=-180, width=512, height=512)"
ang20191013t144828_r3782_c461_w151_h151,ang20191013t144828-D,408.671719,ang20191013t144828,/AVIRISNG/Permian2019/ang20191013t144828_r3782_c461_w151_h151,2019-10-13,2019-10-13 14:48:28+00:00,0,0,512,512,train,hard,gs://starcop/Permian/permian_2019_official/ang20191013t144828-D_r3782_c461_ctr.tif,True,"Window(col_off=-180, row_off=-180, width=512, height=512)"
ang20191022t184525_r2341_c36_w151_h151,ang20191022t184525-D,407.7449153,ang20191022t184525,/AVIRISNG/Permian2019/ang20191022t184525_r2341_c36_w151_h151,2019-10-22,2019-10-22 18:45:25+00:00,0,0,512,512,train,hard,gs://starcop/Permian/permian_2019_official/ang20191022t184525-D_r2341_c36_ctr.tif,True,"Window(col_off=-180, row_off=-180, width=512, height=512)"
ang20191008t183946_r6239_c233_w151_h151,ang20191008t183946-1,406.362189,ang20191008t183946,/AVIRISNG/Permian2019/ang20191008t183946_r6239_c233_w151_h151,2019-10-08,2019-10-08 18:39:46+00:00,0,0,512,512,train,hard,gs://starcop/Permian/permian_2019_official/ang20191008t183946-1_r6239_c233_ctr.tif,True,"Window(col_off=-180, row_off=-180, width=512, height=512)"
ang20191007t190840_r8184_c152_w151_h151,ang20191007t190840-H,406.1534234,ang20191007t190840,/AVIRISNG/Permian2019/ang20191007t190840_r8184_c152_w151_h151,2019-10-07,2019-10-07 19:08:40+00:00,0,0,512,512,train,hard,gs://starcop/Permian/permian_2019_official/ang20191007t190840-H_r8184_c152_ctr.tif,True,"Window(col_off=-180, row_off=-180, width=512, height=512)"
ang20191013t173258_r104_c646_w151_h151,ang20191013t173258-B,404.4030279,ang20191013t173258,/AVIRISNG/Permian2019/ang20191013t173258_r104_c646_w151_h151,2019-10-13,2019-10-13 17:32:58+00:00,0,0,512,512,train,hard,gs://starcop/Permian/permian_2019_official/ang20191013t173258-B_r104_c646_ctr.tif,True,"Window(col_off=-180, row_off=-180, width=512, height=512)"
ang20191022t152357_r5293_c281_w151_h151,ang20191022t152357-6,404.219705,ang20191022t152357,/AVIRISNG/Permian2019/ang20191022t152357_r5293_c281_w151_h151,2019-10-22,2019-10-22 15:23:57+00:00,0,0,512,512,train,hard,gs://starcop/Permian/permian_2019_official/ang20191022t152357-6_r5293_c281_ctr.tif,True,"Window(col_off=-180, row_off=-180, width=512, height=512)"
ang20191007t190840_r7494_c425_w151_h151,ang20191007t190840-K,404.2088677,ang20191007t190840,/AVIRISNG/Permian2019/ang20191007t190840_r7494_c425_w151_h151,2019-10-07,2019-10-07 19:08:40+00:00,0,0,512,512,train,hard,gs://starcop/Permian/permian_2019_official/ang20191007t190840-K_r7494_c425_ctr.tif,True,"Window(col_off=-180, row_off=-180, width=512, height=512)"
ang20190928t175550_r8789_c183_w151_h151,ang20190928t175550-2,402.559668,ang20190928t175550,/AVIRISNG/Permian2019/ang20190928t175550_r8789_c183_w151_h151,2019-09-28,2019-09-28 17:55:50+00:00,0,0,512,512,train,hard,gs://starcop/Permian/permian_2019_official/ang20190928t175550-2_r8789_c183_ctr.tif,True,"Window(col_off=-180, row_off=-180, width=512, height=512)"
ang20191006t164135_r10178_c163_w151_h151,ang20191006t164135-J,402.4530607,ang20191006t164135,/AVIRISNG/Permian2019/ang20191006t164135_r10178_c163_w151_h151,2019-10-06,2019-10-06 16:41:35+00:00,0,0,512,512,train,hard,gs://starcop/Permian/permian_2019_official/ang20191006t164135-J_r10178_c163_ctr.tif,True,"Window(col_off=-180, row_off=-180, width=512, height=512)"
ang20191006t162415_r6910_c231_w151_h151,ang20191006t162415-3,402.133595,ang20191006t162415,/AVIRISNG/Permian2019/ang20191006t162415_r6910_c231_w151_h151,2019-10-06,2019-10-06 16:24:15+00:00,0,0,512,512,train,hard,gs://starcop/Permian/permian_2019_official/ang20191006t162415-3_r6910_c231_ctr.tif,True,"Window(col_off=-180, row_off=-180, width=512, height=512)"
ang20191007t184008_r10222_c448_w151_h151,ang20191007t184008-H,401.556236,ang20191007t184008,/AVIRISNG/Permian2019/ang20191007t184008_r10222_c448_w151_h151,2019-10-07,2019-10-07 18:40:08+00:00,0,0,512,512,train,hard,gs://starcop/Permian/permian_2019_official/ang20191007t184008-H_r10222_c448_ctr.tif,True,"Window(col_off=-180, row_off=-180, width=512, height=512)"
ang20191016t163955_r5549_c307_w151_h151,ang20191016t163955-M,401.1348984,ang20191016t163955,/AVIRISNG/Permian2019/ang20191016t163955_r5549_c307_w151_h151,2019-10-16,2019-10-16 16:39:55+00:00,0,0,512,512,train,hard,gs://starcop/Permian/permian_2019_official/ang20191016t163955-M_r5549_c307_ctr.tif,True,"Window(col_off=-180, row_off=-180, width=512, height=512)"
ang20191019t170014_r10999_c380_w151_h151,ang20191019t170014-3,400.376796,ang20191019t170014,/AVIRISNG/Permian2019/ang20191019t170014_r10999_c380_w151_h151,2019-10-19,2019-10-19 17:00:14+00:00,0,0,512,512,train,hard,gs://starcop/Permian/permian_2019_official/ang20191019t170014-3_r10999_c380_ctr.tif,True,"Window(col_off=-180, row_off=-180, width=512, height=512)"
ang20190926t223557_r5830_c155_w151_h151,ang20190926t223557-C,399.3477921,ang20190926t223557,/AVIRISNG/Permian2019/ang20190926t223557_r5830_c155_w151_h151,2019-09-26,2019-09-26 22:35:57+00:00,0,0,512,512,train,hard,gs://starcop/Permian/permian_2019_official/ang20190926t223557-C_r5830_c155_ctr.tif,True,"Window(col_off=-180, row_off=-180, width=512, height=512)"
ang20191006t165608_r11244_c455_w151_h151,ang20191006t165608-B,399.0673838,ang20191006t165608,/AVIRISNG/Permian2019/ang20191006t165608_r11244_c455_w151_h151,2019-10-06,2019-10-06 16:56:08+00:00,0,0,512,512,train,hard,gs://starcop/Permian/permian_2019_official/ang20191006t165608-B_r11244_c455_ctr.tif,True,"Window(col_off=-180, row_off=-180, width=512, height=512)"
ang20191017t164928_r594_c397_w151_h151,ang20191017t164928-D,399.0405529,ang20191017t164928,/AVIRISNG/Permian2019/ang20191017t164928_r594_c397_w151_h151,2019-10-17,2019-10-17 16:49:28+00:00,0,0,512,512,train,hard,gs://starcop/Permian/permian_2019_official/ang20191017t164928-D_r594_c397_ctr.tif,True,"Window(col_off=-180, row_off=-180, width=512, height=512)"
ang20191011t191345_r6299_c361_w151_h151,ang20191011t191345-A,398.7815519,ang20191011t191345,/AVIRISNG/Permian2019/ang20191011t191345_r6299_c361_w151_h151,2019-10-11,2019-10-11 19:13:45+00:00,0,0,512,512,train,hard,gs://starcop/Permian/permian_2019_official/ang20191011t191345-A_r6299_c361_ctr.tif,True,"Window(col_off=-180, row_off=-180, width=512, height=512)"
ang20191022t192048_r4785_c373_w151_h151,ang20191022t192048-3,398.759684,ang20191022t192048,/AVIRISNG/Permian2019/ang20191022t192048_r4785_c373_w151_h151,2019-10-22,2019-10-22 19:20:48+00:00,0,0,512,512,train,hard,gs://starcop/Permian/permian_2019_official/ang20191022t192048-3_r4785_c373_ctr.tif,True,"Window(col_off=-180, row_off=-180, width=512, height=512)"
ang20191010t161700_r8845_c3_w151_h151,ang20191010t161700-C,397.8758207,ang20191010t161700,/AVIRISNG/Permian2019/ang20191010t161700_r8845_c3_w151_h151,2019-10-10,2019-10-10 16:17:00+00:00,0,0,512,512,train,hard,gs://starcop/Permian/permian_2019_official/ang20191010t161700-C_r8845_c3_ctr.tif,True,"Window(col_off=-180, row_off=-180, width=512, height=512)"
ang20191016t145145_r8966_c264_w151_h151,ang20191016t145145-M,397.676627,ang20191016t145145,/AVIRISNG/Permian2019/ang20191016t145145_r8966_c264_w151_h151,2019-10-16,2019-10-16 14:51:45+00:00,0,0,512,512,train,hard,gs://starcop/Permian/permian_2019_official/ang20191016t145145-M_r8966_c264_ctr.tif,True,"Window(col_off=-180, row_off=-180, width=512, height=512)"
ang20191011t163647_r5264_c395_w151_h151,ang20191011t163647-D,396.9798606,ang20191011t163647,/AVIRISNG/Permian2019/ang20191011t163647_r5264_c395_w151_h151,2019-10-11,2019-10-11 16:36:47+00:00,0,0,512,512,train,hard,gs://starcop/Permian/permian_2019_official/ang20191011t163647-D_r5264_c395_ctr.tif,True,"Window(col_off=-180, row_off=-180, width=512, height=512)"
ang20191023t165811_r4914_c354_w151_h151,ang20191023t165811-2,396.938486,ang20191023t165811,/AVIRISNG/Permian2019/ang20191023t165811_r4914_c354_w151_h151,2019-10-23,2019-10-23 16:58:11+00:00,0,0,512,512,train,hard,gs://starcop/Permian/permian_2019_official/ang20191023t165811-2_r4914_c354_ctr.tif,True,"Window(col_off=-180, row_off=-180, width=512, height=512)"
ang20191019t184718_r6044_c83_w151_h151,ang20191019t184718-1,396.523234,ang20191019t184718,/AVIRISNG/Permian2019/ang20191019t184718_r6044_c83_w151_h151,2019-10-19,2019-10-19 18:47:18+00:00,0,0,512,512,train,hard,gs://starcop/Permian/permian_2019_official/ang20191019t184718-1_r6044_c83_ctr.tif,True,"Window(col_off=-180, row_off=-180, width=512, height=512)"
ang20191022t173357_r2340_c8_w151_h151,ang20191022t173357-A,396.0514793,ang20191022t173357,/AVIRISNG/Permian2019/ang20191022t173357_r2340_c8_w151_h151,2019-10-22,2019-10-22 17:33:57+00:00,0,0,512,512,train,hard,gs://starcop/Permian/permian_2019_official/ang20191022t173357-A_r2340_c8_ctr.tif,True,"Window(col_off=-180, row_off=-180, width=512, height=512)"
ang20191017t170330_r677_c291_w151_h151,ang20191017t170330-S,396.0378344,ang20191017t170330,/AVIRISNG/Permian2019/ang20191017t170330_r677_c291_w151_h151,2019-10-17,2019-10-17 17:03:30+00:00,0,0,512,512,train,hard,gs://starcop/Permian/permian_2019_official/ang20191017t170330-S_r677_c291_ctr.tif,True,"Window(col_off=-180, row_off=-180, width=512, height=512)"
ang20190927t184620_r7506_c426_w151_h151,ang20190927t184620-B,396.0328547,ang20190927t184620,/AVIRISNG/Permian2019/ang20190927t184620_r7506_c426_w151_h151,2019-09-27,2019-09-27 18:46:20+00:00,0,0,512,512,train,hard,gs://starcop/Permian/permian_2019_official/ang20190927t184620-B_r7506_c426_ctr.tif,True,"Window(col_off=-180, row_off=-180, width=512, height=512)"
ang20191019t172500_r10990_c375_w151_h151,ang20191019t172500-A,396.0078803,ang20191019t172500,/AVIRISNG/Permian2019/ang20191019t172500_r10990_c375_w151_h151,2019-10-19,2019-10-19 17:25:00+00:00,0,0,512,512,train,hard,gs://starcop/Permian/permian_2019_official/ang20191019t172500-A_r10990_c375_ctr.tif,True,"Window(col_off=-180, row_off=-180, width=512, height=512)"
ang20191019t172500_r6838_c563_w151_h151,ang20191019t172500-F,395.5806288,ang20191019t172500,/AVIRISNG/Permian2019/ang20191019t172500_r6838_c563_w151_h151,2019-10-19,2019-10-19 17:25:00+00:00,0,0,512,512,train,hard,gs://starcop/Permian/permian_2019_official/ang20191019t172500-F_r6838_c563_ctr.tif,True,"Window(col_off=-180, row_off=-180, width=512, height=512)"
ang20191006t172739_r6284_c381_w151_h151,ang20191006t172739-C,395.1574158,ang20191006t172739,/AVIRISNG/Permian2019/ang20191006t172739_r6284_c381_w151_h151,2019-10-06,2019-10-06 17:27:39+00:00,0,0,512,512,train,hard,gs://starcop/Permian/permian_2019_official/ang20191006t172739-C_r6284_c381_ctr.tif,True,"Window(col_off=-180, row_off=-180, width=512, height=512)"
ang20191006t165608_r8248_c345_w151_h151,ang20191006t165608-8,394.958101,ang20191006t165608,/AVIRISNG/Permian2019/ang20191006t165608_r8248_c345_w151_h151,2019-10-06,2019-10-06 16:56:08+00:00,0,0,512,512,train,hard,gs://starcop/Permian/permian_2019_official/ang20191006t165608-8_r8248_c345_ctr.tif,True,"Window(col_off=-180, row_off=-180, width=512, height=512)"
ang20190927t164322_r10185_c44_w151_h151,ang20190927t164322-A,393.7847708,ang20190927t164322,/AVIRISNG/Permian2019/ang20190927t164322_r10185_c44_w151_h151,2019-09-27,2019-09-27 16:43:22+00:00,0,0,512,512,train,hard,gs://starcop/Permian/permian_2019_official/ang20190927t164322-A_r10185_c44_ctr.tif,True,"Window(col_off=-180, row_off=-180, width=512, height=512)"
ang20191016t145145_r3279_c318_w151_h151,ang20191016t145145-C,391.8041574,ang20191016t145145,/AVIRISNG/Permian2019/ang20191016t145145_r3279_c318_w151_h151,2019-10-16,2019-10-16 14:51:45+00:00,0,0,512,512,train,hard,gs://starcop/Permian/permian_2019_official/ang20191016t145145-C_r3279_c318_ctr.tif,True,"Window(col_off=-180, row_off=-180, width=512, height=512)"
ang20191017t171949_r1871_c381_w151_h151,ang20191017t171949-1,391.548705,ang20191017t171949,/AVIRISNG/Permian2019/ang20191017t171949_r1871_c381_w151_h151,2019-10-17,2019-10-17 17:19:49+00:00,0,0,512,512,train,hard,gs://starcop/Permian/permian_2019_official/ang20191017t171949-1_r1871_c381_ctr.tif,True,"Window(col_off=-180, row_off=-180, width=512, height=512)"
ang20190923t163307_r11597_c539_w151_h151,ang20190923t163307-C,391.4720024,ang20190923t163307,/AVIRISNG/Permian2019/ang20190923t163307_r11597_c539_w151_h151,2019-09-23,2019-09-23 16:33:07+00:00,0,0,512,512,train,hard,gs://starcop/Permian/permian_2019_official/ang20190923t163307-C_r11597_c539_ctr.tif,True,"Window(col_off=-180, row_off=-180, width=512, height=512)"
ang20190927t182905_r6901_c261_w151_h151,ang20190927t182905-B,390.8656331,ang20190927t182905,/AVIRISNG/Permian2019/ang20190927t182905_r6901_c261_w151_h151,2019-09-27,2019-09-27 18:29:05+00:00,0,0,512,512,train,hard,gs://starcop/Permian/permian_2019_official/ang20190927t182905-B_r6901_c261_ctr.tif,True,"Window(col_off=-180, row_off=-180, width=512, height=512)"
ang20190926t223557_r2793_c508_w151_h151,ang20190926t223557-A,390.8180825,ang20190926t223557,/AVIRISNG/Permian2019/ang20190926t223557_r2793_c508_w151_h151,2019-09-26,2019-09-26 22:35:57+00:00,0,0,512,512,train,hard,gs://starcop/Permian/permian_2019_official/ang20190926t223557-A_r2793_c508_ctr.tif,True,"Window(col_off=-180, row_off=-180, width=512, height=512)"
ang20191007t201917_r6959_c1883_w151_h151,ang20191007t201917-E,389.5287254,ang20191007t201917,/AVIRISNG/Permian2019/ang20191007t201917_r6959_c1883_w151_h151,2019-10-07,2019-10-07 20:19:17+00:00,0,0,512,512,train,hard,gs://starcop/Permian/permian_2019_official/ang20191007t201917-E_r6959_c1883_ctr.tif,True,"Window(col_off=-180, row_off=-180, width=512, height=512)"
ang20191006t165608_r3827_c49_w151_h151,ang20191006t165608-U,389.1844297,ang20191006t165608,/AVIRISNG/Permian2019/ang20191006t165608_r3827_c49_w151_h151,2019-10-06,2019-10-06 16:56:08+00:00,0,0,512,512,train,hard,gs://starcop/Permian/permian_2019_official/ang20191006t165608-U_r3827_c49_ctr.tif,True,"Window(col_off=-180, row_off=-180, width=512, height=512)"
ang20191006t150453_r2368_c105_w151_h151,ang20191006t150453-3,388.390235,ang20191006t150453,/AVIRISNG/Permian2019/ang20191006t150453_r2368_c105_w151_h151,2019-10-06,2019-10-06 15:04:53+00:00,0,0,512,512,train,hard,gs://starcop/Permian/permian_2019_official/ang20191006t150453-3_r2368_c105_ctr.tif,True,"Window(col_off=-180, row_off=-180, width=512, height=512)"
ang20191006t165608_r1067_c494_w151_h151,ang20191006t165608-2,388.052092,ang20191006t165608,/AVIRISNG/Permian2019/ang20191006t165608_r1067_c494_w151_h151,2019-10-06,2019-10-06 16:56:08+00:00,0,0,512,512,train,hard,gs://starcop/Permian/permian_2019_official/ang20191006t165608-2_r1067_c494_ctr.tif,True,"Window(col_off=-180, row_off=-180, width=512, height=512)"
ang20191007t193705_r2294_c90_w151_h151,ang20191007t193705-J,387.6666558,ang20191007t193705,/AVIRISNG/Permian2019/ang20191007t193705_r2294_c90_w151_h151,2019-10-07,2019-10-07 19:37:05+00:00,0,0,512,512,train,hard,gs://starcop/Permian/permian_2019_official/ang20191007t193705-J_r2294_c90_ctr.tif,True,"Window(col_off=-180, row_off=-180, width=512, height=512)"
ang20191016t163955_r5157_c260_w151_h151,ang20191016t163955-5,387.096503,ang20191016t163955,/AVIRISNG/Permian2019/ang20191016t163955_r5157_c260_w151_h151,2019-10-16,2019-10-16 16:39:55+00:00,0,0,512,512,train,hard,gs://starcop/Permian/permian_2019_official/ang20191016t163955-5_r5157_c260_ctr.tif,True,"Window(col_off=-180, row_off=-180, width=512, height=512)"
ang20191016t165454_r596_c345_w151_h151,ang20191016t165454-E,386.5954798,ang20191016t165454,/AVIRISNG/Permian2019/ang20191016t165454_r596_c345_w151_h151,2019-10-16,2019-10-16 16:54:54+00:00,0,0,512,512,train,hard,gs://starcop/Permian/permian_2019_official/ang20191016t165454-E_r596_c345_ctr.tif,True,"Window(col_off=-180, row_off=-180, width=512, height=512)"
ang20190923t181729_r2423_c148_w151_h151,ang20190923t181729-F,385.7722524,ang20190923t181729,/AVIRISNG/Permian2019/ang20190923t181729_r2423_c148_w151_h151,2019-09-23,2019-09-23 18:17:29+00:00,0,0,512,512,train,hard,gs://starcop/Permian/permian_2019_official/ang20190923t181729-F_r2423_c148_ctr.tif,True,"Window(col_off=-180, row_off=-180, width=512, height=512)"
ang20191023t182357_r9451_c132_w151_h151,ang20191023t182357-3,385.552997,ang20191023t182357,/AVIRISNG/Permian2019/ang20191023t182357_r9451_c132_w151_h151,2019-10-23,2019-10-23 18:23:57+00:00,0,0,512,512,train,hard,gs://starcop/Permian/permian_2019_official/ang20191023t182357-3_r9451_c132_ctr.tif,True,"Window(col_off=-180, row_off=-180, width=512, height=512)"
ang20191007t195115_r2387_c379_w151_h151,ang20191007t195115-E,384.7123477,ang20191007t195115,/AVIRISNG/Permian2019/ang20191007t195115_r2387_c379_w151_h151,2019-10-07,2019-10-07 19:51:15+00:00,0,0,512,512,train,hard,gs://starcop/Permian/permian_2019_official/ang20191007t195115-E_r2387_c379_ctr.tif,True,"Window(col_off=-180, row_off=-180, width=512, height=512)"
ang20190926t163428_r7652_c191_w151_h151,ang20190926t163428-B,384.5838067,ang20190926t163428,/AVIRISNG/Permian2019/ang20190926t163428_r7652_c191_w151_h151,2019-09-26,2019-09-26 16:34:28+00:00,0,0,512,512,train,hard,gs://starcop/Permian/permian_2019_official/ang20190926t163428-B_r7652_c191_ctr.tif,True,"Window(col_off=-180, row_off=-180, width=512, height=512)"
ang20190923t163307_r4370_c239_w151_h151,ang20190923t163307-J,383.749938,ang20190923t163307,/AVIRISNG/Permian2019/ang20190923t163307_r4370_c239_w151_h151,2019-09-23,2019-09-23 16:33:07+00:00,0,0,512,512,train,hard,gs://starcop/Permian/permian_2019_official/ang20190923t163307-J_r4370_c239_ctr.tif,True,"Window(col_off=-180, row_off=-180, width=512, height=512)"
ang20191016t181351_r1747_c71_w151_h151,ang20191016t181351-A,383.0564673,ang20191016t181351,/AVIRISNG/Permian2019/ang20191016t181351_r1747_c71_w151_h151,2019-10-16,2019-10-16 18:13:51+00:00,0,0,512,512,train,hard,gs://starcop/Permian/permian_2019_official/ang20191016t181351-A_r1747_c71_ctr.tif,True,"Window(col_off=-180, row_off=-180, width=512, height=512)"
ang20191017t163235_r2777_c162_w151_h151,ang20191017t163235-A,382.9144857,ang20191017t163235,/AVIRISNG/Permian2019/ang20191017t163235_r2777_c162_w151_h151,2019-10-17,2019-10-17 16:32:35+00:00,0,0,512,512,train,hard,gs://starcop/Permian/permian_2019_official/ang20191017t163235-A_r2777_c162_ctr.tif,True,"Window(col_off=-180, row_off=-180, width=512, height=512)"
ang20191019t163936_r4058_c274_w151_h151,ang20191019t163936-B,382.464476,ang20191019t163936,/AVIRISNG/Permian2019/ang20191019t163936_r4058_c274_w151_h151,2019-10-19,2019-10-19 16:39:36+00:00,0,0,512,512,train,hard,gs://starcop/Permian/permian_2019_official/ang20191019t163936-B_r4058_c274_ctr.tif,True,"Window(col_off=-180, row_off=-180, width=512, height=512)"
ang20191023t142135_r14457_c557_w151_h151,ang20191023t142135-A,381.966462,ang20191023t142135,/AVIRISNG/Permian2019/ang20191023t142135_r14457_c557_w151_h151,2019-10-23,2019-10-23 14:21:35+00:00,0,0,512,512,train,hard,gs://starcop/Permian/permian_2019_official/ang20191023t142135-A_r14457_c557_ctr.tif,True,"Window(col_off=-180, row_off=-180, width=512, height=512)"
ang20191023t180821_r9422_c552_w151_h151,ang20191023t180821-4,381.611544,ang20191023t180821,/AVIRISNG/Permian2019/ang20191023t180821_r9422_c552_w151_h151,2019-10-23,2019-10-23 18:08:21+00:00,0,0,512,512,train,hard,gs://starcop/Permian/permian_2019_official/ang20191023t180821-4_r9422_c552_ctr.tif,True,"Window(col_off=-180, row_off=-180, width=512, height=512)"
ang20191017t160033_r7323_c185_w151_h151,ang20191017t160033-4,381.336846,ang20191017t160033,/AVIRISNG/Permian2019/ang20191017t160033_r7323_c185_w151_h151,2019-10-17,2019-10-17 16:00:33+00:00,0,0,512,512,train,hard,gs://starcop/Permian/permian_2019_official/ang20191017t160033-4_r7323_c185_ctr.tif,True,"Window(col_off=-180, row_off=-180, width=512, height=512)"
ang20191006t155231_r8094_c179_w151_h151,ang20191006t155231-2,381.169483,ang20191006t155231,/AVIRISNG/Permian2019/ang20191006t155231_r8094_c179_w151_h151,2019-10-06,2019-10-06 15:52:31+00:00,0,0,512,512,train,hard,gs://starcop/Permian/permian_2019_official/ang20191006t155231-2_r8094_c179_ctr.tif,True,"Window(col_off=-180, row_off=-180, width=512, height=512)"
ang20190923t170747_r6732_c289_w151_h151,ang20190923t170747-A,381.0252811,ang20190923t170747,/AVIRISNG/Permian2019/ang20190923t170747_r6732_c289_w151_h151,2019-09-23,2019-09-23 17:07:47+00:00,0,0,512,512,train,hard,gs://starcop/Permian/permian_2019_official/ang20190923t170747-A_r6732_c289_ctr.tif,True,"Window(col_off=-180, row_off=-180, width=512, height=512)"
ang20191011t185825_r10236_c443_w151_h151,ang20191011t185825-D,380.0261381,ang20191011t185825,/AVIRISNG/Permian2019/ang20191011t185825_r10236_c443_w151_h151,2019-10-11,2019-10-11 18:58:25+00:00,0,0,512,512,train,hard,gs://starcop/Permian/permian_2019_official/ang20191011t185825-D_r10236_c443_ctr.tif,True,"Window(col_off=-180, row_off=-180, width=512, height=512)"
ang20191019t171416_r5586_c43_w151_h151,ang20191019t171416-B,379.5039377,ang20191019t171416,/AVIRISNG/Permian2019/ang20191019t171416_r5586_c43_w151_h151,2019-10-19,2019-10-19 17:14:16+00:00,0,0,512,512,train,hard,gs://starcop/Permian/permian_2019_official/ang20191019t171416-B_r5586_c43_ctr.tif,True,"Window(col_off=-180, row_off=-180, width=512, height=512)"
ang20191016t153826_r7139_c427_w151_h151,ang20191016t153826-A,379.4760474,ang20191016t153826,/AVIRISNG/Permian2019/ang20191016t153826_r7139_c427_w151_h151,2019-10-16,2019-10-16 15:38:26+00:00,0,0,512,512,train,hard,gs://starcop/Permian/permian_2019_official/ang20191016t153826-A_r7139_c427_ctr.tif,True,"Window(col_off=-180, row_off=-180, width=512, height=512)"
ang20191022t183431_r3309_c278_w151_h151,ang20191022t183431-5,378.830352,ang20191022t183431,/AVIRISNG/Permian2019/ang20191022t183431_r3309_c278_w151_h151,2019-10-22,2019-10-22 18:34:31+00:00,0,0,512,512,train,hard,gs://starcop/Permian/permian_2019_official/ang20191022t183431-5_r3309_c278_ctr.tif,True,"Window(col_off=-180, row_off=-180, width=512, height=512)"
ang20191007t184008_r2748_c324_w151_h151,ang20191007t184008-C,378.6526065,ang20191007t184008,/AVIRISNG/Permian2019/ang20191007t184008_r2748_c324_w151_h151,2019-10-07,2019-10-07 18:40:08+00:00,0,0,512,512,train,hard,gs://starcop/Permian/permian_2019_official/ang20191007t184008-C_r2748_c324_ctr.tif,True,"Window(col_off=-180, row_off=-180, width=512, height=512)"
ang20191011t185825_r9617_c261_w151_h151,ang20191011t185825-7,378.382865,ang20191011t185825,/AVIRISNG/Permian2019/ang20191011t185825_r9617_c261_w151_h151,2019-10-11,2019-10-11 18:58:25+00:00,0,0,512,512,train,hard,gs://starcop/Permian/permian_2019_official/ang20191011t185825-7_r9617_c261_ctr.tif,True,"Window(col_off=-180, row_off=-180, width=512, height=512)"
ang20191006t182329_r4796_c502_w151_h151,ang20191006t182329-H,378.3645472,ang20191006t182329,/AVIRISNG/Permian2019/ang20191006t182329_r4796_c502_w151_h151,2019-10-06,2019-10-06 18:23:29+00:00,0,0,512,512,train,hard,gs://starcop/Permian/permian_2019_official/ang20191006t182329-H_r4796_c502_ctr.tif,True,"Window(col_off=-180, row_off=-180, width=512, height=512)"
ang20191006t164135_r1114_c37_w151_h151,ang20191006t164135-2,378.147033,ang20191006t164135,/AVIRISNG/Permian2019/ang20191006t164135_r1114_c37_w151_h151,2019-10-06,2019-10-06 16:41:35+00:00,0,0,512,512,train,hard,gs://starcop/Permian/permian_2019_official/ang20191006t164135-2_r1114_c37_ctr.tif,True,"Window(col_off=-180, row_off=-180, width=512, height=512)"
ang20191019t162211_r4062_c270_w151_h151,ang20191019t162211-3,377.781472,ang20191019t162211,/AVIRISNG/Permian2019/ang20191019t162211_r4062_c270_w151_h151,2019-10-19,2019-10-19 16:22:11+00:00,0,0,512,512,train,hard,gs://starcop/Permian/permian_2019_official/ang20191019t162211-3_r4062_c270_ctr.tif,True,"Window(col_off=-180, row_off=-180, width=512, height=512)"
ang20191019t185452_r16114_c447_w151_h151,ang20191019t185452-F,377.5506605,ang20191019t185452,/AVIRISNG/Permian2019/ang20191019t185452_r16114_c447_w151_h151,2019-10-19,2019-10-19 18:54:52+00:00,0,0,512,512,train,hard,gs://starcop/Permian/permian_2019_official/ang20191019t185452-F_r16114_c447_ctr.tif,True,"Window(col_off=-180, row_off=-180, width=512, height=512)"
ang20191008t151045_r14764_c437_w151_h151,ang20191008t151045-A,376.1358148,ang20191008t151045,/AVIRISNG/Permian2019/ang20191008t151045_r14764_c437_w151_h151,2019-10-08,2019-10-08 15:10:45+00:00,0,0,512,512,train,hard,gs://starcop/Permian/permian_2019_official/ang20191008t151045-A_r14764_c437_ctr.tif,True,"Window(col_off=-180, row_off=-180, width=512, height=512)"
ang20191017t143318_r6133_c142_w151_h151,ang20191017t143318-D,376.035887,ang20191017t143318,/AVIRISNG/Permian2019/ang20191017t143318_r6133_c142_w151_h151,2019-10-17,2019-10-17 14:33:18+00:00,0,0,512,512,train,hard,gs://starcop/Permian/permian_2019_official/ang20191017t143318-D_r6133_c142_ctr.tif,True,"Window(col_off=-180, row_off=-180, width=512, height=512)"
ang20191011t185825_r3021_c473_w151_h151,ang20191011t185825-3,375.820082,ang20191011t185825,/AVIRISNG/Permian2019/ang20191011t185825_r3021_c473_w151_h151,2019-10-11,2019-10-11 18:58:25+00:00,0,0,512,512,train,hard,gs://starcop/Permian/permian_2019_official/ang20191011t185825-3_r3021_c473_ctr.tif,True,"Window(col_off=-180, row_off=-180, width=512, height=512)"
ang20190923t174142_r7604_c458_w151_h151,ang20190923t174142-14,375.447796,ang20190923t174142,/AVIRISNG/Permian2019/ang20190923t174142_r7604_c458_w151_h151,2019-09-23,2019-09-23 17:41:42+00:00,0,0,512,512,train,hard,gs://starcop/Permian/permian_2019_official/ang20190923t174142-14_r7604_c458_ctr.tif,True,"Window(col_off=-180, row_off=-180, width=512, height=512)"
ang20190924t172057_r723_c368_w151_h151,ang20190924t172057-A,374.2858981,ang20190924t172057,/AVIRISNG/Permian2019/ang20190924t172057_r723_c368_w151_h151,2019-09-24,2019-09-24 17:20:57+00:00,0,0,512,512,train,hard,gs://starcop/Permian/permian_2019_official/ang20190924t172057-A_r723_c368_ctr.tif,True,"Window(col_off=-180, row_off=-180, width=512, height=512)"
ang20191017t180347_r5261_c358_w151_h151,ang20191017t180347-B,374.0819243,ang20191017t180347,/AVIRISNG/Permian2019/ang20191017t180347_r5261_c358_w151_h151,2019-10-17,2019-10-17 18:03:47+00:00,0,0,512,512,train,hard,gs://starcop/Permian/permian_2019_official/ang20191017t180347-B_r5261_c358_ctr.tif,True,"Window(col_off=-180, row_off=-180, width=512, height=512)"
ang20191007t195115_r2286_c39_w151_h151,ang20191007t195115-4,373.350129,ang20191007t195115,/AVIRISNG/Permian2019/ang20191007t195115_r2286_c39_w151_h151,2019-10-07,2019-10-07 19:51:15+00:00,0,0,512,512,train,hard,gs://starcop/Permian/permian_2019_official/ang20191007t195115-4_r2286_c39_ctr.tif,True,"Window(col_off=-180, row_off=-180, width=512, height=512)"
ang20191017t170330_r1517_c72_w151_h151,ang20191017t170330-O,371.9728591,ang20191017t170330,/AVIRISNG/Permian2019/ang20191017t170330_r1517_c72_w151_h151,2019-10-17,2019-10-17 17:03:30+00:00,0,0,512,512,train,hard,gs://starcop/Permian/permian_2019_official/ang20191017t170330-O_r1517_c72_ctr.tif,True,"Window(col_off=-180, row_off=-180, width=512, height=512)"
ang20191022t181138_r263_c319_w151_h151,ang20191022t181138-D,371.9267398,ang20191022t181138,/AVIRISNG/Permian2019/ang20191022t181138_r263_c319_w151_h151,2019-10-22,2019-10-22 18:11:38+00:00,0,0,512,512,train,hard,gs://starcop/Permian/permian_2019_official/ang20191022t181138-D_r263_c319_ctr.tif,True,"Window(col_off=-180, row_off=-180, width=512, height=512)"
ang20191008t172458_r3311_c293_w151_h151,ang20191008t172458-I,371.5863615,ang20191008t172458,/AVIRISNG/Permian2019/ang20191008t172458_r3311_c293_w151_h151,2019-10-08,2019-10-08 17:24:58+00:00,0,0,512,512,train,hard,gs://starcop/Permian/permian_2019_official/ang20191008t172458-I_r3311_c293_ctr.tif,True,"Window(col_off=-180, row_off=-180, width=512, height=512)"
ang20191017t163235_r8296_c165_w151_h151,ang20191017t163235-3,371.313972,ang20191017t163235,/AVIRISNG/Permian2019/ang20191017t163235_r8296_c165_w151_h151,2019-10-17,2019-10-17 16:32:35+00:00,0,0,512,512,train,hard,gs://starcop/Permian/permian_2019_official/ang20191017t163235-3_r8296_c165_ctr.tif,True,"Window(col_off=-180, row_off=-180, width=512, height=512)"
ang20191008t195936_r4543_c312_w151_h151,ang20191008t195936-C,370.4413858,ang20191008t195936,/AVIRISNG/Permian2019/ang20191008t195936_r4543_c312_w151_h151,2019-10-08,2019-10-08 19:59:36+00:00,0,0,512,512,train,hard,gs://starcop/Permian/permian_2019_official/ang20191008t195936-C_r4543_c312_ctr.tif,True,"Window(col_off=-180, row_off=-180, width=512, height=512)"
ang20191016t165454_r6589_c198_w151_h151,ang20191016t165454-I,370.3629372,ang20191016t165454,/AVIRISNG/Permian2019/ang20191016t165454_r6589_c198_w151_h151,2019-10-16,2019-10-16 16:54:54+00:00,0,0,512,512,train,hard,gs://starcop/Permian/permian_2019_official/ang20191016t165454-I_r6589_c198_ctr.tif,True,"Window(col_off=-180, row_off=-180, width=512, height=512)"
ang20191013t152730_r7030_c251_w151_h151,ang20191013t152730-10,369.10702,ang20191013t152730,/AVIRISNG/Permian2019/ang20191013t152730_r7030_c251_w151_h151,2019-10-13,2019-10-13 15:27:30+00:00,0,0,512,512,train,hard,gs://starcop/Permian/permian_2019_official/ang20191013t152730-10_r7030_c251_ctr.tif,True,"Window(col_off=-180, row_off=-180, width=512, height=512)"
ang20191006t171344_r362_c513_w151_h151,ang20191006t171344-R,368.1366908,ang20191006t171344,/AVIRISNG/Permian2019/ang20191006t171344_r362_c513_w151_h151,2019-10-06,2019-10-06 17:13:44+00:00,0,0,512,512,train,hard,gs://starcop/Permian/permian_2019_official/ang20191006t171344-R_r362_c513_ctr.tif,True,"Window(col_off=-180, row_off=-180, width=512, height=512)"
ang20191006t172739_r7343_c208_w151_h151,ang20191006t172739-A,366.7144986,ang20191006t172739,/AVIRISNG/Permian2019/ang20191006t172739_r7343_c208_w151_h151,2019-10-06,2019-10-06 17:27:39+00:00,0,0,512,512,train,hard,gs://starcop/Permian/permian_2019_official/ang20191006t172739-A_r7343_c208_ctr.tif,True,"Window(col_off=-180, row_off=-180, width=512, height=512)"
ang20191007t175016_r7968_c153_w151_h151,ang20191007t175016-G,366.6702636,ang20191007t175016,/AVIRISNG/Permian2019/ang20191007t175016_r7968_c153_w151_h151,2019-10-07,2019-10-07 17:50:16+00:00,0,0,512,512,train,hard,gs://starcop/Permian/permian_2019_official/ang20191007t175016-G_r7968_c153_ctr.tif,True,"Window(col_off=-180, row_off=-180, width=512, height=512)"
ang20191006t165608_r10173_c561_w151_h151,ang20191006t165608-9,366.217934,ang20191006t165608,/AVIRISNG/Permian2019/ang20191006t165608_r10173_c561_w151_h151,2019-10-06,2019-10-06 16:56:08+00:00,0,0,512,512,train,hard,gs://starcop/Permian/permian_2019_official/ang20191006t165608-9_r10173_c561_ctr.tif,True,"Window(col_off=-180, row_off=-180, width=512, height=512)"
ang20191010t192008_r7417_c105_w151_h151,ang20191010t192008-B,365.9615835,ang20191010t192008,/AVIRISNG/Permian2019/ang20191010t192008_r7417_c105_w151_h151,2019-10-10,2019-10-10 19:20:08+00:00,0,0,512,512,train,hard,gs://starcop/Permian/permian_2019_official/ang20191010t192008-B_r7417_c105_ctr.tif,True,"Window(col_off=-180, row_off=-180, width=512, height=512)"
ang20191016t153826_r7820_c42_w151_h151,ang20191016t153826-D,365.2513765,ang20191016t153826,/AVIRISNG/Permian2019/ang20191016t153826_r7820_c42_w151_h151,2019-10-16,2019-10-16 15:38:26+00:00,0,0,512,512,train,hard,gs://starcop/Permian/permian_2019_official/ang20191016t153826-D_r7820_c42_ctr.tif,True,"Window(col_off=-180, row_off=-180, width=512, height=512)"
ang20191016t145145_r9422_c135_w151_h151,ang20191016t145145-K,365.0022846,ang20191016t145145,/AVIRISNG/Permian2019/ang20191016t145145_r9422_c135_w151_h151,2019-10-16,2019-10-16 14:51:45+00:00,0,0,512,512,train,hard,gs://starcop/Permian/permian_2019_official/ang20191016t145145-K_r9422_c135_ctr.tif,True,"Window(col_off=-180, row_off=-180, width=512, height=512)"
ang20190924t172057_r8202_c494_w151_h151,ang20190924t172057-D,364.1440129,ang20190924t172057,/AVIRISNG/Permian2019/ang20190924t172057_r8202_c494_w151_h151,2019-09-24,2019-09-24 17:20:57+00:00,0,0,512,512,train,hard,gs://starcop/Permian/permian_2019_official/ang20190924t172057-D_r8202_c494_ctr.tif,True,"Window(col_off=-180, row_off=-180, width=512, height=512)"
ang20191007t190840_r7834_c60_w151_h151,ang20191007t190840-F,363.9485024,ang20191007t190840,/AVIRISNG/Permian2019/ang20191007t190840_r7834_c60_w151_h151,2019-10-07,2019-10-07 19:08:40+00:00,0,0,512,512,train,hard,gs://starcop/Permian/permian_2019_official/ang20191007t190840-F_r7834_c60_ctr.tif,True,"Window(col_off=-180, row_off=-180, width=512, height=512)"
ang20190927t171836_r6325_c367_w151_h151,ang20190927t171836-C,362.6813306,ang20190927t171836,/AVIRISNG/Permian2019/ang20190927t171836_r6325_c367_w151_h151,2019-09-27,2019-09-27 17:18:36+00:00,0,0,512,512,train,hard,gs://starcop/Permian/permian_2019_official/ang20190927t171836-C_r6325_c367_ctr.tif,True,"Window(col_off=-180, row_off=-180, width=512, height=512)"
ang20191007t193705_r1503_c455_w151_h151,ang20191007t193705-1,361.252287,ang20191007t193705,/AVIRISNG/Permian2019/ang20191007t193705_r1503_c455_w151_h151,2019-10-07,2019-10-07 19:37:05+00:00,0,0,512,512,train,hard,gs://starcop/Permian/permian_2019_official/ang20191007t193705-1_r1503_c455_ctr.tif,True,"Window(col_off=-180, row_off=-180, width=512, height=512)"
ang20191013t144828_r4230_c517_w151_h151,ang20191013t144828-A,360.9978592,ang20191013t144828,/AVIRISNG/Permian2019/ang20191013t144828_r4230_c517_w151_h151,2019-10-13,2019-10-13 14:48:28+00:00,0,0,512,512,train,hard,gs://starcop/Permian/permian_2019_official/ang20191013t144828-A_r4230_c517_ctr.tif,True,"Window(col_off=-180, row_off=-180, width=512, height=512)"
ang20191019t173905_r1636_c317_w151_h151,ang20191019t173905-2,359.71993,ang20191019t173905,/AVIRISNG/Permian2019/ang20191019t173905_r1636_c317_w151_h151,2019-10-19,2019-10-19 17:39:05+00:00,0,0,512,512,train,hard,gs://starcop/Permian/permian_2019_official/ang20191019t173905-2_r1636_c317_ctr.tif,True,"Window(col_off=-180, row_off=-180, width=512, height=512)"
ang20191017t144928_r2143_c178_w151_h151,ang20191017t144928-4,359.527701,ang20191017t144928,/AVIRISNG/Permian2019/ang20191017t144928_r2143_c178_w151_h151,2019-10-17,2019-10-17 14:49:28+00:00,0,0,512,512,train,hard,gs://starcop/Permian/permian_2019_official/ang20191017t144928-4_r2143_c178_ctr.tif,True,"Window(col_off=-180, row_off=-180, width=512, height=512)"
ang20190924t172057_r6127_c406_w151_h151,ang20190924t172057-C,358.7560947,ang20190924t172057,/AVIRISNG/Permian2019/ang20190924t172057_r6127_c406_w151_h151,2019-09-24,2019-09-24 17:20:57+00:00,0,0,512,512,train,hard,gs://starcop/Permian/permian_2019_official/ang20190924t172057-C_r6127_c406_ctr.tif,True,"Window(col_off=-180, row_off=-180, width=512, height=512)"
ang20191006t160931_r3800_c551_w151_h151,ang20191006t160931-E,356.1062593,ang20191006t160931,/AVIRISNG/Permian2019/ang20191006t160931_r3800_c551_w151_h151,2019-10-06,2019-10-06 16:09:31+00:00,0,0,512,512,train,hard,gs://starcop/Permian/permian_2019_official/ang20191006t160931-E_r3800_c551_ctr.tif,True,"Window(col_off=-180, row_off=-180, width=512, height=512)"
ang20191022t192048_r247_c308_w151_h151,ang20191022t192048-D,355.6895868,ang20191022t192048,/AVIRISNG/Permian2019/ang20191022t192048_r247_c308_w151_h151,2019-10-22,2019-10-22 19:20:48+00:00,0,0,512,512,train,hard,gs://starcop/Permian/permian_2019_official/ang20191022t192048-D_r247_c308_ctr.tif,True,"Window(col_off=-180, row_off=-180, width=512, height=512)"
ang20191006t162415_r7871_c404_w151_h151,ang20191006t162415-4,353.351298,ang20191006t162415,/AVIRISNG/Permian2019/ang20191006t162415_r7871_c404_w151_h151,2019-10-06,2019-10-06 16:24:15+00:00,0,0,512,512,train,hard,gs://starcop/Permian/permian_2019_official/ang20191006t162415-4_r7871_c404_ctr.tif,True,"Window(col_off=-180, row_off=-180, width=512, height=512)"
ang20191019t185452_r13962_c178_w151_h151,ang20191019t185452-D,353.2550841,ang20191019t185452,/AVIRISNG/Permian2019/ang20191019t185452_r13962_c178_w151_h151,2019-10-19,2019-10-19 18:54:52+00:00,0,0,512,512,train,hard,gs://starcop/Permian/permian_2019_official/ang20191019t185452-D_r13962_c178_ctr.tif,True,"Window(col_off=-180, row_off=-180, width=512, height=512)"
ang20191019t175004_r1995_c344_w151_h151,ang20191019t175004-2,351.499339,ang20191019t175004,/AVIRISNG/Permian2019/ang20191019t175004_r1995_c344_w151_h151,2019-10-19,2019-10-19 17:50:04+00:00,0,0,512,512,train,hard,gs://starcop/Permian/permian_2019_official/ang20191019t175004-2_r1995_c344_ctr.tif,True,"Window(col_off=-180, row_off=-180, width=512, height=512)"
ang20191008t165855_r7643_c259_w151_h151,ang20191008t165855-G,350.2859292,ang20191008t165855,/AVIRISNG/Permian2019/ang20191008t165855_r7643_c259_w151_h151,2019-10-08,2019-10-08 16:58:55+00:00,0,0,512,512,train,hard,gs://starcop/Permian/permian_2019_official/ang20191008t165855-G_r7643_c259_ctr.tif,True,"Window(col_off=-180, row_off=-180, width=512, height=512)"
ang20191022t163722_r443_c91_w151_h151,ang20191022t163722-A,349.7578286,ang20191022t163722,/AVIRISNG/Permian2019/ang20191022t163722_r443_c91_w151_h151,2019-10-22,2019-10-22 16:37:22+00:00,0,0,512,512,train,hard,gs://starcop/Permian/permian_2019_official/ang20191022t163722-A_r443_c91_ctr.tif,True,"Window(col_off=-180, row_off=-180, width=512, height=512)"
ang20190923t185208_r13422_c400_w151_h151,ang20190923t185208-B,349.6401022,ang20190923t185208,/AVIRISNG/Permian2019/ang20190923t185208_r13422_c400_w151_h151,2019-09-23,2019-09-23 18:52:08+00:00,0,0,512,512,train,hard,gs://starcop/Permian/permian_2019_official/ang20190923t185208-B_r13422_c400_ctr.tif,True,"Window(col_off=-180, row_off=-180, width=512, height=512)"
ang20191006t171344_r7203_c245_w151_h151,ang20191006t171344-D,349.5649104,ang20191006t171344,/AVIRISNG/Permian2019/ang20191006t171344_r7203_c245_w151_h151,2019-10-06,2019-10-06 17:13:44+00:00,0,0,512,512,train,hard,gs://starcop/Permian/permian_2019_official/ang20191006t171344-D_r7203_c245_ctr.tif,True,"Window(col_off=-180, row_off=-180, width=512, height=512)"
ang20191019t183727_r3339_c295_w151_h151,ang20191019t183727-2,349.468125,ang20191019t183727,/AVIRISNG/Permian2019/ang20191019t183727_r3339_c295_w151_h151,2019-10-19,2019-10-19 18:37:27+00:00,0,0,512,512,train,hard,gs://starcop/Permian/permian_2019_official/ang20191019t183727-2_r3339_c295_ctr.tif,True,"Window(col_off=-180, row_off=-180, width=512, height=512)"
ang20191006t183904_r11469_c320_w151_h151,ang20191006t183904-G,349.2451862,ang20191006t183904,/AVIRISNG/Permian2019/ang20191006t183904_r11469_c320_w151_h151,2019-10-06,2019-10-06 18:39:04+00:00,0,0,512,512,train,hard,gs://starcop/Permian/permian_2019_official/ang20191006t183904-G_r11469_c320_ctr.tif,True,"Window(col_off=-180, row_off=-180, width=512, height=512)"
ang20191007t200647_r746_c361_w151_h151,ang20191007t200647-M,348.6788434,ang20191007t200647,/AVIRISNG/Permian2019/ang20191007t200647_r746_c361_w151_h151,2019-10-07,2019-10-07 20:06:47+00:00,0,0,512,512,train,hard,gs://starcop/Permian/permian_2019_official/ang20191007t200647-M_r746_c361_ctr.tif,True,"Window(col_off=-180, row_off=-180, width=512, height=512)"
ang20191016t172526_r4323_c72_w151_h151,ang20191016t172526-2,348.33197,ang20191016t172526,/AVIRISNG/Permian2019/ang20191016t172526_r4323_c72_w151_h151,2019-10-16,2019-10-16 17:25:26+00:00,0,0,512,512,train,hard,gs://starcop/Permian/permian_2019_official/ang20191016t172526-2_r4323_c72_ctr.tif,True,"Window(col_off=-180, row_off=-180, width=512, height=512)"
ang20191011t192741_r3755_c404_w151_h151,ang20191011t192741-C,348.0998484,ang20191011t192741,/AVIRISNG/Permian2019/ang20191011t192741_r3755_c404_w151_h151,2019-10-11,2019-10-11 19:27:41+00:00,0,0,512,512,train,hard,gs://starcop/Permian/permian_2019_official/ang20191011t192741-C_r3755_c404_ctr.tif,True,"Window(col_off=-180, row_off=-180, width=512, height=512)"
ang20191016t162417_r3004_c187_w151_h151,ang20191016t162417-4,347.298985,ang20191016t162417,/AVIRISNG/Permian2019/ang20191016t162417_r3004_c187_w151_h151,2019-10-16,2019-10-16 16:24:17+00:00,0,0,512,512,train,hard,gs://starcop/Permian/permian_2019_official/ang20191016t162417-4_r3004_c187_ctr.tif,True,"Window(col_off=-180, row_off=-180, width=512, height=512)"
ang20191013t145516_r6136_c601_w151_h151,ang20191013t145516-C,347.1925883,ang20191013t145516,/AVIRISNG/Permian2019/ang20191013t145516_r6136_c601_w151_h151,2019-10-13,2019-10-13 14:55:16+00:00,0,0,512,512,train,hard,gs://starcop/Permian/permian_2019_official/ang20191013t145516-C_r6136_c601_ctr.tif,True,"Window(col_off=-180, row_off=-180, width=512, height=512)"
ang20191016t153826_r1567_c439_w151_h151,ang20191016t153826-I,347.0804134,ang20191016t153826,/AVIRISNG/Permian2019/ang20191016t153826_r1567_c439_w151_h151,2019-10-16,2019-10-16 15:38:26+00:00,0,0,512,512,train,hard,gs://starcop/Permian/permian_2019_official/ang20191016t153826-I_r1567_c439_ctr.tif,True,"Window(col_off=-180, row_off=-180, width=512, height=512)"
ang20191006t172739_r4855_c525_w151_h151,ang20191006t172739-H,346.7013217,ang20191006t172739,/AVIRISNG/Permian2019/ang20191006t172739_r4855_c525_w151_h151,2019-10-06,2019-10-06 17:27:39+00:00,0,0,512,512,train,hard,gs://starcop/Permian/permian_2019_official/ang20191006t172739-H_r4855_c525_ctr.tif,True,"Window(col_off=-180, row_off=-180, width=512, height=512)"
ang20191019t175004_r10988_c377_w151_h151,ang20191019t175004-B,346.120731,ang20191019t175004,/AVIRISNG/Permian2019/ang20191019t175004_r10988_c377_w151_h151,2019-10-19,2019-10-19 17:50:04+00:00,0,0,512,512,train,hard,gs://starcop/Permian/permian_2019_official/ang20191019t175004-B_r10988_c377_ctr.tif,True,"Window(col_off=-180, row_off=-180, width=512, height=512)"
ang20191017t171949_r10456_c96_w151_h151,ang20191017t171949-4,345.851893,ang20191017t171949,/AVIRISNG/Permian2019/ang20191017t171949_r10456_c96_w151_h151,2019-10-17,2019-10-17 17:19:49+00:00,0,0,512,512,train,hard,gs://starcop/Permian/permian_2019_official/ang20191017t171949-4_r10456_c96_ctr.tif,True,"Window(col_off=-180, row_off=-180, width=512, height=512)"
ang20191016t193637_r1734_c303_w151_h151,ang20191016t193637-A,345.0387512,ang20191016t193637,/AVIRISNG/Permian2019/ang20191016t193637_r1734_c303_w151_h151,2019-10-16,2019-10-16 19:36:37+00:00,0,0,512,512,train,hard,gs://starcop/Permian/permian_2019_official/ang20191016t193637-A_r1734_c303_ctr.tif,True,"Window(col_off=-180, row_off=-180, width=512, height=512)"
ang20190927t171836_r5840_c416_w151_h151,ang20190927t171836-B,344.5577897,ang20190927t171836,/AVIRISNG/Permian2019/ang20190927t171836_r5840_c416_w151_h151,2019-09-27,2019-09-27 17:18:36+00:00,0,0,512,512,train,hard,gs://starcop/Permian/permian_2019_official/ang20190927t171836-B_r5840_c416_ctr.tif,True,"Window(col_off=-180, row_off=-180, width=512, height=512)"
ang20191017t163235_r2877_c426_w151_h151,ang20191017t163235-F,344.0606204,ang20191017t163235,/AVIRISNG/Permian2019/ang20191017t163235_r2877_c426_w151_h151,2019-10-17,2019-10-17 16:32:35+00:00,0,0,512,512,train,hard,gs://starcop/Permian/permian_2019_official/ang20191017t163235-F_r2877_c426_ctr.tif,True,"Window(col_off=-180, row_off=-180, width=512, height=512)"
ang20191017t191119_r1300_c123_w151_h151,ang20191017t191119-E,343.8155351,ang20191017t191119,/AVIRISNG/Permian2019/ang20191017t191119_r1300_c123_w151_h151,2019-10-17,2019-10-17 19:11:19+00:00,0,0,512,512,train,hard,gs://starcop/Permian/permian_2019_official/ang20191017t191119-E_r1300_c123_ctr.tif,True,"Window(col_off=-180, row_off=-180, width=512, height=512)"
ang20190927t171836_r13108_c371_w151_h151,ang20190927t171836-6,343.349786,ang20190927t171836,/AVIRISNG/Permian2019/ang20190927t171836_r13108_c371_w151_h151,2019-09-27,2019-09-27 17:18:36+00:00,0,0,512,512,train,hard,gs://starcop/Permian/permian_2019_official/ang20190927t171836-6_r13108_c371_ctr.tif,True,"Window(col_off=-180, row_off=-180, width=512, height=512)"
ang20191016t145145_r3793_c99_w151_h151,ang20191016t145145-E,343.0620931,ang20191016t145145,/AVIRISNG/Permian2019/ang20191016t145145_r3793_c99_w151_h151,2019-10-16,2019-10-16 14:51:45+00:00,0,0,512,512,train,hard,gs://starcop/Permian/permian_2019_official/ang20191016t145145-E_r3793_c99_ctr.tif,True,"Window(col_off=-180, row_off=-180, width=512, height=512)"
ang20191016t172526_r3581_c275_w151_h151,ang20191016t172526-C,342.7056322,ang20191016t172526,/AVIRISNG/Permian2019/ang20191016t172526_r3581_c275_w151_h151,2019-10-16,2019-10-16 17:25:26+00:00,0,0,512,512,train,hard,gs://starcop/Permian/permian_2019_official/ang20191016t172526-C_r3581_c275_ctr.tif,True,"Window(col_off=-180, row_off=-180, width=512, height=512)"
ang20190927t184620_r7445_c361_w151_h151,ang20190927t184620-A,342.5071516,ang20190927t184620,/AVIRISNG/Permian2019/ang20190927t184620_r7445_c361_w151_h151,2019-09-27,2019-09-27 18:46:20+00:00,0,0,512,512,train,hard,gs://starcop/Permian/permian_2019_official/ang20190927t184620-A_r7445_c361_ctr.tif,True,"Window(col_off=-180, row_off=-180, width=512, height=512)"
ang20191017t163235_r11612_c609_w151_h151,ang20191017t163235-9,342.097315,ang20191017t163235,/AVIRISNG/Permian2019/ang20191017t163235_r11612_c609_w151_h151,2019-10-17,2019-10-17 16:32:35+00:00,0,0,512,512,train,hard,gs://starcop/Permian/permian_2019_official/ang20191017t163235-9_r11612_c609_ctr.tif,True,"Window(col_off=-180, row_off=-180, width=512, height=512)"
ang20191017t170330_r5877_c75_w151_h151,ang20191017t170330-V,342.0178601,ang20191017t170330,/AVIRISNG/Permian2019/ang20191017t170330_r5877_c75_w151_h151,2019-10-17,2019-10-17 17:03:30+00:00,0,0,512,512,train,hard,gs://starcop/Permian/permian_2019_official/ang20191017t170330-V_r5877_c75_ctr.tif,True,"Window(col_off=-180, row_off=-180, width=512, height=512)"
ang20191006t164135_r235_c476_w151_h151,ang20191006t164135-D,341.4959749,ang20191006t164135,/AVIRISNG/Permian2019/ang20191006t164135_r235_c476_w151_h151,2019-10-06,2019-10-06 16:41:35+00:00,0,0,512,512,train,hard,gs://starcop/Permian/permian_2019_official/ang20191006t164135-D_r235_c476_ctr.tif,True,"Window(col_off=-180, row_off=-180, width=512, height=512)"
ang20191017t161837_r4287_c171_w151_h151,ang20191017t161837-H,339.6353841,ang20191017t161837,/AVIRISNG/Permian2019/ang20191017t161837_r4287_c171_w151_h151,2019-10-17,2019-10-17 16:18:37+00:00,0,0,512,512,train,hard,gs://starcop/Permian/permian_2019_official/ang20191017t161837-H_r4287_c171_ctr.tif,True,"Window(col_off=-180, row_off=-180, width=512, height=512)"
ang20191019t181857_r5896_c121_w151_h151,ang20191019t181857-2,339.514107,ang20191019t181857,/AVIRISNG/Permian2019/ang20191019t181857_r5896_c121_w151_h151,2019-10-19,2019-10-19 18:18:57+00:00,0,0,512,512,train,hard,gs://starcop/Permian/permian_2019_official/ang20191019t181857-2_r5896_c121_ctr.tif,True,"Window(col_off=-180, row_off=-180, width=512, height=512)"
ang20190926t163428_r5854_c155_w151_h151,ang20190926t163428-D,338.6537735,ang20190926t163428,/AVIRISNG/Permian2019/ang20190926t163428_r5854_c155_w151_h151,2019-09-26,2019-09-26 16:34:28+00:00,0,0,512,512,train,hard,gs://starcop/Permian/permian_2019_official/ang20190926t163428-D_r5854_c155_ctr.tif,True,"Window(col_off=-180, row_off=-180, width=512, height=512)"
ang20191016t200430_r499_c135_w151_h151,ang20191016t200430-F,338.5744793,ang20191016t200430,/AVIRISNG/Permian2019/ang20191016t200430_r499_c135_w151_h151,2019-10-16,2019-10-16 20:04:30+00:00,0,0,512,512,train,hard,gs://starcop/Permian/permian_2019_official/ang20191016t200430-F_r499_c135_ctr.tif,True,"Window(col_off=-180, row_off=-180, width=512, height=512)"
ang20191016t193637_r9155_c166_w151_h151,ang20191016t193637-J,338.391457,ang20191016t193637,/AVIRISNG/Permian2019/ang20191016t193637_r9155_c166_w151_h151,2019-10-16,2019-10-16 19:36:37+00:00,0,0,512,512,train,hard,gs://starcop/Permian/permian_2019_official/ang20191016t193637-J_r9155_c166_ctr.tif,True,"Window(col_off=-180, row_off=-180, width=512, height=512)"
ang20191022t181138_r225_c391_w151_h151,ang20191022t181138-E,337.7833837,ang20191022t181138,/AVIRISNG/Permian2019/ang20191022t181138_r225_c391_w151_h151,2019-10-22,2019-10-22 18:11:38+00:00,0,0,512,512,train,hard,gs://starcop/Permian/permian_2019_official/ang20191022t181138-E_r225_c391_ctr.tif,True,"Window(col_off=-180, row_off=-180, width=512, height=512)"
ang20191023t165811_r7786_c494_w151_h151,ang20191023t165811-6,337.630423,ang20191023t165811,/AVIRISNG/Permian2019/ang20191023t165811_r7786_c494_w151_h151,2019-10-23,2019-10-23 16:58:11+00:00,0,0,512,512,train,hard,gs://starcop/Permian/permian_2019_official/ang20191023t165811-6_r7786_c494_ctr.tif,True,"Window(col_off=-180, row_off=-180, width=512, height=512)"
ang20191007t182352_r3218_c318_w151_h151,ang20191007t182352-E,337.3426339,ang20191007t182352,/AVIRISNG/Permian2019/ang20191007t182352_r3218_c318_w151_h151,2019-10-07,2019-10-07 18:23:52+00:00,0,0,512,512,train,hard,gs://starcop/Permian/permian_2019_official/ang20191007t182352-E_r3218_c318_ctr.tif,True,"Window(col_off=-180, row_off=-180, width=512, height=512)"
ang20191017t180347_r7328_c361_w151_h151,ang20191017t180347-F,336.451037,ang20191017t180347,/AVIRISNG/Permian2019/ang20191017t180347_r7328_c361_w151_h151,2019-10-17,2019-10-17 18:03:47+00:00,0,0,512,512,train,hard,gs://starcop/Permian/permian_2019_official/ang20191017t180347-F_r7328_c361_ctr.tif,True,"Window(col_off=-180, row_off=-180, width=512, height=512)"
ang20191022t173357_r3153_c165_w151_h151,ang20191022t173357-4,335.165058,ang20191022t173357,/AVIRISNG/Permian2019/ang20191022t173357_r3153_c165_w151_h151,2019-10-22,2019-10-22 17:33:57+00:00,0,0,512,512,train,hard,gs://starcop/Permian/permian_2019_official/ang20191022t173357-4_r3153_c165_ctr.tif,True,"Window(col_off=-180, row_off=-180, width=512, height=512)"
ang20191007t193705_r2977_c392_w151_h151,ang20191007t193705-H,334.2717549,ang20191007t193705,/AVIRISNG/Permian2019/ang20191007t193705_r2977_c392_w151_h151,2019-10-07,2019-10-07 19:37:05+00:00,0,0,512,512,train,hard,gs://starcop/Permian/permian_2019_official/ang20191007t193705-H_r2977_c392_ctr.tif,True,"Window(col_off=-180, row_off=-180, width=512, height=512)"
ang20191017t152518_r6858_c196_w151_h151,ang20191017t152518-2,334.192115,ang20191017t152518,/AVIRISNG/Permian2019/ang20191017t152518_r6858_c196_w151_h151,2019-10-17,2019-10-17 15:25:18+00:00,0,0,512,512,train,hard,gs://starcop/Permian/permian_2019_official/ang20191017t152518-2_r6858_c196_ctr.tif,True,"Window(col_off=-180, row_off=-180, width=512, height=512)"
ang20191016t160914_r2333_c520_w151_h151,ang20191016t160914-D,333.6245076,ang20191016t160914,/AVIRISNG/Permian2019/ang20191016t160914_r2333_c520_w151_h151,2019-10-16,2019-10-16 16:09:14+00:00,0,0,512,512,train,hard,gs://starcop/Permian/permian_2019_official/ang20191016t160914-D_r2333_c520_ctr.tif,True,"Window(col_off=-180, row_off=-180, width=512, height=512)"
ang20191006t152009_r2975_c354_w151_h151,ang20191006t152009-C,332.8250119,ang20191006t152009,/AVIRISNG/Permian2019/ang20191006t152009_r2975_c354_w151_h151,2019-10-06,2019-10-06 15:20:09+00:00,0,0,512,512,train,hard,gs://starcop/Permian/permian_2019_official/ang20191006t152009-C_r2975_c354_ctr.tif,True,"Window(col_off=-180, row_off=-180, width=512, height=512)"
ang20191006t155231_r9497_c279_w151_h151,ang20191006t155231-F,332.4903373,ang20191006t155231,/AVIRISNG/Permian2019/ang20191006t155231_r9497_c279_w151_h151,2019-10-06,2019-10-06 15:52:31+00:00,0,0,512,512,train,hard,gs://starcop/Permian/permian_2019_official/ang20191006t155231-F_r9497_c279_ctr.tif,True,"Window(col_off=-180, row_off=-180, width=512, height=512)"
ang20191007t185303_r9013_c327_w151_h151,ang20191007t185303-C,332.2412516,ang20191007t185303,/AVIRISNG/Permian2019/ang20191007t185303_r9013_c327_w151_h151,2019-10-07,2019-10-07 18:53:03+00:00,0,0,512,512,train,hard,gs://starcop/Permian/permian_2019_official/ang20191007t185303-C_r9013_c327_ctr.tif,True,"Window(col_off=-180, row_off=-180, width=512, height=512)"
ang20190926t174644_r2904_c484_w151_h151,ang20190926t174644-1,332.116939,ang20190926t174644,/AVIRISNG/Permian2019/ang20190926t174644_r2904_c484_w151_h151,2019-09-26,2019-09-26 17:46:44+00:00,0,0,512,512,train,hard,gs://starcop/Permian/permian_2019_official/ang20190926t174644-1_r2904_c484_ctr.tif,True,"Window(col_off=-180, row_off=-180, width=512, height=512)"
ang20190927t175410_r6131_c149_w151_h151,ang20190927t175410-G,331.922222,ang20190927t175410,/AVIRISNG/Permian2019/ang20190927t175410_r6131_c149_w151_h151,2019-09-27,2019-09-27 17:54:10+00:00,0,0,512,512,train,hard,gs://starcop/Permian/permian_2019_official/ang20190927t175410-G_r6131_c149_ctr.tif,True,"Window(col_off=-180, row_off=-180, width=512, height=512)"
ang20191022t150110_r261_c453_w151_h151,ang20191022t150110-1,331.729412,ang20191022t150110,/AVIRISNG/Permian2019/ang20191022t150110_r261_c453_w151_h151,2019-10-22,2019-10-22 15:01:10+00:00,0,0,512,512,train,hard,gs://starcop/Permian/permian_2019_official/ang20191022t150110-1_r261_c453_ctr.tif,True,"Window(col_off=-180, row_off=-180, width=512, height=512)"
ang20191019t183727_r7059_c338_w151_h151,ang20191019t183727-F,331.3118932,ang20191019t183727,/AVIRISNG/Permian2019/ang20191019t183727_r7059_c338_w151_h151,2019-10-19,2019-10-19 18:37:27+00:00,0,0,512,512,train,hard,gs://starcop/Permian/permian_2019_official/ang20191019t183727-F_r7059_c338_ctr.tif,True,"Window(col_off=-180, row_off=-180, width=512, height=512)"
ang20191019t185452_r21112_c440_w151_h151,ang20191019t185452-A,331.0649197,ang20191019t185452,/AVIRISNG/Permian2019/ang20191019t185452_r21112_c440_w151_h151,2019-10-19,2019-10-19 18:54:52+00:00,0,0,512,512,train,hard,gs://starcop/Permian/permian_2019_official/ang20191019t185452-A_r21112_c440_ctr.tif,True,"Window(col_off=-180, row_off=-180, width=512, height=512)"
ang20191013t152730_r7456_c214_w151_h151,ang20191013t152730-C,330.9719495,ang20191013t152730,/AVIRISNG/Permian2019/ang20191013t152730_r7456_c214_w151_h151,2019-10-13,2019-10-13 15:27:30+00:00,0,0,512,512,train,hard,gs://starcop/Permian/permian_2019_official/ang20191013t152730-C_r7456_c214_ctr.tif,True,"Window(col_off=-180, row_off=-180, width=512, height=512)"
ang20191022t192048_r217_c387_w151_h151,ang20191022t192048-C,330.4059882,ang20191022t192048,/AVIRISNG/Permian2019/ang20191022t192048_r217_c387_w151_h151,2019-10-22,2019-10-22 19:20:48+00:00,0,0,512,512,train,hard,gs://starcop/Permian/permian_2019_official/ang20191022t192048-C_r217_c387_ctr.tif,True,"Window(col_off=-180, row_off=-180, width=512, height=512)"
ang20191016t145145_r5480_c383_w151_h151,ang20191016t145145-H,330.3792295,ang20191016t145145,/AVIRISNG/Permian2019/ang20191016t145145_r5480_c383_w151_h151,2019-10-16,2019-10-16 14:51:45+00:00,0,0,512,512,train,hard,gs://starcop/Permian/permian_2019_official/ang20191016t145145-H_r5480_c383_ctr.tif,True,"Window(col_off=-180, row_off=-180, width=512, height=512)"
ang20191013t151222_r6632_c214_w151_h151,ang20191013t151222-A,330.2839098,ang20191013t151222,/AVIRISNG/Permian2019/ang20191013t151222_r6632_c214_w151_h151,2019-10-13,2019-10-13 15:12:22+00:00,0,0,512,512,train,hard,gs://starcop/Permian/permian_2019_official/ang20191013t151222-A_r6632_c214_ctr.tif,True,"Window(col_off=-180, row_off=-180, width=512, height=512)"
ang20191019t183727_r1245_c553_w151_h151,ang20191019t183727-C,330.0811203,ang20191019t183727,/AVIRISNG/Permian2019/ang20191019t183727_r1245_c553_w151_h151,2019-10-19,2019-10-19 18:37:27+00:00,0,0,512,512,train,hard,gs://starcop/Permian/permian_2019_official/ang20191019t183727-C_r1245_c553_ctr.tif,True,"Window(col_off=-180, row_off=-180, width=512, height=512)"
ang20191016t171023_r10718_c443_w151_h151,ang20191016t171023-C,330.0642408,ang20191016t171023,/AVIRISNG/Permian2019/ang20191016t171023_r10718_c443_w151_h151,2019-10-16,2019-10-16 17:10:23+00:00,0,0,512,512,train,hard,gs://starcop/Permian/permian_2019_official/ang20191016t171023-C_r10718_c443_ctr.tif,True,"Window(col_off=-180, row_off=-180, width=512, height=512)"
ang20191008t172458_r15394_c392_w151_h151,ang20191008t172458-B,329.5182631,ang20191008t172458,/AVIRISNG/Permian2019/ang20191008t172458_r15394_c392_w151_h151,2019-10-08,2019-10-08 17:24:58+00:00,0,0,512,512,train,hard,gs://starcop/Permian/permian_2019_official/ang20191008t172458-B_r15394_c392_ctr.tif,True,"Window(col_off=-180, row_off=-180, width=512, height=512)"
ang20191016t195058_r554_c585_w151_h151,ang20191016t195058-E,329.5124771,ang20191016t195058,/AVIRISNG/Permian2019/ang20191016t195058_r554_c585_w151_h151,2019-10-16,2019-10-16 19:50:58+00:00,0,0,512,512,train,hard,gs://starcop/Permian/permian_2019_official/ang20191016t195058-E_r554_c585_ctr.tif,True,"Window(col_off=-180, row_off=-180, width=512, height=512)"
ang20191022t165908_r5595_c486_w151_h151,ang20191022t165908-F,329.4135178,ang20191022t165908,/AVIRISNG/Permian2019/ang20191022t165908_r5595_c486_w151_h151,2019-10-22,2019-10-22 16:59:08+00:00,0,0,512,512,train,hard,gs://starcop/Permian/permian_2019_official/ang20191022t165908-F_r5595_c486_ctr.tif,True,"Window(col_off=-180, row_off=-180, width=512, height=512)"
ang20191006t171344_r2930_c21_w151_h151,ang20191006t171344-L,329.3083116,ang20191006t171344,/AVIRISNG/Permian2019/ang20191006t171344_r2930_c21_w151_h151,2019-10-06,2019-10-06 17:13:44+00:00,0,0,512,512,train,hard,gs://starcop/Permian/permian_2019_official/ang20191006t171344-L_r2930_c21_ctr.tif,True,"Window(col_off=-180, row_off=-180, width=512, height=512)"
ang20191019t182848_r7227_c299_w151_h151,ang20191019t182848-4,328.437301,ang20191019t182848,/AVIRISNG/Permian2019/ang20191019t182848_r7227_c299_w151_h151,2019-10-19,2019-10-19 18:28:48+00:00,0,0,512,512,train,hard,gs://starcop/Permian/permian_2019_official/ang20191019t182848-4_r7227_c299_ctr.tif,True,"Window(col_off=-180, row_off=-180, width=512, height=512)"
ang20191016t163955_r5977_c570_w151_h151,ang20191016t163955-K,327.7153497,ang20191016t163955,/AVIRISNG/Permian2019/ang20191016t163955_r5977_c570_w151_h151,2019-10-16,2019-10-16 16:39:55+00:00,0,0,512,512,train,hard,gs://starcop/Permian/permian_2019_official/ang20191016t163955-K_r5977_c570_ctr.tif,True,"Window(col_off=-180, row_off=-180, width=512, height=512)"
ang20190927t182905_r6376_c535_w151_h151,ang20190927t182905-G,327.65443,ang20190927t182905,/AVIRISNG/Permian2019/ang20190927t182905_r6376_c535_w151_h151,2019-09-27,2019-09-27 18:29:05+00:00,0,0,512,512,train,hard,gs://starcop/Permian/permian_2019_official/ang20190927t182905-G_r6376_c535_ctr.tif,True,"Window(col_off=-180, row_off=-180, width=512, height=512)"
ang20191013t152730_r9307_c354_w151_h151,ang20191013t152730-14,327.49983,ang20191013t152730,/AVIRISNG/Permian2019/ang20191013t152730_r9307_c354_w151_h151,2019-10-13,2019-10-13 15:27:30+00:00,0,0,512,512,train,hard,gs://starcop/Permian/permian_2019_official/ang20191013t152730-14_r9307_c354_ctr.tif,True,"Window(col_off=-180, row_off=-180, width=512, height=512)"
ang20191013t145516_r4790_c299_w151_h151,ang20191013t145516-D,326.3143374,ang20191013t145516,/AVIRISNG/Permian2019/ang20191013t145516_r4790_c299_w151_h151,2019-10-13,2019-10-13 14:55:16+00:00,0,0,512,512,train,hard,gs://starcop/Permian/permian_2019_official/ang20191013t145516-D_r4790_c299_ctr.tif,True,"Window(col_off=-180, row_off=-180, width=512, height=512)"
ang20191023t185210_r10689_c275_w151_h151,ang20191023t185210-B,325.678964,ang20191023t185210,/AVIRISNG/Permian2019/ang20191023t185210_r10689_c275_w151_h151,2019-10-23,2019-10-23 18:52:10+00:00,0,0,512,512,train,hard,gs://starcop/Permian/permian_2019_official/ang20191023t185210-B_r10689_c275_ctr.tif,True,"Window(col_off=-180, row_off=-180, width=512, height=512)"
ang20191019t170014_r6076_c22_w151_h151,ang20191019t170014-C,325.5650418,ang20191019t170014,/AVIRISNG/Permian2019/ang20191019t170014_r6076_c22_w151_h151,2019-10-19,2019-10-19 17:00:14+00:00,0,0,512,512,train,hard,gs://starcop/Permian/permian_2019_official/ang20191019t170014-C_r6076_c22_ctr.tif,True,"Window(col_off=-180, row_off=-180, width=512, height=512)"
ang20190924t172057_r14206_c242_w151_h151,ang20190924t172057-F,325.5288399,ang20190924t172057,/AVIRISNG/Permian2019/ang20190924t172057_r14206_c242_w151_h151,2019-09-24,2019-09-24 17:20:57+00:00,0,0,512,512,train,hard,gs://starcop/Permian/permian_2019_official/ang20190924t172057-F_r14206_c242_ctr.tif,True,"Window(col_off=-180, row_off=-180, width=512, height=512)"
ang20191006t183904_r1979_c502_w151_h151,ang20191006t183904-1,325.060209,ang20191006t183904,/AVIRISNG/Permian2019/ang20191006t183904_r1979_c502_w151_h151,2019-10-06,2019-10-06 18:39:04+00:00,0,0,512,512,train,hard,gs://starcop/Permian/permian_2019_official/ang20191006t183904-1_r1979_c502_ctr.tif,True,"Window(col_off=-180, row_off=-180, width=512, height=512)"
ang20191023t142135_r17930_c162_w151_h151,ang20191023t142135-F,323.8177771,ang20191023t142135,/AVIRISNG/Permian2019/ang20191023t142135_r17930_c162_w151_h151,2019-10-23,2019-10-23 14:21:35+00:00,0,0,512,512,train,hard,gs://starcop/Permian/permian_2019_official/ang20191023t142135-F_r17930_c162_ctr.tif,True,"Window(col_off=-180, row_off=-180, width=512, height=512)"
ang20190928t185111_r193_c398_w151_h151,ang20190928t185111-1,323.636611,ang20190928t185111,/AVIRISNG/Permian2019/ang20190928t185111_r193_c398_w151_h151,2019-09-28,2019-09-28 18:51:11+00:00,0,0,512,512,train,hard,gs://starcop/Permian/permian_2019_official/ang20190928t185111-1_r193_c398_ctr.tif,True,"Window(col_off=-180, row_off=-180, width=512, height=512)"
ang20190927t192237_r6246_c359_w151_h151,ang20190927t192237-A,323.2806416,ang20190927t192237,/AVIRISNG/Permian2019/ang20190927t192237_r6246_c359_w151_h151,2019-09-27,2019-09-27 19:22:37+00:00,0,0,512,512,train,hard,gs://starcop/Permian/permian_2019_official/ang20190927t192237-A_r6246_c359_ctr.tif,True,"Window(col_off=-180, row_off=-180, width=512, height=512)"
ang20191023t175603_r10969_c77_w151_h151,ang20191023t175603-2,322.505596,ang20191023t175603,/AVIRISNG/Permian2019/ang20191023t175603_r10969_c77_w151_h151,2019-10-23,2019-10-23 17:56:03+00:00,0,0,512,512,train,hard,gs://starcop/Permian/permian_2019_official/ang20191023t175603-2_r10969_c77_ctr.tif,True,"Window(col_off=-180, row_off=-180, width=512, height=512)"
ang20191013t152730_r6958_c68_w151_h151,ang20191013t152730-A,322.2601521,ang20191013t152730,/AVIRISNG/Permian2019/ang20191013t152730_r6958_c68_w151_h151,2019-10-13,2019-10-13 15:27:30+00:00,0,0,512,512,train,hard,gs://starcop/Permian/permian_2019_official/ang20191013t152730-A_r6958_c68_ctr.tif,True,"Window(col_off=-180, row_off=-180, width=512, height=512)"
ang20191007t190840_r5257_c441_w151_h151,ang20191007t190840-A,322.2563108,ang20191007t190840,/AVIRISNG/Permian2019/ang20191007t190840_r5257_c441_w151_h151,2019-10-07,2019-10-07 19:08:40+00:00,0,0,512,512,train,hard,gs://starcop/Permian/permian_2019_official/ang20191007t190840-A_r5257_c441_ctr.tif,True,"Window(col_off=-180, row_off=-180, width=512, height=512)"
ang20191006t182329_r7747_c400_w151_h151,ang20191006t182329-F,322.2285586,ang20191006t182329,/AVIRISNG/Permian2019/ang20191006t182329_r7747_c400_w151_h151,2019-10-06,2019-10-06 18:23:29+00:00,0,0,512,512,train,hard,gs://starcop/Permian/permian_2019_official/ang20191006t182329-F_r7747_c400_ctr.tif,True,"Window(col_off=-180, row_off=-180, width=512, height=512)"
ang20191011t181301_r11079_c61_w151_h151,ang20191011t181301-B,321.7480055,ang20191011t181301,/AVIRISNG/Permian2019/ang20191011t181301_r11079_c61_w151_h151,2019-10-11,2019-10-11 18:13:01+00:00,0,0,512,512,train,hard,gs://starcop/Permian/permian_2019_official/ang20191011t181301-B_r11079_c61_ctr.tif,True,"Window(col_off=-180, row_off=-180, width=512, height=512)"
ang20191006t172739_r1862_c27_w151_h151,ang20191006t172739-M,321.4913692,ang20191006t172739,/AVIRISNG/Permian2019/ang20191006t172739_r1862_c27_w151_h151,2019-10-06,2019-10-06 17:27:39+00:00,0,0,512,512,train,hard,gs://starcop/Permian/permian_2019_official/ang20191006t172739-M_r1862_c27_ctr.tif,True,"Window(col_off=-180, row_off=-180, width=512, height=512)"
ang20190926t154314_r6238_c231_w151_h151,ang20190926t154314-B,321.4729047,ang20190926t154314,/AVIRISNG/Permian2019/ang20190926t154314_r6238_c231_w151_h151,2019-09-26,2019-09-26 15:43:14+00:00,0,0,512,512,train,hard,gs://starcop/Permian/permian_2019_official/ang20190926t154314-B_r6238_c231_ctr.tif,True,"Window(col_off=-180, row_off=-180, width=512, height=512)"
ang20191017t150903_r7181_c295_w151_h151,ang20191017t150903-3,320.404626,ang20191017t150903,/AVIRISNG/Permian2019/ang20191017t150903_r7181_c295_w151_h151,2019-10-17,2019-10-17 15:09:03+00:00,0,0,512,512,train,hard,gs://starcop/Permian/permian_2019_official/ang20191017t150903-3_r7181_c295_ctr.tif,True,"Window(col_off=-180, row_off=-180, width=512, height=512)"
ang20191016t172526_r5824_c260_w151_h151,ang20191016t172526-D,320.1002613,ang20191016t172526,/AVIRISNG/Permian2019/ang20191016t172526_r5824_c260_w151_h151,2019-10-16,2019-10-16 17:25:26+00:00,0,0,512,512,train,hard,gs://starcop/Permian/permian_2019_official/ang20191016t172526-D_r5824_c260_ctr.tif,True,"Window(col_off=-180, row_off=-180, width=512, height=512)"
ang20191019t175004_r5508_c89_w151_h151,ang20191019t175004-3,319.534047,ang20191019t175004,/AVIRISNG/Permian2019/ang20191019t175004_r5508_c89_w151_h151,2019-10-19,2019-10-19 17:50:04+00:00,0,0,512,512,train,hard,gs://starcop/Permian/permian_2019_official/ang20191019t175004-3_r5508_c89_ctr.tif,True,"Window(col_off=-180, row_off=-180, width=512, height=512)"
ang20191013t170032_r2806_c107_w151_h151,ang20191013t170032-1,319.377642,ang20191013t170032,/AVIRISNG/Permian2019/ang20191013t170032_r2806_c107_w151_h151,2019-10-13,2019-10-13 17:00:32+00:00,0,0,512,512,train,hard,gs://starcop/Permian/permian_2019_official/ang20191013t170032-1_r2806_c107_ctr.tif,True,"Window(col_off=-180, row_off=-180, width=512, height=512)"
ang20191019t161418_r4261_c325_w151_h151,ang20191019t161418-A,319.0444297,ang20191019t161418,/AVIRISNG/Permian2019/ang20191019t161418_r4261_c325_w151_h151,2019-10-19,2019-10-19 16:14:18+00:00,0,0,512,512,train,hard,gs://starcop/Permian/permian_2019_official/ang20191019t161418-A_r4261_c325_ctr.tif,True,"Window(col_off=-180, row_off=-180, width=512, height=512)"
ang20191019t182848_r2632_c419_w151_h151,ang20191019t182848-1,318.881578,ang20191019t182848,/AVIRISNG/Permian2019/ang20191019t182848_r2632_c419_w151_h151,2019-10-19,2019-10-19 18:28:48+00:00,0,0,512,512,train,hard,gs://starcop/Permian/permian_2019_official/ang20191019t182848-1_r2632_c419_ctr.tif,True,"Window(col_off=-180, row_off=-180, width=512, height=512)"
ang20191013t173258_r6771_c139_w151_h151,ang20191013t173258-D,318.2410972,ang20191013t173258,/AVIRISNG/Permian2019/ang20191013t173258_r6771_c139_w151_h151,2019-10-13,2019-10-13 17:32:58+00:00,0,0,512,512,train,hard,gs://starcop/Permian/permian_2019_official/ang20191013t173258-D_r6771_c139_ctr.tif,True,"Window(col_off=-180, row_off=-180, width=512, height=512)"
ang20191013t151222_r6242_c432_w151_h151,ang20191013t151222-7,318.103393,ang20191013t151222,/AVIRISNG/Permian2019/ang20191013t151222_r6242_c432_w151_h151,2019-10-13,2019-10-13 15:12:22+00:00,0,0,512,512,train,hard,gs://starcop/Permian/permian_2019_official/ang20191013t151222-7_r6242_c432_ctr.tif,True,"Window(col_off=-180, row_off=-180, width=512, height=512)"
ang20191008t183946_r2229_c296_w151_h151,ang20191008t183946-A,317.1648215,ang20191008t183946,/AVIRISNG/Permian2019/ang20191008t183946_r2229_c296_w151_h151,2019-10-08,2019-10-08 18:39:46+00:00,0,0,512,512,train,hard,gs://starcop/Permian/permian_2019_official/ang20191008t183946-A_r2229_c296_ctr.tif,True,"Window(col_off=-180, row_off=-180, width=512, height=512)"
ang20191007t175016_r2033_c316_w151_h151,ang20191007t175016-C,315.8711331,ang20191007t175016,/AVIRISNG/Permian2019/ang20191007t175016_r2033_c316_w151_h151,2019-10-07,2019-10-07 17:50:16+00:00,0,0,512,512,train,hard,gs://starcop/Permian/permian_2019_official/ang20191007t175016-C_r2033_c316_ctr.tif,True,"Window(col_off=-180, row_off=-180, width=512, height=512)"
ang20191011t185825_r3060_c497_w151_h151,ang20191011t185825-B,315.6488118,ang20191011t185825,/AVIRISNG/Permian2019/ang20191011t185825_r3060_c497_w151_h151,2019-10-11,2019-10-11 18:58:25+00:00,0,0,512,512,train,hard,gs://starcop/Permian/permian_2019_official/ang20191011t185825-B_r3060_c497_ctr.tif,True,"Window(col_off=-180, row_off=-180, width=512, height=512)"
ang20190927t182905_r6580_c276_w151_h151,ang20190927t182905-C,315.4414993,ang20190927t182905,/AVIRISNG/Permian2019/ang20190927t182905_r6580_c276_w151_h151,2019-09-27,2019-09-27 18:29:05+00:00,0,0,512,512,train,hard,gs://starcop/Permian/permian_2019_official/ang20190927t182905-C_r6580_c276_ctr.tif,True,"Window(col_off=-180, row_off=-180, width=512, height=512)"
ang20191013t192848_r3020_c221_w151_h151,ang20191013t192848-E,315.3950114,ang20191013t192848,/AVIRISNG/Permian2019/ang20191013t192848_r3020_c221_w151_h151,2019-10-13,2019-10-13 19:28:48+00:00,0,0,512,512,train,hard,gs://starcop/Permian/permian_2019_official/ang20191013t192848-E_r3020_c221_ctr.tif,True,"Window(col_off=-180, row_off=-180, width=512, height=512)"
ang20191017t183448_r5698_c240_w151_h151,ang20191017t183448-C,315.0643204,ang20191017t183448,/AVIRISNG/Permian2019/ang20191017t183448_r5698_c240_w151_h151,2019-10-17,2019-10-17 18:34:48+00:00,0,0,512,512,train,hard,gs://starcop/Permian/permian_2019_official/ang20191017t183448-C_r5698_c240_ctr.tif,True,"Window(col_off=-180, row_off=-180, width=512, height=512)"
ang20191017t174946_r9742_c381_w151_h151,ang20191017t174946-F,314.9374531,ang20191017t174946,/AVIRISNG/Permian2019/ang20191017t174946_r9742_c381_w151_h151,2019-10-17,2019-10-17 17:49:46+00:00,0,0,512,512,train,hard,gs://starcop/Permian/permian_2019_official/ang20191017t174946-F_r9742_c381_ctr.tif,True,"Window(col_off=-180, row_off=-180, width=512, height=512)"
ang20191011t184311_r11537_c478_w151_h151,ang20191011t184311-9,313.976674,ang20191011t184311,/AVIRISNG/Permian2019/ang20191011t184311_r11537_c478_w151_h151,2019-10-11,2019-10-11 18:43:11+00:00,0,0,512,512,train,hard,gs://starcop/Permian/permian_2019_official/ang20191011t184311-9_r11537_c478_ctr.tif,True,"Window(col_off=-180, row_off=-180, width=512, height=512)"
ang20191022t162321_r9250_c309_w151_h151,ang20191022t162321-D,313.3911868,ang20191022t162321,/AVIRISNG/Permian2019/ang20191022t162321_r9250_c309_w151_h151,2019-10-22,2019-10-22 16:23:21+00:00,0,0,512,512,train,hard,gs://starcop/Permian/permian_2019_official/ang20191022t162321-D_r9250_c309_ctr.tif,True,"Window(col_off=-180, row_off=-180, width=512, height=512)"
ang20191006t162415_r6342_c488_w151_h151,ang20191006t162415-A,313.0516242,ang20191006t162415,/AVIRISNG/Permian2019/ang20191006t162415_r6342_c488_w151_h151,2019-10-06,2019-10-06 16:24:15+00:00,0,0,512,512,train,hard,gs://starcop/Permian/permian_2019_official/ang20191006t162415-A_r6342_c488_ctr.tif,True,"Window(col_off=-180, row_off=-180, width=512, height=512)"
ang20191023t185210_r10760_c402_w151_h151,ang20191023t185210-4,312.839547,ang20191023t185210,/AVIRISNG/Permian2019/ang20191023t185210_r10760_c402_w151_h151,2019-10-23,2019-10-23 18:52:10+00:00,0,0,512,512,train,hard,gs://starcop/Permian/permian_2019_official/ang20191023t185210-4_r10760_c402_ctr.tif,True,"Window(col_off=-180, row_off=-180, width=512, height=512)"
ang20191006t171344_r917_c79_w151_h151,ang20191006t171344-O,312.1626218,ang20191006t171344,/AVIRISNG/Permian2019/ang20191006t171344_r917_c79_w151_h151,2019-10-06,2019-10-06 17:13:44+00:00,0,0,512,512,train,hard,gs://starcop/Permian/permian_2019_official/ang20191006t171344-O_r917_c79_ctr.tif,True,"Window(col_off=-180, row_off=-180, width=512, height=512)"
ang20191019t182848_r7074_c233_w151_h151,ang20191019t182848-B,311.7936129,ang20191019t182848,/AVIRISNG/Permian2019/ang20191019t182848_r7074_c233_w151_h151,2019-10-19,2019-10-19 18:28:48+00:00,0,0,512,512,train,hard,gs://starcop/Permian/permian_2019_official/ang20191019t182848-B_r7074_c233_ctr.tif,True,"Window(col_off=-180, row_off=-180, width=512, height=512)"
ang20191016t171023_r5020_c380_w151_h151,ang20191016t171023-B,311.7735857,ang20191016t171023,/AVIRISNG/Permian2019/ang20191016t171023_r5020_c380_w151_h151,2019-10-16,2019-10-16 17:10:23+00:00,0,0,512,512,train,hard,gs://starcop/Permian/permian_2019_official/ang20191016t171023-B_r5020_c380_ctr.tif,True,"Window(col_off=-180, row_off=-180, width=512, height=512)"
ang20191006t165608_r10172_c581_w151_h151,ang20191006t165608-C,311.1256745,ang20191006t165608,/AVIRISNG/Permian2019/ang20191006t165608_r10172_c581_w151_h151,2019-10-06,2019-10-06 16:56:08+00:00,0,0,512,512,train,hard,gs://starcop/Permian/permian_2019_official/ang20191006t165608-C_r10172_c581_ctr.tif,True,"Window(col_off=-180, row_off=-180, width=512, height=512)"
ang20191019t173905_r2076_c289_w151_h151,ang20191019t173905-3,310.798875,ang20191019t173905,/AVIRISNG/Permian2019/ang20191019t173905_r2076_c289_w151_h151,2019-10-19,2019-10-19 17:39:05+00:00,0,0,512,512,train,hard,gs://starcop/Permian/permian_2019_official/ang20191019t173905-3_r2076_c289_ctr.tif,True,"Window(col_off=-180, row_off=-180, width=512, height=512)"
ang20190927t173620_r2426_c486_w151_h151,ang20190927t173620-1,310.691721,ang20190927t173620,/AVIRISNG/Permian2019/ang20190927t173620_r2426_c486_w151_h151,2019-09-27,2019-09-27 17:36:20+00:00,0,0,512,512,train,hard,gs://starcop/Permian/permian_2019_official/ang20190927t173620-1_r2426_c486_ctr.tif,True,"Window(col_off=-180, row_off=-180, width=512, height=512)"
ang20191007t201917_r10803_c1486_w151_h151,ang20191007t201917-G,310.0723745,ang20191007t201917,/AVIRISNG/Permian2019/ang20191007t201917_r10803_c1486_w151_h151,2019-10-07,2019-10-07 20:19:17+00:00,0,0,512,512,train,hard,gs://starcop/Permian/permian_2019_official/ang20191007t201917-G_r10803_c1486_ctr.tif,True,"Window(col_off=-180, row_off=-180, width=512, height=512)"
ang20191016t183045_r5873_c556_w151_h151,ang20191016t183045-D,310.0044977,ang20191016t183045,/AVIRISNG/Permian2019/ang20191016t183045_r5873_c556_w151_h151,2019-10-16,2019-10-16 18:30:45+00:00,0,0,512,512,train,hard,gs://starcop/Permian/permian_2019_official/ang20191016t183045-D_r5873_c556_ctr.tif,True,"Window(col_off=-180, row_off=-180, width=512, height=512)"
ang20191017t160033_r3994_c211_w151_h151,ang20191017t160033-H,309.9498133,ang20191017t160033,/AVIRISNG/Permian2019/ang20191017t160033_r3994_c211_w151_h151,2019-10-17,2019-10-17 16:00:33+00:00,0,0,512,512,train,hard,gs://starcop/Permian/permian_2019_official/ang20191017t160033-H_r3994_c211_ctr.tif,True,"Window(col_off=-180, row_off=-180, width=512, height=512)"
ang20191013t192848_r2426_c505_w151_h151,ang20191013t192848-2,309.86905,ang20191013t192848,/AVIRISNG/Permian2019/ang20191013t192848_r2426_c505_w151_h151,2019-10-13,2019-10-13 19:28:48+00:00,0,0,512,512,train,hard,gs://starcop/Permian/permian_2019_official/ang20191013t192848-2_r2426_c505_ctr.tif,True,"Window(col_off=-180, row_off=-180, width=512, height=512)"
ang20191011t174241_r2008_c524_w151_h151,ang20191011t174241-B,309.1426184,ang20191011t174241,/AVIRISNG/Permian2019/ang20191011t174241_r2008_c524_w151_h151,2019-10-11,2019-10-11 17:42:41+00:00,0,0,512,512,train,hard,gs://starcop/Permian/permian_2019_official/ang20191011t174241-B_r2008_c524_ctr.tif,True,"Window(col_off=-180, row_off=-180, width=512, height=512)"
ang20190927t160700_r11528_c322_w151_h151,ang20190927t160700-A,309.0585211,ang20190927t160700,/AVIRISNG/Permian2019/ang20190927t160700_r11528_c322_w151_h151,2019-09-27,2019-09-27 16:07:00+00:00,0,0,512,512,train,hard,gs://starcop/Permian/permian_2019_official/ang20190927t160700-A_r11528_c322_ctr.tif,True,"Window(col_off=-180, row_off=-180, width=512, height=512)"
ang20190927t175410_r2740_c223_w151_h151,ang20190927t175410-1,308.580886,ang20190927t175410,/AVIRISNG/Permian2019/ang20190927t175410_r2740_c223_w151_h151,2019-09-27,2019-09-27 17:54:10+00:00,0,0,512,512,train,hard,gs://starcop/Permian/permian_2019_official/ang20190927t175410-1_r2740_c223_ctr.tif,True,"Window(col_off=-180, row_off=-180, width=512, height=512)"
ang20191016t145145_r1239_c166_w151_h151,ang20191016t145145-A,308.4374723,ang20191016t145145,/AVIRISNG/Permian2019/ang20191016t145145_r1239_c166_w151_h151,2019-10-16,2019-10-16 14:51:45+00:00,0,0,512,512,train,hard,gs://starcop/Permian/permian_2019_official/ang20191016t145145-A_r1239_c166_ctr.tif,True,"Window(col_off=-180, row_off=-180, width=512, height=512)"
ang20191006t172739_r7632_c42_w151_h151,ang20191006t172739-G,308.3353904,ang20191006t172739,/AVIRISNG/Permian2019/ang20191006t172739_r7632_c42_w151_h151,2019-10-06,2019-10-06 17:27:39+00:00,0,0,512,512,train,hard,gs://starcop/Permian/permian_2019_official/ang20191006t172739-G_r7632_c42_ctr.tif,True,"Window(col_off=-180, row_off=-180, width=512, height=512)"
ang20191007t195115_r2176_c543_w151_h151,ang20191007t195115-D,308.1787441,ang20191007t195115,/AVIRISNG/Permian2019/ang20191007t195115_r2176_c543_w151_h151,2019-10-07,2019-10-07 19:51:15+00:00,0,0,512,512,train,hard,gs://starcop/Permian/permian_2019_official/ang20191007t195115-D_r2176_c543_ctr.tif,True,"Window(col_off=-180, row_off=-180, width=512, height=512)"
ang20191023t164221_r5748_c232_w151_h151,ang20191023t164221-1,306.932133,ang20191023t164221,/AVIRISNG/Permian2019/ang20191023t164221_r5748_c232_w151_h151,2019-10-23,2019-10-23 16:42:21+00:00,0,0,512,512,train,hard,gs://starcop/Permian/permian_2019_official/ang20191023t164221-1_r5748_c232_ctr.tif,True,"Window(col_off=-180, row_off=-180, width=512, height=512)"
ang20190927t151239_r4852_c129_w151_h151,ang20190927t151239-A,305.2800749,ang20190927t151239,/AVIRISNG/Permian2019/ang20190927t151239_r4852_c129_w151_h151,2019-09-27,2019-09-27 15:12:39+00:00,0,0,512,512,train,hard,gs://starcop/Permian/permian_2019_official/ang20190927t151239-A_r4852_c129_ctr.tif,True,"Window(col_off=-180, row_off=-180, width=512, height=512)"
ang20190926t171159_r743_c15_w151_h151,ang20190926t171159-1,304.964239,ang20190926t171159,/AVIRISNG/Permian2019/ang20190926t171159_r743_c15_w151_h151,2019-09-26,2019-09-26 17:11:59+00:00,0,0,512,512,train,hard,gs://starcop/Permian/permian_2019_official/ang20190926t171159-1_r743_c15_ctr.tif,True,"Window(col_off=-180, row_off=-180, width=512, height=512)"
ang20191017t185057_r7015_c267_w151_h151,ang20191017t185057-E,304.373856,ang20191017t185057,/AVIRISNG/Permian2019/ang20191017t185057_r7015_c267_w151_h151,2019-10-17,2019-10-17 18:50:57+00:00,0,0,512,512,train,hard,gs://starcop/Permian/permian_2019_official/ang20191017t185057-E_r7015_c267_ctr.tif,True,"Window(col_off=-180, row_off=-180, width=512, height=512)"
ang20190926t161748_r3493_c245_w151_h151,ang20190926t161748-2,304.062294,ang20190926t161748,/AVIRISNG/Permian2019/ang20190926t161748_r3493_c245_w151_h151,2019-09-26,2019-09-26 16:17:48+00:00,0,0,512,512,train,hard,gs://starcop/Permian/permian_2019_official/ang20190926t161748-2_r3493_c245_ctr.tif,True,"Window(col_off=-180, row_off=-180, width=512, height=512)"
ang20191013t174928_r255_c211_w151_h151,ang20191013t174928-1,303.912962,ang20191013t174928,/AVIRISNG/Permian2019/ang20191013t174928_r255_c211_w151_h151,2019-10-13,2019-10-13 17:49:28+00:00,0,0,512,512,train,hard,gs://starcop/Permian/permian_2019_official/ang20191013t174928-1_r255_c211_ctr.tif,True,"Window(col_off=-180, row_off=-180, width=512, height=512)"
ang20191011t192741_r10313_c52_w151_h151,ang20191011t192741-E,303.6336011,ang20191011t192741,/AVIRISNG/Permian2019/ang20191011t192741_r10313_c52_w151_h151,2019-10-11,2019-10-11 19:27:41+00:00,0,0,512,512,train,hard,gs://starcop/Permian/permian_2019_official/ang20191011t192741-E_r10313_c52_ctr.tif,True,"Window(col_off=-180, row_off=-180, width=512, height=512)"
ang20191017t174946_r7519_c377_w151_h151,ang20191017t174946-E,302.8208784,ang20191017t174946,/AVIRISNG/Permian2019/ang20191017t174946_r7519_c377_w151_h151,2019-10-17,2019-10-17 17:49:46+00:00,0,0,512,512,train,hard,gs://starcop/Permian/permian_2019_official/ang20191017t174946-E_r7519_c377_ctr.tif,True,"Window(col_off=-180, row_off=-180, width=512, height=512)"
ang20191017t185057_r5833_c565_w151_h151,ang20191017t185057-D,302.5589786,ang20191017t185057,/AVIRISNG/Permian2019/ang20191017t185057_r5833_c565_w151_h151,2019-10-17,2019-10-17 18:50:57+00:00,0,0,512,512,train,hard,gs://starcop/Permian/permian_2019_official/ang20191017t185057-D_r5833_c565_ctr.tif,True,"Window(col_off=-180, row_off=-180, width=512, height=512)"
ang20191008t194115_r9627_c362_w151_h151,ang20191008t194115-A,301.841321,ang20191008t194115,/AVIRISNG/Permian2019/ang20191008t194115_r9627_c362_w151_h151,2019-10-08,2019-10-08 19:41:15+00:00,0,0,512,512,train,hard,gs://starcop/Permian/permian_2019_official/ang20191008t194115-A_r9627_c362_ctr.tif,True,"Window(col_off=-180, row_off=-180, width=512, height=512)"
ang20191011t175712_r5006_c494_w151_h151,ang20191011t175712-G,301.7982108,ang20191011t175712,/AVIRISNG/Permian2019/ang20191011t175712_r5006_c494_w151_h151,2019-10-11,2019-10-11 17:57:12+00:00,0,0,512,512,train,hard,gs://starcop/Permian/permian_2019_official/ang20191011t175712-G_r5006_c494_ctr.tif,True,"Window(col_off=-180, row_off=-180, width=512, height=512)"
ang20191007t200647_r4878_c331_w151_h151,ang20191007t200647-K,301.6861807,ang20191007t200647,/AVIRISNG/Permian2019/ang20191007t200647_r4878_c331_w151_h151,2019-10-07,2019-10-07 20:06:47+00:00,0,0,512,512,train,hard,gs://starcop/Permian/permian_2019_official/ang20191007t200647-K_r4878_c331_ctr.tif,True,"Window(col_off=-180, row_off=-180, width=512, height=512)"
ang20191022t164918_r332_c281_w151_h151,ang20191022t164918-A,301.6654369,ang20191022t164918,/AVIRISNG/Permian2019/ang20191022t164918_r332_c281_w151_h151,2019-10-22,2019-10-22 16:49:18+00:00,0,0,512,512,train,hard,gs://starcop/Permian/permian_2019_official/ang20191022t164918-A_r332_c281_ctr.tif,True,"Window(col_off=-180, row_off=-180, width=512, height=512)"
ang20191017t144928_r3059_c534_w151_h151,ang20191017t144928-B,301.5481011,ang20191017t144928,/AVIRISNG/Permian2019/ang20191017t144928_r3059_c534_w151_h151,2019-10-17,2019-10-17 14:49:28+00:00,0,0,512,512,train,hard,gs://starcop/Permian/permian_2019_official/ang20191017t144928-B_r3059_c534_ctr.tif,True,"Window(col_off=-180, row_off=-180, width=512, height=512)"
ang20191008t172458_r6989_c452_w151_h151,ang20191008t172458-G,301.422957,ang20191008t172458,/AVIRISNG/Permian2019/ang20191008t172458_r6989_c452_w151_h151,2019-10-08,2019-10-08 17:24:58+00:00,0,0,512,512,train,hard,gs://starcop/Permian/permian_2019_official/ang20191008t172458-G_r6989_c452_ctr.tif,True,"Window(col_off=-180, row_off=-180, width=512, height=512)"
ang20190927t175410_r4611_c328_w151_h151,ang20190927t175410-J,301.3193929,ang20190927t175410,/AVIRISNG/Permian2019/ang20190927t175410_r4611_c328_w151_h151,2019-09-27,2019-09-27 17:54:10+00:00,0,0,512,512,train,hard,gs://starcop/Permian/permian_2019_official/ang20190927t175410-J_r4611_c328_ctr.tif,True,"Window(col_off=-180, row_off=-180, width=512, height=512)"
ang20191006t165608_r4759_c263_w151_h151,ang20191006t165608-6,301.015525,ang20191006t165608,/AVIRISNG/Permian2019/ang20191006t165608_r4759_c263_w151_h151,2019-10-06,2019-10-06 16:56:08+00:00,0,0,512,512,train,hard,gs://starcop/Permian/permian_2019_official/ang20191006t165608-6_r4759_c263_ctr.tif,True,"Window(col_off=-180, row_off=-180, width=512, height=512)"
ang20190927t181142_r1114_c118_w151_h151,ang20190927t181142-G,300.4187832,ang20190927t181142,/AVIRISNG/Permian2019/ang20190927t181142_r1114_c118_w151_h151,2019-09-27,2019-09-27 18:11:42+00:00,0,0,512,512,train,hard,gs://starcop/Permian/permian_2019_official/ang20190927t181142-G_r1114_c118_ctr.tif,True,"Window(col_off=-180, row_off=-180, width=512, height=512)"
ang20191006t150453_r2973_c397_w151_h151,ang20191006t150453-C,300.3207879,ang20191006t150453,/AVIRISNG/Permian2019/ang20191006t150453_r2973_c397_w151_h151,2019-10-06,2019-10-06 15:04:53+00:00,0,0,512,512,train,hard,gs://starcop/Permian/permian_2019_official/ang20191006t150453-C_r2973_c397_ctr.tif,True,"Window(col_off=-180, row_off=-180, width=512, height=512)"
ang20191016t172526_r8629_c183_w151_h151,ang20191016t172526-A,299.8548115,ang20191016t172526,/AVIRISNG/Permian2019/ang20191016t172526_r8629_c183_w151_h151,2019-10-16,2019-10-16 17:25:26+00:00,0,0,512,512,train,hard,gs://starcop/Permian/permian_2019_official/ang20191016t172526-A_r8629_c183_ctr.tif,True,"Window(col_off=-180, row_off=-180, width=512, height=512)"
ang20190924t181121_r6640_c558_w151_h151,ang20190924t181121-D,299.8469296,ang20190924t181121,/AVIRISNG/Permian2019/ang20190924t181121_r6640_c558_w151_h151,2019-09-24,2019-09-24 18:11:21+00:00,0,0,512,512,train,hard,gs://starcop/Permian/permian_2019_official/ang20190924t181121-D_r6640_c558_ctr.tif,True,"Window(col_off=-180, row_off=-180, width=512, height=512)"
ang20191006t182329_r1538_c471_w151_h151,ang20191006t182329-B,299.5741737,ang20191006t182329,/AVIRISNG/Permian2019/ang20191006t182329_r1538_c471_w151_h151,2019-10-06,2019-10-06 18:23:29+00:00,0,0,512,512,train,hard,gs://starcop/Permian/permian_2019_official/ang20191006t182329-B_r1538_c471_ctr.tif,True,"Window(col_off=-180, row_off=-180, width=512, height=512)"
ang20191008t182150_r6974_c475_w151_h151,ang20191008t182150-A,298.7825758,ang20191008t182150,/AVIRISNG/Permian2019/ang20191008t182150_r6974_c475_w151_h151,2019-10-08,2019-10-08 18:21:50+00:00,0,0,512,512,train,hard,gs://starcop/Permian/permian_2019_official/ang20191008t182150-A_r6974_c475_ctr.tif,True,"Window(col_off=-180, row_off=-180, width=512, height=512)"
ang20191013t164602_r12132_c11_w151_h151,ang20191013t164602-A,298.3280494,ang20191013t164602,/AVIRISNG/Permian2019/ang20191013t164602_r12132_c11_w151_h151,2019-10-13,2019-10-13 16:46:02+00:00,0,0,512,512,train,hard,gs://starcop/Permian/permian_2019_official/ang20191013t164602-A_r12132_c11_ctr.tif,True,"Window(col_off=-180, row_off=-180, width=512, height=512)"
ang20191007t182352_r6480_c477_w151_h151,ang20191007t182352-B,297.1580304,ang20191007t182352,/AVIRISNG/Permian2019/ang20191007t182352_r6480_c477_w151_h151,2019-10-07,2019-10-07 18:23:52+00:00,0,0,512,512,train,hard,gs://starcop/Permian/permian_2019_official/ang20191007t182352-B_r6480_c477_ctr.tif,True,"Window(col_off=-180, row_off=-180, width=512, height=512)"
ang20190922t192642_r3270_c384_w151_h151,ang20190922t192642-A,296.6767318,ang20190922t192642,/AVIRISNG/Permian2019/ang20190922t192642_r3270_c384_w151_h151,2019-09-22,2019-09-22 19:26:42+00:00,0,0,512,512,train,hard,gs://starcop/Permian/permian_2019_official/ang20190922t192642-A_r3270_c384_ctr.tif,True,"Window(col_off=-180, row_off=-180, width=512, height=512)"
ang20191017t173348_r2637_c488_w151_h151,ang20191017t173348-D,296.2580655,ang20191017t173348,/AVIRISNG/Permian2019/ang20191017t173348_r2637_c488_w151_h151,2019-10-17,2019-10-17 17:33:48+00:00,0,0,512,512,train,hard,gs://starcop/Permian/permian_2019_official/ang20191017t173348-D_r2637_c488_ctr.tif,True,"Window(col_off=-180, row_off=-180, width=512, height=512)"
ang20191017t161837_r5774_c330_w151_h151,ang20191017t161837-3,296.031827,ang20191017t161837,/AVIRISNG/Permian2019/ang20191017t161837_r5774_c330_w151_h151,2019-10-17,2019-10-17 16:18:37+00:00,0,0,512,512,train,hard,gs://starcop/Permian/permian_2019_official/ang20191017t161837-3_r5774_c330_ctr.tif,True,"Window(col_off=-180, row_off=-180, width=512, height=512)"
ang20191016t150743_r3830_c453_w151_h151,ang20191016t150743-E,295.7763851,ang20191016t150743,/AVIRISNG/Permian2019/ang20191016t150743_r3830_c453_w151_h151,2019-10-16,2019-10-16 15:07:43+00:00,0,0,512,512,train,hard,gs://starcop/Permian/permian_2019_official/ang20191016t150743-E_r3830_c453_ctr.tif,True,"Window(col_off=-180, row_off=-180, width=512, height=512)"
ang20190924t181121_r11120_c183_w151_h151,ang20190924t181121-B,295.7223314,ang20190924t181121,/AVIRISNG/Permian2019/ang20190924t181121_r11120_c183_w151_h151,2019-09-24,2019-09-24 18:11:21+00:00,0,0,512,512,train,hard,gs://starcop/Permian/permian_2019_official/ang20190924t181121-B_r11120_c183_ctr.tif,True,"Window(col_off=-180, row_off=-180, width=512, height=512)"
ang20191008t183946_r6265_c255_w151_h151,ang20191008t183946-B,295.4592881,ang20191008t183946,/AVIRISNG/Permian2019/ang20191008t183946_r6265_c255_w151_h151,2019-10-08,2019-10-08 18:39:46+00:00,0,0,512,512,train,hard,gs://starcop/Permian/permian_2019_official/ang20191008t183946-B_r6265_c255_ctr.tif,True,"Window(col_off=-180, row_off=-180, width=512, height=512)"
ang20191017t180347_r9986_c373_w151_h151,ang20191017t180347-I,295.1872553,ang20191017t180347,/AVIRISNG/Permian2019/ang20191017t180347_r9986_c373_w151_h151,2019-10-17,2019-10-17 18:03:47+00:00,0,0,512,512,train,hard,gs://starcop/Permian/permian_2019_official/ang20191017t180347-I_r9986_c373_ctr.tif,True,"Window(col_off=-180, row_off=-180, width=512, height=512)"
ang20191019t161418_r283_c455_w151_h151,ang20191019t161418-C,294.4361416,ang20191019t161418,/AVIRISNG/Permian2019/ang20191019t161418_r283_c455_w151_h151,2019-10-19,2019-10-19 16:14:18+00:00,0,0,512,512,train,hard,gs://starcop/Permian/permian_2019_official/ang20191019t161418-C_r283_c455_ctr.tif,True,"Window(col_off=-180, row_off=-180, width=512, height=512)"
ang20191013t192848_r2425_c504_w151_h151,ang20191013t192848-C,293.5096488,ang20191013t192848,/AVIRISNG/Permian2019/ang20191013t192848_r2425_c504_w151_h151,2019-10-13,2019-10-13 19:28:48+00:00,0,0,512,512,train,hard,gs://starcop/Permian/permian_2019_official/ang20191013t192848-C_r2425_c504_ctr.tif,True,"Window(col_off=-180, row_off=-180, width=512, height=512)"
ang20191017t170330_r9351_c429_w151_h151,ang20191017t170330-D,292.7657124,ang20191017t170330,/AVIRISNG/Permian2019/ang20191017t170330_r9351_c429_w151_h151,2019-10-17,2019-10-17 17:03:30+00:00,0,0,512,512,train,hard,gs://starcop/Permian/permian_2019_official/ang20191017t170330-D_r9351_c429_ctr.tif,True,"Window(col_off=-180, row_off=-180, width=512, height=512)"
ang20191007t190840_r6187_c432_w151_h151,ang20191007t190840-E,291.9874931,ang20191007t190840,/AVIRISNG/Permian2019/ang20191007t190840_r6187_c432_w151_h151,2019-10-07,2019-10-07 19:08:40+00:00,0,0,512,512,train,hard,gs://starcop/Permian/permian_2019_official/ang20191007t190840-E_r6187_c432_ctr.tif,True,"Window(col_off=-180, row_off=-180, width=512, height=512)"
ang20191017t154425_r2080_c286_w151_h151,ang20191017t154425-G,291.7938343,ang20191017t154425,/AVIRISNG/Permian2019/ang20191017t154425_r2080_c286_w151_h151,2019-10-17,2019-10-17 15:44:25+00:00,0,0,512,512,train,hard,gs://starcop/Permian/permian_2019_official/ang20191017t154425-G_r2080_c286_ctr.tif,True,"Window(col_off=-180, row_off=-180, width=512, height=512)"
ang20191022t163722_r5753_c252_w151_h151,ang20191022t163722-B,291.4368404,ang20191022t163722,/AVIRISNG/Permian2019/ang20191022t163722_r5753_c252_w151_h151,2019-10-22,2019-10-22 16:37:22+00:00,0,0,512,512,train,hard,gs://starcop/Permian/permian_2019_official/ang20191022t163722-B_r5753_c252_ctr.tif,True,"Window(col_off=-180, row_off=-180, width=512, height=512)"
ang20191011t165345_r2762_c457_w151_h151,ang20191011t165345-B,291.404106,ang20191011t165345,/AVIRISNG/Permian2019/ang20191011t165345_r2762_c457_w151_h151,2019-10-11,2019-10-11 16:53:45+00:00,0,0,512,512,train,hard,gs://starcop/Permian/permian_2019_official/ang20191011t165345-B_r2762_c457_ctr.tif,True,"Window(col_off=-180, row_off=-180, width=512, height=512)"
ang20191011t174241_r11150_c189_w151_h151,ang20191011t174241-A,290.694292,ang20191011t174241,/AVIRISNG/Permian2019/ang20191011t174241_r11150_c189_w151_h151,2019-10-11,2019-10-11 17:42:41+00:00,0,0,512,512,train,hard,gs://starcop/Permian/permian_2019_official/ang20191011t174241-A_r11150_c189_ctr.tif,True,"Window(col_off=-180, row_off=-180, width=512, height=512)"
ang20191017t150903_r9252_c52_w151_h151,ang20191017t150903-E,289.1783397,ang20191017t150903,/AVIRISNG/Permian2019/ang20191017t150903_r9252_c52_w151_h151,2019-10-17,2019-10-17 15:09:03+00:00,0,0,512,512,train,hard,gs://starcop/Permian/permian_2019_official/ang20191017t150903-E_r9252_c52_ctr.tif,True,"Window(col_off=-180, row_off=-180, width=512, height=512)"
ang20191016t150743_r2776_c281_w151_h151,ang20191016t150743-D,289.1304251,ang20191016t150743,/AVIRISNG/Permian2019/ang20191016t150743_r2776_c281_w151_h151,2019-10-16,2019-10-16 15:07:43+00:00,0,0,512,512,train,hard,gs://starcop/Permian/permian_2019_official/ang20191016t150743-D_r2776_c281_ctr.tif,True,"Window(col_off=-180, row_off=-180, width=512, height=512)"
ang20191016t195058_r224_c814_w151_h151,ang20191016t195058-B,289.1021429,ang20191016t195058,/AVIRISNG/Permian2019/ang20191016t195058_r224_c814_w151_h151,2019-10-16,2019-10-16 19:50:58+00:00,0,0,512,512,train,hard,gs://starcop/Permian/permian_2019_official/ang20191016t195058-B_r224_c814_ctr.tif,True,"Window(col_off=-180, row_off=-180, width=512, height=512)"
ang20191019t173905_r2062_c291_w151_h151,ang20191019t173905-A,288.7791082,ang20191019t173905,/AVIRISNG/Permian2019/ang20191019t173905_r2062_c291_w151_h151,2019-10-19,2019-10-19 17:39:05+00:00,0,0,512,512,train,hard,gs://starcop/Permian/permian_2019_official/ang20191019t173905-A_r2062_c291_ctr.tif,True,"Window(col_off=-180, row_off=-180, width=512, height=512)"
ang20191019t163936_r174_c399_w151_h151,ang20191019t163936-C,288.7401699,ang20191019t163936,/AVIRISNG/Permian2019/ang20191019t163936_r174_c399_w151_h151,2019-10-19,2019-10-19 16:39:36+00:00,0,0,512,512,train,hard,gs://starcop/Permian/permian_2019_official/ang20191019t163936-C_r174_c399_ctr.tif,True,"Window(col_off=-180, row_off=-180, width=512, height=512)"
ang20191006t150453_r3320_c425_w151_h151,ang20191006t150453-D,288.3256937,ang20191006t150453,/AVIRISNG/Permian2019/ang20191006t150453_r3320_c425_w151_h151,2019-10-06,2019-10-06 15:04:53+00:00,0,0,512,512,train,hard,gs://starcop/Permian/permian_2019_official/ang20191006t150453-D_r3320_c425_ctr.tif,True,"Window(col_off=-180, row_off=-180, width=512, height=512)"
ang20191017t160033_r6024_c126_w151_h151,ang20191017t160033-2,288.263905,ang20191017t160033,/AVIRISNG/Permian2019/ang20191017t160033_r6024_c126_w151_h151,2019-10-17,2019-10-17 16:00:33+00:00,0,0,512,512,train,hard,gs://starcop/Permian/permian_2019_official/ang20191017t160033-2_r6024_c126_ctr.tif,True,"Window(col_off=-180, row_off=-180, width=512, height=512)"
ang20191007t200647_r3782_c243_w151_h151,ang20191007t200647-E,287.9388672,ang20191007t200647,/AVIRISNG/Permian2019/ang20191007t200647_r3782_c243_w151_h151,2019-10-07,2019-10-07 20:06:47+00:00,0,0,512,512,train,hard,gs://starcop/Permian/permian_2019_official/ang20191007t200647-E_r3782_c243_ctr.tif,True,"Window(col_off=-180, row_off=-180, width=512, height=512)"
ang20190927t181142_r5030_c60_w151_h151,ang20190927t181142-D,287.9259027,ang20190927t181142,/AVIRISNG/Permian2019/ang20190927t181142_r5030_c60_w151_h151,2019-09-27,2019-09-27 18:11:42+00:00,0,0,512,512,train,hard,gs://starcop/Permian/permian_2019_official/ang20190927t181142-D_r5030_c60_ctr.tif,True,"Window(col_off=-180, row_off=-180, width=512, height=512)"
ang20191016t150743_r2947_c193_w151_h151,ang20191016t150743-C,287.0406823,ang20191016t150743,/AVIRISNG/Permian2019/ang20191016t150743_r2947_c193_w151_h151,2019-10-16,2019-10-16 15:07:43+00:00,0,0,512,512,train,hard,gs://starcop/Permian/permian_2019_official/ang20191016t150743-C_r2947_c193_ctr.tif,True,"Window(col_off=-180, row_off=-180, width=512, height=512)"
ang20191006t164135_r185_c125_w151_h151,ang20191006t164135-1,286.553468,ang20191006t164135,/AVIRISNG/Permian2019/ang20191006t164135_r185_c125_w151_h151,2019-10-06,2019-10-06 16:41:35+00:00,0,0,512,512,train,hard,gs://starcop/Permian/permian_2019_official/ang20191006t164135-1_r185_c125_ctr.tif,True,"Window(col_off=-180, row_off=-180, width=512, height=512)"
ang20191006t165608_r3680_c177_w151_h151,ang20191006t165608-5,286.452416,ang20191006t165608,/AVIRISNG/Permian2019/ang20191006t165608_r3680_c177_w151_h151,2019-10-06,2019-10-06 16:56:08+00:00,0,0,512,512,train,hard,gs://starcop/Permian/permian_2019_official/ang20191006t165608-5_r3680_c177_ctr.tif,True,"Window(col_off=-180, row_off=-180, width=512, height=512)"
ang20191017t152518_r1992_c496_w151_h151,ang20191017t152518-B,285.9166194,ang20191017t152518,/AVIRISNG/Permian2019/ang20191017t152518_r1992_c496_w151_h151,2019-10-17,2019-10-17 15:25:18+00:00,0,0,512,512,train,hard,gs://starcop/Permian/permian_2019_official/ang20191017t152518-B_r1992_c496_ctr.tif,True,"Window(col_off=-180, row_off=-180, width=512, height=512)"
ang20190922t192642_r4834_c257_w151_h151,ang20190922t192642-C,285.7811578,ang20190922t192642,/AVIRISNG/Permian2019/ang20190922t192642_r4834_c257_w151_h151,2019-09-22,2019-09-22 19:26:42+00:00,0,0,512,512,train,hard,gs://starcop/Permian/permian_2019_official/ang20190922t192642-C_r4834_c257_ctr.tif,True,"Window(col_off=-180, row_off=-180, width=512, height=512)"
ang20191016t160914_r6437_c522_w151_h151,ang20191016t160914-A,284.3666268,ang20191016t160914,/AVIRISNG/Permian2019/ang20191016t160914_r6437_c522_w151_h151,2019-10-16,2019-10-16 16:09:14+00:00,0,0,512,512,train,hard,gs://starcop/Permian/permian_2019_official/ang20191016t160914-A_r6437_c522_ctr.tif,True,"Window(col_off=-180, row_off=-180, width=512, height=512)"
ang20190927t175410_r12204_c347_w151_h151,ang20190927t175410-B,283.6500957,ang20190927t175410,/AVIRISNG/Permian2019/ang20190927t175410_r12204_c347_w151_h151,2019-09-27,2019-09-27 17:54:10+00:00,0,0,512,512,train,hard,gs://starcop/Permian/permian_2019_official/ang20190927t175410-B_r12204_c347_ctr.tif,True,"Window(col_off=-180, row_off=-180, width=512, height=512)"
ang20191016t175642_r5951_c110_w151_h151,ang20191016t175642-B,282.9425158,ang20191016t175642,/AVIRISNG/Permian2019/ang20191016t175642_r5951_c110_w151_h151,2019-10-16,2019-10-16 17:56:42+00:00,0,0,512,512,train,hard,gs://starcop/Permian/permian_2019_official/ang20191016t175642-B_r5951_c110_ctr.tif,True,"Window(col_off=-180, row_off=-180, width=512, height=512)"
ang20191016t171023_r1905_c425_w151_h151,ang20191016t171023-G,282.5784237,ang20191016t171023,/AVIRISNG/Permian2019/ang20191016t171023_r1905_c425_w151_h151,2019-10-16,2019-10-16 17:10:23+00:00,0,0,512,512,train,hard,gs://starcop/Permian/permian_2019_official/ang20191016t171023-G_r1905_c425_ctr.tif,True,"Window(col_off=-180, row_off=-180, width=512, height=512)"
ang20191023t165811_r8143_c73_w151_h151,ang20191023t165811-7,282.494751,ang20191023t165811,/AVIRISNG/Permian2019/ang20191023t165811_r8143_c73_w151_h151,2019-10-23,2019-10-23 16:58:11+00:00,0,0,512,512,train,hard,gs://starcop/Permian/permian_2019_official/ang20191023t165811-7_r8143_c73_ctr.tif,True,"Window(col_off=-180, row_off=-180, width=512, height=512)"
ang20190928t193847_r4737_c638_w151_h151,ang20190928t193847-A,282.3053475,ang20190928t193847,/AVIRISNG/Permian2019/ang20190928t193847_r4737_c638_w151_h151,2019-09-28,2019-09-28 19:38:47+00:00,0,0,512,512,train,hard,gs://starcop/Permian/permian_2019_official/ang20190928t193847-A_r4737_c638_ctr.tif,True,"Window(col_off=-180, row_off=-180, width=512, height=512)"
ang20191016t195058_r278_c973_w151_h151,ang20191016t195058-2,282.132462,ang20191016t195058,/AVIRISNG/Permian2019/ang20191016t195058_r278_c973_w151_h151,2019-10-16,2019-10-16 19:50:58+00:00,0,0,512,512,train,hard,gs://starcop/Permian/permian_2019_official/ang20191016t195058-2_r278_c973_ctr.tif,True,"Window(col_off=-180, row_off=-180, width=512, height=512)"
ang20190926t154314_r12563_c601_w151_h151,ang20190926t154314-C,282.0579198,ang20190926t154314,/AVIRISNG/Permian2019/ang20190926t154314_r12563_c601_w151_h151,2019-09-26,2019-09-26 15:43:14+00:00,0,0,512,512,train,hard,gs://starcop/Permian/permian_2019_official/ang20190926t154314-C_r12563_c601_ctr.tif,True,"Window(col_off=-180, row_off=-180, width=512, height=512)"
ang20191013t182140_r3872_c425_w151_h151,ang20191013t182140-1,281.431443,ang20191013t182140,/AVIRISNG/Permian2019/ang20191013t182140_r3872_c425_w151_h151,2019-10-13,2019-10-13 18:21:40+00:00,0,0,512,512,train,hard,gs://starcop/Permian/permian_2019_official/ang20191013t182140-1_r3872_c425_ctr.tif,True,"Window(col_off=-180, row_off=-180, width=512, height=512)"
ang20191019t173905_r11057_c320_w151_h151,ang20191019t173905-6,280.916066,ang20191019t173905,/AVIRISNG/Permian2019/ang20191019t173905_r11057_c320_w151_h151,2019-10-19,2019-10-19 17:39:05+00:00,0,0,512,512,train,hard,gs://starcop/Permian/permian_2019_official/ang20191019t173905-6_r11057_c320_ctr.tif,True,"Window(col_off=-180, row_off=-180, width=512, height=512)"
ang20190924t183641_r12355_c423_w151_h151,ang20190924t183641-F,279.8865322,ang20190924t183641,/AVIRISNG/Permian2019/ang20190924t183641_r12355_c423_w151_h151,2019-09-24,2019-09-24 18:36:41+00:00,0,0,512,512,train,hard,gs://starcop/Permian/permian_2019_official/ang20190924t183641-F_r12355_c423_ctr.tif,True,"Window(col_off=-180, row_off=-180, width=512, height=512)"
ang20191017t160033_r3365_c25_w151_h151,ang20191017t160033-E,278.4181976,ang20191017t160033,/AVIRISNG/Permian2019/ang20191017t160033_r3365_c25_w151_h151,2019-10-17,2019-10-17 16:00:33+00:00,0,0,512,512,train,hard,gs://starcop/Permian/permian_2019_official/ang20191017t160033-E_r3365_c25_ctr.tif,True,"Window(col_off=-180, row_off=-180, width=512, height=512)"
ang20191016t195058_r319_c831_w151_h151,ang20191016t195058-J,277.8875915,ang20191016t195058,/AVIRISNG/Permian2019/ang20191016t195058_r319_c831_w151_h151,2019-10-16,2019-10-16 19:50:58+00:00,0,0,512,512,train,hard,gs://starcop/Permian/permian_2019_official/ang20191016t195058-J_r319_c831_ctr.tif,True,"Window(col_off=-180, row_off=-180, width=512, height=512)"
ang20191013t182140_r630_c505_w151_h151,ang20191013t182140-F,277.0141701,ang20191013t182140,/AVIRISNG/Permian2019/ang20191013t182140_r630_c505_w151_h151,2019-10-13,2019-10-13 18:21:40+00:00,0,0,512,512,train,hard,gs://starcop/Permian/permian_2019_official/ang20191013t182140-F_r630_c505_ctr.tif,True,"Window(col_off=-180, row_off=-180, width=512, height=512)"
ang20191022t181138_r5587_c485_w151_h151,ang20191022t181138-B,276.29351,ang20191022t181138,/AVIRISNG/Permian2019/ang20191022t181138_r5587_c485_w151_h151,2019-10-22,2019-10-22 18:11:38+00:00,0,0,512,512,train,hard,gs://starcop/Permian/permian_2019_official/ang20191022t181138-B_r5587_c485_ctr.tif,True,"Window(col_off=-180, row_off=-180, width=512, height=512)"
ang20191016t193637_r9048_c137_w151_h151,ang20191016t193637-I,273.8941703,ang20191016t193637,/AVIRISNG/Permian2019/ang20191016t193637_r9048_c137_w151_h151,2019-10-16,2019-10-16 19:36:37+00:00,0,0,512,512,train,hard,gs://starcop/Permian/permian_2019_official/ang20191016t193637-I_r9048_c137_ctr.tif,True,"Window(col_off=-180, row_off=-180, width=512, height=512)"
ang20191016t171023_r6570_c583_w151_h151,ang20191016t171023-A,273.7107425,ang20191016t171023,/AVIRISNG/Permian2019/ang20191016t171023_r6570_c583_w151_h151,2019-10-16,2019-10-16 17:10:23+00:00,0,0,512,512,train,hard,gs://starcop/Permian/permian_2019_official/ang20191016t171023-A_r6570_c583_ctr.tif,True,"Window(col_off=-180, row_off=-180, width=512, height=512)"
ang20191011t181301_r11788_c236_w151_h151,ang20191011t181301-A,273.6194998,ang20191011t181301,/AVIRISNG/Permian2019/ang20191011t181301_r11788_c236_w151_h151,2019-10-11,2019-10-11 18:13:01+00:00,0,0,512,512,train,hard,gs://starcop/Permian/permian_2019_official/ang20191011t181301-A_r11788_c236_ctr.tif,True,"Window(col_off=-180, row_off=-180, width=512, height=512)"
ang20191023t172753_r9206_c264_w151_h151,ang20191023t172753-3,272.596032,ang20191023t172753,/AVIRISNG/Permian2019/ang20191023t172753_r9206_c264_w151_h151,2019-10-23,2019-10-23 17:27:53+00:00,0,0,512,512,train,hard,gs://starcop/Permian/permian_2019_official/ang20191023t172753-3_r9206_c264_ctr.tif,True,"Window(col_off=-180, row_off=-180, width=512, height=512)"
ang20191016t183045_r3028_c371_w151_h151,ang20191016t183045-A,272.3306786,ang20191016t183045,/AVIRISNG/Permian2019/ang20191016t183045_r3028_c371_w151_h151,2019-10-16,2019-10-16 18:30:45+00:00,0,0,512,512,train,hard,gs://starcop/Permian/permian_2019_official/ang20191016t183045-A_r3028_c371_ctr.tif,True,"Window(col_off=-180, row_off=-180, width=512, height=512)"
ang20191016t150743_r1683_c302_w151_h151,ang20191016t150743-A,271.4515113,ang20191016t150743,/AVIRISNG/Permian2019/ang20191016t150743_r1683_c302_w151_h151,2019-10-16,2019-10-16 15:07:43+00:00,0,0,512,512,train,hard,gs://starcop/Permian/permian_2019_official/ang20191016t150743-A_r1683_c302_ctr.tif,True,"Window(col_off=-180, row_off=-180, width=512, height=512)"
ang20191013t154421_r6579_c235_w151_h151,ang20191013t154421-5,271.250585,ang20191013t154421,/AVIRISNG/Permian2019/ang20191013t154421_r6579_c235_w151_h151,2019-10-13,2019-10-13 15:44:21+00:00,0,0,512,512,train,hard,gs://starcop/Permian/permian_2019_official/ang20191013t154421-5_r6579_c235_ctr.tif,True,"Window(col_off=-180, row_off=-180, width=512, height=512)"
ang20191023t174017_r6602_c343_w151_h151,ang20191023t174017-1,270.463335,ang20191023t174017,/AVIRISNG/Permian2019/ang20191023t174017_r6602_c343_w151_h151,2019-10-23,2019-10-23 17:40:17+00:00,0,0,512,512,train,hard,gs://starcop/Permian/permian_2019_official/ang20191023t174017-1_r6602_c343_ctr.tif,True,"Window(col_off=-180, row_off=-180, width=512, height=512)"
ang20191008t195936_r1361_c446_w151_h151,ang20191008t195936-A,270.2508085,ang20191008t195936,/AVIRISNG/Permian2019/ang20191008t195936_r1361_c446_w151_h151,2019-10-08,2019-10-08 19:59:36+00:00,0,0,512,512,train,hard,gs://starcop/Permian/permian_2019_official/ang20191008t195936-A_r1361_c446_ctr.tif,True,"Window(col_off=-180, row_off=-180, width=512, height=512)"
ang20190926t180335_r6976_c472_w151_h151,ang20190926t180335-D,270.1892636,ang20190926t180335,/AVIRISNG/Permian2019/ang20190926t180335_r6976_c472_w151_h151,2019-09-26,2019-09-26 18:03:35+00:00,0,0,512,512,train,hard,gs://starcop/Permian/permian_2019_official/ang20190926t180335-D_r6976_c472_ctr.tif,True,"Window(col_off=-180, row_off=-180, width=512, height=512)"
ang20191013t164602_r8145_c515_w151_h151,ang20191013t164602-C,269.9011395,ang20191013t164602,/AVIRISNG/Permian2019/ang20191013t164602_r8145_c515_w151_h151,2019-10-13,2019-10-13 16:46:02+00:00,0,0,512,512,train,hard,gs://starcop/Permian/permian_2019_official/ang20191013t164602-C_r8145_c515_ctr.tif,True,"Window(col_off=-180, row_off=-180, width=512, height=512)"
ang20190926t172904_r3349_c507_w151_h151,ang20190926t172904-B,269.6904103,ang20190926t172904,/AVIRISNG/Permian2019/ang20190926t172904_r3349_c507_w151_h151,2019-09-26,2019-09-26 17:29:04+00:00,0,0,512,512,train,hard,gs://starcop/Permian/permian_2019_official/ang20190926t172904-B_r3349_c507_ctr.tif,True,"Window(col_off=-180, row_off=-180, width=512, height=512)"
ang20191006t180341_r1269_c248_w151_h151,ang20191006t180341-D,269.6120804,ang20191006t180341,/AVIRISNG/Permian2019/ang20191006t180341_r1269_c248_w151_h151,2019-10-06,2019-10-06 18:03:41+00:00,0,0,512,512,train,hard,gs://starcop/Permian/permian_2019_official/ang20191006t180341-D_r1269_c248_ctr.tif,True,"Window(col_off=-180, row_off=-180, width=512, height=512)"
ang20191007t200647_r10170_c553_w151_h151,ang20191007t200647-G,269.5677569,ang20191007t200647,/AVIRISNG/Permian2019/ang20191007t200647_r10170_c553_w151_h151,2019-10-07,2019-10-07 20:06:47+00:00,0,0,512,512,train,hard,gs://starcop/Permian/permian_2019_official/ang20191007t200647-G_r10170_c553_ctr.tif,True,"Window(col_off=-180, row_off=-180, width=512, height=512)"
ang20191019t162211_r1496_c332_w151_h151,ang20191019t162211-2,269.248843,ang20191019t162211,/AVIRISNG/Permian2019/ang20191019t162211_r1496_c332_w151_h151,2019-10-19,2019-10-19 16:22:11+00:00,0,0,512,512,train,hard,gs://starcop/Permian/permian_2019_official/ang20191019t162211-2_r1496_c332_ctr.tif,True,"Window(col_off=-180, row_off=-180, width=512, height=512)"
ang20191016t193637_r7991_c108_w151_h151,ang20191016t193637-G,269.2395598,ang20191016t193637,/AVIRISNG/Permian2019/ang20191016t193637_r7991_c108_w151_h151,2019-10-16,2019-10-16 19:36:37+00:00,0,0,512,512,train,hard,gs://starcop/Permian/permian_2019_official/ang20191016t193637-G_r7991_c108_ctr.tif,True,"Window(col_off=-180, row_off=-180, width=512, height=512)"
ang20191017t174946_r7823_c591_w151_h151,ang20191017t174946-I,269.2304556,ang20191017t174946,/AVIRISNG/Permian2019/ang20191017t174946_r7823_c591_w151_h151,2019-10-17,2019-10-17 17:49:46+00:00,0,0,512,512,train,hard,gs://starcop/Permian/permian_2019_official/ang20191017t174946-I_r7823_c591_ctr.tif,True,"Window(col_off=-180, row_off=-180, width=512, height=512)"
ang20191011t191345_r3343_c265_w151_h151,ang20191011t191345-C,268.9962672,ang20191011t191345,/AVIRISNG/Permian2019/ang20191011t191345_r3343_c265_w151_h151,2019-10-11,2019-10-11 19:13:45+00:00,0,0,512,512,train,hard,gs://starcop/Permian/permian_2019_official/ang20191011t191345-C_r3343_c265_ctr.tif,True,"Window(col_off=-180, row_off=-180, width=512, height=512)"
ang20191016t163955_r5083_c556_w151_h151,ang20191016t163955-N,268.3658708,ang20191016t163955,/AVIRISNG/Permian2019/ang20191016t163955_r5083_c556_w151_h151,2019-10-16,2019-10-16 16:39:55+00:00,0,0,512,512,train,hard,gs://starcop/Permian/permian_2019_official/ang20191016t163955-N_r5083_c556_ctr.tif,True,"Window(col_off=-180, row_off=-180, width=512, height=512)"
ang20191016t200430_r6874_c570_w151_h151,ang20191016t200430-A,267.616813,ang20191016t200430,/AVIRISNG/Permian2019/ang20191016t200430_r6874_c570_w151_h151,2019-10-16,2019-10-16 20:04:30+00:00,0,0,512,512,train,hard,gs://starcop/Permian/permian_2019_official/ang20191016t200430-A_r6874_c570_ctr.tif,True,"Window(col_off=-180, row_off=-180, width=512, height=512)"
ang20191016t183045_r5262_c84_w151_h151,ang20191016t183045-C,267.6115059,ang20191016t183045,/AVIRISNG/Permian2019/ang20191016t183045_r5262_c84_w151_h151,2019-10-16,2019-10-16 18:30:45+00:00,0,0,512,512,train,hard,gs://starcop/Permian/permian_2019_official/ang20191016t183045-C_r5262_c84_ctr.tif,True,"Window(col_off=-180, row_off=-180, width=512, height=512)"
ang20191006t152009_r1738_c274_w151_h151,ang20191006t152009-H,267.2179636,ang20191006t152009,/AVIRISNG/Permian2019/ang20191006t152009_r1738_c274_w151_h151,2019-10-06,2019-10-06 15:20:09+00:00,0,0,512,512,train,hard,gs://starcop/Permian/permian_2019_official/ang20191006t152009-H_r1738_c274_ctr.tif,True,"Window(col_off=-180, row_off=-180, width=512, height=512)"
ang20191011t165345_r3395_c39_w151_h151,ang20191011t165345-D,267.1144916,ang20191011t165345,/AVIRISNG/Permian2019/ang20191011t165345_r3395_c39_w151_h151,2019-10-11,2019-10-11 16:53:45+00:00,0,0,512,512,train,hard,gs://starcop/Permian/permian_2019_official/ang20191011t165345-D_r3395_c39_ctr.tif,True,"Window(col_off=-180, row_off=-180, width=512, height=512)"
ang20191011t171218_r4916_c92_w151_h151,ang20191011t171218-C,267.0567121,ang20191011t171218,/AVIRISNG/Permian2019/ang20191011t171218_r4916_c92_w151_h151,2019-10-11,2019-10-11 17:12:18+00:00,0,0,512,512,train,hard,gs://starcop/Permian/permian_2019_official/ang20191011t171218-C_r4916_c92_ctr.tif,True,"Window(col_off=-180, row_off=-180, width=512, height=512)"
ang20191019t160518_r4056_c274_w151_h151,ang20191019t160518-A,266.4294308,ang20191019t160518,/AVIRISNG/Permian2019/ang20191019t160518_r4056_c274_w151_h151,2019-10-19,2019-10-19 16:05:18+00:00,0,0,512,512,train,hard,gs://starcop/Permian/permian_2019_official/ang20191019t160518-A_r4056_c274_ctr.tif,True,"Window(col_off=-180, row_off=-180, width=512, height=512)"
ang20191016t174016_r11106_c154_w151_h151,ang20191016t174016-A,266.0471689,ang20191016t174016,/AVIRISNG/Permian2019/ang20191016t174016_r11106_c154_w151_h151,2019-10-16,2019-10-16 17:40:16+00:00,0,0,512,512,train,hard,gs://starcop/Permian/permian_2019_official/ang20191016t174016-A_r11106_c154_ctr.tif,True,"Window(col_off=-180, row_off=-180, width=512, height=512)"
ang20190926t180335_r9812_c119_w151_h151,ang20190926t180335-E,265.0963536,ang20190926t180335,/AVIRISNG/Permian2019/ang20190926t180335_r9812_c119_w151_h151,2019-09-26,2019-09-26 18:03:35+00:00,0,0,512,512,train,hard,gs://starcop/Permian/permian_2019_official/ang20190926t180335-E_r9812_c119_ctr.tif,True,"Window(col_off=-180, row_off=-180, width=512, height=512)"
ang20191007t201917_r11493_c1532_w151_h151,ang20191007t201917-B,264.5365945,ang20191007t201917,/AVIRISNG/Permian2019/ang20191007t201917_r11493_c1532_w151_h151,2019-10-07,2019-10-07 20:19:17+00:00,0,0,512,512,train,hard,gs://starcop/Permian/permian_2019_official/ang20191007t201917-B_r11493_c1532_ctr.tif,True,"Window(col_off=-180, row_off=-180, width=512, height=512)"
ang20191006t174505_r11485_c152_w151_h151,ang20191006t174505-A,264.4217641,ang20191006t174505,/AVIRISNG/Permian2019/ang20191006t174505_r11485_c152_w151_h151,2019-10-06,2019-10-06 17:45:05+00:00,0,0,512,512,train,hard,gs://starcop/Permian/permian_2019_official/ang20191006t174505-A_r11485_c152_ctr.tif,True,"Window(col_off=-180, row_off=-180, width=512, height=512)"
ang20191019t185452_r24232_c166_w151_h151,ang20191019t185452-C,264.2543458,ang20191019t185452,/AVIRISNG/Permian2019/ang20191019t185452_r24232_c166_w151_h151,2019-10-19,2019-10-19 18:54:52+00:00,0,0,512,512,train,hard,gs://starcop/Permian/permian_2019_official/ang20191019t185452-C_r24232_c166_ctr.tif,True,"Window(col_off=-180, row_off=-180, width=512, height=512)"
ang20191017t170330_r2685_c231_w151_h151,ang20191017t170330-J,264.1196656,ang20191017t170330,/AVIRISNG/Permian2019/ang20191017t170330_r2685_c231_w151_h151,2019-10-17,2019-10-17 17:03:30+00:00,0,0,512,512,train,hard,gs://starcop/Permian/permian_2019_official/ang20191017t170330-J_r2685_c231_ctr.tif,True,"Window(col_off=-180, row_off=-180, width=512, height=512)"
ang20191016t183045_r6333_c95_w151_h151,ang20191016t183045-E,263.8044218,ang20191016t183045,/AVIRISNG/Permian2019/ang20191016t183045_r6333_c95_w151_h151,2019-10-16,2019-10-16 18:30:45+00:00,0,0,512,512,train,hard,gs://starcop/Permian/permian_2019_official/ang20191016t183045-E_r6333_c95_ctr.tif,True,"Window(col_off=-180, row_off=-180, width=512, height=512)"
ang20191006t164135_r2190_c170_w151_h151,ang20191006t164135-L,263.1374258,ang20191006t164135,/AVIRISNG/Permian2019/ang20191006t164135_r2190_c170_w151_h151,2019-10-06,2019-10-06 16:41:35+00:00,0,0,512,512,train,hard,gs://starcop/Permian/permian_2019_official/ang20191006t164135-L_r2190_c170_ctr.tif,True,"Window(col_off=-180, row_off=-180, width=512, height=512)"
ang20191013t145516_r4161_c385_w151_h151,ang20191013t145516-E,262.8689505,ang20191013t145516,/AVIRISNG/Permian2019/ang20191013t145516_r4161_c385_w151_h151,2019-10-13,2019-10-13 14:55:16+00:00,0,0,512,512,train,hard,gs://starcop/Permian/permian_2019_official/ang20191013t145516-E_r4161_c385_ctr.tif,True,"Window(col_off=-180, row_off=-180, width=512, height=512)"
ang20191019t170014_r5520_c96_w151_h151,ang20191019t170014-2,262.556819,ang20191019t170014,/AVIRISNG/Permian2019/ang20191019t170014_r5520_c96_w151_h151,2019-10-19,2019-10-19 17:00:14+00:00,0,0,512,512,train,hard,gs://starcop/Permian/permian_2019_official/ang20191019t170014-2_r5520_c96_ctr.tif,True,"Window(col_off=-180, row_off=-180, width=512, height=512)"
ang20191016t195058_r386_c1010_w151_h151,ang20191016t195058-F,262.1991041,ang20191016t195058,/AVIRISNG/Permian2019/ang20191016t195058_r386_c1010_w151_h151,2019-10-16,2019-10-16 19:50:58+00:00,0,0,512,512,train,hard,gs://starcop/Permian/permian_2019_official/ang20191016t195058-F_r386_c1010_ctr.tif,True,"Window(col_off=-180, row_off=-180, width=512, height=512)"
ang20191016t195058_r261_c704_w151_h151,ang20191016t195058-K,261.6485732,ang20191016t195058,/AVIRISNG/Permian2019/ang20191016t195058_r261_c704_w151_h151,2019-10-16,2019-10-16 19:50:58+00:00,0,0,512,512,train,hard,gs://starcop/Permian/permian_2019_official/ang20191016t195058-K_r261_c704_ctr.tif,True,"Window(col_off=-180, row_off=-180, width=512, height=512)"
ang20191019t145204_r2884_c0_w151_h151,ang20191019t145204-B,260.6539831,ang20191019t145204,/AVIRISNG/Permian2019/ang20191019t145204_r2884_c0_w151_h151,2019-10-19,2019-10-19 14:52:04+00:00,0,0,512,512,train,hard,gs://starcop/Permian/permian_2019_official/ang20191019t145204-B_r2884_c0_ctr.tif,True,"Window(col_off=-180, row_off=-180, width=512, height=512)"
ang20190926t174644_r892_c507_w151_h151,ang20190926t174644-A,260.6479061,ang20190926t174644,/AVIRISNG/Permian2019/ang20190926t174644_r892_c507_w151_h151,2019-09-26,2019-09-26 17:46:44+00:00,0,0,512,512,train,hard,gs://starcop/Permian/permian_2019_official/ang20190926t174644-A_r892_c507_ctr.tif,True,"Window(col_off=-180, row_off=-180, width=512, height=512)"
ang20191022t193257_r909_c393_w151_h151,ang20191022t193257-B,260.0792193,ang20191022t193257,/AVIRISNG/Permian2019/ang20191022t193257_r909_c393_w151_h151,2019-10-22,2019-10-22 19:32:57+00:00,0,0,512,512,train,hard,gs://starcop/Permian/permian_2019_official/ang20191022t193257-B_r909_c393_ctr.tif,True,"Window(col_off=-180, row_off=-180, width=512, height=512)"
ang20191007t182352_r3564_c271_w151_h151,ang20191007t182352-D,259.6941181,ang20191007t182352,/AVIRISNG/Permian2019/ang20191007t182352_r3564_c271_w151_h151,2019-10-07,2019-10-07 18:23:52+00:00,0,0,512,512,train,hard,gs://starcop/Permian/permian_2019_official/ang20191007t182352-D_r3564_c271_ctr.tif,True,"Window(col_off=-180, row_off=-180, width=512, height=512)"
ang20191013t173258_r1371_c553_w151_h151,ang20191013t173258-1,259.178695,ang20191013t173258,/AVIRISNG/Permian2019/ang20191013t173258_r1371_c553_w151_h151,2019-10-13,2019-10-13 17:32:58+00:00,0,0,512,512,train,hard,gs://starcop/Permian/permian_2019_official/ang20191013t173258-1_r1371_c553_ctr.tif,True,"Window(col_off=-180, row_off=-180, width=512, height=512)"
ang20191013t144828_r226_c395_w151_h151,ang20191013t144828-17,259.117843,ang20191013t144828,/AVIRISNG/Permian2019/ang20191013t144828_r226_c395_w151_h151,2019-10-13,2019-10-13 14:48:28+00:00,0,0,512,512,train,hard,gs://starcop/Permian/permian_2019_official/ang20191013t144828-17_r226_c395_ctr.tif,True,"Window(col_off=-180, row_off=-180, width=512, height=512)"
ang20191022t180237_r3873_c679_w151_h151,ang20191022t180237-2,258.919313,ang20191022t180237,/AVIRISNG/Permian2019/ang20191022t180237_r3873_c679_w151_h151,2019-10-22,2019-10-22 18:02:37+00:00,0,0,512,512,train,hard,gs://starcop/Permian/permian_2019_official/ang20191022t180237-2_r3873_c679_ctr.tif,True,"Window(col_off=-180, row_off=-180, width=512, height=512)"
ang20191023t151141_r8469_c109_w151_h151,ang20191023t151141-A,258.712197,ang20191023t151141,/AVIRISNG/Permian2019/ang20191023t151141_r8469_c109_w151_h151,2019-10-23,2019-10-23 15:11:41+00:00,0,0,512,512,train,hard,gs://starcop/Permian/permian_2019_official/ang20191023t151141-A_r8469_c109_ctr.tif,True,"Window(col_off=-180, row_off=-180, width=512, height=512)"
ang20191013t145516_r11372_c121_w151_h151,ang20191013t145516-J,257.748947,ang20191013t145516,/AVIRISNG/Permian2019/ang20191013t145516_r11372_c121_w151_h151,2019-10-13,2019-10-13 14:55:16+00:00,0,0,512,512,train,hard,gs://starcop/Permian/permian_2019_official/ang20191013t145516-J_r11372_c121_ctr.tif,True,"Window(col_off=-180, row_off=-180, width=512, height=512)"
ang20190927t175410_r10027_c480_w151_h151,ang20190927t175410-E,257.1056888,ang20190927t175410,/AVIRISNG/Permian2019/ang20190927t175410_r10027_c480_w151_h151,2019-09-27,2019-09-27 17:54:10+00:00,0,0,512,512,train,hard,gs://starcop/Permian/permian_2019_official/ang20190927t175410-E_r10027_c480_ctr.tif,True,"Window(col_off=-180, row_off=-180, width=512, height=512)"
ang20191017t152518_r1679_c18_w151_h151,ang20191017t152518-C,257.0506706,ang20191017t152518,/AVIRISNG/Permian2019/ang20191017t152518_r1679_c18_w151_h151,2019-10-17,2019-10-17 15:25:18+00:00,0,0,512,512,train,hard,gs://starcop/Permian/permian_2019_official/ang20191017t152518-C_r1679_c18_ctr.tif,True,"Window(col_off=-180, row_off=-180, width=512, height=512)"
ang20191006t150453_r2196_c261_w151_h151,ang20191006t150453-A,256.8396449,ang20191006t150453,/AVIRISNG/Permian2019/ang20191006t150453_r2196_c261_w151_h151,2019-10-06,2019-10-06 15:04:53+00:00,0,0,512,512,train,hard,gs://starcop/Permian/permian_2019_official/ang20191006t150453-A_r2196_c261_ctr.tif,True,"Window(col_off=-180, row_off=-180, width=512, height=512)"
ang20191022t172245_r1735_c21_w151_h151,ang20191022t172245-A,255.2560549,ang20191022t172245,/AVIRISNG/Permian2019/ang20191022t172245_r1735_c21_w151_h151,2019-10-22,2019-10-22 17:22:45+00:00,0,0,512,512,train,hard,gs://starcop/Permian/permian_2019_official/ang20191022t172245-A_r1735_c21_ctr.tif,True,"Window(col_off=-180, row_off=-180, width=512, height=512)"
ang20191016t193637_r6848_c465_w151_h151,ang20191016t193637-D,255.2009655,ang20191016t193637,/AVIRISNG/Permian2019/ang20191016t193637_r6848_c465_w151_h151,2019-10-16,2019-10-16 19:36:37+00:00,0,0,512,512,train,hard,gs://starcop/Permian/permian_2019_official/ang20191016t193637-D_r6848_c465_ctr.tif,True,"Window(col_off=-180, row_off=-180, width=512, height=512)"
ang20191007t175016_r9244_c205_w151_h151,ang20191007t175016-I,254.7550036,ang20191007t175016,/AVIRISNG/Permian2019/ang20191007t175016_r9244_c205_w151_h151,2019-10-07,2019-10-07 17:50:16+00:00,0,0,512,512,train,hard,gs://starcop/Permian/permian_2019_official/ang20191007t175016-I_r9244_c205_ctr.tif,True,"Window(col_off=-180, row_off=-180, width=512, height=512)"
ang20191016t193637_r9018_c131_w151_h151,ang20191016t193637-3,254.47239,ang20191016t193637,/AVIRISNG/Permian2019/ang20191016t193637_r9018_c131_w151_h151,2019-10-16,2019-10-16 19:36:37+00:00,0,0,512,512,train,hard,gs://starcop/Permian/permian_2019_official/ang20191016t193637-3_r9018_c131_ctr.tif,True,"Window(col_off=-180, row_off=-180, width=512, height=512)"
ang20191022t162321_r1555_c111_w151_h151,ang20191022t162321-A,253.7972425,ang20191022t162321,/AVIRISNG/Permian2019/ang20191022t162321_r1555_c111_w151_h151,2019-10-22,2019-10-22 16:23:21+00:00,0,0,512,512,train,hard,gs://starcop/Permian/permian_2019_official/ang20191022t162321-A_r1555_c111_ctr.tif,True,"Window(col_off=-180, row_off=-180, width=512, height=512)"
ang20191017t150903_r9023_c277_w151_h151,ang20191017t150903-6,252.821028,ang20191017t150903,/AVIRISNG/Permian2019/ang20191017t150903_r9023_c277_w151_h151,2019-10-17,2019-10-17 15:09:03+00:00,0,0,512,512,train,hard,gs://starcop/Permian/permian_2019_official/ang20191017t150903-6_r9023_c277_ctr.tif,True,"Window(col_off=-180, row_off=-180, width=512, height=512)"
ang20191017t171949_r11317_c350_w151_h151,ang20191017t171949-5,252.795352,ang20191017t171949,/AVIRISNG/Permian2019/ang20191017t171949_r11317_c350_w151_h151,2019-10-17,2019-10-17 17:19:49+00:00,0,0,512,512,train,hard,gs://starcop/Permian/permian_2019_official/ang20191017t171949-5_r11317_c350_ctr.tif,True,"Window(col_off=-180, row_off=-180, width=512, height=512)"
ang20190923t192543_r2005_c449_w151_h151,ang20190923t192543-A,252.3347201,ang20190923t192543,/AVIRISNG/Permian2019/ang20190923t192543_r2005_c449_w151_h151,2019-09-23,2019-09-23 19:25:43+00:00,0,0,512,512,train,hard,gs://starcop/Permian/permian_2019_official/ang20190923t192543-A_r2005_c449_ctr.tif,True,"Window(col_off=-180, row_off=-180, width=512, height=512)"
ang20191019t175004_r1568_c374_w151_h151,ang20191019t175004-D,251.8280599,ang20191019t175004,/AVIRISNG/Permian2019/ang20191019t175004_r1568_c374_w151_h151,2019-10-19,2019-10-19 17:50:04+00:00,0,0,512,512,train,hard,gs://starcop/Permian/permian_2019_official/ang20191019t175004-D_r1568_c374_ctr.tif,True,"Window(col_off=-180, row_off=-180, width=512, height=512)"
ang20191007t182352_r4376_c293_w151_h151,ang20191007t182352-C,251.526016,ang20191007t182352,/AVIRISNG/Permian2019/ang20191007t182352_r4376_c293_w151_h151,2019-10-07,2019-10-07 18:23:52+00:00,0,0,512,512,train,hard,gs://starcop/Permian/permian_2019_official/ang20191007t182352-C_r4376_c293_ctr.tif,True,"Window(col_off=-180, row_off=-180, width=512, height=512)"
ang20191008t183946_r9036_c563_w151_h151,ang20191008t183946-C,251.4965719,ang20191008t183946,/AVIRISNG/Permian2019/ang20191008t183946_r9036_c563_w151_h151,2019-10-08,2019-10-08 18:39:46+00:00,0,0,512,512,train,hard,gs://starcop/Permian/permian_2019_official/ang20191008t183946-C_r9036_c563_ctr.tif,True,"Window(col_off=-180, row_off=-180, width=512, height=512)"
ang20191016t145145_r2979_c283_w151_h151,ang20191016t145145-B,251.41996,ang20191016t145145,/AVIRISNG/Permian2019/ang20191016t145145_r2979_c283_w151_h151,2019-10-16,2019-10-16 14:51:45+00:00,0,0,512,512,train,hard,gs://starcop/Permian/permian_2019_official/ang20191016t145145-B_r2979_c283_ctr.tif,True,"Window(col_off=-180, row_off=-180, width=512, height=512)"
ang20191022t153425_r1203_c565_w151_h151,ang20191022t153425-A,250.2790415,ang20191022t153425,/AVIRISNG/Permian2019/ang20191022t153425_r1203_c565_w151_h151,2019-10-22,2019-10-22 15:34:25+00:00,0,0,512,512,train,hard,gs://starcop/Permian/permian_2019_official/ang20191022t153425-A_r1203_c565_ctr.tif,True,"Window(col_off=-180, row_off=-180, width=512, height=512)"
ang20191007t200647_r1122_c553_w151_h151,ang20191007t200647-L,250.1641769,ang20191007t200647,/AVIRISNG/Permian2019/ang20191007t200647_r1122_c553_w151_h151,2019-10-07,2019-10-07 20:06:47+00:00,0,0,512,512,train,hard,gs://starcop/Permian/permian_2019_official/ang20191007t200647-L_r1122_c553_ctr.tif,True,"Window(col_off=-180, row_off=-180, width=512, height=512)"
ang20191006t165608_r2288_c556_w151_h151,ang20191006t165608-N,249.8186179,ang20191006t165608,/AVIRISNG/Permian2019/ang20191006t165608_r2288_c556_w151_h151,2019-10-06,2019-10-06 16:56:08+00:00,0,0,512,512,train,hard,gs://starcop/Permian/permian_2019_official/ang20191006t165608-N_r2288_c556_ctr.tif,True,"Window(col_off=-180, row_off=-180, width=512, height=512)"
ang20191017t154425_r2001_c119_w151_h151,ang20191017t154425-H,249.8156446,ang20191017t154425,/AVIRISNG/Permian2019/ang20191017t154425_r2001_c119_w151_h151,2019-10-17,2019-10-17 15:44:25+00:00,0,0,512,512,train,hard,gs://starcop/Permian/permian_2019_official/ang20191017t154425-H_r2001_c119_ctr.tif,True,"Window(col_off=-180, row_off=-180, width=512, height=512)"
ang20191007t200647_r7116_c18_w151_h151,ang20191007t200647-A,248.99743,ang20191007t200647,/AVIRISNG/Permian2019/ang20191007t200647_r7116_c18_w151_h151,2019-10-07,2019-10-07 20:06:47+00:00,0,0,512,512,train,hard,gs://starcop/Permian/permian_2019_official/ang20191007t200647-A_r7116_c18_ctr.tif,True,"Window(col_off=-180, row_off=-180, width=512, height=512)"
ang20191019t162211_r174_c398_w151_h151,ang20191019t162211-C,248.5762378,ang20191019t162211,/AVIRISNG/Permian2019/ang20191019t162211_r174_c398_w151_h151,2019-10-19,2019-10-19 16:22:11+00:00,0,0,512,512,train,hard,gs://starcop/Permian/permian_2019_official/ang20191019t162211-C_r174_c398_ctr.tif,True,"Window(col_off=-180, row_off=-180, width=512, height=512)"
ang20191022t165908_r3901_c305_w151_h151,ang20191022t165908-A,248.3575635,ang20191022t165908,/AVIRISNG/Permian2019/ang20191022t165908_r3901_c305_w151_h151,2019-10-22,2019-10-22 16:59:08+00:00,0,0,512,512,train,hard,gs://starcop/Permian/permian_2019_official/ang20191022t165908-A_r3901_c305_ctr.tif,True,"Window(col_off=-180, row_off=-180, width=512, height=512)"
ang20191008t194115_r6913_c529_w151_h151,ang20191008t194115-B,248.2805633,ang20191008t194115,/AVIRISNG/Permian2019/ang20191008t194115_r6913_c529_w151_h151,2019-10-08,2019-10-08 19:41:15+00:00,0,0,512,512,train,hard,gs://starcop/Permian/permian_2019_official/ang20191008t194115-B_r6913_c529_ctr.tif,True,"Window(col_off=-180, row_off=-180, width=512, height=512)"
ang20191011t182731_r111_c236_w151_h151,ang20191011t182731-B,247.9665274,ang20191011t182731,/AVIRISNG/Permian2019/ang20191011t182731_r111_c236_w151_h151,2019-10-11,2019-10-11 18:27:31+00:00,0,0,512,512,train,hard,gs://starcop/Permian/permian_2019_official/ang20191011t182731-B_r111_c236_ctr.tif,True,"Window(col_off=-180, row_off=-180, width=512, height=512)"
ang20191016t174016_r9181_c127_w151_h151,ang20191016t174016-B,247.5331961,ang20191016t174016,/AVIRISNG/Permian2019/ang20191016t174016_r9181_c127_w151_h151,2019-10-16,2019-10-16 17:40:16+00:00,0,0,512,512,train,hard,gs://starcop/Permian/permian_2019_official/ang20191016t174016-B_r9181_c127_ctr.tif,True,"Window(col_off=-180, row_off=-180, width=512, height=512)"
ang20191017t160033_r4831_c560_w151_h151,ang20191017t160033-I,247.5068315,ang20191017t160033,/AVIRISNG/Permian2019/ang20191017t160033_r4831_c560_w151_h151,2019-10-17,2019-10-17 16:00:33+00:00,0,0,512,512,train,hard,gs://starcop/Permian/permian_2019_official/ang20191017t160033-I_r4831_c560_ctr.tif,True,"Window(col_off=-180, row_off=-180, width=512, height=512)"
ang20191016t171023_r8136_c321_w151_h151,ang20191016t171023-D,246.4119974,ang20191016t171023,/AVIRISNG/Permian2019/ang20191016t171023_r8136_c321_w151_h151,2019-10-16,2019-10-16 17:10:23+00:00,0,0,512,512,train,hard,gs://starcop/Permian/permian_2019_official/ang20191016t171023-D_r8136_c321_ctr.tif,True,"Window(col_off=-180, row_off=-180, width=512, height=512)"
ang20191016t155337_r6436_c506_w151_h151,ang20191016t155337-B,246.2577821,ang20191016t155337,/AVIRISNG/Permian2019/ang20191016t155337_r6436_c506_w151_h151,2019-10-16,2019-10-16 15:53:37+00:00,0,0,512,512,train,hard,gs://starcop/Permian/permian_2019_official/ang20191016t155337-B_r6436_c506_ctr.tif,True,"Window(col_off=-180, row_off=-180, width=512, height=512)"
ang20191016t200430_r715_c247_w151_h151,ang20191016t200430-E,246.2011017,ang20191016t200430,/AVIRISNG/Permian2019/ang20191016t200430_r715_c247_w151_h151,2019-10-16,2019-10-16 20:04:30+00:00,0,0,512,512,train,hard,gs://starcop/Permian/permian_2019_official/ang20191016t200430-E_r715_c247_ctr.tif,True,"Window(col_off=-180, row_off=-180, width=512, height=512)"
ang20191011t163647_r3554_c0_w151_h151,ang20191011t163647-C,245.9690442,ang20191011t163647,/AVIRISNG/Permian2019/ang20191011t163647_r3554_c0_w151_h151,2019-10-11,2019-10-11 16:36:47+00:00,0,0,512,512,train,hard,gs://starcop/Permian/permian_2019_official/ang20191011t163647-C_r3554_c0_ctr.tif,True,"Window(col_off=-180, row_off=-180, width=512, height=512)"
ang20191017t174946_r1911_c73_w151_h151,ang20191017t174946-J,245.8569765,ang20191017t174946,/AVIRISNG/Permian2019/ang20191017t174946_r1911_c73_w151_h151,2019-10-17,2019-10-17 17:49:46+00:00,0,0,512,512,train,hard,gs://starcop/Permian/permian_2019_official/ang20191017t174946-J_r1911_c73_ctr.tif,True,"Window(col_off=-180, row_off=-180, width=512, height=512)"
ang20191023t185210_r10822_c345_w151_h151,ang20191023t185210-A,245.8520149,ang20191023t185210,/AVIRISNG/Permian2019/ang20191023t185210_r10822_c345_w151_h151,2019-10-23,2019-10-23 18:52:10+00:00,0,0,512,512,train,hard,gs://starcop/Permian/permian_2019_official/ang20191023t185210-A_r10822_c345_ctr.tif,True,"Window(col_off=-180, row_off=-180, width=512, height=512)"
ang20191011t192741_r2687_c7_w151_h151,ang20191011t192741-G,245.1460498,ang20191011t192741,/AVIRISNG/Permian2019/ang20191011t192741_r2687_c7_w151_h151,2019-10-11,2019-10-11 19:27:41+00:00,0,0,512,512,train,hard,gs://starcop/Permian/permian_2019_official/ang20191011t192741-G_r2687_c7_ctr.tif,True,"Window(col_off=-180, row_off=-180, width=512, height=512)"
ang20191017t173348_r6316_c476_w151_h151,ang20191017t173348-A,244.655493,ang20191017t173348,/AVIRISNG/Permian2019/ang20191017t173348_r6316_c476_w151_h151,2019-10-17,2019-10-17 17:33:48+00:00,0,0,512,512,train,hard,gs://starcop/Permian/permian_2019_official/ang20191017t173348-A_r6316_c476_ctr.tif,True,"Window(col_off=-180, row_off=-180, width=512, height=512)"
ang20191006t171344_r6745_c249_w151_h151,ang20191006t171344-A,244.6100398,ang20191006t171344,/AVIRISNG/Permian2019/ang20191006t171344_r6745_c249_w151_h151,2019-10-06,2019-10-06 17:13:44+00:00,0,0,512,512,train,hard,gs://starcop/Permian/permian_2019_official/ang20191006t171344-A_r6745_c249_ctr.tif,True,"Window(col_off=-180, row_off=-180, width=512, height=512)"
ang20191007t175016_r1780_c347_w151_h151,ang20191007t175016-B,244.4931569,ang20191007t175016,/AVIRISNG/Permian2019/ang20191007t175016_r1780_c347_w151_h151,2019-10-07,2019-10-07 17:50:16+00:00,0,0,512,512,train,hard,gs://starcop/Permian/permian_2019_official/ang20191007t175016-B_r1780_c347_ctr.tif,True,"Window(col_off=-180, row_off=-180, width=512, height=512)"
ang20191016t163955_r3055_c131_w151_h151,ang20191016t163955-P,244.4793418,ang20191016t163955,/AVIRISNG/Permian2019/ang20191016t163955_r3055_c131_w151_h151,2019-10-16,2019-10-16 16:39:55+00:00,0,0,512,512,train,hard,gs://starcop/Permian/permian_2019_official/ang20191016t163955-P_r3055_c131_ctr.tif,True,"Window(col_off=-180, row_off=-180, width=512, height=512)"
ang20190926t171159_r3394_c83_w151_h151,ang20190926t171159-3,244.192824,ang20190926t171159,/AVIRISNG/Permian2019/ang20190926t171159_r3394_c83_w151_h151,2019-09-26,2019-09-26 17:11:59+00:00,0,0,512,512,train,hard,gs://starcop/Permian/permian_2019_official/ang20190926t171159-3_r3394_c83_ctr.tif,True,"Window(col_off=-180, row_off=-180, width=512, height=512)"
ang20190927t175410_r3780_c250_w151_h151,ang20190927t175410-K,244.1017158,ang20190927t175410,/AVIRISNG/Permian2019/ang20190927t175410_r3780_c250_w151_h151,2019-09-27,2019-09-27 17:54:10+00:00,0,0,512,512,train,hard,gs://starcop/Permian/permian_2019_official/ang20190927t175410-K_r3780_c250_ctr.tif,True,"Window(col_off=-180, row_off=-180, width=512, height=512)"
ang20191017t182024_r6233_c369_w151_h151,ang20191017t182024-B,243.8746507,ang20191017t182024,/AVIRISNG/Permian2019/ang20191017t182024_r6233_c369_w151_h151,2019-10-17,2019-10-17 18:20:24+00:00,0,0,512,512,train,hard,gs://starcop/Permian/permian_2019_official/ang20191017t182024-B_r6233_c369_ctr.tif,True,"Window(col_off=-180, row_off=-180, width=512, height=512)"
ang20191022t181138_r1160_c151_w151_h151,ang20191022t181138-A,243.6725754,ang20191022t181138,/AVIRISNG/Permian2019/ang20191022t181138_r1160_c151_w151_h151,2019-10-22,2019-10-22 18:11:38+00:00,0,0,512,512,train,hard,gs://starcop/Permian/permian_2019_official/ang20191022t181138-A_r1160_c151_ctr.tif,True,"Window(col_off=-180, row_off=-180, width=512, height=512)"
ang20191016t153826_r3137_c196_w151_h151,ang20191016t153826-H,242.7946997,ang20191016t153826,/AVIRISNG/Permian2019/ang20191016t153826_r3137_c196_w151_h151,2019-10-16,2019-10-16 15:38:26+00:00,0,0,512,512,train,hard,gs://starcop/Permian/permian_2019_official/ang20191016t153826-H_r3137_c196_ctr.tif,True,"Window(col_off=-180, row_off=-180, width=512, height=512)"
ang20191006t160931_r6337_c30_w151_h151,ang20191006t160931-F,242.5870817,ang20191006t160931,/AVIRISNG/Permian2019/ang20191006t160931_r6337_c30_w151_h151,2019-10-06,2019-10-06 16:09:31+00:00,0,0,512,512,train,hard,gs://starcop/Permian/permian_2019_official/ang20191006t160931-F_r6337_c30_ctr.tif,True,"Window(col_off=-180, row_off=-180, width=512, height=512)"
ang20191016t171023_r4618_c553_w151_h151,ang20191016t171023-H,238.5899212,ang20191016t171023,/AVIRISNG/Permian2019/ang20191016t171023_r4618_c553_w151_h151,2019-10-16,2019-10-16 17:10:23+00:00,0,0,512,512,train,hard,gs://starcop/Permian/permian_2019_official/ang20191016t171023-H_r4618_c553_ctr.tif,True,"Window(col_off=-180, row_off=-180, width=512, height=512)"
ang20190923t195907_r7563_c6_w151_h151,ang20190923t195907-A,238.3817356,ang20190923t195907,/AVIRISNG/Permian2019/ang20190923t195907_r7563_c6_w151_h151,2019-09-23,2019-09-23 19:59:07+00:00,0,0,512,512,train,hard,gs://starcop/Permian/permian_2019_official/ang20190923t195907-A_r7563_c6_ctr.tif,True,"Window(col_off=-180, row_off=-180, width=512, height=512)"
ang20191017t160033_r3587_c150_w151_h151,ang20191017t160033-G,238.2690875,ang20191017t160033,/AVIRISNG/Permian2019/ang20191017t160033_r3587_c150_w151_h151,2019-10-17,2019-10-17 16:00:33+00:00,0,0,512,512,train,hard,gs://starcop/Permian/permian_2019_official/ang20191017t160033-G_r3587_c150_ctr.tif,True,"Window(col_off=-180, row_off=-180, width=512, height=512)"
ang20191022t153425_r1069_c367_w151_h151,ang20191022t153425-B,237.3036172,ang20191022t153425,/AVIRISNG/Permian2019/ang20191022t153425_r1069_c367_w151_h151,2019-10-22,2019-10-22 15:34:25+00:00,0,0,512,512,train,hard,gs://starcop/Permian/permian_2019_official/ang20191022t153425-B_r1069_c367_ctr.tif,True,"Window(col_off=-180, row_off=-180, width=512, height=512)"
ang20190926t184029_r12219_c473_w151_h151,ang20190926t184029-G,237.2388159,ang20190926t184029,/AVIRISNG/Permian2019/ang20190926t184029_r12219_c473_w151_h151,2019-09-26,2019-09-26 18:40:29+00:00,0,0,512,512,train,hard,gs://starcop/Permian/permian_2019_official/ang20190926t184029-G_r12219_c473_ctr.tif,True,"Window(col_off=-180, row_off=-180, width=512, height=512)"
ang20191022t183431_r3247_c535_w151_h151,ang20191022t183431-4,237.12126,ang20191022t183431,/AVIRISNG/Permian2019/ang20191022t183431_r3247_c535_w151_h151,2019-10-22,2019-10-22 18:34:31+00:00,0,0,512,512,train,hard,gs://starcop/Permian/permian_2019_official/ang20191022t183431-4_r3247_c535_ctr.tif,True,"Window(col_off=-180, row_off=-180, width=512, height=512)"
ang20191013t151222_r6634_c284_w151_h151,ang20191013t151222-8,236.844268,ang20191013t151222,/AVIRISNG/Permian2019/ang20191013t151222_r6634_c284_w151_h151,2019-10-13,2019-10-13 15:12:22+00:00,0,0,512,512,train,hard,gs://starcop/Permian/permian_2019_official/ang20191013t151222-8_r6634_c284_ctr.tif,True,"Window(col_off=-180, row_off=-180, width=512, height=512)"
ang20191006t171344_r305_c410_w151_h151,ang20191006t171344-Q,236.8409203,ang20191006t171344,/AVIRISNG/Permian2019/ang20191006t171344_r305_c410_w151_h151,2019-10-06,2019-10-06 17:13:44+00:00,0,0,512,512,train,hard,gs://starcop/Permian/permian_2019_official/ang20191006t171344-Q_r305_c410_ctr.tif,True,"Window(col_off=-180, row_off=-180, width=512, height=512)"
ang20190928t181405_r6053_c285_w151_h151,ang20190928t181405-A,236.6721288,ang20190928t181405,/AVIRISNG/Permian2019/ang20190928t181405_r6053_c285_w151_h151,2019-09-28,2019-09-28 18:14:05+00:00,0,0,512,512,train,hard,gs://starcop/Permian/permian_2019_official/ang20190928t181405-A_r6053_c285_ctr.tif,True,"Window(col_off=-180, row_off=-180, width=512, height=512)"
ang20190924t181121_r14632_c354_w151_h151,ang20190924t181121-A,236.3979319,ang20190924t181121,/AVIRISNG/Permian2019/ang20190924t181121_r14632_c354_w151_h151,2019-09-24,2019-09-24 18:11:21+00:00,0,0,512,512,train,hard,gs://starcop/Permian/permian_2019_official/ang20190924t181121-A_r14632_c354_ctr.tif,True,"Window(col_off=-180, row_off=-180, width=512, height=512)"
ang20191016t145145_r4417_c158_w151_h151,ang20191016t145145-F,236.1380436,ang20191016t145145,/AVIRISNG/Permian2019/ang20191016t145145_r4417_c158_w151_h151,2019-10-16,2019-10-16 14:51:45+00:00,0,0,512,512,train,hard,gs://starcop/Permian/permian_2019_official/ang20191016t145145-F_r4417_c158_ctr.tif,True,"Window(col_off=-180, row_off=-180, width=512, height=512)"
ang20190927t175410_r9284_c428_w151_h151,ang20190927t175410-F,235.9915744,ang20190927t175410,/AVIRISNG/Permian2019/ang20190927t175410_r9284_c428_w151_h151,2019-09-27,2019-09-27 17:54:10+00:00,0,0,512,512,train,hard,gs://starcop/Permian/permian_2019_official/ang20190927t175410-F_r9284_c428_ctr.tif,True,"Window(col_off=-180, row_off=-180, width=512, height=512)"
ang20191017t180347_r7667_c11_w151_h151,ang20191017t180347-G,235.9610265,ang20191017t180347,/AVIRISNG/Permian2019/ang20191017t180347_r7667_c11_w151_h151,2019-10-17,2019-10-17 18:03:47+00:00,0,0,512,512,train,hard,gs://starcop/Permian/permian_2019_official/ang20191017t180347-G_r7667_c11_ctr.tif,True,"Window(col_off=-180, row_off=-180, width=512, height=512)"
ang20191022t180237_r2007_c480_w151_h151,ang20191022t180237-1,235.685922,ang20191022t180237,/AVIRISNG/Permian2019/ang20191022t180237_r2007_c480_w151_h151,2019-10-22,2019-10-22 18:02:37+00:00,0,0,512,512,train,hard,gs://starcop/Permian/permian_2019_official/ang20191022t180237-1_r2007_c480_ctr.tif,True,"Window(col_off=-180, row_off=-180, width=512, height=512)"
ang20191019t175004_r2126_c318_w151_h151,ang20191019t175004-E,235.4830327,ang20191019t175004,/AVIRISNG/Permian2019/ang20191019t175004_r2126_c318_w151_h151,2019-10-19,2019-10-19 17:50:04+00:00,0,0,512,512,train,hard,gs://starcop/Permian/permian_2019_official/ang20191019t175004-E_r2126_c318_ctr.tif,True,"Window(col_off=-180, row_off=-180, width=512, height=512)"
ang20191017t154425_r7522_c540_w151_h151,ang20191017t154425-E,235.1569135,ang20191017t154425,/AVIRISNG/Permian2019/ang20191017t154425_r7522_c540_w151_h151,2019-10-17,2019-10-17 15:44:25+00:00,0,0,512,512,train,hard,gs://starcop/Permian/permian_2019_official/ang20191017t154425-E_r7522_c540_ctr.tif,True,"Window(col_off=-180, row_off=-180, width=512, height=512)"
ang20191017t183448_r955_c305_w151_h151,ang20191017t183448-E,234.6739865,ang20191017t183448,/AVIRISNG/Permian2019/ang20191017t183448_r955_c305_w151_h151,2019-10-17,2019-10-17 18:34:48+00:00,0,0,512,512,train,hard,gs://starcop/Permian/permian_2019_official/ang20191017t183448-E_r955_c305_ctr.tif,True,"Window(col_off=-180, row_off=-180, width=512, height=512)"
ang20191007t193705_r6997_c288_w151_h151,ang20191007t193705-B,233.2044762,ang20191007t193705,/AVIRISNG/Permian2019/ang20191007t193705_r6997_c288_w151_h151,2019-10-07,2019-10-07 19:37:05+00:00,0,0,512,512,train,hard,gs://starcop/Permian/permian_2019_official/ang20191007t193705-B_r6997_c288_ctr.tif,True,"Window(col_off=-180, row_off=-180, width=512, height=512)"
ang20191017t174946_r11442_c484_w151_h151,ang20191017t174946-9,233.083202,ang20191017t174946,/AVIRISNG/Permian2019/ang20191017t174946_r11442_c484_w151_h151,2019-10-17,2019-10-17 17:49:46+00:00,0,0,512,512,train,hard,gs://starcop/Permian/permian_2019_official/ang20191017t174946-9_r11442_c484_ctr.tif,True,"Window(col_off=-180, row_off=-180, width=512, height=512)"
ang20191022t164918_r4051_c251_w151_h151,ang20191022t164918-B,232.9136242,ang20191022t164918,/AVIRISNG/Permian2019/ang20191022t164918_r4051_c251_w151_h151,2019-10-22,2019-10-22 16:49:18+00:00,0,0,512,512,train,hard,gs://starcop/Permian/permian_2019_official/ang20191022t164918-B_r4051_c251_ctr.tif,True,"Window(col_off=-180, row_off=-180, width=512, height=512)"
ang20191006t162415_r6616_c258_w151_h151,ang20191006t162415-B,232.3380001,ang20191006t162415,/AVIRISNG/Permian2019/ang20191006t162415_r6616_c258_w151_h151,2019-10-06,2019-10-06 16:24:15+00:00,0,0,512,512,train,hard,gs://starcop/Permian/permian_2019_official/ang20191006t162415-B_r6616_c258_ctr.tif,True,"Window(col_off=-180, row_off=-180, width=512, height=512)"
ang20191016t152245_r10302_c578_w151_h151,ang20191016t152245-D,231.7614269,ang20191016t152245,/AVIRISNG/Permian2019/ang20191016t152245_r10302_c578_w151_h151,2019-10-16,2019-10-16 15:22:45+00:00,0,0,512,512,train,hard,gs://starcop/Permian/permian_2019_official/ang20191016t152245-D_r10302_c578_ctr.tif,True,"Window(col_off=-180, row_off=-180, width=512, height=512)"
ang20191016t195058_r4296_c688_w151_h151,ang20191016t195058-D,231.4785257,ang20191016t195058,/AVIRISNG/Permian2019/ang20191016t195058_r4296_c688_w151_h151,2019-10-16,2019-10-16 19:50:58+00:00,0,0,512,512,train,hard,gs://starcop/Permian/permian_2019_official/ang20191016t195058-D_r4296_c688_ctr.tif,True,"Window(col_off=-180, row_off=-180, width=512, height=512)"
ang20191023t190429_r3215_c202_w151_h151,ang20191023t190429-1,231.380308,ang20191023t190429,/AVIRISNG/Permian2019/ang20191023t190429_r3215_c202_w151_h151,2019-10-23,2019-10-23 19:04:29+00:00,0,0,512,512,train,hard,gs://starcop/Permian/permian_2019_official/ang20191023t190429-1_r3215_c202_ctr.tif,True,"Window(col_off=-180, row_off=-180, width=512, height=512)"
ang20190927t190436_r8004_c498_w151_h151,ang20190927t190436-B,231.3270528,ang20190927t190436,/AVIRISNG/Permian2019/ang20190927t190436_r8004_c498_w151_h151,2019-09-27,2019-09-27 19:04:36+00:00,0,0,512,512,train,hard,gs://starcop/Permian/permian_2019_official/ang20190927t190436-B_r8004_c498_ctr.tif,True,"Window(col_off=-180, row_off=-180, width=512, height=512)"
ang20191013t182140_r3871_c421_w151_h151,ang20191013t182140-C,230.7546097,ang20191013t182140,/AVIRISNG/Permian2019/ang20191013t182140_r3871_c421_w151_h151,2019-10-13,2019-10-13 18:21:40+00:00,0,0,512,512,train,hard,gs://starcop/Permian/permian_2019_official/ang20191013t182140-C_r3871_c421_ctr.tif,True,"Window(col_off=-180, row_off=-180, width=512, height=512)"
ang20191017t170330_r6284_c353_w151_h151,ang20191017t170330-E,229.7562077,ang20191017t170330,/AVIRISNG/Permian2019/ang20191017t170330_r6284_c353_w151_h151,2019-10-17,2019-10-17 17:03:30+00:00,0,0,512,512,train,hard,gs://starcop/Permian/permian_2019_official/ang20191017t170330-E_r6284_c353_ctr.tif,True,"Window(col_off=-180, row_off=-180, width=512, height=512)"
ang20191016t200430_r4457_c441_w151_h151,ang20191016t200430-C,229.6335914,ang20191016t200430,/AVIRISNG/Permian2019/ang20191016t200430_r4457_c441_w151_h151,2019-10-16,2019-10-16 20:04:30+00:00,0,0,512,512,train,hard,gs://starcop/Permian/permian_2019_official/ang20191016t200430-C_r4457_c441_ctr.tif,True,"Window(col_off=-180, row_off=-180, width=512, height=512)"
ang20191016t162417_r1865_c306_w151_h151,ang20191016t162417-C,229.4890055,ang20191016t162417,/AVIRISNG/Permian2019/ang20191016t162417_r1865_c306_w151_h151,2019-10-16,2019-10-16 16:24:17+00:00,0,0,512,512,train,hard,gs://starcop/Permian/permian_2019_official/ang20191016t162417-C_r1865_c306_ctr.tif,True,"Window(col_off=-180, row_off=-180, width=512, height=512)"
ang20191017t183448_r8154_c228_w151_h151,ang20191017t183448-A,229.3758711,ang20191017t183448,/AVIRISNG/Permian2019/ang20191017t183448_r8154_c228_w151_h151,2019-10-17,2019-10-17 18:34:48+00:00,0,0,512,512,train,hard,gs://starcop/Permian/permian_2019_official/ang20191017t183448-A_r8154_c228_ctr.tif,True,"Window(col_off=-180, row_off=-180, width=512, height=512)"
ang20191017t180347_r10064_c450_w151_h151,ang20191017t180347-J,229.2826766,ang20191017t180347,/AVIRISNG/Permian2019/ang20191017t180347_r10064_c450_w151_h151,2019-10-17,2019-10-17 18:03:47+00:00,0,0,512,512,train,hard,gs://starcop/Permian/permian_2019_official/ang20191017t180347-J_r10064_c450_ctr.tif,True,"Window(col_off=-180, row_off=-180, width=512, height=512)"
ang20191023t154154_r7124_c281_w151_h151,ang20191023t154154-5,228.849673,ang20191023t154154,/AVIRISNG/Permian2019/ang20191023t154154_r7124_c281_w151_h151,2019-10-23,2019-10-23 15:41:54+00:00,0,0,512,512,train,hard,gs://starcop/Permian/permian_2019_official/ang20191023t154154-5_r7124_c281_ctr.tif,True,"Window(col_off=-180, row_off=-180, width=512, height=512)"
ang20191007t195115_r1971_c521_w151_h151,ang20191007t195115-C,228.8129985,ang20191007t195115,/AVIRISNG/Permian2019/ang20191007t195115_r1971_c521_w151_h151,2019-10-07,2019-10-07 19:51:15+00:00,0,0,512,512,train,hard,gs://starcop/Permian/permian_2019_official/ang20191007t195115-C_r1971_c521_ctr.tif,True,"Window(col_off=-180, row_off=-180, width=512, height=512)"
ang20191013t144828_r4120_c470_w151_h151,ang20191013t144828-B,228.0399735,ang20191013t144828,/AVIRISNG/Permian2019/ang20191013t144828_r4120_c470_w151_h151,2019-10-13,2019-10-13 14:48:28+00:00,0,0,512,512,train,hard,gs://starcop/Permian/permian_2019_official/ang20191013t144828-B_r4120_c470_ctr.tif,True,"Window(col_off=-180, row_off=-180, width=512, height=512)"
ang20191006t164135_r11396_c190_w151_h151,ang20191006t164135-K,228.006697,ang20191006t164135,/AVIRISNG/Permian2019/ang20191006t164135_r11396_c190_w151_h151,2019-10-06,2019-10-06 16:41:35+00:00,0,0,512,512,train,hard,gs://starcop/Permian/permian_2019_official/ang20191006t164135-K_r11396_c190_ctr.tif,True,"Window(col_off=-180, row_off=-180, width=512, height=512)"
ang20191007t190840_r10960_c184_w151_h151,ang20191007t190840-J,227.7878092,ang20191007t190840,/AVIRISNG/Permian2019/ang20191007t190840_r10960_c184_w151_h151,2019-10-07,2019-10-07 19:08:40+00:00,0,0,512,512,train,hard,gs://starcop/Permian/permian_2019_official/ang20191007t190840-J_r10960_c184_ctr.tif,True,"Window(col_off=-180, row_off=-180, width=512, height=512)"
ang20191022t192048_r5574_c478_w151_h151,ang20191022t192048-B,227.7667196,ang20191022t192048,/AVIRISNG/Permian2019/ang20191022t192048_r5574_c478_w151_h151,2019-10-22,2019-10-22 19:20:48+00:00,0,0,512,512,train,hard,gs://starcop/Permian/permian_2019_official/ang20191022t192048-B_r5574_c478_ctr.tif,True,"Window(col_off=-180, row_off=-180, width=512, height=512)"
ang20191013t164602_r7501_c276_w151_h151,ang20191013t164602-B,227.5793542,ang20191013t164602,/AVIRISNG/Permian2019/ang20191013t164602_r7501_c276_w151_h151,2019-10-13,2019-10-13 16:46:02+00:00,0,0,512,512,train,hard,gs://starcop/Permian/permian_2019_official/ang20191013t164602-B_r7501_c276_ctr.tif,True,"Window(col_off=-180, row_off=-180, width=512, height=512)"
ang20191013t182140_r11986_c496_w151_h151,ang20191013t182140-G,227.2744724,ang20191013t182140,/AVIRISNG/Permian2019/ang20191013t182140_r11986_c496_w151_h151,2019-10-13,2019-10-13 18:21:40+00:00,0,0,512,512,train,hard,gs://starcop/Permian/permian_2019_official/ang20191013t182140-G_r11986_c496_ctr.tif,True,"Window(col_off=-180, row_off=-180, width=512, height=512)"
ang20191016t160914_r2713_c533_w151_h151,ang20191016t160914-C,227.2199739,ang20191016t160914,/AVIRISNG/Permian2019/ang20191016t160914_r2713_c533_w151_h151,2019-10-16,2019-10-16 16:09:14+00:00,0,0,512,512,train,hard,gs://starcop/Permian/permian_2019_official/ang20191016t160914-C_r2713_c533_ctr.tif,True,"Window(col_off=-180, row_off=-180, width=512, height=512)"
ang20191007t185303_r2630_c550_w151_h151,ang20191007t185303-D,227.0472822,ang20191007t185303,/AVIRISNG/Permian2019/ang20191007t185303_r2630_c550_w151_h151,2019-10-07,2019-10-07 18:53:03+00:00,0,0,512,512,train,hard,gs://starcop/Permian/permian_2019_official/ang20191007t185303-D_r2630_c550_ctr.tif,True,"Window(col_off=-180, row_off=-180, width=512, height=512)"
ang20191016t165454_r508_c176_w151_h151,ang20191016t165454-3,227.04491,ang20191016t165454,/AVIRISNG/Permian2019/ang20191016t165454_r508_c176_w151_h151,2019-10-16,2019-10-16 16:54:54+00:00,0,0,512,512,train,hard,gs://starcop/Permian/permian_2019_official/ang20191016t165454-3_r508_c176_ctr.tif,True,"Window(col_off=-180, row_off=-180, width=512, height=512)"
ang20191011t172641_r893_c449_w151_h151,ang20191011t172641-B,226.9292883,ang20191011t172641,/AVIRISNG/Permian2019/ang20191011t172641_r893_c449_w151_h151,2019-10-11,2019-10-11 17:26:41+00:00,0,0,512,512,train,hard,gs://starcop/Permian/permian_2019_official/ang20191011t172641-B_r893_c449_ctr.tif,True,"Window(col_off=-180, row_off=-180, width=512, height=512)"
ang20191023t142135_r13793_c186_w151_h151,ang20191023t142135-C,226.6691265,ang20191023t142135,/AVIRISNG/Permian2019/ang20191023t142135_r13793_c186_w151_h151,2019-10-23,2019-10-23 14:21:35+00:00,0,0,512,512,train,hard,gs://starcop/Permian/permian_2019_official/ang20191023t142135-C_r13793_c186_ctr.tif,True,"Window(col_off=-180, row_off=-180, width=512, height=512)"
ang20191006t164135_r2368_c111_w151_h151,ang20191006t164135-F,225.6731358,ang20191006t164135,/AVIRISNG/Permian2019/ang20191006t164135_r2368_c111_w151_h151,2019-10-06,2019-10-06 16:41:35+00:00,0,0,512,512,train,hard,gs://starcop/Permian/permian_2019_official/ang20191006t164135-F_r2368_c111_ctr.tif,True,"Window(col_off=-180, row_off=-180, width=512, height=512)"
ang20191017t163235_r4915_c319_w151_h151,ang20191017t163235-E,225.1979053,ang20191017t163235,/AVIRISNG/Permian2019/ang20191017t163235_r4915_c319_w151_h151,2019-10-17,2019-10-17 16:32:35+00:00,0,0,512,512,train,hard,gs://starcop/Permian/permian_2019_official/ang20191017t163235-E_r4915_c319_ctr.tif,True,"Window(col_off=-180, row_off=-180, width=512, height=512)"
ang20191022t162321_r9083_c211_w151_h151,ang20191022t162321-C,224.5026366,ang20191022t162321,/AVIRISNG/Permian2019/ang20191022t162321_r9083_c211_w151_h151,2019-10-22,2019-10-22 16:23:21+00:00,0,0,512,512,train,hard,gs://starcop/Permian/permian_2019_official/ang20191022t162321-C_r9083_c211_ctr.tif,True,"Window(col_off=-180, row_off=-180, width=512, height=512)"
ang20191023t164221_r8242_c483_w151_h151,ang20191023t164221-5,224.245901,ang20191023t164221,/AVIRISNG/Permian2019/ang20191023t164221_r8242_c483_w151_h151,2019-10-23,2019-10-23 16:42:21+00:00,0,0,512,512,train,hard,gs://starcop/Permian/permian_2019_official/ang20191023t164221-5_r8242_c483_ctr.tif,True,"Window(col_off=-180, row_off=-180, width=512, height=512)"
ang20191007t200647_r1571_c101_w151_h151,ang20191007t200647-D,223.4941362,ang20191007t200647,/AVIRISNG/Permian2019/ang20191007t200647_r1571_c101_w151_h151,2019-10-07,2019-10-07 20:06:47+00:00,0,0,512,512,train,hard,gs://starcop/Permian/permian_2019_official/ang20191007t200647-D_r1571_c101_ctr.tif,True,"Window(col_off=-180, row_off=-180, width=512, height=512)"
ang20190927t175410_r10038_c603_w151_h151,ang20190927t175410-D,223.3134062,ang20190927t175410,/AVIRISNG/Permian2019/ang20190927t175410_r10038_c603_w151_h151,2019-09-27,2019-09-27 17:54:10+00:00,0,0,512,512,train,hard,gs://starcop/Permian/permian_2019_official/ang20190927t175410-D_r10038_c603_ctr.tif,True,"Window(col_off=-180, row_off=-180, width=512, height=512)"
ang20191016t175642_r747_c486_w151_h151,ang20191016t175642-D,222.6721746,ang20191016t175642,/AVIRISNG/Permian2019/ang20191016t175642_r747_c486_w151_h151,2019-10-16,2019-10-16 17:56:42+00:00,0,0,512,512,train,hard,gs://starcop/Permian/permian_2019_official/ang20191016t175642-D_r747_c486_ctr.tif,True,"Window(col_off=-180, row_off=-180, width=512, height=512)"
ang20191019t173905_r2889_c557_w151_h151,ang20191019t173905-C,222.5253301,ang20191019t173905,/AVIRISNG/Permian2019/ang20191019t173905_r2889_c557_w151_h151,2019-10-19,2019-10-19 17:39:05+00:00,0,0,512,512,train,hard,gs://starcop/Permian/permian_2019_official/ang20191019t173905-C_r2889_c557_ctr.tif,True,"Window(col_off=-180, row_off=-180, width=512, height=512)"
ang20191017t154425_r3694_c377_w151_h151,ang20191017t154425-J,222.4846156,ang20191017t154425,/AVIRISNG/Permian2019/ang20191017t154425_r3694_c377_w151_h151,2019-10-17,2019-10-17 15:44:25+00:00,0,0,512,512,train,hard,gs://starcop/Permian/permian_2019_official/ang20191017t154425-J_r3694_c377_ctr.tif,True,"Window(col_off=-180, row_off=-180, width=512, height=512)"
ang20191007t175016_r6463_c149_w151_h151,ang20191007t175016-E,222.0260909,ang20191007t175016,/AVIRISNG/Permian2019/ang20191007t175016_r6463_c149_w151_h151,2019-10-07,2019-10-07 17:50:16+00:00,0,0,512,512,train,hard,gs://starcop/Permian/permian_2019_official/ang20191007t175016-E_r6463_c149_ctr.tif,True,"Window(col_off=-180, row_off=-180, width=512, height=512)"
ang20191013t152730_r7630_c346_w151_h151,ang20191013t152730-13,221.783258,ang20191013t152730,/AVIRISNG/Permian2019/ang20191013t152730_r7630_c346_w151_h151,2019-10-13,2019-10-13 15:27:30+00:00,0,0,512,512,train,hard,gs://starcop/Permian/permian_2019_official/ang20191013t152730-13_r7630_c346_ctr.tif,True,"Window(col_off=-180, row_off=-180, width=512, height=512)"
ang20191013t144828_r563_c623_w151_h151,ang20191013t144828-26,219.960038,ang20191013t144828,/AVIRISNG/Permian2019/ang20191013t144828_r563_c623_w151_h151,2019-10-13,2019-10-13 14:48:28+00:00,0,0,512,512,train,hard,gs://starcop/Permian/permian_2019_official/ang20191013t144828-26_r563_c623_ctr.tif,True,"Window(col_off=-180, row_off=-180, width=512, height=512)"
ang20191013t145516_r5585_c528_w151_h151,ang20191013t145516-3,219.62934,ang20191013t145516,/AVIRISNG/Permian2019/ang20191013t145516_r5585_c528_w151_h151,2019-10-13,2019-10-13 14:55:16+00:00,0,0,512,512,train,hard,gs://starcop/Permian/permian_2019_official/ang20191013t145516-3_r5585_c528_ctr.tif,True,"Window(col_off=-180, row_off=-180, width=512, height=512)"
ang20191006t162415_r6554_c232_w151_h151,ang20191006t162415-2,219.414312,ang20191006t162415,/AVIRISNG/Permian2019/ang20191006t162415_r6554_c232_w151_h151,2019-10-06,2019-10-06 16:24:15+00:00,0,0,512,512,train,hard,gs://starcop/Permian/permian_2019_official/ang20191006t162415-2_r6554_c232_ctr.tif,True,"Window(col_off=-180, row_off=-180, width=512, height=512)"
ang20191013t154421_r6986_c66_w151_h151,ang20191013t154421-8,219.110425,ang20191013t154421,/AVIRISNG/Permian2019/ang20191013t154421_r6986_c66_w151_h151,2019-10-13,2019-10-13 15:44:21+00:00,0,0,512,512,train,hard,gs://starcop/Permian/permian_2019_official/ang20191013t154421-8_r6986_c66_ctr.tif,True,"Window(col_off=-180, row_off=-180, width=512, height=512)"
ang20191017t160033_r1290_c245_w151_h151,ang20191017t160033-M,218.9968715,ang20191017t160033,/AVIRISNG/Permian2019/ang20191017t160033_r1290_c245_w151_h151,2019-10-17,2019-10-17 16:00:33+00:00,0,0,512,512,train,hard,gs://starcop/Permian/permian_2019_official/ang20191017t160033-M_r1290_c245_ctr.tif,True,"Window(col_off=-180, row_off=-180, width=512, height=512)"
ang20191019t164827_r13_c361_w151_h151,ang20191019t164827-B,218.9721446,ang20191019t164827,/AVIRISNG/Permian2019/ang20191019t164827_r13_c361_w151_h151,2019-10-19,2019-10-19 16:48:27+00:00,0,0,512,512,train,hard,gs://starcop/Permian/permian_2019_official/ang20191019t164827-B_r13_c361_ctr.tif,True,"Window(col_off=-180, row_off=-180, width=512, height=512)"
ang20191013t151222_r5704_c200_w151_h151,ang20191013t151222-D,218.5694036,ang20191013t151222,/AVIRISNG/Permian2019/ang20191013t151222_r5704_c200_w151_h151,2019-10-13,2019-10-13 15:12:22+00:00,0,0,512,512,train,hard,gs://starcop/Permian/permian_2019_official/ang20191013t151222-D_r5704_c200_ctr.tif,True,"Window(col_off=-180, row_off=-180, width=512, height=512)"
ang20191006t155231_r10102_c450_w151_h151,ang20191006t155231-A,217.8807562,ang20191006t155231,/AVIRISNG/Permian2019/ang20191006t155231_r10102_c450_w151_h151,2019-10-06,2019-10-06 15:52:31+00:00,0,0,512,512,train,hard,gs://starcop/Permian/permian_2019_official/ang20191006t155231-A_r10102_c450_ctr.tif,True,"Window(col_off=-180, row_off=-180, width=512, height=512)"
ang20191017t173348_r2875_c318_w151_h151,ang20191017t173348-E,217.2918238,ang20191017t173348,/AVIRISNG/Permian2019/ang20191017t173348_r2875_c318_w151_h151,2019-10-17,2019-10-17 17:33:48+00:00,0,0,512,512,train,hard,gs://starcop/Permian/permian_2019_official/ang20191017t173348-E_r2875_c318_ctr.tif,True,"Window(col_off=-180, row_off=-180, width=512, height=512)"
ang20191016t163955_r3797_c222_w151_h151,ang20191016t163955-S,217.150109,ang20191016t163955,/AVIRISNG/Permian2019/ang20191016t163955_r3797_c222_w151_h151,2019-10-16,2019-10-16 16:39:55+00:00,0,0,512,512,train,hard,gs://starcop/Permian/permian_2019_official/ang20191016t163955-S_r3797_c222_ctr.tif,True,"Window(col_off=-180, row_off=-180, width=512, height=512)"
ang20191019t173905_r2181_c254_w151_h151,ang20191019t173905-4,216.733807,ang20191019t173905,/AVIRISNG/Permian2019/ang20191019t173905_r2181_c254_w151_h151,2019-10-19,2019-10-19 17:39:05+00:00,0,0,512,512,train,hard,gs://starcop/Permian/permian_2019_official/ang20191019t173905-4_r2181_c254_ctr.tif,True,"Window(col_off=-180, row_off=-180, width=512, height=512)"
ang20191023t142135_r15210_c66_w151_h151,ang20191023t142135-D,216.39084,ang20191023t142135,/AVIRISNG/Permian2019/ang20191023t142135_r15210_c66_w151_h151,2019-10-23,2019-10-23 14:21:35+00:00,0,0,512,512,train,hard,gs://starcop/Permian/permian_2019_official/ang20191023t142135-D_r15210_c66_ctr.tif,True,"Window(col_off=-180, row_off=-180, width=512, height=512)"
ang20191011t184311_r6519_c556_w151_h151,ang20191011t184311-A,216.297223,ang20191011t184311,/AVIRISNG/Permian2019/ang20191011t184311_r6519_c556_w151_h151,2019-10-11,2019-10-11 18:43:11+00:00,0,0,512,512,train,hard,gs://starcop/Permian/permian_2019_official/ang20191011t184311-A_r6519_c556_ctr.tif,True,"Window(col_off=-180, row_off=-180, width=512, height=512)"
ang20191023t191942_r9815_c180_w151_h151,ang20191023t191942-2,215.572182,ang20191023t191942,/AVIRISNG/Permian2019/ang20191023t191942_r9815_c180_w151_h151,2019-10-23,2019-10-23 19:19:42+00:00,0,0,512,512,train,hard,gs://starcop/Permian/permian_2019_official/ang20191023t191942-2_r9815_c180_ctr.tif,True,"Window(col_off=-180, row_off=-180, width=512, height=512)"
ang20191006t165608_r3735_c257_w151_h151,ang20191006t165608-L,215.5477216,ang20191006t165608,/AVIRISNG/Permian2019/ang20191006t165608_r3735_c257_w151_h151,2019-10-06,2019-10-06 16:56:08+00:00,0,0,512,512,train,hard,gs://starcop/Permian/permian_2019_official/ang20191006t165608-L_r3735_c257_ctr.tif,True,"Window(col_off=-180, row_off=-180, width=512, height=512)"
ang20191023t175603_r8555_c374_w151_h151,ang20191023t175603-1,214.610429,ang20191023t175603,/AVIRISNG/Permian2019/ang20191023t175603_r8555_c374_w151_h151,2019-10-23,2019-10-23 17:56:03+00:00,0,0,512,512,train,hard,gs://starcop/Permian/permian_2019_official/ang20191023t175603-1_r8555_c374_ctr.tif,True,"Window(col_off=-180, row_off=-180, width=512, height=512)"
ang20191016t184817_r7334_c174_w151_h151,ang20191016t184817-C,213.6302403,ang20191016t184817,/AVIRISNG/Permian2019/ang20191016t184817_r7334_c174_w151_h151,2019-10-16,2019-10-16 18:48:17+00:00,0,0,512,512,train,hard,gs://starcop/Permian/permian_2019_official/ang20191016t184817-C_r7334_c174_ctr.tif,True,"Window(col_off=-180, row_off=-180, width=512, height=512)"
ang20191017t170330_r2250_c304_w151_h151,ang20191017t170330-N,213.2024953,ang20191017t170330,/AVIRISNG/Permian2019/ang20191017t170330_r2250_c304_w151_h151,2019-10-17,2019-10-17 17:03:30+00:00,0,0,512,512,train,hard,gs://starcop/Permian/permian_2019_official/ang20191017t170330-N_r2250_c304_ctr.tif,True,"Window(col_off=-180, row_off=-180, width=512, height=512)"
ang20191017t164928_r283_c152_w151_h151,ang20191017t164928-B,212.4071546,ang20191017t164928,/AVIRISNG/Permian2019/ang20191017t164928_r283_c152_w151_h151,2019-10-17,2019-10-17 16:49:28+00:00,0,0,512,512,train,hard,gs://starcop/Permian/permian_2019_official/ang20191017t164928-B_r283_c152_ctr.tif,True,"Window(col_off=-180, row_off=-180, width=512, height=512)"
ang20191006t160931_r10976_c483_w151_h151,ang20191006t160931-A,212.3855445,ang20191006t160931,/AVIRISNG/Permian2019/ang20191006t160931_r10976_c483_w151_h151,2019-10-06,2019-10-06 16:09:31+00:00,0,0,512,512,train,hard,gs://starcop/Permian/permian_2019_official/ang20191006t160931-A_r10976_c483_ctr.tif,True,"Window(col_off=-180, row_off=-180, width=512, height=512)"
ang20191013t152730_r7405_c142_w151_h151,ang20191013t152730-12,212.184334,ang20191013t152730,/AVIRISNG/Permian2019/ang20191013t152730_r7405_c142_w151_h151,2019-10-13,2019-10-13 15:27:30+00:00,0,0,512,512,train,hard,gs://starcop/Permian/permian_2019_official/ang20191013t152730-12_r7405_c142_ctr.tif,True,"Window(col_off=-180, row_off=-180, width=512, height=512)"
ang20191022t192048_r4070_c460_w151_h151,ang20191022t192048-A,211.8272807,ang20191022t192048,/AVIRISNG/Permian2019/ang20191022t192048_r4070_c460_w151_h151,2019-10-22,2019-10-22 19:20:48+00:00,0,0,512,512,train,hard,gs://starcop/Permian/permian_2019_official/ang20191022t192048-A_r4070_c460_ctr.tif,True,"Window(col_off=-180, row_off=-180, width=512, height=512)"
ang20191017t170330_r11343_c639_w151_h151,ang20191017t170330-A,211.8015334,ang20191017t170330,/AVIRISNG/Permian2019/ang20191017t170330_r11343_c639_w151_h151,2019-10-17,2019-10-17 17:03:30+00:00,0,0,512,512,train,hard,gs://starcop/Permian/permian_2019_official/ang20191017t170330-A_r11343_c639_ctr.tif,True,"Window(col_off=-180, row_off=-180, width=512, height=512)"
ang20191006t171344_r5428_c404_w151_h151,ang20191006t171344-S,211.3154788,ang20191006t171344,/AVIRISNG/Permian2019/ang20191006t171344_r5428_c404_w151_h151,2019-10-06,2019-10-06 17:13:44+00:00,0,0,512,512,train,hard,gs://starcop/Permian/permian_2019_official/ang20191006t171344-S_r5428_c404_ctr.tif,True,"Window(col_off=-180, row_off=-180, width=512, height=512)"
ang20190927t153023_r12637_c207_w151_h151,ang20190927t153023-9,210.858818,ang20190927t153023,/AVIRISNG/Permian2019/ang20190927t153023_r12637_c207_w151_h151,2019-09-27,2019-09-27 15:30:23+00:00,0,0,512,512,train,hard,gs://starcop/Permian/permian_2019_official/ang20190927t153023-9_r12637_c207_ctr.tif,True,"Window(col_off=-180, row_off=-180, width=512, height=512)"
ang20191006t172739_r4860_c333_w151_h151,ang20191006t172739-O,210.1504862,ang20191006t172739,/AVIRISNG/Permian2019/ang20191006t172739_r4860_c333_w151_h151,2019-10-06,2019-10-06 17:27:39+00:00,0,0,512,512,train,hard,gs://starcop/Permian/permian_2019_official/ang20191006t172739-O_r4860_c333_ctr.tif,True,"Window(col_off=-180, row_off=-180, width=512, height=512)"
ang20190927t171836_r2892_c424_w151_h151,ang20190927t171836-A,209.3345854,ang20190927t171836,/AVIRISNG/Permian2019/ang20190927t171836_r2892_c424_w151_h151,2019-09-27,2019-09-27 17:18:36+00:00,0,0,512,512,train,hard,gs://starcop/Permian/permian_2019_official/ang20190927t171836-A_r2892_c424_ctr.tif,True,"Window(col_off=-180, row_off=-180, width=512, height=512)"
ang20190927t154855_r9470_c308_w151_h151,ang20190927t154855-3,208.950273,ang20190927t154855,/AVIRISNG/Permian2019/ang20190927t154855_r9470_c308_w151_h151,2019-09-27,2019-09-27 15:48:55+00:00,0,0,512,512,train,hard,gs://starcop/Permian/permian_2019_official/ang20190927t154855-3_r9470_c308_ctr.tif,True,"Window(col_off=-180, row_off=-180, width=512, height=512)"
ang20191013t155909_r105_c234_w151_h151,ang20191013t155909-1,208.731919,ang20191013t155909,/AVIRISNG/Permian2019/ang20191013t155909_r105_c234_w151_h151,2019-10-13,2019-10-13 15:59:09+00:00,0,0,512,512,train,hard,gs://starcop/Permian/permian_2019_official/ang20191013t155909-1_r105_c234_ctr.tif,True,"Window(col_off=-180, row_off=-180, width=512, height=512)"
ang20191010t174755_r16391_c499_w151_h151,ang20191010t174755-C,208.6258732,ang20191010t174755,/AVIRISNG/Permian2019/ang20191010t174755_r16391_c499_w151_h151,2019-10-10,2019-10-10 17:47:55+00:00,0,0,512,512,train,hard,gs://starcop/Permian/permian_2019_official/ang20191010t174755-C_r16391_c499_ctr.tif,True,"Window(col_off=-180, row_off=-180, width=512, height=512)"
ang20191007t175016_r9115_c209_w151_h151,ang20191007t175016-H,208.4975933,ang20191007t175016,/AVIRISNG/Permian2019/ang20191007t175016_r9115_c209_w151_h151,2019-10-07,2019-10-07 17:50:16+00:00,0,0,512,512,train,hard,gs://starcop/Permian/permian_2019_official/ang20191007t175016-H_r9115_c209_ctr.tif,True,"Window(col_off=-180, row_off=-180, width=512, height=512)"
ang20190926t174644_r3406_c48_w151_h151,ang20190926t174644-B,208.3841477,ang20190926t174644,/AVIRISNG/Permian2019/ang20190926t174644_r3406_c48_w151_h151,2019-09-26,2019-09-26 17:46:44+00:00,0,0,512,512,train,hard,gs://starcop/Permian/permian_2019_official/ang20190926t174644-B_r3406_c48_ctr.tif,True,"Window(col_off=-180, row_off=-180, width=512, height=512)"
ang20191017t154425_r12955_c242_w151_h151,ang20191017t154425-9,208.272748,ang20191017t154425,/AVIRISNG/Permian2019/ang20191017t154425_r12955_c242_w151_h151,2019-10-17,2019-10-17 15:44:25+00:00,0,0,512,512,train,hard,gs://starcop/Permian/permian_2019_official/ang20191017t154425-9_r12955_c242_ctr.tif,True,"Window(col_off=-180, row_off=-180, width=512, height=512)"
ang20191007t185303_r4669_c189_w151_h151,ang20191007t185303-B,208.2654262,ang20191007t185303,/AVIRISNG/Permian2019/ang20191007t185303_r4669_c189_w151_h151,2019-10-07,2019-10-07 18:53:03+00:00,0,0,512,512,train,hard,gs://starcop/Permian/permian_2019_official/ang20191007t185303-B_r4669_c189_ctr.tif,True,"Window(col_off=-180, row_off=-180, width=512, height=512)"
ang20191006t153731_r3016_c419_w151_h151,ang20191006t153731-6,208.209727,ang20191006t153731,/AVIRISNG/Permian2019/ang20191006t153731_r3016_c419_w151_h151,2019-10-06,2019-10-06 15:37:31+00:00,0,0,512,512,train,hard,gs://starcop/Permian/permian_2019_official/ang20191006t153731-6_r3016_c419_ctr.tif,True,"Window(col_off=-180, row_off=-180, width=512, height=512)"
ang20191016t171023_r7214_c415_w151_h151,ang20191016t171023-9,207.146359,ang20191016t171023,/AVIRISNG/Permian2019/ang20191016t171023_r7214_c415_w151_h151,2019-10-16,2019-10-16 17:10:23+00:00,0,0,512,512,train,hard,gs://starcop/Permian/permian_2019_official/ang20191016t171023-9_r7214_c415_ctr.tif,True,"Window(col_off=-180, row_off=-180, width=512, height=512)"
ang20191011t175712_r6310_c349_w151_h151,ang20191011t175712-J,206.8955562,ang20191011t175712,/AVIRISNG/Permian2019/ang20191011t175712_r6310_c349_w151_h151,2019-10-11,2019-10-11 17:57:12+00:00,0,0,512,512,train,hard,gs://starcop/Permian/permian_2019_official/ang20191011t175712-J_r6310_c349_ctr.tif,True,"Window(col_off=-180, row_off=-180, width=512, height=512)"
ang20190923t170747_r14210_c160_w151_h151,ang20190923t170747-D,205.9498017,ang20190923t170747,/AVIRISNG/Permian2019/ang20190923t170747_r14210_c160_w151_h151,2019-09-23,2019-09-23 17:07:47+00:00,0,0,512,512,train,hard,gs://starcop/Permian/permian_2019_official/ang20190923t170747-D_r14210_c160_ctr.tif,True,"Window(col_off=-180, row_off=-180, width=512, height=512)"
ang20191017t183448_r9445_c477_w151_h151,ang20191017t183448-B,204.821878,ang20191017t183448,/AVIRISNG/Permian2019/ang20191017t183448_r9445_c477_w151_h151,2019-10-17,2019-10-17 18:34:48+00:00,0,0,512,512,train,hard,gs://starcop/Permian/permian_2019_official/ang20191017t183448-B_r9445_c477_ctr.tif,True,"Window(col_off=-180, row_off=-180, width=512, height=512)"
ang20191007t195115_r2074_c344_w151_h151,ang20191007t195115-B,204.6027808,ang20191007t195115,/AVIRISNG/Permian2019/ang20191007t195115_r2074_c344_w151_h151,2019-10-07,2019-10-07 19:51:15+00:00,0,0,512,512,train,hard,gs://starcop/Permian/permian_2019_official/ang20191007t195115-B_r2074_c344_ctr.tif,True,"Window(col_off=-180, row_off=-180, width=512, height=512)"
ang20191016t181351_r6216_c194_w151_h151,ang20191016t181351-C,204.5212855,ang20191016t181351,/AVIRISNG/Permian2019/ang20191016t181351_r6216_c194_w151_h151,2019-10-16,2019-10-16 18:13:51+00:00,0,0,512,512,train,hard,gs://starcop/Permian/permian_2019_official/ang20191016t181351-C_r6216_c194_ctr.tif,True,"Window(col_off=-180, row_off=-180, width=512, height=512)"
ang20191013t154421_r7542_c411_w151_h151,ang20191013t154421-B,204.5008743,ang20191013t154421,/AVIRISNG/Permian2019/ang20191013t154421_r7542_c411_w151_h151,2019-10-13,2019-10-13 15:44:21+00:00,0,0,512,512,train,hard,gs://starcop/Permian/permian_2019_official/ang20191013t154421-B_r7542_c411_ctr.tif,True,"Window(col_off=-180, row_off=-180, width=512, height=512)"
ang20191023t164221_r2102_c181_w151_h151,ang20191023t164221-D,204.1318507,ang20191023t164221,/AVIRISNG/Permian2019/ang20191023t164221_r2102_c181_w151_h151,2019-10-23,2019-10-23 16:42:21+00:00,0,0,512,512,train,hard,gs://starcop/Permian/permian_2019_official/ang20191023t164221-D_r2102_c181_ctr.tif,True,"Window(col_off=-180, row_off=-180, width=512, height=512)"
ang20190927t181142_r7863_c571_w151_h151,ang20190927t181142-C,204.0046078,ang20190927t181142,/AVIRISNG/Permian2019/ang20190927t181142_r7863_c571_w151_h151,2019-09-27,2019-09-27 18:11:42+00:00,0,0,512,512,train,hard,gs://starcop/Permian/permian_2019_official/ang20190927t181142-C_r7863_c571_ctr.tif,True,"Window(col_off=-180, row_off=-180, width=512, height=512)"
ang20191017t174946_r6443_c7_w151_h151,ang20191017t174946-C,203.9226985,ang20191017t174946,/AVIRISNG/Permian2019/ang20191017t174946_r6443_c7_w151_h151,2019-10-17,2019-10-17 17:49:46+00:00,0,0,512,512,train,hard,gs://starcop/Permian/permian_2019_official/ang20191017t174946-C_r6443_c7_ctr.tif,True,"Window(col_off=-180, row_off=-180, width=512, height=512)"
ang20191016t162417_r4764_c151_w151_h151,ang20191016t162417-G,202.3555635,ang20191016t162417,/AVIRISNG/Permian2019/ang20191016t162417_r4764_c151_w151_h151,2019-10-16,2019-10-16 16:24:17+00:00,0,0,512,512,train,hard,gs://starcop/Permian/permian_2019_official/ang20191016t162417-G_r4764_c151_ctr.tif,True,"Window(col_off=-180, row_off=-180, width=512, height=512)"
ang20191007t195115_r1619_c346_w151_h151,ang20191007t195115-2,202.213348,ang20191007t195115,/AVIRISNG/Permian2019/ang20191007t195115_r1619_c346_w151_h151,2019-10-07,2019-10-07 19:51:15+00:00,0,0,512,512,train,hard,gs://starcop/Permian/permian_2019_official/ang20191007t195115-2_r1619_c346_ctr.tif,True,"Window(col_off=-180, row_off=-180, width=512, height=512)"
ang20190927t181142_r1888_c458_w151_h151,ang20190927t181142-F,201.8287608,ang20190927t181142,/AVIRISNG/Permian2019/ang20190927t181142_r1888_c458_w151_h151,2019-09-27,2019-09-27 18:11:42+00:00,0,0,512,512,train,hard,gs://starcop/Permian/permian_2019_official/ang20190927t181142-F_r1888_c458_ctr.tif,True,"Window(col_off=-180, row_off=-180, width=512, height=512)"
ang20191006t183904_r6086_c149_w151_h151,ang20191006t183904-C,201.5655725,ang20191006t183904,/AVIRISNG/Permian2019/ang20191006t183904_r6086_c149_w151_h151,2019-10-06,2019-10-06 18:39:04+00:00,0,0,512,512,train,hard,gs://starcop/Permian/permian_2019_official/ang20191006t183904-C_r6086_c149_ctr.tif,True,"Window(col_off=-180, row_off=-180, width=512, height=512)"
ang20190927t181142_r12683_c15_w151_h151,ang20190927t181142-A,200.8879729,ang20190927t181142,/AVIRISNG/Permian2019/ang20190927t181142_r12683_c15_w151_h151,2019-09-27,2019-09-27 18:11:42+00:00,0,0,512,512,train,hard,gs://starcop/Permian/permian_2019_official/ang20190927t181142-A_r12683_c15_ctr.tif,True,"Window(col_off=-180, row_off=-180, width=512, height=512)"
ang20191017t164928_r331_c400_w151_h151,ang20191017t164928-H,200.6280501,ang20191017t164928,/AVIRISNG/Permian2019/ang20191017t164928_r331_c400_w151_h151,2019-10-17,2019-10-17 16:49:28+00:00,0,0,512,512,train,hard,gs://starcop/Permian/permian_2019_official/ang20191017t164928-H_r331_c400_ctr.tif,True,"Window(col_off=-180, row_off=-180, width=512, height=512)"
ang20191013t173258_r2948_c539_w151_h151,ang20191013t173258-2,200.467127,ang20191013t173258,/AVIRISNG/Permian2019/ang20191013t173258_r2948_c539_w151_h151,2019-10-13,2019-10-13 17:32:58+00:00,0,0,512,512,train,hard,gs://starcop/Permian/permian_2019_official/ang20191013t173258-2_r2948_c539_ctr.tif,True,"Window(col_off=-180, row_off=-180, width=512, height=512)"
ang20191006t172739_r6049_c410_w151_h151,ang20191006t172739-E,200.4013314,ang20191006t172739,/AVIRISNG/Permian2019/ang20191006t172739_r6049_c410_w151_h151,2019-10-06,2019-10-06 17:27:39+00:00,0,0,512,512,train,hard,gs://starcop/Permian/permian_2019_official/ang20191006t172739-E_r6049_c410_ctr.tif,True,"Window(col_off=-180, row_off=-180, width=512, height=512)"
ang20190926t160016_r7102_c179_w151_h151,ang20190926t160016-C,200.3597647,ang20190926t160016,/AVIRISNG/Permian2019/ang20190926t160016_r7102_c179_w151_h151,2019-09-26,2019-09-26 16:00:16+00:00,0,0,512,512,train,hard,gs://starcop/Permian/permian_2019_official/ang20190926t160016-C_r7102_c179_ctr.tif,True,"Window(col_off=-180, row_off=-180, width=512, height=512)"
ang20191016t193637_r1977_c271_w151_h151,ang20191016t193637-C,199.7108792,ang20191016t193637,/AVIRISNG/Permian2019/ang20191016t193637_r1977_c271_w151_h151,2019-10-16,2019-10-16 19:36:37+00:00,0,0,512,512,train,hard,gs://starcop/Permian/permian_2019_official/ang20191016t193637-C_r1977_c271_ctr.tif,True,"Window(col_off=-180, row_off=-180, width=512, height=512)"
ang20191022t182432_r846_c295_w151_h151,ang20191022t182432-1,199.62106,ang20191022t182432,/AVIRISNG/Permian2019/ang20191022t182432_r846_c295_w151_h151,2019-10-22,2019-10-22 18:24:32+00:00,0,0,512,512,train,hard,gs://starcop/Permian/permian_2019_official/ang20191022t182432-1_r846_c295_ctr.tif,True,"Window(col_off=-180, row_off=-180, width=512, height=512)"
ang20191017t154425_r10758_c224_w151_h151,ang20191017t154425-B,198.6755496,ang20191017t154425,/AVIRISNG/Permian2019/ang20191017t154425_r10758_c224_w151_h151,2019-10-17,2019-10-17 15:44:25+00:00,0,0,512,512,train,hard,gs://starcop/Permian/permian_2019_official/ang20191017t154425-B_r10758_c224_ctr.tif,True,"Window(col_off=-180, row_off=-180, width=512, height=512)"
ang20191017t191119_r7791_c496_w151_h151,ang20191017t191119-C,198.4747404,ang20191017t191119,/AVIRISNG/Permian2019/ang20191017t191119_r7791_c496_w151_h151,2019-10-17,2019-10-17 19:11:19+00:00,0,0,512,512,train,hard,gs://starcop/Permian/permian_2019_official/ang20191017t191119-C_r7791_c496_ctr.tif,True,"Window(col_off=-180, row_off=-180, width=512, height=512)"
ang20191023t183654_r10379_c298_w151_h151,ang20191023t183654-3,198.22301,ang20191023t183654,/AVIRISNG/Permian2019/ang20191023t183654_r10379_c298_w151_h151,2019-10-23,2019-10-23 18:36:54+00:00,0,0,512,512,train,hard,gs://starcop/Permian/permian_2019_official/ang20191023t183654-3_r10379_c298_ctr.tif,True,"Window(col_off=-180, row_off=-180, width=512, height=512)"
ang20191011t174241_r5658_c114_w151_h151,ang20191011t174241-D,197.3676885,ang20191011t174241,/AVIRISNG/Permian2019/ang20191011t174241_r5658_c114_w151_h151,2019-10-11,2019-10-11 17:42:41+00:00,0,0,512,512,train,hard,gs://starcop/Permian/permian_2019_official/ang20191011t174241-D_r5658_c114_ctr.tif,True,"Window(col_off=-180, row_off=-180, width=512, height=512)"
ang20191006t164135_r364_c444_w151_h151,ang20191006t164135-E,196.9833609,ang20191006t164135,/AVIRISNG/Permian2019/ang20191006t164135_r364_c444_w151_h151,2019-10-06,2019-10-06 16:41:35+00:00,0,0,512,512,train,hard,gs://starcop/Permian/permian_2019_official/ang20191006t164135-E_r364_c444_ctr.tif,True,"Window(col_off=-180, row_off=-180, width=512, height=512)"
ang20191016t163955_r6404_c399_w151_h151,ang20191016t163955-I,196.9375903,ang20191016t163955,/AVIRISNG/Permian2019/ang20191016t163955_r6404_c399_w151_h151,2019-10-16,2019-10-16 16:39:55+00:00,0,0,512,512,train,hard,gs://starcop/Permian/permian_2019_official/ang20191016t163955-I_r6404_c399_ctr.tif,True,"Window(col_off=-180, row_off=-180, width=512, height=512)"
ang20191017t161837_r6293_c4_w151_h151,ang20191017t161837-D,196.1265628,ang20191017t161837,/AVIRISNG/Permian2019/ang20191017t161837_r6293_c4_w151_h151,2019-10-17,2019-10-17 16:18:37+00:00,0,0,512,512,train,hard,gs://starcop/Permian/permian_2019_official/ang20191017t161837-D_r6293_c4_ctr.tif,True,"Window(col_off=-180, row_off=-180, width=512, height=512)"
ang20190926t165202_r45_c198_w151_h151,ang20190926t165202-E,195.4880121,ang20190926t165202,/AVIRISNG/Permian2019/ang20190926t165202_r45_c198_w151_h151,2019-09-26,2019-09-26 16:52:02+00:00,0,0,512,512,train,hard,gs://starcop/Permian/permian_2019_official/ang20190926t165202-E_r45_c198_ctr.tif,True,"Window(col_off=-180, row_off=-180, width=512, height=512)"
ang20191016t153826_r7105_c420_w151_h151,ang20191016t153826-F,195.4815463,ang20191016t153826,/AVIRISNG/Permian2019/ang20191016t153826_r7105_c420_w151_h151,2019-10-16,2019-10-16 15:38:26+00:00,0,0,512,512,train,hard,gs://starcop/Permian/permian_2019_official/ang20191016t153826-F_r7105_c420_ctr.tif,True,"Window(col_off=-180, row_off=-180, width=512, height=512)"
ang20191022t191141_r3434_c139_w151_h151,ang20191022t191141-1,194.570444,ang20191022t191141,/AVIRISNG/Permian2019/ang20191022t191141_r3434_c139_w151_h151,2019-10-22,2019-10-22 19:11:41+00:00,0,0,512,512,train,hard,gs://starcop/Permian/permian_2019_official/ang20191022t191141-1_r3434_c139_ctr.tif,True,"Window(col_off=-180, row_off=-180, width=512, height=512)"
ang20191019t184718_r6611_c267_w151_h151,ang20191019t184718-B,194.4117626,ang20191019t184718,/AVIRISNG/Permian2019/ang20191019t184718_r6611_c267_w151_h151,2019-10-19,2019-10-19 18:47:18+00:00,0,0,512,512,train,hard,gs://starcop/Permian/permian_2019_official/ang20191019t184718-B_r6611_c267_ctr.tif,True,"Window(col_off=-180, row_off=-180, width=512, height=512)"
ang20191006t162415_r6871_c224_w151_h151,ang20191006t162415-C,193.6673933,ang20191006t162415,/AVIRISNG/Permian2019/ang20191006t162415_r6871_c224_w151_h151,2019-10-06,2019-10-06 16:24:15+00:00,0,0,512,512,train,hard,gs://starcop/Permian/permian_2019_official/ang20191006t162415-C_r6871_c224_ctr.tif,True,"Window(col_off=-180, row_off=-180, width=512, height=512)"
ang20191007t195115_r11371_c582_w151_h151,ang20191007t195115-H,193.1375154,ang20191007t195115,/AVIRISNG/Permian2019/ang20191007t195115_r11371_c582_w151_h151,2019-10-07,2019-10-07 19:51:15+00:00,0,0,512,512,train,hard,gs://starcop/Permian/permian_2019_official/ang20191007t195115-H_r11371_c582_ctr.tif,True,"Window(col_off=-180, row_off=-180, width=512, height=512)"
ang20191017t154425_r6493_c141_w151_h151,ang20191017t154425-3,193.093343,ang20191017t154425,/AVIRISNG/Permian2019/ang20191017t154425_r6493_c141_w151_h151,2019-10-17,2019-10-17 15:44:25+00:00,0,0,512,512,train,hard,gs://starcop/Permian/permian_2019_official/ang20191017t154425-3_r6493_c141_ctr.tif,True,"Window(col_off=-180, row_off=-180, width=512, height=512)"
ang20191006t153731_r4626_c267_w151_h151,ang20191006t153731-A,192.1692028,ang20191006t153731,/AVIRISNG/Permian2019/ang20191006t153731_r4626_c267_w151_h151,2019-10-06,2019-10-06 15:37:31+00:00,0,0,512,512,train,hard,gs://starcop/Permian/permian_2019_official/ang20191006t153731-A_r4626_c267_ctr.tif,True,"Window(col_off=-180, row_off=-180, width=512, height=512)"
ang20191017t182024_r7077_c387_w151_h151,ang20191017t182024-G,191.9641945,ang20191017t182024,/AVIRISNG/Permian2019/ang20191017t182024_r7077_c387_w151_h151,2019-10-17,2019-10-17 18:20:24+00:00,0,0,512,512,train,hard,gs://starcop/Permian/permian_2019_official/ang20191017t182024-G_r7077_c387_ctr.tif,True,"Window(col_off=-180, row_off=-180, width=512, height=512)"
ang20190926t174644_r11717_c195_w151_h151,ang20190926t174644-C,191.2112227,ang20190926t174644,/AVIRISNG/Permian2019/ang20190926t174644_r11717_c195_w151_h151,2019-09-26,2019-09-26 17:46:44+00:00,0,0,512,512,train,hard,gs://starcop/Permian/permian_2019_official/ang20190926t174644-C_r11717_c195_ctr.tif,True,"Window(col_off=-180, row_off=-180, width=512, height=512)"
ang20191013t151222_r6133_c162_w151_h151,ang20191013t151222-6,190.181068,ang20191013t151222,/AVIRISNG/Permian2019/ang20191013t151222_r6133_c162_w151_h151,2019-10-13,2019-10-13 15:12:22+00:00,0,0,512,512,train,hard,gs://starcop/Permian/permian_2019_official/ang20191013t151222-6_r6133_c162_ctr.tif,True,"Window(col_off=-180, row_off=-180, width=512, height=512)"
ang20191006t182329_r170_c270_w151_h151,ang20191006t182329-A,189.8614068,ang20191006t182329,/AVIRISNG/Permian2019/ang20191006t182329_r170_c270_w151_h151,2019-10-06,2019-10-06 18:23:29+00:00,0,0,512,512,train,hard,gs://starcop/Permian/permian_2019_official/ang20191006t182329-A_r170_c270_ctr.tif,True,"Window(col_off=-180, row_off=-180, width=512, height=512)"
ang20191022t194233_r1711_c18_w151_h151,ang20191022t194233-A,189.3825127,ang20191022t194233,/AVIRISNG/Permian2019/ang20191022t194233_r1711_c18_w151_h151,2019-10-22,2019-10-22 19:42:33+00:00,0,0,512,512,train,hard,gs://starcop/Permian/permian_2019_official/ang20191022t194233-A_r1711_c18_ctr.tif,True,"Window(col_off=-180, row_off=-180, width=512, height=512)"
ang20190927t173620_r6886_c316_w151_h151,ang20190927t173620-C,189.234707,ang20190927t173620,/AVIRISNG/Permian2019/ang20190927t173620_r6886_c316_w151_h151,2019-09-27,2019-09-27 17:36:20+00:00,0,0,512,512,train,hard,gs://starcop/Permian/permian_2019_official/ang20190927t173620-C_r6886_c316_ctr.tif,True,"Window(col_off=-180, row_off=-180, width=512, height=512)"
ang20191022t154405_r3638_c141_w151_h151,ang20191022t154405-A,188.1438397,ang20191022t154405,/AVIRISNG/Permian2019/ang20191022t154405_r3638_c141_w151_h151,2019-10-22,2019-10-22 15:44:05+00:00,0,0,512,512,train,hard,gs://starcop/Permian/permian_2019_official/ang20191022t154405-A_r3638_c141_ctr.tif,True,"Window(col_off=-180, row_off=-180, width=512, height=512)"
ang20191017t174946_r2715_c18_w151_h151,ang20191017t174946-D,187.9345879,ang20191017t174946,/AVIRISNG/Permian2019/ang20191017t174946_r2715_c18_w151_h151,2019-10-17,2019-10-17 17:49:46+00:00,0,0,512,512,train,hard,gs://starcop/Permian/permian_2019_official/ang20191017t174946-D_r2715_c18_ctr.tif,True,"Window(col_off=-180, row_off=-180, width=512, height=512)"
ang20191006t171344_r6990_c189_w151_h151,ang20191006t171344-C,187.7159182,ang20191006t171344,/AVIRISNG/Permian2019/ang20191006t171344_r6990_c189_w151_h151,2019-10-06,2019-10-06 17:13:44+00:00,0,0,512,512,train,hard,gs://starcop/Permian/permian_2019_official/ang20191006t171344-C_r6990_c189_ctr.tif,True,"Window(col_off=-180, row_off=-180, width=512, height=512)"
ang20191023t162847_r7811_c213_w151_h151,ang20191023t162847-3,187.355426,ang20191023t162847,/AVIRISNG/Permian2019/ang20191023t162847_r7811_c213_w151_h151,2019-10-23,2019-10-23 16:28:47+00:00,0,0,512,512,train,hard,gs://starcop/Permian/permian_2019_official/ang20191023t162847-3_r7811_c213_ctr.tif,True,"Window(col_off=-180, row_off=-180, width=512, height=512)"
ang20191022t152357_r8887_c363_w151_h151,ang20191022t152357-A,187.2352731,ang20191022t152357,/AVIRISNG/Permian2019/ang20191022t152357_r8887_c363_w151_h151,2019-10-22,2019-10-22 15:23:57+00:00,0,0,512,512,train,hard,gs://starcop/Permian/permian_2019_official/ang20191022t152357-A_r8887_c363_ctr.tif,True,"Window(col_off=-180, row_off=-180, width=512, height=512)"
ang20190923t192543_r6652_c551_w151_h151,ang20190923t192543-D,187.219294,ang20190923t192543,/AVIRISNG/Permian2019/ang20190923t192543_r6652_c551_w151_h151,2019-09-23,2019-09-23 19:25:43+00:00,0,0,512,512,train,hard,gs://starcop/Permian/permian_2019_official/ang20190923t192543-D_r6652_c551_ctr.tif,True,"Window(col_off=-180, row_off=-180, width=512, height=512)"
ang20191017t170330_r4552_c277_w151_h151,ang20191017t170330-H,187.1471114,ang20191017t170330,/AVIRISNG/Permian2019/ang20191017t170330_r4552_c277_w151_h151,2019-10-17,2019-10-17 17:03:30+00:00,0,0,512,512,train,hard,gs://starcop/Permian/permian_2019_official/ang20191017t170330-H_r4552_c277_ctr.tif,True,"Window(col_off=-180, row_off=-180, width=512, height=512)"
ang20191017t164928_r7174_c247_w151_h151,ang20191017t164928-4,186.042137,ang20191017t164928,/AVIRISNG/Permian2019/ang20191017t164928_r7174_c247_w151_h151,2019-10-17,2019-10-17 16:49:28+00:00,0,0,512,512,train,hard,gs://starcop/Permian/permian_2019_official/ang20191017t164928-4_r7174_c247_ctr.tif,True,"Window(col_off=-180, row_off=-180, width=512, height=512)"
ang20191023t165811_r6937_c127_w151_h151,ang20191023t165811-3,185.325011,ang20191023t165811,/AVIRISNG/Permian2019/ang20191023t165811_r6937_c127_w151_h151,2019-10-23,2019-10-23 16:58:11+00:00,0,0,512,512,train,hard,gs://starcop/Permian/permian_2019_official/ang20191023t165811-3_r6937_c127_ctr.tif,True,"Window(col_off=-180, row_off=-180, width=512, height=512)"
ang20191017t152518_r12002_c433_w151_h151,ang20191017t152518-5,184.748386,ang20191017t152518,/AVIRISNG/Permian2019/ang20191017t152518_r12002_c433_w151_h151,2019-10-17,2019-10-17 15:25:18+00:00,0,0,512,512,train,hard,gs://starcop/Permian/permian_2019_official/ang20191017t152518-5_r12002_c433_ctr.tif,True,"Window(col_off=-180, row_off=-180, width=512, height=512)"
ang20191019t172500_r2800_c334_w151_h151,ang20191019t172500-C,183.9264658,ang20191019t172500,/AVIRISNG/Permian2019/ang20191019t172500_r2800_c334_w151_h151,2019-10-19,2019-10-19 17:25:00+00:00,0,0,512,512,train,hard,gs://starcop/Permian/permian_2019_official/ang20191019t172500-C_r2800_c334_ctr.tif,True,"Window(col_off=-180, row_off=-180, width=512, height=512)"
ang20191017t191119_r9054_c159_w151_h151,ang20191017t191119-D,183.8439921,ang20191017t191119,/AVIRISNG/Permian2019/ang20191017t191119_r9054_c159_w151_h151,2019-10-17,2019-10-17 19:11:19+00:00,0,0,512,512,train,hard,gs://starcop/Permian/permian_2019_official/ang20191017t191119-D_r9054_c159_ctr.tif,True,"Window(col_off=-180, row_off=-180, width=512, height=512)"
ang20191016t163955_r5996_c117_w151_h151,ang20191016t163955-J,183.8292803,ang20191016t163955,/AVIRISNG/Permian2019/ang20191016t163955_r5996_c117_w151_h151,2019-10-16,2019-10-16 16:39:55+00:00,0,0,512,512,train,hard,gs://starcop/Permian/permian_2019_official/ang20191016t163955-J_r5996_c117_ctr.tif,True,"Window(col_off=-180, row_off=-180, width=512, height=512)"
ang20191016t145145_r3334_c310_w151_h151,ang20191016t145145-L,183.7841666,ang20191016t145145,/AVIRISNG/Permian2019/ang20191016t145145_r3334_c310_w151_h151,2019-10-16,2019-10-16 14:51:45+00:00,0,0,512,512,train,hard,gs://starcop/Permian/permian_2019_official/ang20191016t145145-L_r3334_c310_ctr.tif,True,"Window(col_off=-180, row_off=-180, width=512, height=512)"
ang20191007t184008_r2296_c422_w151_h151,ang20191007t184008-F,183.1236477,ang20191007t184008,/AVIRISNG/Permian2019/ang20191007t184008_r2296_c422_w151_h151,2019-10-07,2019-10-07 18:40:08+00:00,0,0,512,512,train,hard,gs://starcop/Permian/permian_2019_official/ang20191007t184008-F_r2296_c422_ctr.tif,True,"Window(col_off=-180, row_off=-180, width=512, height=512)"
ang20191006t160931_r9806_c475_w151_h151,ang20191006t160931-B,183.0480151,ang20191006t160931,/AVIRISNG/Permian2019/ang20191006t160931_r9806_c475_w151_h151,2019-10-06,2019-10-06 16:09:31+00:00,0,0,512,512,train,hard,gs://starcop/Permian/permian_2019_official/ang20191006t160931-B_r9806_c475_ctr.tif,True,"Window(col_off=-180, row_off=-180, width=512, height=512)"
ang20191017t170330_r4658_c415_w151_h151,ang20191017t170330-F,182.9258348,ang20191017t170330,/AVIRISNG/Permian2019/ang20191017t170330_r4658_c415_w151_h151,2019-10-17,2019-10-17 17:03:30+00:00,0,0,512,512,train,hard,gs://starcop/Permian/permian_2019_official/ang20191017t170330-F_r4658_c415_ctr.tif,True,"Window(col_off=-180, row_off=-180, width=512, height=512)"
ang20191023t164221_r10290_c281_w151_h151,ang20191023t164221-7,182.278847,ang20191023t164221,/AVIRISNG/Permian2019/ang20191023t164221_r10290_c281_w151_h151,2019-10-23,2019-10-23 16:42:21+00:00,0,0,512,512,train,hard,gs://starcop/Permian/permian_2019_official/ang20191023t164221-7_r10290_c281_ctr.tif,True,"Window(col_off=-180, row_off=-180, width=512, height=512)"
ang20191011t181301_r10517_c106_w151_h151,ang20191011t181301-C,182.1899985,ang20191011t181301,/AVIRISNG/Permian2019/ang20191011t181301_r10517_c106_w151_h151,2019-10-11,2019-10-11 18:13:01+00:00,0,0,512,512,train,hard,gs://starcop/Permian/permian_2019_official/ang20191011t181301-C_r10517_c106_ctr.tif,True,"Window(col_off=-180, row_off=-180, width=512, height=512)"
ang20191006t152009_r2673_c145_w151_h151,ang20191006t152009-D,182.1252022,ang20191006t152009,/AVIRISNG/Permian2019/ang20191006t152009_r2673_c145_w151_h151,2019-10-06,2019-10-06 15:20:09+00:00,0,0,512,512,train,hard,gs://starcop/Permian/permian_2019_official/ang20191006t152009-D_r2673_c145_ctr.tif,True,"Window(col_off=-180, row_off=-180, width=512, height=512)"
ang20191023t162847_r9235_c306_w151_h151,ang20191023t162847-4,181.750517,ang20191023t162847,/AVIRISNG/Permian2019/ang20191023t162847_r9235_c306_w151_h151,2019-10-23,2019-10-23 16:28:47+00:00,0,0,512,512,train,hard,gs://starcop/Permian/permian_2019_official/ang20191023t162847-4_r9235_c306_ctr.tif,True,"Window(col_off=-180, row_off=-180, width=512, height=512)"
ang20191023t165811_r2770_c365_w151_h151,ang20191023t165811-G,181.4384451,ang20191023t165811,/AVIRISNG/Permian2019/ang20191023t165811_r2770_c365_w151_h151,2019-10-23,2019-10-23 16:58:11+00:00,0,0,512,512,train,hard,gs://starcop/Permian/permian_2019_official/ang20191023t165811-G_r2770_c365_ctr.tif,True,"Window(col_off=-180, row_off=-180, width=512, height=512)"
ang20191007t180411_r7740_c84_w151_h151,ang20191007t180411-M,181.3816348,ang20191007t180411,/AVIRISNG/Permian2019/ang20191007t180411_r7740_c84_w151_h151,2019-10-07,2019-10-07 18:04:11+00:00,0,0,512,512,train,hard,gs://starcop/Permian/permian_2019_official/ang20191007t180411-M_r7740_c84_ctr.tif,True,"Window(col_off=-180, row_off=-180, width=512, height=512)"
ang20191022t151202_r10337_c375_w151_h151,ang20191022t151202-A,181.1179592,ang20191022t151202,/AVIRISNG/Permian2019/ang20191022t151202_r10337_c375_w151_h151,2019-10-22,2019-10-22 15:12:02+00:00,0,0,512,512,train,hard,gs://starcop/Permian/permian_2019_official/ang20191022t151202-A_r10337_c375_ctr.tif,True,"Window(col_off=-180, row_off=-180, width=512, height=512)"
ang20191022t191141_r-29_c575_w151_h151,ang20191022t191141-A,180.3784258,ang20191022t191141,/AVIRISNG/Permian2019/ang20191022t191141_r-29_c575_w151_h151,2019-10-22,2019-10-22 19:11:41+00:00,0,0,512,512,train,hard,gs://starcop/Permian/permian_2019_official/ang20191022t191141-A_r-29_c575_ctr.tif,True,"Window(col_off=-180, row_off=-180, width=512, height=512)"
ang20191016t183045_r5036_c559_w151_h151,ang20191016t183045-B,179.305443,ang20191016t183045,/AVIRISNG/Permian2019/ang20191016t183045_r5036_c559_w151_h151,2019-10-16,2019-10-16 18:30:45+00:00,0,0,512,512,train,hard,gs://starcop/Permian/permian_2019_official/ang20191016t183045-B_r5036_c559_ctr.tif,True,"Window(col_off=-180, row_off=-180, width=512, height=512)"
ang20191016t162417_r3047_c348_w151_h151,ang20191016t162417-F,178.0912241,ang20191016t162417,/AVIRISNG/Permian2019/ang20191016t162417_r3047_c348_w151_h151,2019-10-16,2019-10-16 16:24:17+00:00,0,0,512,512,train,hard,gs://starcop/Permian/permian_2019_official/ang20191016t162417-F_r3047_c348_ctr.tif,True,"Window(col_off=-180, row_off=-180, width=512, height=512)"
ang20191007t190840_r5616_c413_w151_h151,ang20191007t190840-B,178.0152817,ang20191007t190840,/AVIRISNG/Permian2019/ang20191007t190840_r5616_c413_w151_h151,2019-10-07,2019-10-07 19:08:40+00:00,0,0,512,512,train,hard,gs://starcop/Permian/permian_2019_official/ang20191007t190840-B_r5616_c413_ctr.tif,True,"Window(col_off=-180, row_off=-180, width=512, height=512)"
ang20191022t175031_r4959_c457_w151_h151,ang20191022t175031-E,177.7620668,ang20191022t175031,/AVIRISNG/Permian2019/ang20191022t175031_r4959_c457_w151_h151,2019-10-22,2019-10-22 17:50:31+00:00,0,0,512,512,train,hard,gs://starcop/Permian/permian_2019_official/ang20191022t175031-E_r4959_c457_ctr.tif,True,"Window(col_off=-180, row_off=-180, width=512, height=512)"
ang20191022t175031_r632_c107_w151_h151,ang20191022t175031-A,177.1621015,ang20191022t175031,/AVIRISNG/Permian2019/ang20191022t175031_r632_c107_w151_h151,2019-10-22,2019-10-22 17:50:31+00:00,0,0,512,512,train,hard,gs://starcop/Permian/permian_2019_official/ang20191022t175031-A_r632_c107_ctr.tif,True,"Window(col_off=-180, row_off=-180, width=512, height=512)"
ang20191023t165811_r10509_c392_w151_h151,ang20191023t165811-A,176.6499326,ang20191023t165811,/AVIRISNG/Permian2019/ang20191023t165811_r10509_c392_w151_h151,2019-10-23,2019-10-23 16:58:11+00:00,0,0,512,512,train,hard,gs://starcop/Permian/permian_2019_official/ang20191023t165811-A_r10509_c392_ctr.tif,True,"Window(col_off=-180, row_off=-180, width=512, height=512)"
ang20191006t162415_r1734_c260_w151_h151,ang20191006t162415-F,176.3763971,ang20191006t162415,/AVIRISNG/Permian2019/ang20191006t162415_r1734_c260_w151_h151,2019-10-06,2019-10-06 16:24:15+00:00,0,0,512,512,train,hard,gs://starcop/Permian/permian_2019_official/ang20191006t162415-F_r1734_c260_ctr.tif,True,"Window(col_off=-180, row_off=-180, width=512, height=512)"
ang20191007t201917_r11525_c1426_w151_h151,ang20191007t201917-D,175.2629587,ang20191007t201917,/AVIRISNG/Permian2019/ang20191007t201917_r11525_c1426_w151_h151,2019-10-07,2019-10-07 20:19:17+00:00,0,0,512,512,train,hard,gs://starcop/Permian/permian_2019_official/ang20191007t201917-D_r11525_c1426_ctr.tif,True,"Window(col_off=-180, row_off=-180, width=512, height=512)"
ang20190927t184620_r10368_c43_w151_h151,ang20190927t184620-D,175.0044956,ang20190927t184620,/AVIRISNG/Permian2019/ang20190927t184620_r10368_c43_w151_h151,2019-09-27,2019-09-27 18:46:20+00:00,0,0,512,512,train,hard,gs://starcop/Permian/permian_2019_official/ang20190927t184620-D_r10368_c43_ctr.tif,True,"Window(col_off=-180, row_off=-180, width=512, height=512)"
ang20191023t180821_r7146_c218_w151_h151,ang20191023t180821-1,174.602322,ang20191023t180821,/AVIRISNG/Permian2019/ang20191023t180821_r7146_c218_w151_h151,2019-10-23,2019-10-23 18:08:21+00:00,0,0,512,512,train,hard,gs://starcop/Permian/permian_2019_official/ang20191023t180821-1_r7146_c218_ctr.tif,True,"Window(col_off=-180, row_off=-180, width=512, height=512)"
ang20190923t185208_r13550_c171_w151_h151,ang20190923t185208-C,174.2647683,ang20190923t185208,/AVIRISNG/Permian2019/ang20190923t185208_r13550_c171_w151_h151,2019-09-23,2019-09-23 18:52:08+00:00,0,0,512,512,train,hard,gs://starcop/Permian/permian_2019_official/ang20190923t185208-C_r13550_c171_ctr.tif,True,"Window(col_off=-180, row_off=-180, width=512, height=512)"
ang20191006t152009_r2353_c516_w151_h151,ang20191006t152009-F,173.928926,ang20191006t152009,/AVIRISNG/Permian2019/ang20191006t152009_r2353_c516_w151_h151,2019-10-06,2019-10-06 15:20:09+00:00,0,0,512,512,train,hard,gs://starcop/Permian/permian_2019_official/ang20191006t152009-F_r2353_c516_ctr.tif,True,"Window(col_off=-180, row_off=-180, width=512, height=512)"
ang20191008t182150_r8917_c216_w151_h151,ang20191008t182150-B,173.9180646,ang20191008t182150,/AVIRISNG/Permian2019/ang20191008t182150_r8917_c216_w151_h151,2019-10-08,2019-10-08 18:21:50+00:00,0,0,512,512,train,hard,gs://starcop/Permian/permian_2019_official/ang20191008t182150-B_r8917_c216_ctr.tif,True,"Window(col_off=-180, row_off=-180, width=512, height=512)"
ang20191010t184216_r9023_c137_w151_h151,ang20191010t184216-C,173.4446012,ang20191010t184216,/AVIRISNG/Permian2019/ang20191010t184216_r9023_c137_w151_h151,2019-10-10,2019-10-10 18:42:16+00:00,0,0,512,512,train,hard,gs://starcop/Permian/permian_2019_official/ang20191010t184216-C_r9023_c137_ctr.tif,True,"Window(col_off=-180, row_off=-180, width=512, height=512)"
ang20190927t182905_r7625_c204_w151_h151,ang20190927t182905-A,173.3919788,ang20190927t182905,/AVIRISNG/Permian2019/ang20190927t182905_r7625_c204_w151_h151,2019-09-27,2019-09-27 18:29:05+00:00,0,0,512,512,train,hard,gs://starcop/Permian/permian_2019_official/ang20190927t182905-A_r7625_c204_ctr.tif,True,"Window(col_off=-180, row_off=-180, width=512, height=512)"
ang20191017t160033_r6249_c468_w151_h151,ang20191017t160033-J,172.594302,ang20191017t160033,/AVIRISNG/Permian2019/ang20191017t160033_r6249_c468_w151_h151,2019-10-17,2019-10-17 16:00:33+00:00,0,0,512,512,train,hard,gs://starcop/Permian/permian_2019_official/ang20191017t160033-J_r6249_c468_ctr.tif,True,"Window(col_off=-180, row_off=-180, width=512, height=512)"
ang20190927t181142_r1313_c378_w151_h151,ang20190927t181142-E,172.591013,ang20190927t181142,/AVIRISNG/Permian2019/ang20190927t181142_r1313_c378_w151_h151,2019-09-27,2019-09-27 18:11:42+00:00,0,0,512,512,train,hard,gs://starcop/Permian/permian_2019_official/ang20190927t181142-E_r1313_c378_ctr.tif,True,"Window(col_off=-180, row_off=-180, width=512, height=512)"
ang20191011t181301_r5131_c23_w151_h151,ang20191011t181301-F,172.0122125,ang20191011t181301,/AVIRISNG/Permian2019/ang20191011t181301_r5131_c23_w151_h151,2019-10-11,2019-10-11 18:13:01+00:00,0,0,512,512,train,hard,gs://starcop/Permian/permian_2019_official/ang20191011t181301-F_r5131_c23_ctr.tif,True,"Window(col_off=-180, row_off=-180, width=512, height=512)"
ang20191023t151141_r4856_c271_w151_h151,ang20191023t151141-C,171.9283557,ang20191023t151141,/AVIRISNG/Permian2019/ang20191023t151141_r4856_c271_w151_h151,2019-10-23,2019-10-23 15:11:41+00:00,0,0,512,512,train,hard,gs://starcop/Permian/permian_2019_official/ang20191023t151141-C_r4856_c271_ctr.tif,True,"Window(col_off=-180, row_off=-180, width=512, height=512)"
ang20191011t175712_r4693_c412_w151_h151,ang20191011t175712-F,171.154945,ang20191011t175712,/AVIRISNG/Permian2019/ang20191011t175712_r4693_c412_w151_h151,2019-10-11,2019-10-11 17:57:12+00:00,0,0,512,512,train,hard,gs://starcop/Permian/permian_2019_official/ang20191011t175712-F_r4693_c412_ctr.tif,True,"Window(col_off=-180, row_off=-180, width=512, height=512)"
ang20191022t194233_r1562_c463_w151_h151,ang20191022t194233-D,170.9186781,ang20191022t194233,/AVIRISNG/Permian2019/ang20191022t194233_r1562_c463_w151_h151,2019-10-22,2019-10-22 19:42:33+00:00,0,0,512,512,train,hard,gs://starcop/Permian/permian_2019_official/ang20191022t194233-D_r1562_c463_ctr.tif,True,"Window(col_off=-180, row_off=-180, width=512, height=512)"
ang20190923t172416_r15067_c399_w151_h151,ang20190923t172416-B,170.3880868,ang20190923t172416,/AVIRISNG/Permian2019/ang20190923t172416_r15067_c399_w151_h151,2019-09-23,2019-09-23 17:24:16+00:00,0,0,512,512,train,hard,gs://starcop/Permian/permian_2019_official/ang20190923t172416-B_r15067_c399_ctr.tif,True,"Window(col_off=-180, row_off=-180, width=512, height=512)"
ang20190926t213844_r2200_c775_w151_h151,ang20190926t213844-A,169.5962437,ang20190926t213844,/AVIRISNG/Permian2019/ang20190926t213844_r2200_c775_w151_h151,2019-09-26,2019-09-26 21:38:44+00:00,0,0,512,512,train,hard,gs://starcop/Permian/permian_2019_official/ang20190926t213844-A_r2200_c775_ctr.tif,True,"Window(col_off=-180, row_off=-180, width=512, height=512)"
ang20191017t170330_r10484_c397_w151_h151,ang20191017t170330-B,169.5147545,ang20191017t170330,/AVIRISNG/Permian2019/ang20191017t170330_r10484_c397_w151_h151,2019-10-17,2019-10-17 17:03:30+00:00,0,0,512,512,train,hard,gs://starcop/Permian/permian_2019_official/ang20191017t170330-B_r10484_c397_ctr.tif,True,"Window(col_off=-180, row_off=-180, width=512, height=512)"
ang20191013t185356_r1721_c231_w151_h151,ang20191013t185356-A,169.4743089,ang20191013t185356,/AVIRISNG/Permian2019/ang20191013t185356_r1721_c231_w151_h151,2019-10-13,2019-10-13 18:53:56+00:00,0,0,512,512,train,hard,gs://starcop/Permian/permian_2019_official/ang20191013t185356-A_r1721_c231_ctr.tif,True,"Window(col_off=-180, row_off=-180, width=512, height=512)"
ang20191013t145516_r3516_c216_w151_h151,ang20191013t145516-F,169.2980528,ang20191013t145516,/AVIRISNG/Permian2019/ang20191013t145516_r3516_c216_w151_h151,2019-10-13,2019-10-13 14:55:16+00:00,0,0,512,512,train,hard,gs://starcop/Permian/permian_2019_official/ang20191013t145516-F_r3516_c216_ctr.tif,True,"Window(col_off=-180, row_off=-180, width=512, height=512)"
ang20191016t200430_r5656_c23_w151_h151,ang20191016t200430-H,168.7704085,ang20191016t200430,/AVIRISNG/Permian2019/ang20191016t200430_r5656_c23_w151_h151,2019-10-16,2019-10-16 20:04:30+00:00,0,0,512,512,train,hard,gs://starcop/Permian/permian_2019_official/ang20191016t200430-H_r5656_c23_ctr.tif,True,"Window(col_off=-180, row_off=-180, width=512, height=512)"
ang20191016t200430_r6321_c504_w151_h151,ang20191016t200430-B,167.8760415,ang20191016t200430,/AVIRISNG/Permian2019/ang20191016t200430_r6321_c504_w151_h151,2019-10-16,2019-10-16 20:04:30+00:00,0,0,512,512,train,hard,gs://starcop/Permian/permian_2019_official/ang20191016t200430-B_r6321_c504_ctr.tif,True,"Window(col_off=-180, row_off=-180, width=512, height=512)"
ang20191023t151141_r5540_c227_w151_h151,ang20191023t151141-B,167.8574514,ang20191023t151141,/AVIRISNG/Permian2019/ang20191023t151141_r5540_c227_w151_h151,2019-10-23,2019-10-23 15:11:41+00:00,0,0,512,512,train,hard,gs://starcop/Permian/permian_2019_official/ang20191023t151141-B_r5540_c227_ctr.tif,True,"Window(col_off=-180, row_off=-180, width=512, height=512)"
ang20191019t182848_r6642_c282_w151_h151,ang20191019t182848-C,167.7466118,ang20191019t182848,/AVIRISNG/Permian2019/ang20191019t182848_r6642_c282_w151_h151,2019-10-19,2019-10-19 18:28:48+00:00,0,0,512,512,train,hard,gs://starcop/Permian/permian_2019_official/ang20191019t182848-C_r6642_c282_ctr.tif,True,"Window(col_off=-180, row_off=-180, width=512, height=512)"
ang20191006t152009_r2667_c24_w151_h151,ang20191006t152009-E,167.4000043,ang20191006t152009,/AVIRISNG/Permian2019/ang20191006t152009_r2667_c24_w151_h151,2019-10-06,2019-10-06 15:20:09+00:00,0,0,512,512,train,hard,gs://starcop/Permian/permian_2019_official/ang20191006t152009-E_r2667_c24_ctr.tif,True,"Window(col_off=-180, row_off=-180, width=512, height=512)"
ang20191011t175712_r4806_c229_w151_h151,ang20191011t175712-N,166.6062922,ang20191011t175712,/AVIRISNG/Permian2019/ang20191011t175712_r4806_c229_w151_h151,2019-10-11,2019-10-11 17:57:12+00:00,0,0,512,512,train,hard,gs://starcop/Permian/permian_2019_official/ang20191011t175712-N_r4806_c229_ctr.tif,True,"Window(col_off=-180, row_off=-180, width=512, height=512)"
ang20191023t154154_r8383_c334_w151_h151,ang20191023t154154-A,166.3498892,ang20191023t154154,/AVIRISNG/Permian2019/ang20191023t154154_r8383_c334_w151_h151,2019-10-23,2019-10-23 15:41:54+00:00,0,0,512,512,train,hard,gs://starcop/Permian/permian_2019_official/ang20191023t154154-A_r8383_c334_ctr.tif,True,"Window(col_off=-180, row_off=-180, width=512, height=512)"
ang20191017t170330_r10298_c562_w151_h151,ang20191017t170330-U,166.2344413,ang20191017t170330,/AVIRISNG/Permian2019/ang20191017t170330_r10298_c562_w151_h151,2019-10-17,2019-10-17 17:03:30+00:00,0,0,512,512,train,hard,gs://starcop/Permian/permian_2019_official/ang20191017t170330-U_r10298_c562_ctr.tif,True,"Window(col_off=-180, row_off=-180, width=512, height=512)"
ang20191016t195058_r6820_c440_w151_h151,ang20191016t195058-C,166.2289939,ang20191016t195058,/AVIRISNG/Permian2019/ang20191016t195058_r6820_c440_w151_h151,2019-10-16,2019-10-16 19:50:58+00:00,0,0,512,512,train,hard,gs://starcop/Permian/permian_2019_official/ang20191016t195058-C_r6820_c440_ctr.tif,True,"Window(col_off=-180, row_off=-180, width=512, height=512)"
ang20191017t174946_r6426_c572_w151_h151,ang20191017t174946-B,166.204591,ang20191017t174946,/AVIRISNG/Permian2019/ang20191017t174946_r6426_c572_w151_h151,2019-10-17,2019-10-17 17:49:46+00:00,0,0,512,512,train,hard,gs://starcop/Permian/permian_2019_official/ang20191017t174946-B_r6426_c572_ctr.tif,True,"Window(col_off=-180, row_off=-180, width=512, height=512)"
ang20191019t181857_r2567_c448_w151_h151,ang20191019t181857-B,166.0125822,ang20191019t181857,/AVIRISNG/Permian2019/ang20191019t181857_r2567_c448_w151_h151,2019-10-19,2019-10-19 18:18:57+00:00,0,0,512,512,train,hard,gs://starcop/Permian/permian_2019_official/ang20191019t181857-B_r2567_c448_ctr.tif,True,"Window(col_off=-180, row_off=-180, width=512, height=512)"
ang20191011t175712_r5061_c555_w151_h151,ang20191011t175712-H,165.9838553,ang20191011t175712,/AVIRISNG/Permian2019/ang20191011t175712_r5061_c555_w151_h151,2019-10-11,2019-10-11 17:57:12+00:00,0,0,512,512,train,hard,gs://starcop/Permian/permian_2019_official/ang20191011t175712-H_r5061_c555_ctr.tif,True,"Window(col_off=-180, row_off=-180, width=512, height=512)"
ang20191016t163955_r10665_c447_w151_h151,ang20191016t163955-G,165.4659152,ang20191016t163955,/AVIRISNG/Permian2019/ang20191016t163955_r10665_c447_w151_h151,2019-10-16,2019-10-16 16:39:55+00:00,0,0,512,512,train,hard,gs://starcop/Permian/permian_2019_official/ang20191016t163955-G_r10665_c447_ctr.tif,True,"Window(col_off=-180, row_off=-180, width=512, height=512)"
ang20191023t142135_r16214_c96_w151_h151,ang20191023t142135-E,165.2694152,ang20191023t142135,/AVIRISNG/Permian2019/ang20191023t142135_r16214_c96_w151_h151,2019-10-23,2019-10-23 14:21:35+00:00,0,0,512,512,train,hard,gs://starcop/Permian/permian_2019_official/ang20191023t142135-E_r16214_c96_ctr.tif,True,"Window(col_off=-180, row_off=-180, width=512, height=512)"
ang20191019t164827_r311_c453_w151_h151,ang20191019t164827-A,164.5896164,ang20191019t164827,/AVIRISNG/Permian2019/ang20191019t164827_r311_c453_w151_h151,2019-10-19,2019-10-19 16:48:27+00:00,0,0,512,512,train,hard,gs://starcop/Permian/permian_2019_official/ang20191019t164827-A_r311_c453_ctr.tif,True,"Window(col_off=-180, row_off=-180, width=512, height=512)"
ang20191013t144828_r184_c144_w151_h151,ang20191013t144828-8,164.196488,ang20191013t144828,/AVIRISNG/Permian2019/ang20191013t144828_r184_c144_w151_h151,2019-10-13,2019-10-13 14:48:28+00:00,0,0,512,512,train,hard,gs://starcop/Permian/permian_2019_official/ang20191013t144828-8_r184_c144_ctr.tif,True,"Window(col_off=-180, row_off=-180, width=512, height=512)"
ang20191016t165454_r330_c345_w151_h151,ang20191016t165454-A,164.0092192,ang20191016t165454,/AVIRISNG/Permian2019/ang20191016t165454_r330_c345_w151_h151,2019-10-16,2019-10-16 16:54:54+00:00,0,0,512,512,train,hard,gs://starcop/Permian/permian_2019_official/ang20191016t165454-A_r330_c345_ctr.tif,True,"Window(col_off=-180, row_off=-180, width=512, height=512)"
ang20191008t153517_r8856_c479_w151_h151,ang20191008t153517-B,163.7955514,ang20191008t153517,/AVIRISNG/Permian2019/ang20191008t153517_r8856_c479_w151_h151,2019-10-08,2019-10-08 15:35:17+00:00,0,0,512,512,train,hard,gs://starcop/Permian/permian_2019_official/ang20191008t153517-B_r8856_c479_ctr.tif,True,"Window(col_off=-180, row_off=-180, width=512, height=512)"
ang20191019t170014_r2139_c321_w151_h151,ang20191019t170014-A,163.5378871,ang20191019t170014,/AVIRISNG/Permian2019/ang20191019t170014_r2139_c321_w151_h151,2019-10-19,2019-10-19 17:00:14+00:00,0,0,512,512,train,hard,gs://starcop/Permian/permian_2019_official/ang20191019t170014-A_r2139_c321_ctr.tif,True,"Window(col_off=-180, row_off=-180, width=512, height=512)"
ang20191017t182024_r4485_c313_w151_h151,ang20191017t182024-E,163.2596063,ang20191017t182024,/AVIRISNG/Permian2019/ang20191017t182024_r4485_c313_w151_h151,2019-10-17,2019-10-17 18:20:24+00:00,0,0,512,512,train,hard,gs://starcop/Permian/permian_2019_official/ang20191017t182024-E_r4485_c313_ctr.tif,True,"Window(col_off=-180, row_off=-180, width=512, height=512)"
ang20191023t191942_r8222_c419_w151_h151,ang20191023t191942-A,163.167597,ang20191023t191942,/AVIRISNG/Permian2019/ang20191023t191942_r8222_c419_w151_h151,2019-10-23,2019-10-23 19:19:42+00:00,0,0,512,512,train,hard,gs://starcop/Permian/permian_2019_official/ang20191023t191942-A_r8222_c419_ctr.tif,True,"Window(col_off=-180, row_off=-180, width=512, height=512)"
ang20191006t155231_r8048_c90_w151_h151,ang20191006t155231-E,162.6657431,ang20191006t155231,/AVIRISNG/Permian2019/ang20191006t155231_r8048_c90_w151_h151,2019-10-06,2019-10-06 15:52:31+00:00,0,0,512,512,train,hard,gs://starcop/Permian/permian_2019_official/ang20191006t155231-E_r8048_c90_ctr.tif,True,"Window(col_off=-180, row_off=-180, width=512, height=512)"
ang20191011t175712_r3744_c167_w151_h151,ang20191011t175712-B,162.289125,ang20191011t175712,/AVIRISNG/Permian2019/ang20191011t175712_r3744_c167_w151_h151,2019-10-11,2019-10-11 17:57:12+00:00,0,0,512,512,train,hard,gs://starcop/Permian/permian_2019_official/ang20191011t175712-B_r3744_c167_ctr.tif,True,"Window(col_off=-180, row_off=-180, width=512, height=512)"
ang20191016t195058_r7946_c35_w151_h151,ang20191016t195058-M,162.0335432,ang20191016t195058,/AVIRISNG/Permian2019/ang20191016t195058_r7946_c35_w151_h151,2019-10-16,2019-10-16 19:50:58+00:00,0,0,512,512,train,hard,gs://starcop/Permian/permian_2019_official/ang20191016t195058-M_r7946_c35_ctr.tif,True,"Window(col_off=-180, row_off=-180, width=512, height=512)"
ang20191023t164221_r6088_c517_w151_h151,ang20191023t164221-C,161.654416,ang20191023t164221,/AVIRISNG/Permian2019/ang20191023t164221_r6088_c517_w151_h151,2019-10-23,2019-10-23 16:42:21+00:00,0,0,512,512,train,hard,gs://starcop/Permian/permian_2019_official/ang20191023t164221-C_r6088_c517_ctr.tif,True,"Window(col_off=-180, row_off=-180, width=512, height=512)"
ang20191016t193637_r3183_c344_w151_h151,ang20191016t193637-B,160.5284041,ang20191016t193637,/AVIRISNG/Permian2019/ang20191016t193637_r3183_c344_w151_h151,2019-10-16,2019-10-16 19:36:37+00:00,0,0,512,512,train,hard,gs://starcop/Permian/permian_2019_official/ang20191016t193637-B_r3183_c344_ctr.tif,True,"Window(col_off=-180, row_off=-180, width=512, height=512)"
ang20191016t174016_r558_c372_w151_h151,ang20191016t174016-E,160.146914,ang20191016t174016,/AVIRISNG/Permian2019/ang20191016t174016_r558_c372_w151_h151,2019-10-16,2019-10-16 17:40:16+00:00,0,0,512,512,train,hard,gs://starcop/Permian/permian_2019_official/ang20191016t174016-E_r558_c372_ctr.tif,True,"Window(col_off=-180, row_off=-180, width=512, height=512)"
ang20191016t163955_r1575_c115_w151_h151,ang20191016t163955-C,159.7714953,ang20191016t163955,/AVIRISNG/Permian2019/ang20191016t163955_r1575_c115_w151_h151,2019-10-16,2019-10-16 16:39:55+00:00,0,0,512,512,train,hard,gs://starcop/Permian/permian_2019_official/ang20191016t163955-C_r1575_c115_ctr.tif,True,"Window(col_off=-180, row_off=-180, width=512, height=512)"
ang20191019t183727_r7097_c350_w151_h151,ang20191019t183727-B,159.3939978,ang20191019t183727,/AVIRISNG/Permian2019/ang20191019t183727_r7097_c350_w151_h151,2019-10-19,2019-10-19 18:37:27+00:00,0,0,512,512,train,hard,gs://starcop/Permian/permian_2019_official/ang20191019t183727-B_r7097_c350_ctr.tif,True,"Window(col_off=-180, row_off=-180, width=512, height=512)"
ang20191023t161300_r8470_c490_w151_h151,ang20191023t161300-3,158.968707,ang20191023t161300,/AVIRISNG/Permian2019/ang20191023t161300_r8470_c490_w151_h151,2019-10-23,2019-10-23 16:13:00+00:00,0,0,512,512,train,hard,gs://starcop/Permian/permian_2019_official/ang20191023t161300-3_r8470_c490_ctr.tif,True,"Window(col_off=-180, row_off=-180, width=512, height=512)"
ang20191006t165608_r7566_c50_w151_h151,ang20191006t165608-F,158.697691,ang20191006t165608,/AVIRISNG/Permian2019/ang20191006t165608_r7566_c50_w151_h151,2019-10-06,2019-10-06 16:56:08+00:00,0,0,512,512,train,hard,gs://starcop/Permian/permian_2019_official/ang20191006t165608-F_r7566_c50_ctr.tif,True,"Window(col_off=-180, row_off=-180, width=512, height=512)"
ang20191006t165608_r5815_c82_w151_h151,ang20191006t165608-A,157.9988314,ang20191006t165608,/AVIRISNG/Permian2019/ang20191006t165608_r5815_c82_w151_h151,2019-10-06,2019-10-06 16:56:08+00:00,0,0,512,512,train,hard,gs://starcop/Permian/permian_2019_official/ang20191006t165608-A_r5815_c82_ctr.tif,True,"Window(col_off=-180, row_off=-180, width=512, height=512)"
ang20191017t161837_r4872_c118_w151_h151,ang20191017t161837-E,157.7142991,ang20191017t161837,/AVIRISNG/Permian2019/ang20191017t161837_r4872_c118_w151_h151,2019-10-17,2019-10-17 16:18:37+00:00,0,0,512,512,train,hard,gs://starcop/Permian/permian_2019_official/ang20191017t161837-E_r4872_c118_ctr.tif,True,"Window(col_off=-180, row_off=-180, width=512, height=512)"
ang20191013t144828_r1439_c274_w151_h151,ang20191013t144828-F,157.4603217,ang20191013t144828,/AVIRISNG/Permian2019/ang20191013t144828_r1439_c274_w151_h151,2019-10-13,2019-10-13 14:48:28+00:00,0,0,512,512,train,hard,gs://starcop/Permian/permian_2019_official/ang20191013t144828-F_r1439_c274_ctr.tif,True,"Window(col_off=-180, row_off=-180, width=512, height=512)"
ang20191022t175031_r6951_c124_w151_h151,ang20191022t175031-D,156.8824388,ang20191022t175031,/AVIRISNG/Permian2019/ang20191022t175031_r6951_c124_w151_h151,2019-10-22,2019-10-22 17:50:31+00:00,0,0,512,512,train,hard,gs://starcop/Permian/permian_2019_official/ang20191022t175031-D_r6951_c124_ctr.tif,True,"Window(col_off=-180, row_off=-180, width=512, height=512)"
ang20191007t193705_r1336_c174_w151_h151,ang20191007t193705-C,156.4139863,ang20191007t193705,/AVIRISNG/Permian2019/ang20191007t193705_r1336_c174_w151_h151,2019-10-07,2019-10-07 19:37:05+00:00,0,0,512,512,train,hard,gs://starcop/Permian/permian_2019_official/ang20191007t193705-C_r1336_c174_ctr.tif,True,"Window(col_off=-180, row_off=-180, width=512, height=512)"
ang20191017t180347_r6470_c216_w151_h151,ang20191017t180347-E,156.2770676,ang20191017t180347,/AVIRISNG/Permian2019/ang20191017t180347_r6470_c216_w151_h151,2019-10-17,2019-10-17 18:03:47+00:00,0,0,512,512,train,hard,gs://starcop/Permian/permian_2019_official/ang20191017t180347-E_r6470_c216_ctr.tif,True,"Window(col_off=-180, row_off=-180, width=512, height=512)"
ang20191019t172500_r5262_c225_w151_h151,ang20191019t172500-D,156.1264473,ang20191019t172500,/AVIRISNG/Permian2019/ang20191019t172500_r5262_c225_w151_h151,2019-10-19,2019-10-19 17:25:00+00:00,0,0,512,512,train,hard,gs://starcop/Permian/permian_2019_official/ang20191019t172500-D_r5262_c225_ctr.tif,True,"Window(col_off=-180, row_off=-180, width=512, height=512)"
ang20190923t163307_r6778_c561_w151_h151,ang20190923t163307-D,155.6382927,ang20190923t163307,/AVIRISNG/Permian2019/ang20190923t163307_r6778_c561_w151_h151,2019-09-23,2019-09-23 16:33:07+00:00,0,0,512,512,train,hard,gs://starcop/Permian/permian_2019_official/ang20190923t163307-D_r6778_c561_ctr.tif,True,"Window(col_off=-180, row_off=-180, width=512, height=512)"
ang20191007t190840_r6441_c40_w151_h151,ang20191007t190840-L,155.2187223,ang20191007t190840,/AVIRISNG/Permian2019/ang20191007t190840_r6441_c40_w151_h151,2019-10-07,2019-10-07 19:08:40+00:00,0,0,512,512,train,hard,gs://starcop/Permian/permian_2019_official/ang20191007t190840-L_r6441_c40_ctr.tif,True,"Window(col_off=-180, row_off=-180, width=512, height=512)"
ang20190926t180335_r11453_c199_w151_h151,ang20190926t180335-G,155.21577,ang20190926t180335,/AVIRISNG/Permian2019/ang20190926t180335_r11453_c199_w151_h151,2019-09-26,2019-09-26 18:03:35+00:00,0,0,512,512,train,hard,gs://starcop/Permian/permian_2019_official/ang20190926t180335-G_r11453_c199_ctr.tif,True,"Window(col_off=-180, row_off=-180, width=512, height=512)"
ang20191006t172739_r3585_c333_w151_h151,ang20191006t172739-K,155.0322759,ang20191006t172739,/AVIRISNG/Permian2019/ang20191006t172739_r3585_c333_w151_h151,2019-10-06,2019-10-06 17:27:39+00:00,0,0,512,512,train,hard,gs://starcop/Permian/permian_2019_official/ang20191006t172739-K_r3585_c333_ctr.tif,True,"Window(col_off=-180, row_off=-180, width=512, height=512)"
ang20191023t162847_r10268_c377_w151_h151,ang20191023t162847-A,154.9351073,ang20191023t162847,/AVIRISNG/Permian2019/ang20191023t162847_r10268_c377_w151_h151,2019-10-23,2019-10-23 16:28:47+00:00,0,0,512,512,train,hard,gs://starcop/Permian/permian_2019_official/ang20191023t162847-A_r10268_c377_ctr.tif,True,"Window(col_off=-180, row_off=-180, width=512, height=512)"
ang20190926t180335_r6839_c215_w151_h151,ang20190926t180335-C,154.7499784,ang20190926t180335,/AVIRISNG/Permian2019/ang20190926t180335_r6839_c215_w151_h151,2019-09-26,2019-09-26 18:03:35+00:00,0,0,512,512,train,hard,gs://starcop/Permian/permian_2019_official/ang20190926t180335-C_r6839_c215_ctr.tif,True,"Window(col_off=-180, row_off=-180, width=512, height=512)"
ang20191016t172526_r3448_c516_w151_h151,ang20191016t172526-B,154.6265131,ang20191016t172526,/AVIRISNG/Permian2019/ang20191016t172526_r3448_c516_w151_h151,2019-10-16,2019-10-16 17:25:26+00:00,0,0,512,512,train,hard,gs://starcop/Permian/permian_2019_official/ang20191016t172526-B_r3448_c516_ctr.tif,True,"Window(col_off=-180, row_off=-180, width=512, height=512)"
ang20191006t174505_r7299_c228_w151_h151,ang20191006t174505-D,154.4555633,ang20191006t174505,/AVIRISNG/Permian2019/ang20191006t174505_r7299_c228_w151_h151,2019-10-06,2019-10-06 17:45:05+00:00,0,0,512,512,train,hard,gs://starcop/Permian/permian_2019_official/ang20191006t174505-D_r7299_c228_ctr.tif,True,"Window(col_off=-180, row_off=-180, width=512, height=512)"
ang20191016t162417_r2933_c288_w151_h151,ang20191016t162417-E,153.7961981,ang20191016t162417,/AVIRISNG/Permian2019/ang20191016t162417_r2933_c288_w151_h151,2019-10-16,2019-10-16 16:24:17+00:00,0,0,512,512,train,hard,gs://starcop/Permian/permian_2019_official/ang20191016t162417-E_r2933_c288_ctr.tif,True,"Window(col_off=-180, row_off=-180, width=512, height=512)"
ang20191019t170014_r2810_c336_w151_h151,ang20191019t170014-B,153.43978,ang20191019t170014,/AVIRISNG/Permian2019/ang20191019t170014_r2810_c336_w151_h151,2019-10-19,2019-10-19 17:00:14+00:00,0,0,512,512,train,hard,gs://starcop/Permian/permian_2019_official/ang20191019t170014-B_r2810_c336_ctr.tif,True,"Window(col_off=-180, row_off=-180, width=512, height=512)"
ang20191013t174928_r2043_c211_w151_h151,ang20191013t174928-2,153.368562,ang20191013t174928,/AVIRISNG/Permian2019/ang20191013t174928_r2043_c211_w151_h151,2019-10-13,2019-10-13 17:49:28+00:00,0,0,512,512,train,hard,gs://starcop/Permian/permian_2019_official/ang20191013t174928-2_r2043_c211_ctr.tif,True,"Window(col_off=-180, row_off=-180, width=512, height=512)"
ang20191006t174505_r7016_c446_w151_h151,ang20191006t174505-B,153.2929911,ang20191006t174505,/AVIRISNG/Permian2019/ang20191006t174505_r7016_c446_w151_h151,2019-10-06,2019-10-06 17:45:05+00:00,0,0,512,512,train,hard,gs://starcop/Permian/permian_2019_official/ang20191006t174505-B_r7016_c446_ctr.tif,True,"Window(col_off=-180, row_off=-180, width=512, height=512)"
ang20191017t173348_r747_c18_w151_h151,ang20191017t173348-B,152.4639605,ang20191017t173348,/AVIRISNG/Permian2019/ang20191017t173348_r747_c18_w151_h151,2019-10-17,2019-10-17 17:33:48+00:00,0,0,512,512,train,hard,gs://starcop/Permian/permian_2019_official/ang20191017t173348-B_r747_c18_ctr.tif,True,"Window(col_off=-180, row_off=-180, width=512, height=512)"
ang20191006t160931_r7704_c604_w151_h151,ang20191006t160931-C,152.1775631,ang20191006t160931,/AVIRISNG/Permian2019/ang20191006t160931_r7704_c604_w151_h151,2019-10-06,2019-10-06 16:09:31+00:00,0,0,512,512,train,hard,gs://starcop/Permian/permian_2019_official/ang20191006t160931-C_r7704_c604_ctr.tif,True,"Window(col_off=-180, row_off=-180, width=512, height=512)"
ang20191016t174016_r763_c12_w151_h151,ang20191016t174016-F,151.9979581,ang20191016t174016,/AVIRISNG/Permian2019/ang20191016t174016_r763_c12_w151_h151,2019-10-16,2019-10-16 17:40:16+00:00,0,0,512,512,train,hard,gs://starcop/Permian/permian_2019_official/ang20191016t174016-F_r763_c12_ctr.tif,True,"Window(col_off=-180, row_off=-180, width=512, height=512)"
ang20191023t152801_r10775_c476_w151_h151,ang20191023t152801-9,151.856721,ang20191023t152801,/AVIRISNG/Permian2019/ang20191023t152801_r10775_c476_w151_h151,2019-10-23,2019-10-23 15:28:01+00:00,0,0,512,512,train,hard,gs://starcop/Permian/permian_2019_official/ang20191023t152801-9_r10775_c476_ctr.tif,True,"Window(col_off=-180, row_off=-180, width=512, height=512)"
ang20191017t160033_r13132_c224_w151_h151,ang20191017t160033-C,150.8732811,ang20191017t160033,/AVIRISNG/Permian2019/ang20191017t160033_r13132_c224_w151_h151,2019-10-17,2019-10-17 16:00:33+00:00,0,0,512,512,train,hard,gs://starcop/Permian/permian_2019_official/ang20191017t160033-C_r13132_c224_ctr.tif,True,"Window(col_off=-180, row_off=-180, width=512, height=512)"
ang20190926t184029_r1255_c223_w151_h151,ang20190926t184029-1,150.616978,ang20190926t184029,/AVIRISNG/Permian2019/ang20190926t184029_r1255_c223_w151_h151,2019-09-26,2019-09-26 18:40:29+00:00,0,0,512,512,train,hard,gs://starcop/Permian/permian_2019_official/ang20190926t184029-1_r1255_c223_ctr.tif,True,"Window(col_off=-180, row_off=-180, width=512, height=512)"
ang20191007t190840_r5793_c239_w151_h151,ang20191007t190840-C,150.1681728,ang20191007t190840,/AVIRISNG/Permian2019/ang20191007t190840_r5793_c239_w151_h151,2019-10-07,2019-10-07 19:08:40+00:00,0,0,512,512,train,hard,gs://starcop/Permian/permian_2019_official/ang20191007t190840-C_r5793_c239_ctr.tif,True,"Window(col_off=-180, row_off=-180, width=512, height=512)"
ang20190928t185111_r1731_c174_w151_h151,ang20190928t185111-D,148.7449476,ang20190928t185111,/AVIRISNG/Permian2019/ang20190928t185111_r1731_c174_w151_h151,2019-09-28,2019-09-28 18:51:11+00:00,0,0,512,512,train,hard,gs://starcop/Permian/permian_2019_official/ang20190928t185111-D_r1731_c174_ctr.tif,True,"Window(col_off=-180, row_off=-180, width=512, height=512)"
ang20191016t163955_r1562_c75_w151_h151,ang20191016t163955-F,148.2399905,ang20191016t163955,/AVIRISNG/Permian2019/ang20191016t163955_r1562_c75_w151_h151,2019-10-16,2019-10-16 16:39:55+00:00,0,0,512,512,train,hard,gs://starcop/Permian/permian_2019_official/ang20191016t163955-F_r1562_c75_ctr.tif,True,"Window(col_off=-180, row_off=-180, width=512, height=512)"
ang20191017t170330_r238_c67_w151_h151,ang20191017t170330-1,147.927814,ang20191017t170330,/AVIRISNG/Permian2019/ang20191017t170330_r238_c67_w151_h151,2019-10-17,2019-10-17 17:03:30+00:00,0,0,512,512,train,hard,gs://starcop/Permian/permian_2019_official/ang20191017t170330-1_r238_c67_ctr.tif,True,"Window(col_off=-180, row_off=-180, width=512, height=512)"
ang20191022t181138_r1353_c421_w151_h151,ang20191022t181138-C,147.7636051,ang20191022t181138,/AVIRISNG/Permian2019/ang20191022t181138_r1353_c421_w151_h151,2019-10-22,2019-10-22 18:11:38+00:00,0,0,512,512,train,hard,gs://starcop/Permian/permian_2019_official/ang20191022t181138-C_r1353_c421_ctr.tif,True,"Window(col_off=-180, row_off=-180, width=512, height=512)"
ang20191016t160914_r2949_c361_w151_h151,ang20191016t160914-E,147.7184574,ang20191016t160914,/AVIRISNG/Permian2019/ang20191016t160914_r2949_c361_w151_h151,2019-10-16,2019-10-16 16:09:14+00:00,0,0,512,512,train,hard,gs://starcop/Permian/permian_2019_official/ang20191016t160914-E_r2949_c361_ctr.tif,True,"Window(col_off=-180, row_off=-180, width=512, height=512)"
ang20191006t171344_r1952_c606_w151_h151,ang20191006t171344-M,146.5325303,ang20191006t171344,/AVIRISNG/Permian2019/ang20191006t171344_r1952_c606_w151_h151,2019-10-06,2019-10-06 17:13:44+00:00,0,0,512,512,train,hard,gs://starcop/Permian/permian_2019_official/ang20191006t171344-M_r1952_c606_ctr.tif,True,"Window(col_off=-180, row_off=-180, width=512, height=512)"
ang20191006t174505_r2537_c462_w151_h151,ang20191006t174505-G,146.1001089,ang20191006t174505,/AVIRISNG/Permian2019/ang20191006t174505_r2537_c462_w151_h151,2019-10-06,2019-10-06 17:45:05+00:00,0,0,512,512,train,hard,gs://starcop/Permian/permian_2019_official/ang20191006t174505-G_r2537_c462_ctr.tif,True,"Window(col_off=-180, row_off=-180, width=512, height=512)"
ang20191019t162211_r3132_c507_w151_h151,ang20191019t162211-B,144.8065974,ang20191019t162211,/AVIRISNG/Permian2019/ang20191019t162211_r3132_c507_w151_h151,2019-10-19,2019-10-19 16:22:11+00:00,0,0,512,512,train,hard,gs://starcop/Permian/permian_2019_official/ang20191019t162211-B_r3132_c507_ctr.tif,True,"Window(col_off=-180, row_off=-180, width=512, height=512)"
ang20191023t165811_r2093_c110_w151_h151,ang20191023t165811-1,144.733061,ang20191023t165811,/AVIRISNG/Permian2019/ang20191023t165811_r2093_c110_w151_h151,2019-10-23,2019-10-23 16:58:11+00:00,0,0,512,512,train,hard,gs://starcop/Permian/permian_2019_official/ang20191023t165811-1_r2093_c110_ctr.tif,True,"Window(col_off=-180, row_off=-180, width=512, height=512)"
ang20191019t181857_r7051_c331_w151_h151,ang20191019t181857-A,144.05835,ang20191019t181857,/AVIRISNG/Permian2019/ang20191019t181857_r7051_c331_w151_h151,2019-10-19,2019-10-19 18:18:57+00:00,0,0,512,512,train,hard,gs://starcop/Permian/permian_2019_official/ang20191019t181857-A_r7051_c331_ctr.tif,True,"Window(col_off=-180, row_off=-180, width=512, height=512)"
ang20191006t172739_r5800_c429_w151_h151,ang20191006t172739-F,142.8022206,ang20191006t172739,/AVIRISNG/Permian2019/ang20191006t172739_r5800_c429_w151_h151,2019-10-06,2019-10-06 17:27:39+00:00,0,0,512,512,train,hard,gs://starcop/Permian/permian_2019_official/ang20191006t172739-F_r5800_c429_ctr.tif,True,"Window(col_off=-180, row_off=-180, width=512, height=512)"
ang20191013t182140_r871_c331_w151_h151,ang20191013t182140-D,142.4593267,ang20191013t182140,/AVIRISNG/Permian2019/ang20191013t182140_r871_c331_w151_h151,2019-10-13,2019-10-13 18:21:40+00:00,0,0,512,512,train,hard,gs://starcop/Permian/permian_2019_official/ang20191013t182140-D_r871_c331_ctr.tif,True,"Window(col_off=-180, row_off=-180, width=512, height=512)"
ang20191006t165608_r992_c408_w151_h151,ang20191006t165608-S,142.369164,ang20191006t165608,/AVIRISNG/Permian2019/ang20191006t165608_r992_c408_w151_h151,2019-10-06,2019-10-06 16:56:08+00:00,0,0,512,512,train,hard,gs://starcop/Permian/permian_2019_official/ang20191006t165608-S_r992_c408_ctr.tif,True,"Window(col_off=-180, row_off=-180, width=512, height=512)"
ang20191023t155808_r5442_c206_w151_h151,ang20191023t155808-2,141.222878,ang20191023t155808,/AVIRISNG/Permian2019/ang20191023t155808_r5442_c206_w151_h151,2019-10-23,2019-10-23 15:58:08+00:00,0,0,512,512,train,hard,gs://starcop/Permian/permian_2019_official/ang20191023t155808-2_r5442_c206_ctr.tif,True,"Window(col_off=-180, row_off=-180, width=512, height=512)"
ang20190926t163428_r5412_c412_w151_h151,ang20190926t163428-C,141.1086093,ang20190926t163428,/AVIRISNG/Permian2019/ang20190926t163428_r5412_c412_w151_h151,2019-09-26,2019-09-26 16:34:28+00:00,0,0,512,512,train,hard,gs://starcop/Permian/permian_2019_official/ang20190926t163428-C_r5412_c412_ctr.tif,True,"Window(col_off=-180, row_off=-180, width=512, height=512)"
ang20191008t182150_r8972_c528_w151_h151,ang20191008t182150-C,141.0094947,ang20191008t182150,/AVIRISNG/Permian2019/ang20191008t182150_r8972_c528_w151_h151,2019-10-08,2019-10-08 18:21:50+00:00,0,0,512,512,train,hard,gs://starcop/Permian/permian_2019_official/ang20191008t182150-C_r8972_c528_ctr.tif,True,"Window(col_off=-180, row_off=-180, width=512, height=512)"
ang20191017t174946_r11139_c466_w151_h151,ang20191017t174946-H,140.0077365,ang20191017t174946,/AVIRISNG/Permian2019/ang20191017t174946_r11139_c466_w151_h151,2019-10-17,2019-10-17 17:49:46+00:00,0,0,512,512,train,hard,gs://starcop/Permian/permian_2019_official/ang20191017t174946-H_r11139_c466_ctr.tif,True,"Window(col_off=-180, row_off=-180, width=512, height=512)"
ang20191023t172753_r6431_c370_w151_h151,ang20191023t172753-A,139.9154263,ang20191023t172753,/AVIRISNG/Permian2019/ang20191023t172753_r6431_c370_w151_h151,2019-10-23,2019-10-23 17:27:53+00:00,0,0,512,512,train,hard,gs://starcop/Permian/permian_2019_official/ang20191023t172753-A_r6431_c370_ctr.tif,True,"Window(col_off=-180, row_off=-180, width=512, height=512)"
ang20191017t154425_r8565_c210_w151_h151,ang20191017t154425-I,139.219291,ang20191017t154425,/AVIRISNG/Permian2019/ang20191017t154425_r8565_c210_w151_h151,2019-10-17,2019-10-17 15:44:25+00:00,0,0,512,512,train,hard,gs://starcop/Permian/permian_2019_official/ang20191017t154425-I_r8565_c210_ctr.tif,True,"Window(col_off=-180, row_off=-180, width=512, height=512)"
ang20191017t164928_r11626_c245_w151_h151,ang20191017t164928-6,138.581473,ang20191017t164928,/AVIRISNG/Permian2019/ang20191017t164928_r11626_c245_w151_h151,2019-10-17,2019-10-17 16:49:28+00:00,0,0,512,512,train,hard,gs://starcop/Permian/permian_2019_official/ang20191017t164928-6_r11626_c245_ctr.tif,True,"Window(col_off=-180, row_off=-180, width=512, height=512)"
ang20191016t193637_r7006_c380_w151_h151,ang20191016t193637-E,138.5044028,ang20191016t193637,/AVIRISNG/Permian2019/ang20191016t193637_r7006_c380_w151_h151,2019-10-16,2019-10-16 19:36:37+00:00,0,0,512,512,train,hard,gs://starcop/Permian/permian_2019_official/ang20191016t193637-E_r7006_c380_ctr.tif,True,"Window(col_off=-180, row_off=-180, width=512, height=512)"
ang20191007t195115_r11314_c112_w151_h151,ang20191007t195115-G,138.2006666,ang20191007t195115,/AVIRISNG/Permian2019/ang20191007t195115_r11314_c112_w151_h151,2019-10-07,2019-10-07 19:51:15+00:00,0,0,512,512,train,hard,gs://starcop/Permian/permian_2019_official/ang20191007t195115-G_r11314_c112_ctr.tif,True,"Window(col_off=-180, row_off=-180, width=512, height=512)"
ang20191013t192848_r1454_c389_w151_h151,ang20191013t192848-1,138.175292,ang20191013t192848,/AVIRISNG/Permian2019/ang20191013t192848_r1454_c389_w151_h151,2019-10-13,2019-10-13 19:28:48+00:00,0,0,512,512,train,hard,gs://starcop/Permian/permian_2019_official/ang20191013t192848-1_r1454_c389_ctr.tif,True,"Window(col_off=-180, row_off=-180, width=512, height=512)"
ang20191013t173258_r553_c584_w151_h151,ang20191013t173258-A,137.0188082,ang20191013t173258,/AVIRISNG/Permian2019/ang20191013t173258_r553_c584_w151_h151,2019-10-13,2019-10-13 17:32:58+00:00,0,0,512,512,train,hard,gs://starcop/Permian/permian_2019_official/ang20191013t173258-A_r553_c584_ctr.tif,True,"Window(col_off=-180, row_off=-180, width=512, height=512)"
ang20191023t180821_r9136_c188_w151_h151,ang20191023t180821-D,135.8822346,ang20191023t180821,/AVIRISNG/Permian2019/ang20191023t180821_r9136_c188_w151_h151,2019-10-23,2019-10-23 18:08:21+00:00,0,0,512,512,train,hard,gs://starcop/Permian/permian_2019_official/ang20191023t180821-D_r9136_c188_ctr.tif,True,"Window(col_off=-180, row_off=-180, width=512, height=512)"
ang20191016t184817_r2212_c233_w151_h151,ang20191016t184817-A,134.2236418,ang20191016t184817,/AVIRISNG/Permian2019/ang20191016t184817_r2212_c233_w151_h151,2019-10-16,2019-10-16 18:48:17+00:00,0,0,512,512,train,hard,gs://starcop/Permian/permian_2019_official/ang20191016t184817-A_r2212_c233_ctr.tif,True,"Window(col_off=-180, row_off=-180, width=512, height=512)"
ang20190926t165202_r3182_c35_w151_h151,ang20190926t165202-D,134.1400618,ang20190926t165202,/AVIRISNG/Permian2019/ang20190926t165202_r3182_c35_w151_h151,2019-09-26,2019-09-26 16:52:02+00:00,0,0,512,512,train,hard,gs://starcop/Permian/permian_2019_official/ang20190926t165202-D_r3182_c35_ctr.tif,True,"Window(col_off=-180, row_off=-180, width=512, height=512)"
ang20191007t182352_r2736_c432_w151_h151,ang20191007t182352-F,133.9276142,ang20191007t182352,/AVIRISNG/Permian2019/ang20191007t182352_r2736_c432_w151_h151,2019-10-07,2019-10-07 18:23:52+00:00,0,0,512,512,train,hard,gs://starcop/Permian/permian_2019_official/ang20191007t182352-F_r2736_c432_ctr.tif,True,"Window(col_off=-180, row_off=-180, width=512, height=512)"
ang20190927t184620_r11024_c382_w151_h151,ang20190927t184620-E,133.7304542,ang20190927t184620,/AVIRISNG/Permian2019/ang20190927t184620_r11024_c382_w151_h151,2019-09-27,2019-09-27 18:46:20+00:00,0,0,512,512,train,hard,gs://starcop/Permian/permian_2019_official/ang20190927t184620-E_r11024_c382_ctr.tif,True,"Window(col_off=-180, row_off=-180, width=512, height=512)"
ang20190926t165202_r5798_c11_w151_h151,ang20190926t165202-A,133.5915943,ang20190926t165202,/AVIRISNG/Permian2019/ang20190926t165202_r5798_c11_w151_h151,2019-09-26,2019-09-26 16:52:02+00:00,0,0,512,512,train,hard,gs://starcop/Permian/permian_2019_official/ang20190926t165202-A_r5798_c11_ctr.tif,True,"Window(col_off=-180, row_off=-180, width=512, height=512)"
ang20191013t144828_r284_c175_w151_h151,ang20191013t144828-1,133.534851,ang20191013t144828,/AVIRISNG/Permian2019/ang20191013t144828_r284_c175_w151_h151,2019-10-13,2019-10-13 14:48:28+00:00,0,0,512,512,train,hard,gs://starcop/Permian/permian_2019_official/ang20191013t144828-1_r284_c175_ctr.tif,True,"Window(col_off=-180, row_off=-180, width=512, height=512)"
ang20191016t181351_r5774_c469_w151_h151,ang20191016t181351-B,133.4832242,ang20191016t181351,/AVIRISNG/Permian2019/ang20191016t181351_r5774_c469_w151_h151,2019-10-16,2019-10-16 18:13:51+00:00,0,0,512,512,train,hard,gs://starcop/Permian/permian_2019_official/ang20191016t181351-B_r5774_c469_ctr.tif,True,"Window(col_off=-180, row_off=-180, width=512, height=512)"
ang20191017t182024_r6243_c414_w151_h151,ang20191017t182024-A,133.2077063,ang20191017t182024,/AVIRISNG/Permian2019/ang20191017t182024_r6243_c414_w151_h151,2019-10-17,2019-10-17 18:20:24+00:00,0,0,512,512,train,hard,gs://starcop/Permian/permian_2019_official/ang20191017t182024-A_r6243_c414_ctr.tif,True,"Window(col_off=-180, row_off=-180, width=512, height=512)"
ang20190927t175410_r4773_c235_w151_h151,ang20190927t175410-H,133.2046758,ang20190927t175410,/AVIRISNG/Permian2019/ang20190927t175410_r4773_c235_w151_h151,2019-09-27,2019-09-27 17:54:10+00:00,0,0,512,512,train,hard,gs://starcop/Permian/permian_2019_official/ang20190927t175410-H_r4773_c235_ctr.tif,True,"Window(col_off=-180, row_off=-180, width=512, height=512)"
ang20191007t180411_r339_c91_w151_h151,ang20191007t180411-I,133.1687084,ang20191007t180411,/AVIRISNG/Permian2019/ang20191007t180411_r339_c91_w151_h151,2019-10-07,2019-10-07 18:04:11+00:00,0,0,512,512,train,hard,gs://starcop/Permian/permian_2019_official/ang20191007t180411-I_r339_c91_ctr.tif,True,"Window(col_off=-180, row_off=-180, width=512, height=512)"
ang20190927t173620_r7003_c347_w151_h151,ang20190927t173620-F,132.3698378,ang20190927t173620,/AVIRISNG/Permian2019/ang20190927t173620_r7003_c347_w151_h151,2019-09-27,2019-09-27 17:36:20+00:00,0,0,512,512,train,hard,gs://starcop/Permian/permian_2019_official/ang20190927t173620-F_r7003_c347_ctr.tif,True,"Window(col_off=-180, row_off=-180, width=512, height=512)"
ang20191007t193705_r41_c223_w151_h151,ang20191007t193705-K,132.3336515,ang20191007t193705,/AVIRISNG/Permian2019/ang20191007t193705_r41_c223_w151_h151,2019-10-07,2019-10-07 19:37:05+00:00,0,0,512,512,train,hard,gs://starcop/Permian/permian_2019_official/ang20191007t193705-K_r41_c223_ctr.tif,True,"Window(col_off=-180, row_off=-180, width=512, height=512)"
ang20191017t191119_r9182_c455_w151_h151,ang20191017t191119-F,131.9983674,ang20191017t191119,/AVIRISNG/Permian2019/ang20191017t191119_r9182_c455_w151_h151,2019-10-17,2019-10-17 19:11:19+00:00,0,0,512,512,train,hard,gs://starcop/Permian/permian_2019_official/ang20191017t191119-F_r9182_c455_ctr.tif,True,"Window(col_off=-180, row_off=-180, width=512, height=512)"
ang20191022t165908_r5026_c229_w151_h151,ang20191022t165908-E,131.9405421,ang20191022t165908,/AVIRISNG/Permian2019/ang20191022t165908_r5026_c229_w151_h151,2019-10-22,2019-10-22 16:59:08+00:00,0,0,512,512,train,hard,gs://starcop/Permian/permian_2019_official/ang20191022t165908-E_r5026_c229_ctr.tif,True,"Window(col_off=-180, row_off=-180, width=512, height=512)"
ang20191007t185303_r4427_c255_w151_h151,ang20191007t185303-E,131.6898665,ang20191007t185303,/AVIRISNG/Permian2019/ang20191007t185303_r4427_c255_w151_h151,2019-10-07,2019-10-07 18:53:03+00:00,0,0,512,512,train,hard,gs://starcop/Permian/permian_2019_official/ang20191007t185303-E_r4427_c255_ctr.tif,True,"Window(col_off=-180, row_off=-180, width=512, height=512)"
ang20191023t174017_r10210_c46_w151_h151,ang20191023t174017-C,131.1454922,ang20191023t174017,/AVIRISNG/Permian2019/ang20191023t174017_r10210_c46_w151_h151,2019-10-23,2019-10-23 17:40:17+00:00,0,0,512,512,train,hard,gs://starcop/Permian/permian_2019_official/ang20191023t174017-C_r10210_c46_ctr.tif,True,"Window(col_off=-180, row_off=-180, width=512, height=512)"
ang20191016t195058_r7845_c160_w151_h151,ang20191016t195058-L,131.013733,ang20191016t195058,/AVIRISNG/Permian2019/ang20191016t195058_r7845_c160_w151_h151,2019-10-16,2019-10-16 19:50:58+00:00,0,0,512,512,train,hard,gs://starcop/Permian/permian_2019_official/ang20191016t195058-L_r7845_c160_ctr.tif,True,"Window(col_off=-180, row_off=-180, width=512, height=512)"
ang20191006t174505_r4858_c106_w151_h151,ang20191006t174505-I,130.861173,ang20191006t174505,/AVIRISNG/Permian2019/ang20191006t174505_r4858_c106_w151_h151,2019-10-06,2019-10-06 17:45:05+00:00,0,0,512,512,train,hard,gs://starcop/Permian/permian_2019_official/ang20191006t174505-I_r4858_c106_ctr.tif,True,"Window(col_off=-180, row_off=-180, width=512, height=512)"
ang20191016t163955_r976_c466_w151_h151,ang20191016t163955-D,130.147396,ang20191016t163955,/AVIRISNG/Permian2019/ang20191016t163955_r976_c466_w151_h151,2019-10-16,2019-10-16 16:39:55+00:00,0,0,512,512,train,hard,gs://starcop/Permian/permian_2019_official/ang20191016t163955-D_r976_c466_ctr.tif,True,"Window(col_off=-180, row_off=-180, width=512, height=512)"
ang20191006t171344_r5000_c137_w151_h151,ang20191006t171344-K,128.5481299,ang20191006t171344,/AVIRISNG/Permian2019/ang20191006t171344_r5000_c137_w151_h151,2019-10-06,2019-10-06 17:13:44+00:00,0,0,512,512,train,hard,gs://starcop/Permian/permian_2019_official/ang20191006t171344-K_r5000_c137_ctr.tif,True,"Window(col_off=-180, row_off=-180, width=512, height=512)"
ang20190926t193117_r13317_c463_w151_h151,ang20190926t193117-A,128.4679051,ang20190926t193117,/AVIRISNG/Permian2019/ang20190926t193117_r13317_c463_w151_h151,2019-09-26,2019-09-26 19:31:17+00:00,0,0,512,512,train,hard,gs://starcop/Permian/permian_2019_official/ang20190926t193117-A_r13317_c463_ctr.tif,True,"Window(col_off=-180, row_off=-180, width=512, height=512)"
ang20191023t172753_r10063_c363_w151_h151,ang20191023t172753-C,128.247419,ang20191023t172753,/AVIRISNG/Permian2019/ang20191023t172753_r10063_c363_w151_h151,2019-10-23,2019-10-23 17:27:53+00:00,0,0,512,512,train,hard,gs://starcop/Permian/permian_2019_official/ang20191023t172753-C_r10063_c363_ctr.tif,True,"Window(col_off=-180, row_off=-180, width=512, height=512)"
ang20191019t175004_r2800_c331_w151_h151,ang20191019t175004-C,128.1310919,ang20191019t175004,/AVIRISNG/Permian2019/ang20191019t175004_r2800_c331_w151_h151,2019-10-19,2019-10-19 17:50:04+00:00,0,0,512,512,train,hard,gs://starcop/Permian/permian_2019_official/ang20191019t175004-C_r2800_c331_ctr.tif,True,"Window(col_off=-180, row_off=-180, width=512, height=512)"
ang20191016t195058_r356_c697_w151_h151,ang20191016t195058-I,127.9992634,ang20191016t195058,/AVIRISNG/Permian2019/ang20191016t195058_r356_c697_w151_h151,2019-10-16,2019-10-16 19:50:58+00:00,0,0,512,512,train,hard,gs://starcop/Permian/permian_2019_official/ang20191016t195058-I_r356_c697_ctr.tif,True,"Window(col_off=-180, row_off=-180, width=512, height=512)"
ang20191016t163955_r5308_c444_w151_h151,ang20191016t163955-Q,127.9432165,ang20191016t163955,/AVIRISNG/Permian2019/ang20191016t163955_r5308_c444_w151_h151,2019-10-16,2019-10-16 16:39:55+00:00,0,0,512,512,train,hard,gs://starcop/Permian/permian_2019_official/ang20191016t163955-Q_r5308_c444_ctr.tif,True,"Window(col_off=-180, row_off=-180, width=512, height=512)"
ang20191007t193705_r1619_c262_w151_h151,ang20191007t193705-E,127.6850158,ang20191007t193705,/AVIRISNG/Permian2019/ang20191007t193705_r1619_c262_w151_h151,2019-10-07,2019-10-07 19:37:05+00:00,0,0,512,512,train,hard,gs://starcop/Permian/permian_2019_official/ang20191007t193705-E_r1619_c262_ctr.tif,True,"Window(col_off=-180, row_off=-180, width=512, height=512)"
ang20191016t165454_r493_c344_w151_h151,ang20191016t165454-B,127.3275111,ang20191016t165454,/AVIRISNG/Permian2019/ang20191016t165454_r493_c344_w151_h151,2019-10-16,2019-10-16 16:54:54+00:00,0,0,512,512,train,hard,gs://starcop/Permian/permian_2019_official/ang20191016t165454-B_r493_c344_ctr.tif,True,"Window(col_off=-180, row_off=-180, width=512, height=512)"
ang20191016t163955_r4911_c305_w151_h151,ang20191016t163955-R,126.6102038,ang20191016t163955,/AVIRISNG/Permian2019/ang20191016t163955_r4911_c305_w151_h151,2019-10-16,2019-10-16 16:39:55+00:00,0,0,512,512,train,hard,gs://starcop/Permian/permian_2019_official/ang20191016t163955-R_r4911_c305_ctr.tif,True,"Window(col_off=-180, row_off=-180, width=512, height=512)"
ang20191017t161837_r10898_c121_w151_h151,ang20191017t161837-B,126.1884446,ang20191017t161837,/AVIRISNG/Permian2019/ang20191017t161837_r10898_c121_w151_h151,2019-10-17,2019-10-17 16:18:37+00:00,0,0,512,512,train,hard,gs://starcop/Permian/permian_2019_official/ang20191017t161837-B_r10898_c121_ctr.tif,True,"Window(col_off=-180, row_off=-180, width=512, height=512)"
ang20191006t171344_r5567_c172_w151_h151,ang20191006t171344-I,125.9371869,ang20191006t171344,/AVIRISNG/Permian2019/ang20191006t171344_r5567_c172_w151_h151,2019-10-06,2019-10-06 17:13:44+00:00,0,0,512,512,train,hard,gs://starcop/Permian/permian_2019_official/ang20191006t171344-I_r5567_c172_ctr.tif,True,"Window(col_off=-180, row_off=-180, width=512, height=512)"
ang20190926t184029_r2873_c297_w151_h151,ang20190926t184029-B,125.8877564,ang20190926t184029,/AVIRISNG/Permian2019/ang20190926t184029_r2873_c297_w151_h151,2019-09-26,2019-09-26 18:40:29+00:00,0,0,512,512,train,hard,gs://starcop/Permian/permian_2019_official/ang20190926t184029-B_r2873_c297_ctr.tif,True,"Window(col_off=-180, row_off=-180, width=512, height=512)"
ang20191017t164928_r1921_c520_w151_h151,ang20191017t164928-E,125.635547,ang20191017t164928,/AVIRISNG/Permian2019/ang20191017t164928_r1921_c520_w151_h151,2019-10-17,2019-10-17 16:49:28+00:00,0,0,512,512,train,hard,gs://starcop/Permian/permian_2019_official/ang20191017t164928-E_r1921_c520_ctr.tif,True,"Window(col_off=-180, row_off=-180, width=512, height=512)"
ang20191023t175603_r8534_c100_w151_h151,ang20191023t175603-B,124.7649222,ang20191023t175603,/AVIRISNG/Permian2019/ang20191023t175603_r8534_c100_w151_h151,2019-10-23,2019-10-23 17:56:03+00:00,0,0,512,512,train,hard,gs://starcop/Permian/permian_2019_official/ang20191023t175603-B_r8534_c100_ctr.tif,True,"Window(col_off=-180, row_off=-180, width=512, height=512)"
ang20190926t171159_r3083_c303_w151_h151,ang20190926t171159-C,124.1640793,ang20190926t171159,/AVIRISNG/Permian2019/ang20190926t171159_r3083_c303_w151_h151,2019-09-26,2019-09-26 17:11:59+00:00,0,0,512,512,train,hard,gs://starcop/Permian/permian_2019_official/ang20190926t171159-C_r3083_c303_ctr.tif,True,"Window(col_off=-180, row_off=-180, width=512, height=512)"
ang20191007t200647_r1586_c140_w151_h151,ang20191007t200647-H,123.5215748,ang20191007t200647,/AVIRISNG/Permian2019/ang20191007t200647_r1586_c140_w151_h151,2019-10-07,2019-10-07 20:06:47+00:00,0,0,512,512,train,hard,gs://starcop/Permian/permian_2019_official/ang20191007t200647-H_r1586_c140_ctr.tif,True,"Window(col_off=-180, row_off=-180, width=512, height=512)"
ang20190927t173620_r7130_c677_w151_h151,ang20190927t173620-D,123.151521,ang20190927t173620,/AVIRISNG/Permian2019/ang20190927t173620_r7130_c677_w151_h151,2019-09-27,2019-09-27 17:36:20+00:00,0,0,512,512,train,hard,gs://starcop/Permian/permian_2019_official/ang20190927t173620-D_r7130_c677_ctr.tif,True,"Window(col_off=-180, row_off=-180, width=512, height=512)"
ang20191006t165608_r487_c409_w151_h151,ang20191006t165608-T,122.3527726,ang20191006t165608,/AVIRISNG/Permian2019/ang20191006t165608_r487_c409_w151_h151,2019-10-06,2019-10-06 16:56:08+00:00,0,0,512,512,train,hard,gs://starcop/Permian/permian_2019_official/ang20191006t165608-T_r487_c409_ctr.tif,True,"Window(col_off=-180, row_off=-180, width=512, height=512)"
ang20191006t165608_r10003_c615_w151_h151,ang20191006t165608-D,122.2130141,ang20191006t165608,/AVIRISNG/Permian2019/ang20191006t165608_r10003_c615_w151_h151,2019-10-06,2019-10-06 16:56:08+00:00,0,0,512,512,train,hard,gs://starcop/Permian/permian_2019_official/ang20191006t165608-D_r10003_c615_ctr.tif,True,"Window(col_off=-180, row_off=-180, width=512, height=512)"
ang20190923t194235_r8885_c337_w151_h151,ang20190923t194235-B,120.8458942,ang20190923t194235,/AVIRISNG/Permian2019/ang20190923t194235_r8885_c337_w151_h151,2019-09-23,2019-09-23 19:42:35+00:00,0,0,512,512,train,hard,gs://starcop/Permian/permian_2019_official/ang20190923t194235-B_r8885_c337_ctr.tif,True,"Window(col_off=-180, row_off=-180, width=512, height=512)"
ang20191019t182848_r8043_c351_w151_h151,ang20191019t182848-D,120.7724762,ang20191019t182848,/AVIRISNG/Permian2019/ang20191019t182848_r8043_c351_w151_h151,2019-10-19,2019-10-19 18:28:48+00:00,0,0,512,512,train,hard,gs://starcop/Permian/permian_2019_official/ang20191019t182848-D_r8043_c351_ctr.tif,True,"Window(col_off=-180, row_off=-180, width=512, height=512)"
ang20191006t172739_r4883_c586_w151_h151,ang20191006t172739-I,120.1499219,ang20191006t172739,/AVIRISNG/Permian2019/ang20191006t172739_r4883_c586_w151_h151,2019-10-06,2019-10-06 17:27:39+00:00,0,0,512,512,train,hard,gs://starcop/Permian/permian_2019_official/ang20191006t172739-I_r4883_c586_ctr.tif,True,"Window(col_off=-180, row_off=-180, width=512, height=512)"
ang20191017t180347_r5504_c0_w151_h151,ang20191017t180347-C,119.9878109,ang20191017t180347,/AVIRISNG/Permian2019/ang20191017t180347_r5504_c0_w151_h151,2019-10-17,2019-10-17 18:03:47+00:00,0,0,512,512,train,hard,gs://starcop/Permian/permian_2019_official/ang20191017t180347-C_r5504_c0_ctr.tif,True,"Window(col_off=-180, row_off=-180, width=512, height=512)"
ang20191013t180441_r2819_c568_w151_h151,ang20191013t180441-A,119.570898,ang20191013t180441,/AVIRISNG/Permian2019/ang20191013t180441_r2819_c568_w151_h151,2019-10-13,2019-10-13 18:04:41+00:00,0,0,512,512,train,hard,gs://starcop/Permian/permian_2019_official/ang20191013t180441-A_r2819_c568_ctr.tif,True,"Window(col_off=-180, row_off=-180, width=512, height=512)"
ang20191007t185303_r2705_c342_w151_h151,ang20191007t185303-A,119.0423275,ang20191007t185303,/AVIRISNG/Permian2019/ang20191007t185303_r2705_c342_w151_h151,2019-10-07,2019-10-07 18:53:03+00:00,0,0,512,512,train,hard,gs://starcop/Permian/permian_2019_official/ang20191007t185303-A_r2705_c342_ctr.tif,True,"Window(col_off=-180, row_off=-180, width=512, height=512)"
ang20190926t180335_r1885_c121_w151_h151,ang20190926t180335-A,118.877459,ang20190926t180335,/AVIRISNG/Permian2019/ang20190926t180335_r1885_c121_w151_h151,2019-09-26,2019-09-26 18:03:35+00:00,0,0,512,512,train,hard,gs://starcop/Permian/permian_2019_official/ang20190926t180335-A_r1885_c121_ctr.tif,True,"Window(col_off=-180, row_off=-180, width=512, height=512)"
ang20191017t154425_r11239_c45_w151_h151,ang20191017t154425-A,118.5740228,ang20191017t154425,/AVIRISNG/Permian2019/ang20191017t154425_r11239_c45_w151_h151,2019-10-17,2019-10-17 15:44:25+00:00,0,0,512,512,train,hard,gs://starcop/Permian/permian_2019_official/ang20191017t154425-A_r11239_c45_ctr.tif,True,"Window(col_off=-180, row_off=-180, width=512, height=512)"
ang20190926t172904_r4772_c38_w151_h151,ang20190926t172904-F,117.8560185,ang20190926t172904,/AVIRISNG/Permian2019/ang20190926t172904_r4772_c38_w151_h151,2019-09-26,2019-09-26 17:29:04+00:00,0,0,512,512,train,hard,gs://starcop/Permian/permian_2019_official/ang20190926t172904-F_r4772_c38_ctr.tif,True,"Window(col_off=-180, row_off=-180, width=512, height=512)"
ang20191006t164135_r6222_c40_w151_h151,ang20191006t164135-H,117.2587222,ang20191006t164135,/AVIRISNG/Permian2019/ang20191006t164135_r6222_c40_w151_h151,2019-10-06,2019-10-06 16:41:35+00:00,0,0,512,512,train,hard,gs://starcop/Permian/permian_2019_official/ang20191006t164135-H_r6222_c40_ctr.tif,True,"Window(col_off=-180, row_off=-180, width=512, height=512)"
ang20191006t172739_r3342_c0_w151_h151,ang20191006t172739-L,115.0328508,ang20191006t172739,/AVIRISNG/Permian2019/ang20191006t172739_r3342_c0_w151_h151,2019-10-06,2019-10-06 17:27:39+00:00,0,0,512,512,train,hard,gs://starcop/Permian/permian_2019_official/ang20191006t172739-L_r3342_c0_ctr.tif,True,"Window(col_off=-180, row_off=-180, width=512, height=512)"
ang20191017t174946_r5632_c582_w151_h151,ang20191017t174946-A,114.9338436,ang20191017t174946,/AVIRISNG/Permian2019/ang20191017t174946_r5632_c582_w151_h151,2019-10-17,2019-10-17 17:49:46+00:00,0,0,512,512,train,hard,gs://starcop/Permian/permian_2019_official/ang20191017t174946-A_r5632_c582_ctr.tif,True,"Window(col_off=-180, row_off=-180, width=512, height=512)"
ang20191017t163235_r7988_c261_w151_h151,ang20191017t163235-D,114.8523143,ang20191017t163235,/AVIRISNG/Permian2019/ang20191017t163235_r7988_c261_w151_h151,2019-10-17,2019-10-17 16:32:35+00:00,0,0,512,512,train,hard,gs://starcop/Permian/permian_2019_official/ang20191017t163235-D_r7988_c261_ctr.tif,True,"Window(col_off=-180, row_off=-180, width=512, height=512)"
ang20191013t151222_r2538_c208_w151_h151,ang20191013t151222-C,114.2745348,ang20191013t151222,/AVIRISNG/Permian2019/ang20191013t151222_r2538_c208_w151_h151,2019-10-13,2019-10-13 15:12:22+00:00,0,0,512,512,train,hard,gs://starcop/Permian/permian_2019_official/ang20191013t151222-C_r2538_c208_ctr.tif,True,"Window(col_off=-180, row_off=-180, width=512, height=512)"
ang20191023t175603_r9169_c510_w151_h151,ang20191023t175603-C,113.8268574,ang20191023t175603,/AVIRISNG/Permian2019/ang20191023t175603_r9169_c510_w151_h151,2019-10-23,2019-10-23 17:56:03+00:00,0,0,512,512,train,hard,gs://starcop/Permian/permian_2019_official/ang20191023t175603-C_r9169_c510_ctr.tif,True,"Window(col_off=-180, row_off=-180, width=512, height=512)"
ang20191013t171742_r1434_c111_w151_h151,ang20191013t171742-B,113.781573,ang20191013t171742,/AVIRISNG/Permian2019/ang20191013t171742_r1434_c111_w151_h151,2019-10-13,2019-10-13 17:17:42+00:00,0,0,512,512,train,hard,gs://starcop/Permian/permian_2019_official/ang20191013t171742-B_r1434_c111_ctr.tif,True,"Window(col_off=-180, row_off=-180, width=512, height=512)"
ang20191013t145516_r3480_c95_w151_h151,ang20191013t145516-G,113.2078655,ang20191013t145516,/AVIRISNG/Permian2019/ang20191013t145516_r3480_c95_w151_h151,2019-10-13,2019-10-13 14:55:16+00:00,0,0,512,512,train,hard,gs://starcop/Permian/permian_2019_official/ang20191013t145516-G_r3480_c95_ctr.tif,True,"Window(col_off=-180, row_off=-180, width=512, height=512)"
ang20191017t164928_r11658_c140_w151_h151,ang20191017t164928-A,113.1236881,ang20191017t164928,/AVIRISNG/Permian2019/ang20191017t164928_r11658_c140_w151_h151,2019-10-17,2019-10-17 16:49:28+00:00,0,0,512,512,train,hard,gs://starcop/Permian/permian_2019_official/ang20191017t164928-A_r11658_c140_ctr.tif,True,"Window(col_off=-180, row_off=-180, width=512, height=512)"
ang20191019t173905_r2868_c277_w151_h151,ang20191019t173905-B,112.8525797,ang20191019t173905,/AVIRISNG/Permian2019/ang20191019t173905_r2868_c277_w151_h151,2019-10-19,2019-10-19 17:39:05+00:00,0,0,512,512,train,hard,gs://starcop/Permian/permian_2019_official/ang20191019t173905-B_r2868_c277_ctr.tif,True,"Window(col_off=-180, row_off=-180, width=512, height=512)"
ang20191006t164135_r402_c419_w151_h151,ang20191006t164135-N,112.7832998,ang20191006t164135,/AVIRISNG/Permian2019/ang20191006t164135_r402_c419_w151_h151,2019-10-06,2019-10-06 16:41:35+00:00,0,0,512,512,train,hard,gs://starcop/Permian/permian_2019_official/ang20191006t164135-N_r402_c419_ctr.tif,True,"Window(col_off=-180, row_off=-180, width=512, height=512)"
ang20191013t145516_r5537_c76_w151_h151,ang20191013t145516-5,112.703026,ang20191013t145516,/AVIRISNG/Permian2019/ang20191013t145516_r5537_c76_w151_h151,2019-10-13,2019-10-13 14:55:16+00:00,0,0,512,512,train,hard,gs://starcop/Permian/permian_2019_official/ang20191013t145516-5_r5537_c76_ctr.tif,True,"Window(col_off=-180, row_off=-180, width=512, height=512)"
ang20190927t190436_r12856_c494_w151_h151,ang20190927t190436-C,112.4815818,ang20190927t190436,/AVIRISNG/Permian2019/ang20190927t190436_r12856_c494_w151_h151,2019-09-27,2019-09-27 19:04:36+00:00,0,0,512,512,train,hard,gs://starcop/Permian/permian_2019_official/ang20190927t190436-C_r12856_c494_ctr.tif,True,"Window(col_off=-180, row_off=-180, width=512, height=512)"
ang20191006t165608_r2603_c155_w151_h151,ang20191006t165608-M,112.0573823,ang20191006t165608,/AVIRISNG/Permian2019/ang20191006t165608_r2603_c155_w151_h151,2019-10-06,2019-10-06 16:56:08+00:00,0,0,512,512,train,hard,gs://starcop/Permian/permian_2019_official/ang20191006t165608-M_r2603_c155_ctr.tif,True,"Window(col_off=-180, row_off=-180, width=512, height=512)"
ang20191023t161300_r10349_c260_w151_h151,ang20191023t161300-5,111.96968,ang20191023t161300,/AVIRISNG/Permian2019/ang20191023t161300_r10349_c260_w151_h151,2019-10-23,2019-10-23 16:13:00+00:00,0,0,512,512,train,hard,gs://starcop/Permian/permian_2019_official/ang20191023t161300-5_r10349_c260_ctr.tif,True,"Window(col_off=-180, row_off=-180, width=512, height=512)"
ang20190923t192543_r3672_c36_w151_h151,ang20190923t192543-B,111.6109464,ang20190923t192543,/AVIRISNG/Permian2019/ang20190923t192543_r3672_c36_w151_h151,2019-09-23,2019-09-23 19:25:43+00:00,0,0,512,512,train,hard,gs://starcop/Permian/permian_2019_official/ang20190923t192543-B_r3672_c36_ctr.tif,True,"Window(col_off=-180, row_off=-180, width=512, height=512)"
ang20191023t165811_r5884_c500_w151_h151,ang20191023t165811-E,111.5812516,ang20191023t165811,/AVIRISNG/Permian2019/ang20191023t165811_r5884_c500_w151_h151,2019-10-23,2019-10-23 16:58:11+00:00,0,0,512,512,train,hard,gs://starcop/Permian/permian_2019_official/ang20191023t165811-E_r5884_c500_ctr.tif,True,"Window(col_off=-180, row_off=-180, width=512, height=512)"
ang20191013t145516_r3232_c242_w151_h151,ang20191013t145516-H,110.0471597,ang20191013t145516,/AVIRISNG/Permian2019/ang20191013t145516_r3232_c242_w151_h151,2019-10-13,2019-10-13 14:55:16+00:00,0,0,512,512,train,hard,gs://starcop/Permian/permian_2019_official/ang20191013t145516-H_r3232_c242_ctr.tif,True,"Window(col_off=-180, row_off=-180, width=512, height=512)"
ang20191019t183727_r6485_c322_w151_h151,ang20191019t183727-D,108.8371327,ang20191019t183727,/AVIRISNG/Permian2019/ang20191019t183727_r6485_c322_w151_h151,2019-10-19,2019-10-19 18:37:27+00:00,0,0,512,512,train,hard,gs://starcop/Permian/permian_2019_official/ang20191019t183727-D_r6485_c322_ctr.tif,True,"Window(col_off=-180, row_off=-180, width=512, height=512)"
ang20190926t184029_r10180_c41_w151_h151,ang20190926t184029-F,108.1804592,ang20190926t184029,/AVIRISNG/Permian2019/ang20190926t184029_r10180_c41_w151_h151,2019-09-26,2019-09-26 18:40:29+00:00,0,0,512,512,train,hard,gs://starcop/Permian/permian_2019_official/ang20190926t184029-F_r10180_c41_ctr.tif,True,"Window(col_off=-180, row_off=-180, width=512, height=512)"
ang20190927t175410_r11490_c528_w151_h151,ang20190927t175410-C,108.0801053,ang20190927t175410,/AVIRISNG/Permian2019/ang20190927t175410_r11490_c528_w151_h151,2019-09-27,2019-09-27 17:54:10+00:00,0,0,512,512,train,hard,gs://starcop/Permian/permian_2019_official/ang20190927t175410-C_r11490_c528_ctr.tif,True,"Window(col_off=-180, row_off=-180, width=512, height=512)"
ang20190927t175410_r1540_c34_w151_h151,ang20190927t175410-N,107.3478433,ang20190927t175410,/AVIRISNG/Permian2019/ang20190927t175410_r1540_c34_w151_h151,2019-09-27,2019-09-27 17:54:10+00:00,0,0,512,512,train,hard,gs://starcop/Permian/permian_2019_official/ang20190927t175410-N_r1540_c34_ctr.tif,True,"Window(col_off=-180, row_off=-180, width=512, height=512)"
ang20191013t174928_r354_c277_w151_h151,ang20191013t174928-A,106.5278305,ang20191013t174928,/AVIRISNG/Permian2019/ang20191013t174928_r354_c277_w151_h151,2019-10-13,2019-10-13 17:49:28+00:00,0,0,512,512,train,hard,gs://starcop/Permian/permian_2019_official/ang20191013t174928-A_r354_c277_ctr.tif,True,"Window(col_off=-180, row_off=-180, width=512, height=512)"
ang20191017t160033_r12759_c200_w151_h151,ang20191017t160033-A,106.4340622,ang20191017t160033,/AVIRISNG/Permian2019/ang20191017t160033_r12759_c200_w151_h151,2019-10-17,2019-10-17 16:00:33+00:00,0,0,512,512,train,hard,gs://starcop/Permian/permian_2019_official/ang20191017t160033-A_r12759_c200_ctr.tif,True,"Window(col_off=-180, row_off=-180, width=512, height=512)"
ang20191023t142135_r19010_c551_w151_h151,ang20191023t142135-G,106.0068291,ang20191023t142135,/AVIRISNG/Permian2019/ang20191023t142135_r19010_c551_w151_h151,2019-10-23,2019-10-23 14:21:35+00:00,0,0,512,512,train,hard,gs://starcop/Permian/permian_2019_official/ang20191023t142135-G_r19010_c551_ctr.tif,True,"Window(col_off=-180, row_off=-180, width=512, height=512)"
ang20191017t163235_r1874_c11_w151_h151,ang20191017t163235-B,105.0401366,ang20191017t163235,/AVIRISNG/Permian2019/ang20191017t163235_r1874_c11_w151_h151,2019-10-17,2019-10-17 16:32:35+00:00,0,0,512,512,train,hard,gs://starcop/Permian/permian_2019_official/ang20191017t163235-B_r1874_c11_ctr.tif,True,"Window(col_off=-180, row_off=-180, width=512, height=512)"
ang20191006t165608_r4566_c336_w151_h151,ang20191006t165608-K,104.5643642,ang20191006t165608,/AVIRISNG/Permian2019/ang20191006t165608_r4566_c336_w151_h151,2019-10-06,2019-10-06 16:56:08+00:00,0,0,512,512,train,hard,gs://starcop/Permian/permian_2019_official/ang20191006t165608-K_r4566_c336_ctr.tif,True,"Window(col_off=-180, row_off=-180, width=512, height=512)"
ang20191006t152009_r9378_c534_w151_h151,ang20191006t152009-B,104.4293986,ang20191006t152009,/AVIRISNG/Permian2019/ang20191006t152009_r9378_c534_w151_h151,2019-10-06,2019-10-06 15:20:09+00:00,0,0,512,512,train,hard,gs://starcop/Permian/permian_2019_official/ang20191006t152009-B_r9378_c534_ctr.tif,True,"Window(col_off=-180, row_off=-180, width=512, height=512)"
ang20191007t184008_r5782_c289_w151_h151,ang20191007t184008-D,104.0890944,ang20191007t184008,/AVIRISNG/Permian2019/ang20191007t184008_r5782_c289_w151_h151,2019-10-07,2019-10-07 18:40:08+00:00,0,0,512,512,train,hard,gs://starcop/Permian/permian_2019_official/ang20191007t184008-D_r5782_c289_ctr.tif,True,"Window(col_off=-180, row_off=-180, width=512, height=512)"
ang20191019t183727_r6935_c286_w151_h151,ang20191019t183727-E,103.7859692,ang20191019t183727,/AVIRISNG/Permian2019/ang20191019t183727_r6935_c286_w151_h151,2019-10-19,2019-10-19 18:37:27+00:00,0,0,512,512,train,hard,gs://starcop/Permian/permian_2019_official/ang20191019t183727-E_r6935_c286_ctr.tif,True,"Window(col_off=-180, row_off=-180, width=512, height=512)"
ang20191017t163235_r10897_c435_w151_h151,ang20191017t163235-8,103.688471,ang20191017t163235,/AVIRISNG/Permian2019/ang20191017t163235_r10897_c435_w151_h151,2019-10-17,2019-10-17 16:32:35+00:00,0,0,512,512,train,hard,gs://starcop/Permian/permian_2019_official/ang20191017t163235-8_r10897_c435_ctr.tif,True,"Window(col_off=-180, row_off=-180, width=512, height=512)"
ang20190927t164322_r12979_c80_w151_h151,ang20190927t164322-B,103.3331823,ang20190927t164322,/AVIRISNG/Permian2019/ang20190927t164322_r12979_c80_w151_h151,2019-09-27,2019-09-27 16:43:22+00:00,0,0,512,512,train,hard,gs://starcop/Permian/permian_2019_official/ang20190927t164322-B_r12979_c80_ctr.tif,True,"Window(col_off=-180, row_off=-180, width=512, height=512)"
ang20191023t174017_r3105_c224_w151_h151,ang20191023t174017-F,102.8360335,ang20191023t174017,/AVIRISNG/Permian2019/ang20191023t174017_r3105_c224_w151_h151,2019-10-23,2019-10-23 17:40:17+00:00,0,0,512,512,train,hard,gs://starcop/Permian/permian_2019_official/ang20191023t174017-F_r3105_c224_ctr.tif,True,"Window(col_off=-180, row_off=-180, width=512, height=512)"
ang20191016t163955_r1489_c359_w151_h151,ang20191016t163955-B,102.5433156,ang20191016t163955,/AVIRISNG/Permian2019/ang20191016t163955_r1489_c359_w151_h151,2019-10-16,2019-10-16 16:39:55+00:00,0,0,512,512,train,hard,gs://starcop/Permian/permian_2019_official/ang20191016t163955-B_r1489_c359_ctr.tif,True,"Window(col_off=-180, row_off=-180, width=512, height=512)"
ang20191013t173258_r5669_c458_w151_h151,ang20191013t173258-C,101.0014426,ang20191013t173258,/AVIRISNG/Permian2019/ang20191013t173258_r5669_c458_w151_h151,2019-10-13,2019-10-13 17:32:58+00:00,0,0,512,512,train,hard,gs://starcop/Permian/permian_2019_official/ang20191013t173258-C_r5669_c458_ctr.tif,True,"Window(col_off=-180, row_off=-180, width=512, height=512)"
ang20191017t164928_r7139_c199_w151_h151,ang20191017t164928-G,100.7935614,ang20191017t164928,/AVIRISNG/Permian2019/ang20191017t164928_r7139_c199_w151_h151,2019-10-17,2019-10-17 16:49:28+00:00,0,0,512,512,train,hard,gs://starcop/Permian/permian_2019_official/ang20191017t164928-G_r7139_c199_ctr.tif,True,"Window(col_off=-180, row_off=-180, width=512, height=512)"
ang20191022t180237_r1693_c353_w151_h151,ang20191022t180237-A,100.7831583,ang20191022t180237,/AVIRISNG/Permian2019/ang20191022t180237_r1693_c353_w151_h151,2019-10-22,2019-10-22 18:02:37+00:00,0,0,512,512,train,hard,gs://starcop/Permian/permian_2019_official/ang20191022t180237-A_r1693_c353_ctr.tif,True,"Window(col_off=-180, row_off=-180, width=512, height=512)"
ang20191023t165811_r6252_c414_w151_h151,ang20191023t165811-D,100.6260452,ang20191023t165811,/AVIRISNG/Permian2019/ang20191023t165811_r6252_c414_w151_h151,2019-10-23,2019-10-23 16:58:11+00:00,0,0,512,512,train,hard,gs://starcop/Permian/permian_2019_official/ang20191023t165811-D_r6252_c414_ctr.tif,True,"Window(col_off=-180, row_off=-180, width=512, height=512)"
ang20191023t164221_r938_c289_w151_h151,ang20191023t164221-E,100.6135749,ang20191023t164221,/AVIRISNG/Permian2019/ang20191023t164221_r938_c289_w151_h151,2019-10-23,2019-10-23 16:42:21+00:00,0,0,512,512,train,hard,gs://starcop/Permian/permian_2019_official/ang20191023t164221-E_r938_c289_ctr.tif,True,"Window(col_off=-180, row_off=-180, width=512, height=512)"
ang20191013t182140_r1081_c41_w151_h151,ang20191013t182140-A,100.249373,ang20191013t182140,/AVIRISNG/Permian2019/ang20191013t182140_r1081_c41_w151_h151,2019-10-13,2019-10-13 18:21:40+00:00,0,0,512,512,train,hard,gs://starcop/Permian/permian_2019_official/ang20191013t182140-A_r1081_c41_ctr.tif,True,"Window(col_off=-180, row_off=-180, width=512, height=512)"
ang20191006t172739_r1390_c525_w151_h151,ang20191006t172739-N,99.03127016,ang20191006t172739,/AVIRISNG/Permian2019/ang20191006t172739_r1390_c525_w151_h151,2019-10-06,2019-10-06 17:27:39+00:00,0,0,512,512,train,hard,gs://starcop/Permian/permian_2019_official/ang20191006t172739-N_r1390_c525_ctr.tif,True,"Window(col_off=-180, row_off=-180, width=512, height=512)"
ang20191013t174928_r3699_c78_w151_h151,ang20191013t174928-B,98.63218203,ang20191013t174928,/AVIRISNG/Permian2019/ang20191013t174928_r3699_c78_w151_h151,2019-10-13,2019-10-13 17:49:28+00:00,0,0,512,512,train,hard,gs://starcop/Permian/permian_2019_official/ang20191013t174928-B_r3699_c78_ctr.tif,True,"Window(col_off=-180, row_off=-180, width=512, height=512)"
ang20191019t175004_r1812_c345_w151_h151,ang20191019t175004-A,98.06160645,ang20191019t175004,/AVIRISNG/Permian2019/ang20191019t175004_r1812_c345_w151_h151,2019-10-19,2019-10-19 17:50:04+00:00,0,0,512,512,train,hard,gs://starcop/Permian/permian_2019_official/ang20191019t175004-A_r1812_c345_ctr.tif,True,"Window(col_off=-180, row_off=-180, width=512, height=512)"
ang20190923t181729_r3963_c475_w151_h151,ang20190923t181729-D,97.48068317,ang20190923t181729,/AVIRISNG/Permian2019/ang20190923t181729_r3963_c475_w151_h151,2019-09-23,2019-09-23 18:17:29+00:00,0,0,512,512,train,hard,gs://starcop/Permian/permian_2019_official/ang20190923t181729-D_r3963_c475_ctr.tif,True,"Window(col_off=-180, row_off=-180, width=512, height=512)"
ang20190923t194235_r14255_c282_w151_h151,ang20190923t194235-C,96.51639797,ang20190923t194235,/AVIRISNG/Permian2019/ang20190923t194235_r14255_c282_w151_h151,2019-09-23,2019-09-23 19:42:35+00:00,0,0,512,512,train,hard,gs://starcop/Permian/permian_2019_official/ang20190923t194235-C_r14255_c282_ctr.tif,True,"Window(col_off=-180, row_off=-180, width=512, height=512)"
ang20191016t163955_r5769_c197_w151_h151,ang20191016t163955-L,96.49426038,ang20191016t163955,/AVIRISNG/Permian2019/ang20191016t163955_r5769_c197_w151_h151,2019-10-16,2019-10-16 16:39:55+00:00,0,0,512,512,train,hard,gs://starcop/Permian/permian_2019_official/ang20191016t163955-L_r5769_c197_ctr.tif,True,"Window(col_off=-180, row_off=-180, width=512, height=512)"
ang20191006t165608_r6210_c355_w151_h151,ang20191006t165608-G,96.13240776,ang20191006t165608,/AVIRISNG/Permian2019/ang20191006t165608_r6210_c355_w151_h151,2019-10-06,2019-10-06 16:56:08+00:00,0,0,512,512,train,hard,gs://starcop/Permian/permian_2019_official/ang20191006t165608-G_r6210_c355_ctr.tif,True,"Window(col_off=-180, row_off=-180, width=512, height=512)"
ang20191013t171742_r1440_c444_w151_h151,ang20191013t171742-C,95.50349603,ang20191013t171742,/AVIRISNG/Permian2019/ang20191013t171742_r1440_c444_w151_h151,2019-10-13,2019-10-13 17:17:42+00:00,0,0,512,512,train,hard,gs://starcop/Permian/permian_2019_official/ang20191013t171742-C_r1440_c444_ctr.tif,True,"Window(col_off=-180, row_off=-180, width=512, height=512)"
ang20191023t180821_r9885_c175_w151_h151,ang20191023t180821-C,95.49435274,ang20191023t180821,/AVIRISNG/Permian2019/ang20191023t180821_r9885_c175_w151_h151,2019-10-23,2019-10-23 18:08:21+00:00,0,0,512,512,train,hard,gs://starcop/Permian/permian_2019_official/ang20191023t180821-C_r9885_c175_ctr.tif,True,"Window(col_off=-180, row_off=-180, width=512, height=512)"
ang20191023t174017_r10832_c404_w151_h151,ang20191023t174017-E,95.30654022,ang20191023t174017,/AVIRISNG/Permian2019/ang20191023t174017_r10832_c404_w151_h151,2019-10-23,2019-10-23 17:40:17+00:00,0,0,512,512,train,hard,gs://starcop/Permian/permian_2019_official/ang20191023t174017-E_r10832_c404_ctr.tif,True,"Window(col_off=-180, row_off=-180, width=512, height=512)"
ang20190927t175410_r4803_c262_w151_h151,ang20190927t175410-I,95.22769544,ang20190927t175410,/AVIRISNG/Permian2019/ang20190927t175410_r4803_c262_w151_h151,2019-09-27,2019-09-27 17:54:10+00:00,0,0,512,512,train,hard,gs://starcop/Permian/permian_2019_official/ang20190927t175410-I_r4803_c262_ctr.tif,True,"Window(col_off=-180, row_off=-180, width=512, height=512)"
ang20191013t182140_r825_c313_w151_h151,ang20191013t182140-E,95.10200706,ang20191013t182140,/AVIRISNG/Permian2019/ang20191013t182140_r825_c313_w151_h151,2019-10-13,2019-10-13 18:21:40+00:00,0,0,512,512,train,hard,gs://starcop/Permian/permian_2019_official/ang20191013t182140-E_r825_c313_ctr.tif,True,"Window(col_off=-180, row_off=-180, width=512, height=512)"
ang20191022t171226_r910_c403_w151_h151,ang20191022t171226-A,94.6193897,ang20191022t171226,/AVIRISNG/Permian2019/ang20191022t171226_r910_c403_w151_h151,2019-10-22,2019-10-22 17:12:26+00:00,0,0,512,512,train,hard,gs://starcop/Permian/permian_2019_official/ang20191022t171226-A_r910_c403_ctr.tif,True,"Window(col_off=-180, row_off=-180, width=512, height=512)"
ang20191017t170330_r10101_c484_w151_h151,ang20191017t170330-C,93.1779343,ang20191017t170330,/AVIRISNG/Permian2019/ang20191017t170330_r10101_c484_w151_h151,2019-10-17,2019-10-17 17:03:30+00:00,0,0,512,512,train,hard,gs://starcop/Permian/permian_2019_official/ang20191017t170330-C_r10101_c484_ctr.tif,True,"Window(col_off=-180, row_off=-180, width=512, height=512)"
ang20191006t165608_r1496_c38_w151_h151,ang20191006t165608-Q,93.14873916,ang20191006t165608,/AVIRISNG/Permian2019/ang20191006t165608_r1496_c38_w151_h151,2019-10-06,2019-10-06 16:56:08+00:00,0,0,512,512,train,hard,gs://starcop/Permian/permian_2019_official/ang20191006t165608-Q_r1496_c38_ctr.tif,True,"Window(col_off=-180, row_off=-180, width=512, height=512)"
ang20191006t174505_r4482_c474_w151_h151,ang20191006t174505-E,92.1258163,ang20191006t174505,/AVIRISNG/Permian2019/ang20191006t174505_r4482_c474_w151_h151,2019-10-06,2019-10-06 17:45:05+00:00,0,0,512,512,train,hard,gs://starcop/Permian/permian_2019_official/ang20191006t174505-E_r4482_c474_ctr.tif,True,"Window(col_off=-180, row_off=-180, width=512, height=512)"
ang20191023t162847_r10053_c367_w151_h151,ang20191023t162847-B,90.52187323,ang20191023t162847,/AVIRISNG/Permian2019/ang20191023t162847_r10053_c367_w151_h151,2019-10-23,2019-10-23 16:28:47+00:00,0,0,512,512,train,hard,gs://starcop/Permian/permian_2019_official/ang20191023t162847-B_r10053_c367_ctr.tif,True,"Window(col_off=-180, row_off=-180, width=512, height=512)"
ang20191019t183727_r6461_c300_w151_h151,ang20191019t183727-A,89.90455742,ang20191019t183727,/AVIRISNG/Permian2019/ang20191019t183727_r6461_c300_w151_h151,2019-10-19,2019-10-19 18:37:27+00:00,0,0,512,512,train,hard,gs://starcop/Permian/permian_2019_official/ang20191019t183727-A_r6461_c300_ctr.tif,True,"Window(col_off=-180, row_off=-180, width=512, height=512)"
ang20191017t163235_r10537_c381_w151_h151,ang20191017t163235-7,88.9916648,ang20191017t163235,/AVIRISNG/Permian2019/ang20191017t163235_r10537_c381_w151_h151,2019-10-17,2019-10-17 16:32:35+00:00,0,0,512,512,train,hard,gs://starcop/Permian/permian_2019_official/ang20191017t163235-7_r10537_c381_ctr.tif,True,"Window(col_off=-180, row_off=-180, width=512, height=512)"
ang20191006t164135_r2155_c418_w151_h151,ang20191006t164135-C,88.69881853,ang20191006t164135,/AVIRISNG/Permian2019/ang20191006t164135_r2155_c418_w151_h151,2019-10-06,2019-10-06 16:41:35+00:00,0,0,512,512,train,hard,gs://starcop/Permian/permian_2019_official/ang20191006t164135-C_r2155_c418_ctr.tif,True,"Window(col_off=-180, row_off=-180, width=512, height=512)"
ang20191006t171344_r6261_c397_w151_h151,ang20191006t171344-G,87.9895167,ang20191006t171344,/AVIRISNG/Permian2019/ang20191006t171344_r6261_c397_w151_h151,2019-10-06,2019-10-06 17:13:44+00:00,0,0,512,512,train,hard,gs://starcop/Permian/permian_2019_official/ang20191006t171344-G_r6261_c397_ctr.tif,True,"Window(col_off=-180, row_off=-180, width=512, height=512)"
ang20191023t180821_r3857_c339_w151_h151,ang20191023t180821-A,87.78930085,ang20191023t180821,/AVIRISNG/Permian2019/ang20191023t180821_r3857_c339_w151_h151,2019-10-23,2019-10-23 18:08:21+00:00,0,0,512,512,train,hard,gs://starcop/Permian/permian_2019_official/ang20191023t180821-A_r3857_c339_ctr.tif,True,"Window(col_off=-180, row_off=-180, width=512, height=512)"
ang20191023t165811_r7082_c480_w151_h151,ang20191023t165811-H,87.14896341,ang20191023t165811,/AVIRISNG/Permian2019/ang20191023t165811_r7082_c480_w151_h151,2019-10-23,2019-10-23 16:58:11+00:00,0,0,512,512,train,hard,gs://starcop/Permian/permian_2019_official/ang20191023t165811-H_r7082_c480_ctr.tif,True,"Window(col_off=-180, row_off=-180, width=512, height=512)"
ang20191023t174017_r7576_c181_w151_h151,ang20191023t174017-B,86.85935529,ang20191023t174017,/AVIRISNG/Permian2019/ang20191023t174017_r7576_c181_w151_h151,2019-10-23,2019-10-23 17:40:17+00:00,0,0,512,512,train,hard,gs://starcop/Permian/permian_2019_official/ang20191023t174017-B_r7576_c181_ctr.tif,True,"Window(col_off=-180, row_off=-180, width=512, height=512)"
ang20191016t165454_r5615_c292_w151_h151,ang20191016t165454-H,86.56117277,ang20191016t165454,/AVIRISNG/Permian2019/ang20191016t165454_r5615_c292_w151_h151,2019-10-16,2019-10-16 16:54:54+00:00,0,0,512,512,train,hard,gs://starcop/Permian/permian_2019_official/ang20191016t165454-H_r5615_c292_ctr.tif,True,"Window(col_off=-180, row_off=-180, width=512, height=512)"
ang20191013t180441_r329_c340_w151_h151,ang20191013t180441-1,85.9264646,ang20191013t180441,/AVIRISNG/Permian2019/ang20191013t180441_r329_c340_w151_h151,2019-10-13,2019-10-13 18:04:41+00:00,0,0,512,512,train,hard,gs://starcop/Permian/permian_2019_official/ang20191013t180441-1_r329_c340_ctr.tif,True,"Window(col_off=-180, row_off=-180, width=512, height=512)"
ang20191006t152009_r2384_c351_w151_h151,ang20191006t152009-A,85.89710876,ang20191006t152009,/AVIRISNG/Permian2019/ang20191006t152009_r2384_c351_w151_h151,2019-10-06,2019-10-06 15:20:09+00:00,0,0,512,512,train,hard,gs://starcop/Permian/permian_2019_official/ang20191006t152009-A_r2384_c351_ctr.tif,True,"Window(col_off=-180, row_off=-180, width=512, height=512)"
ang20191017t160033_r10419_c523_w151_h151,ang20191017t160033-L,85.86690804,ang20191017t160033,/AVIRISNG/Permian2019/ang20191017t160033_r10419_c523_w151_h151,2019-10-17,2019-10-17 16:00:33+00:00,0,0,512,512,train,hard,gs://starcop/Permian/permian_2019_official/ang20191017t160033-L_r10419_c523_ctr.tif,True,"Window(col_off=-180, row_off=-180, width=512, height=512)"
ang20190923t192543_r6339_c495_w151_h151,ang20190923t192543-C,85.45160631,ang20190923t192543,/AVIRISNG/Permian2019/ang20190923t192543_r6339_c495_w151_h151,2019-09-23,2019-09-23 19:25:43+00:00,0,0,512,512,train,hard,gs://starcop/Permian/permian_2019_official/ang20190923t192543-C_r6339_c495_ctr.tif,True,"Window(col_off=-180, row_off=-180, width=512, height=512)"
ang20191013t182140_r5219_c446_w151_h151,ang20191013t182140-B,85.10266683,ang20191013t182140,/AVIRISNG/Permian2019/ang20191013t182140_r5219_c446_w151_h151,2019-10-13,2019-10-13 18:21:40+00:00,0,0,512,512,train,hard,gs://starcop/Permian/permian_2019_official/ang20191013t182140-B_r5219_c446_ctr.tif,True,"Window(col_off=-180, row_off=-180, width=512, height=512)"
ang20191023t165811_r9005_c150_w151_h151,ang20191023t165811-B,84.4411527,ang20191023t165811,/AVIRISNG/Permian2019/ang20191023t165811_r9005_c150_w151_h151,2019-10-23,2019-10-23 16:58:11+00:00,0,0,512,512,train,hard,gs://starcop/Permian/permian_2019_official/ang20191023t165811-B_r9005_c150_ctr.tif,True,"Window(col_off=-180, row_off=-180, width=512, height=512)"
ang20191023t190429_r9582_c70_w151_h151,ang20191023t190429-2,83.2329516,ang20191023t190429,/AVIRISNG/Permian2019/ang20191023t190429_r9582_c70_w151_h151,2019-10-23,2019-10-23 19:04:29+00:00,0,0,512,512,train,hard,gs://starcop/Permian/permian_2019_official/ang20191023t190429-2_r9582_c70_ctr.tif,True,"Window(col_off=-180, row_off=-180, width=512, height=512)"
ang20191006t165608_r4616_c421_w151_h151,ang20191006t165608-I,82.52097037,ang20191006t165608,/AVIRISNG/Permian2019/ang20191006t165608_r4616_c421_w151_h151,2019-10-06,2019-10-06 16:56:08+00:00,0,0,512,512,train,hard,gs://starcop/Permian/permian_2019_official/ang20191006t165608-I_r4616_c421_ctr.tif,True,"Window(col_off=-180, row_off=-180, width=512, height=512)"
ang20191013t152730_r9519_c554_w151_h151,ang20191013t152730-D,82.20425429,ang20191013t152730,/AVIRISNG/Permian2019/ang20191013t152730_r9519_c554_w151_h151,2019-10-13,2019-10-13 15:27:30+00:00,0,0,512,512,train,hard,gs://starcop/Permian/permian_2019_official/ang20191013t152730-D_r9519_c554_ctr.tif,True,"Window(col_off=-180, row_off=-180, width=512, height=512)"
ang20190927t173620_r11659_c323_w151_h151,ang20190927t173620-A,82.08953503,ang20190927t173620,/AVIRISNG/Permian2019/ang20190927t173620_r11659_c323_w151_h151,2019-09-27,2019-09-27 17:36:20+00:00,0,0,512,512,train,hard,gs://starcop/Permian/permian_2019_official/ang20190927t173620-A_r11659_c323_ctr.tif,True,"Window(col_off=-180, row_off=-180, width=512, height=512)"
ang20190927t173620_r1967_c414_w151_h151,ang20190927t173620-E,80.38339024,ang20190927t173620,/AVIRISNG/Permian2019/ang20190927t173620_r1967_c414_w151_h151,2019-09-27,2019-09-27 17:36:20+00:00,0,0,512,512,train,hard,gs://starcop/Permian/permian_2019_official/ang20190927t173620-E_r1967_c414_ctr.tif,True,"Window(col_off=-180, row_off=-180, width=512, height=512)"
ang20191017t171949_r11517_c174_w151_h151,ang20191017t171949-6,80.3306663,ang20191017t171949,/AVIRISNG/Permian2019/ang20191017t171949_r11517_c174_w151_h151,2019-10-17,2019-10-17 17:19:49+00:00,0,0,512,512,train,hard,gs://starcop/Permian/permian_2019_official/ang20191017t171949-6_r11517_c174_ctr.tif,True,"Window(col_off=-180, row_off=-180, width=512, height=512)"
ang20191006t164135_r2470_c449_w151_h151,ang20191006t164135-G,79.47069114,ang20191006t164135,/AVIRISNG/Permian2019/ang20191006t164135_r2470_c449_w151_h151,2019-10-06,2019-10-06 16:41:35+00:00,0,0,512,512,train,hard,gs://starcop/Permian/permian_2019_official/ang20191006t164135-G_r2470_c449_ctr.tif,True,"Window(col_off=-180, row_off=-180, width=512, height=512)"
ang20191023t174017_r10206_c319_w151_h151,ang20191023t174017-D,78.75910383,ang20191023t174017,/AVIRISNG/Permian2019/ang20191023t174017_r10206_c319_w151_h151,2019-10-23,2019-10-23 17:40:17+00:00,0,0,512,512,train,hard,gs://starcop/Permian/permian_2019_official/ang20191023t174017-D_r10206_c319_ctr.tif,True,"Window(col_off=-180, row_off=-180, width=512, height=512)"
ang20191006t155231_r5514_c352_w151_h151,ang20191006t155231-C,78.01128896,ang20191006t155231,/AVIRISNG/Permian2019/ang20191006t155231_r5514_c352_w151_h151,2019-10-06,2019-10-06 15:52:31+00:00,0,0,512,512,train,hard,gs://starcop/Permian/permian_2019_official/ang20191006t155231-C_r5514_c352_ctr.tif,True,"Window(col_off=-180, row_off=-180, width=512, height=512)"
ang20190927t175410_r1105_c485_w151_h151,ang20190927t175410-O,73.0989595,ang20190927t175410,/AVIRISNG/Permian2019/ang20190927t175410_r1105_c485_w151_h151,2019-09-27,2019-09-27 17:54:10+00:00,0,0,512,512,train,hard,gs://starcop/Permian/permian_2019_official/ang20190927t175410-O_r1105_c485_ctr.tif,True,"Window(col_off=-180, row_off=-180, width=512, height=512)"
ang20191017t161837_r8546_c207_w151_h151,ang20191017t161837-C,71.77724465,ang20191017t161837,/AVIRISNG/Permian2019/ang20191017t161837_r8546_c207_w151_h151,2019-10-17,2019-10-17 16:18:37+00:00,0,0,512,512,train,hard,gs://starcop/Permian/permian_2019_official/ang20191017t161837-C_r8546_c207_ctr.tif,True,"Window(col_off=-180, row_off=-180, width=512, height=512)"
ang20191006t165608_r1510_c75_w151_h151,ang20191006t165608-R,70.86252512,ang20191006t165608,/AVIRISNG/Permian2019/ang20191006t165608_r1510_c75_w151_h151,2019-10-06,2019-10-06 16:56:08+00:00,0,0,512,512,train,hard,gs://starcop/Permian/permian_2019_official/ang20191006t165608-R_r1510_c75_ctr.tif,True,"Window(col_off=-180, row_off=-180, width=512, height=512)"
ang20191023t175603_r10598_c38_w151_h151,ang20191023t175603-D,70.24737063,ang20191023t175603,/AVIRISNG/Permian2019/ang20191023t175603_r10598_c38_w151_h151,2019-10-23,2019-10-23 17:56:03+00:00,0,0,512,512,train,hard,gs://starcop/Permian/permian_2019_official/ang20191023t175603-D_r10598_c38_ctr.tif,True,"Window(col_off=-180, row_off=-180, width=512, height=512)"
ang20191023t164221_r8125_c478_w151_h151,ang20191023t164221-A,69.04597134,ang20191023t164221,/AVIRISNG/Permian2019/ang20191023t164221_r8125_c478_w151_h151,2019-10-23,2019-10-23 16:42:21+00:00,0,0,512,512,train,hard,gs://starcop/Permian/permian_2019_official/ang20191023t164221-A_r8125_c478_ctr.tif,True,"Window(col_off=-180, row_off=-180, width=512, height=512)"
ang20191022t191141_r347_c258_w151_h151,ang20191022t191141-B,69.00352959,ang20191022t191141,/AVIRISNG/Permian2019/ang20191022t191141_r347_c258_w151_h151,2019-10-22,2019-10-22 19:11:41+00:00,0,0,512,512,train,hard,gs://starcop/Permian/permian_2019_official/ang20191022t191141-B_r347_c258_ctr.tif,True,"Window(col_off=-180, row_off=-180, width=512, height=512)"
ang20191017t173348_r11392_c57_w151_h151,ang20191017t173348-F,68.16660357,ang20191017t173348,/AVIRISNG/Permian2019/ang20191017t173348_r11392_c57_w151_h151,2019-10-17,2019-10-17 17:33:48+00:00,0,0,512,512,train,hard,gs://starcop/Permian/permian_2019_official/ang20191017t173348-F_r11392_c57_ctr.tif,True,"Window(col_off=-180, row_off=-180, width=512, height=512)"
ang20191006t165608_r2082_c180_w151_h151,ang20191006t165608-O,67.7398053,ang20191006t165608,/AVIRISNG/Permian2019/ang20191006t165608_r2082_c180_w151_h151,2019-10-06,2019-10-06 16:56:08+00:00,0,0,512,512,train,hard,gs://starcop/Permian/permian_2019_official/ang20191006t165608-O_r2082_c180_ctr.tif,True,"Window(col_off=-180, row_off=-180, width=512, height=512)"
ang20191023t172753_r9837_c23_w151_h151,ang20191023t172753-B,67.36076606,ang20191023t172753,/AVIRISNG/Permian2019/ang20191023t172753_r9837_c23_w151_h151,2019-10-23,2019-10-23 17:27:53+00:00,0,0,512,512,train,hard,gs://starcop/Permian/permian_2019_official/ang20191023t172753-B_r9837_c23_ctr.tif,True,"Window(col_off=-180, row_off=-180, width=512, height=512)"
ang20191006t185838_r912_c379_w151_h151,ang20191006t185838-1,66.2617875,ang20191006t185838,/AVIRISNG/Permian2019/ang20191006t185838_r912_c379_w151_h151,2019-10-06,2019-10-06 18:58:38+00:00,0,0,512,512,train,hard,gs://starcop/Permian/permian_2019_official/ang20191006t185838-1_r912_c379_ctr.tif,True,"Window(col_off=-180, row_off=-180, width=512, height=512)"
ang20191016t162417_r218_c392_w151_h151,ang20191016t162417-A,64.56976057,ang20191016t162417,/AVIRISNG/Permian2019/ang20191016t162417_r218_c392_w151_h151,2019-10-16,2019-10-16 16:24:17+00:00,0,0,512,512,train,hard,gs://starcop/Permian/permian_2019_official/ang20191016t162417-A_r218_c392_ctr.tif,True,"Window(col_off=-180, row_off=-180, width=512, height=512)"
ang20191022t191141_r3649_c28_w151_h151,ang20191022t191141-C,63.86670689,ang20191022t191141,/AVIRISNG/Permian2019/ang20191022t191141_r3649_c28_w151_h151,2019-10-22,2019-10-22 19:11:41+00:00,0,0,512,512,train,hard,gs://starcop/Permian/permian_2019_official/ang20191022t191141-C_r3649_c28_ctr.tif,True,"Window(col_off=-180, row_off=-180, width=512, height=512)"
ang20191017t161837_r10965_c323_w151_h151,ang20191017t161837-A,63.43098236,ang20191017t161837,/AVIRISNG/Permian2019/ang20191017t161837_r10965_c323_w151_h151,2019-10-17,2019-10-17 16:18:37+00:00,0,0,512,512,train,hard,gs://starcop/Permian/permian_2019_official/ang20191017t161837-A_r10965_c323_ctr.tif,True,"Window(col_off=-180, row_off=-180, width=512, height=512)"
ang20191019t182848_r6618_c259_w151_h151,ang20191019t182848-A,59.02012992,ang20191019t182848,/AVIRISNG/Permian2019/ang20191019t182848_r6618_c259_w151_h151,2019-10-19,2019-10-19 18:28:48+00:00,0,0,512,512,train,hard,gs://starcop/Permian/permian_2019_official/ang20191019t182848-A_r6618_c259_ctr.tif,True,"Window(col_off=-180, row_off=-180, width=512, height=512)"
ang20191016t193637_r8249_c173_w151_h151,ang20191016t193637-H,55.60826254,ang20191016t193637,/AVIRISNG/Permian2019/ang20191016t193637_r8249_c173_w151_h151,2019-10-16,2019-10-16 19:36:37+00:00,0,0,512,512,train,hard,gs://starcop/Permian/permian_2019_official/ang20191016t193637-H_r8249_c173_ctr.tif,True,"Window(col_off=-180, row_off=-180, width=512, height=512)"
ang20191006t155231_r1350_c140_w151_h151,ang20191006t155231-1,54.9598873,ang20191006t155231,/AVIRISNG/Permian2019/ang20191006t155231_r1350_c140_w151_h151,2019-10-06,2019-10-06 15:52:31+00:00,0,0,512,512,train,hard,gs://starcop/Permian/permian_2019_official/ang20191006t155231-1_r1350_c140_ctr.tif,True,"Window(col_off=-180, row_off=-180, width=512, height=512)"
ang20191023t164221_r7769_c483_w151_h151,ang20191023t164221-4,52.458571,ang20191023t164221,/AVIRISNG/Permian2019/ang20191023t164221_r7769_c483_w151_h151,2019-10-23,2019-10-23 16:42:21+00:00,0,0,512,512,train,hard,gs://starcop/Permian/permian_2019_official/ang20191023t164221-4_r7769_c483_ctr.tif,True,"Window(col_off=-180, row_off=-180, width=512, height=512)"
ang20191023t175603_r8276_c51_w151_h151,ang20191023t175603-A,48.81050021,ang20191023t175603,/AVIRISNG/Permian2019/ang20191023t175603_r8276_c51_w151_h151,2019-10-23,2019-10-23 17:56:03+00:00,0,0,512,512,train,hard,gs://starcop/Permian/permian_2019_official/ang20191023t175603-A_r8276_c51_ctr.tif,True,"Window(col_off=-180, row_off=-180, width=512, height=512)"
ang20191017t154425_r5194_c424_w151_h151,ang20191017t154425-F,47.95572005,ang20191017t154425,/AVIRISNG/Permian2019/ang20191017t154425_r5194_c424_w151_h151,2019-10-17,2019-10-17 15:44:25+00:00,0,0,512,512,train,hard,gs://starcop/Permian/permian_2019_official/ang20191017t154425-F_r5194_c424_ctr.tif,True,"Window(col_off=-180, row_off=-180, width=512, height=512)"
ang20191023t180821_r8554_c367_w151_h151,ang20191023t180821-3,43.9611115,ang20191023t180821,/AVIRISNG/Permian2019/ang20191023t180821_r8554_c367_w151_h151,2019-10-23,2019-10-23 18:08:21+00:00,0,0,512,512,train,hard,gs://starcop/Permian/permian_2019_official/ang20191023t180821-3_r8554_c367_ctr.tif,True,"Window(col_off=-180, row_off=-180, width=512, height=512)"
ang20191023t165811_r8032_c63_w151_h151,ang20191023t165811-C,41.46638855,ang20191023t165811,/AVIRISNG/Permian2019/ang20191023t165811_r8032_c63_w151_h151,2019-10-23,2019-10-23 16:58:11+00:00,0,0,512,512,train,hard,gs://starcop/Permian/permian_2019_official/ang20191023t165811-C_r8032_c63_ctr.tif,True,"Window(col_off=-180, row_off=-180, width=512, height=512)"
ang20191011t192741_r10275_c39_w151_h151,ang20191011t192741-F,36.65801549,ang20191011t192741,/AVIRISNG/Permian2019/ang20191011t192741_r10275_c39_w151_h151,2019-10-11,2019-10-11 19:27:41+00:00,0,0,512,512,train,hard,gs://starcop/Permian/permian_2019_official/ang20191011t192741-F_r10275_c39_ctr.tif,True,"Window(col_off=-180, row_off=-180, width=512, height=512)"
ang20190926t160016_r3122_c445_w151_h151,ang20190926t160016-B,31.10532583,ang20190926t160016,/AVIRISNG/Permian2019/ang20190926t160016_r3122_c445_w151_h151,2019-09-26,2019-09-26 16:00:16+00:00,0,0,512,512,train,hard,gs://starcop/Permian/permian_2019_official/ang20190926t160016-B_r3122_c445_ctr.tif,True,"Window(col_off=-180, row_off=-180, width=512, height=512)"
