modelo,id,dificuldade,tp,fp,fn,tn,precision,recall,f1,iou,fpr,acuracia,average_precision,positive,difficulty_csv
"attentiongates_dpu_easy_remaining.xmodel","ang20190922t192642_r0_c256_w512_h512",sem_pluma,0,1,0,262143,0,0,0,0,3.81469726562e-06,0.999996185303,,0,"hard"
"attentiongates_dpu_easy_remaining.xmodel","ang20190922t192642_r10752_c0_w512_h512",sem_pluma,0,0,0,262144,0,0,0,0,0,1,,0,"hard"
"attentiongates_dpu_easy_remaining.xmodel","ang20190922t192642_r512_c256_w512_h512",sem_pluma,0,0,0,262144,0,0,0,0,0,1,,0,"hard"
"attentiongates_dpu_easy_remaining.xmodel","ang20190922t192642_r9472_c0_w512_h512",sem_pluma,0,0,0,262144,0,0,0,0,0,1,,0,"random"
"attentiongates_dpu_easy_remaining.xmodel","ang20190922t192642_r2048_c0_w512_h512",sem_pluma,0,0,0,262144,0,0,0,0,0,1,,0,"random"
"attentiongates_dpu_easy_remaining.xmodel","ang20190922t192642_r10240_c0_w512_h512",sem_pluma,0,0,0,262144,0,0,0,0,0,1,,0,"random"
"attentiongates_dpu_easy_remaining.xmodel","ang20190922t192642_r7680_c0_w512_h512",sem_pluma,0,0,0,262144,0,0,0,0,0,1,,0,"random"
"attentiongates_dpu_easy_remaining.xmodel","ang20190922t194340_r0_c256_w512_h512",sem_pluma,0,0,0,262144,0,0,0,0,0,1,,0,"hard"
"attentiongates_dpu_easy_remaining.xmodel","ang20190922t194340_r9984_c0_w512_h512",sem_pluma,0,0,0,262144,0,0,0,0,0,1,,0,"hard"
"attentiongates_dpu_easy_remaining.xmodel","ang20190922t194340_r9472_c0_w512_h512",sem_pluma,0,0,0,262144,0,0,0,0,0,1,,0,"hard"
"attentiongates_dpu_easy_remaining.xmodel","ang20190922t194340_r3328_c0_w512_h512",sem_pluma,0,0,0,262144,0,0,0,0,0,1,,0,"random"
"attentiongates_dpu_easy_remaining.xmodel","ang20190922t194340_r7936_c0_w512_h512",sem_pluma,0,0,0,262144,0,0,0,0,0,1,,0,"random"
"attentiongates_dpu_easy_remaining.xmodel","ang20190922t194340_r8448_c0_w512_h512",sem_pluma,0,0,0,262144,0,0,0,0,0,1,,0,"random"
"attentiongates_dpu_easy_remaining.xmodel","ang20190922t194340_r6144_c0_w512_h512",sem_pluma,0,0,0,262144,0,0,0,0,0,1,,0,"random"
"attentiongates_dpu_easy_remaining.xmodel","ang20190922t203229_r256_c512_w512_h512",sem_pluma,0,0,0,262144,0,0,0,0,0,1,,0,"hard"
"attentiongates_dpu_easy_remaining.xmodel","ang20190922t203229_r8192_c256_w512_h512",sem_pluma,0,55,0,262089,0,0,0,0,0.000209808349609,0.99979019165,,0,"hard"
"attentiongates_dpu_easy_remaining.xmodel","ang20190922t203229_r768_c512_w512_h512",sem_pluma,0,0,0,262144,0,0,0,0,0,1,,0,"hard"
"attentiongates_dpu_easy_remaining.xmodel","ang20190922t203229_r3328_c512_w512_h512",sem_pluma,0,0,0,262144,0,0,0,0,0,1,,0,"random"
"attentiongates_dpu_easy_remaining.xmodel","ang20190922t203229_r10752_c512_w512_h512",sem_pluma,0,0,0,262144,0,0,0,0,0,1,,0,"random"
"attentiongates_dpu_easy_remaining.xmodel","ang20190922t203229_r5632_c256_w512_h512",sem_pluma,0,0,0,262144,0,0,0,0,0,1,,0,"random"
"attentiongates_dpu_easy_remaining.xmodel","ang20190922t203229_r1280_c768_w512_h512",sem_pluma,0,0,0,262144,0,0,0,0,0,1,,0,"random"
"attentiongates_dpu_easy_remaining.xmodel","ang20190923t163307_r0_c0_w512_h512",sem_pluma,0,0,0,262144,0,0,0,0,0,1,,0,"hard"
"attentiongates_dpu_easy_remaining.xmodel","ang20190923t163307_r10752_c0_w512_h512",sem_pluma,0,0,0,262144,0,0,0,0,0,1,,0,"hard"
"attentiongates_dpu_easy_remaining.xmodel","ang20190923t163307_r1024_c0_w512_h512",sem_pluma,0,0,0,262144,0,0,0,0,0,1,,0,"hard"
"attentiongates_dpu_easy_remaining.xmodel","ang20190923t163307_r5120_c256_w512_h512",sem_pluma,0,285,0,261859,0,0,0,0,0.0010871887207,0.998912811279,,0,"random"
"attentiongates_dpu_easy_remaining.xmodel","ang20190923t163307_r7936_c256_w512_h512",sem_pluma,0,0,0,262144,0,0,0,0,0,1,,0,"random"
"attentiongates_dpu_easy_remaining.xmodel","ang20190923t163307_r7168_c256_w512_h512",sem_pluma,0,0,0,262144,0,0,0,0,0,1,,0,"random"
"attentiongates_dpu_easy_remaining.xmodel","ang20190923t163307_r1536_c0_w512_h512",sem_pluma,0,0,0,262144,0,0,0,0,0,1,,0,"random"
"attentiongates_dpu_easy_remaining.xmodel","ang20190923t170747_r15616_c256_w512_h512",sem_pluma,0,0,0,262144,0,0,0,0,0,1,,0,"hard"
"attentiongates_dpu_easy_remaining.xmodel","ang20190923t170747_r0_c0_w512_h512",sem_pluma,0,39,0,262105,0,0,0,0,0.000148773193359,0.999851226807,,0,"hard"
"attentiongates_dpu_easy_remaining.xmodel","ang20190923t170747_r512_c0_w512_h512",sem_pluma,0,0,0,262144,0,0,0,0,0,1,,0,"hard"
"attentiongates_dpu_easy_remaining.xmodel","ang20190923t170747_r12288_c256_w512_h512",sem_pluma,0,0,0,262144,0,0,0,0,0,1,,0,"random"
"attentiongates_dpu_easy_remaining.xmodel","ang20190923t170747_r5120_c256_w512_h512",sem_pluma,0,0,0,262144,0,0,0,0,0,1,,0,"random"
"attentiongates_dpu_easy_remaining.xmodel","ang20190923t170747_r10752_c256_w512_h512",sem_pluma,0,0,0,262144,0,0,0,0,0,1,,0,"random"
"attentiongates_dpu_easy_remaining.xmodel","ang20190923t170747_r10240_c256_w512_h512",sem_pluma,0,0,0,262144,0,0,0,0,0,1,,0,"random"
"attentiongates_dpu_easy_remaining.xmodel","ang20190923t172416_r0_c0_w512_h512",sem_pluma,0,1,0,262143,0,0,0,0,3.81469726562e-06,0.999996185303,,0,"hard"
"attentiongates_dpu_easy_remaining.xmodel","ang20190923t172416_r13824_c256_w512_h512",sem_pluma,0,0,0,262144,0,0,0,0,0,1,,0,"hard"
"attentiongates_dpu_easy_remaining.xmodel","ang20190923t172416_r4608_c0_w512_h512",sem_pluma,0,0,0,262144,0,0,0,0,0,1,,0,"hard"
"attentiongates_dpu_easy_remaining.xmodel","ang20190923t172416_r13312_c256_w512_h512",sem_pluma,0,0,0,262144,0,0,0,0,0,1,,0,"random"
"attentiongates_dpu_easy_remaining.xmodel","ang20190923t172416_r9472_c0_w512_h512",sem_pluma,0,0,0,262144,0,0,0,0,0,1,,0,"random"
"attentiongates_dpu_easy_remaining.xmodel","ang20190923t172416_r2048_c0_w512_h512",sem_pluma,0,0,0,262144,0,0,0,0,0,1,,0,"random"
"attentiongates_dpu_easy_remaining.xmodel","ang20190923t172416_r3584_c0_w512_h512",sem_pluma,0,0,0,262144,0,0,0,0,0,1,,0,"random"
"attentiongates_dpu_easy_remaining.xmodel","ang20190923t174142_r0_c0_w512_h512",sem_pluma,0,0,0,262144,0,0,0,0,0,1,,0,"hard"
"attentiongates_dpu_easy_remaining.xmodel","ang20190923t174142_r4096_c0_w512_h512",sem_pluma,0,0,0,262144,0,0,0,0,0,1,,0,"hard"
"attentiongates_dpu_easy_remaining.xmodel","ang20190923t174142_r512_c0_w512_h512",sem_pluma,0,0,0,262144,0,0,0,0,0,1,,0,"hard"
"attentiongates_dpu_easy_remaining.xmodel","ang20190923t174142_r7936_c0_w512_h512",sem_pluma,0,0,0,262144,0,0,0,0,0,1,,0,"random"
"attentiongates_dpu_easy_remaining.xmodel","ang20190923t174142_r11776_c256_w512_h512",sem_pluma,0,8,0,262136,0,0,0,0,3.0517578125e-05,0.999969482422,,0,"random"
"attentiongates_dpu_easy_remaining.xmodel","ang20190923t174142_r11264_c256_w512_h512",sem_pluma,0,929,0,261215,0,0,0,0,0.00354385375977,0.99645614624,,0,"random"
"attentiongates_dpu_easy_remaining.xmodel","ang20190923t174142_r12544_c256_w512_h512",sem_pluma,0,0,0,262144,0,0,0,0,0,1,,0,"random"
"attentiongates_dpu_easy_remaining.xmodel","ang20190923t181729_r0_c256_w512_h512",sem_pluma,0,0,0,262144,0,0,0,0,0,1,,0,"hard"
"attentiongates_dpu_easy_remaining.xmodel","ang20190923t181729_r512_c256_w512_h512",sem_pluma,0,0,0,262144,0,0,0,0,0,1,,0,"hard"
"attentiongates_dpu_easy_remaining.xmodel","ang20190923t181729_r11776_c0_w512_h512",sem_pluma,0,0,0,262144,0,0,0,0,0,1,,0,"hard"
"attentiongates_dpu_easy_remaining.xmodel","ang20190923t181729_r10752_c0_w512_h512",sem_pluma,0,0,0,262144,0,0,0,0,0,1,,0,"random"
"attentiongates_dpu_easy_remaining.xmodel","ang20190923t181729_r8192_c256_w512_h512",sem_pluma,0,0,0,262144,0,0,0,0,0,1,,0,"random"
"attentiongates_dpu_easy_remaining.xmodel","ang20190923t181729_r8704_c256_w512_h512",sem_pluma,0,0,0,262144,0,0,0,0,0,1,,0,"random"
"attentiongates_dpu_easy_remaining.xmodel","ang20190923t181729_r4864_c256_w512_h512",sem_pluma,0,0,0,262144,0,0,0,0,0,1,,0,"random"
"attentiongates_dpu_easy_remaining.xmodel","ang20190923t183439_r0_c0_w512_h512",sem_pluma,0,0,0,262144,0,0,0,0,0,1,,0,"hard"
"attentiongates_dpu_easy_remaining.xmodel","ang20190923t183439_r512_c0_w512_h512",sem_pluma,0,0,0,262144,0,0,0,0,0,1,,0,"hard"
"attentiongates_dpu_easy_remaining.xmodel","ang20190923t183439_r1792_c0_w512_h512",sem_pluma,0,88,0,262056,0,0,0,0,0.000335693359375,0.999664306641,,0,"hard"
"attentiongates_dpu_easy_remaining.xmodel","ang20190923t183439_r10240_c0_w512_h512",sem_pluma,0,0,0,262144,0,0,0,0,0,1,,0,"random"
"attentiongates_dpu_easy_remaining.xmodel","ang20190923t183439_r3840_c0_w512_h512",sem_pluma,0,0,0,262144,0,0,0,0,0,1,,0,"random"
"attentiongates_dpu_easy_remaining.xmodel","ang20190923t183439_r10752_c256_w512_h512",sem_pluma,0,0,0,262144,0,0,0,0,0,1,,0,"random"
"attentiongates_dpu_easy_remaining.xmodel","ang20190923t183439_r11264_c0_w512_h512",sem_pluma,0,0,0,262144,0,0,0,0,0,1,,0,"random"
"attentiongates_dpu_easy_remaining.xmodel","ang20190923t185208_r12032_c0_w512_h512",sem_pluma,0,0,0,262144,0,0,0,0,0,1,,0,"hard"
"attentiongates_dpu_easy_remaining.xmodel","ang20190923t185208_r0_c0_w512_h512",sem_pluma,0,0,0,262144,0,0,0,0,0,1,,0,"hard"
"attentiongates_dpu_easy_remaining.xmodel","ang20190923t185208_r768_c0_w512_h512",sem_pluma,0,0,0,262144,0,0,0,0,0,1,,0,"hard"
"attentiongates_dpu_easy_remaining.xmodel","ang20190923t185208_r5632_c0_w512_h512",sem_pluma,0,0,0,262144,0,0,0,0,0,1,,0,"random"
"attentiongates_dpu_easy_remaining.xmodel","ang20190923t185208_r7936_c256_w512_h512",sem_pluma,0,0,0,262144,0,0,0,0,0,1,,0,"random"
"attentiongates_dpu_easy_remaining.xmodel","ang20190923t185208_r1536_c0_w512_h512",sem_pluma,0,0,0,262144,0,0,0,0,0,1,,0,"random"
"attentiongates_dpu_easy_remaining.xmodel","ang20190923t185208_r3584_c0_w512_h512",sem_pluma,0,0,0,262144,0,0,0,0,0,1,,0,"random"
"attentiongates_dpu_easy_remaining.xmodel","ang20190923t190921_r12288_c256_w512_h512",sem_pluma,0,0,0,262144,0,0,0,0,0,1,,0,"hard"
"attentiongates_dpu_easy_remaining.xmodel","ang20190923t190921_r11776_c256_w512_h512",sem_pluma,0,0,0,262144,0,0,0,0,0,1,,0,"hard"
"attentiongates_dpu_easy_remaining.xmodel","ang20190923t190921_r1024_c0_w512_h512",sem_pluma,0,0,0,262144,0,0,0,0,0,1,,0,"hard"
"attentiongates_dpu_easy_remaining.xmodel","ang20190923t190921_r9984_c256_w512_h512",sem_pluma,0,0,0,262144,0,0,0,0,0,1,,0,"random"
"attentiongates_dpu_easy_remaining.xmodel","ang20190923t190921_r5376_c0_w512_h512",sem_pluma,0,0,0,262144,0,0,0,0,0,1,,0,"random"
"attentiongates_dpu_easy_remaining.xmodel","ang20190923t190921_r0_c0_w512_h512",sem_pluma,0,0,0,262144,0,0,0,0,0,1,,0,"random"
"attentiongates_dpu_easy_remaining.xmodel","ang20190923t190921_r5888_c256_w512_h512",sem_pluma,0,0,0,262144,0,0,0,0,0,1,,0,"random"
"attentiongates_dpu_easy_remaining.xmodel","ang20190923t192543_r11008_c0_w512_h512",sem_pluma,0,0,0,262144,0,0,0,0,0,1,,0,"hard"
"attentiongates_dpu_easy_remaining.xmodel","ang20190923t192543_r11520_c256_w512_h512",sem_pluma,0,0,0,262144,0,0,0,0,0,1,,0,"hard"
"attentiongates_dpu_easy_remaining.xmodel","ang20190923t192543_r12032_c256_w512_h512",sem_pluma,0,0,0,262144,0,0,0,0,0,1,,0,"hard"
"attentiongates_dpu_easy_remaining.xmodel","ang20190923t192543_r9216_c0_w512_h512",sem_pluma,0,0,0,262144,0,0,0,0,0,1,,0,"random"
"attentiongates_dpu_easy_remaining.xmodel","ang20190923t192543_r5376_c256_w512_h512",sem_pluma,0,0,0,262144,0,0,0,0,0,1,,0,"random"
"attentiongates_dpu_easy_remaining.xmodel","ang20190923t192543_r13056_c256_w512_h512",sem_pluma,0,0,0,262144,0,0,0,0,0,1,,0,"random"
"attentiongates_dpu_easy_remaining.xmodel","ang20190923t192543_r768_c0_w512_h512",sem_pluma,0,7,0,262137,0,0,0,0,2.67028808594e-05,0.999973297119,,0,"random"
"attentiongates_dpu_easy_remaining.xmodel","ang20190923t194235_r3072_c0_w512_h512",sem_pluma,0,120,0,262024,0,0,0,0,0.000457763671875,0.999542236328,,0,"hard"
"attentiongates_dpu_easy_remaining.xmodel","ang20190923t194235_r2560_c0_w512_h512",sem_pluma,0,0,0,262144,0,0,0,0,0,1,,0,"hard"
"attentiongates_dpu_easy_remaining.xmodel","ang20190923t194235_r3584_c0_w512_h512",sem_pluma,0,2156,0,259988,0,0,0,0,0.00822448730469,0.991775512695,,0,"hard"
"attentiongates_dpu_easy_remaining.xmodel","ang20190923t194235_r256_c0_w512_h512",sem_pluma,0,0,0,262144,0,0,0,0,0,1,,0,"random"
"attentiongates_dpu_easy_remaining.xmodel","ang20190923t194235_r1280_c0_w512_h512",sem_pluma,0,0,0,262144,0,0,0,0,0,1,,0,"random"
"attentiongates_dpu_easy_remaining.xmodel","ang20190923t194235_r13312_c0_w512_h512",sem_pluma,0,0,0,262144,0,0,0,0,0,1,,0,"random"
"attentiongates_dpu_easy_remaining.xmodel","ang20190923t194235_r11520_c0_w512_h512",sem_pluma,0,0,0,262144,0,0,0,0,0,1,,0,"random"
"attentiongates_dpu_easy_remaining.xmodel","ang20190923t195907_r8704_c0_w512_h512",sem_pluma,0,0,0,262144,0,0,0,0,0,1,,0,"hard"
"attentiongates_dpu_easy_remaining.xmodel","ang20190923t195907_r3840_c0_w512_h512",sem_pluma,0,0,0,262144,0,0,0,0,0,1,,0,"hard"
"attentiongates_dpu_easy_remaining.xmodel","ang20190923t195907_r5376_c256_w512_h512",sem_pluma,0,45,0,262099,0,0,0,0,0.000171661376953,0.999828338623,,0,"hard"
"attentiongates_dpu_easy_remaining.xmodel","ang20190923t195907_r4864_c0_w512_h512",sem_pluma,0,0,0,262144,0,0,0,0,0,1,,0,"random"
"attentiongates_dpu_easy_remaining.xmodel","ang20190923t195907_r6144_c0_w512_h512",sem_pluma,0,0,0,262144,0,0,0,0,0,1,,0,"random"
"attentiongates_dpu_easy_remaining.xmodel","ang20190923t195907_r10752_c256_w512_h512",sem_pluma,0,0,0,262144,0,0,0,0,0,1,,0,"random"
"attentiongates_dpu_easy_remaining.xmodel","ang20190923t195907_r9216_c0_w512_h512",sem_pluma,0,0,0,262144,0,0,0,0,0,1,,0,"random"
"attentiongates_dpu_easy_remaining.xmodel","ang20190924t165509_r0_c0_w512_h512",sem_pluma,0,0,0,262144,0,0,0,0,0,1,,0,"hard"
"attentiongates_dpu_easy_remaining.xmodel","ang20190924t165509_r512_c0_w512_h512",sem_pluma,0,0,0,262144,0,0,0,0,0,1,,0,"hard"
"attentiongates_dpu_easy_remaining.xmodel","ang20190924t165509_r2048_c0_w512_h512",sem_pluma,0,0,0,262144,0,0,0,0,0,1,,0,"hard"
"attentiongates_dpu_easy_remaining.xmodel","ang20190924t165836_r2560_c0_w512_h512",sem_pluma,0,0,0,262144,0,0,0,0,0,1,,0,"hard"
"attentiongates_dpu_easy_remaining.xmodel","ang20190924t165836_r3328_c0_w512_h512",sem_pluma,0,0,0,262144,0,0,0,0,0,1,,0,"hard"
"attentiongates_dpu_easy_remaining.xmodel","ang20190924t165836_r256_c0_w512_h512",sem_pluma,0,1382,0,260762,0,0,0,0,0.00527191162109,0.994728088379,,0,"hard"
"attentiongates_dpu_easy_remaining.xmodel","ang20190924t165836_r4608_c0_w512_h512",sem_pluma,0,0,0,262144,0,0,0,0,0,1,,0,"random"
"attentiongates_dpu_easy_remaining.xmodel","ang20190924t165836_r15360_c0_w512_h512",sem_pluma,0,0,0,262144,0,0,0,0,0,1,,0,"random"
"attentiongates_dpu_easy_remaining.xmodel","ang20190924t165836_r10496_c0_w512_h512",sem_pluma,0,0,0,262144,0,0,0,0,0,1,,0,"random"
"attentiongates_dpu_easy_remaining.xmodel","ang20190924t165836_r5888_c0_w512_h512",sem_pluma,0,0,0,262144,0,0,0,0,0,1,,0,"random"
"attentiongates_dpu_easy_remaining.xmodel","ang20190924t172057_r7424_c0_w512_h512",sem_pluma,0,6,0,262138,0,0,0,0,2.28881835938e-05,0.999977111816,,0,"hard"
"attentiongates_dpu_easy_remaining.xmodel","ang20190924t172057_r0_c0_w512_h512",sem_pluma,0,3,0,262141,0,0,0,0,1.14440917969e-05,0.999988555908,,0,"hard"
"attentiongates_dpu_easy_remaining.xmodel","ang20190924t172057_r1280_c0_w512_h512",sem_pluma,0,0,0,262144,0,0,0,0,0,1,,0,"hard"
"attentiongates_dpu_easy_remaining.xmodel","ang20190924t172057_r10752_c0_w512_h512",sem_pluma,0,0,0,262144,0,0,0,0,0,1,,0,"random"
"attentiongates_dpu_easy_remaining.xmodel","ang20190924t172057_r19200_c0_w512_h512",sem_pluma,0,0,0,262144,0,0,0,0,0,1,,0,"random"
"attentiongates_dpu_easy_remaining.xmodel","ang20190924t172057_r15360_c256_w512_h512",sem_pluma,0,0,0,262144,0,0,0,0,0,1,,0,"random"
"attentiongates_dpu_easy_remaining.xmodel","ang20190924t172057_r16896_c0_w512_h512",sem_pluma,0,0,0,262144,0,0,0,0,0,1,,0,"random"
"attentiongates_dpu_easy_remaining.xmodel","ang20190924t174538_r0_c0_w512_h512",sem_pluma,0,0,0,262144,0,0,0,0,0,1,,0,"hard"
"attentiongates_dpu_easy_remaining.xmodel","ang20190924t174538_r1280_c0_w512_h512",sem_pluma,0,0,0,262144,0,0,0,0,0,1,,0,"hard"
"attentiongates_dpu_easy_remaining.xmodel","ang20190924t174538_r512_c0_w512_h512",sem_pluma,0,548,0,261596,0,0,0,0,0.00209045410156,0.997909545898,,0,"hard"
"attentiongates_dpu_easy_remaining.xmodel","ang20190924t174538_r15104_c0_w512_h512",sem_pluma,0,0,0,262144,0,0,0,0,0,1,,0,"random"
"attentiongates_dpu_easy_remaining.xmodel","ang20190924t174538_r16384_c0_w512_h512",sem_pluma,0,140,0,262004,0,0,0,0,0.000534057617188,0.999465942383,,0,"random"
"attentiongates_dpu_easy_remaining.xmodel","ang20190924t174538_r22272_c0_w512_h512",sem_pluma,0,0,0,262144,0,0,0,0,0,1,,0,"random"
"attentiongates_dpu_easy_remaining.xmodel","ang20190924t174538_r13312_c256_w512_h512",sem_pluma,0,0,0,262144,0,0,0,0,0,1,,0,"random"
"attentiongates_dpu_easy_remaining.xmodel","ang20190924t181121_r768_c0_w512_h512",sem_pluma,0,0,0,262144,0,0,0,0,0,1,,0,"hard"
"attentiongates_dpu_easy_remaining.xmodel","ang20190924t181121_r18176_c256_w512_h512",sem_pluma,0,2251,0,259893,0,0,0,0,0.00858688354492,0.991413116455,,0,"hard"
"attentiongates_dpu_easy_remaining.xmodel","ang20190924t181121_r4864_c0_w512_h512",sem_pluma,0,0,0,262144,0,0,0,0,0,1,,0,"hard"
"attentiongates_dpu_easy_remaining.xmodel","ang20190924t181121_r20480_c256_w512_h512",sem_pluma,0,0,0,262144,0,0,0,0,0,1,,0,"random"
"attentiongates_dpu_easy_remaining.xmodel","ang20190924t181121_r19712_c0_w512_h512",sem_pluma,0,0,0,262144,0,0,0,0,0,1,,0,"random"
"attentiongates_dpu_easy_remaining.xmodel","ang20190924t181121_r2560_c0_w512_h512",sem_pluma,0,0,0,262144,0,0,0,0,0,1,,0,"random"
"attentiongates_dpu_easy_remaining.xmodel","ang20190924t181121_r22784_c0_w512_h512",sem_pluma,0,0,0,262144,0,0,0,0,0,1,,0,"random"
"attentiongates_dpu_easy_remaining.xmodel","ang20190924t183641_r13312_c0_w512_h512",sem_pluma,0,0,0,262144,0,0,0,0,0,1,,0,"hard"
"attentiongates_dpu_easy_remaining.xmodel","ang20190924t183641_r2304_c0_w512_h512",sem_pluma,0,0,0,262144,0,0,0,0,0,1,,0,"hard"
"attentiongates_dpu_easy_remaining.xmodel","ang20190924t183641_r4608_c0_w512_h512",sem_pluma,0,0,0,262144,0,0,0,0,0,1,,0,"hard"
"attentiongates_dpu_easy_remaining.xmodel","ang20190924t183641_r7168_c0_w512_h512",sem_pluma,0,0,0,262144,0,0,0,0,0,1,,0,"random"
"attentiongates_dpu_easy_remaining.xmodel","ang20190924t183641_r10496_c0_w512_h512",sem_pluma,0,0,0,262144,0,0,0,0,0,1,,0,"random"
"attentiongates_dpu_easy_remaining.xmodel","ang20190924t183641_r9984_c256_w512_h512",sem_pluma,0,0,0,262144,0,0,0,0,0,1,,0,"random"
"attentiongates_dpu_easy_remaining.xmodel","ang20190924t183641_r7936_c0_w512_h512",sem_pluma,0,0,0,262144,0,0,0,0,0,1,,0,"random"
"attentiongates_dpu_easy_remaining.xmodel","ang20190924t193726_r3072_c0_w512_h512",sem_pluma,0,0,0,262144,0,0,0,0,0,1,,0,"hard"
"attentiongates_dpu_easy_remaining.xmodel","ang20190924t193726_r1024_c0_w512_h512",sem_pluma,0,0,0,262144,0,0,0,0,0,1,,0,"hard"
"attentiongates_dpu_easy_remaining.xmodel","ang20190924t193726_r1536_c0_w512_h512",sem_pluma,0,0,0,262144,0,0,0,0,0,1,,0,"hard"
"attentiongates_dpu_easy_remaining.xmodel","ang20190924t193726_r4352_c0_w512_h512",sem_pluma,0,0,0,262144,0,0,0,0,0,1,,0,"random"
"attentiongates_dpu_easy_remaining.xmodel","ang20190924t193726_r512_c0_w512_h512",sem_pluma,0,0,0,262144,0,0,0,0,0,1,,0,"random"
"attentiongates_dpu_easy_remaining.xmodel","ang20190924t193726_r5120_c0_w512_h512",sem_pluma,0,0,0,262144,0,0,0,0,0,1,,0,"random"
"attentiongates_dpu_easy_remaining.xmodel","ang20190924t193726_r3584_c0_w512_h512",sem_pluma,0,0,0,262144,0,0,0,0,0,1,,0,"random"
"attentiongates_dpu_easy_remaining.xmodel","ang20190926t152524_r0_c256_w512_h512",sem_pluma,0,0,0,262144,0,0,0,0,0,1,,0,"hard"
"attentiongates_dpu_easy_remaining.xmodel","ang20190926t152524_r7680_c0_w512_h512",sem_pluma,0,0,0,262144,0,0,0,0,0,1,,0,"hard"
"attentiongates_dpu_easy_remaining.xmodel","ang20190926t152524_r512_c256_w512_h512",sem_pluma,0,104,0,262040,0,0,0,0,0.000396728515625,0.999603271484,,0,"hard"
"attentiongates_dpu_easy_remaining.xmodel","ang20190926t152524_r13312_c0_w512_h512",sem_pluma,0,0,0,262144,0,0,0,0,0,1,,0,"random"
"attentiongates_dpu_easy_remaining.xmodel","ang20190926t152524_r10240_c0_w512_h512",sem_pluma,0,0,0,262144,0,0,0,0,0,1,,0,"random"
"attentiongates_dpu_easy_remaining.xmodel","ang20190926t152524_r5888_c256_w512_h512",sem_pluma,0,0,0,262144,0,0,0,0,0,1,,0,"random"
"attentiongates_dpu_easy_remaining.xmodel","ang20190926t152524_r12800_c0_w512_h512",sem_pluma,0,0,0,262144,0,0,0,0,0,1,,0,"random"
"attentiongates_dpu_easy_remaining.xmodel","ang20190926t154314_r13568_c256_w512_h512",sem_pluma,0,0,0,262144,0,0,0,0,0,1,,0,"hard"
"attentiongates_dpu_easy_remaining.xmodel","ang20190926t154314_r7936_c256_w512_h512",sem_pluma,0,0,0,262144,0,0,0,0,0,1,,0,"hard"
"attentiongates_dpu_easy_remaining.xmodel","ang20190926t154314_r11776_c0_w512_h512",sem_pluma,0,0,0,262144,0,0,0,0,0,1,,0,"hard"
"attentiongates_dpu_easy_remaining.xmodel","ang20190926t154314_r3840_c0_w512_h512",sem_pluma,0,0,0,262144,0,0,0,0,0,1,,0,"random"
"attentiongates_dpu_easy_remaining.xmodel","ang20190926t154314_r11008_c0_w512_h512",sem_pluma,0,0,0,262144,0,0,0,0,0,1,,0,"random"
"attentiongates_dpu_easy_remaining.xmodel","ang20190926t154314_r10240_c256_w512_h512",sem_pluma,0,0,0,262144,0,0,0,0,0,1,,0,"random"
"attentiongates_dpu_easy_remaining.xmodel","ang20190926t154314_r5376_c0_w512_h512",sem_pluma,0,0,0,262144,0,0,0,0,0,1,,0,"random"
"attentiongates_dpu_easy_remaining.xmodel","ang20190926t160016_r10240_c0_w512_h512",sem_pluma,0,0,0,262144,0,0,0,0,0,1,,0,"hard"
"attentiongates_dpu_easy_remaining.xmodel","ang20190926t160016_r7680_c256_w512_h512",sem_pluma,0,0,0,262144,0,0,0,0,0,1,,0,"hard"
"attentiongates_dpu_easy_remaining.xmodel","ang20190926t160016_r8448_c0_w512_h512",sem_pluma,0,0,0,262144,0,0,0,0,0,1,,0,"hard"
"attentiongates_dpu_easy_remaining.xmodel","ang20190926t160016_r5632_c256_w512_h512",sem_pluma,0,0,0,262144,0,0,0,0,0,1,,0,"random"
"attentiongates_dpu_easy_remaining.xmodel","ang20190926t160016_r4096_c256_w512_h512",sem_pluma,0,4,0,262140,0,0,0,0,1.52587890625e-05,0.999984741211,,0,"random"
"attentiongates_dpu_easy_remaining.xmodel","ang20190926t160016_r4608_c0_w512_h512",sem_pluma,0,0,0,262144,0,0,0,0,0,1,,0,"random"
"attentiongates_dpu_easy_remaining.xmodel","ang20190926t160016_r6400_c0_w512_h512",sem_pluma,0,0,0,262144,0,0,0,0,0,1,,0,"random"
"attentiongates_dpu_easy_remaining.xmodel","ang20190926t161748_r8960_c256_w512_h512",sem_pluma,0,0,0,262144,0,0,0,0,0,1,,0,"hard"
"attentiongates_dpu_easy_remaining.xmodel","ang20190926t161748_r10752_c256_w512_h512",sem_pluma,0,0,0,262144,0,0,0,0,0,1,,0,"hard"
"attentiongates_dpu_easy_remaining.xmodel","ang20190926t161748_r5376_c0_w512_h512",sem_pluma,0,11,0,262133,0,0,0,0,4.19616699219e-05,0.99995803833,,0,"hard"
"attentiongates_dpu_easy_remaining.xmodel","ang20190926t161748_r9984_c256_w512_h512",sem_pluma,0,18,0,262126,0,0,0,0,6.86645507812e-05,0.999931335449,,0,"random"
"attentiongates_dpu_easy_remaining.xmodel","ang20190926t161748_r13312_c256_w512_h512",sem_pluma,0,0,0,262144,0,0,0,0,0,1,,0,"random"
"attentiongates_dpu_easy_remaining.xmodel","ang20190926t161748_r12544_c256_w512_h512",sem_pluma,0,0,0,262144,0,0,0,0,0,1,,0,"random"
"attentiongates_dpu_easy_remaining.xmodel","ang20190926t161748_r7936_c256_w512_h512",sem_pluma,0,0,0,262144,0,0,0,0,0,1,,0,"random"
"attentiongates_dpu_easy_remaining.xmodel","ang20190926t163428_r8960_c256_w512_h512",sem_pluma,0,41,0,262103,0,0,0,0,0.000156402587891,0.999843597412,,0,"hard"
"attentiongates_dpu_easy_remaining.xmodel","ang20190926t163428_r2048_c0_w512_h512",sem_pluma,0,0,0,262144,0,0,0,0,0,1,,0,"hard"
"attentiongates_dpu_easy_remaining.xmodel","ang20190926t163428_r0_c0_w512_h512",sem_pluma,0,0,0,262144,0,0,0,0,0,1,,0,"hard"
"attentiongates_dpu_easy_remaining.xmodel","ang20190926t163428_r11520_c256_w512_h512",sem_pluma,0,0,0,262144,0,0,0,0,0,1,,0,"random"
"attentiongates_dpu_easy_remaining.xmodel","ang20190926t163428_r12544_c0_w512_h512",sem_pluma,0,0,0,262144,0,0,0,0,0,1,,0,"random"
"attentiongates_dpu_easy_remaining.xmodel","ang20190926t163428_r4352_c0_w512_h512",sem_pluma,0,0,0,262144,0,0,0,0,0,1,,0,"random"
"attentiongates_dpu_easy_remaining.xmodel","ang20190926t163428_r8448_c0_w512_h512",sem_pluma,0,0,0,262144,0,0,0,0,0,1,,0,"random"
"attentiongates_dpu_easy_remaining.xmodel","ang20190926t165202_r1024_c0_w512_h512",sem_pluma,0,1,0,262143,0,0,0,0,3.81469726562e-06,0.999996185303,,0,"hard"
"attentiongates_dpu_easy_remaining.xmodel","ang20190926t165202_r4608_c0_w512_h512",sem_pluma,0,0,0,262144,0,0,0,0,0,1,,0,"hard"
"attentiongates_dpu_easy_remaining.xmodel","ang20190926t165202_r512_c0_w512_h512",sem_pluma,0,0,0,262144,0,0,0,0,0,1,,0,"hard"
"attentiongates_dpu_easy_remaining.xmodel","ang20190926t165202_r3584_c0_w512_h512",sem_pluma,0,11,0,262133,0,0,0,0,4.19616699219e-05,0.99995803833,,0,"random"
"attentiongates_dpu_easy_remaining.xmodel","ang20190926t165202_r7680_c256_w512_h512",sem_pluma,0,0,0,262144,0,0,0,0,0,1,,0,"random"
"attentiongates_dpu_easy_remaining.xmodel","ang20190926t165202_r8192_c256_w512_h512",sem_pluma,0,0,0,262144,0,0,0,0,0,1,,0,"random"
"attentiongates_dpu_easy_remaining.xmodel","ang20190926t165202_r6144_c0_w512_h512",sem_pluma,0,0,0,262144,0,0,0,0,0,1,,0,"random"
"attentiongates_dpu_easy_remaining.xmodel","ang20190926t171159_r0_c0_w512_h512",sem_pluma,0,86,0,262058,0,0,0,0,0.000328063964844,0.999671936035,,0,"hard"
"attentiongates_dpu_easy_remaining.xmodel","ang20190926t171159_r5120_c256_w512_h512",sem_pluma,0,84,0,262060,0,0,0,0,0.000320434570312,0.99967956543,,0,"hard"
"attentiongates_dpu_easy_remaining.xmodel","ang20190926t171159_r7168_c256_w512_h512",sem_pluma,0,35,0,262109,0,0,0,0,0.000133514404297,0.999866485596,,0,"hard"
"attentiongates_dpu_easy_remaining.xmodel","ang20190926t171159_r11264_c256_w512_h512",sem_pluma,0,0,0,262144,0,0,0,0,0,1,,0,"random"
"attentiongates_dpu_easy_remaining.xmodel","ang20190926t171159_r11776_c0_w512_h512",sem_pluma,0,4,0,262140,0,0,0,0,1.52587890625e-05,0.999984741211,,0,"random"
"attentiongates_dpu_easy_remaining.xmodel","ang20190926t171159_r9728_c256_w512_h512",sem_pluma,0,1,0,262143,0,0,0,0,3.81469726562e-06,0.999996185303,,0,"random"
"attentiongates_dpu_easy_remaining.xmodel","ang20190926t171159_r8448_c256_w512_h512",sem_pluma,0,0,0,262144,0,0,0,0,0,1,,0,"random"
"attentiongates_dpu_easy_remaining.xmodel","ang20190926t172904_r0_c0_w512_h512",sem_pluma,0,0,0,262144,0,0,0,0,0,1,,0,"hard"
"attentiongates_dpu_easy_remaining.xmodel","ang20190926t172904_r3840_c0_w512_h512",sem_pluma,0,0,0,262144,0,0,0,0,0,1,,0,"hard"
"attentiongates_dpu_easy_remaining.xmodel","ang20190926t172904_r2560_c0_w512_h512",sem_pluma,0,19,0,262125,0,0,0,0,7.24792480469e-05,0.999927520752,,0,"hard"
"attentiongates_dpu_easy_remaining.xmodel","ang20190926t172904_r1792_c0_w512_h512",sem_pluma,0,0,0,262144,0,0,0,0,0,1,,0,"random"
"attentiongates_dpu_easy_remaining.xmodel","ang20190926t172904_r9984_c256_w512_h512",sem_pluma,0,98,0,262046,0,0,0,0,0.000373840332031,0.999626159668,,0,"random"
"attentiongates_dpu_easy_remaining.xmodel","ang20190926t172904_r11264_c256_w512_h512",sem_pluma,0,0,0,262144,0,0,0,0,0,1,,0,"random"
"attentiongates_dpu_easy_remaining.xmodel","ang20190926t172904_r7168_c256_w512_h512",sem_pluma,0,0,0,262144,0,0,0,0,0,1,,0,"random"
"attentiongates_dpu_easy_remaining.xmodel","ang20190926t174644_r8192_c0_w512_h512",sem_pluma,0,2248,0,259896,0,0,0,0,0.00857543945312,0.991424560547,,0,"hard"
"attentiongates_dpu_easy_remaining.xmodel","ang20190926t174644_r3840_c0_w512_h512",sem_pluma,0,0,0,262144,0,0,0,0,0,1,,0,"hard"
"attentiongates_dpu_easy_remaining.xmodel","ang20190926t174644_r0_c0_w512_h512",sem_pluma,0,0,0,262144,0,0,0,0,0,1,,0,"hard"
"attentiongates_dpu_easy_remaining.xmodel","ang20190926t174644_r7680_c0_w512_h512",sem_pluma,0,0,0,262144,0,0,0,0,0,1,,0,"random"
"attentiongates_dpu_easy_remaining.xmodel","ang20190926t174644_r10496_c0_w512_h512",sem_pluma,0,18,0,262126,0,0,0,0,6.86645507812e-05,0.999931335449,,0,"random"
"attentiongates_dpu_easy_remaining.xmodel","ang20190926t174644_r6912_c256_w512_h512",sem_pluma,0,220,0,261924,0,0,0,0,0.000839233398438,0.999160766602,,0,"random"
"attentiongates_dpu_easy_remaining.xmodel","ang20190926t174644_r8704_c0_w512_h512",sem_pluma,0,0,0,262144,0,0,0,0,0,1,,0,"random"
"attentiongates_dpu_easy_remaining.xmodel","ang20190926t180335_r3584_c0_w512_h512",sem_pluma,0,0,0,262144,0,0,0,0,0,1,,0,"hard"
"attentiongates_dpu_easy_remaining.xmodel","ang20190926t180335_r5632_c0_w512_h512",sem_pluma,0,0,0,262144,0,0,0,0,0,1,,0,"hard"
"attentiongates_dpu_easy_remaining.xmodel","ang20190926t180335_r0_c0_w512_h512",sem_pluma,0,0,0,262144,0,0,0,0,0,1,,0,"hard"
"attentiongates_dpu_easy_remaining.xmodel","ang20190926t180335_r4352_c0_w512_h512",sem_pluma,0,0,0,262144,0,0,0,0,0,1,,0,"random"
"attentiongates_dpu_easy_remaining.xmodel","ang20190926t180335_r8448_c0_w512_h512",sem_pluma,0,0,0,262144,0,0,0,0,0,1,,0,"random"
"attentiongates_dpu_easy_remaining.xmodel","ang20190926t180335_r10240_c0_w512_h512",sem_pluma,0,0,0,262144,0,0,0,0,0,1,,0,"random"
"attentiongates_dpu_easy_remaining.xmodel","ang20190926t180335_r7680_c0_w512_h512",sem_pluma,0,0,0,262144,0,0,0,0,0,1,,0,"random"
"attentiongates_dpu_easy_remaining.xmodel","ang20190926t182043_r4096_c0_w512_h512",sem_pluma,0,0,0,262144,0,0,0,0,0,1,,0,"hard"
"attentiongates_dpu_easy_remaining.xmodel","ang20190926t182043_r0_c256_w512_h512",sem_pluma,0,13,0,262131,0,0,0,0,4.95910644531e-05,0.999950408936,,0,"hard"
"attentiongates_dpu_easy_remaining.xmodel","ang20190926t182043_r6656_c0_w512_h512",sem_pluma,0,0,0,262144,0,0,0,0,0,1,,0,"hard"
"attentiongates_dpu_easy_remaining.xmodel","ang20190926t182043_r4864_c256_w512_h512",sem_pluma,0,0,0,262144,0,0,0,0,0,1,,0,"random"
"attentiongates_dpu_easy_remaining.xmodel","ang20190926t182043_r8960_c0_w512_h512",sem_pluma,0,0,0,262144,0,0,0,0,0,1,,0,"random"
"attentiongates_dpu_easy_remaining.xmodel","ang20190926t182043_r8192_c0_w512_h512",sem_pluma,0,3,0,262141,0,0,0,0,1.14440917969e-05,0.999988555908,,0,"random"
"attentiongates_dpu_easy_remaining.xmodel","ang20190926t182043_r768_c256_w512_h512",sem_pluma,0,0,0,262144,0,0,0,0,0,1,,0,"random"
"attentiongates_dpu_easy_remaining.xmodel","ang20190926t184029_r12800_c256_w512_h512",sem_pluma,0,0,0,262144,0,0,0,0,0,1,,0,"hard"
"attentiongates_dpu_easy_remaining.xmodel","ang20190926t184029_r9216_c256_w512_h512",sem_pluma,0,0,0,262144,0,0,0,0,0,1,,0,"hard"
"attentiongates_dpu_easy_remaining.xmodel","ang20190926t184029_r8192_c256_w512_h512",sem_pluma,0,0,0,262144,0,0,0,0,0,1,,0,"hard"
"attentiongates_dpu_easy_remaining.xmodel","ang20190926t184029_r8704_c256_w512_h512",sem_pluma,0,0,0,262144,0,0,0,0,0,1,,0,"random"
"attentiongates_dpu_easy_remaining.xmodel","ang20190926t184029_r3328_c0_w512_h512",sem_pluma,0,0,0,262144,0,0,0,0,0,1,,0,"random"
"attentiongates_dpu_easy_remaining.xmodel","ang20190926t184029_r6912_c256_w512_h512",sem_pluma,0,0,0,262144,0,0,0,0,0,1,,0,"random"
"attentiongates_dpu_easy_remaining.xmodel","ang20190926t184029_r7424_c0_w512_h512",sem_pluma,0,2,0,262142,0,0,0,0,7.62939453125e-06,0.999992370605,,0,"random"
"attentiongates_dpu_easy_remaining.xmodel","ang20190926t185727_r8704_c0_w512_h512",sem_pluma,0,0,0,262144,0,0,0,0,0,1,,0,"hard"
"attentiongates_dpu_easy_remaining.xmodel","ang20190926t185727_r13056_c256_w512_h512",sem_pluma,0,0,0,262144,0,0,0,0,0,1,,0,"hard"
"attentiongates_dpu_easy_remaining.xmodel","ang20190926t185727_r7680_c256_w512_h512",sem_pluma,0,0,0,262144,0,0,0,0,0,1,,0,"hard"
"attentiongates_dpu_easy_remaining.xmodel","ang20190926t185727_r9984_c256_w512_h512",sem_pluma,0,0,0,262144,0,0,0,0,0,1,,0,"random"
"attentiongates_dpu_easy_remaining.xmodel","ang20190926t185727_r12032_c0_w512_h512",sem_pluma,0,0,0,262144,0,0,0,0,0,1,,0,"random"
"attentiongates_dpu_easy_remaining.xmodel","ang20190926t185727_r5632_c0_w512_h512",sem_pluma,0,0,0,262144,0,0,0,0,0,1,,0,"random"
"attentiongates_dpu_easy_remaining.xmodel","ang20190926t185727_r3072_c0_w512_h512",sem_pluma,0,0,0,262144,0,0,0,0,0,1,,0,"random"
"attentiongates_dpu_easy_remaining.xmodel","ang20190926t191417_r0_c0_w512_h512",sem_pluma,0,0,0,262144,0,0,0,0,0,1,,0,"hard"
"attentiongates_dpu_easy_remaining.xmodel","ang20190926t191417_r7936_c256_w512_h512",sem_pluma,0,80,0,262064,0,0,0,0,0.00030517578125,0.999694824219,,0,"hard"
"attentiongates_dpu_easy_remaining.xmodel","ang20190926t191417_r8448_c256_w512_h512",sem_pluma,0,0,0,262144,0,0,0,0,0,1,,0,"hard"
"attentiongates_dpu_easy_remaining.xmodel","ang20190926t191417_r11776_c0_w512_h512",sem_pluma,0,0,0,262144,0,0,0,0,0,1,,0,"random"
"attentiongates_dpu_easy_remaining.xmodel","ang20190926t191417_r1024_c0_w512_h512",sem_pluma,0,0,0,262144,0,0,0,0,0,1,,0,"random"
"attentiongates_dpu_easy_remaining.xmodel","ang20190926t191417_r9216_c0_w512_h512",sem_pluma,0,0,0,262144,0,0,0,0,0,1,,0,"random"
"attentiongates_dpu_easy_remaining.xmodel","ang20190926t191417_r6144_c256_w512_h512",sem_pluma,0,0,0,262144,0,0,0,0,0,1,,0,"random"
"attentiongates_dpu_easy_remaining.xmodel","ang20190926t193117_r0_c0_w512_h512",sem_pluma,0,0,0,262144,0,0,0,0,0,1,,0,"hard"
"attentiongates_dpu_easy_remaining.xmodel","ang20190926t193117_r11008_c256_w512_h512",sem_pluma,0,0,0,262144,0,0,0,0,0,1,,0,"hard"
"attentiongates_dpu_easy_remaining.xmodel","ang20190926t193117_r9472_c0_w512_h512",sem_pluma,0,0,0,262144,0,0,0,0,0,1,,0,"hard"
"attentiongates_dpu_easy_remaining.xmodel","ang20190926t193117_r3328_c0_w512_h512",sem_pluma,0,21,0,262123,0,0,0,0,8.01086425781e-05,0.999919891357,,0,"random"
"attentiongates_dpu_easy_remaining.xmodel","ang20190926t193117_r4352_c0_w512_h512",sem_pluma,0,0,0,262144,0,0,0,0,0,1,,0,"random"
"attentiongates_dpu_easy_remaining.xmodel","ang20190926t193117_r3840_c0_w512_h512",sem_pluma,0,0,0,262144,0,0,0,0,0,1,,0,"random"
"attentiongates_dpu_easy_remaining.xmodel","ang20190926t193117_r6656_c0_w512_h512",sem_pluma,0,0,0,262144,0,0,0,0,0,1,,0,"random"
"attentiongates_dpu_easy_remaining.xmodel","ang20190926t213844_r6144_c256_w512_h512",sem_pluma,0,0,0,262144,0,0,0,0,0,1,,0,"hard"
"attentiongates_dpu_easy_remaining.xmodel","ang20190926t213844_r1280_c256_w512_h512",sem_pluma,0,0,0,262144,0,0,0,0,0,1,,0,"hard"
"attentiongates_dpu_easy_remaining.xmodel","ang20190926t213844_r3584_c256_w512_h512",sem_pluma,0,99,0,262045,0,0,0,0,0.000377655029297,0.999622344971,,0,"hard"
"attentiongates_dpu_easy_remaining.xmodel","ang20190926t213844_r5632_c256_w512_h512",sem_pluma,0,0,0,262144,0,0,0,0,0,1,,0,"random"
"attentiongates_dpu_easy_remaining.xmodel","ang20190926t213844_r2560_c256_w512_h512",sem_pluma,0,0,0,262144,0,0,0,0,0,1,,0,"random"
"attentiongates_dpu_easy_remaining.xmodel","ang20190926t213844_r4864_c256_w512_h512",sem_pluma,0,0,0,262144,0,0,0,0,0,1,,0,"random"
"attentiongates_dpu_easy_remaining.xmodel","ang20190926t213844_r256_c256_w512_h512",sem_pluma,0,282,0,261862,0,0,0,0,0.00107574462891,0.998924255371,,0,"random"
"attentiongates_dpu_easy_remaining.xmodel","ang20190926t220008_r8704_c256_w512_h512",sem_pluma,0,156,0,261988,0,0,0,0,0.000595092773438,0.999404907227,,0,"hard"
"attentiongates_dpu_easy_remaining.xmodel","ang20190926t220008_r7936_c256_w512_h512",sem_pluma,0,0,0,262144,0,0,0,0,0,1,,0,"hard"
"attentiongates_dpu_easy_remaining.xmodel","ang20190926t220008_r7424_c256_w512_h512",sem_pluma,0,15,0,262129,0,0,0,0,5.72204589844e-05,0.999942779541,,0,"hard"
"attentiongates_dpu_easy_remaining.xmodel","ang20190926t220008_r768_c0_w512_h512",sem_pluma,0,0,0,262144,0,0,0,0,0,1,,0,"random"
"attentiongates_dpu_easy_remaining.xmodel","ang20190926t220008_r2304_c256_w512_h512",sem_pluma,0,0,0,262144,0,0,0,0,0,1,,0,"random"
"attentiongates_dpu_easy_remaining.xmodel","ang20190926t220008_r2816_c0_w512_h512",sem_pluma,0,0,0,262144,0,0,0,0,0,1,,0,"random"
"attentiongates_dpu_easy_remaining.xmodel","ang20190926t220008_r256_c0_w512_h512",sem_pluma,0,0,0,262144,0,0,0,0,0,1,,0,"random"
"attentiongates_dpu_easy_remaining.xmodel","ang20190926t221757_r5376_c0_w512_h512",sem_pluma,0,138,0,262006,0,0,0,0,0.000526428222656,0.999473571777,,0,"hard"
"attentiongates_dpu_easy_remaining.xmodel","ang20190926t221757_r1792_c0_w512_h512",sem_pluma,0,0,0,262144,0,0,0,0,0,1,,0,"hard"
"attentiongates_dpu_easy_remaining.xmodel","ang20190926t221757_r4864_c0_w512_h512",sem_pluma,0,0,0,262144,0,0,0,0,0,1,,0,"hard"
"attentiongates_dpu_easy_remaining.xmodel","ang20190926t221757_r10240_c256_w512_h512",sem_pluma,0,0,0,262144,0,0,0,0,0,1,,0,"random"
"attentiongates_dpu_easy_remaining.xmodel","ang20190926t221757_r3840_c0_w512_h512",sem_pluma,0,5,0,262139,0,0,0,0,1.90734863281e-05,0.999980926514,,0,"random"
"attentiongates_dpu_easy_remaining.xmodel","ang20190926t221757_r10752_c0_w512_h512",sem_pluma,0,0,0,262144,0,0,0,0,0,1,,0,"random"
"attentiongates_dpu_easy_remaining.xmodel","ang20190926t221757_r0_c0_w512_h512",sem_pluma,0,0,0,262144,0,0,0,0,0,1,,0,"random"
"attentiongates_dpu_easy_remaining.xmodel","ang20190926t223557_r12288_c256_w512_h512",sem_pluma,0,0,0,262144,0,0,0,0,0,1,,0,"hard"
"attentiongates_dpu_easy_remaining.xmodel","ang20190926t223557_r7168_c0_w512_h512",sem_pluma,0,0,0,262144,0,0,0,0,0,1,,0,"hard"
"attentiongates_dpu_easy_remaining.xmodel","ang20190926t223557_r8704_c0_w512_h512",sem_pluma,0,0,0,262144,0,0,0,0,0,1,,0,"hard"
"attentiongates_dpu_easy_remaining.xmodel","ang20190926t223557_r1536_c0_w512_h512",sem_pluma,0,0,0,262144,0,0,0,0,0,1,,0,"random"
"attentiongates_dpu_easy_remaining.xmodel","ang20190926t223557_r11520_c256_w512_h512",sem_pluma,0,0,0,262144,0,0,0,0,0,1,,0,"random"
"attentiongates_dpu_easy_remaining.xmodel","ang20190926t223557_r5120_c0_w512_h512",sem_pluma,0,0,0,262144,0,0,0,0,0,1,,0,"random"
"attentiongates_dpu_easy_remaining.xmodel","ang20190926t223557_r6656_c0_w512_h512",sem_pluma,0,0,0,262144,0,0,0,0,0,1,,0,"random"
"attentiongates_dpu_easy_remaining.xmodel","ang20190927t145113_r0_c0_w512_h512",sem_pluma,0,0,0,262144,0,0,0,0,0,1,,0,"hard"
"attentiongates_dpu_easy_remaining.xmodel","ang20190927t145113_r1280_c0_w512_h512",sem_pluma,0,77,0,262067,0,0,0,0,0.000293731689453,0.999706268311,,0,"hard"
"attentiongates_dpu_easy_remaining.xmodel","ang20190927t145113_r6144_c0_w512_h512",sem_pluma,0,0,0,262144,0,0,0,0,0,1,,0,"hard"
"attentiongates_dpu_easy_remaining.xmodel","ang20190927t145113_r3328_c0_w512_h512",sem_pluma,0,6,0,262138,0,0,0,0,2.28881835938e-05,0.999977111816,,0,"random"
"attentiongates_dpu_easy_remaining.xmodel","ang20190927t145113_r4864_c0_w512_h512",sem_pluma,0,0,0,262144,0,0,0,0,0,1,,0,"random"
"attentiongates_dpu_easy_remaining.xmodel","ang20190927t145113_r4352_c0_w512_h512",sem_pluma,0,0,0,262144,0,0,0,0,0,1,,0,"random"
"attentiongates_dpu_easy_remaining.xmodel","ang20190927t145113_r3840_c0_w512_h512",sem_pluma,0,128,0,262016,0,0,0,0,0.00048828125,0.99951171875,,0,"random"
"attentiongates_dpu_easy_remaining.xmodel","ang20190927t151239_r0_c0_w512_h512",sem_pluma,0,0,0,262144,0,0,0,0,0,1,,0,"hard"
"attentiongates_dpu_easy_remaining.xmodel","ang20190927t151239_r512_c0_w512_h512",sem_pluma,0,1,0,262143,0,0,0,0,3.81469726562e-06,0.999996185303,,0,"hard"
"attentiongates_dpu_easy_remaining.xmodel","ang20190927t151239_r7680_c0_w512_h512",sem_pluma,0,0,0,262144,0,0,0,0,0,1,,0,"hard"
"attentiongates_dpu_easy_remaining.xmodel","ang20190927t151239_r2304_c0_w512_h512",sem_pluma,0,0,0,262144,0,0,0,0,0,1,,0,"random"
"attentiongates_dpu_easy_remaining.xmodel","ang20190927t151239_r3584_c0_w512_h512",sem_pluma,0,0,0,262144,0,0,0,0,0,1,,0,"random"
"attentiongates_dpu_easy_remaining.xmodel","ang20190927t151239_r10240_c0_w512_h512",sem_pluma,0,0,0,262144,0,0,0,0,0,1,,0,"random"
"attentiongates_dpu_easy_remaining.xmodel","ang20190927t151239_r9728_c256_w512_h512",sem_pluma,0,0,0,262144,0,0,0,0,0,1,,0,"random"
"attentiongates_dpu_easy_remaining.xmodel","ang20190927t153023_r13056_c256_w512_h512",sem_pluma,0,0,0,262144,0,0,0,0,0,1,,0,"hard"
"attentiongates_dpu_easy_remaining.xmodel","ang20190927t153023_r9472_c256_w512_h512",sem_pluma,0,0,0,262144,0,0,0,0,0,1,,0,"hard"
"attentiongates_dpu_easy_remaining.xmodel","ang20190927t153023_r7680_c0_w512_h512",sem_pluma,0,0,0,262144,0,0,0,0,0,1,,0,"hard"
"attentiongates_dpu_easy_remaining.xmodel","ang20190927t153023_r5120_c0_w512_h512",sem_pluma,0,0,0,262144,0,0,0,0,0,1,,0,"random"
"attentiongates_dpu_easy_remaining.xmodel","ang20190927t153023_r11776_c256_w512_h512",sem_pluma,0,0,0,262144,0,0,0,0,0,1,,0,"random"
"attentiongates_dpu_easy_remaining.xmodel","ang20190927t153023_r10496_c256_w512_h512",sem_pluma,0,56,0,262088,0,0,0,0,0.000213623046875,0.999786376953,,0,"random"
"attentiongates_dpu_easy_remaining.xmodel","ang20190927t153023_r2560_c0_w512_h512",sem_pluma,0,0,0,262144,0,0,0,0,0,1,,0,"random"
"attentiongates_dpu_easy_remaining.xmodel","ang20190927t154855_r9984_c0_w512_h512",sem_pluma,0,26,0,262118,0,0,0,0,9.91821289062e-05,0.999900817871,,0,"hard"
"attentiongates_dpu_easy_remaining.xmodel","ang20190927t154855_r7168_c256_w512_h512",sem_pluma,0,0,0,262144,0,0,0,0,0,1,,0,"hard"
"attentiongates_dpu_easy_remaining.xmodel","ang20190927t154855_r7680_c0_w512_h512",sem_pluma,0,42,0,262102,0,0,0,0,0.000160217285156,0.999839782715,,0,"hard"
"attentiongates_dpu_easy_remaining.xmodel","ang20190927t154855_r11520_c0_w512_h512",sem_pluma,0,0,0,262144,0,0,0,0,0,1,,0,"random"
"attentiongates_dpu_easy_remaining.xmodel","ang20190927t154855_r5632_c256_w512_h512",sem_pluma,0,0,0,262144,0,0,0,0,0,1,,0,"random"
"attentiongates_dpu_easy_remaining.xmodel","ang20190927t154855_r4096_c256_w512_h512",sem_pluma,0,0,0,262144,0,0,0,0,0,1,,0,"random"
"attentiongates_dpu_easy_remaining.xmodel","ang20190927t154855_r8448_c256_w512_h512",sem_pluma,0,0,0,262144,0,0,0,0,0,1,,0,"random"
"attentiongates_dpu_easy_remaining.xmodel","ang20190927t160700_r9472_c0_w512_h512",sem_pluma,0,0,0,262144,0,0,0,0,0,1,,0,"hard"
"attentiongates_dpu_easy_remaining.xmodel","ang20190927t160700_r9984_c0_w512_h512",sem_pluma,0,0,0,262144,0,0,0,0,0,1,,0,"hard"
"attentiongates_dpu_easy_remaining.xmodel","ang20190927t160700_r7168_c0_w512_h512",sem_pluma,0,0,0,262144,0,0,0,0,0,1,,0,"hard"
"attentiongates_dpu_easy_remaining.xmodel","ang20190927t160700_r12800_c0_w512_h512",sem_pluma,0,0,0,262144,0,0,0,0,0,1,,0,"random"
"attentiongates_dpu_easy_remaining.xmodel","ang20190927t160700_r3072_c0_w512_h512",sem_pluma,0,2,0,262142,0,0,0,0,7.62939453125e-06,0.999992370605,,0,"random"
"attentiongates_dpu_easy_remaining.xmodel","ang20190927t160700_r8960_c256_w512_h512",sem_pluma,0,50,0,262094,0,0,0,0,0.000190734863281,0.999809265137,,0,"random"
"attentiongates_dpu_easy_remaining.xmodel","ang20190927t160700_r8192_c0_w512_h512",sem_pluma,0,105,0,262039,0,0,0,0,0.000400543212891,0.999599456787,,0,"random"
"attentiongates_dpu_easy_remaining.xmodel","ang20190927t162514_r8704_c0_w512_h512",sem_pluma,0,7,0,262137,0,0,0,0,2.67028808594e-05,0.999973297119,,0,"hard"
"attentiongates_dpu_easy_remaining.xmodel","ang20190927t162514_r6400_c256_w512_h512",sem_pluma,0,0,0,262144,0,0,0,0,0,1,,0,"hard"
"attentiongates_dpu_easy_remaining.xmodel","ang20190927t162514_r4096_c0_w512_h512",sem_pluma,0,0,0,262144,0,0,0,0,0,1,,0,"hard"
"attentiongates_dpu_easy_remaining.xmodel","ang20190927t162514_r2560_c256_w512_h512",sem_pluma,0,0,0,262144,0,0,0,0,0,1,,0,"random"
"attentiongates_dpu_easy_remaining.xmodel","ang20190927t162514_r12544_c0_w512_h512",sem_pluma,0,0,0,262144,0,0,0,0,0,1,,0,"random"
"attentiongates_dpu_easy_remaining.xmodel","ang20190927t162514_r11008_c0_w512_h512",sem_pluma,0,0,0,262144,0,0,0,0,0,1,,0,"random"
"attentiongates_dpu_easy_remaining.xmodel","ang20190927t162514_r1536_c256_w512_h512",sem_pluma,0,190,0,261954,0,0,0,0,0.000724792480469,0.99927520752,,0,"random"
"attentiongates_dpu_easy_remaining.xmodel","ang20190927t164322_r9472_c0_w512_h512",sem_pluma,0,0,0,262144,0,0,0,0,0,1,,0,"hard"
"attentiongates_dpu_easy_remaining.xmodel","ang20190927t164322_r5120_c0_w512_h512",sem_pluma,0,194,0,261950,0,0,0,0,0.000740051269531,0.99925994873,,0,"hard"
"attentiongates_dpu_easy_remaining.xmodel","ang20190927t164322_r10752_c0_w512_h512",sem_pluma,0,224,0,261920,0,0,0,0,0.0008544921875,0.999145507812,,0,"hard"
"attentiongates_dpu_easy_remaining.xmodel","ang20190927t164322_r1536_c0_w512_h512",sem_pluma,0,0,0,262144,0,0,0,0,0,1,,0,"random"
"attentiongates_dpu_easy_remaining.xmodel","ang20190927t164322_r7424_c0_w512_h512",sem_pluma,0,180,0,261964,0,0,0,0,0.000686645507812,0.999313354492,,0,"random"
"attentiongates_dpu_easy_remaining.xmodel","ang20190927t164322_r768_c0_w512_h512",sem_pluma,0,0,0,262144,0,0,0,0,0,1,,0,"random"
"attentiongates_dpu_easy_remaining.xmodel","ang20190927t164322_r7936_c0_w512_h512",sem_pluma,0,0,0,262144,0,0,0,0,0,1,,0,"random"
"attentiongates_dpu_easy_remaining.xmodel","ang20190927t170107_r10240_c0_w512_h512",sem_pluma,0,43,0,262101,0,0,0,0,0.000164031982422,0.999835968018,,0,"hard"
"attentiongates_dpu_easy_remaining.xmodel","ang20190927t170107_r7424_c0_w512_h512",sem_pluma,0,29,0,262115,0,0,0,0,0.000110626220703,0.999889373779,,0,"hard"
"attentiongates_dpu_easy_remaining.xmodel","ang20190927t170107_r4864_c0_w512_h512",sem_pluma,0,0,0,262144,0,0,0,0,0,1,,0,"hard"
"attentiongates_dpu_easy_remaining.xmodel","ang20190927t170107_r1536_c256_w512_h512",sem_pluma,0,0,0,262144,0,0,0,0,0,1,,0,"random"
"attentiongates_dpu_easy_remaining.xmodel","ang20190927t170107_r11520_c0_w512_h512",sem_pluma,0,24,0,262120,0,0,0,0,9.1552734375e-05,0.999908447266,,0,"random"
"attentiongates_dpu_easy_remaining.xmodel","ang20190927t170107_r3072_c256_w512_h512",sem_pluma,0,17,0,262127,0,0,0,0,6.48498535156e-05,0.999935150146,,0,"random"
"attentiongates_dpu_easy_remaining.xmodel","ang20190927t170107_r6144_c256_w512_h512",sem_pluma,0,0,0,262144,0,0,0,0,0,1,,0,"random"
"attentiongates_dpu_easy_remaining.xmodel","ang20190927t171836_r11008_c256_w512_h512",sem_pluma,0,0,0,262144,0,0,0,0,0,1,,0,"hard"
"attentiongates_dpu_easy_remaining.xmodel","ang20190927t171836_r10496_c256_w512_h512",sem_pluma,0,0,0,262144,0,0,0,0,0,1,,0,"hard"
"attentiongates_dpu_easy_remaining.xmodel","ang20190927t171836_r8704_c256_w512_h512",sem_pluma,0,0,0,262144,0,0,0,0,0,1,,0,"hard"
"attentiongates_dpu_easy_remaining.xmodel","ang20190927t171836_r9472_c0_w512_h512",sem_pluma,0,0,0,262144,0,0,0,0,0,1,,0,"random"
"attentiongates_dpu_easy_remaining.xmodel","ang20190927t171836_r4608_c0_w512_h512",sem_pluma,0,0,0,262144,0,0,0,0,0,1,,0,"random"
"attentiongates_dpu_easy_remaining.xmodel","ang20190927t171836_r12288_c256_w512_h512",sem_pluma,0,0,0,262144,0,0,0,0,0,1,,0,"random"
"attentiongates_dpu_easy_remaining.xmodel","ang20190927t171836_r9984_c256_w512_h512",sem_pluma,0,0,0,262144,0,0,0,0,0,1,,0,"random"
"attentiongates_dpu_easy_remaining.xmodel","ang20190927t173620_r9216_c256_w512_h512",sem_pluma,0,0,0,262144,0,0,0,0,0,1,,0,"hard"
"attentiongates_dpu_easy_remaining.xmodel","ang20190927t173620_r8704_c256_w512_h512",sem_pluma,0,0,0,262144,0,0,0,0,0,1,,0,"hard"
"attentiongates_dpu_easy_remaining.xmodel","ang20190927t173620_r9984_c256_w512_h512",sem_pluma,0,0,0,262144,0,0,0,0,0,1,,0,"hard"
"attentiongates_dpu_easy_remaining.xmodel","ang20190927t173620_r12544_c256_w512_h512",sem_pluma,0,0,0,262144,0,0,0,0,0,1,,0,"random"
"attentiongates_dpu_easy_remaining.xmodel","ang20190927t173620_r7936_c256_w512_h512",sem_pluma,0,0,0,262144,0,0,0,0,0,1,,0,"random"
"attentiongates_dpu_easy_remaining.xmodel","ang20190927t173620_r4608_c256_w512_h512",sem_pluma,0,0,0,262144,0,0,0,0,0,1,,0,"random"
"attentiongates_dpu_easy_remaining.xmodel","ang20190927t173620_r5888_c256_w512_h512",sem_pluma,0,0,0,262144,0,0,0,0,0,1,,0,"random"
"attentiongates_dpu_easy_remaining.xmodel","ang20190927t175410_r10496_c256_w512_h512",sem_pluma,0,0,0,262144,0,0,0,0,0,1,,0,"hard"
"attentiongates_dpu_easy_remaining.xmodel","ang20190927t175410_r7424_c0_w512_h512",sem_pluma,0,2,0,262142,0,0,0,0,7.62939453125e-06,0.999992370605,,0,"hard"
"attentiongates_dpu_easy_remaining.xmodel","ang20190927t175410_r256_c0_w512_h512",sem_pluma,0,0,0,262144,0,0,0,0,0,1,,0,"hard"
"attentiongates_dpu_easy_remaining.xmodel","ang20190927t175410_r5376_c0_w512_h512",sem_pluma,0,0,0,262144,0,0,0,0,0,1,,0,"random"
"attentiongates_dpu_easy_remaining.xmodel","ang20190927t175410_r6656_c256_w512_h512",sem_pluma,0,0,0,262144,0,0,0,0,0,1,,0,"random"
"attentiongates_dpu_easy_remaining.xmodel","ang20190927t175410_r2048_c0_w512_h512",sem_pluma,0,35,0,262109,0,0,0,0,0.000133514404297,0.999866485596,,0,"random"
"attentiongates_dpu_easy_remaining.xmodel","ang20190927t175410_r3072_c0_w512_h512",sem_pluma,0,0,0,262144,0,0,0,0,0,1,,0,"random"
"attentiongates_dpu_easy_remaining.xmodel","ang20190927t181142_r9472_c0_w512_h512",sem_pluma,0,0,0,262144,0,0,0,0,0,1,,0,"hard"
"attentiongates_dpu_easy_remaining.xmodel","ang20190927t181142_r8960_c0_w512_h512",sem_pluma,0,0,0,262144,0,0,0,0,0,1,,0,"hard"
"attentiongates_dpu_easy_remaining.xmodel","ang20190927t181142_r11776_c0_w512_h512",sem_pluma,0,0,0,262144,0,0,0,0,0,1,,0,"hard"
"attentiongates_dpu_easy_remaining.xmodel","ang20190927t181142_r6912_c0_w512_h512",sem_pluma,0,0,0,262144,0,0,0,0,0,1,,0,"random"
"attentiongates_dpu_easy_remaining.xmodel","ang20190927t181142_r2304_c256_w512_h512",sem_pluma,0,0,0,262144,0,0,0,0,0,1,,0,"random"
"attentiongates_dpu_easy_remaining.xmodel","ang20190927t181142_r6144_c256_w512_h512",sem_pluma,0,0,0,262144,0,0,0,0,0,1,,0,"random"
"attentiongates_dpu_easy_remaining.xmodel","ang20190927t181142_r3328_c0_w512_h512",sem_pluma,0,0,0,262144,0,0,0,0,0,1,,0,"random"
"attentiongates_dpu_easy_remaining.xmodel","ang20190927t182905_r10240_c0_w512_h512",sem_pluma,0,4,0,262140,0,0,0,0,1.52587890625e-05,0.999984741211,,0,"hard"
"attentiongates_dpu_easy_remaining.xmodel","ang20190927t182905_r9728_c0_w512_h512",sem_pluma,0,0,0,262144,0,0,0,0,0,1,,0,"hard"
"attentiongates_dpu_easy_remaining.xmodel","ang20190927t182905_r11776_c256_w512_h512",sem_pluma,0,0,0,262144,0,0,0,0,0,1,,0,"hard"
"attentiongates_dpu_easy_remaining.xmodel","ang20190927t182905_r768_c256_w512_h512",sem_pluma,0,0,0,262144,0,0,0,0,0,1,,0,"random"
"attentiongates_dpu_easy_remaining.xmodel","ang20190927t182905_r5632_c256_w512_h512",sem_pluma,0,0,0,262144,0,0,0,0,0,1,,0,"random"
"attentiongates_dpu_easy_remaining.xmodel","ang20190927t182905_r12800_c0_w512_h512",sem_pluma,0,0,0,262144,0,0,0,0,0,1,,0,"random"
"attentiongates_dpu_easy_remaining.xmodel","ang20190927t182905_r11264_c0_w512_h512",sem_pluma,0,0,0,262144,0,0,0,0,0,1,,0,"random"
"attentiongates_dpu_easy_remaining.xmodel","ang20190927t184620_r9472_c0_w512_h512",sem_pluma,0,0,0,262144,0,0,0,0,0,1,,0,"hard"
"attentiongates_dpu_easy_remaining.xmodel","ang20190927t184620_r8960_c0_w512_h512",sem_pluma,0,0,0,262144,0,0,0,0,0,1,,0,"hard"
"attentiongates_dpu_easy_remaining.xmodel","ang20190927t184620_r256_c256_w512_h512",sem_pluma,0,436,0,261708,0,0,0,0,0.00166320800781,0.998336791992,,0,"hard"
"attentiongates_dpu_easy_remaining.xmodel","ang20190927t184620_r4352_c0_w512_h512",sem_pluma,0,0,0,262144,0,0,0,0,0,1,,0,"random"
"attentiongates_dpu_easy_remaining.xmodel","ang20190927t184620_r6400_c0_w512_h512",sem_pluma,0,1,0,262143,0,0,0,0,3.81469726562e-06,0.999996185303,,0,"random"
"attentiongates_dpu_easy_remaining.xmodel","ang20190927t184620_r12800_c0_w512_h512",sem_pluma,0,0,0,262144,0,0,0,0,0,1,,0,"random"
"attentiongates_dpu_easy_remaining.xmodel","ang20190927t184620_r768_c256_w512_h512",sem_pluma,0,0,0,262144,0,0,0,0,0,1,,0,"random"
"attentiongates_dpu_easy_remaining.xmodel","ang20190927t190436_r8960_c0_w512_h512",sem_pluma,0,0,0,262144,0,0,0,0,0,1,,0,"hard"
"attentiongates_dpu_easy_remaining.xmodel","ang20190927t190436_r9472_c0_w512_h512",sem_pluma,0,0,0,262144,0,0,0,0,0,1,,0,"hard"
"attentiongates_dpu_easy_remaining.xmodel","ang20190927t190436_r12032_c256_w512_h512",sem_pluma,0,0,0,262144,0,0,0,0,0,1,,0,"hard"
"attentiongates_dpu_easy_remaining.xmodel","ang20190927t190436_r10496_c256_w512_h512",sem_pluma,0,0,0,262144,0,0,0,0,0,1,,0,"random"
"attentiongates_dpu_easy_remaining.xmodel","ang20190927t190436_r1280_c0_w512_h512",sem_pluma,0,0,0,262144,0,0,0,0,0,1,,0,"random"
"attentiongates_dpu_easy_remaining.xmodel","ang20190927t190436_r11264_c0_w512_h512",sem_pluma,0,0,0,262144,0,0,0,0,0,1,,0,"random"
"attentiongates_dpu_easy_remaining.xmodel","ang20190927t190436_r4096_c0_w512_h512",sem_pluma,0,0,0,262144,0,0,0,0,0,1,,0,"random"
"attentiongates_dpu_easy_remaining.xmodel","ang20190927t192237_r12288_c256_w512_h512",sem_pluma,0,0,0,262144,0,0,0,0,0,1,,0,"hard"
"attentiongates_dpu_easy_remaining.xmodel","ang20190927t192237_r8960_c0_w512_h512",sem_pluma,0,0,0,262144,0,0,0,0,0,1,,0,"hard"
"attentiongates_dpu_easy_remaining.xmodel","ang20190927t192237_r13056_c256_w512_h512",sem_pluma,0,0,0,262144,0,0,0,0,0,1,,0,"hard"
"attentiongates_dpu_easy_remaining.xmodel","ang20190927t192237_r10240_c0_w512_h512",sem_pluma,0,0,0,262144,0,0,0,0,0,1,,0,"random"
"attentiongates_dpu_easy_remaining.xmodel","ang20190927t192237_r2304_c0_w512_h512",sem_pluma,0,0,0,262144,0,0,0,0,0,1,,0,"random"
"attentiongates_dpu_easy_remaining.xmodel","ang20190927t192237_r6656_c0_w512_h512",sem_pluma,0,0,0,262144,0,0,0,0,0,1,,0,"random"
"attentiongates_dpu_easy_remaining.xmodel","ang20190927t192237_r256_c0_w512_h512",sem_pluma,0,0,0,262144,0,0,0,0,0,1,,0,"random"
"attentiongates_dpu_easy_remaining.xmodel","ang20190927t194104_r11776_c0_w512_h512",sem_pluma,0,0,0,262144,0,0,0,0,0,1,,0,"hard"
"attentiongates_dpu_easy_remaining.xmodel","ang20190927t194104_r7936_c256_w512_h512",sem_pluma,0,90,0,262054,0,0,0,0,0.000343322753906,0.999656677246,,0,"hard"
"attentiongates_dpu_easy_remaining.xmodel","ang20190927t194104_r8448_c0_w512_h512",sem_pluma,0,1798,0,260346,0,0,0,0,0.00685882568359,0.993141174316,,0,"hard"
"attentiongates_dpu_easy_remaining.xmodel","ang20190927t194104_r12288_c256_w512_h512",sem_pluma,0,0,0,262144,0,0,0,0,0,1,,0,"random"
"attentiongates_dpu_easy_remaining.xmodel","ang20190927t194104_r9728_c0_w512_h512",sem_pluma,0,0,0,262144,0,0,0,0,0,1,,0,"random"
"attentiongates_dpu_easy_remaining.xmodel","ang20190927t194104_r9216_c0_w512_h512",sem_pluma,0,0,0,262144,0,0,0,0,0,1,,0,"random"
"attentiongates_dpu_easy_remaining.xmodel","ang20190927t194104_r1024_c0_w512_h512",sem_pluma,0,0,0,262144,0,0,0,0,0,1,,0,"random"
"attentiongates_dpu_easy_remaining.xmodel","ang20190928t175550_r3328_c0_w512_h512",sem_pluma,0,0,0,262144,0,0,0,0,0,1,,0,"hard"
"attentiongates_dpu_easy_remaining.xmodel","ang20190928t175550_r2816_c0_w512_h512",sem_pluma,0,0,0,262144,0,0,0,0,0,1,,0,"hard"
"attentiongates_dpu_easy_remaining.xmodel","ang20190928t175550_r7424_c0_w512_h512",sem_pluma,0,0,0,262144,0,0,0,0,0,1,,0,"hard"
"attentiongates_dpu_easy_remaining.xmodel","ang20190928t175550_r1792_c0_w512_h512",sem_pluma,0,0,0,262144,0,0,0,0,0,1,,0,"random"
"attentiongates_dpu_easy_remaining.xmodel","ang20190928t175550_r12800_c0_w512_h512",sem_pluma,0,0,0,262144,0,0,0,0,0,1,,0,"random"
"attentiongates_dpu_easy_remaining.xmodel","ang20190928t175550_r11776_c256_w512_h512",sem_pluma,0,0,0,262144,0,0,0,0,0,1,,0,"random"
"attentiongates_dpu_easy_remaining.xmodel","ang20190928t175550_r3840_c0_w512_h512",sem_pluma,0,0,0,262144,0,0,0,0,0,1,,0,"random"
"attentiongates_dpu_easy_remaining.xmodel","ang20190928t181405_r3840_c0_w512_h512",sem_pluma,0,0,0,262144,0,0,0,0,0,1,,0,"hard"
"attentiongates_dpu_easy_remaining.xmodel","ang20190928t181405_r7936_c256_w512_h512",sem_pluma,0,0,0,262144,0,0,0,0,0,1,,0,"hard"
"attentiongates_dpu_easy_remaining.xmodel","ang20190928t181405_r13312_c256_w512_h512",sem_pluma,0,0,0,262144,0,0,0,0,0,1,,0,"hard"
"attentiongates_dpu_easy_remaining.xmodel","ang20190928t181405_r9472_c256_w512_h512",sem_pluma,0,0,0,262144,0,0,0,0,0,1,,0,"random"
"attentiongates_dpu_easy_remaining.xmodel","ang20190928t181405_r11008_c256_w512_h512",sem_pluma,0,0,0,262144,0,0,0,0,0,1,,0,"random"
"attentiongates_dpu_easy_remaining.xmodel","ang20190928t181405_r1024_c0_w512_h512",sem_pluma,0,0,0,262144,0,0,0,0,0,1,,0,"random"
"attentiongates_dpu_easy_remaining.xmodel","ang20190928t181405_r10496_c0_w512_h512",sem_pluma,0,0,0,262144,0,0,0,0,0,1,,0,"random"
"attentiongates_dpu_easy_remaining.xmodel","ang20190928t183313_r13056_c0_w512_h512",sem_pluma,0,0,0,262144,0,0,0,0,0,1,,0,"hard"
"attentiongates_dpu_easy_remaining.xmodel","ang20190928t183313_r3840_c0_w512_h512",sem_pluma,0,0,0,262144,0,0,0,0,0,1,,0,"hard"
"attentiongates_dpu_easy_remaining.xmodel","ang20190928t183313_r7424_c0_w512_h512",sem_pluma,0,0,0,262144,0,0,0,0,0,1,,0,"hard"
"attentiongates_dpu_easy_remaining.xmodel","ang20190928t183313_r7936_c0_w512_h512",sem_pluma,0,0,0,262144,0,0,0,0,0,1,,0,"random"
"attentiongates_dpu_easy_remaining.xmodel","ang20190928t183313_r5632_c0_w512_h512",sem_pluma,0,0,0,262144,0,0,0,0,0,1,,0,"random"
"attentiongates_dpu_easy_remaining.xmodel","ang20190928t183313_r12288_c256_w512_h512",sem_pluma,0,0,0,262144,0,0,0,0,0,1,,0,"random"
"attentiongates_dpu_easy_remaining.xmodel","ang20190928t183313_r11264_c0_w512_h512",sem_pluma,0,0,0,262144,0,0,0,0,0,1,,0,"random"
"attentiongates_dpu_easy_remaining.xmodel","ang20190928t185111_r13312_c0_w512_h512",sem_pluma,0,2108,0,260036,0,0,0,0,0.00804138183594,0.991958618164,,0,"hard"
"attentiongates_dpu_easy_remaining.xmodel","ang20190928t185111_r8960_c0_w512_h512",sem_pluma,0,0,0,262144,0,0,0,0,0,1,,0,"hard"
"attentiongates_dpu_easy_remaining.xmodel","ang20190928t185111_r12800_c0_w512_h512",sem_pluma,0,0,0,262144,0,0,0,0,0,1,,0,"hard"
"attentiongates_dpu_easy_remaining.xmodel","ang20190928t185111_r9472_c0_w512_h512",sem_pluma,0,0,0,262144,0,0,0,0,0,1,,0,"random"
"attentiongates_dpu_easy_remaining.xmodel","ang20190928t185111_r7936_c0_w512_h512",sem_pluma,0,0,0,262144,0,0,0,0,0,1,,0,"random"
"attentiongates_dpu_easy_remaining.xmodel","ang20190928t185111_r2304_c256_w512_h512",sem_pluma,0,2,0,262142,0,0,0,0,7.62939453125e-06,0.999992370605,,0,"random"
"attentiongates_dpu_easy_remaining.xmodel","ang20190928t185111_r3840_c0_w512_h512",sem_pluma,0,0,0,262144,0,0,0,0,0,1,,0,"random"
"attentiongates_dpu_easy_remaining.xmodel","ang20190928t190948_r12800_c256_w512_h512",sem_pluma,0,447,0,261697,0,0,0,0,0.00170516967773,0.998294830322,,0,"hard"
"attentiongates_dpu_easy_remaining.xmodel","ang20190928t190948_r0_c0_w512_h512",sem_pluma,0,0,0,262144,0,0,0,0,0,1,,0,"hard"
"attentiongates_dpu_easy_remaining.xmodel","ang20190928t190948_r2560_c0_w512_h512",sem_pluma,0,3,0,262141,0,0,0,0,1.14440917969e-05,0.999988555908,,0,"hard"
"attentiongates_dpu_easy_remaining.xmodel","ang20190928t190948_r11520_c0_w512_h512",sem_pluma,0,0,0,262144,0,0,0,0,0,1,,0,"random"
"attentiongates_dpu_easy_remaining.xmodel","ang20190928t190948_r4096_c0_w512_h512",sem_pluma,0,0,0,262144,0,0,0,0,0,1,,0,"random"
"attentiongates_dpu_easy_remaining.xmodel","ang20190928t190948_r10752_c256_w512_h512",sem_pluma,0,0,0,262144,0,0,0,0,0,1,,0,"random"
"attentiongates_dpu_easy_remaining.xmodel","ang20190928t190948_r8960_c256_w512_h512",sem_pluma,0,0,0,262144,0,0,0,0,0,1,,0,"random"
"attentiongates_dpu_easy_remaining.xmodel","ang20190928t192731_r0_c256_w512_h512",sem_pluma,0,0,0,262144,0,0,0,0,0,1,,0,"hard"
"attentiongates_dpu_easy_remaining.xmodel","ang20190928t192731_r512_c256_w512_h512",sem_pluma,0,0,0,262144,0,0,0,0,0,1,,0,"hard"
"attentiongates_dpu_easy_remaining.xmodel","ang20190928t192731_r3584_c256_w512_h512",sem_pluma,0,0,0,262144,0,0,0,0,0,1,,0,"hard"
"attentiongates_dpu_easy_remaining.xmodel","ang20190928t192731_r8192_c0_w512_h512",sem_pluma,0,0,0,262144,0,0,0,0,0,1,,0,"random"
"attentiongates_dpu_easy_remaining.xmodel","ang20190928t192731_r1024_c256_w512_h512",sem_pluma,0,0,0,262144,0,0,0,0,0,1,,0,"random"
"attentiongates_dpu_easy_remaining.xmodel","ang20190928t192731_r2816_c256_w512_h512",sem_pluma,0,0,0,262144,0,0,0,0,0,1,,0,"random"
"attentiongates_dpu_easy_remaining.xmodel","ang20190928t192731_r6912_c256_w512_h512",sem_pluma,0,0,0,262144,0,0,0,0,0,1,,0,"random"
"attentiongates_dpu_easy_remaining.xmodel","ang20190928t193847_r256_c0_w512_h512",sem_pluma,0,0,0,262144,0,0,0,0,0,1,,0,"hard"
"attentiongates_dpu_easy_remaining.xmodel","ang20190928t193847_r11008_c512_w512_h512",sem_pluma,0,1,0,262143,0,0,0,0,3.81469726562e-06,0.999996185303,,0,"hard"
"attentiongates_dpu_easy_remaining.xmodel","ang20190928t193847_r11520_c512_w512_h512",sem_pluma,0,21,0,262123,0,0,0,0,8.01086425781e-05,0.999919891357,,0,"hard"
"attentiongates_dpu_easy_remaining.xmodel","ang20190928t193847_r1792_c256_w512_h512",sem_pluma,0,0,0,262144,0,0,0,0,0,1,,0,"random"
"attentiongates_dpu_easy_remaining.xmodel","ang20190928t193847_r6912_c256_w512_h512",sem_pluma,0,0,0,262144,0,0,0,0,0,1,,0,"random"
"attentiongates_dpu_easy_remaining.xmodel","ang20190928t193847_r12800_c768_w512_h512",sem_pluma,0,0,0,262144,0,0,0,0,0,1,,0,"random"
"attentiongates_dpu_easy_remaining.xmodel","ang20190928t193847_r12288_c768_w512_h512",sem_pluma,0,0,0,262144,0,0,0,0,0,1,,0,"random"
"attentiongates_dpu_easy_remaining.xmodel","ang20191005t210402_r15872_c256_w512_h512",sem_pluma,0,0,0,262144,0,0,0,0,0,1,,0,"hard"
"attentiongates_dpu_easy_remaining.xmodel","ang20191005t210402_r12032_c0_w512_h512",sem_pluma,0,0,0,262144,0,0,0,0,0,1,,0,"hard"
"attentiongates_dpu_easy_remaining.xmodel","ang20191005t210402_r16640_c256_w512_h512",sem_pluma,0,0,0,262144,0,0,0,0,0,1,,0,"hard"
"attentiongates_dpu_easy_remaining.xmodel","ang20191005t210402_r19712_c0_w512_h512",sem_pluma,0,0,0,262144,0,0,0,0,0,1,,0,"random"
"attentiongates_dpu_easy_remaining.xmodel","ang20191005t210402_r18176_c256_w512_h512",sem_pluma,0,0,0,262144,0,0,0,0,0,1,,0,"random"
"attentiongates_dpu_easy_remaining.xmodel","ang20191005t210402_r14592_c256_w512_h512",sem_pluma,0,0,0,262144,0,0,0,0,0,1,,0,"random"
"attentiongates_dpu_easy_remaining.xmodel","ang20191005t210402_r13056_c0_w512_h512",sem_pluma,0,0,0,262144,0,0,0,0,0,1,,0,"random"
"attentiongates_dpu_easy_remaining.xmodel","ang20191005t215301_r14336_c0_w512_h512",sem_pluma,0,0,0,262144,0,0,0,0,0,1,,0,"hard"
"attentiongates_dpu_easy_remaining.xmodel","ang20191005t215301_r11520_c0_w512_h512",sem_pluma,0,0,0,262144,0,0,0,0,0,1,,0,"hard"
"attentiongates_dpu_easy_remaining.xmodel","ang20191005t215301_r15872_c256_w512_h512",sem_pluma,0,0,0,262144,0,0,0,0,0,1,,0,"hard"
"attentiongates_dpu_easy_remaining.xmodel","ang20191005t215301_r19712_c256_w512_h512",sem_pluma,0,0,0,262144,0,0,0,0,0,1,,0,"random"
"attentiongates_dpu_easy_remaining.xmodel","ang20191005t215301_r12544_c0_w512_h512",sem_pluma,0,0,0,262144,0,0,0,0,0,1,,0,"random"
"attentiongates_dpu_easy_remaining.xmodel","ang20191005t215301_r1024_c0_w512_h512",sem_pluma,0,0,0,262144,0,0,0,0,0,1,,0,"random"
"attentiongates_dpu_easy_remaining.xmodel","ang20191005t215301_r17408_c256_w512_h512",sem_pluma,0,0,0,262144,0,0,0,0,0,1,,0,"random"
"attentiongates_dpu_easy_remaining.xmodel","ang20191005t221554_r0_c0_w512_h512",sem_pluma,0,0,0,262144,0,0,0,0,0,1,,0,"hard"
"attentiongates_dpu_easy_remaining.xmodel","ang20191005t221554_r5632_c0_w512_h512",sem_pluma,0,0,0,262144,0,0,0,0,0,1,,0,"hard"
"attentiongates_dpu_easy_remaining.xmodel","ang20191005t221554_r14080_c0_w512_h512",sem_pluma,0,0,0,262144,0,0,0,0,0,1,,0,"hard"
"attentiongates_dpu_easy_remaining.xmodel","ang20191005t221554_r3840_c0_w512_h512",sem_pluma,0,25,0,262119,0,0,0,0,9.53674316406e-05,0.999904632568,,0,"random"
"attentiongates_dpu_easy_remaining.xmodel","ang20191005t221554_r15616_c0_w512_h512",sem_pluma,0,0,0,262144,0,0,0,0,0,1,,0,"random"
"attentiongates_dpu_easy_remaining.xmodel","ang20191005t221554_r8704_c0_w512_h512",sem_pluma,0,0,0,262144,0,0,0,0,0,1,,0,"random"
"attentiongates_dpu_easy_remaining.xmodel","ang20191005t221554_r768_c0_w512_h512",sem_pluma,0,47,0,262097,0,0,0,0,0.000179290771484,0.999820709229,,0,"random"
"attentiongates_dpu_easy_remaining.xmodel","ang20191006t150453_r0_c256_w512_h512",sem_pluma,0,0,0,262144,0,0,0,0,0,1,,0,"hard"
"attentiongates_dpu_easy_remaining.xmodel","ang20191006t150453_r6400_c256_w512_h512",sem_pluma,0,0,0,262144,0,0,0,0,0,1,,0,"hard"
"attentiongates_dpu_easy_remaining.xmodel","ang20191006t150453_r512_c256_w512_h512",sem_pluma,0,0,0,262144,0,0,0,0,0,1,,0,"hard"
"attentiongates_dpu_easy_remaining.xmodel","ang20191006t150453_r10240_c0_w512_h512",sem_pluma,0,0,0,262144,0,0,0,0,0,1,,0,"random"
"attentiongates_dpu_easy_remaining.xmodel","ang20191006t150453_r8704_c0_w512_h512",sem_pluma,0,0,0,262144,0,0,0,0,0,1,,0,"random"
"attentiongates_dpu_easy_remaining.xmodel","ang20191006t150453_r8192_c0_w512_h512",sem_pluma,0,0,0,262144,0,0,0,0,0,1,,0,"random"
"attentiongates_dpu_easy_remaining.xmodel","ang20191006t150453_r6912_c0_w512_h512",sem_pluma,0,18,0,262126,0,0,0,0,6.86645507812e-05,0.999931335449,,0,"random"
"attentiongates_dpu_easy_remaining.xmodel","ang20191006t152009_r6400_c0_w512_h512",sem_pluma,0,0,0,262144,0,0,0,0,0,1,,0,"hard"
"attentiongates_dpu_easy_remaining.xmodel","ang20191006t152009_r5888_c0_w512_h512",sem_pluma,0,70,0,262074,0,0,0,0,0.000267028808594,0.999732971191,,0,"hard"
"attentiongates_dpu_easy_remaining.xmodel","ang20191006t152009_r7936_c0_w512_h512",sem_pluma,0,12,0,262132,0,0,0,0,4.57763671875e-05,0.999954223633,,0,"hard"
"attentiongates_dpu_easy_remaining.xmodel","ang20191006t152009_r11008_c0_w512_h512",sem_pluma,0,0,0,262144,0,0,0,0,0,1,,0,"random"
"attentiongates_dpu_easy_remaining.xmodel","ang20191006t152009_r3840_c0_w512_h512",sem_pluma,0,0,0,262144,0,0,0,0,0,1,,0,"random"
"attentiongates_dpu_easy_remaining.xmodel","ang20191006t152009_r4864_c0_w512_h512",sem_pluma,0,0,0,262144,0,0,0,0,0,1,,0,"random"
"attentiongates_dpu_easy_remaining.xmodel","ang20191006t152009_r9984_c0_w512_h512",sem_pluma,0,0,0,262144,0,0,0,0,0,1,,0,"random"
"attentiongates_dpu_easy_remaining.xmodel","ang20191006t153731_r6144_c0_w512_h512",sem_pluma,0,14,0,262130,0,0,0,0,5.34057617188e-05,0.999946594238,,0,"hard"
"attentiongates_dpu_easy_remaining.xmodel","ang20191006t153731_r1792_c256_w512_h512",sem_pluma,0,0,0,262144,0,0,0,0,0,1,,0,"hard"
"attentiongates_dpu_easy_remaining.xmodel","ang20191006t153731_r3584_c256_w512_h512",sem_pluma,0,0,0,262144,0,0,0,0,0,1,,0,"hard"
"attentiongates_dpu_easy_remaining.xmodel","ang20191006t153731_r8960_c0_w512_h512",sem_pluma,0,239,0,261905,0,0,0,0,0.000911712646484,0.999088287354,,0,"random"
"attentiongates_dpu_easy_remaining.xmodel","ang20191006t153731_r0_c256_w512_h512",sem_pluma,0,0,0,262144,0,0,0,0,0,1,,0,"random"
"attentiongates_dpu_easy_remaining.xmodel","ang20191006t153731_r8192_c0_w512_h512",sem_pluma,0,0,0,262144,0,0,0,0,0,1,,0,"random"
"attentiongates_dpu_easy_remaining.xmodel","ang20191006t153731_r9984_c0_w512_h512",sem_pluma,0,60,0,262084,0,0,0,0,0.000228881835938,0.999771118164,,0,"random"
"attentiongates_dpu_easy_remaining.xmodel","ang20191006t155231_r6400_c256_w512_h512",sem_pluma,0,0,0,262144,0,0,0,0,0,1,,0,"hard"
"attentiongates_dpu_easy_remaining.xmodel","ang20191006t155231_r5888_c0_w512_h512",sem_pluma,0,15,0,262129,0,0,0,0,5.72204589844e-05,0.999942779541,,0,"hard"
"attentiongates_dpu_easy_remaining.xmodel","ang20191006t155231_r11008_c0_w512_h512",sem_pluma,0,0,0,262144,0,0,0,0,0,1,,0,"hard"
"attentiongates_dpu_easy_remaining.xmodel","ang20191006t155231_r512_c0_w512_h512",sem_pluma,0,0,0,262144,0,0,0,0,0,1,,0,"random"
"attentiongates_dpu_easy_remaining.xmodel","ang20191006t155231_r4096_c0_w512_h512",sem_pluma,0,0,0,262144,0,0,0,0,0,1,,0,"random"
"attentiongates_dpu_easy_remaining.xmodel","ang20191006t155231_r3584_c0_w512_h512",sem_pluma,0,0,0,262144,0,0,0,0,0,1,,0,"random"
"attentiongates_dpu_easy_remaining.xmodel","ang20191006t155231_r1792_c0_w512_h512",sem_pluma,0,2,0,262142,0,0,0,0,7.62939453125e-06,0.999992370605,,0,"random"
"attentiongates_dpu_easy_remaining.xmodel","ang20191006t160931_r5376_c256_w512_h512",sem_pluma,0,0,0,262144,0,0,0,0,0,1,,0,"hard"
"attentiongates_dpu_easy_remaining.xmodel","ang20191006t160931_r4864_c0_w512_h512",sem_pluma,0,0,0,262144,0,0,0,0,0,1,,0,"hard"
"attentiongates_dpu_easy_remaining.xmodel","ang20191006t160931_r256_c0_w512_h512",sem_pluma,0,0,0,262144,0,0,0,0,0,1,,0,"hard"
"attentiongates_dpu_easy_remaining.xmodel","ang20191006t160931_r8704_c0_w512_h512",sem_pluma,0,0,0,262144,0,0,0,0,0,1,,0,"random"
"attentiongates_dpu_easy_remaining.xmodel","ang20191006t160931_r3072_c0_w512_h512",sem_pluma,0,0,0,262144,0,0,0,0,0,1,,0,"random"
"attentiongates_dpu_easy_remaining.xmodel","ang20191006t160931_r1280_c0_w512_h512",sem_pluma,0,61,0,262083,0,0,0,0,0.000232696533203,0.999767303467,,0,"random"
"attentiongates_dpu_easy_remaining.xmodel","ang20191006t160931_r1792_c0_w512_h512",sem_pluma,0,0,0,262144,0,0,0,0,0,1,,0,"random"
"attentiongates_dpu_easy_remaining.xmodel","ang20191006t162415_r4096_c0_w512_h512",sem_pluma,0,0,0,262144,0,0,0,0,0,1,,0,"hard"
"attentiongates_dpu_easy_remaining.xmodel","ang20191006t162415_r4608_c0_w512_h512",sem_pluma,0,0,0,262144,0,0,0,0,0,1,,0,"hard"
"attentiongates_dpu_easy_remaining.xmodel","ang20191006t162415_r3584_c0_w512_h512",sem_pluma,0,0,0,262144,0,0,0,0,0,1,,0,"hard"
"attentiongates_dpu_easy_remaining.xmodel","ang20191006t162415_r9472_c256_w512_h512",sem_pluma,0,0,0,262144,0,0,0,0,0,1,,0,"random"
"attentiongates_dpu_easy_remaining.xmodel","ang20191006t162415_r512_c0_w512_h512",sem_pluma,0,0,0,262144,0,0,0,0,0,1,,0,"random"
"attentiongates_dpu_easy_remaining.xmodel","ang20191006t162415_r5376_c0_w512_h512",sem_pluma,0,0,0,262144,0,0,0,0,0,1,,0,"random"
"attentiongates_dpu_easy_remaining.xmodel","ang20191006t162415_r10240_c0_w512_h512",sem_pluma,0,0,0,262144,0,0,0,0,0,1,,0,"random"
"attentiongates_dpu_easy_remaining.xmodel","ang20191006t164135_r4864_c0_w512_h512",sem_pluma,0,0,0,262144,0,0,0,0,0,1,,0,"hard"
"attentiongates_dpu_easy_remaining.xmodel","ang20191006t164135_r3840_c256_w512_h512",sem_pluma,0,13,0,262131,0,0,0,0,4.95910644531e-05,0.999950408936,,0,"hard"
"attentiongates_dpu_easy_remaining.xmodel","ang20191006t164135_r4352_c0_w512_h512",sem_pluma,0,0,0,262144,0,0,0,0,0,1,,0,"hard"
"attentiongates_dpu_easy_remaining.xmodel","ang20191006t164135_r6912_c0_w512_h512",sem_pluma,0,0,0,262144,0,0,0,0,0,1,,0,"random"
"attentiongates_dpu_easy_remaining.xmodel","ang20191006t164135_r8704_c0_w512_h512",sem_pluma,0,0,0,262144,0,0,0,0,0,1,,0,"random"
"attentiongates_dpu_easy_remaining.xmodel","ang20191006t164135_r8192_c0_w512_h512",sem_pluma,0,0,0,262144,0,0,0,0,0,1,,0,"random"
"attentiongates_dpu_easy_remaining.xmodel","ang20191006t164135_r7424_c0_w512_h512",sem_pluma,0,0,0,262144,0,0,0,0,0,1,,0,"random"
"attentiongates_dpu_easy_remaining.xmodel","ang20191006t165608_r5120_c0_w512_h512",sem_pluma,0,0,0,262144,0,0,0,0,0,1,,0,"hard"
"attentiongates_dpu_easy_remaining.xmodel","ang20191006t165608_r8960_c0_w512_h512",sem_pluma,0,3,0,262141,0,0,0,0,1.14440917969e-05,0.999988555908,,0,"hard"
"attentiongates_dpu_easy_remaining.xmodel","ang20191006t165608_r6656_c256_w512_h512",sem_pluma,0,14,0,262130,0,0,0,0,5.34057617188e-05,0.999946594238,,0,"hard"
"attentiongates_dpu_easy_remaining.xmodel","ang20191006t171344_r8704_c0_w512_h512",sem_pluma,0,0,0,262144,0,0,0,0,0,1,,0,"hard"
"attentiongates_dpu_easy_remaining.xmodel","ang20191006t171344_r3584_c256_w512_h512",sem_pluma,0,0,0,262144,0,0,0,0,0,1,,0,"hard"
"attentiongates_dpu_easy_remaining.xmodel","ang20191006t171344_r4096_c256_w512_h512",sem_pluma,0,0,0,262144,0,0,0,0,0,1,,0,"hard"
"attentiongates_dpu_easy_remaining.xmodel","ang20191006t171344_r9984_c0_w512_h512",sem_pluma,0,0,0,262144,0,0,0,0,0,1,,0,"random"
"attentiongates_dpu_easy_remaining.xmodel","ang20191006t171344_r10496_c0_w512_h512",sem_pluma,0,0,0,262144,0,0,0,0,0,1,,0,"random"
"attentiongates_dpu_easy_remaining.xmodel","ang20191006t172739_r11008_c0_w512_h512",sem_pluma,0,0,0,262144,0,0,0,0,0,1,,0,"hard"
"attentiongates_dpu_easy_remaining.xmodel","ang20191006t172739_r8192_c0_w512_h512",sem_pluma,0,0,0,262144,0,0,0,0,0,1,,0,"hard"
"attentiongates_dpu_easy_remaining.xmodel","ang20191006t172739_r4096_c0_w512_h512",sem_pluma,0,0,0,262144,0,0,0,0,0,1,,0,"hard"
"attentiongates_dpu_easy_remaining.xmodel","ang20191006t172739_r9216_c256_w512_h512",sem_pluma,0,0,0,262144,0,0,0,0,0,1,,0,"random"
"attentiongates_dpu_easy_remaining.xmodel","ang20191006t172739_r10496_c0_w512_h512",sem_pluma,0,0,0,262144,0,0,0,0,0,1,,0,"random"
"attentiongates_dpu_easy_remaining.xmodel","ang20191006t172739_r9728_c256_w512_h512",sem_pluma,0,0,0,262144,0,0,0,0,0,1,,0,"random"
"attentiongates_dpu_easy_remaining.xmodel","ang20191006t172739_r0_c0_w512_h512",sem_pluma,0,0,0,262144,0,0,0,0,0,1,,0,"random"
"attentiongates_dpu_easy_remaining.xmodel","ang20191006t174505_r6144_c0_w512_h512",sem_pluma,0,0,0,262144,0,0,0,0,0,1,,0,"hard"
"attentiongates_dpu_easy_remaining.xmodel","ang20191006t174505_r8704_c0_w512_h512",sem_pluma,0,0,0,262144,0,0,0,0,0,1,,0,"hard"
"attentiongates_dpu_easy_remaining.xmodel","ang20191006t174505_r0_c0_w512_h512",sem_pluma,0,0,0,262144,0,0,0,0,0,1,,0,"hard"
"attentiongates_dpu_easy_remaining.xmodel","ang20191006t174505_r9472_c0_w512_h512",sem_pluma,0,0,0,262144,0,0,0,0,0,1,,0,"random"
"attentiongates_dpu_easy_remaining.xmodel","ang20191006t174505_r10496_c0_w512_h512",sem_pluma,0,0,0,262144,0,0,0,0,0,1,,0,"random"
"attentiongates_dpu_easy_remaining.xmodel","ang20191006t174505_r1280_c0_w512_h512",sem_pluma,0,0,0,262144,0,0,0,0,0,1,,0,"random"
"attentiongates_dpu_easy_remaining.xmodel","ang20191006t174505_r9984_c0_w512_h512",sem_pluma,0,4,0,262140,0,0,0,0,1.52587890625e-05,0.999984741211,,0,"random"
"attentiongates_dpu_easy_remaining.xmodel","ang20191006t180341_r5888_c0_w512_h512",sem_pluma,0,0,0,262144,0,0,0,0,0,1,,0,"hard"
"attentiongates_dpu_easy_remaining.xmodel","ang20191006t180341_r8448_c0_w512_h512",sem_pluma,0,0,0,262144,0,0,0,0,0,1,,0,"hard"
"attentiongates_dpu_easy_remaining.xmodel","ang20191006t180341_r6400_c256_w512_h512",sem_pluma,0,10,0,262134,0,0,0,0,3.81469726562e-05,0.999961853027,,0,"hard"
"attentiongates_dpu_easy_remaining.xmodel","ang20191006t180341_r10496_c256_w512_h512",sem_pluma,0,0,0,262144,0,0,0,0,0,1,,0,"random"
"attentiongates_dpu_easy_remaining.xmodel","ang20191006t180341_r2560_c0_w512_h512",sem_pluma,0,100,0,262044,0,0,0,0,0.000381469726562,0.999618530273,,0,"random"
"attentiongates_dpu_easy_remaining.xmodel","ang20191006t180341_r12032_c0_w512_h512",sem_pluma,0,0,0,262144,0,0,0,0,0,1,,0,"random"
"attentiongates_dpu_easy_remaining.xmodel","ang20191006t180341_r7936_c256_w512_h512",sem_pluma,0,40,0,262104,0,0,0,0,0.000152587890625,0.999847412109,,0,"random"
"attentiongates_dpu_easy_remaining.xmodel","ang20191006t182329_r3328_c256_w512_h512",sem_pluma,0,0,0,262144,0,0,0,0,0,1,,0,"hard"
"attentiongates_dpu_easy_remaining.xmodel","ang20191006t182329_r8704_c256_w512_h512",sem_pluma,0,0,0,262144,0,0,0,0,0,1,,0,"hard"
"attentiongates_dpu_easy_remaining.xmodel","ang20191006t182329_r6400_c256_w512_h512",sem_pluma,0,68,0,262076,0,0,0,0,0.000259399414062,0.999740600586,,0,"hard"
"attentiongates_dpu_easy_remaining.xmodel","ang20191006t182329_r12544_c256_w512_h512",sem_pluma,0,0,0,262144,0,0,0,0,0,1,,0,"random"
"attentiongates_dpu_easy_remaining.xmodel","ang20191006t182329_r8192_c256_w512_h512",sem_pluma,0,0,0,262144,0,0,0,0,0,1,,0,"random"
"attentiongates_dpu_easy_remaining.xmodel","ang20191006t182329_r11776_c512_w512_h512",sem_pluma,0,0,0,262144,0,0,0,0,0,1,,0,"random"
"attentiongates_dpu_easy_remaining.xmodel","ang20191006t182329_r2560_c256_w512_h512",sem_pluma,0,3,0,262141,0,0,0,0,1.14440917969e-05,0.999988555908,,0,"random"
"attentiongates_dpu_easy_remaining.xmodel","ang20191006t183904_r6656_c0_w512_h512",sem_pluma,0,11,0,262133,0,0,0,0,4.19616699219e-05,0.99995803833,,0,"hard"
"attentiongates_dpu_easy_remaining.xmodel","ang20191006t183904_r3584_c0_w512_h512",sem_pluma,0,0,0,262144,0,0,0,0,0,1,,0,"hard"
"attentiongates_dpu_easy_remaining.xmodel","ang20191006t183904_r2816_c0_w512_h512",sem_pluma,0,0,0,262144,0,0,0,0,0,1,,0,"hard"
"attentiongates_dpu_easy_remaining.xmodel","ang20191006t183904_r1280_c0_w512_h512",sem_pluma,0,0,0,262144,0,0,0,0,0,1,,0,"random"
"attentiongates_dpu_easy_remaining.xmodel","ang20191006t183904_r12288_c0_w512_h512",sem_pluma,0,0,0,262144,0,0,0,0,0,1,,0,"random"
"attentiongates_dpu_easy_remaining.xmodel","ang20191006t183904_r4352_c0_w512_h512",sem_pluma,0,0,0,262144,0,0,0,0,0,1,,0,"random"
"attentiongates_dpu_easy_remaining.xmodel","ang20191006t183904_r12800_c256_w512_h512",sem_pluma,0,0,0,262144,0,0,0,0,0,1,,0,"random"
"attentiongates_dpu_easy_remaining.xmodel","ang20191006t185838_r2816_c0_w512_h512",sem_pluma,0,7,0,262137,0,0,0,0,2.67028808594e-05,0.999973297119,,0,"hard"
"attentiongates_dpu_easy_remaining.xmodel","ang20191006t185838_r7424_c256_w512_h512",sem_pluma,0,0,0,262144,0,0,0,0,0,1,,0,"hard"
"attentiongates_dpu_easy_remaining.xmodel","ang20191006t185838_r4096_c0_w512_h512",sem_pluma,0,0,0,262144,0,0,0,0,0,1,,0,"hard"
"attentiongates_dpu_easy_remaining.xmodel","ang20191006t185838_r12288_c256_w512_h512",sem_pluma,0,0,0,262144,0,0,0,0,0,1,,0,"random"
"attentiongates_dpu_easy_remaining.xmodel","ang20191006t185838_r11520_c256_w512_h512",sem_pluma,0,0,0,262144,0,0,0,0,0,1,,0,"random"
"attentiongates_dpu_easy_remaining.xmodel","ang20191006t185838_r5376_c0_w512_h512",sem_pluma,0,0,0,262144,0,0,0,0,0,1,,0,"random"
"attentiongates_dpu_easy_remaining.xmodel","ang20191006t185838_r9984_c0_w512_h512",sem_pluma,0,1,0,262143,0,0,0,0,3.81469726562e-06,0.999996185303,,0,"random"
"attentiongates_dpu_easy_remaining.xmodel","ang20191006t191332_r7936_c256_w512_h512",sem_pluma,0,4,0,262140,0,0,0,0,1.52587890625e-05,0.999984741211,,0,"hard"
"attentiongates_dpu_easy_remaining.xmodel","ang20191006t191332_r6144_c256_w512_h512",sem_pluma,0,0,0,262144,0,0,0,0,0,1,,0,"hard"
"attentiongates_dpu_easy_remaining.xmodel","ang20191006t191332_r7424_c0_w512_h512",sem_pluma,0,0,0,262144,0,0,0,0,0,1,,0,"hard"
"attentiongates_dpu_easy_remaining.xmodel","ang20191006t191332_r12032_c0_w512_h512",sem_pluma,0,0,0,262144,0,0,0,0,0,1,,0,"random"
"attentiongates_dpu_easy_remaining.xmodel","ang20191006t191332_r9472_c0_w512_h512",sem_pluma,0,0,0,262144,0,0,0,0,0,1,,0,"random"
"attentiongates_dpu_easy_remaining.xmodel","ang20191006t191332_r1280_c0_w512_h512",sem_pluma,0,0,0,262144,0,0,0,0,0,1,,0,"random"
"attentiongates_dpu_easy_remaining.xmodel","ang20191006t191332_r10752_c0_w512_h512",sem_pluma,0,0,0,262144,0,0,0,0,0,1,,0,"random"
"attentiongates_dpu_easy_remaining.xmodel","ang20191007t175016_r2816_c0_w512_h512",sem_pluma,0,0,0,262144,0,0,0,0,0,1,,0,"hard"
"attentiongates_dpu_easy_remaining.xmodel","ang20191007t175016_r3328_c0_w512_h512",sem_pluma,0,0,0,262144,0,0,0,0,0,1,,0,"hard"
"attentiongates_dpu_easy_remaining.xmodel","ang20191007t175016_r0_c0_w512_h512",sem_pluma,0,0,0,262144,0,0,0,0,0,1,,0,"hard"
"attentiongates_dpu_easy_remaining.xmodel","ang20191007t175016_r7168_c0_w512_h512",sem_pluma,0,0,0,262144,0,0,0,0,0,1,,0,"random"
"attentiongates_dpu_easy_remaining.xmodel","ang20191007t175016_r9728_c0_w512_h512",sem_pluma,0,0,0,262144,0,0,0,0,0,1,,0,"random"
"attentiongates_dpu_easy_remaining.xmodel","ang20191007t175016_r3840_c0_w512_h512",sem_pluma,0,0,0,262144,0,0,0,0,0,1,,0,"random"
"attentiongates_dpu_easy_remaining.xmodel","ang20191007t180411_r4864_c0_w512_h512",sem_pluma,0,0,0,262144,0,0,0,0,0,1,,0,"hard"
"attentiongates_dpu_easy_remaining.xmodel","ang20191007t180411_r8704_c0_w512_h512",sem_pluma,0,2,0,262142,0,0,0,0,7.62939453125e-06,0.999992370605,,0,"hard"
"attentiongates_dpu_easy_remaining.xmodel","ang20191007t180411_r9216_c0_w512_h512",sem_pluma,0,9,0,262135,0,0,0,0,3.43322753906e-05,0.999965667725,,0,"hard"
"attentiongates_dpu_easy_remaining.xmodel","ang20191007t180411_r6400_c0_w512_h512",sem_pluma,0,0,0,262144,0,0,0,0,0,1,,0,"random"
"attentiongates_dpu_easy_remaining.xmodel","ang20191007t180411_r1792_c0_w512_h512",sem_pluma,0,0,0,262144,0,0,0,0,0,1,,0,"random"
"attentiongates_dpu_easy_remaining.xmodel","ang20191007t180411_r2304_c0_w512_h512",sem_pluma,0,0,0,262144,0,0,0,0,0,1,,0,"random"
"attentiongates_dpu_easy_remaining.xmodel","ang20191007t180411_r9728_c0_w512_h512",sem_pluma,0,0,0,262144,0,0,0,0,0,1,,0,"random"
"attentiongates_dpu_easy_remaining.xmodel","ang20191007t182352_r0_c0_w512_h512",sem_pluma,0,0,0,262144,0,0,0,0,0,1,,0,"hard"
"attentiongates_dpu_easy_remaining.xmodel","ang20191007t182352_r11008_c0_w512_h512",sem_pluma,0,0,0,262144,0,0,0,0,0,1,,0,"hard"
"attentiongates_dpu_easy_remaining.xmodel","ang20191007t182352_r1536_c0_w512_h512",sem_pluma,0,9,0,262135,0,0,0,0,3.43322753906e-05,0.999965667725,,0,"hard"
"attentiongates_dpu_easy_remaining.xmodel","ang20191007t182352_r9472_c256_w512_h512",sem_pluma,0,15,0,262129,0,0,0,0,5.72204589844e-05,0.999942779541,,0,"random"
"attentiongates_dpu_easy_remaining.xmodel","ang20191007t182352_r5120_c0_w512_h512",sem_pluma,0,0,0,262144,0,0,0,0,0,1,,0,"random"
"attentiongates_dpu_easy_remaining.xmodel","ang20191007t182352_r8960_c256_w512_h512",sem_pluma,0,0,0,262144,0,0,0,0,0,1,,0,"random"
"attentiongates_dpu_easy_remaining.xmodel","ang20191007t182352_r10496_c256_w512_h512",sem_pluma,0,0,0,262144,0,0,0,0,0,1,,0,"random"
"attentiongates_dpu_easy_remaining.xmodel","ang20191007t184008_r256_c0_w512_h512",sem_pluma,0,1146,0,260998,0,0,0,0,0.00437164306641,0.995628356934,,0,"hard"
"attentiongates_dpu_easy_remaining.xmodel","ang20191007t184008_r11264_c256_w512_h512",sem_pluma,0,0,0,262144,0,0,0,0,0,1,,0,"hard"
"attentiongates_dpu_easy_remaining.xmodel","ang20191007t184008_r1536_c0_w512_h512",sem_pluma,0,0,0,262144,0,0,0,0,0,1,,0,"hard"
"attentiongates_dpu_easy_remaining.xmodel","ang20191007t184008_r7936_c0_w512_h512",sem_pluma,0,13,0,262131,0,0,0,0,4.95910644531e-05,0.999950408936,,0,"random"
"attentiongates_dpu_easy_remaining.xmodel","ang20191007t184008_r6144_c256_w512_h512",sem_pluma,0,0,0,262144,0,0,0,0,0,1,,0,"random"
"attentiongates_dpu_easy_remaining.xmodel","ang20191007t184008_r9216_c0_w512_h512",sem_pluma,0,0,0,262144,0,0,0,0,0,1,,0,"random"
"attentiongates_dpu_easy_remaining.xmodel","ang20191007t184008_r10752_c256_w512_h512",sem_pluma,0,0,0,262144,0,0,0,0,0,1,,0,"random"
"attentiongates_dpu_easy_remaining.xmodel","ang20191007t185303_r1280_c0_w512_h512",sem_pluma,0,0,0,262144,0,0,0,0,0,1,,0,"hard"
"attentiongates_dpu_easy_remaining.xmodel","ang20191007t185303_r768_c0_w512_h512",sem_pluma,0,0,0,262144,0,0,0,0,0,1,,0,"hard"
"attentiongates_dpu_easy_remaining.xmodel","ang20191007t185303_r11264_c0_w512_h512",sem_pluma,0,31,0,262113,0,0,0,0,0.000118255615234,0.999881744385,,0,"hard"
"attentiongates_dpu_easy_remaining.xmodel","ang20191007t185303_r9984_c0_w512_h512",sem_pluma,0,0,0,262144,0,0,0,0,0,1,,0,"random"
"attentiongates_dpu_easy_remaining.xmodel","ang20191007t185303_r7424_c0_w512_h512",sem_pluma,0,0,0,262144,0,0,0,0,0,1,,0,"random"
"attentiongates_dpu_easy_remaining.xmodel","ang20191007t185303_r5376_c0_w512_h512",sem_pluma,0,0,0,262144,0,0,0,0,0,1,,0,"random"
"attentiongates_dpu_easy_remaining.xmodel","ang20191007t185303_r6912_c256_w512_h512",sem_pluma,0,0,0,262144,0,0,0,0,0,1,,0,"random"
"attentiongates_dpu_easy_remaining.xmodel","ang20191007t190840_r0_c0_w512_h512",sem_pluma,0,0,0,262144,0,0,0,0,0,1,,0,"hard"
"attentiongates_dpu_easy_remaining.xmodel","ang20191007t190840_r512_c0_w512_h512",sem_pluma,0,0,0,262144,0,0,0,0,0,1,,0,"hard"
"attentiongates_dpu_easy_remaining.xmodel","ang20191007t190840_r1792_c0_w512_h512",sem_pluma,0,0,0,262144,0,0,0,0,0,1,,0,"hard"
"attentiongates_dpu_easy_remaining.xmodel","ang20191007t190840_r9472_c0_w512_h512",sem_pluma,0,0,0,262144,0,0,0,0,0,1,,0,"random"
"attentiongates_dpu_easy_remaining.xmodel","ang20191007t190840_r3840_c0_w512_h512",sem_pluma,0,0,0,262144,0,0,0,0,0,1,,0,"random"
"attentiongates_dpu_easy_remaining.xmodel","ang20191007t190840_r3328_c256_w512_h512",sem_pluma,0,0,0,262144,0,0,0,0,0,1,,0,"random"
"attentiongates_dpu_easy_remaining.xmodel","ang20191007t190840_r2304_c0_w512_h512",sem_pluma,0,0,0,262144,0,0,0,0,0,1,,0,"random"
"attentiongates_dpu_easy_remaining.xmodel","ang20191007t193705_r512_c0_w512_h512",sem_pluma,0,0,0,262144,0,0,0,0,0,1,,0,"hard"
"attentiongates_dpu_easy_remaining.xmodel","ang20191007t193705_r10752_c256_w512_h512",sem_pluma,0,0,0,262144,0,0,0,0,0,1,,0,"hard"
"attentiongates_dpu_easy_remaining.xmodel","ang20191007t193705_r3328_c0_w512_h512",sem_pluma,0,0,0,262144,0,0,0,0,0,1,,0,"hard"
"attentiongates_dpu_easy_remaining.xmodel","ang20191007t193705_r10240_c0_w512_h512",sem_pluma,0,0,0,262144,0,0,0,0,0,1,,0,"random"
"attentiongates_dpu_easy_remaining.xmodel","ang20191007t193705_r4352_c0_w512_h512",sem_pluma,0,0,0,262144,0,0,0,0,0,1,,0,"random"
"attentiongates_dpu_easy_remaining.xmodel","ang20191007t193705_r8960_c256_w512_h512",sem_pluma,0,0,0,262144,0,0,0,0,0,1,,0,"random"
"attentiongates_dpu_easy_remaining.xmodel","ang20191007t193705_r8448_c0_w512_h512",sem_pluma,0,0,0,262144,0,0,0,0,0,1,,0,"random"
"attentiongates_dpu_easy_remaining.xmodel","ang20191007t195115_r0_c0_w512_h512",sem_pluma,0,0,0,262144,0,0,0,0,0,1,,0,"hard"
"attentiongates_dpu_easy_remaining.xmodel","ang20191007t195115_r6144_c256_w512_h512",sem_pluma,0,0,0,262144,0,0,0,0,0,1,,0,"hard"
"attentiongates_dpu_easy_remaining.xmodel","ang20191007t195115_r2816_c0_w512_h512",sem_pluma,0,3,0,262141,0,0,0,0,1.14440917969e-05,0.999988555908,,0,"hard"
"attentiongates_dpu_easy_remaining.xmodel","ang20191007t195115_r9216_c0_w512_h512",sem_pluma,0,0,0,262144,0,0,0,0,0,1,,0,"random"
"attentiongates_dpu_easy_remaining.xmodel","ang20191007t195115_r6656_c0_w512_h512",sem_pluma,0,0,0,262144,0,0,0,0,0,1,,0,"random"
"attentiongates_dpu_easy_remaining.xmodel","ang20191007t195115_r8704_c0_w512_h512",sem_pluma,0,0,0,262144,0,0,0,0,0,1,,0,"random"
"attentiongates_dpu_easy_remaining.xmodel","ang20191007t195115_r4608_c0_w512_h512",sem_pluma,0,0,0,262144,0,0,0,0,0,1,,0,"random"
"attentiongates_dpu_easy_remaining.xmodel","ang20191007t200647_r11264_c256_w512_h512",sem_pluma,0,26,0,262118,0,0,0,0,9.91821289062e-05,0.999900817871,,0,"hard"
"attentiongates_dpu_easy_remaining.xmodel","ang20191007t200647_r2560_c0_w512_h512",sem_pluma,0,0,0,262144,0,0,0,0,0,1,,0,"hard"
"attentiongates_dpu_easy_remaining.xmodel","ang20191007t200647_r9472_c0_w512_h512",sem_pluma,0,0,0,262144,0,0,0,0,0,1,,0,"hard"
"attentiongates_dpu_easy_remaining.xmodel","ang20191007t200647_r7680_c256_w512_h512",sem_pluma,0,0,0,262144,0,0,0,0,0,1,,0,"random"
"attentiongates_dpu_easy_remaining.xmodel","ang20191007t200647_r8448_c0_w512_h512",sem_pluma,0,0,0,262144,0,0,0,0,0,1,,0,"random"
"attentiongates_dpu_easy_remaining.xmodel","ang20191007t200647_r3072_c0_w512_h512",sem_pluma,0,0,0,262144,0,0,0,0,0,1,,0,"random"
"attentiongates_dpu_easy_remaining.xmodel","ang20191007t200647_r8960_c256_w512_h512",sem_pluma,0,0,0,262144,0,0,0,0,0,1,,0,"random"
"attentiongates_dpu_easy_remaining.xmodel","ang20191007t201917_r0_c1536_w512_h512",sem_pluma,0,0,0,262144,0,0,0,0,0,1,,0,"hard"
"attentiongates_dpu_easy_remaining.xmodel","ang20191007t201917_r2560_c1536_w512_h512",sem_pluma,0,0,0,262144,0,0,0,0,0,1,,0,"hard"
"attentiongates_dpu_easy_remaining.xmodel","ang20191007t201917_r512_c1536_w512_h512",sem_pluma,0,0,0,262144,0,0,0,0,0,1,,0,"hard"
"attentiongates_dpu_easy_remaining.xmodel","ang20191007t201917_r7424_c1536_w512_h512",sem_pluma,0,11,0,262133,0,0,0,0,4.19616699219e-05,0.99995803833,,0,"random"
"attentiongates_dpu_easy_remaining.xmodel","ang20191007t201917_r7936_c1536_w512_h512",sem_pluma,0,0,0,262144,0,0,0,0,0,1,,0,"random"
"attentiongates_dpu_easy_remaining.xmodel","ang20191007t201917_r2048_c1536_w512_h512",sem_pluma,0,50,0,262094,0,0,0,0,0.000190734863281,0.999809265137,,0,"random"
"attentiongates_dpu_easy_remaining.xmodel","ang20191007t201917_r1280_c1536_w512_h512",sem_pluma,0,0,0,262144,0,0,0,0,0,1,,0,"random"
"attentiongates_dpu_easy_remaining.xmodel","ang20191008t151045_r3328_c0_w512_h512",sem_pluma,0,7,0,262137,0,0,0,0,2.67028808594e-05,0.999973297119,,0,"hard"
"attentiongates_dpu_easy_remaining.xmodel","ang20191008t151045_r2048_c0_w512_h512",sem_pluma,0,4527,0,257617,0,0,0,0,0.0172691345215,0.982730865479,,0,"hard"
"attentiongates_dpu_easy_remaining.xmodel","ang20191008t151045_r5888_c0_w512_h512",sem_pluma,0,0,0,262144,0,0,0,0,0,1,,0,"hard"
"attentiongates_dpu_easy_remaining.xmodel","ang20191008t151045_r12544_c256_w512_h512",sem_pluma,0,0,0,262144,0,0,0,0,0,1,,0,"random"
"attentiongates_dpu_easy_remaining.xmodel","ang20191008t151045_r15104_c0_w512_h512",sem_pluma,0,16,0,262128,0,0,0,0,6.103515625e-05,0.999938964844,,0,"random"
"attentiongates_dpu_easy_remaining.xmodel","ang20191008t151045_r16896_c256_w512_h512",sem_pluma,0,0,0,262144,0,0,0,0,0,1,,0,"random"
"attentiongates_dpu_easy_remaining.xmodel","ang20191008t151045_r0_c0_w512_h512",sem_pluma,0,3,0,262141,0,0,0,0,1.14440917969e-05,0.999988555908,,0,"random"
"attentiongates_dpu_easy_remaining.xmodel","ang20191008t153517_r18176_c0_w512_h512",sem_pluma,0,0,0,262144,0,0,0,0,0,1,,0,"hard"
"attentiongates_dpu_easy_remaining.xmodel","ang20191008t153517_r16896_c0_w512_h512",sem_pluma,0,0,0,262144,0,0,0,0,0,1,,0,"hard"
"attentiongates_dpu_easy_remaining.xmodel","ang20191008t153517_r20224_c0_w512_h512",sem_pluma,0,0,0,262144,0,0,0,0,0,1,,0,"hard"
"attentiongates_dpu_easy_remaining.xmodel","ang20191008t153517_r15616_c256_w512_h512",sem_pluma,0,0,0,262144,0,0,0,0,0,1,,0,"random"
"attentiongates_dpu_easy_remaining.xmodel","ang20191008t153517_r13312_c0_w512_h512",sem_pluma,0,0,0,262144,0,0,0,0,0,1,,0,"random"
"attentiongates_dpu_easy_remaining.xmodel","ang20191008t153517_r512_c0_w512_h512",sem_pluma,0,0,0,262144,0,0,0,0,0,1,,0,"random"
"attentiongates_dpu_easy_remaining.xmodel","ang20191008t153517_r10752_c0_w512_h512",sem_pluma,0,0,0,262144,0,0,0,0,0,1,,0,"random"
"attentiongates_dpu_easy_remaining.xmodel","ang20191008t160209_r1024_c0_w512_h512",sem_pluma,0,0,0,262144,0,0,0,0,0,1,,0,"hard"
"attentiongates_dpu_easy_remaining.xmodel","ang20191008t160209_r4352_c0_w512_h512",sem_pluma,0,0,0,262144,0,0,0,0,0,1,,0,"hard"
"attentiongates_dpu_easy_remaining.xmodel","ang20191008t160209_r2048_c0_w512_h512",sem_pluma,0,22,0,262122,0,0,0,0,8.39233398438e-05,0.99991607666,,0,"hard"
"attentiongates_dpu_easy_remaining.xmodel","ang20191008t160209_r11008_c256_w512_h512",sem_pluma,0,0,0,262144,0,0,0,0,0,1,,0,"random"
"attentiongates_dpu_easy_remaining.xmodel","ang20191008t160209_r17664_c0_w512_h512",sem_pluma,0,0,0,262144,0,0,0,0,0,1,,0,"random"
"attentiongates_dpu_easy_remaining.xmodel","ang20191008t160209_r14848_c0_w512_h512",sem_pluma,0,0,0,262144,0,0,0,0,0,1,,0,"random"
"attentiongates_dpu_easy_remaining.xmodel","ang20191008t160209_r3072_c0_w512_h512",sem_pluma,0,98,0,262046,0,0,0,0,0.000373840332031,0.999626159668,,0,"random"
"attentiongates_dpu_easy_remaining.xmodel","ang20191008t165855_r15360_c256_w512_h512",sem_pluma,0,0,0,262144,0,0,0,0,0,1,,0,"hard"
"attentiongates_dpu_easy_remaining.xmodel","ang20191008t165855_r15872_c256_w512_h512",sem_pluma,0,0,0,262144,0,0,0,0,0,1,,0,"hard"
"attentiongates_dpu_easy_remaining.xmodel","ang20191008t165855_r1536_c0_w512_h512",sem_pluma,0,0,0,262144,0,0,0,0,0,1,,0,"hard"
"attentiongates_dpu_easy_remaining.xmodel","ang20191008t165855_r19200_c0_w512_h512",sem_pluma,0,0,0,262144,0,0,0,0,0,1,,0,"random"
"attentiongates_dpu_easy_remaining.xmodel","ang20191008t165855_r17664_c0_w512_h512",sem_pluma,0,0,0,262144,0,0,0,0,0,1,,0,"random"
"attentiongates_dpu_easy_remaining.xmodel","ang20191008t165855_r14080_c0_w512_h512",sem_pluma,0,0,0,262144,0,0,0,0,0,1,,0,"random"
"attentiongates_dpu_easy_remaining.xmodel","ang20191008t165855_r12032_c256_w512_h512",sem_pluma,0,0,0,262144,0,0,0,0,0,1,,0,"random"
"attentiongates_dpu_easy_remaining.xmodel","ang20191008t172458_r1536_c0_w512_h512",sem_pluma,0,0,0,262144,0,0,0,0,0,1,,0,"hard"
"attentiongates_dpu_easy_remaining.xmodel","ang20191008t172458_r768_c0_w512_h512",sem_pluma,0,0,0,262144,0,0,0,0,0,1,,0,"hard"
"attentiongates_dpu_easy_remaining.xmodel","ang20191008t172458_r3840_c0_w512_h512",sem_pluma,0,0,0,262144,0,0,0,0,0,1,,0,"hard"
"attentiongates_dpu_easy_remaining.xmodel","ang20191008t172458_r16640_c0_w512_h512",sem_pluma,0,0,0,262144,0,0,0,0,0,1,,0,"random"
"attentiongates_dpu_easy_remaining.xmodel","ang20191008t172458_r11264_c0_w512_h512",sem_pluma,0,0,0,262144,0,0,0,0,0,1,,0,"random"
"attentiongates_dpu_easy_remaining.xmodel","ang20191008t172458_r19456_c256_w512_h512",sem_pluma,0,0,0,262144,0,0,0,0,0,1,,0,"random"
"attentiongates_dpu_easy_remaining.xmodel","ang20191008t172458_r13312_c0_w512_h512",sem_pluma,0,0,0,262144,0,0,0,0,0,1,,0,"random"
"attentiongates_dpu_easy_remaining.xmodel","ang20191008t182150_r13312_c256_w512_h512",sem_pluma,0,0,0,262144,0,0,0,0,0,1,,0,"hard"
"attentiongates_dpu_easy_remaining.xmodel","ang20191008t182150_r7424_c256_w512_h512",sem_pluma,0,1,0,262143,0,0,0,0,3.81469726562e-06,0.999996185303,,0,"hard"
"attentiongates_dpu_easy_remaining.xmodel","ang20191008t182150_r12800_c256_w512_h512",sem_pluma,0,0,0,262144,0,0,0,0,0,1,,0,"hard"
"attentiongates_dpu_easy_remaining.xmodel","ang20191008t182150_r7936_c256_w512_h512",sem_pluma,0,0,0,262144,0,0,0,0,0,1,,0,"random"
"attentiongates_dpu_easy_remaining.xmodel","ang20191008t182150_r1792_c256_w512_h512",sem_pluma,0,0,0,262144,0,0,0,0,0,1,,0,"random"
"attentiongates_dpu_easy_remaining.xmodel","ang20191008t182150_r3072_c256_w512_h512",sem_pluma,0,8,0,262136,0,0,0,0,3.0517578125e-05,0.999969482422,,0,"random"
"attentiongates_dpu_easy_remaining.xmodel","ang20191008t182150_r0_c0_w512_h512",sem_pluma,0,0,0,262144,0,0,0,0,0,1,,0,"random"
"attentiongates_dpu_easy_remaining.xmodel","ang20191008t183946_r6656_c0_w512_h512",sem_pluma,0,0,0,262144,0,0,0,0,0,1,,0,"hard"
"attentiongates_dpu_easy_remaining.xmodel","ang20191008t183946_r7424_c0_w512_h512",sem_pluma,0,0,0,262144,0,0,0,0,0,1,,0,"hard"
"attentiongates_dpu_easy_remaining.xmodel","ang20191008t183946_r8192_c0_w512_h512",sem_pluma,0,0,0,262144,0,0,0,0,0,1,,0,"hard"
"attentiongates_dpu_easy_remaining.xmodel","ang20191008t183946_r3328_c256_w512_h512",sem_pluma,0,0,0,262144,0,0,0,0,0,1,,0,"random"
"attentiongates_dpu_easy_remaining.xmodel","ang20191008t183946_r4864_c0_w512_h512",sem_pluma,0,0,0,262144,0,0,0,0,0,1,,0,"random"
"attentiongates_dpu_easy_remaining.xmodel","ang20191008t183946_r1280_c256_w512_h512",sem_pluma,0,0,0,262144,0,0,0,0,0,1,,0,"random"
"attentiongates_dpu_easy_remaining.xmodel","ang20191008t183946_r768_c0_w512_h512",sem_pluma,0,0,0,262144,0,0,0,0,0,1,,0,"random"
"attentiongates_dpu_easy_remaining.xmodel","ang20191008t190449_r6400_c0_w512_h512",sem_pluma,0,0,0,262144,0,0,0,0,0,1,,0,"hard"
"attentiongates_dpu_easy_remaining.xmodel","ang20191008t190449_r7168_c256_w512_h512",sem_pluma,0,0,0,262144,0,0,0,0,0,1,,0,"hard"
"attentiongates_dpu_easy_remaining.xmodel","ang20191008t190449_r5888_c0_w512_h512",sem_pluma,0,0,0,262144,0,0,0,0,0,1,,0,"hard"
"attentiongates_dpu_easy_remaining.xmodel","ang20191008t190449_r12800_c256_w512_h512",sem_pluma,0,0,0,262144,0,0,0,0,0,1,,0,"random"
"attentiongates_dpu_easy_remaining.xmodel","ang20191008t190449_r11776_c256_w512_h512",sem_pluma,0,0,0,262144,0,0,0,0,0,1,,0,"random"
"attentiongates_dpu_easy_remaining.xmodel","ang20191008t190449_r11264_c256_w512_h512",sem_pluma,0,0,0,262144,0,0,0,0,0,1,,0,"random"
"attentiongates_dpu_easy_remaining.xmodel","ang20191008t190449_r9728_c256_w512_h512",sem_pluma,0,0,0,262144,0,0,0,0,0,1,,0,"random"
"attentiongates_dpu_easy_remaining.xmodel","ang20191008t194115_r11776_c256_w512_h512",sem_pluma,0,0,0,262144,0,0,0,0,0,1,,0,"hard"
"attentiongates_dpu_easy_remaining.xmodel","ang20191008t194115_r0_c0_w512_h512",sem_pluma,0,0,0,262144,0,0,0,0,0,1,,0,"hard"
"attentiongates_dpu_easy_remaining.xmodel","ang20191008t194115_r6144_c256_w512_h512",sem_pluma,0,0,0,262144,0,0,0,0,0,1,,0,"hard"
"attentiongates_dpu_easy_remaining.xmodel","ang20191008t194115_r13056_c256_w512_h512",sem_pluma,0,0,0,262144,0,0,0,0,0,1,,0,"random"
"attentiongates_dpu_easy_remaining.xmodel","ang20191008t194115_r7424_c256_w512_h512",sem_pluma,0,0,0,262144,0,0,0,0,0,1,,0,"random"
"attentiongates_dpu_easy_remaining.xmodel","ang20191008t194115_r4096_c0_w512_h512",sem_pluma,0,0,0,262144,0,0,0,0,0,1,,0,"random"
"attentiongates_dpu_easy_remaining.xmodel","ang20191008t194115_r8704_c256_w512_h512",sem_pluma,0,0,0,262144,0,0,0,0,0,1,,0,"random"
"attentiongates_dpu_easy_remaining.xmodel","ang20191008t195936_r12800_c256_w512_h512",sem_pluma,0,0,0,262144,0,0,0,0,0,1,,0,"hard"
"attentiongates_dpu_easy_remaining.xmodel","ang20191008t195936_r13312_c0_w512_h512",sem_pluma,0,0,0,262144,0,0,0,0,0,1,,0,"hard"
"attentiongates_dpu_easy_remaining.xmodel","ang20191008t195936_r6144_c256_w512_h512",sem_pluma,0,0,0,262144,0,0,0,0,0,1,,0,"hard"
"attentiongates_dpu_easy_remaining.xmodel","ang20191008t195936_r9728_c256_w512_h512",sem_pluma,0,0,0,262144,0,0,0,0,0,1,,0,"random"
"attentiongates_dpu_easy_remaining.xmodel","ang20191008t195936_r11776_c0_w512_h512",sem_pluma,0,0,0,262144,0,0,0,0,0,1,,0,"random"
"attentiongates_dpu_easy_remaining.xmodel","ang20191008t195936_r8960_c256_w512_h512",sem_pluma,0,0,0,262144,0,0,0,0,0,1,,0,"random"
"attentiongates_dpu_easy_remaining.xmodel","ang20191008t195936_r2560_c256_w512_h512",sem_pluma,0,0,0,262144,0,0,0,0,0,1,,0,"random"
"attentiongates_dpu_easy_remaining.xmodel","ang20191010t152203_r768_c0_w512_h512",sem_pluma,0,33,0,262111,0,0,0,0,0.000125885009766,0.99987411499,,0,"hard"
"attentiongates_dpu_easy_remaining.xmodel","ang20191010t152203_r256_c0_w512_h512",sem_pluma,0,0,0,262144,0,0,0,0,0,1,,0,"hard"
"attentiongates_dpu_easy_remaining.xmodel","ang20191010t152203_r8448_c0_w512_h512",sem_pluma,0,0,0,262144,0,0,0,0,0,1,,0,"hard"
"attentiongates_dpu_easy_remaining.xmodel","ang20191010t152203_r6144_c0_w512_h512",sem_pluma,0,28,0,262116,0,0,0,0,0.000106811523438,0.999893188477,,0,"random"
"attentiongates_dpu_easy_remaining.xmodel","ang20191010t152203_r1280_c0_w512_h512",sem_pluma,0,0,0,262144,0,0,0,0,0,1,,0,"random"
"attentiongates_dpu_easy_remaining.xmodel","ang20191010t152203_r11776_c0_w512_h512",sem_pluma,0,0,0,262144,0,0,0,0,0,1,,0,"random"
"attentiongates_dpu_easy_remaining.xmodel","ang20191010t152203_r10240_c0_w512_h512",sem_pluma,0,0,0,262144,0,0,0,0,0,1,,0,"random"
"attentiongates_dpu_easy_remaining.xmodel","ang20191010t155034_r3840_c0_w512_h512",sem_pluma,0,7,0,262137,0,0,0,0,2.67028808594e-05,0.999973297119,,0,"hard"
"attentiongates_dpu_easy_remaining.xmodel","ang20191010t155034_r20224_c256_w512_h512",sem_pluma,0,0,0,262144,0,0,0,0,0,1,,0,"hard"
"attentiongates_dpu_easy_remaining.xmodel","ang20191010t155034_r256_c0_w512_h512",sem_pluma,0,0,0,262144,0,0,0,0,0,1,,0,"hard"
"attentiongates_dpu_easy_remaining.xmodel","ang20191010t155034_r12288_c0_w512_h512",sem_pluma,0,0,0,262144,0,0,0,0,0,1,,0,"random"
"attentiongates_dpu_easy_remaining.xmodel","ang20191010t155034_r17920_c256_w512_h512",sem_pluma,0,0,0,262144,0,0,0,0,0,1,,0,"random"
"attentiongates_dpu_easy_remaining.xmodel","ang20191010t155034_r14848_c0_w512_h512",sem_pluma,0,0,0,262144,0,0,0,0,0,1,,0,"random"
"attentiongates_dpu_easy_remaining.xmodel","ang20191010t155034_r10240_c0_w512_h512",sem_pluma,0,0,0,262144,0,0,0,0,0,1,,0,"random"
"attentiongates_dpu_easy_remaining.xmodel","ang20191010t161700_r4352_c0_w512_h512",sem_pluma,0,0,0,262144,0,0,0,0,0,1,,0,"hard"
"attentiongates_dpu_easy_remaining.xmodel","ang20191010t161700_r5632_c0_w512_h512",sem_pluma,0,0,0,262144,0,0,0,0,0,1,,0,"hard"
"attentiongates_dpu_easy_remaining.xmodel","ang20191010t161700_r4864_c0_w512_h512",sem_pluma,0,202,0,261942,0,0,0,0,0.000770568847656,0.999229431152,,0,"hard"
"attentiongates_dpu_easy_remaining.xmodel","ang20191010t161700_r13056_c0_w512_h512",sem_pluma,0,0,0,262144,0,0,0,0,0,1,,0,"random"
"attentiongates_dpu_easy_remaining.xmodel","ang20191010t161700_r17408_c0_w512_h512",sem_pluma,0,0,0,262144,0,0,0,0,0,1,,0,"random"
"attentiongates_dpu_easy_remaining.xmodel","ang20191010t161700_r6656_c0_w512_h512",sem_pluma,0,2,0,262142,0,0,0,0,7.62939453125e-06,0.999992370605,,0,"random"
"attentiongates_dpu_easy_remaining.xmodel","ang20191010t161700_r18944_c0_w512_h512",sem_pluma,0,0,0,262144,0,0,0,0,0,1,,0,"random"
"attentiongates_dpu_easy_remaining.xmodel","ang20191010t174755_r19712_c1024_w512_h512",sem_pluma,0,0,0,262144,0,0,0,0,0,1,,0,"hard"
"attentiongates_dpu_easy_remaining.xmodel","ang20191010t174755_r1536_c256_w512_h512",sem_pluma,0,0,0,262144,0,0,0,0,0,1,,0,"hard"
"attentiongates_dpu_easy_remaining.xmodel","ang20191010t174755_r9216_c256_w512_h512",sem_pluma,0,0,0,262144,0,0,0,0,0,1,,0,"hard"
"attentiongates_dpu_easy_remaining.xmodel","ang20191010t174755_r18688_c512_w512_h512",sem_pluma,0,0,0,262144,0,0,0,0,0,1,,0,"random"
"attentiongates_dpu_easy_remaining.xmodel","ang20191010t174755_r15360_c512_w512_h512",sem_pluma,0,0,0,262144,0,0,0,0,0,1,,0,"random"
"attentiongates_dpu_easy_remaining.xmodel","ang20191010t174755_r13056_c512_w512_h512",sem_pluma,0,0,0,262144,0,0,0,0,0,1,,0,"random"
"attentiongates_dpu_easy_remaining.xmodel","ang20191010t174755_r18176_c512_w512_h512",sem_pluma,0,0,0,262144,0,0,0,0,0,1,,0,"random"
"attentiongates_dpu_easy_remaining.xmodel","ang20191010t182147_r7168_c0_w512_h512",sem_pluma,0,0,0,262144,0,0,0,0,0,1,,0,"hard"
"attentiongates_dpu_easy_remaining.xmodel","ang20191010t182147_r13312_c0_w512_h512",sem_pluma,0,0,0,262144,0,0,0,0,0,1,,0,"hard"
"attentiongates_dpu_easy_remaining.xmodel","ang20191010t182147_r7680_c0_w512_h512",sem_pluma,0,0,0,262144,0,0,0,0,0,1,,0,"hard"
"attentiongates_dpu_easy_remaining.xmodel","ang20191010t182147_r10752_c0_w512_h512",sem_pluma,0,0,0,262144,0,0,0,0,0,1,,0,"random"
"attentiongates_dpu_easy_remaining.xmodel","ang20191010t182147_r10240_c256_w512_h512",sem_pluma,0,0,0,262144,0,0,0,0,0,1,,0,"random"
"attentiongates_dpu_easy_remaining.xmodel","ang20191010t182147_r12544_c0_w512_h512",sem_pluma,0,0,0,262144,0,0,0,0,0,1,,0,"random"
"attentiongates_dpu_easy_remaining.xmodel","ang20191010t182147_r2304_c0_w512_h512",sem_pluma,0,0,0,262144,0,0,0,0,0,1,,0,"random"
"attentiongates_dpu_easy_remaining.xmodel","ang20191010t184216_r13568_c256_w512_h512",sem_pluma,0,0,0,262144,0,0,0,0,0,1,,0,"hard"
"attentiongates_dpu_easy_remaining.xmodel","ang20191010t184216_r8192_c256_w512_h512",sem_pluma,0,0,0,262144,0,0,0,0,0,1,,0,"hard"
"attentiongates_dpu_easy_remaining.xmodel","ang20191010t184216_r13056_c256_w512_h512",sem_pluma,0,0,0,262144,0,0,0,0,0,1,,0,"hard"
"attentiongates_dpu_easy_remaining.xmodel","ang20191010t184216_r768_c0_w512_h512",sem_pluma,0,0,0,262144,0,0,0,0,0,1,,0,"random"
"attentiongates_dpu_easy_remaining.xmodel","ang20191010t184216_r0_c0_w512_h512",sem_pluma,0,0,0,262144,0,0,0,0,0,1,,0,"random"
"attentiongates_dpu_easy_remaining.xmodel","ang20191010t184216_r5376_c0_w512_h512",sem_pluma,0,0,0,262144,0,0,0,0,0,1,,0,"random"
"attentiongates_dpu_easy_remaining.xmodel","ang20191010t184216_r6400_c256_w512_h512",sem_pluma,0,9,0,262135,0,0,0,0,3.43322753906e-05,0.999965667725,,0,"random"
"attentiongates_dpu_easy_remaining.xmodel","ang20191010t185941_r7424_c0_w512_h512",sem_pluma,0,13,0,262131,0,0,0,0,4.95910644531e-05,0.999950408936,,0,"hard"
"attentiongates_dpu_easy_remaining.xmodel","ang20191010t185941_r9216_c0_w512_h512",sem_pluma,0,0,0,262144,0,0,0,0,0,1,,0,"hard"
"attentiongates_dpu_easy_remaining.xmodel","ang20191010t185941_r12800_c0_w512_h512",sem_pluma,0,0,0,262144,0,0,0,0,0,1,,0,"hard"
"attentiongates_dpu_easy_remaining.xmodel","ang20191010t185941_r4096_c256_w512_h512",sem_pluma,0,0,0,262144,0,0,0,0,0,1,,0,"random"
"attentiongates_dpu_easy_remaining.xmodel","ang20191010t185941_r512_c256_w512_h512",sem_pluma,0,0,0,262144,0,0,0,0,0,1,,0,"random"
"attentiongates_dpu_easy_remaining.xmodel","ang20191010t185941_r5120_c0_w512_h512",sem_pluma,0,0,0,262144,0,0,0,0,0,1,,0,"random"
"attentiongates_dpu_easy_remaining.xmodel","ang20191010t185941_r9984_c0_w512_h512",sem_pluma,0,0,0,262144,0,0,0,0,0,1,,0,"random"
"attentiongates_dpu_easy_remaining.xmodel","ang20191010t192008_r6656_c256_w512_h512",sem_pluma,0,0,0,262144,0,0,0,0,0,1,,0,"hard"
"attentiongates_dpu_easy_remaining.xmodel","ang20191010t192008_r13312_c256_w512_h512",sem_pluma,0,0,0,262144,0,0,0,0,0,1,,0,"hard"
"attentiongates_dpu_easy_remaining.xmodel","ang20191010t192008_r3840_c0_w512_h512",sem_pluma,0,0,0,262144,0,0,0,0,0,1,,0,"hard"
"attentiongates_dpu_easy_remaining.xmodel","ang20191010t192008_r9984_c256_w512_h512",sem_pluma,0,0,0,262144,0,0,0,0,0,1,,0,"random"
"attentiongates_dpu_easy_remaining.xmodel","ang20191010t192008_r2560_c0_w512_h512",sem_pluma,0,0,0,262144,0,0,0,0,0,1,,0,"random"
"attentiongates_dpu_easy_remaining.xmodel","ang20191010t192008_r10496_c256_w512_h512",sem_pluma,0,0,0,262144,0,0,0,0,0,1,,0,"random"
"attentiongates_dpu_easy_remaining.xmodel","ang20191010t192008_r5888_c256_w512_h512",sem_pluma,0,0,0,262144,0,0,0,0,0,1,,0,"random"
"attentiongates_dpu_easy_remaining.xmodel","ang20191010t193818_r6400_c0_w512_h512",sem_pluma,0,0,0,262144,0,0,0,0,0,1,,0,"hard"
"attentiongates_dpu_easy_remaining.xmodel","ang20191010t193818_r9984_c256_w512_h512",sem_pluma,0,0,0,262144,0,0,0,0,0,1,,0,"hard"
"attentiongates_dpu_easy_remaining.xmodel","ang20191010t193818_r1280_c0_w512_h512",sem_pluma,0,0,0,262144,0,0,0,0,0,1,,0,"hard"
"attentiongates_dpu_easy_remaining.xmodel","ang20191010t193818_r11520_c0_w512_h512",sem_pluma,0,0,0,262144,0,0,0,0,0,1,,0,"random"
"attentiongates_dpu_easy_remaining.xmodel","ang20191010t193818_r8704_c0_w512_h512",sem_pluma,0,0,0,262144,0,0,0,0,0,1,,0,"random"
"attentiongates_dpu_easy_remaining.xmodel","ang20191010t193818_r9472_c256_w512_h512",sem_pluma,0,14,0,262130,0,0,0,0,5.34057617188e-05,0.999946594238,,0,"random"
"attentiongates_dpu_easy_remaining.xmodel","ang20191010t193818_r10752_c256_w512_h512",sem_pluma,0,0,0,262144,0,0,0,0,0,1,,0,"random"
"attentiongates_dpu_easy_remaining.xmodel","ang20191010t195717_r6144_c0_w512_h512",sem_pluma,0,0,0,262144,0,0,0,0,0,1,,0,"hard"
"attentiongates_dpu_easy_remaining.xmodel","ang20191010t195717_r12544_c0_w512_h512",sem_pluma,0,0,0,262144,0,0,0,0,0,1,,0,"hard"
"attentiongates_dpu_easy_remaining.xmodel","ang20191010t195717_r4608_c0_w512_h512",sem_pluma,0,0,0,262144,0,0,0,0,0,1,,0,"hard"
"attentiongates_dpu_easy_remaining.xmodel","ang20191010t195717_r8448_c0_w512_h512",sem_pluma,0,0,0,262144,0,0,0,0,0,1,,0,"random"
"attentiongates_dpu_easy_remaining.xmodel","ang20191010t195717_r6656_c256_w512_h512",sem_pluma,0,0,0,262144,0,0,0,0,0,1,,0,"random"
"attentiongates_dpu_easy_remaining.xmodel","ang20191010t195717_r2304_c256_w512_h512",sem_pluma,0,8,0,262136,0,0,0,0,3.0517578125e-05,0.999969482422,,0,"random"
"attentiongates_dpu_easy_remaining.xmodel","ang20191010t195717_r11008_c0_w512_h512",sem_pluma,0,4,0,262140,0,0,0,0,1.52587890625e-05,0.999984741211,,0,"random"
"attentiongates_dpu_easy_remaining.xmodel","ang20191011t152413_r7168_c0_w512_h512",sem_pluma,0,0,0,262144,0,0,0,0,0,1,,0,"hard"
"attentiongates_dpu_easy_remaining.xmodel","ang20191011t152413_r0_c0_w512_h512",sem_pluma,0,0,0,262144,0,0,0,0,0,1,,0,"hard"
"attentiongates_dpu_easy_remaining.xmodel","ang20191011t152413_r3584_c0_w512_h512",sem_pluma,0,0,0,262144,0,0,0,0,0,1,,0,"hard"
"attentiongates_dpu_easy_remaining.xmodel","ang20191011t152413_r11520_c0_w512_h512",sem_pluma,0,0,0,262144,0,0,0,0,0,1,,0,"random"
"attentiongates_dpu_easy_remaining.xmodel","ang20191011t152413_r2304_c0_w512_h512",sem_pluma,0,0,0,262144,0,0,0,0,0,1,,0,"random"
"attentiongates_dpu_easy_remaining.xmodel","ang20191011t152413_r12800_c256_w512_h512",sem_pluma,0,0,0,262144,0,0,0,0,0,1,,0,"random"
"attentiongates_dpu_easy_remaining.xmodel","ang20191011t152413_r6656_c256_w512_h512",sem_pluma,0,0,0,262144,0,0,0,0,0,1,,0,"random"
"attentiongates_dpu_easy_remaining.xmodel","ang20191011t154103_r0_c0_w512_h512",sem_pluma,0,0,0,262144,0,0,0,0,0,1,,0,"hard"
"attentiongates_dpu_easy_remaining.xmodel","ang20191011t154103_r13056_c256_w512_h512",sem_pluma,0,0,0,262144,0,0,0,0,0,1,,0,"hard"
"attentiongates_dpu_easy_remaining.xmodel","ang20191011t154103_r6144_c0_w512_h512",sem_pluma,0,0,0,262144,0,0,0,0,0,1,,0,"hard"
"attentiongates_dpu_easy_remaining.xmodel","ang20191011t154103_r1280_c0_w512_h512",sem_pluma,0,0,0,262144,0,0,0,0,0,1,,0,"random"
"attentiongates_dpu_easy_remaining.xmodel","ang20191011t154103_r10496_c256_w512_h512",sem_pluma,0,0,0,262144,0,0,0,0,0,1,,0,"random"
"attentiongates_dpu_easy_remaining.xmodel","ang20191011t154103_r7936_c0_w512_h512",sem_pluma,0,0,0,262144,0,0,0,0,0,1,,0,"random"
"attentiongates_dpu_easy_remaining.xmodel","ang20191011t154103_r11520_c0_w512_h512",sem_pluma,0,0,0,262144,0,0,0,0,0,1,,0,"random"
"attentiongates_dpu_easy_remaining.xmodel","ang20191011t160043_r6912_c256_w512_h512",sem_pluma,0,67,0,262077,0,0,0,0,0.000255584716797,0.999744415283,,0,"hard"
"attentiongates_dpu_easy_remaining.xmodel","ang20191011t160043_r6400_c0_w512_h512",sem_pluma,0,5,0,262139,0,0,0,0,1.90734863281e-05,0.999980926514,,0,"hard"
"attentiongates_dpu_easy_remaining.xmodel","ang20191011t160043_r7424_c256_w512_h512",sem_pluma,0,0,0,262144,0,0,0,0,0,1,,0,"hard"
"attentiongates_dpu_easy_remaining.xmodel","ang20191011t160043_r0_c0_w512_h512",sem_pluma,0,0,0,262144,0,0,0,0,0,1,,0,"random"
"attentiongates_dpu_easy_remaining.xmodel","ang20191011t160043_r5888_c256_w512_h512",sem_pluma,0,0,0,262144,0,0,0,0,0,1,,0,"random"
"attentiongates_dpu_easy_remaining.xmodel","ang20191011t160043_r10752_c0_w512_h512",sem_pluma,0,0,0,262144,0,0,0,0,0,1,,0,"random"
"attentiongates_dpu_easy_remaining.xmodel","ang20191011t160043_r10240_c256_w512_h512",sem_pluma,0,0,0,262144,0,0,0,0,0,1,,0,"random"
"attentiongates_dpu_easy_remaining.xmodel","ang20191011t161719_r13056_c256_w512_h512",sem_pluma,0,0,0,262144,0,0,0,0,0,1,,0,"hard"
"attentiongates_dpu_easy_remaining.xmodel","ang20191011t161719_r11776_c256_w512_h512",sem_pluma,0,0,0,262144,0,0,0,0,0,1,,0,"hard"
"attentiongates_dpu_easy_remaining.xmodel","ang20191011t161719_r6912_c0_w512_h512",sem_pluma,0,20,0,262124,0,0,0,0,7.62939453125e-05,0.999923706055,,0,"hard"
"attentiongates_dpu_easy_remaining.xmodel","ang20191011t161719_r9216_c256_w512_h512",sem_pluma,0,0,0,262144,0,0,0,0,0,1,,0,"random"
"attentiongates_dpu_easy_remaining.xmodel","ang20191011t161719_r256_c0_w512_h512",sem_pluma,0,0,0,262144,0,0,0,0,0,1,,0,"random"
"attentiongates_dpu_easy_remaining.xmodel","ang20191011t161719_r10496_c0_w512_h512",sem_pluma,0,0,0,262144,0,0,0,0,0,1,,0,"random"
"attentiongates_dpu_easy_remaining.xmodel","ang20191011t161719_r3072_c0_w512_h512",sem_pluma,0,118,0,262026,0,0,0,0,0.000450134277344,0.999549865723,,0,"random"
"attentiongates_dpu_easy_remaining.xmodel","ang20191011t163647_r7680_c256_w512_h512",sem_pluma,0,0,0,262144,0,0,0,0,0,1,,0,"hard"
"attentiongates_dpu_easy_remaining.xmodel","ang20191011t163647_r6912_c0_w512_h512",sem_pluma,0,0,0,262144,0,0,0,0,0,1,,0,"hard"
"attentiongates_dpu_easy_remaining.xmodel","ang20191011t163647_r9216_c256_w512_h512",sem_pluma,0,8,0,262136,0,0,0,0,3.0517578125e-05,0.999969482422,,0,"hard"
"attentiongates_dpu_easy_remaining.xmodel","ang20191011t163647_r12800_c256_w512_h512",sem_pluma,0,0,0,262144,0,0,0,0,0,1,,0,"random"
"attentiongates_dpu_easy_remaining.xmodel","ang20191011t163647_r11264_c256_w512_h512",sem_pluma,0,0,0,262144,0,0,0,0,0,1,,0,"random"
"attentiongates_dpu_easy_remaining.xmodel","ang20191011t163647_r13312_c256_w512_h512",sem_pluma,0,0,0,262144,0,0,0,0,0,1,,0,"random"
"attentiongates_dpu_easy_remaining.xmodel","ang20191011t163647_r12032_c256_w512_h512",sem_pluma,0,0,0,262144,0,0,0,0,0,1,,0,"random"
"attentiongates_dpu_easy_remaining.xmodel","ang20191011t165345_r11520_c0_w512_h512",sem_pluma,0,0,0,262144,0,0,0,0,0,1,,0,"hard"
"attentiongates_dpu_easy_remaining.xmodel","ang20191011t165345_r0_c0_w512_h512",sem_pluma,0,0,0,262144,0,0,0,0,0,1,,0,"hard"
"attentiongates_dpu_easy_remaining.xmodel","ang20191011t165345_r11008_c256_w512_h512",sem_pluma,0,0,0,262144,0,0,0,0,0,1,,0,"hard"
"attentiongates_dpu_easy_remaining.xmodel","ang20191011t165345_r13056_c256_w512_h512",sem_pluma,0,0,0,262144,0,0,0,0,0,1,,0,"random"
"attentiongates_dpu_easy_remaining.xmodel","ang20191011t165345_r8960_c256_w512_h512",sem_pluma,0,26,0,262118,0,0,0,0,9.91821289062e-05,0.999900817871,,0,"random"
"attentiongates_dpu_easy_remaining.xmodel","ang20191011t165345_r7936_c0_w512_h512",sem_pluma,0,0,0,262144,0,0,0,0,0,1,,0,"random"
"attentiongates_dpu_easy_remaining.xmodel","ang20191011t165345_r9984_c256_w512_h512",sem_pluma,0,0,0,262144,0,0,0,0,0,1,,0,"random"
"attentiongates_dpu_easy_remaining.xmodel","ang20191011t171218_r7936_c0_w512_h512",sem_pluma,0,3563,0,258581,0,0,0,0,0.0135917663574,0.986408233643,,0,"hard"
"attentiongates_dpu_easy_remaining.xmodel","ang20191011t171218_r7424_c0_w512_h512",sem_pluma,0,1,0,262143,0,0,0,0,3.81469726562e-06,0.999996185303,,0,"hard"
"attentiongates_dpu_easy_remaining.xmodel","ang20191011t171218_r6912_c256_w512_h512",sem_pluma,0,0,0,262144,0,0,0,0,0,1,,0,"hard"
"attentiongates_dpu_easy_remaining.xmodel","ang20191011t171218_r9216_c0_w512_h512",sem_pluma,0,0,0,262144,0,0,0,0,0,1,,0,"random"
"attentiongates_dpu_easy_remaining.xmodel","ang20191011t171218_r6400_c0_w512_h512",sem_pluma,0,1,0,262143,0,0,0,0,3.81469726562e-06,0.999996185303,,0,"random"
"attentiongates_dpu_easy_remaining.xmodel","ang20191011t171218_r9984_c0_w512_h512",sem_pluma,0,0,0,262144,0,0,0,0,0,1,,0,"random"
"attentiongates_dpu_easy_remaining.xmodel","ang20191011t171218_r11008_c0_w512_h512",sem_pluma,0,0,0,262144,0,0,0,0,0,1,,0,"random"
"attentiongates_dpu_easy_remaining.xmodel","ang20191011t172641_r4864_c0_w512_h512",sem_pluma,0,0,0,262144,0,0,0,0,0,1,,0,"hard"
"attentiongates_dpu_easy_remaining.xmodel","ang20191011t172641_r3584_c0_w512_h512",sem_pluma,0,4,0,262140,0,0,0,0,1.52587890625e-05,0.999984741211,,0,"hard"
"attentiongates_dpu_easy_remaining.xmodel","ang20191011t172641_r8192_c0_w512_h512",sem_pluma,0,424,0,261720,0,0,0,0,0.00161743164062,0.998382568359,,0,"hard"
"attentiongates_dpu_easy_remaining.xmodel","ang20191011t172641_r9472_c0_w512_h512",sem_pluma,0,0,0,262144,0,0,0,0,0,1,,0,"random"
"attentiongates_dpu_easy_remaining.xmodel","ang20191011t172641_r1280_c0_w512_h512",sem_pluma,0,0,0,262144,0,0,0,0,0,1,,0,"random"
"attentiongates_dpu_easy_remaining.xmodel","ang20191011t172641_r9984_c256_w512_h512",sem_pluma,0,0,0,262144,0,0,0,0,0,1,,0,"random"
"attentiongates_dpu_easy_remaining.xmodel","ang20191011t172641_r6912_c256_w512_h512",sem_pluma,0,0,0,262144,0,0,0,0,0,1,,0,"random"
"attentiongates_dpu_easy_remaining.xmodel","ang20191011t174241_r2816_c0_w512_h512",sem_pluma,0,0,0,262144,0,0,0,0,0,1,,0,"hard"
"attentiongates_dpu_easy_remaining.xmodel","ang20191011t174241_r6400_c256_w512_h512",sem_pluma,0,0,0,262144,0,0,0,0,0,1,,0,"hard"
"attentiongates_dpu_easy_remaining.xmodel","ang20191011t174241_r3840_c0_w512_h512",sem_pluma,0,0,0,262144,0,0,0,0,0,1,,0,"hard"
"attentiongates_dpu_easy_remaining.xmodel","ang20191011t174241_r8448_c0_w512_h512",sem_pluma,0,0,0,262144,0,0,0,0,0,1,,0,"random"
"attentiongates_dpu_easy_remaining.xmodel","ang20191011t174241_r9472_c0_w512_h512",sem_pluma,0,0,0,262144,0,0,0,0,0,1,,0,"random"
"attentiongates_dpu_easy_remaining.xmodel","ang20191011t174241_r7936_c256_w512_h512",sem_pluma,0,0,0,262144,0,0,0,0,0,1,,0,"random"
"attentiongates_dpu_easy_remaining.xmodel","ang20191011t174241_r10240_c0_w512_h512",sem_pluma,0,0,0,262144,0,0,0,0,0,1,,0,"random"
"attentiongates_dpu_easy_remaining.xmodel","ang20191011t175712_r256_c0_w512_h512",sem_pluma,0,0,0,262144,0,0,0,0,0,1,,0,"hard"
"attentiongates_dpu_easy_remaining.xmodel","ang20191011t175712_r2048_c0_w512_h512",sem_pluma,0,0,0,262144,0,0,0,0,0,1,,0,"hard"
"attentiongates_dpu_easy_remaining.xmodel","ang20191011t175712_r1536_c0_w512_h512",sem_pluma,0,5,0,262139,0,0,0,0,1.90734863281e-05,0.999980926514,,0,"hard"
"attentiongates_dpu_easy_remaining.xmodel","ang20191011t175712_r8448_c256_w512_h512",sem_pluma,0,0,0,262144,0,0,0,0,0,1,,0,"random"
"attentiongates_dpu_easy_remaining.xmodel","ang20191011t175712_r9728_c0_w512_h512",sem_pluma,0,0,0,262144,0,0,0,0,0,1,,0,"random"
"attentiongates_dpu_easy_remaining.xmodel","ang20191011t175712_r9216_c0_w512_h512",sem_pluma,0,2,0,262142,0,0,0,0,7.62939453125e-06,0.999992370605,,0,"random"
"attentiongates_dpu_easy_remaining.xmodel","ang20191011t175712_r7424_c0_w512_h512",sem_pluma,0,0,0,262144,0,0,0,0,0,1,,0,"random"
"attentiongates_dpu_easy_remaining.xmodel","ang20191011t181301_r2304_c0_w512_h512",sem_pluma,0,0,0,262144,0,0,0,0,0,1,,0,"hard"
"attentiongates_dpu_easy_remaining.xmodel","ang20191011t181301_r1024_c0_w512_h512",sem_pluma,0,0,0,262144,0,0,0,0,0,1,,0,"hard"
"attentiongates_dpu_easy_remaining.xmodel","ang20191011t181301_r9728_c256_w512_h512",sem_pluma,0,0,0,262144,0,0,0,0,0,1,,0,"hard"
"attentiongates_dpu_easy_remaining.xmodel","ang20191011t181301_r7168_c0_w512_h512",sem_pluma,0,0,0,262144,0,0,0,0,0,1,,0,"random"
"attentiongates_dpu_easy_remaining.xmodel","ang20191011t181301_r7936_c0_w512_h512",sem_pluma,0,0,0,262144,0,0,0,0,0,1,,0,"random"
"attentiongates_dpu_easy_remaining.xmodel","ang20191011t181301_r8704_c0_w512_h512",sem_pluma,0,0,0,262144,0,0,0,0,0,1,,0,"random"
"attentiongates_dpu_easy_remaining.xmodel","ang20191011t181301_r3584_c0_w512_h512",sem_pluma,0,0,0,262144,0,0,0,0,0,1,,0,"random"
"attentiongates_dpu_easy_remaining.xmodel","ang20191011t182731_r512_c0_w512_h512",sem_pluma,0,0,0,262144,0,0,0,0,0,1,,0,"hard"
"attentiongates_dpu_easy_remaining.xmodel","ang20191011t182731_r11008_c0_w512_h512",sem_pluma,0,0,0,262144,0,0,0,0,0,1,,0,"hard"
"attentiongates_dpu_easy_remaining.xmodel","ang20191011t182731_r9984_c256_w512_h512",sem_pluma,0,0,0,262144,0,0,0,0,0,1,,0,"hard"
"attentiongates_dpu_easy_remaining.xmodel","ang20191011t182731_r9216_c0_w512_h512",sem_pluma,0,2,0,262142,0,0,0,0,7.62939453125e-06,0.999992370605,,0,"random"
"attentiongates_dpu_easy_remaining.xmodel","ang20191011t182731_r4608_c0_w512_h512",sem_pluma,0,0,0,262144,0,0,0,0,0,1,,0,"random"
"attentiongates_dpu_easy_remaining.xmodel","ang20191011t182731_r5376_c0_w512_h512",sem_pluma,0,0,0,262144,0,0,0,0,0,1,,0,"random"
"attentiongates_dpu_easy_remaining.xmodel","ang20191011t182731_r7168_c0_w512_h512",sem_pluma,0,0,0,262144,0,0,0,0,0,1,,0,"random"
"attentiongates_dpu_easy_remaining.xmodel","ang20191011t184311_r1280_c0_w512_h512",sem_pluma,0,24,0,262120,0,0,0,0,9.1552734375e-05,0.999908447266,,0,"hard"
"attentiongates_dpu_easy_remaining.xmodel","ang20191011t184311_r256_c0_w512_h512",sem_pluma,0,0,0,262144,0,0,0,0,0,1,,0,"hard"
"attentiongates_dpu_easy_remaining.xmodel","ang20191011t184311_r10240_c0_w512_h512",sem_pluma,0,298,0,261846,0,0,0,0,0.00113677978516,0.998863220215,,0,"hard"
"attentiongates_dpu_easy_remaining.xmodel","ang20191011t184311_r9728_c256_w512_h512",sem_pluma,0,10,0,262134,0,0,0,0,3.81469726562e-05,0.999961853027,,0,"random"
"attentiongates_dpu_easy_remaining.xmodel","ang20191011t184311_r7168_c256_w512_h512",sem_pluma,0,449,0,261695,0,0,0,0,0.00171279907227,0.998287200928,,0,"random"
"attentiongates_dpu_easy_remaining.xmodel","ang20191011t184311_r2304_c0_w512_h512",sem_pluma,0,21,0,262123,0,0,0,0,8.01086425781e-05,0.999919891357,,0,"random"
"attentiongates_dpu_easy_remaining.xmodel","ang20191011t184311_r3328_c0_w512_h512",sem_pluma,0,0,0,262144,0,0,0,0,0,1,,0,"random"
"attentiongates_dpu_easy_remaining.xmodel","ang20191011t185825_r0_c0_w512_h512",sem_pluma,0,0,0,262144,0,0,0,0,0,1,,0,"hard"
"attentiongates_dpu_easy_remaining.xmodel","ang20191011t185825_r512_c0_w512_h512",sem_pluma,0,0,0,262144,0,0,0,0,0,1,,0,"hard"
"attentiongates_dpu_easy_remaining.xmodel","ang20191011t185825_r4352_c0_w512_h512",sem_pluma,0,0,0,262144,0,0,0,0,0,1,,0,"hard"
"attentiongates_dpu_easy_remaining.xmodel","ang20191011t185825_r11264_c256_w512_h512",sem_pluma,0,0,0,262144,0,0,0,0,0,1,,0,"random"
"attentiongates_dpu_easy_remaining.xmodel","ang20191011t185825_r2048_c0_w512_h512",sem_pluma,0,0,0,262144,0,0,0,0,0,1,,0,"random"
"attentiongates_dpu_easy_remaining.xmodel","ang20191011t185825_r8704_c0_w512_h512",sem_pluma,0,0,0,262144,0,0,0,0,0,1,,0,"random"
"attentiongates_dpu_easy_remaining.xmodel","ang20191011t185825_r3840_c0_w512_h512",sem_pluma,0,0,0,262144,0,0,0,0,0,1,,0,"random"
"attentiongates_dpu_easy_remaining.xmodel","ang20191011t191345_r768_c0_w512_h512",sem_pluma,0,196,0,261948,0,0,0,0,0.000747680664062,0.999252319336,,0,"hard"
"attentiongates_dpu_easy_remaining.xmodel","ang20191011t191345_r0_c0_w512_h512",sem_pluma,0,0,0,262144,0,0,0,0,0,1,,0,"hard"
"attentiongates_dpu_easy_remaining.xmodel","ang20191011t191345_r1280_c0_w512_h512",sem_pluma,0,0,0,262144,0,0,0,0,0,1,,0,"hard"
"attentiongates_dpu_easy_remaining.xmodel","ang20191011t191345_r9216_c256_w512_h512",sem_pluma,0,0,0,262144,0,0,0,0,0,1,,0,"random"
"attentiongates_dpu_easy_remaining.xmodel","ang20191011t191345_r6912_c256_w512_h512",sem_pluma,0,0,0,262144,0,0,0,0,0,1,,0,"random"
"attentiongates_dpu_easy_remaining.xmodel","ang20191011t191345_r7936_c256_w512_h512",sem_pluma,0,0,0,262144,0,0,0,0,0,1,,0,"random"
"attentiongates_dpu_easy_remaining.xmodel","ang20191011t191345_r11008_c0_w512_h512",sem_pluma,0,2,0,262142,0,0,0,0,7.62939453125e-06,0.999992370605,,0,"random"
"attentiongates_dpu_easy_remaining.xmodel","ang20191011t192741_r256_c0_w512_h512",sem_pluma,0,0,0,262144,0,0,0,0,0,1,,0,"hard"
"attentiongates_dpu_easy_remaining.xmodel","ang20191011t192741_r11264_c256_w512_h512",sem_pluma,0,0,0,262144,0,0,0,0,0,1,,0,"hard"
"attentiongates_dpu_easy_remaining.xmodel","ang20191011t192741_r1792_c0_w512_h512",sem_pluma,0,0,0,262144,0,0,0,0,0,1,,0,"hard"
"attentiongates_dpu_easy_remaining.xmodel","ang20191011t192741_r6144_c0_w512_h512",sem_pluma,0,0,0,262144,0,0,0,0,0,1,,0,"random"
"attentiongates_dpu_easy_remaining.xmodel","ang20191011t192741_r4864_c0_w512_h512",sem_pluma,0,0,0,262144,0,0,0,0,0,1,,0,"random"
"attentiongates_dpu_easy_remaining.xmodel","ang20191011t192741_r8704_c0_w512_h512",sem_pluma,0,0,0,262144,0,0,0,0,0,1,,0,"random"
"attentiongates_dpu_easy_remaining.xmodel","ang20191011t192741_r7936_c0_w512_h512",sem_pluma,0,0,0,262144,0,0,0,0,0,1,,0,"random"
"attentiongates_dpu_easy_remaining.xmodel","ang20191011t194308_r0_c0_w512_h512",sem_pluma,0,0,0,262144,0,0,0,0,0,1,,0,"hard"
"attentiongates_dpu_easy_remaining.xmodel","ang20191011t194308_r11520_c256_w512_h512",sem_pluma,0,0,0,262144,0,0,0,0,0,1,,0,"hard"
"attentiongates_dpu_easy_remaining.xmodel","ang20191011t194308_r512_c0_w512_h512",sem_pluma,0,0,0,262144,0,0,0,0,0,1,,0,"hard"
"attentiongates_dpu_easy_remaining.xmodel","ang20191011t194308_r1280_c0_w512_h512",sem_pluma,0,0,0,262144,0,0,0,0,0,1,,0,"random"
"attentiongates_dpu_easy_remaining.xmodel","ang20191011t194308_r10240_c0_w512_h512",sem_pluma,0,0,0,262144,0,0,0,0,0,1,,0,"random"
"attentiongates_dpu_easy_remaining.xmodel","ang20191011t194308_r9216_c0_w512_h512",sem_pluma,0,0,0,262144,0,0,0,0,0,1,,0,"random"
"attentiongates_dpu_easy_remaining.xmodel","ang20191011t194308_r10752_c256_w512_h512",sem_pluma,0,0,0,262144,0,0,0,0,0,1,,0,"random"
"attentiongates_dpu_easy_remaining.xmodel","ang20191012t154407_r2304_c256_w512_h512",sem_pluma,0,0,0,262144,0,0,0,0,0,1,,0,"hard"
"attentiongates_dpu_easy_remaining.xmodel","ang20191012t154407_r2816_c256_w512_h512",sem_pluma,0,1,0,262143,0,0,0,0,3.81469726562e-06,0.999996185303,,0,"hard"
"attentiongates_dpu_easy_remaining.xmodel","ang20191012t154407_r512_c256_w512_h512",sem_pluma,0,0,0,262144,0,0,0,0,0,1,,0,"hard"
"attentiongates_dpu_easy_remaining.xmodel","ang20191012t154407_r1024_c256_w512_h512",sem_pluma,0,0,0,262144,0,0,0,0,0,1,,0,"random"
"attentiongates_dpu_easy_remaining.xmodel","ang20191012t154800_r0_c512_w512_h512",sem_pluma,0,0,0,262144,0,0,0,0,0,1,,0,"hard"
"attentiongates_dpu_easy_remaining.xmodel","ang20191012t154800_r4352_c1280_w512_h512",sem_pluma,0,0,0,262144,0,0,0,0,0,1,,0,"hard"
"attentiongates_dpu_easy_remaining.xmodel","ang20191012t154800_r512_c512_w512_h512",sem_pluma,0,0,0,262144,0,0,0,0,0,1,,0,"hard"
"attentiongates_dpu_easy_remaining.xmodel","ang20191012t154800_r1536_c768_w512_h512",sem_pluma,0,0,0,262144,0,0,0,0,0,1,,0,"random"
"attentiongates_dpu_easy_remaining.xmodel","ang20191012t154800_r256_c1280_w512_h512",sem_pluma,0,0,0,262144,0,0,0,0,0,1,,0,"random"
"attentiongates_dpu_easy_remaining.xmodel","ang20191012t154800_r768_c0_w512_h512",sem_pluma,0,2,0,262142,0,0,0,0,7.62939453125e-06,0.999992370605,,0,"random"
"attentiongates_dpu_easy_remaining.xmodel","ang20191012t154800_r5632_c1536_w512_h512",sem_pluma,0,0,0,262144,0,0,0,0,0,1,,0,"random"
"attentiongates_dpu_easy_remaining.xmodel","ang20191012t155942_r2048_c0_w512_h512",sem_pluma,0,0,0,262144,0,0,0,0,0,1,,0,"hard"
"attentiongates_dpu_easy_remaining.xmodel","ang20191012t155942_r512_c0_w512_h512",sem_pluma,0,0,0,262144,0,0,0,0,0,1,,0,"hard"
"attentiongates_dpu_easy_remaining.xmodel","ang20191012t155942_r0_c0_w512_h512",sem_pluma,0,0,0,262144,0,0,0,0,0,1,,0,"hard"
"attentiongates_dpu_easy_remaining.xmodel","ang20191012t155942_r3072_c0_w512_h512",sem_pluma,0,0,0,262144,0,0,0,0,0,1,,0,"random"
"attentiongates_dpu_easy_remaining.xmodel","ang20191012t155942_r2560_c0_w512_h512",sem_pluma,0,0,0,262144,0,0,0,0,0,1,,0,"random"
"attentiongates_dpu_easy_remaining.xmodel","ang20191012t162223_r1024_c0_w512_h512",sem_pluma,0,0,0,262144,0,0,0,0,0,1,,0,"hard"
"attentiongates_dpu_easy_remaining.xmodel","ang20191012t162223_r1536_c256_w512_h512",sem_pluma,0,0,0,262144,0,0,0,0,0,1,,0,"hard"
"attentiongates_dpu_easy_remaining.xmodel","ang20191012t162223_r2048_c0_w512_h512",sem_pluma,0,0,0,262144,0,0,0,0,0,1,,0,"hard"
"attentiongates_dpu_easy_remaining.xmodel","ang20191012t162223_r3840_c0_w512_h512",sem_pluma,0,0,0,262144,0,0,0,0,0,1,,0,"random"
"attentiongates_dpu_easy_remaining.xmodel","ang20191012t162223_r2560_c0_w512_h512",sem_pluma,0,14,0,262130,0,0,0,0,5.34057617188e-05,0.999946594238,,0,"random"
"attentiongates_dpu_easy_remaining.xmodel","ang20191012t162223_r0_c0_w512_h512",sem_pluma,0,0,0,262144,0,0,0,0,0,1,,0,"random"
"attentiongates_dpu_easy_remaining.xmodel","ang20191012t162223_r4608_c0_w512_h512",sem_pluma,0,0,0,262144,0,0,0,0,0,1,,0,"random"
"attentiongates_dpu_easy_remaining.xmodel","ang20191013t144828_r2048_c0_w512_h512",sem_pluma,0,0,0,262144,0,0,0,0,0,1,,0,"hard"
"attentiongates_dpu_easy_remaining.xmodel","ang20191013t145516_r7936_c256_w512_h512",sem_pluma,0,0,0,262144,0,0,0,0,0,1,,0,"hard"
"attentiongates_dpu_easy_remaining.xmodel","ang20191013t145516_r13056_c0_w512_h512",sem_pluma,0,0,0,262144,0,0,0,0,0,1,,0,"hard"
"attentiongates_dpu_easy_remaining.xmodel","ang20191013t145516_r6912_c256_w512_h512",sem_pluma,0,0,0,262144,0,0,0,0,0,1,,0,"hard"
"attentiongates_dpu_easy_remaining.xmodel","ang20191013t145516_r1024_c256_w512_h512",sem_pluma,0,0,0,262144,0,0,0,0,0,1,,0,"random"
"attentiongates_dpu_easy_remaining.xmodel","ang20191013t145516_r13568_c0_w512_h512",sem_pluma,0,12,0,262132,0,0,0,0,4.57763671875e-05,0.999954223633,,0,"random"
"attentiongates_dpu_easy_remaining.xmodel","ang20191013t145516_r16384_c0_w512_h512",sem_pluma,0,0,0,262144,0,0,0,0,0,1,,0,"random"
"attentiongates_dpu_easy_remaining.xmodel","ang20191013t145516_r8704_c0_w512_h512",sem_pluma,0,0,0,262144,0,0,0,0,0,1,,0,"random"
"attentiongates_dpu_easy_remaining.xmodel","ang20191013t151222_r3584_c0_w512_h512",sem_pluma,0,0,0,262144,0,0,0,0,0,1,,0,"hard"
"attentiongates_dpu_easy_remaining.xmodel","ang20191013t151222_r3072_c0_w512_h512",sem_pluma,0,0,0,262144,0,0,0,0,0,1,,0,"hard"
"attentiongates_dpu_easy_remaining.xmodel","ang20191013t151222_r4096_c0_w512_h512",sem_pluma,0,0,0,262144,0,0,0,0,0,1,,0,"hard"
"attentiongates_dpu_easy_remaining.xmodel","ang20191013t151222_r9728_c0_w512_h512",sem_pluma,0,0,0,262144,0,0,0,0,0,1,,0,"random"
"attentiongates_dpu_easy_remaining.xmodel","ang20191013t151222_r11264_c256_w512_h512",sem_pluma,0,2,0,262142,0,0,0,0,7.62939453125e-06,0.999992370605,,0,"random"
"attentiongates_dpu_easy_remaining.xmodel","ang20191013t151222_r15872_c0_w512_h512",sem_pluma,0,0,0,262144,0,0,0,0,0,1,,0,"random"
"attentiongates_dpu_easy_remaining.xmodel","ang20191013t151222_r9216_c0_w512_h512",sem_pluma,0,0,0,262144,0,0,0,0,0,1,,0,"random"
"attentiongates_dpu_easy_remaining.xmodel","ang20191013t152730_r15104_c0_w512_h512",sem_pluma,0,0,0,262144,0,0,0,0,0,1,,0,"hard"
"attentiongates_dpu_easy_remaining.xmodel","ang20191013t152730_r4864_c0_w512_h512",sem_pluma,0,5,0,262139,0,0,0,0,1.90734863281e-05,0.999980926514,,0,"hard"
"attentiongates_dpu_easy_remaining.xmodel","ang20191013t152730_r13568_c0_w512_h512",sem_pluma,0,0,0,262144,0,0,0,0,0,1,,0,"hard"
"attentiongates_dpu_easy_remaining.xmodel","ang20191013t152730_r5632_c0_w512_h512",sem_pluma,0,11,0,262133,0,0,0,0,4.19616699219e-05,0.99995803833,,0,"random"
"attentiongates_dpu_easy_remaining.xmodel","ang20191013t152730_r512_c256_w512_h512",sem_pluma,0,0,0,262144,0,0,0,0,0,1,,0,"random"
"attentiongates_dpu_easy_remaining.xmodel","ang20191013t152730_r3072_c256_w512_h512",sem_pluma,0,0,0,262144,0,0,0,0,0,1,,0,"random"
"attentiongates_dpu_easy_remaining.xmodel","ang20191013t152730_r8192_c0_w512_h512",sem_pluma,0,0,0,262144,0,0,0,0,0,1,,0,"random"
"attentiongates_dpu_easy_remaining.xmodel","ang20191013t154421_r5376_c0_w512_h512",sem_pluma,0,4,0,262140,0,0,0,0,1.52587890625e-05,0.999984741211,,0,"hard"
"attentiongates_dpu_easy_remaining.xmodel","ang20191013t154421_r4864_c0_w512_h512",sem_pluma,0,0,0,262144,0,0,0,0,0,1,,0,"hard"
"attentiongates_dpu_easy_remaining.xmodel","ang20191013t154421_r4352_c256_w512_h512",sem_pluma,0,0,0,262144,0,0,0,0,0,1,,0,"hard"
"attentiongates_dpu_easy_remaining.xmodel","ang20191013t154421_r17664_c0_w512_h512",sem_pluma,0,0,0,262144,0,0,0,0,0,1,,0,"random"
"attentiongates_dpu_easy_remaining.xmodel","ang20191013t154421_r13824_c0_w512_h512",sem_pluma,0,0,0,262144,0,0,0,0,0,1,,0,"random"
"attentiongates_dpu_easy_remaining.xmodel","ang20191013t154421_r18944_c0_w512_h512",sem_pluma,0,0,0,262144,0,0,0,0,0,1,,0,"random"
"attentiongates_dpu_easy_remaining.xmodel","ang20191013t154421_r12288_c0_w512_h512",sem_pluma,0,0,0,262144,0,0,0,0,0,1,,0,"random"
"attentiongates_dpu_easy_remaining.xmodel","ang20191013t155909_r6912_c0_w512_h512",sem_pluma,0,4285,0,257859,0,0,0,0,0.0163459777832,0.983654022217,,0,"hard"
"attentiongates_dpu_easy_remaining.xmodel","ang20191013t155909_r6400_c256_w512_h512",sem_pluma,0,35,0,262109,0,0,0,0,0.000133514404297,0.999866485596,,0,"hard"
"attentiongates_dpu_easy_remaining.xmodel","ang20191013t155909_r5888_c0_w512_h512",sem_pluma,0,3,0,262141,0,0,0,0,1.14440917969e-05,0.999988555908,,0,"hard"
"attentiongates_dpu_easy_remaining.xmodel","ang20191013t155909_r2816_c0_w512_h512",sem_pluma,0,0,0,262144,0,0,0,0,0,1,,0,"random"
"attentiongates_dpu_easy_remaining.xmodel","ang20191013t155909_r16128_c0_w512_h512",sem_pluma,0,0,0,262144,0,0,0,0,0,1,,0,"random"
"attentiongates_dpu_easy_remaining.xmodel","ang20191013t155909_r14592_c0_w512_h512",sem_pluma,0,0,0,262144,0,0,0,0,0,1,,0,"random"
"attentiongates_dpu_easy_remaining.xmodel","ang20191013t155909_r16640_c0_w512_h512",sem_pluma,0,0,0,262144,0,0,0,0,0,1,,0,"random"
"attentiongates_dpu_easy_remaining.xmodel","ang20191013t161540_r6912_c256_w512_h512",sem_pluma,0,15,0,262129,0,0,0,0,5.72204589844e-05,0.999942779541,,0,"hard"
"attentiongates_dpu_easy_remaining.xmodel","ang20191013t161540_r6144_c0_w512_h512",sem_pluma,0,40,0,262104,0,0,0,0,0.000152587890625,0.999847412109,,0,"hard"
"attentiongates_dpu_easy_remaining.xmodel","ang20191013t161540_r5376_c0_w512_h512",sem_pluma,0,388,0,261756,0,0,0,0,0.00148010253906,0.998519897461,,0,"hard"
"attentiongates_dpu_easy_remaining.xmodel","ang20191013t161540_r16896_c0_w512_h512",sem_pluma,0,0,0,262144,0,0,0,0,0,1,,0,"random"
"attentiongates_dpu_easy_remaining.xmodel","ang20191013t161540_r14336_c0_w512_h512",sem_pluma,0,0,0,262144,0,0,0,0,0,1,,0,"random"
"attentiongates_dpu_easy_remaining.xmodel","ang20191013t161540_r10752_c0_w512_h512",sem_pluma,0,0,0,262144,0,0,0,0,0,1,,0,"random"
"attentiongates_dpu_easy_remaining.xmodel","ang20191013t161540_r9472_c0_w512_h512",sem_pluma,0,0,0,262144,0,0,0,0,0,1,,0,"random"
"attentiongates_dpu_easy_remaining.xmodel","ang20191013t164602_r6656_c256_w512_h512",sem_pluma,0,0,0,262144,0,0,0,0,0,1,,0,"hard"
"attentiongates_dpu_easy_remaining.xmodel","ang20191013t164602_r5888_c256_w512_h512",sem_pluma,0,0,0,262144,0,0,0,0,0,1,,0,"hard"
"attentiongates_dpu_easy_remaining.xmodel","ang20191013t164602_r4864_c0_w512_h512",sem_pluma,0,0,0,262144,0,0,0,0,0,1,,0,"hard"
"attentiongates_dpu_easy_remaining.xmodel","ang20191013t164602_r10496_c0_w512_h512",sem_pluma,0,0,0,262144,0,0,0,0,0,1,,0,"random"
"attentiongates_dpu_easy_remaining.xmodel","ang20191013t164602_r1024_c256_w512_h512",sem_pluma,0,0,0,262144,0,0,0,0,0,1,,0,"random"
"attentiongates_dpu_easy_remaining.xmodel","ang20191013t164602_r12800_c0_w512_h512",sem_pluma,0,0,0,262144,0,0,0,0,0,1,,0,"random"
"attentiongates_dpu_easy_remaining.xmodel","ang20191013t164602_r2560_c256_w512_h512",sem_pluma,0,0,0,262144,0,0,0,0,0,1,,0,"random"
"attentiongates_dpu_easy_remaining.xmodel","ang20191013t170032_r5632_c256_w512_h512",sem_pluma,0,16,0,262128,0,0,0,0,6.103515625e-05,0.999938964844,,0,"hard"
"attentiongates_dpu_easy_remaining.xmodel","ang20191013t170032_r6144_c256_w512_h512",sem_pluma,0,0,0,262144,0,0,0,0,0,1,,0,"hard"
"attentiongates_dpu_easy_remaining.xmodel","ang20191013t170032_r5120_c256_w512_h512",sem_pluma,0,2,0,262142,0,0,0,0,7.62939453125e-06,0.999992370605,,0,"hard"
"attentiongates_dpu_easy_remaining.xmodel","ang20191013t170032_r3328_c0_w512_h512",sem_pluma,0,185,0,261959,0,0,0,0,0.000705718994141,0.999294281006,,0,"random"
"attentiongates_dpu_easy_remaining.xmodel","ang20191013t170032_r13824_c0_w512_h512",sem_pluma,0,0,0,262144,0,0,0,0,0,1,,0,"random"
"attentiongates_dpu_easy_remaining.xmodel","ang20191013t170032_r1536_c256_w512_h512",sem_pluma,0,0,0,262144,0,0,0,0,0,1,,0,"random"
"attentiongates_dpu_easy_remaining.xmodel","ang20191013t170032_r11264_c0_w512_h512",sem_pluma,0,0,0,262144,0,0,0,0,0,1,,0,"random"
"attentiongates_dpu_easy_remaining.xmodel","ang20191013t171742_r9728_c256_w512_h512",sem_pluma,0,0,0,262144,0,0,0,0,0,1,,0,"hard"
"attentiongates_dpu_easy_remaining.xmodel","ang20191013t171742_r8960_c0_w512_h512",sem_pluma,0,0,0,262144,0,0,0,0,0,1,,0,"hard"
"attentiongates_dpu_easy_remaining.xmodel","ang20191013t171742_r7936_c256_w512_h512",sem_pluma,0,0,0,262144,0,0,0,0,0,1,,0,"hard"
"attentiongates_dpu_easy_remaining.xmodel","ang20191013t171742_r4864_c0_w512_h512",sem_pluma,0,0,0,262144,0,0,0,0,0,1,,0,"random"
"attentiongates_dpu_easy_remaining.xmodel","ang20191013t171742_r7424_c256_w512_h512",sem_pluma,0,4,0,262140,0,0,0,0,1.52587890625e-05,0.999984741211,,0,"random"
"attentiongates_dpu_easy_remaining.xmodel","ang20191013t171742_r4352_c256_w512_h512",sem_pluma,0,0,0,262144,0,0,0,0,0,1,,0,"random"
"attentiongates_dpu_easy_remaining.xmodel","ang20191013t171742_r2560_c256_w512_h512",sem_pluma,0,0,0,262144,0,0,0,0,0,1,,0,"random"
"attentiongates_dpu_easy_remaining.xmodel","ang20191013t173258_r11776_c0_w512_h512",sem_pluma,0,0,0,262144,0,0,0,0,0,1,,0,"hard"
"attentiongates_dpu_easy_remaining.xmodel","ang20191013t173258_r8960_c0_w512_h512",sem_pluma,0,0,0,262144,0,0,0,0,0,1,,0,"hard"
"attentiongates_dpu_easy_remaining.xmodel","ang20191013t173258_r12288_c0_w512_h512",sem_pluma,0,0,0,262144,0,0,0,0,0,1,,0,"hard"
"attentiongates_dpu_easy_remaining.xmodel","ang20191013t173258_r13056_c0_w512_h512",sem_pluma,0,0,0,262144,0,0,0,0,0,1,,0,"random"
"attentiongates_dpu_easy_remaining.xmodel","ang20191013t173258_r2048_c0_w512_h512",sem_pluma,0,0,0,262144,0,0,0,0,0,1,,0,"random"
"attentiongates_dpu_easy_remaining.xmodel","ang20191013t173258_r18432_c0_w512_h512",sem_pluma,0,0,0,262144,0,0,0,0,0,1,,0,"random"
"attentiongates_dpu_easy_remaining.xmodel","ang20191013t173258_r7168_c256_w512_h512",sem_pluma,0,0,0,262144,0,0,0,0,0,1,,0,"random"
"attentiongates_dpu_easy_remaining.xmodel","ang20191013t174928_r12800_c0_w512_h512",sem_pluma,0,0,0,262144,0,0,0,0,0,1,,0,"hard"
"attentiongates_dpu_easy_remaining.xmodel","ang20191013t174928_r13312_c0_w512_h512",sem_pluma,0,0,0,262144,0,0,0,0,0,1,,0,"hard"
"attentiongates_dpu_easy_remaining.xmodel","ang20191013t174928_r9728_c256_w512_h512",sem_pluma,0,0,0,262144,0,0,0,0,0,1,,0,"hard"
"attentiongates_dpu_easy_remaining.xmodel","ang20191013t174928_r8960_c0_w512_h512",sem_pluma,0,0,0,262144,0,0,0,0,0,1,,0,"random"
"attentiongates_dpu_easy_remaining.xmodel","ang20191013t174928_r7424_c256_w512_h512",sem_pluma,0,0,0,262144,0,0,0,0,0,1,,0,"random"
"attentiongates_dpu_easy_remaining.xmodel","ang20191013t174928_r17408_c0_w512_h512",sem_pluma,0,0,0,262144,0,0,0,0,0,1,,0,"random"
"attentiongates_dpu_easy_remaining.xmodel","ang20191013t174928_r4608_c256_w512_h512",sem_pluma,0,0,0,262144,0,0,0,0,0,1,,0,"random"
"attentiongates_dpu_easy_remaining.xmodel","ang20191013t180441_r13056_c0_w512_h512",sem_pluma,0,0,0,262144,0,0,0,0,0,1,,0,"hard"
"attentiongates_dpu_easy_remaining.xmodel","ang20191013t180441_r13568_c0_w512_h512",sem_pluma,0,0,0,262144,0,0,0,0,0,1,,0,"hard"
"attentiongates_dpu_easy_remaining.xmodel","ang20191013t180441_r8448_c0_w512_h512",sem_pluma,0,0,0,262144,0,0,0,0,0,1,,0,"hard"
"attentiongates_dpu_easy_remaining.xmodel","ang20191013t180441_r5888_c0_w512_h512",sem_pluma,0,0,0,262144,0,0,0,0,0,1,,0,"random"
"attentiongates_dpu_easy_remaining.xmodel","ang20191013t180441_r1024_c0_w512_h512",sem_pluma,0,0,0,262144,0,0,0,0,0,1,,0,"random"
"attentiongates_dpu_easy_remaining.xmodel","ang20191013t180441_r14592_c0_w512_h512",sem_pluma,0,0,0,262144,0,0,0,0,0,1,,0,"random"
"attentiongates_dpu_easy_remaining.xmodel","ang20191013t180441_r6400_c0_w512_h512",sem_pluma,0,0,0,262144,0,0,0,0,0,1,,0,"random"
"attentiongates_dpu_easy_remaining.xmodel","ang20191013t182140_r14336_c0_w512_h512",sem_pluma,0,0,0,262144,0,0,0,0,0,1,,0,"hard"
"attentiongates_dpu_easy_remaining.xmodel","ang20191013t182140_r9472_c256_w512_h512",sem_pluma,0,0,0,262144,0,0,0,0,0,1,,0,"hard"
"attentiongates_dpu_easy_remaining.xmodel","ang20191013t182140_r11264_c0_w512_h512",sem_pluma,0,0,0,262144,0,0,0,0,0,1,,0,"hard"
"attentiongates_dpu_easy_remaining.xmodel","ang20191013t182140_r7168_c0_w512_h512",sem_pluma,0,0,0,262144,0,0,0,0,0,1,,0,"random"
"attentiongates_dpu_easy_remaining.xmodel","ang20191013t182140_r17408_c0_w512_h512",sem_pluma,0,0,0,262144,0,0,0,0,0,1,,0,"random"
"attentiongates_dpu_easy_remaining.xmodel","ang20191013t182140_r2560_c0_w512_h512",sem_pluma,0,0,0,262144,0,0,0,0,0,1,,0,"random"
"attentiongates_dpu_easy_remaining.xmodel","ang20191013t182140_r15104_c0_w512_h512",sem_pluma,0,0,0,262144,0,0,0,0,0,1,,0,"random"
"attentiongates_dpu_easy_remaining.xmodel","ang20191013t185356_r256_c256_w512_h512",sem_pluma,0,0,0,262144,0,0,0,0,0,1,,0,"hard"
"attentiongates_dpu_easy_remaining.xmodel","ang20191013t185356_r3072_c256_w512_h512",sem_pluma,0,57,0,262087,0,0,0,0,0.000217437744141,0.999782562256,,0,"hard"
"attentiongates_dpu_easy_remaining.xmodel","ang20191013t185356_r768_c256_w512_h512",sem_pluma,0,0,0,262144,0,0,0,0,0,1,,0,"hard"
"attentiongates_dpu_easy_remaining.xmodel","ang20191013t185356_r11520_c0_w512_h512",sem_pluma,0,0,0,262144,0,0,0,0,0,1,,0,"random"
"attentiongates_dpu_easy_remaining.xmodel","ang20191013t185356_r13312_c0_w512_h512",sem_pluma,0,0,0,262144,0,0,0,0,0,1,,0,"random"
"attentiongates_dpu_easy_remaining.xmodel","ang20191013t185356_r6656_c256_w512_h512",sem_pluma,0,0,0,262144,0,0,0,0,0,1,,0,"random"
"attentiongates_dpu_easy_remaining.xmodel","ang20191013t185356_r2304_c256_w512_h512",sem_pluma,0,0,0,262144,0,0,0,0,0,1,,0,"random"
"attentiongates_dpu_easy_remaining.xmodel","ang20191013t192848_r6144_c256_w512_h512",sem_pluma,0,126,0,262018,0,0,0,0,0.000480651855469,0.999519348145,,0,"hard"
"attentiongates_dpu_easy_remaining.xmodel","ang20191013t192848_r3584_c256_w512_h512",sem_pluma,0,0,0,262144,0,0,0,0,0,1,,0,"hard"
"attentiongates_dpu_easy_remaining.xmodel","ang20191013t192848_r6656_c256_w512_h512",sem_pluma,0,475,0,261669,0,0,0,0,0.00181198120117,0.998188018799,,0,"hard"
"attentiongates_dpu_easy_remaining.xmodel","ang20191013t192848_r19200_c0_w512_h512",sem_pluma,0,0,0,262144,0,0,0,0,0,1,,0,"random"
"attentiongates_dpu_easy_remaining.xmodel","ang20191013t192848_r8448_c256_w512_h512",sem_pluma,0,76,0,262068,0,0,0,0,0.000289916992188,0.999710083008,,0,"random"
"attentiongates_dpu_easy_remaining.xmodel","ang20191013t192848_r9728_c256_w512_h512",sem_pluma,0,176,0,261968,0,0,0,0,0.00067138671875,0.999328613281,,0,"random"
"attentiongates_dpu_easy_remaining.xmodel","ang20191013t192848_r7680_c256_w512_h512",sem_pluma,0,0,0,262144,0,0,0,0,0,1,,0,"random"
"attentiongates_dpu_easy_remaining.xmodel","ang20191016t143714_r4608_c256_w512_h512",sem_pluma,0,0,0,262144,0,0,0,0,0,1,,0,"hard"
"attentiongates_dpu_easy_remaining.xmodel","ang20191016t143714_r3584_c256_w512_h512",sem_pluma,0,0,0,262144,0,0,0,0,0,1,,0,"hard"
"attentiongates_dpu_easy_remaining.xmodel","ang20191016t143714_r5632_c256_w512_h512",sem_pluma,0,9,0,262135,0,0,0,0,3.43322753906e-05,0.999965667725,,0,"hard"
"attentiongates_dpu_easy_remaining.xmodel","ang20191016t143714_r1792_c256_w512_h512",sem_pluma,0,0,0,262144,0,0,0,0,0,1,,0,"random"
"attentiongates_dpu_easy_remaining.xmodel","ang20191016t143714_r8704_c256_w512_h512",sem_pluma,0,0,0,262144,0,0,0,0,0,1,,0,"random"
"attentiongates_dpu_easy_remaining.xmodel","ang20191016t143714_r768_c0_w512_h512",sem_pluma,0,0,0,262144,0,0,0,0,0,1,,0,"random"
"attentiongates_dpu_easy_remaining.xmodel","ang20191016t143714_r8192_c512_w512_h512",sem_pluma,0,0,0,262144,0,0,0,0,0,1,,0,"random"
"attentiongates_dpu_easy_remaining.xmodel","ang20191016t145145_r7168_c256_w512_h512",sem_pluma,0,0,0,262144,0,0,0,0,0,1,,0,"hard"
"attentiongates_dpu_easy_remaining.xmodel","ang20191016t145145_r7936_c256_w512_h512",sem_pluma,0,0,0,262144,0,0,0,0,0,1,,0,"hard"
"attentiongates_dpu_easy_remaining.xmodel","ang20191016t145145_r10752_c256_w512_h512",sem_pluma,0,2,0,262142,0,0,0,0,7.62939453125e-06,0.999992370605,,0,"hard"
"attentiongates_dpu_easy_remaining.xmodel","ang20191016t145145_r11264_c256_w512_h512",sem_pluma,0,0,0,262144,0,0,0,0,0,1,,0,"random"
"attentiongates_dpu_easy_remaining.xmodel","ang20191016t145145_r2048_c0_w512_h512",sem_pluma,0,0,0,262144,0,0,0,0,0,1,,0,"random"
"attentiongates_dpu_easy_remaining.xmodel","ang20191016t150743_r0_c0_w512_h512",sem_pluma,0,650,0,261494,0,0,0,0,0.00247955322266,0.997520446777,,0,"hard"
"attentiongates_dpu_easy_remaining.xmodel","ang20191016t150743_r512_c0_w512_h512",sem_pluma,0,0,0,262144,0,0,0,0,0,1,,0,"hard"
"attentiongates_dpu_easy_remaining.xmodel","ang20191016t150743_r2048_c0_w512_h512",sem_pluma,0,0,0,262144,0,0,0,0,0,1,,0,"hard"
"attentiongates_dpu_easy_remaining.xmodel","ang20191016t150743_r5632_c0_w512_h512",sem_pluma,0,0,0,262144,0,0,0,0,0,1,,0,"random"
"attentiongates_dpu_easy_remaining.xmodel","ang20191016t150743_r4864_c0_w512_h512",sem_pluma,0,251,0,261893,0,0,0,0,0.000957489013672,0.999042510986,,0,"random"
"attentiongates_dpu_easy_remaining.xmodel","ang20191016t150743_r6656_c0_w512_h512",sem_pluma,0,0,0,262144,0,0,0,0,0,1,,0,"random"
"attentiongates_dpu_easy_remaining.xmodel","ang20191016t150743_r6144_c0_w512_h512",sem_pluma,0,0,0,262144,0,0,0,0,0,1,,0,"random"
"attentiongates_dpu_easy_remaining.xmodel","ang20191016t152245_r7680_c0_w512_h512",sem_pluma,0,0,0,262144,0,0,0,0,0,1,,0,"hard"
"attentiongates_dpu_easy_remaining.xmodel","ang20191016t152245_r256_c0_w512_h512",sem_pluma,0,0,0,262144,0,0,0,0,0,1,,0,"hard"
"attentiongates_dpu_easy_remaining.xmodel","ang20191016t152245_r768_c0_w512_h512",sem_pluma,0,0,0,262144,0,0,0,0,0,1,,0,"hard"
"attentiongates_dpu_easy_remaining.xmodel","ang20191016t152245_r11008_c256_w512_h512",sem_pluma,0,0,0,262144,0,0,0,0,0,1,,0,"random"
"attentiongates_dpu_easy_remaining.xmodel","ang20191016t152245_r2560_c0_w512_h512",sem_pluma,0,0,0,262144,0,0,0,0,0,1,,0,"random"
"attentiongates_dpu_easy_remaining.xmodel","ang20191016t152245_r4608_c0_w512_h512",sem_pluma,0,0,0,262144,0,0,0,0,0,1,,0,"random"
"attentiongates_dpu_easy_remaining.xmodel","ang20191016t152245_r1280_c0_w512_h512",sem_pluma,0,0,0,262144,0,0,0,0,0,1,,0,"random"
"attentiongates_dpu_easy_remaining.xmodel","ang20191016t153826_r0_c0_w512_h512",sem_pluma,0,0,0,262144,0,0,0,0,0,1,,0,"hard"
"attentiongates_dpu_easy_remaining.xmodel","ang20191016t153826_r512_c0_w512_h512",sem_pluma,0,0,0,262144,0,0,0,0,0,1,,0,"hard"
"attentiongates_dpu_easy_remaining.xmodel","ang20191016t153826_r6400_c256_w512_h512",sem_pluma,0,1,0,262143,0,0,0,0,3.81469726562e-06,0.999996185303,,0,"hard"
"attentiongates_dpu_easy_remaining.xmodel","ang20191016t153826_r10752_c0_w512_h512",sem_pluma,0,0,0,262144,0,0,0,0,0,1,,0,"random"
"attentiongates_dpu_easy_remaining.xmodel","ang20191016t153826_r3840_c0_w512_h512",sem_pluma,0,0,0,262144,0,0,0,0,0,1,,0,"random"
"attentiongates_dpu_easy_remaining.xmodel","ang20191016t153826_r5888_c256_w512_h512",sem_pluma,0,0,0,262144,0,0,0,0,0,1,,0,"random"
"attentiongates_dpu_easy_remaining.xmodel","ang20191016t153826_r8960_c0_w512_h512",sem_pluma,0,0,0,262144,0,0,0,0,0,1,,0,"random"
"attentiongates_dpu_easy_remaining.xmodel","ang20191016t155337_r5376_c0_w512_h512",sem_pluma,0,48,0,262096,0,0,0,0,0.00018310546875,0.999816894531,,0,"hard"
"attentiongates_dpu_easy_remaining.xmodel","ang20191016t155337_r768_c0_w512_h512",sem_pluma,0,0,0,262144,0,0,0,0,0,1,,0,"hard"
"attentiongates_dpu_easy_remaining.xmodel","ang20191016t155337_r4864_c0_w512_h512",sem_pluma,0,0,0,262144,0,0,0,0,0,1,,0,"hard"
"attentiongates_dpu_easy_remaining.xmodel","ang20191016t155337_r9472_c256_w512_h512",sem_pluma,0,0,0,262144,0,0,0,0,0,1,,0,"random"
"attentiongates_dpu_easy_remaining.xmodel","ang20191016t155337_r8960_c0_w512_h512",sem_pluma,0,0,0,262144,0,0,0,0,0,1,,0,"random"
"attentiongates_dpu_easy_remaining.xmodel","ang20191016t155337_r1536_c0_w512_h512",sem_pluma,0,0,0,262144,0,0,0,0,0,1,,0,"random"
"attentiongates_dpu_easy_remaining.xmodel","ang20191016t155337_r10752_c0_w512_h512",sem_pluma,0,99,0,262045,0,0,0,0,0.000377655029297,0.999622344971,,0,"random"
"attentiongates_dpu_easy_remaining.xmodel","ang20191016t160914_r256_c0_w512_h512",sem_pluma,0,0,0,262144,0,0,0,0,0,1,,0,"hard"
"attentiongates_dpu_easy_remaining.xmodel","ang20191016t160914_r6912_c0_w512_h512",sem_pluma,0,0,0,262144,0,0,0,0,0,1,,0,"hard"
"attentiongates_dpu_easy_remaining.xmodel","ang20191016t160914_r7424_c256_w512_h512",sem_pluma,0,0,0,262144,0,0,0,0,0,1,,0,"hard"
"attentiongates_dpu_easy_remaining.xmodel","ang20191016t160914_r8192_c256_w512_h512",sem_pluma,0,0,0,262144,0,0,0,0,0,1,,0,"random"
"attentiongates_dpu_easy_remaining.xmodel","ang20191016t160914_r10240_c0_w512_h512",sem_pluma,0,0,0,262144,0,0,0,0,0,1,,0,"random"
"attentiongates_dpu_easy_remaining.xmodel","ang20191016t160914_r9472_c0_w512_h512",sem_pluma,0,0,0,262144,0,0,0,0,0,1,,0,"random"
"attentiongates_dpu_easy_remaining.xmodel","ang20191016t160914_r5120_c0_w512_h512",sem_pluma,0,0,0,262144,0,0,0,0,0,1,,0,"random"
"attentiongates_dpu_easy_remaining.xmodel","ang20191016t162417_r5632_c0_w512_h512",sem_pluma,0,0,0,262144,0,0,0,0,0,1,,0,"hard"
"attentiongates_dpu_easy_remaining.xmodel","ang20191016t162417_r9728_c256_w512_h512",sem_pluma,0,0,0,262144,0,0,0,0,0,1,,0,"hard"
"attentiongates_dpu_easy_remaining.xmodel","ang20191016t162417_r10240_c256_w512_h512",sem_pluma,0,20,0,262124,0,0,0,0,7.62939453125e-05,0.999923706055,,0,"hard"
"attentiongates_dpu_easy_remaining.xmodel","ang20191016t162417_r6400_c0_w512_h512",sem_pluma,0,0,0,262144,0,0,0,0,0,1,,0,"random"
"attentiongates_dpu_easy_remaining.xmodel","ang20191016t162417_r8704_c0_w512_h512",sem_pluma,0,0,0,262144,0,0,0,0,0,1,,0,"random"
"attentiongates_dpu_easy_remaining.xmodel","ang20191016t162417_r7680_c0_w512_h512",sem_pluma,0,0,0,262144,0,0,0,0,0,1,,0,"random"
"attentiongates_dpu_easy_remaining.xmodel","ang20191016t162417_r3840_c0_w512_h512",sem_pluma,0,0,0,262144,0,0,0,0,0,1,,0,"random"
"attentiongates_dpu_easy_remaining.xmodel","ang20191016t163955_r256_c0_w512_h512",sem_pluma,0,390,0,261754,0,0,0,0,0.00148773193359,0.998512268066,,0,"hard"
"attentiongates_dpu_easy_remaining.xmodel","ang20191016t163955_r9216_c256_w512_h512",sem_pluma,0,0,0,262144,0,0,0,0,0,1,,0,"hard"
"attentiongates_dpu_easy_remaining.xmodel","ang20191016t163955_r11008_c0_w512_h512",sem_pluma,0,0,0,262144,0,0,0,0,0,1,,0,"hard"
"attentiongates_dpu_easy_remaining.xmodel","ang20191016t163955_r9728_c256_w512_h512",sem_pluma,0,0,0,262144,0,0,0,0,0,1,,0,"random"
"attentiongates_dpu_easy_remaining.xmodel","ang20191016t163955_r8192_c256_w512_h512",sem_pluma,0,0,0,262144,0,0,0,0,0,1,,0,"random"
"attentiongates_dpu_easy_remaining.xmodel","ang20191016t163955_r8704_c0_w512_h512",sem_pluma,0,0,0,262144,0,0,0,0,0,1,,0,"random"
"attentiongates_dpu_easy_remaining.xmodel","ang20191016t163955_r7680_c256_w512_h512",sem_pluma,0,0,0,262144,0,0,0,0,0,1,,0,"random"
"attentiongates_dpu_easy_remaining.xmodel","ang20191016t165454_r4608_c0_w512_h512",sem_pluma,0,0,0,262144,0,0,0,0,0,1,,0,"hard"
"attentiongates_dpu_easy_remaining.xmodel","ang20191016t165454_r1024_c0_w512_h512",sem_pluma,0,0,0,262144,0,0,0,0,0,1,,0,"hard"
"attentiongates_dpu_easy_remaining.xmodel","ang20191016t165454_r10752_c256_w512_h512",sem_pluma,0,0,0,262144,0,0,0,0,0,1,,0,"hard"
"attentiongates_dpu_easy_remaining.xmodel","ang20191016t165454_r8192_c0_w512_h512",sem_pluma,0,0,0,262144,0,0,0,0,0,1,,0,"random"
"attentiongates_dpu_easy_remaining.xmodel","ang20191016t165454_r8960_c256_w512_h512",sem_pluma,0,0,0,262144,0,0,0,0,0,1,,0,"random"
"attentiongates_dpu_easy_remaining.xmodel","ang20191016t165454_r9472_c256_w512_h512",sem_pluma,0,0,0,262144,0,0,0,0,0,1,,0,"random"
"attentiongates_dpu_easy_remaining.xmodel","ang20191016t165454_r2560_c0_w512_h512",sem_pluma,0,0,0,262144,0,0,0,0,0,1,,0,"random"
"attentiongates_dpu_easy_remaining.xmodel","ang20191016t171023_r3584_c0_w512_h512",sem_pluma,0,0,0,262144,0,0,0,0,0,1,,0,"hard"
"attentiongates_dpu_easy_remaining.xmodel","ang20191016t171023_r768_c0_w512_h512",sem_pluma,0,37,0,262107,0,0,0,0,0.000141143798828,0.999858856201,,0,"hard"
"attentiongates_dpu_easy_remaining.xmodel","ang20191016t171023_r9984_c256_w512_h512",sem_pluma,0,0,0,262144,0,0,0,0,0,1,,0,"hard"
"attentiongates_dpu_easy_remaining.xmodel","ang20191016t171023_r9216_c0_w512_h512",sem_pluma,0,0,0,262144,0,0,0,0,0,1,,0,"random"
"attentiongates_dpu_easy_remaining.xmodel","ang20191016t171023_r0_c0_w512_h512",sem_pluma,0,0,0,262144,0,0,0,0,0,1,,0,"random"
"attentiongates_dpu_easy_remaining.xmodel","ang20191016t171023_r11264_c0_w512_h512",sem_pluma,0,0,0,262144,0,0,0,0,0,1,,0,"random"
"attentiongates_dpu_easy_remaining.xmodel","ang20191016t171023_r8704_c256_w512_h512",sem_pluma,0,0,0,262144,0,0,0,0,0,1,,0,"random"
"attentiongates_dpu_easy_remaining.xmodel","ang20191016t172526_r7936_c0_w512_h512",sem_pluma,0,179,0,261965,0,0,0,0,0.000682830810547,0.999317169189,,0,"hard"
"attentiongates_dpu_easy_remaining.xmodel","ang20191016t172526_r2560_c0_w512_h512",sem_pluma,0,6,0,262138,0,0,0,0,2.28881835938e-05,0.999977111816,,0,"hard"
"attentiongates_dpu_easy_remaining.xmodel","ang20191016t172526_r0_c0_w512_h512",sem_pluma,0,0,0,262144,0,0,0,0,0,1,,0,"hard"
"attentiongates_dpu_easy_remaining.xmodel","ang20191016t172526_r9728_c0_w512_h512",sem_pluma,0,0,0,262144,0,0,0,0,0,1,,0,"random"
"attentiongates_dpu_easy_remaining.xmodel","ang20191016t172526_r6400_c256_w512_h512",sem_pluma,0,0,0,262144,0,0,0,0,0,1,,0,"random"
"attentiongates_dpu_easy_remaining.xmodel","ang20191016t172526_r2048_c0_w512_h512",sem_pluma,0,0,0,262144,0,0,0,0,0,1,,0,"random"
"attentiongates_dpu_easy_remaining.xmodel","ang20191016t172526_r10752_c256_w512_h512",sem_pluma,0,42,0,262102,0,0,0,0,0.000160217285156,0.999839782715,,0,"random"
"attentiongates_dpu_easy_remaining.xmodel","ang20191016t174016_r3840_c0_w512_h512",sem_pluma,0,0,0,262144,0,0,0,0,0,1,,0,"hard"
"attentiongates_dpu_easy_remaining.xmodel","ang20191016t174016_r2560_c0_w512_h512",sem_pluma,0,0,0,262144,0,0,0,0,0,1,,0,"hard"
"attentiongates_dpu_easy_remaining.xmodel","ang20191016t174016_r4864_c0_w512_h512",sem_pluma,0,0,0,262144,0,0,0,0,0,1,,0,"hard"
"attentiongates_dpu_easy_remaining.xmodel","ang20191016t174016_r6400_c0_w512_h512",sem_pluma,0,0,0,262144,0,0,0,0,0,1,,0,"random"
"attentiongates_dpu_easy_remaining.xmodel","ang20191016t174016_r9728_c0_w512_h512",sem_pluma,0,3,0,262141,0,0,0,0,1.14440917969e-05,0.999988555908,,0,"random"
"attentiongates_dpu_easy_remaining.xmodel","ang20191016t174016_r6912_c256_w512_h512",sem_pluma,0,0,0,262144,0,0,0,0,0,1,,0,"random"
"attentiongates_dpu_easy_remaining.xmodel","ang20191016t174016_r12288_c256_w512_h512",sem_pluma,0,0,0,262144,0,0,0,0,0,1,,0,"random"
"attentiongates_dpu_easy_remaining.xmodel","ang20191016t175642_r4864_c0_w512_h512",sem_pluma,0,0,0,262144,0,0,0,0,0,1,,0,"hard"
"attentiongates_dpu_easy_remaining.xmodel","ang20191016t175642_r2048_c0_w512_h512",sem_pluma,0,3,0,262141,0,0,0,0,1.14440917969e-05,0.999988555908,,0,"hard"
"attentiongates_dpu_easy_remaining.xmodel","ang20191016t175642_r6400_c0_w512_h512",sem_pluma,0,0,0,262144,0,0,0,0,0,1,,0,"hard"
"attentiongates_dpu_easy_remaining.xmodel","ang20191016t175642_r13056_c0_w512_h512",sem_pluma,0,0,0,262144,0,0,0,0,0,1,,0,"random"
"attentiongates_dpu_easy_remaining.xmodel","ang20191016t175642_r8704_c0_w512_h512",sem_pluma,0,0,0,262144,0,0,0,0,0,1,,0,"random"
"attentiongates_dpu_easy_remaining.xmodel","ang20191016t175642_r12032_c256_w512_h512",sem_pluma,0,0,0,262144,0,0,0,0,0,1,,0,"random"
"attentiongates_dpu_easy_remaining.xmodel","ang20191016t175642_r12544_c0_w512_h512",sem_pluma,0,0,0,262144,0,0,0,0,0,1,,0,"random"
"attentiongates_dpu_easy_remaining.xmodel","ang20191016t181351_r3840_c0_w512_h512",sem_pluma,0,0,0,262144,0,0,0,0,0,1,,0,"hard"
"attentiongates_dpu_easy_remaining.xmodel","ang20191016t181351_r6656_c0_w512_h512",sem_pluma,0,2,0,262142,0,0,0,0,7.62939453125e-06,0.999992370605,,0,"hard"
"attentiongates_dpu_easy_remaining.xmodel","ang20191016t181351_r8960_c0_w512_h512",sem_pluma,0,0,0,262144,0,0,0,0,0,1,,0,"hard"
"attentiongates_dpu_easy_remaining.xmodel","ang20191016t181351_r7680_c256_w512_h512",sem_pluma,0,0,0,262144,0,0,0,0,0,1,,0,"random"
"attentiongates_dpu_easy_remaining.xmodel","ang20191016t181351_r10240_c256_w512_h512",sem_pluma,0,0,0,262144,0,0,0,0,0,1,,0,"random"
"attentiongates_dpu_easy_remaining.xmodel","ang20191016t181351_r11008_c0_w512_h512",sem_pluma,0,0,0,262144,0,0,0,0,0,1,,0,"random"
"attentiongates_dpu_easy_remaining.xmodel","ang20191016t181351_r9472_c0_w512_h512",sem_pluma,0,0,0,262144,0,0,0,0,0,1,,0,"random"
"attentiongates_dpu_easy_remaining.xmodel","ang20191016t183045_r4096_c0_w512_h512",sem_pluma,0,0,0,262144,0,0,0,0,0,1,,0,"hard"
"attentiongates_dpu_easy_remaining.xmodel","ang20191016t183045_r7680_c0_w512_h512",sem_pluma,0,0,0,262144,0,0,0,0,0,1,,0,"hard"
"attentiongates_dpu_easy_remaining.xmodel","ang20191016t183045_r9216_c256_w512_h512",sem_pluma,0,0,0,262144,0,0,0,0,0,1,,0,"hard"
"attentiongates_dpu_easy_remaining.xmodel","ang20191016t183045_r9728_c0_w512_h512",sem_pluma,0,0,0,262144,0,0,0,0,0,1,,0,"random"
"attentiongates_dpu_easy_remaining.xmodel","ang20191016t183045_r11776_c0_w512_h512",sem_pluma,0,0,0,262144,0,0,0,0,0,1,,0,"random"
"attentiongates_dpu_easy_remaining.xmodel","ang20191016t183045_r10496_c256_w512_h512",sem_pluma,0,0,0,262144,0,0,0,0,0,1,,0,"random"
"attentiongates_dpu_easy_remaining.xmodel","ang20191016t183045_r11264_c0_w512_h512",sem_pluma,0,0,0,262144,0,0,0,0,0,1,,0,"random"
"attentiongates_dpu_easy_remaining.xmodel","ang20191016t184817_r8192_c256_w512_h512",sem_pluma,0,0,0,262144,0,0,0,0,0,1,,0,"hard"
"attentiongates_dpu_easy_remaining.xmodel","ang20191016t184817_r6400_c256_w512_h512",sem_pluma,0,0,0,262144,0,0,0,0,0,1,,0,"hard"
"attentiongates_dpu_easy_remaining.xmodel","ang20191016t184817_r5632_c0_w512_h512",sem_pluma,0,0,0,262144,0,0,0,0,0,1,,0,"hard"
"attentiongates_dpu_easy_remaining.xmodel","ang20191016t184817_r10496_c0_w512_h512",sem_pluma,0,0,0,262144,0,0,0,0,0,1,,0,"random"
"attentiongates_dpu_easy_remaining.xmodel","ang20191016t184817_r12288_c256_w512_h512",sem_pluma,0,0,0,262144,0,0,0,0,0,1,,0,"random"
"attentiongates_dpu_easy_remaining.xmodel","ang20191016t184817_r11520_c256_w512_h512",sem_pluma,0,0,0,262144,0,0,0,0,0,1,,0,"random"
"attentiongates_dpu_easy_remaining.xmodel","ang20191016t184817_r11008_c256_w512_h512",sem_pluma,0,0,0,262144,0,0,0,0,0,1,,0,"random"
"attentiongates_dpu_easy_remaining.xmodel","ang20191016t190528_r6912_c0_w512_h512",sem_pluma,0,0,0,262144,0,0,0,0,0,1,,0,"hard"
"attentiongates_dpu_easy_remaining.xmodel","ang20191016t190528_r7424_c0_w512_h512",sem_pluma,0,0,0,262144,0,0,0,0,0,1,,0,"hard"
"attentiongates_dpu_easy_remaining.xmodel","ang20191016t190528_r3584_c0_w512_h512",sem_pluma,0,0,0,262144,0,0,0,0,0,1,,0,"hard"
"attentiongates_dpu_easy_remaining.xmodel","ang20191016t190528_r9472_c256_w512_h512",sem_pluma,0,0,0,262144,0,0,0,0,0,1,,0,"random"
"attentiongates_dpu_easy_remaining.xmodel","ang20191016t190528_r2816_c0_w512_h512",sem_pluma,0,14,0,262130,0,0,0,0,5.34057617188e-05,0.999946594238,,0,"random"
"attentiongates_dpu_easy_remaining.xmodel","ang20191016t190528_r1280_c0_w512_h512",sem_pluma,0,0,0,262144,0,0,0,0,0,1,,0,"random"
"attentiongates_dpu_easy_remaining.xmodel","ang20191016t190528_r256_c0_w512_h512",sem_pluma,0,0,0,262144,0,0,0,0,0,1,,0,"random"
"attentiongates_dpu_easy_remaining.xmodel","ang20191016t193637_r512_c0_w512_h512",sem_pluma,0,29,0,262115,0,0,0,0,0.000110626220703,0.999889373779,,0,"hard"
"attentiongates_dpu_easy_remaining.xmodel","ang20191016t193637_r0_c0_w512_h512",sem_pluma,0,0,0,262144,0,0,0,0,0,1,,0,"hard"
"attentiongates_dpu_easy_remaining.xmodel","ang20191016t193637_r3584_c0_w512_h512",sem_pluma,0,0,0,262144,0,0,0,0,0,1,,0,"hard"
"attentiongates_dpu_easy_remaining.xmodel","ang20191016t193637_r4352_c0_w512_h512",sem_pluma,0,0,0,262144,0,0,0,0,0,1,,0,"random"
"attentiongates_dpu_easy_remaining.xmodel","ang20191016t193637_r9984_c0_w512_h512",sem_pluma,0,0,0,262144,0,0,0,0,0,1,,0,"random"
"attentiongates_dpu_easy_remaining.xmodel","ang20191016t193637_r4864_c0_w512_h512",sem_pluma,0,0,0,262144,0,0,0,0,0,1,,0,"random"
"attentiongates_dpu_easy_remaining.xmodel","ang20191016t193637_r6144_c0_w512_h512",sem_pluma,0,0,0,262144,0,0,0,0,0,1,,0,"random"
"attentiongates_dpu_easy_remaining.xmodel","ang20191016t195058_r5888_c256_w512_h512",sem_pluma,0,0,0,262144,0,0,0,0,0,1,,0,"hard"
"attentiongates_dpu_easy_remaining.xmodel","ang20191016t195058_r5376_c256_w512_h512",sem_pluma,0,38,0,262106,0,0,0,0,0.000144958496094,0.999855041504,,0,"hard"
"attentiongates_dpu_easy_remaining.xmodel","ang20191016t195058_r3584_c256_w512_h512",sem_pluma,0,0,0,262144,0,0,0,0,0,1,,0,"hard"
"attentiongates_dpu_easy_remaining.xmodel","ang20191016t195058_r2304_c512_w512_h512",sem_pluma,0,188,0,261956,0,0,0,0,0.000717163085938,0.999282836914,,0,"random"
"attentiongates_dpu_easy_remaining.xmodel","ang20191016t195058_r3072_c512_w512_h512",sem_pluma,0,0,0,262144,0,0,0,0,0,1,,0,"random"
"attentiongates_dpu_easy_remaining.xmodel","ang20191016t195058_r1792_c512_w512_h512",sem_pluma,0,41,0,262103,0,0,0,0,0.000156402587891,0.999843597412,,0,"random"
"attentiongates_dpu_easy_remaining.xmodel","ang20191016t195058_r1024_c512_w512_h512",sem_pluma,0,80,0,262064,0,0,0,0,0.00030517578125,0.999694824219,,0,"random"
"attentiongates_dpu_easy_remaining.xmodel","ang20191016t200430_r1280_c0_w512_h512",sem_pluma,0,0,0,262144,0,0,0,0,0,1,,0,"hard"
"attentiongates_dpu_easy_remaining.xmodel","ang20191016t200430_r2048_c0_w512_h512",sem_pluma,0,0,0,262144,0,0,0,0,0,1,,0,"hard"
"attentiongates_dpu_easy_remaining.xmodel","ang20191016t200430_r7680_c0_w512_h512",sem_pluma,0,0,0,262144,0,0,0,0,0,1,,0,"hard"
"attentiongates_dpu_easy_remaining.xmodel","ang20191016t200430_r2560_c0_w512_h512",sem_pluma,0,0,0,262144,0,0,0,0,0,1,,0,"random"
"attentiongates_dpu_easy_remaining.xmodel","ang20191016t200430_r3328_c0_w512_h512",sem_pluma,0,0,0,262144,0,0,0,0,0,1,,0,"random"
"attentiongates_dpu_easy_remaining.xmodel","ang20191016t200430_r8960_c0_w512_h512",sem_pluma,0,0,0,262144,0,0,0,0,0,1,,0,"random"
"attentiongates_dpu_easy_remaining.xmodel","ang20191016t200430_r8448_c0_w512_h512",sem_pluma,0,0,0,262144,0,0,0,0,0,1,,0,"random"
"attentiongates_dpu_easy_remaining.xmodel","ang20191017t143318_r0_c0_w512_h512",sem_pluma,0,0,0,262144,0,0,0,0,0,1,,0,"hard"
"attentiongates_dpu_easy_remaining.xmodel","ang20191017t143318_r3328_c0_w512_h512",sem_pluma,0,0,0,262144,0,0,0,0,0,1,,0,"hard"
"attentiongates_dpu_easy_remaining.xmodel","ang20191017t143318_r7168_c0_w512_h512",sem_pluma,0,61,0,262083,0,0,0,0,0.000232696533203,0.999767303467,,0,"hard"
"attentiongates_dpu_easy_remaining.xmodel","ang20191017t143318_r11264_c0_w512_h512",sem_pluma,0,0,0,262144,0,0,0,0,0,1,,0,"random"
"attentiongates_dpu_easy_remaining.xmodel","ang20191017t143318_r10496_c0_w512_h512",sem_pluma,0,21,0,262123,0,0,0,0,8.01086425781e-05,0.999919891357,,0,"random"
"attentiongates_dpu_easy_remaining.xmodel","ang20191017t143318_r11776_c256_w512_h512",sem_pluma,0,0,0,262144,0,0,0,0,0,1,,0,"random"
"attentiongates_dpu_easy_remaining.xmodel","ang20191017t143318_r7680_c0_w512_h512",sem_pluma,0,23,0,262121,0,0,0,0,8.77380371094e-05,0.999912261963,,0,"random"
"attentiongates_dpu_easy_remaining.xmodel","ang20191017t144928_r512_c0_w512_h512",sem_pluma,0,0,0,262144,0,0,0,0,0,1,,0,"hard"
"attentiongates_dpu_easy_remaining.xmodel","ang20191017t144928_r0_c0_w512_h512",sem_pluma,0,1,0,262143,0,0,0,0,3.81469726562e-06,0.999996185303,,0,"hard"
"attentiongates_dpu_easy_remaining.xmodel","ang20191017t144928_r12288_c0_w512_h512",sem_pluma,0,0,0,262144,0,0,0,0,0,1,,0,"hard"
"attentiongates_dpu_easy_remaining.xmodel","ang20191017t144928_r11264_c256_w512_h512",sem_pluma,0,0,0,262144,0,0,0,0,0,1,,0,"random"
"attentiongates_dpu_easy_remaining.xmodel","ang20191017t144928_r4608_c0_w512_h512",sem_pluma,0,0,0,262144,0,0,0,0,0,1,,0,"random"
"attentiongates_dpu_easy_remaining.xmodel","ang20191017t144928_r7680_c0_w512_h512",sem_pluma,0,0,0,262144,0,0,0,0,0,1,,0,"random"
"attentiongates_dpu_easy_remaining.xmodel","ang20191017t144928_r4096_c0_w512_h512",sem_pluma,0,0,0,262144,0,0,0,0,0,1,,0,"random"
"attentiongates_dpu_easy_remaining.xmodel","ang20191017t150903_r7680_c0_w512_h512",sem_pluma,0,0,0,262144,0,0,0,0,0,1,,0,"hard"
"attentiongates_dpu_easy_remaining.xmodel","ang20191017t150903_r0_c0_w512_h512",sem_pluma,0,0,0,262144,0,0,0,0,0,1,,0,"hard"
"attentiongates_dpu_easy_remaining.xmodel","ang20191017t150903_r4096_c0_w512_h512",sem_pluma,0,0,0,262144,0,0,0,0,0,1,,0,"hard"
"attentiongates_dpu_easy_remaining.xmodel","ang20191017t150903_r9728_c256_w512_h512",sem_pluma,0,0,0,262144,0,0,0,0,0,1,,0,"random"
"attentiongates_dpu_easy_remaining.xmodel","ang20191017t150903_r11520_c0_w512_h512",sem_pluma,0,0,0,262144,0,0,0,0,0,1,,0,"random"
"attentiongates_dpu_easy_remaining.xmodel","ang20191017t150903_r1024_c0_w512_h512",sem_pluma,0,0,0,262144,0,0,0,0,0,1,,0,"random"
"attentiongates_dpu_easy_remaining.xmodel","ang20191017t150903_r10240_c0_w512_h512",sem_pluma,0,555,0,261589,0,0,0,0,0.00211715698242,0.997882843018,,0,"random"
"attentiongates_dpu_easy_remaining.xmodel","ang20191017t152518_r512_c0_w512_h512",sem_pluma,0,0,0,262144,0,0,0,0,0,1,,0,"hard"
"attentiongates_dpu_easy_remaining.xmodel","ang20191017t152518_r5376_c0_w512_h512",sem_pluma,0,13,0,262131,0,0,0,0,4.95910644531e-05,0.999950408936,,0,"hard"
"attentiongates_dpu_easy_remaining.xmodel","ang20191017t152518_r0_c0_w512_h512",sem_pluma,0,2,0,262142,0,0,0,0,7.62939453125e-06,0.999992370605,,0,"hard"
"attentiongates_dpu_easy_remaining.xmodel","ang20191017t152518_r7936_c0_w512_h512",sem_pluma,0,0,0,262144,0,0,0,0,0,1,,0,"random"
"attentiongates_dpu_easy_remaining.xmodel","ang20191017t152518_r4864_c0_w512_h512",sem_pluma,0,0,0,262144,0,0,0,0,0,1,,0,"random"
"attentiongates_dpu_easy_remaining.xmodel","ang20191017t152518_r10496_c0_w512_h512",sem_pluma,0,0,0,262144,0,0,0,0,0,1,,0,"random"
"attentiongates_dpu_easy_remaining.xmodel","ang20191017t152518_r9216_c256_w512_h512",sem_pluma,0,9,0,262135,0,0,0,0,3.43322753906e-05,0.999965667725,,0,"random"
"attentiongates_dpu_easy_remaining.xmodel","ang20191017t154425_r13312_c0_w512_h512",sem_pluma,0,0,0,262144,0,0,0,0,0,1,,0,"hard"
"attentiongates_dpu_easy_remaining.xmodel","ang20191017t154425_r0_c256_w512_h512",sem_pluma,0,0,0,262144,0,0,0,0,0,1,,0,"hard"
"attentiongates_dpu_easy_remaining.xmodel","ang20191017t154425_r9216_c256_w512_h512",sem_pluma,0,393,0,261751,0,0,0,0,0.00149917602539,0.998500823975,,0,"hard"
"attentiongates_dpu_easy_remaining.xmodel","ang20191017t154425_r2560_c256_w512_h512",sem_pluma,0,46,0,262098,0,0,0,0,0.000175476074219,0.999824523926,,0,"random"
"attentiongates_dpu_easy_remaining.xmodel","ang20191017t154425_r1280_c256_w512_h512",sem_pluma,0,0,0,262144,0,0,0,0,0,1,,0,"random"
"attentiongates_dpu_easy_remaining.xmodel","ang20191017t154425_r11776_c0_w512_h512",sem_pluma,0,137,0,262007,0,0,0,0,0.000522613525391,0.999477386475,,0,"random"
"attentiongates_dpu_easy_remaining.xmodel","ang20191017t154425_r9728_c256_w512_h512",sem_pluma,0,0,0,262144,0,0,0,0,0,1,,0,"random"
"attentiongates_dpu_easy_remaining.xmodel","ang20191017t160033_r512_c0_w512_h512",sem_pluma,0,0,0,262144,0,0,0,0,0,1,,0,"hard"
"attentiongates_dpu_easy_remaining.xmodel","ang20191017t160033_r11776_c0_w512_h512",sem_pluma,0,0,0,262144,0,0,0,0,0,1,,0,"hard"
"attentiongates_dpu_easy_remaining.xmodel","ang20191017t160033_r8448_c256_w512_h512",sem_pluma,0,1,0,262143,0,0,0,0,3.81469726562e-06,0.999996185303,,0,"hard"
"attentiongates_dpu_easy_remaining.xmodel","ang20191017t160033_r2304_c0_w512_h512",sem_pluma,0,0,0,262144,0,0,0,0,0,1,,0,"random"
"attentiongates_dpu_easy_remaining.xmodel","ang20191017t160033_r1792_c0_w512_h512",sem_pluma,0,0,0,262144,0,0,0,0,0,1,,0,"random"
"attentiongates_dpu_easy_remaining.xmodel","ang20191017t161837_r6656_c256_w512_h512",sem_pluma,0,0,0,262144,0,0,0,0,0,1,,0,"hard"
"attentiongates_dpu_easy_remaining.xmodel","ang20191017t161837_r7424_c0_w512_h512",sem_pluma,0,0,0,262144,0,0,0,0,0,1,,0,"hard"
"attentiongates_dpu_easy_remaining.xmodel","ang20191017t161837_r2560_c256_w512_h512",sem_pluma,0,0,0,262144,0,0,0,0,0,1,,0,"hard"
"attentiongates_dpu_easy_remaining.xmodel","ang20191017t161837_r1792_c256_w512_h512",sem_pluma,0,0,0,262144,0,0,0,0,0,1,,0,"random"
"attentiongates_dpu_easy_remaining.xmodel","ang20191017t161837_r1024_c256_w512_h512",sem_pluma,0,0,0,262144,0,0,0,0,0,1,,0,"random"
"attentiongates_dpu_easy_remaining.xmodel","ang20191017t161837_r9216_c0_w512_h512",sem_pluma,0,0,0,262144,0,0,0,0,0,1,,0,"random"
"attentiongates_dpu_easy_remaining.xmodel","ang20191017t161837_r9728_c0_w512_h512",sem_pluma,0,0,0,262144,0,0,0,0,0,1,,0,"random"
"attentiongates_dpu_easy_remaining.xmodel","ang20191017t163235_r6912_c0_w512_h512",sem_pluma,0,9,0,262135,0,0,0,0,3.43322753906e-05,0.999965667725,,0,"hard"
"attentiongates_dpu_easy_remaining.xmodel","ang20191017t163235_r4096_c0_w512_h512",sem_pluma,0,0,0,262144,0,0,0,0,0,1,,0,"hard"
"attentiongates_dpu_easy_remaining.xmodel","ang20191017t163235_r3584_c0_w512_h512",sem_pluma,0,1,0,262143,0,0,0,0,3.81469726562e-06,0.999996185303,,0,"hard"
"attentiongates_dpu_easy_remaining.xmodel","ang20191017t163235_r1024_c0_w512_h512",sem_pluma,0,0,0,262144,0,0,0,0,0,1,,0,"random"
"attentiongates_dpu_easy_remaining.xmodel","ang20191017t163235_r9472_c256_w512_h512",sem_pluma,0,0,0,262144,0,0,0,0,0,1,,0,"random"
"attentiongates_dpu_easy_remaining.xmodel","ang20191017t163235_r512_c0_w512_h512",sem_pluma,0,0,0,262144,0,0,0,0,0,1,,0,"random"
"attentiongates_dpu_easy_remaining.xmodel","ang20191017t163235_r8960_c0_w512_h512",sem_pluma,0,0,0,262144,0,0,0,0,0,1,,0,"random"
"attentiongates_dpu_easy_remaining.xmodel","ang20191017t164928_r5888_c0_w512_h512",sem_pluma,0,168,0,261976,0,0,0,0,0.000640869140625,0.999359130859,,0,"hard"
"attentiongates_dpu_easy_remaining.xmodel","ang20191017t164928_r2816_c0_w512_h512",sem_pluma,0,0,0,262144,0,0,0,0,0,1,,0,"hard"
"attentiongates_dpu_easy_remaining.xmodel","ang20191017t164928_r3584_c0_w512_h512",sem_pluma,0,0,0,262144,0,0,0,0,0,1,,0,"hard"
"attentiongates_dpu_easy_remaining.xmodel","ang20191017t164928_r8704_c0_w512_h512",sem_pluma,0,0,0,262144,0,0,0,0,0,1,,0,"random"
"attentiongates_dpu_easy_remaining.xmodel","ang20191017t164928_r9216_c256_w512_h512",sem_pluma,0,0,0,262144,0,0,0,0,0,1,,0,"random"
"attentiongates_dpu_easy_remaining.xmodel","ang20191017t164928_r4864_c0_w512_h512",sem_pluma,0,0,0,262144,0,0,0,0,0,1,,0,"random"
"attentiongates_dpu_easy_remaining.xmodel","ang20191017t164928_r8192_c256_w512_h512",sem_pluma,0,0,0,262144,0,0,0,0,0,1,,0,"random"
"attentiongates_dpu_easy_remaining.xmodel","ang20191017t170330_r5120_c0_w512_h512",sem_pluma,0,0,0,262144,0,0,0,0,0,1,,0,"hard"
"attentiongates_dpu_easy_remaining.xmodel","ang20191017t170330_r7424_c0_w512_h512",sem_pluma,0,0,0,262144,0,0,0,0,0,1,,0,"hard"
"attentiongates_dpu_easy_remaining.xmodel","ang20191017t170330_r7936_c256_w512_h512",sem_pluma,0,0,0,262144,0,0,0,0,0,1,,0,"hard"
"attentiongates_dpu_easy_remaining.xmodel","ang20191017t170330_r8448_c256_w512_h512",sem_pluma,0,0,0,262144,0,0,0,0,0,1,,0,"random"
"attentiongates_dpu_easy_remaining.xmodel","ang20191017t171949_r1024_c0_w512_h512",sem_pluma,0,156,0,261988,0,0,0,0,0.000595092773438,0.999404907227,,0,"hard"
"attentiongates_dpu_easy_remaining.xmodel","ang20191017t171949_r2816_c0_w512_h512",sem_pluma,0,15,0,262129,0,0,0,0,5.72204589844e-05,0.999942779541,,0,"hard"
"attentiongates_dpu_easy_remaining.xmodel","ang20191017t171949_r512_c0_w512_h512",sem_pluma,0,4,0,262140,0,0,0,0,1.52587890625e-05,0.999984741211,,0,"hard"
"attentiongates_dpu_easy_remaining.xmodel","ang20191017t171949_r7424_c256_w512_h512",sem_pluma,0,0,0,262144,0,0,0,0,0,1,,0,"random"
"attentiongates_dpu_easy_remaining.xmodel","ang20191017t171949_r3840_c0_w512_h512",sem_pluma,0,0,0,262144,0,0,0,0,0,1,,0,"random"
"attentiongates_dpu_easy_remaining.xmodel","ang20191017t171949_r7936_c0_w512_h512",sem_pluma,0,0,0,262144,0,0,0,0,0,1,,0,"random"
"attentiongates_dpu_easy_remaining.xmodel","ang20191017t171949_r8704_c0_w512_h512",sem_pluma,0,0,0,262144,0,0,0,0,0,1,,0,"random"
"attentiongates_dpu_easy_remaining.xmodel","ang20191017t173348_r1280_c0_w512_h512",sem_pluma,0,0,0,262144,0,0,0,0,0,1,,0,"hard"
"attentiongates_dpu_easy_remaining.xmodel","ang20191017t173348_r0_c0_w512_h512",sem_pluma,0,0,0,262144,0,0,0,0,0,1,,0,"hard"
"attentiongates_dpu_easy_remaining.xmodel","ang20191017t173348_r10496_c256_w512_h512",sem_pluma,0,7,0,262137,0,0,0,0,2.67028808594e-05,0.999973297119,,0,"hard"
"attentiongates_dpu_easy_remaining.xmodel","ang20191017t173348_r7936_c0_w512_h512",sem_pluma,0,0,0,262144,0,0,0,0,0,1,,0,"random"
"attentiongates_dpu_easy_remaining.xmodel","ang20191017t173348_r8960_c256_w512_h512",sem_pluma,0,0,0,262144,0,0,0,0,0,1,,0,"random"
"attentiongates_dpu_easy_remaining.xmodel","ang20191017t173348_r3584_c0_w512_h512",sem_pluma,0,0,0,262144,0,0,0,0,0,1,,0,"random"
"attentiongates_dpu_easy_remaining.xmodel","ang20191017t173348_r8448_c0_w512_h512",sem_pluma,0,0,0,262144,0,0,0,0,0,1,,0,"random"
"attentiongates_dpu_easy_remaining.xmodel","ang20191017t174946_r1024_c0_w512_h512",sem_pluma,0,4558,0,257586,0,0,0,0,0.0173873901367,0.982612609863,,0,"hard"
"attentiongates_dpu_easy_remaining.xmodel","ang20191017t174946_r256_c0_w512_h512",sem_pluma,0,0,0,262144,0,0,0,0,0,1,,0,"hard"
"attentiongates_dpu_easy_remaining.xmodel","ang20191017t174946_r8448_c256_w512_h512",sem_pluma,0,0,0,262144,0,0,0,0,0,1,,0,"hard"
"attentiongates_dpu_easy_remaining.xmodel","ang20191017t174946_r3584_c0_w512_h512",sem_pluma,0,0,0,262144,0,0,0,0,0,1,,0,"random"
"attentiongates_dpu_easy_remaining.xmodel","ang20191017t174946_r4864_c256_w512_h512",sem_pluma,0,0,0,262144,0,0,0,0,0,1,,0,"random"
"attentiongates_dpu_easy_remaining.xmodel","ang20191017t174946_r3072_c0_w512_h512",sem_pluma,0,0,0,262144,0,0,0,0,0,1,,0,"random"
"attentiongates_dpu_easy_remaining.xmodel","ang20191017t174946_r4096_c0_w512_h512",sem_pluma,0,0,0,262144,0,0,0,0,0,1,,0,"random"
"attentiongates_dpu_easy_remaining.xmodel","ang20191017t180347_r0_c0_w512_h512",sem_pluma,0,3846,0,258298,0,0,0,0,0.0146713256836,0.985328674316,,0,"hard"
"attentiongates_dpu_easy_remaining.xmodel","ang20191017t180347_r512_c0_w512_h512",sem_pluma,0,0,0,262144,0,0,0,0,0,1,,0,"hard"
"attentiongates_dpu_easy_remaining.xmodel","ang20191017t180347_r1024_c0_w512_h512",sem_pluma,0,2,0,262142,0,0,0,0,7.62939453125e-06,0.999992370605,,0,"hard"
"attentiongates_dpu_easy_remaining.xmodel","ang20191017t180347_r4096_c0_w512_h512",sem_pluma,0,0,0,262144,0,0,0,0,0,1,,0,"random"
"attentiongates_dpu_easy_remaining.xmodel","ang20191017t180347_r8704_c256_w512_h512",sem_pluma,0,0,0,262144,0,0,0,0,0,1,,0,"random"
"attentiongates_dpu_easy_remaining.xmodel","ang20191017t180347_r10752_c0_w512_h512",sem_pluma,0,0,0,262144,0,0,0,0,0,1,,0,"random"
"attentiongates_dpu_easy_remaining.xmodel","ang20191017t180347_r1536_c0_w512_h512",sem_pluma,0,0,0,262144,0,0,0,0,0,1,,0,"random"
"attentiongates_dpu_easy_remaining.xmodel","ang20191017t182024_r1024_c0_w512_h512",sem_pluma,0,4,0,262140,0,0,0,0,1.52587890625e-05,0.999984741211,,0,"hard"
"attentiongates_dpu_easy_remaining.xmodel","ang20191017t182024_r512_c0_w512_h512",sem_pluma,0,45,0,262099,0,0,0,0,0.000171661376953,0.999828338623,,0,"hard"
"attentiongates_dpu_easy_remaining.xmodel","ang20191017t182024_r0_c0_w512_h512",sem_pluma,0,5,0,262139,0,0,0,0,1.90734863281e-05,0.999980926514,,0,"hard"
"attentiongates_dpu_easy_remaining.xmodel","ang20191017t182024_r9728_c0_w512_h512",sem_pluma,0,0,0,262144,0,0,0,0,0,1,,0,"random"
"attentiongates_dpu_easy_remaining.xmodel","ang20191017t182024_r8960_c256_w512_h512",sem_pluma,0,0,0,262144,0,0,0,0,0,1,,0,"random"
"attentiongates_dpu_easy_remaining.xmodel","ang20191017t182024_r7936_c0_w512_h512",sem_pluma,0,0,0,262144,0,0,0,0,0,1,,0,"random"
"attentiongates_dpu_easy_remaining.xmodel","ang20191017t182024_r10240_c256_w512_h512",sem_pluma,0,6,0,262138,0,0,0,0,2.28881835938e-05,0.999977111816,,0,"random"
"attentiongates_dpu_easy_remaining.xmodel","ang20191017t183448_r1536_c0_w512_h512",sem_pluma,0,0,0,262144,0,0,0,0,0,1,,0,"hard"
"attentiongates_dpu_easy_remaining.xmodel","ang20191017t183448_r11264_c0_w512_h512",sem_pluma,0,0,0,262144,0,0,0,0,0,1,,0,"hard"
"attentiongates_dpu_easy_remaining.xmodel","ang20191017t183448_r10752_c0_w512_h512",sem_pluma,0,0,0,262144,0,0,0,0,0,1,,0,"hard"
"attentiongates_dpu_easy_remaining.xmodel","ang20191017t183448_r4864_c0_w512_h512",sem_pluma,0,76,0,262068,0,0,0,0,0.000289916992188,0.999710083008,,0,"random"
"attentiongates_dpu_easy_remaining.xmodel","ang20191017t183448_r6400_c0_w512_h512",sem_pluma,0,0,0,262144,0,0,0,0,0,1,,0,"random"
"attentiongates_dpu_easy_remaining.xmodel","ang20191017t183448_r10240_c0_w512_h512",sem_pluma,0,0,0,262144,0,0,0,0,0,1,,0,"random"
"attentiongates_dpu_easy_remaining.xmodel","ang20191017t183448_r3328_c0_w512_h512",sem_pluma,0,0,0,262144,0,0,0,0,0,1,,0,"random"
"attentiongates_dpu_easy_remaining.xmodel","ang20191017t185057_r0_c0_w512_h512",sem_pluma,0,0,0,262144,0,0,0,0,0,1,,0,"hard"
"attentiongates_dpu_easy_remaining.xmodel","ang20191017t185057_r512_c0_w512_h512",sem_pluma,0,0,0,262144,0,0,0,0,0,1,,0,"hard"
"attentiongates_dpu_easy_remaining.xmodel","ang20191017t185057_r11520_c256_w512_h512",sem_pluma,0,0,0,262144,0,0,0,0,0,1,,0,"hard"
"attentiongates_dpu_easy_remaining.xmodel","ang20191017t185057_r10496_c0_w512_h512",sem_pluma,0,0,0,262144,0,0,0,0,0,1,,0,"random"
"attentiongates_dpu_easy_remaining.xmodel","ang20191017t185057_r9472_c256_w512_h512",sem_pluma,0,0,0,262144,0,0,0,0,0,1,,0,"random"
"attentiongates_dpu_easy_remaining.xmodel","ang20191017t185057_r11008_c0_w512_h512",sem_pluma,0,0,0,262144,0,0,0,0,0,1,,0,"random"
"attentiongates_dpu_easy_remaining.xmodel","ang20191017t185057_r8704_c256_w512_h512",sem_pluma,0,0,0,262144,0,0,0,0,0,1,,0,"random"
"attentiongates_dpu_easy_remaining.xmodel","ang20191017t191119_r9728_c0_w512_h512",sem_pluma,0,0,0,262144,0,0,0,0,0,1,,0,"hard"
"attentiongates_dpu_easy_remaining.xmodel","ang20191019t145204_r4608_c0_w512_h512",sem_pluma,0,51,0,262093,0,0,0,0,0.000194549560547,0.999805450439,,0,"hard"
"attentiongates_dpu_easy_remaining.xmodel","ang20191019t145204_r5120_c0_w512_h512",sem_pluma,0,9,0,262135,0,0,0,0,3.43322753906e-05,0.999965667725,,0,"hard"
"attentiongates_dpu_easy_remaining.xmodel","ang20191019t145204_r7168_c0_w512_h512",sem_pluma,0,0,0,262144,0,0,0,0,0,1,,0,"hard"
"attentiongates_dpu_easy_remaining.xmodel","ang20191019t145204_r768_c0_w512_h512",sem_pluma,0,7,0,262137,0,0,0,0,2.67028808594e-05,0.999973297119,,0,"random"
"attentiongates_dpu_easy_remaining.xmodel","ang20191019t145204_r1280_c0_w512_h512",sem_pluma,0,0,0,262144,0,0,0,0,0,1,,0,"random"
"attentiongates_dpu_easy_remaining.xmodel","ang20191019t145204_r2048_c0_w512_h512",sem_pluma,0,0,0,262144,0,0,0,0,0,1,,0,"random"
"attentiongates_dpu_easy_remaining.xmodel","ang20191019t145204_r6144_c0_w512_h512",sem_pluma,0,0,0,262144,0,0,0,0,0,1,,0,"random"
"attentiongates_dpu_easy_remaining.xmodel","ang20191019t150925_r4608_c0_w512_h512",sem_pluma,0,2,0,262142,0,0,0,0,7.62939453125e-06,0.999992370605,,0,"hard"
"attentiongates_dpu_easy_remaining.xmodel","ang20191019t150925_r5120_c0_w512_h512",sem_pluma,0,22,0,262122,0,0,0,0,8.39233398438e-05,0.99991607666,,0,"hard"
"attentiongates_dpu_easy_remaining.xmodel","ang20191019t150925_r7424_c0_w512_h512",sem_pluma,0,0,0,262144,0,0,0,0,0,1,,0,"hard"
"attentiongates_dpu_easy_remaining.xmodel","ang20191019t150925_r1792_c0_w512_h512",sem_pluma,0,7,0,262137,0,0,0,0,2.67028808594e-05,0.999973297119,,0,"random"
"attentiongates_dpu_easy_remaining.xmodel","ang20191019t150925_r5632_c0_w512_h512",sem_pluma,0,0,0,262144,0,0,0,0,0,1,,0,"random"
"attentiongates_dpu_easy_remaining.xmodel","ang20191019t150925_r1024_c0_w512_h512",sem_pluma,0,0,0,262144,0,0,0,0,0,1,,0,"random"
"attentiongates_dpu_easy_remaining.xmodel","ang20191019t150925_r6912_c0_w512_h512",sem_pluma,0,4,0,262140,0,0,0,0,1.52587890625e-05,0.999984741211,,0,"random"
"attentiongates_dpu_easy_remaining.xmodel","ang20191019t151749_r4608_c0_w512_h512",sem_pluma,0,0,0,262144,0,0,0,0,0,1,,0,"hard"
"attentiongates_dpu_easy_remaining.xmodel","ang20191019t151749_r5120_c0_w512_h512",sem_pluma,0,0,0,262144,0,0,0,0,0,1,,0,"hard"
"attentiongates_dpu_easy_remaining.xmodel","ang20191019t151749_r7168_c0_w512_h512",sem_pluma,0,0,0,262144,0,0,0,0,0,1,,0,"hard"
"attentiongates_dpu_easy_remaining.xmodel","ang20191019t151749_r5632_c0_w512_h512",sem_pluma,0,0,0,262144,0,0,0,0,0,1,,0,"random"
"attentiongates_dpu_easy_remaining.xmodel","ang20191019t151749_r6656_c0_w512_h512",sem_pluma,0,0,0,262144,0,0,0,0,0,1,,0,"random"
"attentiongates_dpu_easy_remaining.xmodel","ang20191019t151749_r2816_c0_w512_h512",sem_pluma,0,0,0,262144,0,0,0,0,0,1,,0,"random"
"attentiongates_dpu_easy_remaining.xmodel","ang20191019t151749_r1536_c0_w512_h512",sem_pluma,0,0,0,262144,0,0,0,0,0,1,,0,"random"
"attentiongates_dpu_easy_remaining.xmodel","ang20191019t152610_r4608_c0_w512_h512",sem_pluma,0,0,0,262144,0,0,0,0,0,1,,0,"hard"
"attentiongates_dpu_easy_remaining.xmodel","ang20191019t152610_r5120_c0_w512_h512",sem_pluma,0,0,0,262144,0,0,0,0,0,1,,0,"hard"
"attentiongates_dpu_easy_remaining.xmodel","ang20191019t152610_r7424_c0_w512_h512",sem_pluma,0,0,0,262144,0,0,0,0,0,1,,0,"hard"
"attentiongates_dpu_easy_remaining.xmodel","ang20191019t152610_r2560_c0_w512_h512",sem_pluma,0,0,0,262144,0,0,0,0,0,1,,0,"random"
"attentiongates_dpu_easy_remaining.xmodel","ang20191019t152610_r3072_c0_w512_h512",sem_pluma,0,0,0,262144,0,0,0,0,0,1,,0,"random"
"attentiongates_dpu_easy_remaining.xmodel","ang20191019t152610_r1280_c0_w512_h512",sem_pluma,0,0,0,262144,0,0,0,0,0,1,,0,"random"
"attentiongates_dpu_easy_remaining.xmodel","ang20191019t152610_r0_c0_w512_h512",sem_pluma,0,0,0,262144,0,0,0,0,0,1,,0,"random"
"attentiongates_dpu_easy_remaining.xmodel","ang20191019t153454_r4608_c0_w512_h512",sem_pluma,0,42,0,262102,0,0,0,0,0.000160217285156,0.999839782715,,0,"hard"
"attentiongates_dpu_easy_remaining.xmodel","ang20191019t153454_r5120_c0_w512_h512",sem_pluma,0,0,0,262144,0,0,0,0,0,1,,0,"hard"
"attentiongates_dpu_easy_remaining.xmodel","ang20191019t153454_r7168_c0_w512_h512",sem_pluma,0,0,0,262144,0,0,0,0,0,1,,0,"hard"
"attentiongates_dpu_easy_remaining.xmodel","ang20191019t153454_r1024_c0_w512_h512",sem_pluma,0,0,0,262144,0,0,0,0,0,1,,0,"random"
"attentiongates_dpu_easy_remaining.xmodel","ang20191019t153454_r256_c0_w512_h512",sem_pluma,0,0,0,262144,0,0,0,0,0,1,,0,"random"
"attentiongates_dpu_easy_remaining.xmodel","ang20191019t153454_r2560_c0_w512_h512",sem_pluma,0,0,0,262144,0,0,0,0,0,1,,0,"random"
"attentiongates_dpu_easy_remaining.xmodel","ang20191019t153454_r6400_c0_w512_h512",sem_pluma,0,0,0,262144,0,0,0,0,0,1,,0,"random"
"attentiongates_dpu_easy_remaining.xmodel","ang20191019t155740_r4096_c256_w512_h512",sem_pluma,0,3,0,262141,0,0,0,0,1.14440917969e-05,0.999988555908,,0,"hard"
"attentiongates_dpu_easy_remaining.xmodel","ang20191019t155740_r0_c256_w512_h512",sem_pluma,0,5,0,262139,0,0,0,0,1.90734863281e-05,0.999980926514,,0,"hard"
"attentiongates_dpu_easy_remaining.xmodel","ang20191019t155740_r3584_c256_w512_h512",sem_pluma,0,0,0,262144,0,0,0,0,0,1,,0,"hard"
"attentiongates_dpu_easy_remaining.xmodel","ang20191019t155740_r5888_c256_w512_h512",sem_pluma,0,0,0,262144,0,0,0,0,0,1,,0,"random"
"attentiongates_dpu_easy_remaining.xmodel","ang20191019t155740_r1792_c0_w512_h512",sem_pluma,0,14,0,262130,0,0,0,0,5.34057617188e-05,0.999946594238,,0,"random"
"attentiongates_dpu_easy_remaining.xmodel","ang20191019t155740_r512_c0_w512_h512",sem_pluma,0,73,0,262071,0,0,0,0,0.000278472900391,0.9997215271,,0,"random"
"attentiongates_dpu_easy_remaining.xmodel","ang20191019t155740_r2816_c256_w512_h512",sem_pluma,0,0,0,262144,0,0,0,0,0,1,,0,"random"
"attentiongates_dpu_easy_remaining.xmodel","ang20191019t160518_r3328_c0_w512_h512",sem_pluma,0,0,0,262144,0,0,0,0,0,1,,0,"hard"
"attentiongates_dpu_easy_remaining.xmodel","ang20191019t160518_r5888_c0_w512_h512",sem_pluma,0,0,0,262144,0,0,0,0,0,1,,0,"hard"
"attentiongates_dpu_easy_remaining.xmodel","ang20191019t160518_r4864_c0_w512_h512",sem_pluma,0,0,0,262144,0,0,0,0,0,1,,0,"hard"
"attentiongates_dpu_easy_remaining.xmodel","ang20191019t160518_r5376_c0_w512_h512",sem_pluma,0,0,0,262144,0,0,0,0,0,1,,0,"random"
"attentiongates_dpu_easy_remaining.xmodel","ang20191019t160518_r2304_c0_w512_h512",sem_pluma,0,0,0,262144,0,0,0,0,0,1,,0,"random"
"attentiongates_dpu_easy_remaining.xmodel","ang20191019t160518_r2816_c0_w512_h512",sem_pluma,0,0,0,262144,0,0,0,0,0,1,,0,"random"
"attentiongates_dpu_easy_remaining.xmodel","ang20191019t160518_r7168_c0_w512_h512",sem_pluma,0,0,0,262144,0,0,0,0,0,1,,0,"random"
"attentiongates_dpu_easy_remaining.xmodel","ang20191019t161418_r3328_c0_w512_h512",sem_pluma,0,39,0,262105,0,0,0,0,0.000148773193359,0.999851226807,,0,"hard"
"attentiongates_dpu_easy_remaining.xmodel","ang20191019t161418_r5120_c0_w512_h512",sem_pluma,0,0,0,262144,0,0,0,0,0,1,,0,"hard"
"attentiongates_dpu_easy_remaining.xmodel","ang20191019t161418_r5632_c0_w512_h512",sem_pluma,0,0,0,262144,0,0,0,0,0,1,,0,"hard"
"attentiongates_dpu_easy_remaining.xmodel","ang20191019t161418_r2560_c0_w512_h512",sem_pluma,0,0,0,262144,0,0,0,0,0,1,,0,"random"
"attentiongates_dpu_easy_remaining.xmodel","ang20191019t161418_r7424_c0_w512_h512",sem_pluma,0,0,0,262144,0,0,0,0,0,1,,0,"random"
"attentiongates_dpu_easy_remaining.xmodel","ang20191019t161418_r4608_c0_w512_h512",sem_pluma,0,5,0,262139,0,0,0,0,1.90734863281e-05,0.999980926514,,0,"random"
"attentiongates_dpu_easy_remaining.xmodel","ang20191019t161418_r2048_c0_w512_h512",sem_pluma,0,0,0,262144,0,0,0,0,0,1,,0,"random"
"attentiongates_dpu_easy_remaining.xmodel","ang20191019t162211_r5120_c0_w512_h512",sem_pluma,0,0,0,262144,0,0,0,0,0,1,,0,"hard"
"attentiongates_dpu_easy_remaining.xmodel","ang20191019t162211_r5888_c0_w512_h512",sem_pluma,0,0,0,262144,0,0,0,0,0,1,,0,"hard"
"attentiongates_dpu_easy_remaining.xmodel","ang20191019t162211_r4608_c0_w512_h512",sem_pluma,0,0,0,262144,0,0,0,0,0,1,,0,"hard"
"attentiongates_dpu_easy_remaining.xmodel","ang20191019t162211_r2048_c0_w512_h512",sem_pluma,0,0,0,262144,0,0,0,0,0,1,,0,"random"
"attentiongates_dpu_easy_remaining.xmodel","ang20191019t162211_r7168_c0_w512_h512",sem_pluma,0,4,0,262140,0,0,0,0,1.52587890625e-05,0.999984741211,,0,"random"
"attentiongates_dpu_easy_remaining.xmodel","ang20191019t163936_r4864_c0_w512_h512",sem_pluma,0,0,0,262144,0,0,0,0,0,1,,0,"hard"
"attentiongates_dpu_easy_remaining.xmodel","ang20191019t163936_r5888_c0_w512_h512",sem_pluma,0,0,0,262144,0,0,0,0,0,1,,0,"hard"
"attentiongates_dpu_easy_remaining.xmodel","ang20191019t163936_r5376_c0_w512_h512",sem_pluma,0,0,0,262144,0,0,0,0,0,1,,0,"hard"
"attentiongates_dpu_easy_remaining.xmodel","ang20191019t163936_r2560_c0_w512_h512",sem_pluma,0,0,0,262144,0,0,0,0,0,1,,0,"random"
"attentiongates_dpu_easy_remaining.xmodel","ang20191019t163936_r1792_c0_w512_h512",sem_pluma,0,0,0,262144,0,0,0,0,0,1,,0,"random"
"attentiongates_dpu_easy_remaining.xmodel","ang20191019t163936_r3328_c0_w512_h512",sem_pluma,0,0,0,262144,0,0,0,0,0,1,,0,"random"
"attentiongates_dpu_easy_remaining.xmodel","ang20191019t163936_r7168_c0_w512_h512",sem_pluma,0,23,0,262121,0,0,0,0,8.77380371094e-05,0.999912261963,,0,"random"
"attentiongates_dpu_easy_remaining.xmodel","ang20191019t164827_r3584_c0_w512_h512",sem_pluma,0,0,0,262144,0,0,0,0,0,1,,0,"hard"
"attentiongates_dpu_easy_remaining.xmodel","ang20191019t164827_r5120_c0_w512_h512",sem_pluma,0,0,0,262144,0,0,0,0,0,1,,0,"hard"
"attentiongates_dpu_easy_remaining.xmodel","ang20191019t164827_r6144_c0_w512_h512",sem_pluma,0,0,0,262144,0,0,0,0,0,1,,0,"hard"
"attentiongates_dpu_easy_remaining.xmodel","ang20191019t164827_r1792_c0_w512_h512",sem_pluma,0,13,0,262131,0,0,0,0,4.95910644531e-05,0.999950408936,,0,"random"
"attentiongates_dpu_easy_remaining.xmodel","ang20191019t164827_r7424_c0_w512_h512",sem_pluma,0,0,0,262144,0,0,0,0,0,1,,0,"random"
"attentiongates_dpu_easy_remaining.xmodel","ang20191019t164827_r5632_c0_w512_h512",sem_pluma,0,0,0,262144,0,0,0,0,0,1,,0,"random"
"attentiongates_dpu_easy_remaining.xmodel","ang20191019t164827_r2560_c0_w512_h512",sem_pluma,0,0,0,262144,0,0,0,0,0,1,,0,"random"
"attentiongates_dpu_easy_remaining.xmodel","ang20191019t170014_r4608_c256_w512_h512",sem_pluma,0,0,0,262144,0,0,0,0,0,1,,0,"hard"
"attentiongates_dpu_easy_remaining.xmodel","ang20191019t170014_r1280_c0_w512_h512",sem_pluma,0,743,0,261401,0,0,0,0,0.00283432006836,0.997165679932,,0,"hard"
"attentiongates_dpu_easy_remaining.xmodel","ang20191019t170014_r4096_c256_w512_h512",sem_pluma,0,0,0,262144,0,0,0,0,0,1,,0,"hard"
"attentiongates_dpu_easy_remaining.xmodel","ang20191019t170014_r512_c0_w512_h512",sem_pluma,0,0,0,262144,0,0,0,0,0,1,,0,"random"
"attentiongates_dpu_easy_remaining.xmodel","ang20191019t170014_r0_c0_w512_h512",sem_pluma,0,5,0,262139,0,0,0,0,1.90734863281e-05,0.999980926514,,0,"random"
"attentiongates_dpu_easy_remaining.xmodel","ang20191019t170014_r3584_c256_w512_h512",sem_pluma,0,0,0,262144,0,0,0,0,0,1,,0,"random"
"attentiongates_dpu_easy_remaining.xmodel","ang20191019t170014_r8192_c256_w512_h512",sem_pluma,0,0,0,262144,0,0,0,0,0,1,,0,"random"
"attentiongates_dpu_easy_remaining.xmodel","ang20191019t171416_r4864_c256_w512_h512",sem_pluma,0,0,0,262144,0,0,0,0,0,1,,0,"hard"
"attentiongates_dpu_easy_remaining.xmodel","ang20191019t171416_r2816_c0_w512_h512",sem_pluma,0,43,0,262101,0,0,0,0,0.000164031982422,0.999835968018,,0,"hard"
"attentiongates_dpu_easy_remaining.xmodel","ang20191019t171416_r4352_c0_w512_h512",sem_pluma,0,0,0,262144,0,0,0,0,0,1,,0,"hard"
"attentiongates_dpu_easy_remaining.xmodel","ang20191019t171416_r9728_c0_w512_h512",sem_pluma,0,0,0,262144,0,0,0,0,0,1,,0,"random"
"attentiongates_dpu_easy_remaining.xmodel","ang20191019t171416_r3328_c0_w512_h512",sem_pluma,0,0,0,262144,0,0,0,0,0,1,,0,"random"
"attentiongates_dpu_easy_remaining.xmodel","ang20191019t171416_r8192_c256_w512_h512",sem_pluma,0,0,0,262144,0,0,0,0,0,1,,0,"random"
"attentiongates_dpu_easy_remaining.xmodel","ang20191019t171416_r8704_c0_w512_h512",sem_pluma,0,0,0,262144,0,0,0,0,0,1,,0,"random"
"attentiongates_dpu_easy_remaining.xmodel","ang20191019t172500_r4352_c256_w512_h512",sem_pluma,0,0,0,262144,0,0,0,0,0,1,,0,"hard"
"attentiongates_dpu_easy_remaining.xmodel","ang20191019t172500_r5888_c256_w512_h512",sem_pluma,0,0,0,262144,0,0,0,0,0,1,,0,"hard"
"attentiongates_dpu_easy_remaining.xmodel","ang20191019t172500_r3840_c256_w512_h512",sem_pluma,0,0,0,262144,0,0,0,0,0,1,,0,"hard"
"attentiongates_dpu_easy_remaining.xmodel","ang20191019t172500_r9216_c256_w512_h512",sem_pluma,0,0,0,262144,0,0,0,0,0,1,,0,"random"
"attentiongates_dpu_easy_remaining.xmodel","ang20191019t172500_r9728_c0_w512_h512",sem_pluma,0,0,0,262144,0,0,0,0,0,1,,0,"random"
"attentiongates_dpu_easy_remaining.xmodel","ang20191019t172500_r12032_c256_w512_h512",sem_pluma,0,0,0,262144,0,0,0,0,0,1,,0,"random"
"attentiongates_dpu_easy_remaining.xmodel","ang20191019t172500_r3328_c256_w512_h512",sem_pluma,0,0,0,262144,0,0,0,0,0,1,,0,"random"
"attentiongates_dpu_easy_remaining.xmodel","ang20191019t173905_r5632_c256_w512_h512",sem_pluma,0,0,0,262144,0,0,0,0,0,1,,0,"hard"
"attentiongates_dpu_easy_remaining.xmodel","ang20191019t173905_r4864_c256_w512_h512",sem_pluma,0,6,0,262138,0,0,0,0,2.28881835938e-05,0.999977111816,,0,"hard"
"attentiongates_dpu_easy_remaining.xmodel","ang20191019t173905_r6144_c0_w512_h512",sem_pluma,0,0,0,262144,0,0,0,0,0,1,,0,"hard"
"attentiongates_dpu_easy_remaining.xmodel","ang20191019t173905_r12800_c256_w512_h512",sem_pluma,0,0,0,262144,0,0,0,0,0,1,,0,"random"
"attentiongates_dpu_easy_remaining.xmodel","ang20191019t173905_r8960_c256_w512_h512",sem_pluma,0,0,0,262144,0,0,0,0,0,1,,0,"random"
"attentiongates_dpu_easy_remaining.xmodel","ang20191019t173905_r4352_c256_w512_h512",sem_pluma,0,0,0,262144,0,0,0,0,0,1,,0,"random"
"attentiongates_dpu_easy_remaining.xmodel","ang20191019t173905_r8192_c0_w512_h512",sem_pluma,0,0,0,262144,0,0,0,0,0,1,,0,"random"
"attentiongates_dpu_easy_remaining.xmodel","ang20191019t175004_r5888_c256_w512_h512",sem_pluma,0,10,0,262134,0,0,0,0,3.81469726562e-05,0.999961853027,,0,"hard"
"attentiongates_dpu_easy_remaining.xmodel","ang20191019t175004_r4608_c256_w512_h512",sem_pluma,0,0,0,262144,0,0,0,0,0,1,,0,"hard"
"attentiongates_dpu_easy_remaining.xmodel","ang20191019t175004_r8192_c256_w512_h512",sem_pluma,0,0,0,262144,0,0,0,0,0,1,,0,"hard"
"attentiongates_dpu_easy_remaining.xmodel","ang20191019t175004_r10240_c0_w512_h512",sem_pluma,0,0,0,262144,0,0,0,0,0,1,,0,"random"
"attentiongates_dpu_easy_remaining.xmodel","ang20191019t175004_r11776_c256_w512_h512",sem_pluma,0,0,0,262144,0,0,0,0,0,1,,0,"random"
"attentiongates_dpu_easy_remaining.xmodel","ang20191019t175004_r7680_c256_w512_h512",sem_pluma,0,0,0,262144,0,0,0,0,0,1,,0,"random"
"attentiongates_dpu_easy_remaining.xmodel","ang20191019t175004_r512_c0_w512_h512",sem_pluma,0,0,0,262144,0,0,0,0,0,1,,0,"random"
"attentiongates_dpu_easy_remaining.xmodel","ang20191019t181857_r0_c0_w512_h512",sem_pluma,0,0,0,262144,0,0,0,0,0,1,,0,"hard"
"attentiongates_dpu_easy_remaining.xmodel","ang20191019t181857_r3840_c0_w512_h512",sem_pluma,0,0,0,262144,0,0,0,0,0,1,,0,"hard"
"attentiongates_dpu_easy_remaining.xmodel","ang20191019t181857_r4608_c0_w512_h512",sem_pluma,0,0,0,262144,0,0,0,0,0,1,,0,"hard"
"attentiongates_dpu_easy_remaining.xmodel","ang20191019t181857_r8192_c0_w512_h512",sem_pluma,0,0,0,262144,0,0,0,0,0,1,,0,"random"
"attentiongates_dpu_easy_remaining.xmodel","ang20191019t181857_r8704_c0_w512_h512",sem_pluma,0,0,0,262144,0,0,0,0,0,1,,0,"random"
"attentiongates_dpu_easy_remaining.xmodel","ang20191019t181857_r768_c0_w512_h512",sem_pluma,0,0,0,262144,0,0,0,0,0,1,,0,"random"
"attentiongates_dpu_easy_remaining.xmodel","ang20191019t181857_r1536_c0_w512_h512",sem_pluma,0,0,0,262144,0,0,0,0,0,1,,0,"random"
"attentiongates_dpu_easy_remaining.xmodel","ang20191019t182848_r0_c0_w512_h512",sem_pluma,0,2,0,262142,0,0,0,0,7.62939453125e-06,0.999992370605,,0,"hard"
"attentiongates_dpu_easy_remaining.xmodel","ang20191019t182848_r3840_c256_w512_h512",sem_pluma,0,60,0,262084,0,0,0,0,0.000228881835938,0.999771118164,,0,"hard"
"attentiongates_dpu_easy_remaining.xmodel","ang20191019t182848_r4352_c0_w512_h512",sem_pluma,0,27,0,262117,0,0,0,0,0.000102996826172,0.999897003174,,0,"hard"
"attentiongates_dpu_easy_remaining.xmodel","ang20191019t182848_r1024_c256_w512_h512",sem_pluma,0,6,0,262138,0,0,0,0,2.28881835938e-05,0.999977111816,,0,"random"
"attentiongates_dpu_easy_remaining.xmodel","ang20191019t182848_r1536_c256_w512_h512",sem_pluma,0,0,0,262144,0,0,0,0,0,1,,0,"random"
"attentiongates_dpu_easy_remaining.xmodel","ang20191019t182848_r5120_c0_w512_h512",sem_pluma,0,0,0,262144,0,0,0,0,0,1,,0,"random"
"attentiongates_dpu_easy_remaining.xmodel","ang20191019t182848_r512_c256_w512_h512",sem_pluma,0,19,0,262125,0,0,0,0,7.24792480469e-05,0.999927520752,,0,"random"
"attentiongates_dpu_easy_remaining.xmodel","ang20191019t183727_r0_c0_w512_h512",sem_pluma,0,18,0,262126,0,0,0,0,6.86645507812e-05,0.999931335449,,0,"hard"
"attentiongates_dpu_easy_remaining.xmodel","ang20191019t183727_r4096_c0_w512_h512",sem_pluma,0,0,0,262144,0,0,0,0,0,1,,0,"hard"
"attentiongates_dpu_easy_remaining.xmodel","ang20191019t183727_r2560_c0_w512_h512",sem_pluma,0,79,0,262065,0,0,0,0,0.000301361083984,0.999698638916,,0,"hard"
"attentiongates_dpu_easy_remaining.xmodel","ang20191019t183727_r8704_c0_w512_h512",sem_pluma,0,0,0,262144,0,0,0,0,0,1,,0,"random"
"attentiongates_dpu_easy_remaining.xmodel","ang20191019t183727_r5120_c0_w512_h512",sem_pluma,0,114,0,262030,0,0,0,0,0.000434875488281,0.999565124512,,0,"random"
"attentiongates_dpu_easy_remaining.xmodel","ang20191019t183727_r2048_c256_w512_h512",sem_pluma,0,5,0,262139,0,0,0,0,1.90734863281e-05,0.999980926514,,0,"random"
"attentiongates_dpu_easy_remaining.xmodel","ang20191019t183727_r512_c0_w512_h512",sem_pluma,0,24,0,262120,0,0,0,0,9.1552734375e-05,0.999908447266,,0,"random"
"attentiongates_dpu_easy_remaining.xmodel","ang20191019t184718_r2048_c256_w512_h512",sem_pluma,0,570,0,261574,0,0,0,0,0.00217437744141,0.997825622559,,0,"hard"
"attentiongates_dpu_easy_remaining.xmodel","ang20191019t184718_r0_c0_w512_h512",sem_pluma,0,2,0,262142,0,0,0,0,7.62939453125e-06,0.999992370605,,0,"hard"
"attentiongates_dpu_easy_remaining.xmodel","ang20191019t184718_r2560_c0_w512_h512",sem_pluma,0,72,0,262072,0,0,0,0,0.000274658203125,0.999725341797,,0,"hard"
"attentiongates_dpu_easy_remaining.xmodel","ang20191019t184718_r7680_c0_w512_h512",sem_pluma,0,191,0,261953,0,0,0,0,0.000728607177734,0.999271392822,,0,"random"
"attentiongates_dpu_easy_remaining.xmodel","ang20191019t184718_r4608_c0_w512_h512",sem_pluma,0,0,0,262144,0,0,0,0,0,1,,0,"random"
"attentiongates_dpu_easy_remaining.xmodel","ang20191019t184718_r3840_c0_w512_h512",sem_pluma,0,67,0,262077,0,0,0,0,0.000255584716797,0.999744415283,,0,"random"
"attentiongates_dpu_easy_remaining.xmodel","ang20191019t184718_r5120_c0_w512_h512",sem_pluma,0,8,0,262136,0,0,0,0,3.0517578125e-05,0.999969482422,,0,"random"
"attentiongates_dpu_easy_remaining.xmodel","ang20191019t185452_r17152_c0_w512_h512",sem_pluma,0,48,0,262096,0,0,0,0,0.00018310546875,0.999816894531,,0,"hard"
"attentiongates_dpu_easy_remaining.xmodel","ang20191019t185452_r18176_c0_w512_h512",sem_pluma,0,58,0,262086,0,0,0,0,0.000221252441406,0.999778747559,,0,"hard"
"attentiongates_dpu_easy_remaining.xmodel","ang20191019t185452_r26368_c0_w512_h512",sem_pluma,0,0,0,262144,0,0,0,0,0,1,,0,"hard"
"attentiongates_dpu_easy_remaining.xmodel","ang20191019t185452_r24832_c0_w512_h512",sem_pluma,0,0,0,262144,0,0,0,0,0,1,,0,"random"
"attentiongates_dpu_easy_remaining.xmodel","ang20191019t185452_r10496_c0_w512_h512",sem_pluma,0,0,0,262144,0,0,0,0,0,1,,0,"random"
"attentiongates_dpu_easy_remaining.xmodel","ang20191019t185452_r21760_c0_w512_h512",sem_pluma,0,0,0,262144,0,0,0,0,0,1,,0,"random"
"attentiongates_dpu_easy_remaining.xmodel","ang20191019t185452_r22272_c0_w512_h512",sem_pluma,0,48,0,262096,0,0,0,0,0.00018310546875,0.999816894531,,0,"random"
"attentiongates_dpu_easy_remaining.xmodel","ang20191022t143154_r12800_c512_w512_h512",sem_pluma,0,266,0,261878,0,0,0,0,0.00101470947266,0.998985290527,,0,"hard"
"attentiongates_dpu_easy_remaining.xmodel","ang20191022t143154_r24064_c768_w512_h512",sem_pluma,0,0,0,262144,0,0,0,0,0,1,,0,"hard"
"attentiongates_dpu_easy_remaining.xmodel","ang20191022t143154_r23552_c768_w512_h512",sem_pluma,0,0,0,262144,0,0,0,0,0,1,,0,"hard"
"attentiongates_dpu_easy_remaining.xmodel","ang20191022t143154_r14592_c512_w512_h512",sem_pluma,0,0,0,262144,0,0,0,0,0,1,,0,"random"
"attentiongates_dpu_easy_remaining.xmodel","ang20191022t143154_r11008_c256_w512_h512",sem_pluma,0,0,0,262144,0,0,0,0,0,1,,0,"random"
"attentiongates_dpu_easy_remaining.xmodel","ang20191022t143154_r21248_c768_w512_h512",sem_pluma,0,0,0,262144,0,0,0,0,0,1,,0,"random"
"attentiongates_dpu_easy_remaining.xmodel","ang20191022t143154_r9472_c512_w512_h512",sem_pluma,0,0,0,262144,0,0,0,0,0,1,,0,"random"
"attentiongates_dpu_easy_remaining.xmodel","ang20191022t150110_r5888_c0_w512_h512",sem_pluma,0,6,0,262138,0,0,0,0,2.28881835938e-05,0.999977111816,,0,"hard"
"attentiongates_dpu_easy_remaining.xmodel","ang20191022t150110_r768_c0_w512_h512",sem_pluma,0,1,0,262143,0,0,0,0,3.81469726562e-06,0.999996185303,,0,"hard"
"attentiongates_dpu_easy_remaining.xmodel","ang20191022t150110_r5376_c0_w512_h512",sem_pluma,0,26,0,262118,0,0,0,0,9.91821289062e-05,0.999900817871,,0,"hard"
"attentiongates_dpu_easy_remaining.xmodel","ang20191022t150110_r2560_c0_w512_h512",sem_pluma,0,8,0,262136,0,0,0,0,3.0517578125e-05,0.999969482422,,0,"random"
"attentiongates_dpu_easy_remaining.xmodel","ang20191022t150110_r3328_c0_w512_h512",sem_pluma,0,0,0,262144,0,0,0,0,0,1,,0,"random"
"attentiongates_dpu_easy_remaining.xmodel","ang20191022t150110_r4608_c0_w512_h512",sem_pluma,0,0,0,262144,0,0,0,0,0,1,,0,"random"
"attentiongates_dpu_easy_remaining.xmodel","ang20191022t150110_r2048_c0_w512_h512",sem_pluma,0,79,0,262065,0,0,0,0,0.000301361083984,0.999698638916,,0,"random"
"attentiongates_dpu_easy_remaining.xmodel","ang20191022t151202_r0_c0_w512_h512",sem_pluma,0,0,0,262144,0,0,0,0,0,1,,0,"hard"
"attentiongates_dpu_easy_remaining.xmodel","ang20191022t151202_r1024_c0_w512_h512",sem_pluma,0,3497,0,258647,0,0,0,0,0.0133399963379,0.986660003662,,0,"hard"
"attentiongates_dpu_easy_remaining.xmodel","ang20191022t151202_r512_c0_w512_h512",sem_pluma,0,0,0,262144,0,0,0,0,0,1,,0,"hard"
"attentiongates_dpu_easy_remaining.xmodel","ang20191022t151202_r5888_c256_w512_h512",sem_pluma,0,1,0,262143,0,0,0,0,3.81469726562e-06,0.999996185303,,0,"random"
"attentiongates_dpu_easy_remaining.xmodel","ang20191022t151202_r8960_c0_w512_h512",sem_pluma,0,2,0,262142,0,0,0,0,7.62939453125e-06,0.999992370605,,0,"random"
"attentiongates_dpu_easy_remaining.xmodel","ang20191022t151202_r11008_c0_w512_h512",sem_pluma,0,0,0,262144,0,0,0,0,0,1,,0,"random"
"attentiongates_dpu_easy_remaining.xmodel","ang20191022t151202_r8448_c256_w512_h512",sem_pluma,0,13,0,262131,0,0,0,0,4.95910644531e-05,0.999950408936,,0,"random"
"attentiongates_dpu_easy_remaining.xmodel","ang20191022t152357_r3840_c0_w512_h512",sem_pluma,0,25413,0,236731,0,0,0,0,0.0969429016113,0.903057098389,,0,"hard"
"attentiongates_dpu_easy_remaining.xmodel","ang20191022t152357_r6400_c0_w512_h512",sem_pluma,0,0,0,262144,0,0,0,0,0,1,,0,"hard"
"attentiongates_dpu_easy_remaining.xmodel","ang20191022t152357_r2304_c256_w512_h512",sem_pluma,0,0,0,262144,0,0,0,0,0,1,,0,"hard"
"attentiongates_dpu_easy_remaining.xmodel","ang20191022t152357_r8192_c256_w512_h512",sem_pluma,0,0,0,262144,0,0,0,0,0,1,,0,"random"
"attentiongates_dpu_easy_remaining.xmodel","ang20191022t152357_r9728_c0_w512_h512",sem_pluma,0,0,0,262144,0,0,0,0,0,1,,0,"random"
"attentiongates_dpu_easy_remaining.xmodel","ang20191022t152357_r11520_c0_w512_h512",sem_pluma,0,14,0,262130,0,0,0,0,5.34057617188e-05,0.999946594238,,0,"random"
"attentiongates_dpu_easy_remaining.xmodel","ang20191022t152357_r10752_c256_w512_h512",sem_pluma,0,0,0,262144,0,0,0,0,0,1,,0,"random"
"attentiongates_dpu_easy_remaining.xmodel","ang20191022t153425_r3328_c0_w512_h512",sem_pluma,0,19,0,262125,0,0,0,0,7.24792480469e-05,0.999927520752,,0,"hard"
"attentiongates_dpu_easy_remaining.xmodel","ang20191022t153425_r2816_c0_w512_h512",sem_pluma,0,0,0,262144,0,0,0,0,0,1,,0,"hard"
"attentiongates_dpu_easy_remaining.xmodel","ang20191022t153425_r5632_c0_w512_h512",sem_pluma,0,53,0,262091,0,0,0,0,0.000202178955078,0.999797821045,,0,"hard"
"attentiongates_dpu_easy_remaining.xmodel","ang20191022t153425_r4608_c0_w512_h512",sem_pluma,0,0,0,262144,0,0,0,0,0,1,,0,"random"
"attentiongates_dpu_easy_remaining.xmodel","ang20191022t153425_r3840_c0_w512_h512",sem_pluma,0,0,0,262144,0,0,0,0,0,1,,0,"random"
"attentiongates_dpu_easy_remaining.xmodel","ang20191022t153425_r2048_c0_w512_h512",sem_pluma,0,0,0,262144,0,0,0,0,0,1,,0,"random"
"attentiongates_dpu_easy_remaining.xmodel","ang20191022t153425_r5120_c0_w512_h512",sem_pluma,0,0,0,262144,0,0,0,0,0,1,,0,"random"
"attentiongates_dpu_easy_remaining.xmodel","ang20191022t154405_r1280_c0_w512_h512",sem_pluma,0,4058,0,258086,0,0,0,0,0.0154800415039,0.984519958496,,0,"hard"
"attentiongates_dpu_easy_remaining.xmodel","ang20191022t154405_r0_c0_w512_h512",sem_pluma,0,0,0,262144,0,0,0,0,0,1,,0,"hard"
"attentiongates_dpu_easy_remaining.xmodel","ang20191022t154405_r1792_c0_w512_h512",sem_pluma,0,269,0,261875,0,0,0,0,0.00102615356445,0.998973846436,,0,"hard"
"attentiongates_dpu_easy_remaining.xmodel","ang20191022t154405_r4352_c0_w512_h512",sem_pluma,0,0,0,262144,0,0,0,0,0,1,,0,"random"
"attentiongates_dpu_easy_remaining.xmodel","ang20191022t154405_r9984_c256_w512_h512",sem_pluma,0,0,0,262144,0,0,0,0,0,1,,0,"random"
"attentiongates_dpu_easy_remaining.xmodel","ang20191022t154405_r11776_c256_w512_h512",sem_pluma,0,0,0,262144,0,0,0,0,0,1,,0,"random"
"attentiongates_dpu_easy_remaining.xmodel","ang20191022t154405_r8960_c0_w512_h512",sem_pluma,0,0,0,262144,0,0,0,0,0,1,,0,"random"
"attentiongates_dpu_easy_remaining.xmodel","ang20191022t162321_r2560_c0_w512_h512",sem_pluma,0,11,0,262133,0,0,0,0,4.19616699219e-05,0.99995803833,,0,"hard"
"attentiongates_dpu_easy_remaining.xmodel","ang20191022t162321_r8192_c0_w512_h512",sem_pluma,0,155,0,261989,0,0,0,0,0.000591278076172,0.999408721924,,0,"hard"
"attentiongates_dpu_easy_remaining.xmodel","ang20191022t162321_r5632_c0_w512_h512",sem_pluma,0,0,0,262144,0,0,0,0,0,1,,0,"hard"
"attentiongates_dpu_easy_remaining.xmodel","ang20191022t162321_r2048_c0_w512_h512",sem_pluma,0,0,0,262144,0,0,0,0,0,1,,0,"random"
"attentiongates_dpu_easy_remaining.xmodel","ang20191022t162321_r256_c0_w512_h512",sem_pluma,0,0,0,262144,0,0,0,0,0,1,,0,"random"
"attentiongates_dpu_easy_remaining.xmodel","ang20191022t162321_r7424_c256_w512_h512",sem_pluma,0,0,0,262144,0,0,0,0,0,1,,0,"random"
"attentiongates_dpu_easy_remaining.xmodel","ang20191022t162321_r3840_c0_w512_h512",sem_pluma,0,0,0,262144,0,0,0,0,0,1,,0,"random"
"attentiongates_dpu_easy_remaining.xmodel","ang20191022t163722_r3328_c0_w512_h512",sem_pluma,0,0,0,262144,0,0,0,0,0,1,,0,"hard"
"attentiongates_dpu_easy_remaining.xmodel","ang20191022t163722_r1024_c0_w512_h512",sem_pluma,0,5,0,262139,0,0,0,0,1.90734863281e-05,0.999980926514,,0,"hard"
"attentiongates_dpu_easy_remaining.xmodel","ang20191022t163722_r1536_c0_w512_h512",sem_pluma,0,31,0,262113,0,0,0,0,0.000118255615234,0.999881744385,,0,"hard"
"attentiongates_dpu_easy_remaining.xmodel","ang20191022t163722_r4096_c0_w512_h512",sem_pluma,0,87,0,262057,0,0,0,0,0.000331878662109,0.999668121338,,0,"random"
"attentiongates_dpu_easy_remaining.xmodel","ang20191022t163722_r4608_c0_w512_h512",sem_pluma,0,3,0,262141,0,0,0,0,1.14440917969e-05,0.999988555908,,0,"random"
"attentiongates_dpu_easy_remaining.xmodel","ang20191022t163722_r6656_c0_w512_h512",sem_pluma,0,10,0,262134,0,0,0,0,3.81469726562e-05,0.999961853027,,0,"random"
"attentiongates_dpu_easy_remaining.xmodel","ang20191022t163722_r2048_c0_w512_h512",sem_pluma,0,0,0,262144,0,0,0,0,0,1,,0,"random"
"attentiongates_dpu_easy_remaining.xmodel","ang20191022t164918_r2560_c0_w512_h512",sem_pluma,0,0,0,262144,0,0,0,0,0,1,,0,"hard"
"attentiongates_dpu_easy_remaining.xmodel","ang20191022t164918_r768_c0_w512_h512",sem_pluma,0,0,0,262144,0,0,0,0,0,1,,0,"hard"
"attentiongates_dpu_easy_remaining.xmodel","ang20191022t164918_r2048_c0_w512_h512",sem_pluma,0,0,0,262144,0,0,0,0,0,1,,0,"hard"
"attentiongates_dpu_easy_remaining.xmodel","ang20191022t164918_r4608_c0_w512_h512",sem_pluma,0,0,0,262144,0,0,0,0,0,1,,0,"random"
"attentiongates_dpu_easy_remaining.xmodel","ang20191022t164918_r5120_c0_w512_h512",sem_pluma,0,19,0,262125,0,0,0,0,7.24792480469e-05,0.999927520752,,0,"random"
"attentiongates_dpu_easy_remaining.xmodel","ang20191022t165908_r2048_c0_w512_h512",sem_pluma,0,0,0,262144,0,0,0,0,0,1,,0,"hard"
"attentiongates_dpu_easy_remaining.xmodel","ang20191022t165908_r3072_c0_w512_h512",sem_pluma,0,0,0,262144,0,0,0,0,0,1,,0,"hard"
"attentiongates_dpu_easy_remaining.xmodel","ang20191022t165908_r2560_c0_w512_h512",sem_pluma,0,0,0,262144,0,0,0,0,0,1,,0,"hard"
"attentiongates_dpu_easy_remaining.xmodel","ang20191022t171226_r3328_c0_w512_h512",sem_pluma,0,0,0,262144,0,0,0,0,0,1,,0,"hard"
"attentiongates_dpu_easy_remaining.xmodel","ang20191022t171226_r3840_c0_w512_h512",sem_pluma,0,6,0,262138,0,0,0,0,2.28881835938e-05,0.999977111816,,0,"hard"
"attentiongates_dpu_easy_remaining.xmodel","ang20191022t171226_r1280_c0_w512_h512",sem_pluma,0,36,0,262108,0,0,0,0,0.000137329101562,0.999862670898,,0,"hard"
"attentiongates_dpu_easy_remaining.xmodel","ang20191022t171226_r2048_c0_w512_h512",sem_pluma,0,7,0,262137,0,0,0,0,2.67028808594e-05,0.999973297119,,0,"random"
"attentiongates_dpu_easy_remaining.xmodel","ang20191022t171226_r2560_c0_w512_h512",sem_pluma,0,0,0,262144,0,0,0,0,0,1,,0,"random"
"attentiongates_dpu_easy_remaining.xmodel","ang20191022t171226_r0_c0_w512_h512",sem_pluma,0,1,0,262143,0,0,0,0,3.81469726562e-06,0.999996185303,,0,"random"
"attentiongates_dpu_easy_remaining.xmodel","ang20191022t172245_r3584_c0_w512_h512",sem_pluma,0,51,0,262093,0,0,0,0,0.000194549560547,0.999805450439,,0,"hard"
"attentiongates_dpu_easy_remaining.xmodel","ang20191022t172245_r0_c0_w512_h512",sem_pluma,0,0,0,262144,0,0,0,0,0,1,,0,"hard"
"attentiongates_dpu_easy_remaining.xmodel","ang20191022t173357_r0_c0_w512_h512",sem_pluma,0,0,0,262144,0,0,0,0,0,1,,0,"hard"
"attentiongates_dpu_easy_remaining.xmodel","ang20191022t173357_r6144_c256_w512_h512",sem_pluma,0,397,0,261747,0,0,0,0,0.00151443481445,0.998485565186,,0,"hard"
"attentiongates_dpu_easy_remaining.xmodel","ang20191022t173357_r4608_c0_w512_h512",sem_pluma,0,0,0,262144,0,0,0,0,0,1,,0,"hard"
"attentiongates_dpu_easy_remaining.xmodel","ang20191022t173357_r5376_c0_w512_h512",sem_pluma,0,0,0,262144,0,0,0,0,0,1,,0,"random"
"attentiongates_dpu_easy_remaining.xmodel","ang20191022t173357_r6912_c0_w512_h512",sem_pluma,0,0,0,262144,0,0,0,0,0,1,,0,"random"
"attentiongates_dpu_easy_remaining.xmodel","ang20191022t175031_r1024_c256_w512_h512",sem_pluma,0,0,0,262144,0,0,0,0,0,1,,0,"hard"
"attentiongates_dpu_easy_remaining.xmodel","ang20191022t175031_r3584_c0_w512_h512",sem_pluma,0,0,0,262144,0,0,0,0,0,1,,0,"hard"
"attentiongates_dpu_easy_remaining.xmodel","ang20191022t175031_r2304_c0_w512_h512",sem_pluma,0,0,0,262144,0,0,0,0,0,1,,0,"hard"
"attentiongates_dpu_easy_remaining.xmodel","ang20191022t175031_r1536_c256_w512_h512",sem_pluma,0,0,0,262144,0,0,0,0,0,1,,0,"random"
"attentiongates_dpu_easy_remaining.xmodel","ang20191022t175031_r4096_c0_w512_h512",sem_pluma,0,0,0,262144,0,0,0,0,0,1,,0,"random"
"attentiongates_dpu_easy_remaining.xmodel","ang20191022t180237_r5120_c256_w512_h512",sem_pluma,0,30,0,262114,0,0,0,0,0.000114440917969,0.999885559082,,0,"hard"
"attentiongates_dpu_easy_remaining.xmodel","ang20191022t180237_r2816_c256_w512_h512",sem_pluma,0,0,0,262144,0,0,0,0,0,1,,0,"hard"
"attentiongates_dpu_easy_remaining.xmodel","ang20191022t180237_r4352_c256_w512_h512",sem_pluma,0,18,0,262126,0,0,0,0,6.86645507812e-05,0.999931335449,,0,"hard"
"attentiongates_dpu_easy_remaining.xmodel","ang20191022t180237_r256_c0_w512_h512",sem_pluma,0,7,0,262137,0,0,0,0,2.67028808594e-05,0.999973297119,,0,"random"
"attentiongates_dpu_easy_remaining.xmodel","ang20191022t180237_r768_c0_w512_h512",sem_pluma,0,45,0,262099,0,0,0,0,0.000171661376953,0.999828338623,,0,"random"
"attentiongates_dpu_easy_remaining.xmodel","ang20191022t181138_r1792_c0_w512_h512",sem_pluma,0,0,0,262144,0,0,0,0,0,1,,0,"hard"
"attentiongates_dpu_easy_remaining.xmodel","ang20191022t181138_r2304_c0_w512_h512",sem_pluma,0,0,0,262144,0,0,0,0,0,1,,0,"hard"
"attentiongates_dpu_easy_remaining.xmodel","ang20191022t181138_r3072_c0_w512_h512",sem_pluma,0,0,0,262144,0,0,0,0,0,1,,0,"hard"
"attentiongates_dpu_easy_remaining.xmodel","ang20191022t182432_r3840_c0_w512_h512",sem_pluma,0,0,0,262144,0,0,0,0,0,1,,0,"hard"
"attentiongates_dpu_easy_remaining.xmodel","ang20191022t182432_r3072_c0_w512_h512",sem_pluma,0,0,0,262144,0,0,0,0,0,1,,0,"hard"
"attentiongates_dpu_easy_remaining.xmodel","ang20191022t182432_r1536_c0_w512_h512",sem_pluma,0,0,0,262144,0,0,0,0,0,1,,0,"hard"
"attentiongates_dpu_easy_remaining.xmodel","ang20191022t182432_r0_c0_w512_h512",sem_pluma,0,6,0,262138,0,0,0,0,2.28881835938e-05,0.999977111816,,0,"random"
"attentiongates_dpu_easy_remaining.xmodel","ang20191022t182432_r2304_c0_w512_h512",sem_pluma,0,0,0,262144,0,0,0,0,0,1,,0,"random"
"attentiongates_dpu_easy_remaining.xmodel","ang20191022t183431_r0_c0_w512_h512",sem_pluma,0,0,0,262144,0,0,0,0,0,1,,0,"hard"
"attentiongates_dpu_easy_remaining.xmodel","ang20191022t183431_r512_c0_w512_h512",sem_pluma,0,0,0,262144,0,0,0,0,0,1,,0,"hard"
"attentiongates_dpu_easy_remaining.xmodel","ang20191022t184525_r3072_c256_w512_h512",sem_pluma,0,0,0,262144,0,0,0,0,0,1,,0,"hard"
"attentiongates_dpu_easy_remaining.xmodel","ang20191022t184525_r3584_c0_w512_h512",sem_pluma,0,123,0,262021,0,0,0,0,0.000469207763672,0.999530792236,,0,"hard"
"attentiongates_dpu_easy_remaining.xmodel","ang20191022t184525_r4096_c0_w512_h512",sem_pluma,0,0,0,262144,0,0,0,0,0,1,,0,"hard"
"attentiongates_dpu_easy_remaining.xmodel","ang20191022t184525_r5632_c0_w512_h512",sem_pluma,0,0,0,262144,0,0,0,0,0,1,,0,"random"
"attentiongates_dpu_easy_remaining.xmodel","ang20191022t184525_r4608_c0_w512_h512",sem_pluma,0,0,0,262144,0,0,0,0,0,1,,0,"random"
"attentiongates_dpu_easy_remaining.xmodel","ang20191022t184525_r6912_c0_w512_h512",sem_pluma,0,0,0,262144,0,0,0,0,0,1,,0,"random"
"attentiongates_dpu_easy_remaining.xmodel","ang20191022t184525_r0_c0_w512_h512",sem_pluma,0,0,0,262144,0,0,0,0,0,1,,0,"random"
"attentiongates_dpu_easy_remaining.xmodel","ang20191022t190019_r3584_c0_w512_h512",sem_pluma,0,0,0,262144,0,0,0,0,0,1,,0,"hard"
"attentiongates_dpu_easy_remaining.xmodel","ang20191022t190019_r4352_c0_w512_h512",sem_pluma,0,0,0,262144,0,0,0,0,0,1,,0,"hard"
"attentiongates_dpu_easy_remaining.xmodel","ang20191022t190019_r1024_c0_w512_h512",sem_pluma,0,0,0,262144,0,0,0,0,0,1,,0,"hard"
"attentiongates_dpu_easy_remaining.xmodel","ang20191022t190019_r5120_c0_w512_h512",sem_pluma,0,0,0,262144,0,0,0,0,0,1,,0,"random"
"attentiongates_dpu_easy_remaining.xmodel","ang20191022t190019_r1536_c0_w512_h512",sem_pluma,0,0,0,262144,0,0,0,0,0,1,,0,"random"
"attentiongates_dpu_easy_remaining.xmodel","ang20191022t190019_r256_c0_w512_h512",sem_pluma,0,0,0,262144,0,0,0,0,0,1,,0,"random"
"attentiongates_dpu_easy_remaining.xmodel","ang20191022t190019_r2304_c0_w512_h512",sem_pluma,0,0,0,262144,0,0,0,0,0,1,,0,"random"
"attentiongates_dpu_easy_remaining.xmodel","ang20191022t191141_r1280_c0_w512_h512",sem_pluma,0,165,0,261979,0,0,0,0,0.000629425048828,0.999370574951,,0,"hard"
"attentiongates_dpu_easy_remaining.xmodel","ang20191022t191141_r4096_c0_w512_h512",sem_pluma,0,74,0,262070,0,0,0,0,0.000282287597656,0.999717712402,,0,"hard"
"attentiongates_dpu_easy_remaining.xmodel","ang20191022t191141_r2304_c0_w512_h512",sem_pluma,0,5,0,262139,0,0,0,0,1.90734863281e-05,0.999980926514,,0,"hard"
"attentiongates_dpu_easy_remaining.xmodel","ang20191022t191141_r4864_c0_w512_h512",sem_pluma,0,0,0,262144,0,0,0,0,0,1,,0,"random"
"attentiongates_dpu_easy_remaining.xmodel","ang20191022t191141_r1792_c0_w512_h512",sem_pluma,0,14,0,262130,0,0,0,0,5.34057617188e-05,0.999946594238,,0,"random"
"attentiongates_dpu_easy_remaining.xmodel","ang20191022t191141_r768_c256_w512_h512",sem_pluma,0,0,0,262144,0,0,0,0,0,1,,0,"random"
"attentiongates_dpu_easy_remaining.xmodel","ang20191022t192048_r2304_c0_w512_h512",sem_pluma,0,0,0,262144,0,0,0,0,0,1,,0,"hard"
"attentiongates_dpu_easy_remaining.xmodel","ang20191022t192048_r1792_c0_w512_h512",sem_pluma,0,0,0,262144,0,0,0,0,0,1,,0,"hard"
"attentiongates_dpu_easy_remaining.xmodel","ang20191022t192048_r3072_c0_w512_h512",sem_pluma,0,3,0,262141,0,0,0,0,1.14440917969e-05,0.999988555908,,0,"hard"
"attentiongates_dpu_easy_remaining.xmodel","ang20191022t193257_r3584_c0_w512_h512",sem_pluma,0,0,0,262144,0,0,0,0,0,1,,0,"hard"
"attentiongates_dpu_easy_remaining.xmodel","ang20191022t193257_r3072_c0_w512_h512",sem_pluma,0,1,0,262143,0,0,0,0,3.81469726562e-06,0.999996185303,,0,"hard"
"attentiongates_dpu_easy_remaining.xmodel","ang20191022t193257_r1792_c0_w512_h512",sem_pluma,0,0,0,262144,0,0,0,0,0,1,,0,"hard"
"attentiongates_dpu_easy_remaining.xmodel","ang20191022t193257_r2560_c0_w512_h512",sem_pluma,0,0,0,262144,0,0,0,0,0,1,,0,"random"
"attentiongates_dpu_easy_remaining.xmodel","ang20191022t193257_r1280_c0_w512_h512",sem_pluma,0,6,0,262138,0,0,0,0,2.28881835938e-05,0.999977111816,,0,"random"
"attentiongates_dpu_easy_remaining.xmodel","ang20191022t194233_r3840_c0_w512_h512",sem_pluma,0,0,0,262144,0,0,0,0,0,1,,0,"hard"
"attentiongates_dpu_easy_remaining.xmodel","ang20191022t194233_r3328_c0_w512_h512",sem_pluma,0,40,0,262104,0,0,0,0,0.000152587890625,0.999847412109,,0,"hard"
"attentiongates_dpu_easy_remaining.xmodel","ang20191022t194233_r0_c0_w512_h512",sem_pluma,0,0,0,262144,0,0,0,0,0,1,,0,"hard"
"attentiongates_dpu_easy_remaining.xmodel","ang20191022t194233_r768_c0_w512_h512",sem_pluma,0,0,0,262144,0,0,0,0,0,1,,0,"random"
"attentiongates_dpu_easy_remaining.xmodel","ang20191022t194943_r18688_c256_w512_h512",sem_pluma,0,0,0,262144,0,0,0,0,0,1,,0,"hard"
"attentiongates_dpu_easy_remaining.xmodel","ang20191022t194943_r18176_c256_w512_h512",sem_pluma,0,2,0,262142,0,0,0,0,7.62939453125e-06,0.999992370605,,0,"hard"
"attentiongates_dpu_easy_remaining.xmodel","ang20191022t194943_r15104_c512_w512_h512",sem_pluma,0,1573,0,260571,0,0,0,0,0.00600051879883,0.993999481201,,0,"hard"
"attentiongates_dpu_easy_remaining.xmodel","ang20191022t194943_r11008_c768_w512_h512",sem_pluma,0,0,0,262144,0,0,0,0,0,1,,0,"random"
"attentiongates_dpu_easy_remaining.xmodel","ang20191022t194943_r16640_c256_w512_h512",sem_pluma,0,36,0,262108,0,0,0,0,0.000137329101562,0.999862670898,,0,"random"
"attentiongates_dpu_easy_remaining.xmodel","ang20191022t194943_r12800_c512_w512_h512",sem_pluma,0,0,0,262144,0,0,0,0,0,1,,0,"random"
"attentiongates_dpu_easy_remaining.xmodel","ang20191022t194943_r10496_c768_w512_h512",sem_pluma,0,0,0,262144,0,0,0,0,0,1,,0,"random"
"attentiongates_dpu_easy_remaining.xmodel","ang20191023t142135_r8192_c256_w512_h512",sem_pluma,0,1,0,262143,0,0,0,0,3.81469726562e-06,0.999996185303,,0,"hard"
"attentiongates_dpu_easy_remaining.xmodel","ang20191023t142135_r10240_c0_w512_h512",sem_pluma,0,0,0,262144,0,0,0,0,0,1,,0,"hard"
"attentiongates_dpu_easy_remaining.xmodel","ang20191023t142135_r9728_c256_w512_h512",sem_pluma,0,0,0,262144,0,0,0,0,0,1,,0,"hard"
"attentiongates_dpu_easy_remaining.xmodel","ang20191023t142135_r12544_c256_w512_h512",sem_pluma,0,0,0,262144,0,0,0,0,0,1,,0,"random"
"attentiongates_dpu_easy_remaining.xmodel","ang20191023t142135_r13056_c256_w512_h512",sem_pluma,0,0,0,262144,0,0,0,0,0,1,,0,"random"
"attentiongates_dpu_easy_remaining.xmodel","ang20191023t142135_r19456_c256_w512_h512",sem_pluma,0,5,0,262139,0,0,0,0,1.90734863281e-05,0.999980926514,,0,"random"
"attentiongates_dpu_easy_remaining.xmodel","ang20191023t142135_r11008_c0_w512_h512",sem_pluma,0,0,0,262144,0,0,0,0,0,1,,0,"random"
"attentiongates_dpu_easy_remaining.xmodel","ang20191023t145837_r10496_c0_w512_h512",sem_pluma,0,667,0,261477,0,0,0,0,0.00254440307617,0.997455596924,,0,"hard"
"attentiongates_dpu_easy_remaining.xmodel","ang20191023t145837_r9984_c0_w512_h512",sem_pluma,0,0,0,262144,0,0,0,0,0,1,,0,"hard"
"attentiongates_dpu_easy_remaining.xmodel","ang20191023t145837_r1536_c0_w512_h512",sem_pluma,0,0,0,262144,0,0,0,0,0,1,,0,"hard"
"attentiongates_dpu_easy_remaining.xmodel","ang20191023t145837_r4608_c0_w512_h512",sem_pluma,0,0,0,262144,0,0,0,0,0,1,,0,"random"
"attentiongates_dpu_easy_remaining.xmodel","ang20191023t145837_r7424_c0_w512_h512",sem_pluma,0,0,0,262144,0,0,0,0,0,1,,0,"random"
"attentiongates_dpu_easy_remaining.xmodel","ang20191023t145837_r4096_c0_w512_h512",sem_pluma,0,0,0,262144,0,0,0,0,0,1,,0,"random"
"attentiongates_dpu_easy_remaining.xmodel","ang20191023t145837_r256_c0_w512_h512",sem_pluma,0,0,0,262144,0,0,0,0,0,1,,0,"random"
"attentiongates_dpu_easy_remaining.xmodel","ang20191023t151141_r768_c0_w512_h512",sem_pluma,0,0,0,262144,0,0,0,0,0,1,,0,"hard"
"attentiongates_dpu_easy_remaining.xmodel","ang20191023t151141_r1280_c0_w512_h512",sem_pluma,0,0,0,262144,0,0,0,0,0,1,,0,"hard"
"attentiongates_dpu_easy_remaining.xmodel","ang20191023t151141_r0_c0_w512_h512",sem_pluma,0,0,0,262144,0,0,0,0,0,1,,0,"hard"
"attentiongates_dpu_easy_remaining.xmodel","ang20191023t151141_r4096_c0_w512_h512",sem_pluma,0,13,0,262131,0,0,0,0,4.95910644531e-05,0.999950408936,,0,"random"
"attentiongates_dpu_easy_remaining.xmodel","ang20191023t151141_r3072_c0_w512_h512",sem_pluma,0,24,0,262120,0,0,0,0,9.1552734375e-05,0.999908447266,,0,"random"
"attentiongates_dpu_easy_remaining.xmodel","ang20191023t151141_r1792_c0_w512_h512",sem_pluma,0,0,0,262144,0,0,0,0,0,1,,0,"random"
"attentiongates_dpu_easy_remaining.xmodel","ang20191023t151141_r10496_c0_w512_h512",sem_pluma,0,6,0,262138,0,0,0,0,2.28881835938e-05,0.999977111816,,0,"random"
"attentiongates_dpu_easy_remaining.xmodel","ang20191023t152801_r9472_c0_w512_h512",sem_pluma,0,1795,0,260349,0,0,0,0,0.0068473815918,0.993152618408,,0,"hard"
"attentiongates_dpu_easy_remaining.xmodel","ang20191023t152801_r9984_c0_w512_h512",sem_pluma,0,0,0,262144,0,0,0,0,0,1,,0,"hard"
"attentiongates_dpu_easy_remaining.xmodel","ang20191023t152801_r1280_c0_w512_h512",sem_pluma,0,0,0,262144,0,0,0,0,0,1,,0,"hard"
"attentiongates_dpu_easy_remaining.xmodel","ang20191023t152801_r4864_c0_w512_h512",sem_pluma,0,0,0,262144,0,0,0,0,0,1,,0,"random"
"attentiongates_dpu_easy_remaining.xmodel","ang20191023t152801_r3840_c0_w512_h512",sem_pluma,0,0,0,262144,0,0,0,0,0,1,,0,"random"
"attentiongates_dpu_easy_remaining.xmodel","ang20191023t152801_r2816_c0_w512_h512",sem_pluma,0,0,0,262144,0,0,0,0,0,1,,0,"random"
"attentiongates_dpu_easy_remaining.xmodel","ang20191023t152801_r2304_c0_w512_h512",sem_pluma,0,0,0,262144,0,0,0,0,0,1,,0,"random"
"attentiongates_dpu_easy_remaining.xmodel","ang20191023t154154_r0_c0_w512_h512",sem_pluma,0,0,0,262144,0,0,0,0,0,1,,0,"hard"
"attentiongates_dpu_easy_remaining.xmodel","ang20191023t154154_r512_c0_w512_h512",sem_pluma,0,0,0,262144,0,0,0,0,0,1,,0,"hard"
"attentiongates_dpu_easy_remaining.xmodel","ang20191023t154154_r1280_c0_w512_h512",sem_pluma,0,2,0,262142,0,0,0,0,7.62939453125e-06,0.999992370605,,0,"hard"
"attentiongates_dpu_easy_remaining.xmodel","ang20191023t154154_r2560_c0_w512_h512",sem_pluma,0,0,0,262144,0,0,0,0,0,1,,0,"random"
"attentiongates_dpu_easy_remaining.xmodel","ang20191023t154154_r3840_c0_w512_h512",sem_pluma,0,0,0,262144,0,0,0,0,0,1,,0,"random"
"attentiongates_dpu_easy_remaining.xmodel","ang20191023t154154_r4608_c0_w512_h512",sem_pluma,0,0,0,262144,0,0,0,0,0,1,,0,"random"
"attentiongates_dpu_easy_remaining.xmodel","ang20191023t154154_r9472_c0_w512_h512",sem_pluma,0,71,0,262073,0,0,0,0,0.000270843505859,0.999729156494,,0,"random"
"attentiongates_dpu_easy_remaining.xmodel","ang20191023t155808_r8192_c0_w512_h512",sem_pluma,0,0,0,262144,0,0,0,0,0,1,,0,"hard"
"attentiongates_dpu_easy_remaining.xmodel","ang20191023t155808_r8704_c0_w512_h512",sem_pluma,0,0,0,262144,0,0,0,0,0,1,,0,"hard"
"attentiongates_dpu_easy_remaining.xmodel","ang20191023t155808_r5888_c256_w512_h512",sem_pluma,0,0,0,262144,0,0,0,0,0,1,,0,"hard"
"attentiongates_dpu_easy_remaining.xmodel","ang20191023t155808_r7680_c0_w512_h512",sem_pluma,0,0,0,262144,0,0,0,0,0,1,,0,"random"
"attentiongates_dpu_easy_remaining.xmodel","ang20191023t155808_r2816_c0_w512_h512",sem_pluma,0,3102,0,259042,0,0,0,0,0.011833190918,0.988166809082,,0,"random"
"attentiongates_dpu_easy_remaining.xmodel","ang20191023t155808_r4096_c256_w512_h512",sem_pluma,0,0,0,262144,0,0,0,0,0,1,,0,"random"
"attentiongates_dpu_easy_remaining.xmodel","ang20191023t155808_r3584_c0_w512_h512",sem_pluma,0,0,0,262144,0,0,0,0,0,1,,0,"random"
"attentiongates_dpu_easy_remaining.xmodel","ang20191023t161300_r0_c0_w512_h512",sem_pluma,0,46,0,262098,0,0,0,0,0.000175476074219,0.999824523926,,0,"hard"
"attentiongates_dpu_easy_remaining.xmodel","ang20191023t161300_r7680_c0_w512_h512",sem_pluma,0,1,0,262143,0,0,0,0,3.81469726562e-06,0.999996185303,,0,"hard"
"attentiongates_dpu_easy_remaining.xmodel","ang20191023t161300_r5888_c0_w512_h512",sem_pluma,0,0,0,262144,0,0,0,0,0,1,,0,"hard"
"attentiongates_dpu_easy_remaining.xmodel","ang20191023t161300_r1024_c0_w512_h512",sem_pluma,0,0,0,262144,0,0,0,0,0,1,,0,"random"
"attentiongates_dpu_easy_remaining.xmodel","ang20191023t161300_r3328_c0_w512_h512",sem_pluma,0,0,0,262144,0,0,0,0,0,1,,0,"random"
"attentiongates_dpu_easy_remaining.xmodel","ang20191023t161300_r4608_c0_w512_h512",sem_pluma,0,222,0,261922,0,0,0,0,0.000846862792969,0.999153137207,,0,"random"
"attentiongates_dpu_easy_remaining.xmodel","ang20191023t161300_r512_c0_w512_h512",sem_pluma,0,13,0,262131,0,0,0,0,4.95910644531e-05,0.999950408936,,0,"random"
"attentiongates_dpu_easy_remaining.xmodel","ang20191023t162847_r4864_c0_w512_h512",sem_pluma,0,0,0,262144,0,0,0,0,0,1,,0,"hard"
"attentiongates_dpu_easy_remaining.xmodel","ang20191023t162847_r10752_c0_w512_h512",sem_pluma,0,0,0,262144,0,0,0,0,0,1,,0,"hard"
"attentiongates_dpu_easy_remaining.xmodel","ang20191023t162847_r6144_c0_w512_h512",sem_pluma,0,5,0,262139,0,0,0,0,1.90734863281e-05,0.999980926514,,0,"hard"
"attentiongates_dpu_easy_remaining.xmodel","ang20191023t162847_r6656_c0_w512_h512",sem_pluma,0,52,0,262092,0,0,0,0,0.000198364257812,0.999801635742,,0,"random"
"attentiongates_dpu_easy_remaining.xmodel","ang20191023t162847_r8192_c0_w512_h512",sem_pluma,0,32,0,262112,0,0,0,0,0.0001220703125,0.999877929688,,0,"random"
"attentiongates_dpu_easy_remaining.xmodel","ang20191023t162847_r256_c0_w512_h512",sem_pluma,0,1,0,262143,0,0,0,0,3.81469726562e-06,0.999996185303,,0,"random"
"attentiongates_dpu_easy_remaining.xmodel","ang20191023t162847_r1536_c0_w512_h512",sem_pluma,0,0,0,262144,0,0,0,0,0,1,,0,"random"
"attentiongates_dpu_easy_remaining.xmodel","ang20191023t164221_r6656_c0_w512_h512",sem_pluma,0,36,0,262108,0,0,0,0,0.000137329101562,0.999862670898,,0,"hard"
"attentiongates_dpu_easy_remaining.xmodel","ang20191023t164221_r0_c0_w512_h512",sem_pluma,0,0,0,262144,0,0,0,0,0,1,,0,"hard"
"attentiongates_dpu_easy_remaining.xmodel","ang20191023t164221_r1280_c0_w512_h512",sem_pluma,0,0,0,262144,0,0,0,0,0,1,,0,"hard"
"attentiongates_dpu_easy_remaining.xmodel","ang20191023t164221_r3840_c0_w512_h512",sem_pluma,0,0,0,262144,0,0,0,0,0,1,,0,"random"
"attentiongates_dpu_easy_remaining.xmodel","ang20191023t164221_r3328_c0_w512_h512",sem_pluma,0,0,0,262144,0,0,0,0,0,1,,0,"random"
"attentiongates_dpu_easy_remaining.xmodel","ang20191023t164221_r9216_c0_w512_h512",sem_pluma,0,226,0,261918,0,0,0,0,0.000862121582031,0.999137878418,,0,"random"
"attentiongates_dpu_easy_remaining.xmodel","ang20191023t164221_r4864_c0_w512_h512",sem_pluma,0,71,0,262073,0,0,0,0,0.000270843505859,0.999729156494,,0,"random"
"attentiongates_dpu_easy_remaining.xmodel","ang20191023t165811_r1280_c0_w512_h512",sem_pluma,0,1,0,262143,0,0,0,0,3.81469726562e-06,0.999996185303,,0,"hard"
"attentiongates_dpu_easy_remaining.xmodel","ang20191023t165811_r9728_c0_w512_h512",sem_pluma,0,8,0,262136,0,0,0,0,3.0517578125e-05,0.999969482422,,0,"hard"
"attentiongates_dpu_easy_remaining.xmodel","ang20191023t165811_r512_c0_w512_h512",sem_pluma,0,0,0,262144,0,0,0,0,0,1,,0,"hard"
"attentiongates_dpu_easy_remaining.xmodel","ang20191023t165811_r0_c0_w512_h512",sem_pluma,0,0,0,262144,0,0,0,0,0,1,,0,"random"
"attentiongates_dpu_easy_remaining.xmodel","ang20191023t165811_r3840_c0_w512_h512",sem_pluma,0,0,0,262144,0,0,0,0,0,1,,0,"random"
"attentiongates_dpu_easy_remaining.xmodel","ang20191023t165811_r3328_c0_w512_h512",sem_pluma,0,0,0,262144,0,0,0,0,0,1,,0,"random"
"attentiongates_dpu_easy_remaining.xmodel","ang20191023t172753_r10496_c0_w512_h512",sem_pluma,0,17,0,262127,0,0,0,0,6.48498535156e-05,0.999935150146,,0,"hard"
"attentiongates_dpu_easy_remaining.xmodel","ang20191023t172753_r7168_c0_w512_h512",sem_pluma,0,5,0,262139,0,0,0,0,1.90734863281e-05,0.999980926514,,0,"hard"
"attentiongates_dpu_easy_remaining.xmodel","ang20191023t172753_r8448_c0_w512_h512",sem_pluma,0,0,0,262144,0,0,0,0,0,1,,0,"hard"
"attentiongates_dpu_easy_remaining.xmodel","ang20191023t172753_r1792_c0_w512_h512",sem_pluma,0,0,0,262144,0,0,0,0,0,1,,0,"random"
"attentiongates_dpu_easy_remaining.xmodel","ang20191023t172753_r3840_c0_w512_h512",sem_pluma,0,0,0,262144,0,0,0,0,0,1,,0,"random"
"attentiongates_dpu_easy_remaining.xmodel","ang20191023t172753_r3328_c0_w512_h512",sem_pluma,0,0,0,262144,0,0,0,0,0,1,,0,"random"
"attentiongates_dpu_easy_remaining.xmodel","ang20191023t172753_r512_c0_w512_h512",sem_pluma,0,0,0,262144,0,0,0,0,0,1,,0,"random"
"attentiongates_dpu_easy_remaining.xmodel","ang20191023t174017_r9216_c0_w512_h512",sem_pluma,0,73,0,262071,0,0,0,0,0.000278472900391,0.9997215271,,0,"hard"
"attentiongates_dpu_easy_remaining.xmodel","ang20191023t174017_r256_c0_w512_h512",sem_pluma,0,0,0,262144,0,0,0,0,0,1,,0,"hard"
"attentiongates_dpu_easy_remaining.xmodel","ang20191023t174017_r3584_c0_w512_h512",sem_pluma,0,0,0,262144,0,0,0,0,0,1,,0,"hard"
"attentiongates_dpu_easy_remaining.xmodel","ang20191023t174017_r4608_c0_w512_h512",sem_pluma,0,0,0,262144,0,0,0,0,0,1,,0,"random"
"attentiongates_dpu_easy_remaining.xmodel","ang20191023t174017_r5376_c0_w512_h512",sem_pluma,0,0,0,262144,0,0,0,0,0,1,,0,"random"
"attentiongates_dpu_easy_remaining.xmodel","ang20191023t174017_r1024_c0_w512_h512",sem_pluma,0,0,0,262144,0,0,0,0,0,1,,0,"random"
"attentiongates_dpu_easy_remaining.xmodel","ang20191023t174017_r2304_c0_w512_h512",sem_pluma,0,0,0,262144,0,0,0,0,0,1,,0,"random"
"attentiongates_dpu_easy_remaining.xmodel","ang20191023t175603_r9728_c0_w512_h512",sem_pluma,0,71,0,262073,0,0,0,0,0.000270843505859,0.999729156494,,0,"hard"
"attentiongates_dpu_easy_remaining.xmodel","ang20191023t175603_r7168_c0_w512_h512",sem_pluma,0,0,0,262144,0,0,0,0,0,1,,0,"hard"
"attentiongates_dpu_easy_remaining.xmodel","ang20191023t175603_r6656_c0_w512_h512",sem_pluma,0,0,0,262144,0,0,0,0,0,1,,0,"hard"
"attentiongates_dpu_easy_remaining.xmodel","ang20191023t175603_r768_c0_w512_h512",sem_pluma,0,0,0,262144,0,0,0,0,0,1,,0,"random"
"attentiongates_dpu_easy_remaining.xmodel","ang20191023t175603_r3328_c0_w512_h512",sem_pluma,0,0,0,262144,0,0,0,0,0,1,,0,"random"
"attentiongates_dpu_easy_remaining.xmodel","ang20191023t175603_r3840_c0_w512_h512",sem_pluma,0,0,0,262144,0,0,0,0,0,1,,0,"random"
"attentiongates_dpu_easy_remaining.xmodel","ang20191023t175603_r2048_c0_w512_h512",sem_pluma,0,0,0,262144,0,0,0,0,0,1,,0,"random"
"attentiongates_dpu_easy_remaining.xmodel","ang20191023t180821_r10240_c0_w512_h512",sem_pluma,0,0,0,262144,0,0,0,0,0,1,,0,"hard"
"attentiongates_dpu_easy_remaining.xmodel","ang20191023t180821_r1536_c0_w512_h512",sem_pluma,0,0,0,262144,0,0,0,0,0,1,,0,"hard"
"attentiongates_dpu_easy_remaining.xmodel","ang20191023t180821_r2304_c0_w512_h512",sem_pluma,0,0,0,262144,0,0,0,0,0,1,,0,"hard"
"attentiongates_dpu_easy_remaining.xmodel","ang20191023t180821_r0_c0_w512_h512",sem_pluma,0,0,0,262144,0,0,0,0,0,1,,0,"random"
"attentiongates_dpu_easy_remaining.xmodel","ang20191023t180821_r6400_c0_w512_h512",sem_pluma,0,0,0,262144,0,0,0,0,0,1,,0,"random"
"attentiongates_dpu_easy_remaining.xmodel","ang20191023t180821_r512_c0_w512_h512",sem_pluma,0,0,0,262144,0,0,0,0,0,1,,0,"random"
"attentiongates_dpu_easy_remaining.xmodel","ang20191023t180821_r4352_c0_w512_h512",sem_pluma,0,0,0,262144,0,0,0,0,0,1,,0,"random"
"attentiongates_dpu_easy_remaining.xmodel","ang20191023t182357_r10496_c0_w512_h512",sem_pluma,0,4,0,262140,0,0,0,0,1.52587890625e-05,0.999984741211,,0,"hard"
"attentiongates_dpu_easy_remaining.xmodel","ang20191023t182357_r9984_c0_w512_h512",sem_pluma,0,2619,0,259525,0,0,0,0,0.00999069213867,0.990009307861,,0,"hard"
"attentiongates_dpu_easy_remaining.xmodel","ang20191023t182357_r1536_c0_w512_h512",sem_pluma,0,0,0,262144,0,0,0,0,0,1,,0,"hard"
"attentiongates_dpu_easy_remaining.xmodel","ang20191023t182357_r7424_c0_w512_h512",sem_pluma,0,0,0,262144,0,0,0,0,0,1,,0,"random"
"attentiongates_dpu_easy_remaining.xmodel","ang20191023t182357_r5888_c0_w512_h512",sem_pluma,0,0,0,262144,0,0,0,0,0,1,,0,"random"
"attentiongates_dpu_easy_remaining.xmodel","ang20191023t182357_r6912_c0_w512_h512",sem_pluma,0,0,0,262144,0,0,0,0,0,1,,0,"random"
"attentiongates_dpu_easy_remaining.xmodel","ang20191023t182357_r4352_c0_w512_h512",sem_pluma,0,15,0,262129,0,0,0,0,5.72204589844e-05,0.999942779541,,0,"random"
"attentiongates_dpu_easy_remaining.xmodel","ang20191023t183654_r2816_c0_w512_h512",sem_pluma,0,0,0,262144,0,0,0,0,0,1,,0,"hard"
"attentiongates_dpu_easy_remaining.xmodel","ang20191023t183654_r8960_c0_w512_h512",sem_pluma,0,708,0,261436,0,0,0,0,0.00270080566406,0.997299194336,,0,"hard"
"attentiongates_dpu_easy_remaining.xmodel","ang20191023t183654_r5632_c0_w512_h512",sem_pluma,0,83,0,262061,0,0,0,0,0.000316619873047,0.999683380127,,0,"hard"
"attentiongates_dpu_easy_remaining.xmodel","ang20191023t183654_r4352_c0_w512_h512",sem_pluma,0,0,0,262144,0,0,0,0,0,1,,0,"random"
"attentiongates_dpu_easy_remaining.xmodel","ang20191023t183654_r9472_c0_w512_h512",sem_pluma,0,0,0,262144,0,0,0,0,0,1,,0,"random"
"attentiongates_dpu_easy_remaining.xmodel","ang20191023t183654_r512_c0_w512_h512",sem_pluma,0,0,0,262144,0,0,0,0,0,1,,0,"random"
"attentiongates_dpu_easy_remaining.xmodel","ang20191023t183654_r0_c0_w512_h512",sem_pluma,0,2,0,262142,0,0,0,0,7.62939453125e-06,0.999992370605,,0,"random"
"attentiongates_dpu_easy_remaining.xmodel","ang20191023t185210_r5632_c0_w512_h512",sem_pluma,0,0,0,262144,0,0,0,0,0,1,,0,"hard"
"attentiongates_dpu_easy_remaining.xmodel","ang20191023t185210_r3840_c0_w512_h512",sem_pluma,0,2789,0,259355,0,0,0,0,0.0106391906738,0.989360809326,,0,"hard"
"attentiongates_dpu_easy_remaining.xmodel","ang20191023t185210_r4352_c0_w512_h512",sem_pluma,0,0,0,262144,0,0,0,0,0,1,,0,"hard"
"attentiongates_dpu_easy_remaining.xmodel","ang20191023t185210_r7168_c0_w512_h512",sem_pluma,0,0,0,262144,0,0,0,0,0,1,,0,"random"
"attentiongates_dpu_easy_remaining.xmodel","ang20191023t185210_r7936_c0_w512_h512",sem_pluma,0,0,0,262144,0,0,0,0,0,1,,0,"random"
"attentiongates_dpu_easy_remaining.xmodel","ang20191023t185210_r2048_c0_w512_h512",sem_pluma,0,0,0,262144,0,0,0,0,0,1,,0,"random"
"attentiongates_dpu_easy_remaining.xmodel","ang20191023t185210_r6144_c0_w512_h512",sem_pluma,0,1,0,262143,0,0,0,0,3.81469726562e-06,0.999996185303,,0,"random"
"attentiongates_dpu_easy_remaining.xmodel","ang20191023t190429_r5376_c0_w512_h512",sem_pluma,0,0,0,262144,0,0,0,0,0,1,,0,"hard"
"attentiongates_dpu_easy_remaining.xmodel","ang20191023t190429_r3840_c0_w512_h512",sem_pluma,0,134,0,262010,0,0,0,0,0.000511169433594,0.999488830566,,0,"hard"
"attentiongates_dpu_easy_remaining.xmodel","ang20191023t190429_r4864_c0_w512_h512",sem_pluma,0,0,0,262144,0,0,0,0,0,1,,0,"hard"
"attentiongates_dpu_easy_remaining.xmodel","ang20191023t190429_r4352_c0_w512_h512",sem_pluma,0,6,0,262138,0,0,0,0,2.28881835938e-05,0.999977111816,,0,"random"
"attentiongates_dpu_easy_remaining.xmodel","ang20191023t190429_r512_c0_w512_h512",sem_pluma,0,0,0,262144,0,0,0,0,0,1,,0,"random"
"attentiongates_dpu_easy_remaining.xmodel","ang20191023t190429_r0_c0_w512_h512",sem_pluma,0,0,0,262144,0,0,0,0,0,1,,0,"random"
"attentiongates_dpu_easy_remaining.xmodel","ang20191023t190429_r7936_c0_w512_h512",sem_pluma,0,0,0,262144,0,0,0,0,0,1,,0,"random"
"attentiongates_dpu_easy_remaining.xmodel","ang20191023t191942_r4352_c0_w512_h512",sem_pluma,0,0,0,262144,0,0,0,0,0,1,,0,"hard"
"attentiongates_dpu_easy_remaining.xmodel","ang20191023t191942_r5376_c0_w512_h512",sem_pluma,0,0,0,262144,0,0,0,0,0,1,,0,"hard"
"attentiongates_dpu_easy_remaining.xmodel","ang20191023t191942_r4864_c0_w512_h512",sem_pluma,0,0,0,262144,0,0,0,0,0,1,,0,"hard"
"attentiongates_dpu_easy_remaining.xmodel","ang20191023t191942_r6656_c0_w512_h512",sem_pluma,0,0,0,262144,0,0,0,0,0,1,,0,"random"
"attentiongates_dpu_easy_remaining.xmodel","ang20191023t191942_r10240_c0_w512_h512",sem_pluma,0,0,0,262144,0,0,0,0,0,1,,0,"random"
"attentiongates_dpu_easy_remaining.xmodel","ang20191023t191942_r1792_c0_w512_h512",sem_pluma,0,0,0,262144,0,0,0,0,0,1,,0,"random"
"attentiongates_dpu_easy_remaining.xmodel","ang20191023t191942_r6144_c0_w512_h512",sem_pluma,0,0,0,262144,0,0,0,0,0,1,,0,"random"
"attentiongates_dpu_easy_remaining.xmodel","ang20191023t193139_r4864_c0_w512_h512",sem_pluma,0,0,0,262144,0,0,0,0,0,1,,0,"hard"
"attentiongates_dpu_easy_remaining.xmodel","ang20191023t193139_r4352_c0_w512_h512",sem_pluma,0,0,0,262144,0,0,0,0,0,1,,0,"hard"
"attentiongates_dpu_easy_remaining.xmodel","ang20191023t193139_r2816_c0_w512_h512",sem_pluma,0,0,0,262144,0,0,0,0,0,1,,0,"hard"
"attentiongates_dpu_easy_remaining.xmodel","ang20191023t193139_r1536_c0_w512_h512",sem_pluma,0,0,0,262144,0,0,0,0,0,1,,0,"random"
"attentiongates_dpu_easy_remaining.xmodel","ang20191023t193139_r1024_c0_w512_h512",sem_pluma,0,0,0,262144,0,0,0,0,0,1,,0,"random"
"attentiongates_dpu_easy_remaining.xmodel","ang20191023t193139_r0_c0_w512_h512",sem_pluma,0,0,0,262144,0,0,0,0,0,1,,0,"random"
"attentiongates_dpu_easy_remaining.xmodel","ang20191023t193139_r512_c0_w512_h512",sem_pluma,0,0,0,262144,0,0,0,0,0,1,,0,"random"
"attentiongates_dpu_easy_remaining.xmodel","ang20191023t194035_r1792_c512_w512_h512",sem_pluma,0,5097,0,257047,0,0,0,0,0.0194435119629,0.980556488037,,0,"hard"
"attentiongates_dpu_easy_remaining.xmodel","ang20191023t194035_r1024_c512_w512_h512",sem_pluma,0,31,0,262113,0,0,0,0,0.000118255615234,0.999881744385,,0,"hard"
"attentiongates_dpu_easy_remaining.xmodel","ang20191023t194035_r5376_c256_w512_h512",sem_pluma,0,327,0,261817,0,0,0,0,0.00124740600586,0.998752593994,,0,"hard"
"attentiongates_dpu_easy_remaining.xmodel","ang20191023t194035_r4608_c256_w512_h512",sem_pluma,0,0,0,262144,0,0,0,0,0,1,,0,"random"
"attentiongates_dpu_easy_remaining.xmodel","ang20191023t194035_r3328_c512_w512_h512",sem_pluma,0,63,0,262081,0,0,0,0,0.000240325927734,0.999759674072,,0,"random"
"attentiongates_dpu_easy_remaining.xmodel","ang20191011t165345_r4367_c196_w151_h151",forte,761,268,214,260901,0.739552964043,0.780512820513,0.759481037924,0.612228479485,0.00102615547787,0.998161315918,0.710035441796,1,"easy"
"attentiongates_dpu_easy_remaining.xmodel","ang20190924t183641_r14137_c154_w151_h151",forte,9101,1584,361,251098,0.851754796444,0.961847389558,0.903459572145,0.82391816042,0.00626874886221,0.992580413818,0.858311106405,1,"easy"
"attentiongates_dpu_easy_remaining.xmodel","ang20191008t151045_r5097_c477_w151_h151",forte,81,3347,612,258104,0.0236289381564,0.116883116883,0.0393108468818,0.0200495049505,0.0128016339582,0.984897613525,0.0119776639805,1,"easy"
"attentiongates_dpu_easy_remaining.xmodel","ang20191010t155034_r16931_c325_w151_h151",forte,163,336,0,261645,0.326653306613,1,0.492447129909,0.326653306613,0.00128253575641,0.998718261719,0.335797725995,1,"easy"
"attentiongates_dpu_easy_remaining.xmodel","ang20191005t210402_r9366_c472_w151_h151",forte,561,191,1341,260051,0.746010638298,0.294952681388,0.42275810098,0.268036311515,0.000733932263047,0.994155883789,0.400524163482,1,"easy"
"attentiongates_dpu_easy_remaining.xmodel","ang20190923t174142_r5826_c168_w151_h151",forte,1204,777,554,259609,0.60777385159,0.684869169511,0.6440224659,0.474950690335,0.00298403139954,0.994922637939,0.528986263804,1,"easy"
"attentiongates_dpu_easy_remaining.xmodel","ang20191011t174241_r4837_c234_w151_h151",forte,2274,4818,63,254989,0.320642978003,0.973042362003,0.48234171174,0.317819706499,0.0185445349817,0.981380462646,0.410267981076,1,"easy"
"attentiongates_dpu_easy_remaining.xmodel","ang20191005t221554_r5023_c432_w151_h151",forte,6,18,2316,259804,0.25,0.00258397932817,0.00511508951407,0.0025641025641,6.9278198151e-05,0.991096496582,0.0295235879291,1,"easy"
"attentiongates_dpu_easy_remaining.xmodel","ang20191011t165345_r5135_c169_w151_h151",forte,290,5,76,261773,0.983050847458,0.792349726776,0.877458396369,0.78167115903,1.91001535652e-05,0.999691009521,0.94493341903,1,"easy"
"attentiongates_dpu_easy_remaining.xmodel","ang20190922t203229_r7396_c411_w151_h151",forte,4970,17789,730,238655,0.218375148293,0.871929824561,0.349274394743,0.211588403082,0.069367971175,0.929355621338,0.259530424341,1,"easy"
"attentiongates_dpu_easy_remaining.xmodel","ang20191008t151045_r4379_c101_w151_h151",forte,1562,10674,60,249848,0.127656096764,0.963008631319,0.225429354885,0.127033181522,0.0409715878122,0.959053039551,0.155627218601,1,"easy"
"attentiongates_dpu_easy_remaining.xmodel","ang20191013t145516_r15455_c176_w151_h151",forte,7779,7560,2492,244313,0.507138666145,0.757375133872,0.607497071456,0.436262688576,0.030015126671,0.961654663086,0.451262892809,1,"easy"
"attentiongates_dpu_easy_remaining.xmodel","ang20191017t152518_r12492_c121_w151_h151",forte,30921,1387,17404,212432,0.957069456481,0.639855147439,0.766956457034,0.622002735758,0.00648679490597,0.928318023682,0.875211440867,1,"easy"
"attentiongates_dpu_easy_remaining.xmodel","ang20191022t152357_r4993_c33_w151_h151",forte,1338,16211,76,244519,0.0762436606074,0.946251768034,0.141116911881,0.075914893617,0.062175430522,0.937870025635,0.0928814612698,1,"easy"
"attentiongates_dpu_easy_remaining.xmodel","ang20190926t152524_r7081_c116_w151_h151",forte,1145,5296,64,255639,0.177767427418,0.947063688999,0.299346405229,0.176018447348,0.0202962423592,0.979553222656,0.168459991474,1,"easy"
"attentiongates_dpu_easy_remaining.xmodel","ang20190928t185111_r3501_c600_w151_h151",forte,410,578,55,261101,0.414979757085,0.881720430108,0.564349621473,0.39309683605,0.00220881308779,0.997585296631,0.334810553472,1,"easy"
"attentiongates_dpu_easy_remaining.xmodel","ang20191011t181301_r3081_c240_w151_h151",forte,5577,280,1677,254610,0.95219395595,0.768817204301,0.850736023187,0.740244226175,0.00109851308408,0.992534637451,0.91221749993,1,"easy"
"attentiongates_dpu_easy_remaining.xmodel","ang20191017t154425_r4708_c381_w151_h151",forte,1752,5155,934,254303,0.253655711597,0.652271034996,0.36526634004,0.223440887642,0.0198683409261,0.97677230835,0.275658838905,1,"easy"
"attentiongates_dpu_easy_remaining.xmodel","ang20191016t155337_r8132_c506_w151_h151",forte,5685,385,1098,254976,0.936573311367,0.838124723574,0.884618377033,0.793108258929,0.0015076695345,0.994342803955,0.936436096947,1,"easy"
"attentiongates_dpu_easy_remaining.xmodel","ang20191008t172458_r14826_c583_w151_h151",forte,4743,178,843,256380,0.963828490144,0.849087003222,0.902826686971,0.822866065232,0.000693800232306,0.996105194092,0.942525331829,1,"easy"
"attentiongates_dpu_easy_remaining.xmodel","ang20190924t172057_r4159_c297_w151_h151",forte,878,2197,6,259063,0.285528455285,0.993212669683,0.443546350088,0.284972411555,0.00840924749292,0.991596221924,0.557129775906,1,"easy"
"attentiongates_dpu_easy_remaining.xmodel","ang20191011t152413_r9254_c440_w151_h151",forte,242,35,223,261644,0.873646209386,0.520430107527,0.652291105121,0.484,0.000133751657565,0.999015808105,0.691908046379,1,"easy"
"attentiongates_dpu_easy_remaining.xmodel","ang20191011t191345_r10180_c27_w151_h151",forte,91,13,22,262018,0.875,0.805309734513,0.838709677419,0.722222222222,4.96124504353e-05,0.999866485596,0.884577375362,1,"easy"
"attentiongates_dpu_easy_remaining.xmodel","ang20190924t165836_r1962_c318_w151_h151",forte,673,1666,8,259797,0.287729799059,0.98825256975,0.445695364238,0.286749041329,0.0063718384628,0.993614196777,0.553212419733,1,"easy"
"attentiongates_dpu_easy_remaining.xmodel","ang20190923t172416_r10579_c413_w151_h151",forte,172,73,2,261897,0.702040816327,0.988505747126,0.821002386635,0.696356275304,0.000278657861587,0.999713897705,0.798730466315,1,"easy"
"attentiongates_dpu_easy_remaining.xmodel","ang20190927t162514_r3685_c352_w151_h151",forte,1286,8179,8,252671,0.13586899102,0.993817619784,0.239055674319,0.135754248918,0.0313551849722,0.968769073486,0.186971024163,1,"easy"
"attentiongates_dpu_easy_remaining.xmodel","ang20191011t163647_r6575_c122_w151_h151",forte,243,3056,39,258806,0.0736586844498,0.86170212766,0.135716280369,0.0727980826842,0.011670269073,0.988193511963,0.231422275415,1,"easy"
"attentiongates_dpu_easy_remaining.xmodel","ang20191016t175642_r7289_c521_w151_h151",forte,1908,70,626,259540,0.964610717897,0.752959747435,0.845744680851,0.732718894009,0.000269635222064,0.997344970703,0.926944868941,1,"easy"
"attentiongates_dpu_easy_remaining.xmodel","ang20190926t154314_r6804_c307_w151_h151",forte,2602,4541,278,254723,0.364272714546,0.903472222222,0.519205826599,0.350626600189,0.0175149654406,0.981616973877,0.545999333736,1,"easy"
"attentiongates_dpu_easy_remaining.xmodel","ang20191011t152413_r8823_c513_w151_h151",forte,449,24,276,261395,0.949260042283,0.619310344828,0.74958263773,0.599465954606,9.18066399152e-05,0.99885559082,0.746203704188,1,"easy"
"attentiongates_dpu_easy_remaining.xmodel","ang20190923t183439_r2497_c25_w151_h151",forte,668,4347,13,257116,0.133200398804,0.980910425844,0.234550561798,0.132856006364,0.0166256793504,0.983367919922,0.133860976921,1,"easy"
"attentiongates_dpu_easy_remaining.xmodel","ang20191010t193818_r7868_c337_w151_h151",forte,390,15,197,261542,0.962962962963,0.664395229983,0.786290322581,0.647840531561,5.73488761532e-05,0.99919128418,0.828623956868,1,"easy"
"attentiongates_dpu_easy_remaining.xmodel","ang20191023t145837_r8341_c489_w151_h151",forte,3340,421,1795,256588,0.888061685722,0.650438169426,0.750899280576,0.601151907847,0.00163807493123,0.991546630859,0.802891563618,1,"easy"
"attentiongates_dpu_easy_remaining.xmodel","ang20191022t192048_r1361_c265_w151_h151",forte,1107,7356,64,253617,0.130804679192,0.945345858241,0.229811085738,0.129822915445,0.0281868239243,0.971694946289,0.12638040556,1,"easy"
"attentiongates_dpu_easy_remaining.xmodel","ang20190927t153023_r7067_c8_w151_h151",forte,13,9124,221,252786,0.00142278647258,0.0555555555556,0.00277451712731,0.00138918572345,0.0348363941812,0.964351654053,0.00310293911062,1,"easy"
"attentiongates_dpu_easy_remaining.xmodel","ang20190924t181121_r3294_c442_w151_h151",forte,475,4533,4,257132,0.0948482428115,0.991649269311,0.173136504465,0.0947725458899,0.0173236772209,0.982692718506,0.134995272654,1,"easy"
"attentiongates_dpu_easy_remaining.xmodel","ang20191007t195115_r11116_c285_w151_h151",forte,281,14,474,261375,0.952542372881,0.372185430464,0.535238095238,0.365409622887,5.35600197407e-05,0.998138427734,0.692199167369,1,"easy"
"attentiongates_dpu_easy_remaining.xmodel","ang20190922t192642_r4578_c217_w151_h151",forte,282,4508,2,257352,0.058872651357,0.992957746479,0.111154907371,0.0588480801336,0.0172153058886,0.982795715332,0.0505170322333,1,"easy"
"attentiongates_dpu_easy_remaining.xmodel","ang20191006t191332_r8705_c82_w151_h151",forte,248,1300,1,260595,0.160206718346,0.995983935743,0.276015581525,0.160103292447,0.0049638213788,0.995037078857,0.265517357423,1,"easy"
"attentiongates_dpu_easy_remaining.xmodel","ang20191022t163722_r6202_c430_w151_h151",forte,430,2832,2,258880,0.131820968731,0.99537037037,0.232809962101,0.131740196078,0.0108210552057,0.989189147949,0.14337236837,1,"easy"
"attentiongates_dpu_easy_remaining.xmodel","ang20191016t152245_r8626_c460_w151_h151",forte,229,66,333,261516,0.776271186441,0.407473309609,0.534422403734,0.364649681529,0.000252310938826,0.998477935791,0.519557451862,1,"easy"
"attentiongates_dpu_easy_remaining.xmodel","ang20191022t194943_r17610_c210_w151_h151",forte,1219,72,93,260760,0.944229279628,0.929115853659,0.936611601998,0.880780346821,0.000276039749724,0.999370574951,0.974075490156,1,"easy"
"attentiongates_dpu_easy_remaining.xmodel","ang20191007t182352_r8520_c196_w151_h151",forte,119,9,30,261986,0.9296875,0.798657718121,0.859205776173,0.753164556962,3.43518006069e-05,0.999851226807,0.897369223064,1,"easy"
"attentiongates_dpu_easy_remaining.xmodel","ang20191016t165454_r5517_c18_w151_h151",forte,482,1007,32,260623,0.323707186031,0.937743190661,0.481278082876,0.316896778435,0.0038489469862,0.996036529541,0.384563145612,1,"easy"
"attentiongates_dpu_easy_remaining.xmodel","ang20190927t151239_r7121_c584_w151_h151",forte,976,888,90,260190,0.523605150215,0.915572232645,0.666211604096,0.499488229273,0.00340128237538,0.996269226074,0.464722423123,1,"easy"
"attentiongates_dpu_easy_remaining.xmodel","ang20191005t210402_r1854_c108_w151_h151",forte,440,3287,243,258174,0.118057418836,0.644216691069,0.199546485261,0.110831234257,0.0125716646077,0.986534118652,0.113447054433,1,"easy"
"attentiongates_dpu_easy_remaining.xmodel","ang20190927t192237_r6043_c457_w151_h151",forte,803,51,123,261167,0.940281030445,0.86717062635,0.902247191011,0.821903787103,0.000195239225475,0.999336242676,0.947136271919,1,"easy"
"attentiongates_dpu_easy_remaining.xmodel","ang20191010t155034_r9423_c4_w151_h151",forte,121,4,137,261882,0.968,0.468992248062,0.631853785901,0.461832061069,1.52738214338e-05,0.999462127686,0.821539656332,1,"easy"
"attentiongates_dpu_easy_remaining.xmodel","ang20191017t185057_r4474_c267_w151_h151",forte,365,24,181,261574,0.938303341902,0.668498168498,0.780748663102,0.640350877193,9.17438206714e-05,0.999217987061,0.882305840535,1,"easy"
"attentiongates_dpu_easy_remaining.xmodel","ang20191010t193818_r2146_c142_w151_h151",forte,232,9,240,261663,0.96265560166,0.491525423729,0.650771388499,0.482328482328,3.43942034302e-05,0.999050140381,0.784642074736,1,"easy"
"attentiongates_dpu_easy_remaining.xmodel","ang20191016t174016_r5893_c405_w151_h151",forte,999,21,205,260919,0.979411764706,0.829734219269,0.898381294964,0.815510204082,8.04782708669e-05,0.999137878418,0.952135971117,1,"easy"
"attentiongates_dpu_easy_remaining.xmodel","ang20191023t162847_r9887_c159_w151_h151",forte,13898,908,1261,246077,0.938673510739,0.916815093344,0.927615551477,0.865002800772,0.00367633661963,0.991725921631,0.928285319721,1,"easy"
"attentiongates_dpu_easy_remaining.xmodel","ang20190923t195907_r1434_c324_w151_h151",forte,1186,41,85,260832,0.966585167074,0.933123524784,0.949559647718,0.903963414634,0.000157164597333,0.999519348145,0.983045361267,1,"easy"
"attentiongates_dpu_easy_remaining.xmodel","ang20191007t200647_r1009_c453_w151_h151",forte,3811,1622,4496,252215,0.701454076937,0.458769712291,0.554730713246,0.383825158626,0.00638992739435,0.976661682129,0.657542277366,1,"easy"
"attentiongates_dpu_easy_remaining.xmodel","ang20191010t155034_r2710_c421_w151_h151",forte,286,289,5,261564,0.497391304348,0.982817869416,0.660508083141,0.493103448276,0.00110367267131,0.998878479004,0.738244135899,1,"easy"
"attentiongates_dpu_easy_remaining.xmodel","ang20191017t150903_r12514_c392_w151_h151",forte,2840,2225,1547,255532,0.560710760118,0.647367221336,0.60093101989,0.429522081065,0.00863216129921,0.985610961914,0.547538885216,1,"easy"
"attentiongates_dpu_easy_remaining.xmodel","ang20191011t185825_r6531_c549_w151_h151",forte,446,187,111,261400,0.70458135861,0.800718132855,0.749579831933,0.599462365591,0.000714867329034,0.998863220215,0.86162754908,1,"easy"
"attentiongates_dpu_easy_remaining.xmodel","ang20190926t184029_r1661_c357_w151_h151",forte,539,954,2,260649,0.361018084394,0.996303142329,0.529990167158,0.360535117057,0.00364674717033,0.996353149414,0.348461428939,1,"easy"
"attentiongates_dpu_easy_remaining.xmodel","ang20191011t185825_r10104_c497_w151_h151",forte,2445,105,766,258828,0.958823529412,0.7614450327,0.848810970318,0.737334137515,0.000405510305755,0.996677398682,0.916914767419,1,"easy"
"attentiongates_dpu_easy_remaining.xmodel","ang20191016t162417_r4834_c50_w151_h151",forte,2376,99,630,259039,0.96,0.790419161677,0.866995073892,0.765217391304,0.000382035826471,0.997219085693,0.879282439167,1,"easy"
"attentiongates_dpu_easy_remaining.xmodel","ang20190927t151239_r8689_c582_w151_h151",forte,449,779,981,259935,0.365635179153,0.313986013986,0.33784800602,0.203259393391,0.00298794847994,0.993286132812,0.320805793509,1,"easy"
"attentiongates_dpu_easy_remaining.xmodel","ang20191010t155034_r2711_c421_w151_h151",forte,561,47,219,261317,0.922697368421,0.719230769231,0.808357348703,0.678355501814,0.000179825836764,0.998985290527,0.860603619911,1,"easy"
"attentiongates_dpu_easy_remaining.xmodel","ang20190926t184029_r12122_c485_w151_h151",forte,2097,79,476,259492,0.963694852941,0.815001943257,0.883133291219,0.7907239819,0.000304348328588,0.997882843018,0.917390912866,1,"easy"
"attentiongates_dpu_easy_remaining.xmodel","ang20191023t161300_r9825_c527_w151_h151",forte,4935,68,388,256753,0.986408155107,0.927108773248,0.955839628123,0.915414579855,0.000264775855557,0.998260498047,0.990872187203,1,"easy"
"attentiongates_dpu_easy_remaining.xmodel","ang20191016t163955_r5575_c321_w151_h151",forte,1839,3583,1076,255646,0.339173736629,0.630874785592,0.44116588701,0.283010156971,0.0138217560535,0.982227325439,0.302876765088,1,"easy"
"attentiongates_dpu_easy_remaining.xmodel","ang20191011t161719_r6484_c552_w151_h151",forte,446,16,468,261214,0.965367965368,0.487964989059,0.648255813953,0.479569892473,6.12487080351e-05,0.998153686523,0.799477027307,1,"easy"
"attentiongates_dpu_easy_remaining.xmodel","ang20191008t172458_r9631_c119_w151_h151",forte,209,49,1130,260756,0.81007751938,0.156086631815,0.261740763932,0.150576368876,0.000187879833592,0.995502471924,0.240390608843,1,"easy"
"attentiongates_dpu_easy_remaining.xmodel","ang20191008t172458_r12658_c123_w151_h151",forte,2479,130,1313,258222,0.950172479877,0.653744725738,0.774566473988,0.632075471698,0.000503189446956,0.994495391846,0.881051323823,1,"easy"
"attentiongates_dpu_easy_remaining.xmodel","ang20191007t200647_r3927_c109_w151_h151",forte,1523,552,593,259476,0.733975903614,0.719754253308,0.726795514197,0.57083958021,0.00212284830864,0.995632171631,0.706238027532,1,"easy"
"attentiongates_dpu_easy_remaining.xmodel","ang20191016t175642_r3709_c249_w151_h151",forte,473,31,169,261471,0.938492063492,0.736760124611,0.825479930192,0.702823179792,0.000118545938463,0.999237060547,0.906810107977,1,"easy"
"attentiongates_dpu_easy_remaining.xmodel","ang20191023t152801_r9013_c303_w151_h151",forte,8960,603,2898,249683,0.936944473492,0.755608028335,0.836562251996,0.719043415456,0.00240924382506,0.986644744873,0.924004980183,1,"easy"
"attentiongates_dpu_easy_remaining.xmodel","ang20191016t163955_r4756_c462_w151_h151",forte,22687,756,3436,235265,0.967751567632,0.868468399495,0.915425896784,0.844041817032,0.00320310480847,0.984008789062,0.957373328145,1,"easy"
"attentiongates_dpu_easy_remaining.xmodel","ang20190923t170747_r2291_c472_w151_h151",forte,1902,196,1731,258315,0.906577693041,0.523534269199,0.663758506369,0.496735440063,0.000758188239572,0.992649078369,0.698376229472,1,"easy"
"attentiongates_dpu_easy_remaining.xmodel","ang20191010t155034_r9423_c1_w151_h151",forte,54,0,204,261886,1,0.209302325581,0.346153846154,0.209302325581,0,0.999221801758,0.696158643471,1,"easy"
"attentiongates_dpu_easy_remaining.xmodel","ang20191016t145145_r5805_c177_w151_h151",forte,1932,53,704,259455,0.973299748111,0.732928679818,0.836182644449,0.718482707326,0.000204232624813,0.99711227417,0.898672591074,1,"easy"
"attentiongates_dpu_easy_remaining.xmodel","ang20191010t185941_r6888_c147_w151_h151",forte,4473,180,1595,255896,0.961315280464,0.737145682268,0.834437086093,0.715909090909,0.000702916321717,0.993228912354,0.940331803539,1,"easy"
"attentiongates_dpu_easy_remaining.xmodel","ang20190927t153023_r7101_c126_w151_h151",forte,1488,11324,265,249067,0.116141117702,0.848830576155,0.204325437693,0.113787565955,0.0434884462213,0.955791473389,0.129708054505,1,"easy"
"attentiongates_dpu_easy_remaining.xmodel","ang20190923t192543_r10448_c55_w151_h151",forte,2523,172,362,259087,0.936178107607,0.87452339688,0.904301075269,0.825318940137,0.000663429234858,0.99796295166,0.931122890045,1,"easy"
"attentiongates_dpu_easy_remaining.xmodel","ang20190926t180335_r5137_c294_w151_h151",forte,763,17,846,260518,0.978205128205,0.474207582349,0.638760987861,0.469249692497,6.52503502409e-05,0.99670791626,0.833223980117,1,"easy"
"attentiongates_dpu_easy_remaining.xmodel","ang20191017t150903_r6794_c173_w151_h151",forte,9526,163,16938,235517,0.983176798431,0.35996070133,0.5269825464,0.357757163781,0.00069161575017,0.934764862061,0.633286067003,1,"easy"
"attentiongates_dpu_easy_remaining.xmodel","ang20191016t145145_r6177_c468_w151_h151",forte,40,1,116,261987,0.975609756098,0.25641025641,0.406091370558,0.254777070064,3.81696871612e-06,0.99955368042,0.45833870554,1,"easy"
"attentiongates_dpu_easy_remaining.xmodel","ang20191010t192008_r3365_c296_w151_h151",forte,0,1965,19,260160,0,0,0,0,0.00749642346209,0.992431640625,4.19970215576e-05,1,"easy"
"attentiongates_dpu_easy_remaining.xmodel","ang20191007t190840_r8232_c229_w151_h151",forte,123,97,114,261810,0.559090909091,0.518987341772,0.53829321663,0.368263473054,0.000370360471465,0.999195098877,0.471029964176,1,"easy"
"attentiongates_dpu_easy_remaining.xmodel","ang20191022t194943_r11945_c1020_w151_h151",forte,576,100,150,261318,0.852071005917,0.793388429752,0.821683309558,0.697336561743,0.000382529129593,0.999046325684,0.884450949855,1,"easy"
"attentiongates_dpu_easy_remaining.xmodel","ang20190926t185727_r2249_c72_w151_h151",forte,1335,82,106,260621,0.942131263232,0.926439972241,0.93421973408,0.876559422193,0.000314534163397,0.999282836914,0.972390160624,1,"easy"
"attentiongates_dpu_easy_remaining.xmodel","ang20191016t155337_r3781_c466_w151_h151",forte,16,0,30,262098,1,0.347826086957,0.516129032258,0.347826086957,0,0.999885559082,0.829333190493,1,"easy"
"attentiongates_dpu_easy_remaining.xmodel","ang20190926t160016_r9568_c98_w151_h151",forte,802,51,861,260430,0.94021101993,0.482260974143,0.637519872814,0.467911318553,0.000195791631635,0.996520996094,0.814397587182,1,"easy"
"attentiongates_dpu_easy_remaining.xmodel","ang20191011t181301_r11383_c341_w151_h151",forte,147,129,34,261834,0.532608695652,0.812154696133,0.643326039387,0.474193548387,0.000492435954696,0.999378204346,0.679777952429,1,"easy"
"attentiongates_dpu_easy_remaining.xmodel","ang20190928t192731_r10149_c226_w151_h151",forte,440,183,102,261419,0.706260032103,0.811808118081,0.755364806867,0.606896551724,0.00069953593627,0.998912811279,0.882960637548,1,"easy"
"attentiongates_dpu_easy_remaining.xmodel","ang20191008t165855_r11317_c252_w151_h151",forte,319,212,159,261454,0.600753295669,0.667364016736,0.632309217047,0.46231884058,0.000810193146989,0.998584747314,0.596170513062,1,"easy"
"attentiongates_dpu_easy_remaining.xmodel","ang20191023t145837_r9154_c520_w151_h151",forte,659,1,3437,258047,0.998484848485,0.160888671875,0.277123633305,0.160849402001,3.87524801587e-06,0.986885070801,0.304124833683,1,"easy"
"attentiongates_dpu_easy_remaining.xmodel","ang20190926t172904_r6111_c198_w151_h151",forte,6743,297,2936,252168,0.9578125,0.696662878397,0.806627190621,0.675922213312,0.0011764006892,0.98766708374,0.876529309675,1,"easy"
"attentiongates_dpu_easy_remaining.xmodel","ang20191007t175016_r5614_c544_w151_h151",forte,210,13,52,261869,0.941704035874,0.801526717557,0.865979381443,0.763636363636,4.96406778625e-05,0.999752044678,0.916797040386,1,"easy"
"attentiongates_dpu_easy_remaining.xmodel","ang20190927t173620_r11953_c121_w151_h151",forte,1202,26,199,260717,0.978827361564,0.857958600999,0.914416127805,0.842326559215,9.97150450827e-05,0.999141693115,0.974417590731,1,"easy"
"attentiongates_dpu_easy_remaining.xmodel","ang20191022t181138_r1385_c251_w151_h151",forte,7447,4974,1712,248011,0.599549150632,0.813080030571,0.690176088971,0.526922804783,0.0196612447378,0.974494934082,0.690948660143,1,"easy"
"attentiongates_dpu_easy_remaining.xmodel","ang20191011t154103_r4577_c309_w151_h151",forte,1052,76,386,260630,0.932624113475,0.73157162726,0.819953234606,0.694848084544,0.000291516113937,0.998237609863,0.880746743607,1,"easy"
"attentiongates_dpu_easy_remaining.xmodel","ang20191016t153826_r4970_c126_w151_h151",forte,276,31,241,261596,0.899022801303,0.533849129594,0.669902912621,0.503649635036,0.000118489299652,0.998962402344,0.608438478339,1,"easy"
"attentiongates_dpu_easy_remaining.xmodel","ang20191016t181351_r8382_c309_w151_h151",forte,237,87,49,261771,0.731481481481,0.828671328671,0.777049180328,0.635388739946,0.000332241138327,0.999481201172,0.875010394806,1,"easy"
"attentiongates_dpu_easy_remaining.xmodel","ang20191011t182731_r1569_c198_w151_h151",forte,139,6,109,261890,0.958620689655,0.560483870968,0.70737913486,0.547244094488,2.2909857348e-05,0.999561309814,0.814833751762,1,"easy"
"attentiongates_dpu_easy_remaining.xmodel","ang20190926t193117_r8967_c212_w151_h151",forte,921,28,203,260992,0.970495258166,0.819395017794,0.888567293777,0.799479166667,0.00010727147345,0.999118804932,0.925992133749,1,"easy"
"attentiongates_dpu_easy_remaining.xmodel","ang20190924t165836_r12262_c48_w151_h151",forte,196,4,76,261868,0.98,0.720588235294,0.830508474576,0.710144927536,1.52746379911e-05,0.999694824219,0.932644782504,1,"easy"
"attentiongates_dpu_easy_remaining.xmodel","ang20190924t174538_r9525_c70_w151_h151",forte,866,31,532,260715,0.965440356745,0.619456366237,0.754684095861,0.606018194542,0.000118889647396,0.997852325439,0.898063738841,1,"easy"
"attentiongates_dpu_easy_remaining.xmodel","ang20191016t145145_r9988_c209_w151_h151",forte,54,16,19,262055,0.771428571429,0.739726027397,0.755244755245,0.606741573034,6.10521576214e-05,0.999866485596,0.735269651026,1,"easy"
"attentiongates_dpu_easy_remaining.xmodel","ang20190922t194340_r1953_c438_w151_h151",forte,2159,275,583,259127,0.887017255546,0.787381473377,0.834234930448,0.715611534637,0.00106013060809,0.996726989746,0.908488874134,1,"easy"
"attentiongates_dpu_easy_remaining.xmodel","ang20191010t155034_r17229_c293_w151_h151",forte,405,33,365,261341,0.924657534247,0.525974025974,0.670529801325,0.504358655044,0.000126255863246,0.998481750488,0.711594279878,1,"easy"
"attentiongates_dpu_easy_remaining.xmodel","ang20191011t154103_r8882_c570_w151_h151",forte,155,8,107,261874,0.950920245399,0.591603053435,0.729411764706,0.574074074074,3.05481094539e-05,0.999561309814,0.792183985951,1,"easy"
"attentiongates_dpu_easy_remaining.xmodel","ang20190927t160700_r2050_c493_w151_h151",forte,156,2,62,261924,0.987341772152,0.715596330275,0.829787234043,0.709090909091,7.6357444469e-06,0.999755859375,0.911862668316,1,"easy"
"attentiongates_dpu_easy_remaining.xmodel","ang20191016t190528_r8841_c607_w151_h151",forte,284,12,501,261347,0.959459459459,0.36178343949,0.525439407956,0.356336260979,4.59138579502e-05,0.998043060303,0.583992626132,1,"easy"
"attentiongates_dpu_easy_remaining.xmodel","ang20190927t194104_r2687_c139_w151_h151",forte,92,6,33,262013,0.938775510204,0.736,0.825112107623,0.702290076336,2.28991027368e-05,0.999851226807,0.882665099269,1,"easy"
"attentiongates_dpu_easy_remaining.xmodel","ang20191011t172641_r6360_c318_w151_h151",forte,272,5,439,261428,0.981949458484,0.382559774965,0.550607287449,0.379888268156,1.91253590786e-05,0.998306274414,0.707838244956,1,"easy"
"attentiongates_dpu_easy_remaining.xmodel","ang20191017t144928_r8472_c569_w151_h151",forte,59,0,11406,250679,1,0.0051460968164,0.0102395001736,0.0051460968164,0,0.956489562988,0.0675191806338,1,"easy"
"attentiongates_dpu_easy_remaining.xmodel","ang20191022t154405_r2909_c406_w151_h151",forte,1272,111,471,260290,0.919739696312,0.729776247849,0.813819577735,0.686084142395,0.000426265644141,0.997779846191,0.792924848065,1,"easy"
"attentiongates_dpu_easy_remaining.xmodel","ang20191008t151045_r912_c452_w151_h151",forte,280,56,1339,260469,0.833333333333,0.172946263125,0.286445012788,0.167164179104,0.000214950580558,0.994678497314,0.362127744431,1,"easy"
"attentiongates_dpu_easy_remaining.xmodel","ang20190923t190921_r4784_c487_w151_h151",forte,2093,82,177,259792,0.962298850575,0.922026431718,0.941732283465,0.889880952381,0.000315537529726,0.999011993408,0.978122865613,1,"easy"
"attentiongates_dpu_easy_remaining.xmodel","ang20191016t145145_r9252_c461_w151_h151",forte,167,83,165,261729,0.668,0.503012048193,0.573883161512,0.402409638554,0.000317021374116,0.999053955078,0.580970692389,1,"easy"
"attentiongates_dpu_easy_remaining.xmodel","ang20191010t152203_r12659_c122_w151_h151",forte,372,48,310,261414,0.885714285714,0.545454545455,0.675136116152,0.509589041096,0.000183583082819,0.998634338379,0.702573084898,1,"easy"
"attentiongates_dpu_easy_remaining.xmodel","ang20190927t192237_r9728_c425_w151_h151",forte,813,71,134,261126,0.919683257919,0.858500527983,0.888039322774,0.79862475442,0.000271825480385,0.999217987061,0.946269442127,1,"easy"
"attentiongates_dpu_easy_remaining.xmodel","ang20190927t154855_r6809_c182_w151_h151",forte,9617,867,4272,247388,0.917302556276,0.692418460652,0.789151930415,0.651734887503,0.00349237678999,0.980396270752,0.889789228946,1,"easy"
"attentiongates_dpu_easy_remaining.xmodel","ang20190926t223557_r4461_c372_w151_h151",forte,536,47,98,261463,0.919382504288,0.845425867508,0.880854560394,0.787077826725,0.00017972544071,0.999446868896,0.944062676699,1,"easy"
"attentiongates_dpu_easy_remaining.xmodel","ang20191006t153731_r2984_c74_w151_h151",forte,1625,158,431,259930,0.911385305665,0.790369649805,0.84657462881,0.73396567299,0.00060748669681,0.997753143311,0.826847461764,1,"easy"
"attentiongates_dpu_easy_remaining.xmodel","ang20191011t194308_r4290_c195_w151_h151",forte,502,19,366,261257,0.963531669866,0.578341013825,0.722822174226,0.56595264938,7.2720035518e-05,0.998531341553,0.873590336326,1,"easy"
"attentiongates_dpu_easy_remaining.xmodel","ang20190927t160700_r6815_c355_w151_h151",forte,2683,295,1412,257754,0.900940228341,0.655189255189,0.758659691786,0.611161731207,0.00114319373452,0.993488311768,0.827471141507,1,"easy"
"attentiongates_dpu_easy_remaining.xmodel","ang20191010t155034_r17231_c293_w151_h151",forte,341,19,429,261355,0.947222222222,0.442857142857,0.603539823009,0.432192648923,7.26927697476e-05,0.998291015625,0.658465253761,1,"easy"
"attentiongates_dpu_easy_remaining.xmodel","ang20190927t182905_r2258_c142_w151_h151",forte,912,103,154,260975,0.898522167488,0.855534709193,0.876501681884,0.780153977759,0.000394518113361,0.999019622803,0.921442508923,1,"easy"
"attentiongates_dpu_easy_remaining.xmodel","ang20190923t170747_r3502_c419_w151_h151",forte,1766,114,192,260072,0.939361702128,0.901940755873,0.920270974466,0.852316602317,0.000438148094056,0.998832702637,0.971471439053,1,"easy"
"attentiongates_dpu_easy_remaining.xmodel","ang20190928t190948_r3706_c242_w151_h151",forte,605,356,106,261077,0.629552549428,0.850914205345,0.723684210526,0.567010309278,0.0013617255664,0.998237609863,0.872162202307,1,"easy"
"attentiongates_dpu_easy_remaining.xmodel","ang20191008t172458_r15248_c287_w151_h151",forte,128,7,194,261815,0.948148148148,0.39751552795,0.560175054705,0.38905775076,2.67357212152e-05,0.99923324585,0.607219231464,1,"easy"
"attentiongates_dpu_easy_remaining.xmodel","ang20191010t182147_r9145_c341_w151_h151",forte,72,4,157,261911,0.947368421053,0.314410480349,0.472131147541,0.309012875536,1.52721302713e-05,0.99938583374,0.443808464779,1,"easy"
"attentiongates_dpu_easy_remaining.xmodel","ang20191022t151202_r2901_c413_w151_h151",forte,844,43,2503,258754,0.951521984216,0.252166118912,0.398677373642,0.248967551622,0.000166153394359,0.990287780762,0.344100263951,1,"easy"
"attentiongates_dpu_easy_remaining.xmodel","ang20191022t175031_r6400_c441_w151_h151",forte,6414,2873,3818,249039,0.690642834069,0.626856919468,0.657205799477,0.489431514689,0.0114047762711,0.974475860596,0.609326958108,1,"easy"
"attentiongates_dpu_easy_remaining.xmodel","ang20190927t153023_r2097_c16_w151_h151",forte,2881,180,2749,256334,0.941195687684,0.511722912966,0.662984696813,0.49586919105,0.000701716085672,0.988826751709,0.706293336964,1,"easy"
"attentiongates_dpu_easy_remaining.xmodel","ang20191011t154103_r2173_c178_w151_h151",forte,209,131,1607,260197,0.614705882353,0.115088105727,0.19387755102,0.107344632768,0.000503211333395,0.993370056152,0.185604988392,1,"easy"
"attentiongates_dpu_easy_remaining.xmodel","ang20191010t193818_r5258_c337_w151_h151",forte,259,19,376,261490,0.931654676259,0.407874015748,0.567360350493,0.396024464832,7.2655243223e-05,0.99849319458,0.609374861798,1,"easy"
"attentiongates_dpu_easy_remaining.xmodel","ang20191012t162223_r5562_c349_w151_h151",forte,50,13,189,261892,0.793650793651,0.209205020921,0.331125827815,0.198412698413,4.96363185124e-05,0.999229431152,0.376519513362,1,"easy"
"attentiongates_dpu_easy_remaining.xmodel","ang20190928t190948_r8008_c591_w151_h151",forte,474,172,136,261362,0.733746130031,0.777049180328,0.754777070064,0.606138107417,0.0006576582777,0.998825073242,0.756441149076,1,"easy"
"attentiongates_dpu_easy_remaining.xmodel","ang20191022t150110_r6897_c137_w151_h151",forte,925,152,151,260916,0.85886722377,0.859665427509,0.859266140269,0.75325732899,0.000582223788438,0.998844146729,0.884383998819,1,"easy"
"attentiongates_dpu_easy_remaining.xmodel","ang20191022t190019_r6346_c386_w151_h151",forte,9615,350,24866,227313,0.964877069744,0.27884922131,0.432659856905,0.276047199334,0.00153736004533,0.90380859375,0.714116931251,1,"easy"
"attentiongates_dpu_easy_remaining.xmodel","ang20191023t151141_r9647_c396_w151_h151",forte,1979,175,260,259730,0.918755803157,0.883876730683,0.900978829957,0.819801159901,0.000673322944922,0.998340606689,0.939569489632,1,"easy"
"attentiongates_dpu_easy_remaining.xmodel","ang20191011t181301_r526_c290_w151_h151",forte,614,32,294,261204,0.950464396285,0.676211453744,0.790218790219,0.653191489362,0.000122494602582,0.998756408691,0.807047541163,1,"easy"
"attentiongates_dpu_easy_remaining.xmodel","ang20191006t171344_r8193_c581_w151_h151",forte,33,2,37,262072,0.942857142857,0.471428571429,0.628571428571,0.458333333333,7.63143234354e-06,0.999851226807,0.739980696206,1,"easy"
"attentiongates_dpu_easy_remaining.xmodel","ang20191022t162321_r1260_c408_w151_h151",forte,1212,69,138,260725,0.946135831382,0.897777777778,0.921322690992,0.854122621564,0.000264576639033,0.999210357666,0.961634826973,1,"easy"
"attentiongates_dpu_easy_remaining.xmodel","ang20190923t194235_r10418_c544_w151_h151",forte,2754,124,971,258295,0.956914523975,0.73932885906,0.834166288051,0.715510522214,0.000479840878573,0.995822906494,0.903684146296,1,"easy"
"attentiongates_dpu_easy_remaining.xmodel","ang20190928t175550_r9174_c405_w151_h151",forte,3409,163,734,257838,0.954367301232,0.82283369539,0.883732987686,0.791686019508,0.000631780496975,0.996578216553,0.953251487176,1,"easy"
"attentiongates_dpu_easy_remaining.xmodel","ang20191022t162321_r4946_c446_w151_h151",forte,1673,127,786,259558,0.929444444444,0.680357869052,0.785630429678,0.64694508894,0.000489054046248,0.996517181396,0.799841806384,1,"easy"
"attentiongates_dpu_easy_remaining.xmodel","ang20191022t183431_r1386_c516_w151_h151",forte,286,304,135,261419,0.484745762712,0.679334916865,0.565776458952,0.394482758621,0.00116153337689,0.9983253479,0.643865941148,1,"easy"
"attentiongates_dpu_easy_remaining.xmodel","ang20191022t184525_r6382_c291_w151_h151",forte,196,459,37,261452,0.299236641221,0.841201716738,0.441441441441,0.28323699422,0.00175250371309,0.998107910156,0.646033497344,1,"easy"
"attentiongates_dpu_easy_remaining.xmodel","ang20191022t172245_r1376_c518_w151_h151",forte,346,54,50,261694,0.865,0.873737373737,0.869346733668,0.768888888889,0.000206305301282,0.999603271484,0.936591591159,1,"easy"
"attentiongates_dpu_easy_remaining.xmodel","ang20191011t160043_r12279_c108_w151_h151",forte,273,10,600,261261,0.964664310954,0.312714776632,0.4723183391,0.309173272933,3.82744353564e-05,0.997673034668,0.576014379368,1,"easy"
"attentiongates_dpu_easy_remaining.xmodel","ang20191006t182329_r9636_c338_w151_h151",forte,240,8,452,261444,0.967741935484,0.346820809249,0.510638297872,0.342857142857,3.05983507489e-05,0.998245239258,0.593501846208,1,"easy"
"attentiongates_dpu_easy_remaining.xmodel","ang20191016t183045_r7208_c234_w151_h151",forte,72,829,45,261198,0.0799112097669,0.615384615385,0.141453831041,0.0761099365751,0.00316379609735,0.99666595459,0.151903381763,1,"easy"
"attentiongates_dpu_easy_remaining.xmodel","ang20191011t154103_r12233_c585_w151_h151",forte,384,10,1111,260639,0.97461928934,0.256856187291,0.406564319746,0.255149501661,3.83657715932e-05,0.995723724365,0.528064263876,1,"easy"
"attentiongates_dpu_easy_remaining.xmodel","ang20190923t181729_r1984_c475_w151_h151",forte,1020,83,171,260870,0.924750679964,0.856423173804,0.889276373147,0.800627943485,0.000318064938897,0.999031066895,0.940199046399,1,"easy"
"attentiongates_dpu_easy_remaining.xmodel","ang20191007t184008_r7400_c506_w151_h151",forte,408,26,195,261515,0.940092165899,0.676616915423,0.786885245902,0.648648648649,9.94107998364e-05,0.999156951904,0.895329976741,1,"easy"
"attentiongates_dpu_easy_remaining.xmodel","ang20191017t170330_r3852_c44_w151_h151",forte,984,3148,783,257229,0.238141335915,0.556876061121,0.333615867096,0.2002034588,0.0120901615734,0.985004425049,0.34126617291,1,"easy"
"attentiongates_dpu_easy_remaining.xmodel","ang20191017t161837_r104_c95_w151_h151",forte,384,13,147,261600,0.96725440806,0.723163841808,0.827586206897,0.705882352941,4.96917202127e-05,0.999389648438,0.907298504665,1,"easy"
"attentiongates_dpu_easy_remaining.xmodel","ang20191011t174241_r403_c405_w151_h151",forte,125,6,83,261930,0.954198473282,0.600961538462,0.737463126844,0.584112149533,2.29063588052e-05,0.999660491943,0.827061936092,1,"easy"
"attentiongates_dpu_easy_remaining.xmodel","ang20190923t170747_r3144_c180_w151_h151",forte,121,77,15,261931,0.611111111111,0.889705882353,0.724550898204,0.568075117371,0.000293884156209,0.999649047852,0.78980372822,1,"easy"
"attentiongates_dpu_easy_remaining.xmodel","ang20191019t163936_r6711_c134_w151_h151",forte,1977,150,351,259666,0.929478138223,0.849226804124,0.887542087542,0.797820823245,0.000577331650091,0.99808883667,0.936530920467,1,"easy"
"attentiongates_dpu_easy_remaining.xmodel","ang20191011t171218_r8732_c384_w151_h151",forte,163,114,238,261629,0.58844765343,0.406483790524,0.480825958702,0.316504854369,0.000435541733685,0.998657226562,0.423460341418,1,"easy"
"attentiongates_dpu_easy_remaining.xmodel","ang20191010t193818_r13416_c120_w151_h151",forte,538,26,337,261243,0.95390070922,0.614857142857,0.747741487144,0.597114317425,9.95142936973e-05,0.998615264893,0.760503137347,1,"easy"
"attentiongates_dpu_easy_remaining.xmodel","ang20191007t190840_r9101_c215_w151_h151",forte,158,5,30,261951,0.969325153374,0.840425531915,0.900284900285,0.818652849741,1.90871749454e-05,0.999866485596,0.960919650884,1,"easy"
"attentiongates_dpu_easy_remaining.xmodel","ang20190923t174142_r15306_c621_w151_h151",forte,248,1,358,261537,0.995983935743,0.409240924092,0.580116959064,0.408566721582,3.82353615918e-06,0.998630523682,0.718194953074,1,"easy"
"attentiongates_dpu_easy_remaining.xmodel","ang20190927t181142_r11202_c266_w151_h151",forte,1104,168,1543,259329,0.867924528302,0.417075935021,0.563409032917,0.392184724689,0.000647406328397,0.993473052979,0.622458807025,1,"easy"
"attentiongates_dpu_easy_remaining.xmodel","ang20191008t165855_r9654_c48_w151_h151",forte,602,487,131,260924,0.552800734619,0.821282401091,0.660812294182,0.493442622951,0.00186296674585,0.99764251709,0.679292671681,1,"easy"
"attentiongates_dpu_easy_remaining.xmodel","ang20191017t183448_r4279_c65_w151_h151",forte,398,19,1967,259760,0.954436450839,0.168287526427,0.286125089863,0.166946308725,7.31390913045e-05,0.99242401123,0.295567253087,1,"easy"
"attentiongates_dpu_easy_remaining.xmodel","ang20191011t174241_r2478_c244_w151_h151",forte,387,75,97,261585,0.837662337662,0.79958677686,0.818181818182,0.692307692308,0.000286631506535,0.99934387207,0.879419887302,1,"easy"
"attentiongates_dpu_easy_remaining.xmodel","ang20191019t160518_r1073_c233_w151_h151",forte,910,46,491,260697,0.951882845188,0.649536045682,0.772168010182,0.628887353144,0.000176418925916,0.997951507568,0.820516871654,1,"easy"
"attentiongates_dpu_easy_remaining.xmodel","ang20191007t175016_r742_c418_w151_h151",forte,457,10,232,261445,0.978586723769,0.66328011611,0.790657439446,0.653791130186,3.82474995697e-05,0.999076843262,0.8590624269,1,"easy"
"attentiongates_dpu_easy_remaining.xmodel","ang20190927t184620_r7541_c401_w151_h151",forte,156,13,339,261636,0.923076923077,0.315151515152,0.469879518072,0.307086614173,4.96848831832e-05,0.998657226562,0.391121055704,1,"easy"
"attentiongates_dpu_easy_remaining.xmodel","ang20191023t151141_r9205_c186_w151_h151",forte,4376,360,2571,254837,0.923986486486,0.629912192313,0.749122656852,0.598877788422,0.00141067489038,0.988819122314,0.783859969799,1,"easy"
"attentiongates_dpu_easy_remaining.xmodel","ang20191010t192008_r8444_c339_w151_h151",forte,353,48,46,261697,0.88029925187,0.884711779449,0.8825,0.78970917226,0.000183384591874,0.999641418457,0.927507068433,1,"easy"
"attentiongates_dpu_easy_remaining.xmodel","ang20190926t174644_r3404_c97_w151_h151",forte,1098,404,286,260356,0.731025299601,0.793352601156,0.760914760915,0.614093959732,0.00154931737997,0.997367858887,0.657657142833,1,"easy"
"attentiongates_dpu_easy_remaining.xmodel","ang20191006t182329_r9777_c254_w151_h151",forte,180,6,229,261729,0.967741935484,0.440097799511,0.605042016807,0.433734939759,2.29239497965e-05,0.999103546143,0.59255524485,1,"easy"
"attentiongates_dpu_easy_remaining.xmodel","ang20191019t162211_r1073_c232_w151_h151",forte,868,71,558,260647,0.924387646432,0.608695652174,0.734038054968,0.579826319305,0.000272324887426,0.99760055542,0.825721187525,1,"easy"
"attentiongates_dpu_easy_remaining.xmodel","ang20191019t145204_r3787_c202_w151_h151",forte,152,15,385,261592,0.910179640719,0.283054003724,0.431818181818,0.275362318841,5.73379152699e-05,0.998474121094,0.536622894288,1,"easy"
"attentiongates_dpu_easy_remaining.xmodel","ang20191006t183904_r9558_c232_w151_h151",forte,149,29,15,261951,0.837078651685,0.908536585366,0.87134502924,0.772020725389,0.000110695472937,0.99983215332,0.945354576571,1,"easy"
"attentiongates_dpu_easy_remaining.xmodel","ang20191011t174241_r1369_c499_w151_h151",forte,386,22,280,261456,0.946078431373,0.57957957958,0.718808193669,0.561046511628,8.41370975761e-05,0.998847961426,0.742422960121,1,"easy"
"attentiongates_dpu_easy_remaining.xmodel","ang20190927t151239_r8627_c19_w151_h151",forte,2279,68,2997,256800,0.971026842778,0.431956027293,0.5979273252,0.426459580838,0.00026472740863,0.988307952881,0.71588794742,1,"easy"
"attentiongates_dpu_easy_remaining.xmodel","ang20191019t164827_r7007_c179_w151_h151",forte,1400,71,583,260090,0.951733514616,0.706001008573,0.810654313839,0.681596884129,0.000272907930089,0.997505187988,0.876232756212,1,"easy"
"attentiongates_dpu_easy_remaining.xmodel","ang20191011t175712_r2748_c214_w151_h151",forte,405,36,161,261542,0.918367346939,0.71554770318,0.804369414101,0.672757475083,0.000137626252972,0.999248504639,0.861505820445,1,"easy"
"attentiongates_dpu_easy_remaining.xmodel","ang20191006t191332_r8717_c568_w151_h151",forte,95,3,93,261953,0.969387755102,0.505319148936,0.664335664336,0.497382198953,1.14523049672e-05,0.999633789062,0.800476737056,1,"easy"
"attentiongates_dpu_easy_remaining.xmodel","ang20191006t185838_r6877_c192_w151_h151",forte,116,12,106,261910,0.90625,0.522522522523,0.662857142857,0.495726495726,4.58151663472e-05,0.999549865723,0.661342486095,1,"easy"
"attentiongates_dpu_easy_remaining.xmodel","ang20191019t162211_r6712_c129_w151_h151",forte,1129,117,1772,259126,0.906099518459,0.389176146156,0.544489992766,0.37408880053,0.000451314018122,0.992794036865,0.592403340282,1,"easy"
"attentiongates_dpu_easy_remaining.xmodel","ang20191016t152245_r10397_c218_w151_h151",forte,131,30,56,261927,0.813664596273,0.700534759358,0.752873563218,0.603686635945,0.00011452261249,0.999671936035,0.765336528344,1,"easy"
"attentiongates_dpu_easy_remaining.xmodel","ang20191016t143714_r3056_c87_w151_h151",forte,209,19,1332,260584,0.916666666667,0.135626216742,0.23629169022,0.133974358974,7.29078329873e-05,0.994846343994,0.202972811916,1,"easy"
"attentiongates_dpu_easy_remaining.xmodel","ang20191022t190019_r6904_c397_w151_h151",forte,4585,181,784,256594,0.962022660512,0.853976531943,0.904785397139,0.826126126126,0.000704897283614,0.996318817139,0.933784795201,1,"easy"
"attentiongates_dpu_easy_remaining.xmodel","ang20191023t142135_r14078_c478_w151_h151",forte,642,58,201,261243,0.917142857143,0.761565836299,0.832145171743,0.712541620422,0.00022196623817,0.999011993408,0.807318775133,1,"easy"
"attentiongates_dpu_easy_remaining.xmodel","ang20191011t163647_r3757_c310_w151_h151",forte,1908,162,3944,256130,0.921739130435,0.326042378674,0.481696541277,0.317259727303,0.000632091520609,0.984336853027,0.666557872879,1,"easy"
"attentiongates_dpu_easy_remaining.xmodel","ang20191022t163722_r2878_c451_w151_h151",forte,1743,114,329,259958,0.938610662359,0.841216216216,0.887248663782,0.797346752059,0.000438340151958,0.998310089111,0.937246656297,1,"easy"
"attentiongates_dpu_easy_remaining.xmodel","ang20191017t143318_r8763_c581_w151_h151",forte,385,19,773,260967,0.95297029703,0.332469775475,0.492957746479,0.327102803738,7.28008398918e-05,0.996978759766,0.449737291202,1,"easy"
"attentiongates_dpu_easy_remaining.xmodel","ang20191011t185825_r1311_c79_w151_h151",forte,485,1770,490,259399,0.215077605322,0.497435897436,0.300309597523,0.176684881603,0.00677722087997,0.99137878418,0.319748609027,1,"easy"
"attentiongates_dpu_easy_remaining.xmodel","ang20191017t182024_r2581_c205_w151_h151",forte,164,30,28,261922,0.845360824742,0.854166666667,0.849740932642,0.738738738739,0.000114524798436,0.999778747559,0.898023876187,1,"easy"
"attentiongates_dpu_easy_remaining.xmodel","ang20191007t200647_r3963_c159_w151_h151",forte,1746,511,370,259517,0.773593265397,0.825141776938,0.798536473817,0.664636467453,0.00196517298137,0.996639251709,0.814419649342,1,"easy"
"attentiongates_dpu_easy_remaining.xmodel","ang20191011t152413_r9481_c326_w151_h151",forte,90,48,375,261631,0.652173913043,0.193548387097,0.298507462687,0.175438596491,0.000183430844661,0.998386383057,0.304725759415,1,"easy"
"attentiongates_dpu_easy_remaining.xmodel","ang20191011t175712_r6672_c132_w151_h151",forte,32,3,112,261997,0.914285714286,0.222222222222,0.357541899441,0.21768707483,1.14503816794e-05,0.999561309814,0.423313535608,1,"easy"
"attentiongates_dpu_easy_remaining.xmodel","ang20190926t154314_r9475_c592_w151_h151",forte,721,92,170,261161,0.886838868389,0.809203142536,0.846244131455,0.733468972533,0.000352149066231,0.999000549316,0.903064399531,1,"easy"
"attentiongates_dpu_easy_remaining.xmodel","ang20191022t190019_r3031_c431_w151_h151",forte,3034,151,920,258039,0.952590266876,0.767324228629,0.849978988654,0.739098660171,0.000584840621248,0.995914459229,0.904504752263,1,"easy"
"attentiongates_dpu_easy_remaining.xmodel","ang20191011t160043_r8918_c91_w151_h151",forte,138,33,73,261900,0.80701754386,0.654028436019,0.722513089005,0.565573770492,0.000125986416374,0.99959564209,0.785370177714,1,"easy"
"attentiongates_dpu_easy_remaining.xmodel","ang20191008t160209_r5898_c517_w151_h151",forte,108,214,56,261766,0.335403726708,0.658536585366,0.444444444444,0.285714285714,0.000816856248569,0.998970031738,0.33016814328,1,"easy"
"attentiongates_dpu_easy_remaining.xmodel","ang20191016t165454_r6700_c187_w151_h151",forte,1412,8,4712,256012,0.994366197183,0.230568256042,0.374337221633,0.230267449446,3.12475587845e-05,0.981994628906,0.453544291898,1,"easy"
"attentiongates_dpu_easy_remaining.xmodel","ang20191022t162321_r3494_c460_w151_h151",forte,221,25,140,261758,0.89837398374,0.612188365651,0.728171334432,0.572538860104,9.54989437817e-05,0.999370574951,0.759625460455,1,"easy"
"attentiongates_dpu_easy_remaining.xmodel","ang20191011t185825_r1553_c386_w151_h151",forte,260,19,48,261817,0.931899641577,0.844155844156,0.885860306644,0.795107033639,7.25645060267e-05,0.999744415283,0.949675284887,1,"easy"
"attentiongates_dpu_easy_remaining.xmodel","ang20191019t161418_r6978_c183_w151_h151",forte,1788,113,443,259800,0.940557601262,0.801434334379,0.865440464666,0.762798634812,0.000434760862289,0.99787902832,0.930223921581,1,"easy"
"attentiongates_dpu_easy_remaining.xmodel","ang20191016t152245_r2093_c108_w151_h151",forte,481,45,120,261498,0.914448669202,0.800332778702,0.853593611358,0.744582043344,0.000172055837855,0.999370574951,0.927015518619,1,"easy"
"attentiongates_dpu_easy_remaining.xmodel","ang20191006t180341_r5236_c208_w151_h151",forte,2580,1208,846,257510,0.681098204857,0.753064798599,0.715275852509,0.556754423824,0.00466917647786,0.992164611816,0.705558303303,1,"easy"
"attentiongates_dpu_easy_remaining.xmodel","ang20191011t172641_r5907_c414_w151_h151",forte,449,29,123,261543,0.939330543933,0.784965034965,0.855238095238,0.747088186356,0.000110868135733,0.999420166016,0.940811814489,1,"easy"
"attentiongates_dpu_easy_remaining.xmodel","ang20190927t173620_r3817_c258_w151_h151",forte,276,6,57,261805,0.978723404255,0.828828828829,0.89756097561,0.814159292035,2.29172953008e-05,0.999759674072,0.975991637192,1,"easy"
"attentiongates_dpu_easy_remaining.xmodel","ang20191016t165454_r3889_c557_w151_h151",forte,642,22,68,261412,0.96686746988,0.904225352113,0.934497816594,0.877049180328,8.41512580613e-05,0.999656677246,0.979066431406,1,"easy"
"attentiongates_dpu_easy_remaining.xmodel","ang20191019t163936_r1070_c236_w151_h151",forte,1061,481,653,259949,0.688067444877,0.619019836639,0.65171990172,0.483371298405,0.00184694543639,0.995674133301,0.675190820279,1,"easy"
"attentiongates_dpu_easy_remaining.xmodel","ang20191016t184817_r8999_c125_w151_h151",forte,857,89,203,260995,0.905919661734,0.808490566038,0.85443668993,0.745865970409,0.000340886457998,0.998886108398,0.8814587868,1,"easy"
"attentiongates_dpu_easy_remaining.xmodel","ang20191023t162847_r7610_c492_w151_h151",forte,1829,168,146,260001,0.915873810716,0.926075949367,0.920946626385,0.853476434904,0.000645734118977,0.998802185059,0.964065159379,1,"easy"
"attentiongates_dpu_easy_remaining.xmodel","ang20191016t162417_r1290_c217_w151_h151",forte,6636,733,1435,253340,0.900529244131,0.822202948829,0.859585492228,0.753748296229,0.00288499761879,0.991729736328,0.807970931817,1,"easy"
"attentiongates_dpu_easy_remaining.xmodel","ang20191011t185825_r8204_c158_w151_h151",forte,1000,154,475,260515,0.866551126516,0.677966101695,0.76074553062,0.61387354205,0.000590787550495,0.99760055542,0.866666492019,1,"easy"
"attentiongates_dpu_easy_remaining.xmodel","ang20191017t170330_r3895_c90_w151_h151",forte,1109,1800,658,258577,0.381230663458,0.627617430673,0.474337040205,0.310905522848,0.00691305299623,0.990623474121,0.57847083527,1,"easy"
"attentiongates_dpu_easy_remaining.xmodel","ang20191022t172245_r2610_c395_w151_h151",forte,3922,572,1621,256029,0.87271918113,0.707559083529,0.78150841885,0.6413736713,0.00222914174146,0.991634368896,0.785124896583,1,"easy"
"attentiongates_dpu_easy_remaining.xmodel","ang20191019t155740_r7062_c414_w151_h151",forte,783,89,760,260512,0.897935779817,0.50745301361,0.648447204969,0.479779411765,0.000341518259715,0.996761322021,0.721605700701,1,"easy"
"attentiongates_dpu_easy_remaining.xmodel","ang20191017t164928_r389_c481_w151_h151",forte,600,44,278,261222,0.931677018634,0.683371298405,0.788436268068,0.650759219089,0.000168410738481,0.99877166748,0.790084440548,1,"easy"
"attentiongates_dpu_easy_remaining.xmodel","ang20191022t151202_r1965_c338_w151_h151",forte,73,35,309,261727,0.675925925926,0.19109947644,0.297959183673,0.175059952038,0.000133709247332,0.998687744141,0.200911514974,1,"easy"
"attentiongates_dpu_easy_remaining.xmodel","ang20191022t154405_r6601_c531_w151_h151",forte,1190,98,292,260564,0.923913043478,0.802968960864,0.859205776173,0.753164556962,0.00037596581013,0.998512268066,0.859112987771,1,"easy"
"attentiongates_dpu_easy_remaining.xmodel","ang20191016t153826_r8208_c199_w151_h151",forte,259,234,409,261242,0.525354969574,0.387724550898,0.44616709733,0.287139689579,0.000894919610213,0.997547149658,0.373594196864,1,"easy"
"attentiongates_dpu_easy_remaining.xmodel","ang20190923t174142_r9431_c547_w151_h151",forte,707,27,171,261239,0.963215258856,0.805239179954,0.877171215881,0.781215469613,0.000103342953159,0.999244689941,0.940927233343,1,"easy"
"attentiongates_dpu_easy_remaining.xmodel","ang20191019t161418_r1203_c286_w151_h151",forte,678,169,486,260811,0.800472255018,0.582474226804,0.674291397315,0.508627156789,0.000647559199939,0.997501373291,0.691828555325,1,"easy"
"attentiongates_dpu_easy_remaining.xmodel","ang20191006t191332_r4222_c393_w151_h151",forte,789,444,405,260506,0.639902676399,0.660804020101,0.650185414091,0.481684981685,0.00170147537842,0.996761322021,0.709400439532,1,"easy"
"attentiongates_dpu_easy_remaining.xmodel","ang20190926t184029_r11413_c159_w151_h151",forte,944,61,325,260814,0.939303482587,0.743892828999,0.830255057168,0.70977443609,0.000233828461907,0.998527526855,0.915562884389,1,"easy"
"attentiongates_dpu_easy_remaining.xmodel","ang20190926t191417_r11115_c421_w151_h151",forte,759,12,755,260618,0.984435797665,0.501321003963,0.664332603939,0.497378768021,4.60422821625e-05,0.997074127197,0.783593768103,1,"easy"
"attentiongates_dpu_easy_remaining.xmodel","ang20191019t160518_r6709_c134_w151_h151",forte,2589,174,1069,258312,0.937024972856,0.707763805358,0.806416446036,0.675626304802,0.00067315057682,0.995258331299,0.853314313166,1,"easy"
"attentiongates_dpu_easy_remaining.xmodel","ang20191022t181138_r3978_c64_w151_h151",forte,379,26,262,261477,0.935802469136,0.591263650546,0.724665391969,0.568215892054,9.94252455995e-05,0.998901367188,0.792132106274,1,"easy"
"attentiongates_dpu_easy_remaining.xmodel","ang20190928t190948_r3463_c508_w151_h151",forte,60,0,153,261931,1,0.281690140845,0.43956043956,0.281690140845,0,0.999416351318,0.653804659399,1,"easy"
"attentiongates_dpu_easy_remaining.xmodel","ang20191019t155740_r1286_c317_w151_h151",forte,669,290,569,260616,0.697601668405,0.540387722132,0.609012289486,0.437827225131,0.00111151142557,0.996723175049,0.594630875502,1,"easy"
"attentiongates_dpu_easy_remaining.xmodel","ang20190922t194340_r5074_c444_w151_h151",forte,166,160,42,261776,0.509202453988,0.798076923077,0.621722846442,0.451086956522,0.000610836234805,0.999229431152,0.587604755087,1,"easy"
"attentiongates_dpu_easy_remaining.xmodel","ang20191007t175016_r1376_c245_w151_h151",forte,25,0,107,262012,1,0.189393939394,0.31847133758,0.189393939394,0,0.999591827393,0.410569901689,1,"easy"
"attentiongates_dpu_easy_remaining.xmodel","ang20191022t172245_r3222_c491_w151_h151",forte,778,172,72,261122,0.818947368421,0.915294117647,0.864444444444,0.761252446184,0.000658262340505,0.999069213867,0.915831863296,1,"easy"
"attentiongates_dpu_easy_remaining.xmodel","ang20191006t183904_r8739_c281_w151_h151",forte,503,27,158,261456,0.949056603774,0.760968229955,0.844668345928,0.731104651163,0.000103257190716,0.999294281006,0.929599069695,1,"easy"
"attentiongates_dpu_easy_remaining.xmodel","ang20191022t172245_r2296_c338_w151_h151",forte,239,7,671,261227,0.971544715447,0.262637362637,0.413494809689,0.260632497274,2.67958994618e-05,0.997413635254,0.60533078653,1,"easy"
"attentiongates_dpu_easy_remaining.xmodel","ang20191007t180411_r242_c360_w151_h151",forte,183,14,242,261705,0.928934010152,0.430588235294,0.588424437299,0.416856492027,5.34924862161e-05,0.9990234375,0.54584630751,1,"easy"
"attentiongates_dpu_easy_remaining.xmodel","ang20191011t174241_r7242_c516_w151_h151",forte,313,16,96,261719,0.951367781155,0.765281173594,0.848238482385,0.736470588235,6.11305327908e-05,0.999572753906,0.933261817203,1,"easy"
"attentiongates_dpu_easy_remaining.xmodel","ang20191023t155808_r10511_c37_w151_h151",forte,1196,140,110,260698,0.895209580838,0.915773353752,0.905374716124,0.827109266943,0.000536731611192,0.999046325684,0.958368108495,1,"easy"
"attentiongates_dpu_easy_remaining.xmodel","ang20191011t172641_r2908_c427_w151_h151",forte,87,177,36,261844,0.329545454545,0.707317073171,0.449612403101,0.29,0.000675518374481,0.999187469482,0.584340999097,1,"easy"
"attentiongates_dpu_easy_remaining.xmodel","ang20191019t152610_r3873_c193_w151_h151",forte,390,41,175,261538,0.904872389791,0.690265486726,0.78313253012,0.643564356436,0.000156740411119,0.999176025391,0.834716578577,1,"easy"
"attentiongates_dpu_easy_remaining.xmodel","ang20191008t165855_r13182_c90_w151_h151",forte,825,55,271,260993,0.9375,0.752737226277,0.835020242915,0.716768027802,0.000210689221906,0.998756408691,0.862593897224,1,"easy"
"attentiongates_dpu_easy_remaining.xmodel","ang20191011t175712_r6346_c50_w151_h151",forte,99,157,27,261861,0.38671875,0.785714285714,0.51832460733,0.349823321555,0.00059919547512,0.999298095703,0.720961017395,1,"easy"
"attentiongates_dpu_easy_remaining.xmodel","ang20190926t193117_r8100_c232_w151_h151",forte,785,102,186,261071,0.885005636979,0.808444902163,0.844994617869,0.731593662628,0.000390545730225,0.998901367188,0.915092386429,1,"easy"
"attentiongates_dpu_easy_remaining.xmodel","ang20191007t193705_r7017_c270_w151_h151",forte,3304,116,4757,253967,0.966081871345,0.409874705372,0.575559620242,0.404060168766,0.000456543727837,0.981410980225,0.836128535566,1,"easy"
"attentiongates_dpu_easy_remaining.xmodel","ang20190923t190921_r7029_c212_w151_h151",forte,4034,172,4495,253443,0.959106038992,0.472974557392,0.633529642717,0.463624870705,0.000678193324527,0.982196807861,0.822858885104,1,"easy"
"attentiongates_dpu_easy_remaining.xmodel","ang20191017t185057_r4238_c210_w151_h151",forte,601,46,378,261119,0.928902627512,0.613891726251,0.739237392374,0.586341463415,0.000176133861735,0.998382568359,0.846331675859,1,"easy"
"attentiongates_dpu_easy_remaining.xmodel","ang20191022t184525_r851_c152_w151_h151",forte,278,319,318,261229,0.465661641541,0.46644295302,0.466051969824,0.303825136612,0.00121966140058,0.997570037842,0.468546964863,1,"easy"
"attentiongates_dpu_easy_remaining.xmodel","ang20191019t151749_r3851_c242_w151_h151",forte,470,36,409,261229,0.928853754941,0.534698521047,0.678700361011,0.513661202186,0.00013779113161,0.998302459717,0.739844333166,1,"easy"
"attentiongates_dpu_easy_remaining.xmodel","ang20191017t160033_r9358_c86_w151_h151",forte,8202,301,1388,252253,0.964600729154,0.855265901981,0.906648980269,0.82923870185,0.00119182432272,0.993556976318,0.958829688889,1,"easy"
"attentiongates_dpu_easy_remaining.xmodel","ang20191022t194943_r16197_c776_w151_h151",forte,490,28,67,261559,0.945945945946,0.879712746858,0.911627906977,0.837606837607,0.000107038958358,0.99963760376,0.953818811685,1,"easy"
"attentiongates_dpu_easy_remaining.xmodel","ang20190922t203229_r7371_c312_w151_h151",forte,24283,1113,4779,231969,0.956174200662,0.835558461221,0.891806529803,0.80473902237,0.00477514351173,0.977523803711,0.945492740213,1,"easy"
"attentiongates_dpu_easy_remaining.xmodel","ang20190928t181405_r6351_c299_w151_h151",forte,555,37,151,261401,0.9375,0.78611898017,0.855161787365,0.746971736205,0.000141524950466,0.999282836914,0.917858423332,1,"easy"
"attentiongates_dpu_easy_remaining.xmodel","ang20190922t192642_r6423_c113_w151_h151",forte,326,17,54,261747,0.950437317784,0.857894736842,0.901798063624,0.821158690176,6.49439953546e-05,0.999729156494,0.94583018156,1,"easy"
"attentiongates_dpu_easy_remaining.xmodel","ang20191008t153517_r7561_c474_w151_h151",forte,8,2,36,262098,0.8,0.181818181818,0.296296296296,0.173913043478,7.63067531477e-06,0.999855041504,0.636694069214,1,"easy"
"attentiongates_dpu_easy_remaining.xmodel","ang20191006t183904_r9884_c569_w151_h151",forte,61,38,102,261943,0.616161616162,0.374233128834,0.465648854962,0.303482587065,0.000145048686737,0.999465942383,0.414026567783,1,"easy"
"attentiongates_dpu_easy_remaining.xmodel","ang20191022t190019_r6299_c84_w151_h151",forte,2850,131,27365,231798,0.956055015096,0.0943240112527,0.171707434631,0.0939168259408,0.000564828029268,0.895111083984,0.674883923322,1,"easy"
"attentiongates_dpu_easy_remaining.xmodel","ang20191008t160209_r5967_c574_w151_h151",forte,104,166,60,261814,0.385185185185,0.634146341463,0.479262672811,0.315151515152,0.000633636155432,0.999137878418,0.335799941172,1,"easy"
"attentiongates_dpu_easy_remaining.xmodel","ang20190927t190436_r6480_c506_w151_h151",forte,132,5,37,261970,0.963503649635,0.781065088757,0.862745098039,0.758620689655,1.90857906289e-05,0.999839782715,0.908859247416,1,"easy"
"attentiongates_dpu_easy_remaining.xmodel","ang20191008t172458_r8804_c224_w151_h151",forte,9,0,72,262063,1,0.111111111111,0.2,0.111111111111,0,0.999725341797,0.22500335218,1,"easy"
"attentiongates_dpu_easy_remaining.xmodel","ang20191016t145145_r5096_c300_w151_h151",forte,0,63,224,261857,0,0,0,0,0.000240531459988,0.998905181885,0.00129158564168,1,"easy"
"attentiongates_dpu_easy_remaining.xmodel","ang20191006t150453_r4168_c237_w151_h151",forte,5052,558,871,255663,0.900534759358,0.852946142158,0.876094684817,0.779509334979,0.00217780743967,0.994548797607,0.882557238221,1,"easy"
"attentiongates_dpu_easy_remaining.xmodel","ang20191023t145837_r9504_c353_w151_h151",forte,44,0,6031,256069,1,0.00724279835391,0.014381434875,0.00724279835391,0,0.976993560791,0.0666780596611,1,"easy"
"attentiongates_dpu_easy_remaining.xmodel","ang20190923t163307_r5958_c123_w151_h151",forte,140,442,17,261545,0.240549828179,0.891719745223,0.378890392422,0.233722871452,0.00168710661216,0.998249053955,0.44298391076,1,"easy"
"attentiongates_dpu_easy_remaining.xmodel","ang20191006t164135_r11198_c363_w151_h151",forte,342,103,253,261446,0.768539325843,0.574789915966,0.657692307692,0.489971346705,0.00039380766128,0.998641967773,0.588086106839,1,"easy"
"attentiongates_dpu_easy_remaining.xmodel","ang20191016t184817_r9016_c619_w151_h151",forte,99,4,445,261596,0.961165048544,0.181985294118,0.306027820711,0.180656934307,1.52905198777e-05,0.998287200928,0.395657076151,1,"easy"
"attentiongates_dpu_easy_remaining.xmodel","ang20190923t185208_r3001_c276_w151_h151",forte,8328,433,564,252819,0.950576418217,0.93657219973,0.943522347476,0.89308310992,0.00170975944909,0.996196746826,0.971179841887,1,"easy"
"attentiongates_dpu_easy_remaining.xmodel","ang20191016t172526_r1632_c333_w151_h151",forte,42,1,17,262084,0.976744186047,0.71186440678,0.823529411765,0.7,3.8155560219e-06,0.999931335449,0.964699881793,1,"easy"
"attentiongates_dpu_easy_remaining.xmodel","ang20190928t183313_r6764_c114_w151_h151",forte,1631,236,228,260049,0.873594001071,0.877353415815,0.875469672571,0.778520286396,0.000906698426725,0.998229980469,0.866960802183,1,"easy"
"attentiongates_dpu_easy_remaining.xmodel","ang20191017t163235_r5863_c421_w151_h151",forte,74,1893,99,260078,0.0376207422471,0.42774566474,0.0691588785047,0.0358180058083,0.00722599066309,0.992401123047,0.158174376139,1,"easy"
"attentiongates_dpu_easy_remaining.xmodel","ang20190926t174644_r4660_c175_w151_h151",forte,704,36,228,261176,0.951351351351,0.755364806867,0.842105263158,0.727272727273,0.000137819089475,0.998992919922,0.889732574935,1,"easy"
"attentiongates_dpu_easy_remaining.xmodel","ang20191019t164827_r1228_c285_w151_h151",forte,1215,62,414,260453,0.951448707909,0.745856353591,0.836200963524,0.71850975754,0.000237990134925,0.998184204102,0.886592021612,1,"easy"
"attentiongates_dpu_easy_remaining.xmodel","ang20191006t183904_r5785_c464_w151_h151",forte,35,2,21,262086,0.945945945946,0.625,0.752688172043,0.603448275862,7.631024694e-06,0.999912261963,0.894123421256,1,"easy"
"attentiongates_dpu_easy_remaining.xmodel","ang20191019t155740_r6736_c262_w151_h151",forte,693,72,208,261171,0.905882352941,0.769145394007,0.831932773109,0.712230215827,0.000275605470769,0.998931884766,0.851999466346,1,"easy"
"attentiongates_dpu_easy_remaining.xmodel","ang20190926t185727_r1703_c372_w151_h151",forte,164,19,32,261929,0.896174863388,0.836734693878,0.865435356201,0.762790697674,7.25334799273e-05,0.999805450439,0.936995016638,1,"easy"
"attentiongates_dpu_easy_remaining.xmodel","ang20191019t182848_r3423_c266_w151_h151",fraca,624,37,165,261318,0.944024205749,0.790874524715,0.860689655172,0.755447941889,0.000141569895353,0.999229431152,0.919412528199,1,"hard"
"attentiongates_dpu_easy_remaining.xmodel","ang20191022t165908_r1361_c422_w151_h151",fraca,162,710,45,261227,0.185779816514,0.782608695652,0.300278035218,0.176663031625,0.00271057544371,0.997119903564,0.63766819401,1,"hard"
"attentiongates_dpu_easy_remaining.xmodel","ang20191012t155942_r1395_c500_w151_h151",fraca,51,5,40,262048,0.910714285714,0.56043956044,0.69387755102,0.53125,1.90801097488e-05,0.999828338623,0.716031150241,1,"hard"
"attentiongates_dpu_easy_remaining.xmodel","ang20191017t173348_r6534_c221_w151_h151",fraca,122,533,87,261402,0.186259541985,0.583732057416,0.282407407407,0.164420485175,0.00203485597572,0.997634887695,0.329380879391,1,"hard"
"attentiongates_dpu_easy_remaining.xmodel","ang20191019t150925_r3870_c199_w151_h151",fraca,56,39,381,261668,0.589473684211,0.128146453089,0.210526315789,0.117647058824,0.000149021615776,0.998397827148,0.236216664052,1,"hard"
"attentiongates_dpu_easy_remaining.xmodel","ang20191023t154154_r2212_c386_w151_h151",fraca,2950,131,1724,257339,0.957481337228,0.631151048353,0.760799484204,0.613943808533,0.000508797141415,0.992923736572,0.751645628926,1,"hard"
"attentiongates_dpu_easy_remaining.xmodel","ang20191022t173357_r1714_c356_w151_h151",fraca,643,44,133,261324,0.93595342067,0.828608247423,0.879015721121,0.784146341463,0.000168345015457,0.999324798584,0.883561814651,1,"hard"
"attentiongates_dpu_easy_remaining.xmodel","ang20191017t150903_r13213_c599_w151_h151",fraca,1446,48,860,259790,0.967871485944,0.627059843886,0.761052631579,0.61427357689,0.000184730485918,0.996536254883,0.831529538135,1,"hard"
"attentiongates_dpu_easy_remaining.xmodel","ang20191016t181351_r2486_c336_w151_h151",fraca,329,4,411,261400,0.987987987988,0.444594594595,0.613233923579,0.442204301075,1.53019846674e-05,0.998416900635,0.730941027246,1,"hard"
"attentiongates_dpu_easy_remaining.xmodel","ang20191007t182352_r7110_c565_w151_h151",fraca,711,594,264,260575,0.544827586207,0.729230769231,0.623684210526,0.453154875717,0.00227438938006,0.996726989746,0.762354004865,1,"hard"
"attentiongates_dpu_easy_remaining.xmodel","ang20191010t155034_r9718_c40_w151_h151",fraca,44,5,135,261960,0.897959183673,0.245810055866,0.385964912281,0.239130434783,1.90865191915e-05,0.999465942383,0.498601129865,1,"hard"
"attentiongates_dpu_easy_remaining.xmodel","ang20191016t183045_r8868_c31_w151_h151",fraca,230,8,163,261743,0.966386554622,0.58524173028,0.729001584786,0.573566084788,3.05633980386e-05,0.999347686768,0.835053688902,1,"hard"
"attentiongates_dpu_easy_remaining.xmodel","ang20190928t181405_r7180_c179_w151_h151",fraca,443,216,62,261423,0.672230652504,0.877227722772,0.76116838488,0.614424410541,0.000825564996044,0.99893951416,0.769518225948,1,"hard"
"attentiongates_dpu_easy_remaining.xmodel","ang20190926t180335_r12854_c434_w151_h151",fraca,72,3,33,262036,0.96,0.685714285714,0.8,0.666666666667,1.14486774869e-05,0.999862670898,0.936030680686,1,"hard"
"attentiongates_dpu_easy_remaining.xmodel","ang20191008t172458_r2271_c325_w151_h151",fraca,29,0,57,262058,1,0.337209302326,0.504347826087,0.337209302326,0,0.999782562256,0.608273516598,1,"hard"
"attentiongates_dpu_easy_remaining.xmodel","ang20190927t153023_r6716_c561_w151_h151",fraca,5200,560,1665,254719,0.902777777778,0.757465404224,0.823762376238,0.700336700337,0.00219367828924,0.991512298584,0.850480395241,1,"hard"
"attentiongates_dpu_easy_remaining.xmodel","ang20191011t175712_r4190_c93_w151_h151",fraca,338,14,122,261670,0.960227272727,0.734782608696,0.832512315271,0.713080168776,5.34996407881e-05,0.999481201172,0.911800161885,1,"hard"
"attentiongates_dpu_easy_remaining.xmodel","ang20191016t171023_r5662_c534_w151_h151",fraca,684,42,246,261172,0.942148760331,0.735483870968,0.826086956522,0.703703703704,0.000160787706631,0.998901367188,0.902415878106,1,"hard"
"attentiongates_dpu_easy_remaining.xmodel","ang20190926t220008_r4696_c281_w151_h151",fraca,141,19,59,261925,0.88125,0.705,0.783333333333,0.643835616438,7.25345875454e-05,0.999702453613,0.841612331834,1,"hard"
"attentiongates_dpu_easy_remaining.xmodel","ang20191022t143154_r3356_c748_w151_h151",fraca,980,95,398,260671,0.911627906977,0.711175616836,0.799021606196,0.665308893415,0.000364311298252,0.998119354248,0.865654078599,1,"hard"
"attentiongates_dpu_easy_remaining.xmodel","ang20191016t152245_r5541_c285_w151_h151",fraca,69,2,878,261195,0.971830985915,0.0728616684266,0.135559921415,0.072708113804,7.65705578548e-06,0.996643066406,0.326839040583,1,"hard"
"attentiongates_dpu_easy_remaining.xmodel","ang20191006t160931_r7395_c398_w151_h151",fraca,621,115,196,261212,0.84375,0.760097919217,0.799742433999,0.666309012876,0.000440061685168,0.99881362915,0.86659816241,1,"hard"
"attentiongates_dpu_easy_remaining.xmodel","ang20190926t180335_r1642_c349_w151_h151",fraca,150,620,353,261021,0.194805194805,0.298210735586,0.235663786332,0.13357079252,0.0023696591895,0.996288299561,0.199508081377,1,"hard"
"attentiongates_dpu_easy_remaining.xmodel","ang20190923t163307_r4113_c198_w151_h151",fraca,675,481,309,260679,0.583910034602,0.685975609756,0.630841121495,0.460750853242,0.00184178281513,0.99698638916,0.532908535979,1,"hard"
"attentiongates_dpu_easy_remaining.xmodel","ang20190927t192237_r8612_c512_w151_h151",fraca,4020,330,784,257010,0.924137931034,0.836802664446,0.87830456631,0.783015192832,0.00128235019818,0.995750427246,0.954251546192,1,"hard"
"attentiongates_dpu_easy_remaining.xmodel","ang20191016t162417_r11186_c275_w151_h151",fraca,283,51,198,261612,0.847305389222,0.588357588358,0.694478527607,0.531954887218,0.000194907189782,0.999050140381,0.740335710904,1,"hard"
"attentiongates_dpu_easy_remaining.xmodel","ang20191006t165608_r673_c64_w151_h151",fraca,327,11,58,261748,0.967455621302,0.849350649351,0.904564315353,0.825757575758,4.20233879255e-05,0.999736785889,0.94669541544,1,"hard"
"attentiongates_dpu_easy_remaining.xmodel","ang20191023t165811_r10555_c522_w151_h151",fraca,1908,268,963,259005,0.876838235294,0.664576802508,0.756092728353,0.60783689073,0.00103365950176,0.995304107666,0.820394031612,1,"hard"
"attentiongates_dpu_easy_remaining.xmodel","ang20191017t143318_r9047_c228_w151_h151",fraca,187,29,2660,259268,0.865740740741,0.0656831752722,0.122102513875,0.0650208623088,0.000111840862023,0.989742279053,0.128985333972,1,"hard"
"attentiongates_dpu_easy_remaining.xmodel","ang20191007t195115_r11516_c181_w151_h151",fraca,24,1,95,262024,0.96,0.201680672269,0.333333333333,0.2,3.81642972999e-06,0.999633789062,0.331909513876,1,"hard"
"attentiongates_dpu_easy_remaining.xmodel","ang20191006t183904_r5393_c97_w151_h151",fraca,152,5,58,261929,0.968152866242,0.72380952381,0.828337874659,0.706976744186,1.90887780891e-05,0.999759674072,0.933574840511,1,"hard"
"attentiongates_dpu_easy_remaining.xmodel","ang20190928t183313_r6715_c41_w151_h151",fraca,1596,229,263,260056,0.874520547945,0.858526089295,0.866449511401,0.764367816092,0.000879804829322,0.998123168945,0.814364900697,1,"hard"
"attentiongates_dpu_easy_remaining.xmodel","ang20190926t182043_r12429_c322_w151_h151",fraca,25,144,70,261905,0.147928994083,0.263157894737,0.189393939394,0.10460251046,0.000549515548619,0.999183654785,0.135829446454,1,"hard"
"attentiongates_dpu_easy_remaining.xmodel","ang20191016t193637_r1311_c205_w151_h151",fraca,189,136,360,261459,0.581538461538,0.344262295082,0.432494279176,0.275912408759,0.000519887612531,0.998107910156,0.297402863552,1,"hard"
"attentiongates_dpu_easy_remaining.xmodel","ang20190926t182043_r2258_c245_w151_h151",fraca,220,792,48,261084,0.217391304348,0.820895522388,0.34375,0.207547169811,0.00302433212666,0.996795654297,0.362272722399,1,"hard"
"attentiongates_dpu_easy_remaining.xmodel","ang20190926t184029_r2205_c535_w151_h151",fraca,2086,98,1018,258942,0.955128205128,0.672036082474,0.78895612708,0.651467832605,0.000378319950587,0.995742797852,0.916427777841,1,"hard"
"attentiongates_dpu_easy_remaining.xmodel","ang20191017t182024_r2076_c173_w151_h151",fraca,89,14,233,261808,0.864077669903,0.276397515528,0.418823529412,0.264880952381,5.34714424304e-05,0.999057769775,0.403513283451,1,"hard"
"attentiongates_dpu_easy_remaining.xmodel","ang20191012t154800_r3870_c1399_w151_h151",fraca,0,0,101,262043,0,0,0,0,0,0.999614715576,0.0321886398885,1,"hard"
"attentiongates_dpu_easy_remaining.xmodel","ang20191016t162417_r2337_c13_w151_h151",fraca,1469,41,559,260075,0.972847682119,0.724358974359,0.830412662521,0.710004833253,0.000157621984038,0.997711181641,0.919743093869,1,"hard"
"attentiongates_dpu_easy_remaining.xmodel","ang20191016t153826_r7748_c125_w151_h151",fraca,478,31,909,260726,0.939096267191,0.344628695025,0.504219409283,0.337094499295,0.000118884632052,0.99641418457,0.672696101158,1,"hard"
"attentiongates_dpu_easy_remaining.xmodel","ang20191017t143318_r9463_c250_w151_h151",fraca,118,23,1047,260956,0.836879432624,0.101287553648,0.180704441041,0.0993265993266,8.81296962591e-05,0.995918273926,0.183116071911,1,"hard"
"attentiongates_dpu_easy_remaining.xmodel","ang20190927t151239_r8891_c128_w151_h151",fraca,10301,521,15378,235944,0.951857327666,0.401144904397,0.564422892523,0.393167938931,0.00220328589855,0.939350128174,0.794534095747,1,"hard"
"attentiongates_dpu_easy_remaining.xmodel","ang20191006t155231_r3026_c497_w151_h151",fraca,2043,89,1902,258110,0.958255159475,0.517870722433,0.672371235807,0.506445215667,0.000344695370625,0.992404937744,0.749643788206,1,"hard"
"attentiongates_dpu_easy_remaining.xmodel","ang20191007t195115_r10270_c37_w151_h151",fraca,558,48,421,261117,0.920792079208,0.569969356486,0.704100946372,0.543330087634,0.000183791855723,0.998210906982,0.745688695797,1,"hard"
"attentiongates_dpu_easy_remaining.xmodel","ang20190927t173620_r10796_c542_w151_h151",fraca,476,38,123,261507,0.926070038911,0.794657762938,0.85534591195,0.747252747253,0.000145290485385,0.99938583374,0.899493285567,1,"hard"
"attentiongates_dpu_easy_remaining.xmodel","ang20191016t153826_r1379_c184_w151_h151",fraca,120,302,268,261454,0.284360189573,0.309278350515,0.296296296296,0.173913043478,0.00115374623695,0.997825622559,0.214872647623,1,"hard"
"attentiongates_dpu_easy_remaining.xmodel","ang20191016t155337_r434_c90_w151_h151",fraca,2041,92,509,259502,0.956868260666,0.800392156863,0.871663463592,0.772520817562,0.000354399562394,0.997707366943,0.937187004843,1,"hard"
"attentiongates_dpu_easy_remaining.xmodel","ang20191016t162417_r2247_c531_w151_h151",fraca,1300,65,886,259893,0.952380952381,0.594693504117,0.732188116024,0.577521101733,0.00025004039114,0.9963722229,0.742248232439,1,"hard"
"attentiongates_dpu_easy_remaining.xmodel","ang20191007t200647_r10915_c606_w151_h151",fraca,33,1,249,261861,0.970588235294,0.117021276596,0.208860759494,0.116607773852,3.81880532494e-06,0.999046325684,0.263539009913,1,"hard"
"attentiongates_dpu_easy_remaining.xmodel","ang20190926t184029_r1824_c307_w151_h151",fraca,1309,43,687,260105,0.968195266272,0.655811623246,0.781959378734,0.641981363413,0.000165290526931,0.997215270996,0.838788147278,1,"hard"
"attentiongates_dpu_easy_remaining.xmodel","ang20191013t192848_r3233_c79_w151_h151",fraca,1444,222,1030,259448,0.866746698679,0.583670169766,0.697584541063,0.535608308605,0.000854931258906,0.995223999023,0.77725769188,1,"hard"
"attentiongates_dpu_easy_remaining.xmodel","ang20190926t152524_r7296_c498_w151_h151",fraca,220,124,90,261710,0.639534883721,0.709677419355,0.672782874618,0.506912442396,0.000473582498835,0.999183654785,0.735776501954,1,"hard"
"attentiongates_dpu_easy_remaining.xmodel","ang20191013t192848_r3231_c76_w151_h151",fraca,1412,207,1062,259463,0.872143298332,0.570735650768,0.689958465673,0.526669153301,0.000797165633304,0.99515914917,0.776251034188,1,"hard"
"attentiongates_dpu_easy_remaining.xmodel","ang20191011t175712_r4487_c553_w151_h151",fraca,8,0,185,261951,1,0.0414507772021,0.0796019900498,0.0414507772021,0,0.999294281006,0.187769551172,1,"hard"
"attentiongates_dpu_easy_remaining.xmodel","ang20190926t191417_r12888_c186_w151_h151",fraca,745,41,723,260635,0.947837150127,0.507493188011,0.661047027507,0.493704440027,0.000157283370928,0.997085571289,0.737427372834,1,"hard"
"attentiongates_dpu_easy_remaining.xmodel","ang20190924t165509_r1701_c451_w151_h151",fraca,516,45,833,260750,0.919786096257,0.382505559674,0.540314136126,0.370157819225,0.000172549320347,0.996650695801,0.482993355525,1,"hard"
"attentiongates_dpu_easy_remaining.xmodel","ang20190922t194340_r2642_c324_w151_h151",fraca,421,71,207,261445,0.855691056911,0.670382165605,0.751785714286,0.602288984263,0.000271493904771,0.99893951416,0.865180147241,1,"hard"
"attentiongates_dpu_easy_remaining.xmodel","ang20191016t160914_r2265_c52_w151_h151",fraca,982,35,688,260439,0.965585054081,0.588023952096,0.730926684034,0.575953079179,0.000134370417009,0.997241973877,0.822752181697,1,"hard"
"attentiongates_dpu_easy_remaining.xmodel","ang20191011t191345_r10576_c621_w151_h151",fraca,1202,70,379,260493,0.944968553459,0.76027830487,0.842621801612,0.728043609933,0.000268649040731,0.998287200928,0.925327460072,1,"hard"
"attentiongates_dpu_easy_remaining.xmodel","ang20191016t153826_r8086_c273_w151_h151",fraca,540,353,381,260870,0.60470324748,0.586319218241,0.595369349504,0.423861852433,0.00135133583184,0.997200012207,0.633145388968,1,"hard"
"attentiongates_dpu_easy_remaining.xmodel","ang20191022t183431_r2737_c338_w151_h151",fraca,809,693,289,260353,0.53861517976,0.73679417122,0.622307692308,0.451702959241,0.00265470453483,0.996253967285,0.640951584948,1,"hard"
"attentiongates_dpu_easy_remaining.xmodel","ang20191019t153454_r3851_c253_w151_h151",fraca,549,47,180,261368,0.921140939597,0.753086419753,0.828679245283,0.707474226804,0.000179790754165,0.999134063721,0.924347549845,1,"hard"
"attentiongates_dpu_easy_remaining.xmodel","ang20191017t144928_r8854_c566_w151_h151",fraca,758,55,523,260808,0.932349323493,0.591725214676,0.723973256925,0.567365269461,0.000210838639439,0.99779510498,0.81971033705,1,"hard"
"attentiongates_dpu_easy_remaining.xmodel","ang20191011t182731_r7883_c390_w151_h151",fraca,245,15,207,261677,0.942307692308,0.54203539823,0.688202247191,0.524625267666,5.73192913807e-05,0.999153137207,0.655962116128,1,"hard"
"attentiongates_dpu_easy_remaining.xmodel","ang20190926t160016_r9206_c85_w151_h151",fraca,120,9,114,261901,0.93023255814,0.512820512821,0.661157024793,0.493827160494,3.43629491047e-05,0.999530792236,0.601698279918,1,"hard"
"attentiongates_dpu_easy_remaining.xmodel","ang20191017t150903_r3099_c488_w151_h151",fraca,237,49,635,261223,0.828671328671,0.271788990826,0.40932642487,0.257328990228,0.000187544015432,0.99739074707,0.386025063318,1,"hard"
"attentiongates_dpu_easy_remaining.xmodel","ang20190926t193117_r7793_c333_w151_h151",fraca,737,61,155,261191,0.923558897243,0.826233183857,0.872189349112,0.773347324239,0.000233491035475,0.999176025391,0.931594139949,1,"hard"
"attentiongates_dpu_easy_remaining.xmodel","ang20191016t163955_r6769_c182_w151_h151",fraca,305,91,118,261630,0.770202020202,0.721040189125,0.744810744811,0.593385214008,0.000347698503368,0.999202728271,0.748541228583,1,"hard"
"attentiongates_dpu_easy_remaining.xmodel","ang20191016t190528_r9072_c384_w151_h151",fraca,135,21,535,261453,0.865384615385,0.201492537313,0.326876513317,0.195369030391,8.03139126644e-05,0.99787902832,0.496874247456,1,"hard"
"attentiongates_dpu_easy_remaining.xmodel","ang20190926t171159_r775_c533_w151_h151",fraca,281,14,45,261804,0.952542372881,0.861963190184,0.90499194847,0.826470588235,5.34722593557e-05,0.999774932861,0.9725471971,1,"hard"
"attentiongates_dpu_easy_remaining.xmodel","ang20191022t151202_r6600_c534_w151_h151",fraca,1577,151,598,259818,0.912615740741,0.725057471264,0.808096336152,0.677987962167,0.000580838484589,0.997142791748,0.859681461594,1,"hard"
"attentiongates_dpu_easy_remaining.xmodel","ang20191007t193705_r8017_c464_w151_h151",fraca,34,224,18,261868,0.131782945736,0.653846153846,0.21935483871,0.123188405797,0.000854661721838,0.999076843262,0.329934942488,1,"hard"
"attentiongates_dpu_easy_remaining.xmodel","ang20191006t182329_r9647_c559_w151_h151",fraca,137,9,158,261840,0.938356164384,0.464406779661,0.621315192744,0.450657894737,3.43709542523e-05,0.999362945557,0.602050672192,1,"hard"
"attentiongates_dpu_easy_remaining.xmodel","ang20191007t182352_r2873_c280_w151_h151",fraca,181,11,162,261790,0.942708333333,0.527696793003,0.676635514019,0.511299435028,4.20166462313e-05,0.999340057373,0.704864637265,1,"hard"
"attentiongates_dpu_easy_remaining.xmodel","ang20190926t180335_r6486_c221_w151_h151",fraca,299,140,79,261626,0.681093394077,0.791005291005,0.731946144431,0.57722007722,0.000534828816577,0.999164581299,0.815419320605,1,"hard"
"attentiongates_dpu_easy_remaining.xmodel","ang20191016t171023_r4585_c535_w151_h151",fraca,0,103,581,261460,0,0,0,0,0.000393786582965,0.99739074707,0.00231391878644,1,"hard"
"attentiongates_dpu_easy_remaining.xmodel","ang20191017t143318_r4889_c126_w151_h151",fraca,17,4,166,261957,0.809523809524,0.0928961748634,0.166666666667,0.0909090909091,1.52694485057e-05,0.999351501465,0.248765760169,1,"hard"
"attentiongates_dpu_easy_remaining.xmodel","ang20191010t182147_r3340_c343_w151_h151",fraca,28,0,136,261980,1,0.170731707317,0.291666666667,0.170731707317,0,0.999481201172,0.39080340376,1,"hard"
"attentiongates_dpu_easy_remaining.xmodel","ang20190927t153023_r9123_c574_w151_h151",fraca,14821,661,20720,225942,0.957305257719,0.417011339017,0.580953687553,0.409397270869,0.00291699580323,0.918437957764,0.802514991933,1,"hard"
"attentiongates_dpu_easy_remaining.xmodel","ang20190926t221757_r7279_c469_w151_h151",fraca,319,10,240,261575,0.969604863222,0.570661896243,0.718468468468,0.560632688928,3.82284916949e-05,0.999046325684,0.730895994232,1,"hard"
"attentiongates_dpu_easy_remaining.xmodel","ang20191007t182352_r4062_c150_w151_h151",fraca,289,17,230,261608,0.944444444444,0.556840077071,0.700606060606,0.539179104478,6.49784997611e-05,0.999057769775,0.772533899437,1,"hard"
"attentiongates_dpu_easy_remaining.xmodel","ang20191016t165454_r11626_c190_w151_h151",fraca,53,21,66,262004,0.716216216216,0.445378151261,0.549222797927,0.378571428571,8.01450243297e-05,0.999668121338,0.599712780488,1,"hard"
"attentiongates_dpu_easy_remaining.xmodel","ang20191017t163235_r2177_c515_w151_h151",fraca,83,1101,23,260937,0.0701013513514,0.783018867925,0.128682170543,0.0687655343828,0.00420168067227,0.995712280273,0.181424700211,1,"hard"
"attentiongates_dpu_easy_remaining.xmodel","ang20191022t173357_r1586_c16_w151_h151",fraca,1361,1645,129,259009,0.452761144378,0.913422818792,0.605427046263,0.434130781499,0.00631104836296,0.993232727051,0.681363255229,1,"hard"
"attentiongates_dpu_easy_remaining.xmodel","ang20191022t154405_r5330_c81_w151_h151",fraca,943,360,440,260401,0.723714504988,0.681851048445,0.702159344751,0.541021227768,0.00138057454911,0.996948242188,0.730284090144,1,"hard"
"attentiongates_dpu_easy_remaining.xmodel","ang20191023t151141_r8386_c150_w151_h151",fraca,5566,317,1566,254695,0.946115927248,0.780426247897,0.855320783711,0.747214391193,0.00124307875708,0.992816925049,0.918002550175,1,"hard"
"attentiongates_dpu_easy_remaining.xmodel","ang20190926t180335_r2957_c57_w151_h151",fraca,73,16,40,262015,0.820224719101,0.646017699115,0.722772277228,0.565891472868,6.10614774588e-05,0.999786376953,0.799507737031,1,"hard"
"attentiongates_dpu_easy_remaining.xmodel","ang20191022t175031_r6343_c57_w151_h151",fraca,819,95,736,260494,0.896061269147,0.526688102894,0.663426488457,0.496363636364,0.000364558749602,0.996829986572,0.66899795607,1,"hard"
"attentiongates_dpu_easy_remaining.xmodel","ang20190926t154314_r9104_c74_w151_h151",fraca,641,50,221,261232,0.927641099855,0.743619489559,0.825499034127,0.702850877193,0.000191364119993,0.998966217041,0.883558160095,1,"hard"
"attentiongates_dpu_easy_remaining.xmodel","ang20191022t143154_r7282_c503_w151_h151",fraca,313,48,48,261735,0.86703601108,0.86703601108,0.86703601108,0.765281173594,0.000183357972061,0.999633789062,0.904263213709,1,"hard"
"attentiongates_dpu_easy_remaining.xmodel","ang20191023t191942_r3519_c447_w151_h151",fraca,734,59,102,261249,0.925598991173,0.877990430622,0.90116635973,0.820111731844,0.000225787193657,0.99938583374,0.96231802682,1,"hard"
"attentiongates_dpu_easy_remaining.xmodel","ang20190926t191417_r10036_c194_w151_h151",fraca,519,48,372,261205,0.915343915344,0.582491582492,0.711934156379,0.552715654952,0.000183729947599,0.998397827148,0.787082419956,1,"hard"
"attentiongates_dpu_easy_remaining.xmodel","ang20191011t163647_r354_c83_w151_h151",fraca,72,2,180,261890,0.972972972973,0.285714285714,0.441717791411,0.283464566929,7.63673575367e-06,0.999305725098,0.555407950264,1,"hard"
"attentiongates_dpu_easy_remaining.xmodel","ang20191006t191332_r2114_c180_w151_h151",fraca,609,1076,399,260060,0.361424332344,0.604166666667,0.452283698478,0.292226487524,0.00412045830525,0.994373321533,0.593549934307,1,"hard"
"attentiongates_dpu_easy_remaining.xmodel","ang20191007t200647_r10362_c627_w151_h151",fraca,91,2,615,261436,0.978494623656,0.128895184136,0.227784730914,0.128531073446,7.6499973225e-06,0.997646331787,0.203298678803,1,"hard"
"attentiongates_dpu_easy_remaining.xmodel","ang20191011t185825_r8145_c97_w151_h151",fraca,821,34,654,260635,0.960233918129,0.556610169492,0.704721030043,0.544068919814,0.000130433615044,0.997375488281,0.818726625002,1,"hard"
"attentiongates_dpu_easy_remaining.xmodel","ang20191005t215301_r8757_c532_w151_h151",fraca,72,11,78,261983,0.867469879518,0.48,0.618025751073,0.447204968944,4.19856943289e-05,0.999660491943,0.817048572938,1,"hard"
"attentiongates_dpu_easy_remaining.xmodel","ang20190928t181405_r8846_c135_w151_h151",fraca,575,26,180,261363,0.956738768719,0.761589403974,0.84808259587,0.736235595391,9.94686080899e-05,0.999214172363,0.905069215845,1,"hard"
"attentiongates_dpu_easy_remaining.xmodel","ang20191022t143154_r5314_c1047_w151_h151",fraca,104,9,275,261756,0.920353982301,0.274406332454,0.422764227642,0.268041237113,3.43819838405e-05,0.998916625977,0.471262507805,1,"hard"
"attentiongates_dpu_easy_remaining.xmodel","ang20190927t153023_r2162_c181_w151_h151",fraca,2446,168,3184,256346,0.935730680949,0.434458259325,0.593401261524,0.42186961021,0.000654935013294,0.987213134766,0.579353761839,1,"hard"
"attentiongates_dpu_easy_remaining.xmodel","ang20191007t190840_r1369_c202_w151_h151",fraca,358,19,126,261641,0.949602122016,0.739669421488,0.831591173055,0.711729622266,7.26133149889e-05,0.999446868896,0.838346560916,1,"hard"
"attentiongates_dpu_easy_remaining.xmodel","ang20191011t165345_r3599_c176_w151_h151",fraca,30,1,728,261385,0.967741935484,0.0395778364116,0.0760456273764,0.0395256916996,3.82575960457e-06,0.997219085693,0.380358415283,1,"hard"
"attentiongates_dpu_easy_remaining.xmodel","ang20191022t164918_r1507_c358_w151_h151",fraca,516,12,481,261135,0.977272727273,0.517552657974,0.676721311475,0.511397423191,4.59511309722e-05,0.998119354248,0.763167681463,1,"hard"
"attentiongates_dpu_easy_remaining.xmodel","ang20191016t162417_r2322_c147_w151_h151",fraca,1684,124,344,259992,0.931415929204,0.830374753452,0.877997914494,0.782527881041,0.000476710390749,0.99821472168,0.942970954882,1,"hard"
"attentiongates_dpu_easy_remaining.xmodel","ang20191017t150903_r8845_c81_w151_h151",fraca,762,44,2972,258366,0.94540942928,0.20407070166,0.335682819383,0.201694017999,0.000170272048295,0.988494873047,0.339770193382,1,"hard"
"attentiongates_dpu_easy_remaining.xmodel","ang20191019t171416_r11067_c328_w151_h151",fraca,285,147,348,261364,0.659722222222,0.450236966825,0.535211267606,0.365384615385,0.000562117845903,0.998111724854,0.50862550911,1,"hard"
"attentiongates_dpu_easy_remaining.xmodel","ang20190927t194104_r7290_c459_w151_h151",fraca,236,6,445,261457,0.97520661157,0.346549192364,0.511375947996,0.343522561863,2.29477975851e-05,0.998279571533,0.759512566416,1,"hard"
"attentiongates_dpu_easy_remaining.xmodel","ang20190926t160016_r12847_c313_w151_h151",fraca,428,47,490,261179,0.901052631579,0.466230936819,0.614501076813,0.443523316062,0.000179920834833,0.997951507568,0.581038992887,1,"hard"
"attentiongates_dpu_easy_remaining.xmodel","ang20191016t195058_r346_c638_w151_h151",fraca,1475,61,1582,259026,0.960286458333,0.482499182205,0.642281733072,0.473059653624,0.000235442148776,0.993732452393,0.716925253342,1,"hard"
"attentiongates_dpu_easy_remaining.xmodel","ang20191017t143318_r9514_c463_w151_h151",fraca,47,14,1118,260965,0.770491803279,0.0403433476395,0.0766721044046,0.0398642917727,5.36441629403e-05,0.995681762695,0.11946320953,1,"hard"
"attentiongates_dpu_easy_remaining.xmodel","ang20190927t145113_r835_c88_w151_h151",fraca,613,379,1037,260115,0.617943548387,0.371515151515,0.464042392127,0.302119270577,0.0014549279446,0.994598388672,0.406429379429,1,"hard"
"attentiongates_dpu_easy_remaining.xmodel","ang20191013t164602_r3340_c231_w151_h151",fraca,2343,195,515,259091,0.9231678487,0.819804058782,0.868421052632,0.767441860465,0.00075206528698,0.997291564941,0.922792392571,1,"hard"
"attentiongates_dpu_easy_remaining.xmodel","ang20190928t185111_r6871_c424_w151_h151",fraca,125,399,52,261568,0.238549618321,0.706214689266,0.356633380884,0.217013888889,0.00152309260327,0.998279571533,0.366302748421,1,"hard"
"attentiongates_dpu_easy_remaining.xmodel","ang20191016t163955_r3985_c131_w151_h151",fraca,230,5837,185,255892,0.0379100049448,0.55421686747,0.0709657513113,0.0367882277671,0.0223016937367,0.977027893066,0.0967793983737,1,"hard"
"attentiongates_dpu_easy_remaining.xmodel","ang20191022t162321_r6674_c142_w151_h151",fraca,633,24,190,261297,0.963470319635,0.769137302552,0.855405405405,0.747343565525,9.184106903e-05,0.999183654785,0.887560455872,1,"hard"
"attentiongates_dpu_easy_remaining.xmodel","ang20191012t154407_r1807_c59_w151_h151",fraca,51,6,102,261985,0.894736842105,0.333333333333,0.485714285714,0.320754716981,2.29015500532e-05,0.999588012695,0.500632304848,1,"hard"
"attentiongates_dpu_easy_remaining.xmodel","ang20190926t193117_r1329_c205_w151_h151",fraca,155,24,22,261943,0.865921787709,0.875706214689,0.870786516854,0.771144278607,9.16145926777e-05,0.999824523926,0.93849192492,1,"hard"
"attentiongates_dpu_easy_remaining.xmodel","ang20191011t165345_r5573_c276_w151_h151",fraca,56,5,68,262015,0.918032786885,0.451612903226,0.605405405405,0.434108527132,1.90825127853e-05,0.9997215271,0.691524675118,1,"hard"
"attentiongates_dpu_easy_remaining.xmodel","ang20190927t153023_r6341_c268_w151_h151",fraca,1602,193,3327,257022,0.892479108635,0.325015216068,0.476502082094,0.312768449824,0.000750345042085,0.986572265625,0.416734784803,1,"hard"
"attentiongates_dpu_easy_remaining.xmodel","ang20191011t181301_r3141_c49_w151_h151",fraca,5570,266,1684,254624,0.954420836189,0.767852219465,0.85103132162,0.740691489362,0.00104358742987,0.992561340332,0.923709748305,1,"hard"
"attentiongates_dpu_easy_remaining.xmodel","ang20190923t170747_r8630_c560_w151_h151",fraca,543,49,90,261462,0.91722972973,0.857819905213,0.886530612245,0.796187683284,0.000187372615301,0.99946975708,0.942789862652,1,"hard"
"attentiongates_dpu_easy_remaining.xmodel","ang20191006t183904_r6303_c119_w151_h151",fraca,277,3,574,261290,0.989285714286,0.325499412456,0.489832007073,0.324355971897,1.14813638329e-05,0.997798919678,0.71775701711,1,"hard"
"attentiongates_dpu_easy_remaining.xmodel","ang20191016t152245_r6006_c345_w151_h151",fraca,210,25,340,261569,0.893617021277,0.381818181818,0.535031847134,0.365217391304,9.55679411607e-05,0.998607635498,0.523037492625,1,"hard"
"attentiongates_dpu_easy_remaining.xmodel","ang20191007t180411_r4476_c78_w151_h151",fraca,45,1,26,262072,0.978260869565,0.633802816901,0.769230769231,0.625,3.81573073151e-06,0.999897003174,0.811976959663,1,"hard"
"attentiongates_dpu_easy_remaining.xmodel","ang20190926t184029_r11014_c285_w151_h151",fraca,241,12,53,261838,0.95256916996,0.819727891156,0.881170018282,0.787581699346,4.5827763987e-05,0.999752044678,0.930200143479,1,"hard"
"attentiongates_dpu_easy_remaining.xmodel","ang20190923t183439_r13105_c371_w151_h151",fraca,522,26,111,261485,0.952554744526,0.824644549763,0.88399661304,0.792109256449,9.94222040373e-05,0.999477386475,0.945545370295,1,"hard"
"attentiongates_dpu_easy_remaining.xmodel","ang20191007t180411_r7473_c341_w151_h151",fraca,94,352,214,261484,0.210762331839,0.305194805195,0.249336870027,0.142424242424,0.00134435295376,0.997840881348,0.139510788813,1,"hard"
"attentiongates_dpu_easy_remaining.xmodel","ang20191007t184008_r2619_c339_w151_h151",fraca,145,6,282,261711,0.960264900662,0.339578454333,0.501730103806,0.334872979215,2.29255264274e-05,0.998901367188,0.643874646246,1,"hard"
"attentiongates_dpu_easy_remaining.xmodel","ang20191008t165855_r5992_c1_w151_h151",fraca,184,7,130,261823,0.96335078534,0.585987261146,0.728712871287,0.573208722741,2.67349043272e-05,0.999477386475,0.871555500996,1,"hard"
"attentiongates_dpu_easy_remaining.xmodel","ang20191006t185838_r8904_c97_w151_h151",fraca,79,3,95,261967,0.963414634146,0.454022988506,0.6171875,0.446327683616,1.14516929419e-05,0.999626159668,0.636621637369,1,"hard"
"attentiongates_dpu_easy_remaining.xmodel","ang20190926t163428_r5577_c404_w151_h151",fraca,1664,231,609,259640,0.878100263852,0.732072151342,0.798464491363,0.664536741214,0.000888902570891,0.996795654297,0.83255781242,1,"hard"
"attentiongates_dpu_easy_remaining.xmodel","ang20191007t200647_r540_c477_w151_h151",fraca,55,6,899,261184,0.901639344262,0.0576519916143,0.108374384236,0.0572916666667,2.29717829932e-05,0.996547698975,0.135716526173,1,"hard"
"attentiongates_dpu_easy_remaining.xmodel","ang20191010t192008_r3313_c356_w151_h151",fraca,6,1561,13,260564,0.00382897255903,0.315789473684,0.00756620428752,0.00379746835443,0.00595517405818,0.993995666504,0.00497399004958,1,"hard"
"attentiongates_dpu_easy_remaining.xmodel","ang20191007t184008_r2975_c285_w151_h151",fraca,266,12,207,261659,0.956834532374,0.562367864693,0.708388814913,0.548453608247,4.58591131612e-05,0.999164581299,0.789522776809,1,"hard"
"attentiongates_dpu_easy_remaining.xmodel","ang20191022t172245_r2586_c225_w151_h151",fraca,996,278,896,259974,0.781789638932,0.526427061311,0.629185091598,0.458986175115,0.00106819544134,0.99552154541,0.629471164186,1,"hard"
"attentiongates_dpu_easy_remaining.xmodel","ang20191011t161719_r6115_c144_w151_h151",fraca,70,4,86,261984,0.945945945946,0.448717948718,0.608695652174,0.4375,1.52678748645e-05,0.999656677246,0.710224987681,1,"hard"
"attentiongates_dpu_easy_remaining.xmodel","ang20191006t183904_r10569_c449_w151_h151",fraca,116,9,22,261997,0.928,0.840579710145,0.882129277567,0.789115646259,3.43503583887e-05,0.999881744385,0.933344980204,1,"hard"
"attentiongates_dpu_easy_remaining.xmodel","ang20191022t175031_r6353_c295_w151_h151",fraca,6723,2968,4384,248069,0.693736456506,0.605293958765,0.646504471584,0.477655417407,0.0118229583687,0.971954345703,0.676534175522,1,"hard"
"attentiongates_dpu_easy_remaining.xmodel","ang20191011t172641_r179_c220_w151_h151",fraca,64,1,145,261934,0.984615384615,0.306220095694,0.467153284672,0.304761904762,3.81774104263e-06,0.999443054199,0.549256216082,1,"hard"
"attentiongates_dpu_easy_remaining.xmodel","ang20191016t153826_r1356_c178_w151_h151",fraca,164,339,206,261435,0.326043737575,0.443243243243,0.375715922108,0.231311706629,0.00129501019964,0.99792098999,0.300819347708,1,"hard"
"attentiongates_dpu_easy_remaining.xmodel","ang20190923t174142_r9678_c231_w151_h151",fraca,711,49,132,261252,0.935526315789,0.843416370107,0.887086712414,0.797085201794,0.000187523201212,0.999309539795,0.952377039213,1,"hard"
"attentiongates_dpu_easy_remaining.xmodel","ang20191017t152518_r13050_c28_w151_h151",fraca,8834,624,8041,244645,0.934024106576,0.523496296296,0.670945201838,0.504828847363,0.0025441454077,0.966945648193,0.7605820877,1,"hard"
"attentiongates_dpu_easy_remaining.xmodel","ang20190923t181729_r13645_c146_w151_h151",fraca,214,12,210,261708,0.946902654867,0.504716981132,0.658461538462,0.490825688073,4.58505272811e-05,0.999153137207,0.572370988608,1,"hard"
"attentiongates_dpu_easy_remaining.xmodel","ang20191017t143318_r8893_c327_w151_h151",fraca,229,55,2983,258877,0.806338028169,0.071295143213,0.131006864989,0.0700948882767,0.000212410980489,0.988410949707,0.120057269359,1,"hard"
"attentiongates_dpu_easy_remaining.xmodel","ang20191019t181857_r7183_c429_w151_h151",fraca,275,17,694,261158,0.941780821918,0.283797729618,0.436161776368,0.278904665314,6.50904565904e-05,0.997287750244,0.530473254014,1,"hard"
"attentiongates_dpu_easy_remaining.xmodel","ang20191011t161719_r5682_c416_w151_h151",fraca,35,2,109,261998,0.945945945946,0.243055555556,0.386740331492,0.239726027397,7.63358778626e-06,0.999576568604,0.427794912516,1,"hard"
"attentiongates_dpu_easy_remaining.xmodel","ang20191007t195115_r7694_c541_w151_h151",fraca,21,0,139,261984,1,0.13125,0.232044198895,0.13125,0,0.99946975708,0.312121543632,1,"hard"
"attentiongates_dpu_easy_remaining.xmodel","ang20191006t172739_r6883_c446_w151_h151",fraca,552,51,459,261082,0.915422885572,0.545994065282,0.684014869888,0.519774011299,0.000195302776746,0.998054504395,0.800045927716,1,"hard"
"attentiongates_dpu_easy_remaining.xmodel","ang20190926t191417_r7600_c530_w151_h151",fraca,67,1,214,261862,0.985294117647,0.238434163701,0.383954154728,0.237588652482,3.81879074172e-06,0.999179840088,0.643346769665,1,"hard"
"attentiongates_dpu_easy_remaining.xmodel","ang20191017t183448_r2833_c207_w151_h151",fraca,133,8,154,261849,0.943262411348,0.463414634146,0.621495327103,0.450847457627,3.05510259416e-05,0.999382019043,0.564581217638,1,"hard"
"attentiongates_dpu_easy_remaining.xmodel","ang20191006t172739_r2847_c436_w151_h151",fraca,1381,89,977,259697,0.939455782313,0.58566581849,0.721525600836,0.564364527993,0.000342589669959,0.995933532715,0.759420505338,1,"hard"
"attentiongates_dpu_easy_remaining.xmodel","ang20191007t184008_r2727_c199_w151_h151",fraca,368,74,459,261243,0.83257918552,0.444981862152,0.579984239559,0.408435072142,0.000283180964116,0.997966766357,0.644553178109,1,"hard"
"attentiongates_dpu_easy_remaining.xmodel","ang20190928t193847_r4815_c480_w151_h151",fraca,45,3,89,262007,0.9375,0.335820895522,0.494505494505,0.328467153285,1.14499446586e-05,0.999649047852,0.594180244633,1,"hard"
"attentiongates_dpu_easy_remaining.xmodel","ang20190927t190436_r8129_c169_w151_h151",fraca,438,54,95,261557,0.890243902439,0.821763602251,0.854634146341,0.746166950596,0.000206413338889,0.999431610107,0.916830740222,1,"hard"
"attentiongates_dpu_easy_remaining.xmodel","ang20190926t191417_r1772_c223_w151_h151",fraca,2636,128,367,259013,0.953690303907,0.877788877789,0.914166811167,0.841903545193,0.000493939592731,0.998111724854,0.964586629885,1,"hard"
"attentiongates_dpu_easy_remaining.xmodel","ang20191010t152203_r15617_c225_w151_h151",fraca,38,20,56,262030,0.655172413793,0.404255319149,0.5,0.333333333333,7.63213127266e-05,0.999710083008,0.515386757953,1,"hard"
"attentiongates_dpu_easy_remaining.xmodel","ang20191016t150743_r8540_c205_w151_h151",fraca,0,439,1,261704,0,0,0,0,0.00167465848792,0.998321533203,3.89109600501e-06,1,"hard"
"attentiongates_dpu_easy_remaining.xmodel","ang20191011t184311_r7918_c580_w151_h151",fraca,131,315,51,261647,0.293721973094,0.71978021978,0.417197452229,0.263581488934,0.00120246447958,0.998603820801,0.373300680044,1,"hard"
"attentiongates_dpu_easy_remaining.xmodel","ang20191007t180411_r8343_c334_w151_h151",fraca,3,0,147,261994,1,0.02,0.0392156862745,0.02,0,0.999439239502,0.183725696385,1,"hard"
"attentiongates_dpu_easy_remaining.xmodel","ang20191005t210402_r2602_c488_w151_h151",fraca,62,14,40,262028,0.815789473684,0.607843137255,0.696629213483,0.534482758621,5.34265499424e-05,0.999794006348,0.776454333513,1,"hard"
"attentiongates_dpu_easy_remaining.xmodel","ang20191017t161837_r6209_c247_w151_h151",fraca,1180,118,186,260660,0.909090909091,0.86383601757,0.885885885886,0.795148247978,0.000452492158081,0.998840332031,0.89514357458,1,"hard"
"attentiongates_dpu_easy_remaining.xmodel","ang20191006t182329_r7678_c336_w151_h151",fraca,0,14,132,261998,0,0,0,0,5.34326672061e-05,0.999443054199,0.289943188526,1,"hard"
"attentiongates_dpu_easy_remaining.xmodel","ang20191017t183448_r7319_c440_w151_h151",fraca,556,30,380,261178,0.948805460751,0.594017094017,0.73061760841,0.575569358178,0.000114850999969,0.998435974121,0.796778407873,1,"hard"
"attentiongates_dpu_easy_remaining.xmodel","ang20191017t150903_r3005_c424_w151_h151",fraca,21,3,851,261269,0.875,0.0240825688073,0.046875,0.024,1.14822866591e-05,0.996742248535,0.098096412225,1,"hard"
"attentiongates_dpu_easy_remaining.xmodel","ang20191010t161700_r7551_c0_w151_h151",fraca,0,0,231,261913,0,0,0,0,0,0.999118804932,0.0859992245116,1,"hard"
"attentiongates_dpu_easy_remaining.xmodel","ang20191008t190449_r8485_c615_w151_h151",fraca,57,10,47,262030,0.850746268657,0.548076923077,0.666666666667,0.5,3.81621126546e-05,0.999782562256,0.791536392208,1,"hard"
"attentiongates_dpu_easy_remaining.xmodel","ang20190927t192237_r7830_c232_w151_h151",fraca,109,427,100,261508,0.203358208955,0.521531100478,0.292617449664,0.171383647799,0.0016301754252,0.997989654541,0.341345789853,1,"hard"
"attentiongates_dpu_easy_remaining.xmodel","ang20190926t221757_r11914_c644_w151_h151",fraca,84,12,58,261990,0.875,0.591549295775,0.705882352941,0.545454545455,4.58011770903e-05,0.999732971191,0.763370056258,1,"hard"
"attentiongates_dpu_easy_remaining.xmodel","ang20191017t170330_r6636_c139_w151_h151",fraca,191,36,147,261770,0.84140969163,0.565088757396,0.67610619469,0.510695187166,0.000137506397867,0.9993019104,0.698764602505,1,"hard"
"attentiongates_dpu_easy_remaining.xmodel","ang20191011t185825_r1341_c130_w151_h151",fraca,601,622,591,260330,0.491414554374,0.504194630872,0.497722567288,0.331312017641,0.00238358012201,0.995372772217,0.366734502202,1,"hard"
"attentiongates_dpu_easy_remaining.xmodel","ang20191022t173357_r862_c86_w151_h151",fraca,2707,171,16754,242512,0.940583738707,0.139098710241,0.242356417029,0.137887123064,0.000704622903129,0.935436248779,0.486105305346,1,"hard"
"attentiongates_dpu_easy_remaining.xmodel","ang20191011t182731_r2234_c17_w151_h151",fraca,55,2,90,261997,0.964912280702,0.379310344828,0.544554455446,0.374149659864,7.6336169222e-06,0.999649047852,0.65103008321,1,"hard"
"attentiongates_dpu_easy_remaining.xmodel","ang20191006t171344_r11295_c136_w151_h151",fraca,100,8,40,261996,0.925925925926,0.714285714286,0.806451612903,0.675675675676,3.05338849789e-05,0.999816894531,0.903249681157,1,"hard"
"attentiongates_dpu_easy_remaining.xmodel","ang20191019t171416_r1650_c325_w151_h151",fraca,229,22,31,261862,0.91235059761,0.880769230769,0.896281800391,0.812056737589,8.4006659437e-05,0.999797821045,0.945352876126,1,"hard"
"attentiongates_dpu_easy_remaining.xmodel","ang20190924t193726_r2271_c283_w151_h151",fraca,1876,77,1918,258273,0.960573476703,0.494464944649,0.652862362972,0.484629294756,0.000298045287401,0.992389678955,0.693926471539,1,"hard"
"attentiongates_dpu_easy_remaining.xmodel","ang20191017t183448_r4263_c115_w151_h151",fraca,153,789,37,261165,0.162420382166,0.805263157895,0.270318021201,0.156281920327,0.00301197920246,0.996849060059,0.297905224698,1,"hard"
"attentiongates_dpu_easy_remaining.xmodel","ang20190926t163428_r3651_c282_w151_h151",fraca,2573,752,478,258341,0.773834586466,0.843330055719,0.807089084065,0.676571128057,0.00290243271721,0.995307922363,0.798408193895,1,"hard"
"attentiongates_dpu_easy_remaining.xmodel","ang20191007t180411_r8333_c435_w151_h151",fraca,57,14,93,261980,0.802816901408,0.38,0.515837104072,0.34756097561,5.34363382368e-05,0.999591827393,0.577296974201,1,"hard"
"attentiongates_dpu_easy_remaining.xmodel","ang20191008t165855_r16764_c566_w151_h151",fraca,7,0,70,262067,1,0.0909090909091,0.166666666667,0.0909090909091,0,0.999732971191,0.607763622535,1,"hard"
"attentiongates_dpu_easy_remaining.xmodel","ang20191022t164918_r3781_c445_w151_h151",fraca,244,204,86,261610,0.544642857143,0.739393939394,0.627249357326,0.456928838951,0.000779179111889,0.998893737793,0.626069683396,1,"hard"
"attentiongates_dpu_easy_remaining.xmodel","ang20191016t172526_r4916_c28_w151_h151",fraca,211,8,715,261210,0.963470319635,0.227861771058,0.368558951965,0.22591006424,3.06257608587e-05,0.997241973877,0.590293373598,1,"hard"
"attentiongates_dpu_easy_remaining.xmodel","ang20191022t150110_r1541_c384_w151_h151",fraca,647,206,347,260944,0.758499413834,0.650905432596,0.700595560368,0.539166666667,0.000788818686579,0.997890472412,0.718375726159,1,"hard"
"attentiongates_dpu_easy_remaining.xmodel","ang20191017t163235_r8530_c81_w151_h151",fraca,464,806,111,260763,0.365354330709,0.806956521739,0.50298102981,0.335988414193,0.00308140490654,0.996501922607,0.770621663985,1,"hard"
"attentiongates_dpu_easy_remaining.xmodel","ang20191016t165454_r399_c429_w151_h151",fraca,745,25,1014,260360,0.967532467532,0.423536100057,0.589165678134,0.417600896861,9.60116750197e-05,0.996036529541,0.595052711027,1,"hard"
"attentiongates_dpu_easy_remaining.xmodel","ang20190926t163428_r10145_c601_w151_h151",fraca,74,2,31,262037,0.973684210526,0.704761904762,0.817679558011,0.691588785047,7.63245165796e-06,0.99987411499,0.903587367083,1,"hard"
"attentiongates_dpu_easy_remaining.xmodel","ang20191007t180411_r238_c97_w151_h151",fraca,72,4,366,261702,0.947368421053,0.164383561644,0.280155642023,0.162895927602,1.52843266872e-05,0.998588562012,0.346306976212,1,"hard"
"attentiongates_dpu_easy_remaining.xmodel","ang20190928t190948_r9684_c338_w151_h151",fraca,85,6,85,261968,0.934065934066,0.5,0.651340996169,0.482954545455,2.29030361792e-05,0.999652862549,0.73296859803,1,"hard"
"attentiongates_dpu_easy_remaining.xmodel","ang20190923t163307_r2796_c346_w151_h151",fraca,61,6,55,262022,0.910447761194,0.525862068966,0.666666666667,0.5,2.28983162105e-05,0.999767303467,0.769157303627,1,"hard"
"attentiongates_dpu_easy_remaining.xmodel","ang20191022t172245_r770_c271_w151_h151",fraca,390,30,103,261621,0.928571428571,0.79107505071,0.854326396495,0.74569789675,0.000114656546316,0.999492645264,0.928018111173,1,"hard"
"attentiongates_dpu_easy_remaining.xmodel","ang20190923t174142_r13784_c155_w151_h151",fraca,129,8,50,261957,0.941605839416,0.720670391061,0.816455696203,0.689839572193,3.05384307064e-05,0.999778747559,0.905406813138,1,"hard"
"attentiongates_dpu_easy_remaining.xmodel","ang20191022t184525_r1727_c394_w151_h151",fraca,657,154,453,260880,0.810110974106,0.591891891892,0.684018740239,0.519778481013,0.000589961460959,0.99768447876,0.743129732869,1,"hard"
"attentiongates_dpu_easy_remaining.xmodel","ang20191022t194233_r2576_c381_w151_h151",fraca,1687,962,828,258667,0.63684409211,0.670775347913,0.653369481022,0.485188380788,0.00370528715975,0.993171691895,0.546776242634,1,"hard"
"attentiongates_dpu_easy_remaining.xmodel","ang20191016t150743_r4301_c153_w151_h151",fraca,107,22,94,261921,0.829457364341,0.532338308458,0.648484848485,0.479820627803,8.39877377903e-05,0.999557495117,0.800151935565,1,"hard"
"attentiongates_dpu_easy_remaining.xmodel","ang20191016t162417_r4609_c154_w151_h151",fraca,2311,58,1452,258323,0.975517095821,0.614137656125,0.753750815395,0.604815493326,0.000224474709828,0.994239807129,0.792227800596,1,"hard"
"attentiongates_dpu_easy_remaining.xmodel","ang20191011t181301_r4604_c79_w151_h151",fraca,282,13,544,261305,0.95593220339,0.341404358354,0.50312221231,0.336114421931,4.97478168362e-05,0.997875213623,0.755252212572,1,"hard"
"attentiongates_dpu_easy_remaining.xmodel","ang20191006t164135_r10351_c112_w151_h151",fraca,458,26,649,261011,0.946280991736,0.413730803975,0.575738529227,0.404236540159,9.96027383091e-05,0.997425079346,0.534082008705,1,"hard"
"attentiongates_dpu_easy_remaining.xmodel","ang20191022t151202_r5332_c83_w151_h151",fraca,97,549,403,261095,0.150154798762,0.194,0.169284467714,0.0924690181125,0.00209827093302,0.996368408203,0.066416625728,1,"hard"
"attentiongates_dpu_easy_remaining.xmodel","ang20191016t145145_r4191_c139_w151_h151",fraca,269,23,395,261457,0.921232876712,0.405120481928,0.562761506276,0.391557496361,8.7960838305e-05,0.998405456543,0.480358419336,1,"hard"
"attentiongates_dpu_easy_remaining.xmodel","ang20191017t171949_r4650_c228_w151_h151",fraca,353,26,116,261649,0.931398416887,0.752665245203,0.832547169811,0.713131313131,9.9359892997e-05,0.999458312988,0.928732973838,1,"hard"
"attentiongates_dpu_easy_remaining.xmodel","ang20191016t145145_r6688_c484_w151_h151",fraca,20,2,82,262040,0.909090909091,0.196078431373,0.322580645161,0.192307692308,7.63236427748e-06,0.99967956543,0.468343132205,1,"hard"
"attentiongates_dpu_easy_remaining.xmodel","ang20190926t172904_r6224_c63_w151_h151",fraca,13339,661,3317,244827,0.952785714286,0.800852545629,0.870237473904,0.770283536409,0.0026925959721,0.984825134277,0.929254389141,1,"hard"
"attentiongates_dpu_easy_remaining.xmodel","ang20191016t153826_r8007_c472_w151_h151",fraca,426,91,306,261321,0.823984526112,0.581967213115,0.682145716573,0.517618469016,0.000348109497651,0.998485565186,0.729106500638,1,"hard"
"attentiongates_dpu_easy_remaining.xmodel","ang20191016t153826_r10114_c552_w151_h151",fraca,130,6,45,261963,0.955882352941,0.742857142857,0.836012861736,0.718232044199,2.29034733117e-05,0.999805450439,0.943625904343,1,"hard"
"attentiongates_dpu_easy_remaining.xmodel","ang20190927t151239_r8961_c230_w151_h151",fraca,7693,1717,17730,235004,0.817534537726,0.302600007867,0.441707576149,0.283456153279,0.00725326439141,0.925815582275,0.556226047384,1,"hard"
"attentiongates_dpu_easy_remaining.xmodel","ang20191008t165855_r992_c271_w151_h151",fraca,97,4,58,261985,0.960396039604,0.625806451613,0.7578125,0.610062893082,1.52678165877e-05,0.99976348877,0.804412696803,1,"hard"
"attentiongates_dpu_easy_remaining.xmodel","ang20191011t172641_r290_c384_w151_h151",fraca,68,5,141,261930,0.931506849315,0.325358851675,0.482269503546,0.317757009346,1.90887052131e-05,0.999443054199,0.46165452089,1,"hard"
"attentiongates_dpu_easy_remaining.xmodel","ang20191017t170330_r2523_c49_w151_h151",fraca,204,11,371,261558,0.948837209302,0.354782608696,0.516455696203,0.348122866894,4.20539131166e-05,0.998542785645,0.562411294664,1,"hard"
"attentiongates_dpu_easy_remaining.xmodel","ang20191013t171742_r7030_c293_w151_h151",fraca,247,29,53,261815,0.894927536232,0.823333333333,0.857638888889,0.750759878419,0.000110752967416,0.999687194824,0.898205469693,1,"hard"
"attentiongates_dpu_easy_remaining.xmodel","ang20191007t201917_r11140_c1504_w151_h151",fraca,9,0,9,262126,1,0.5,0.666666666667,0.5,0,0.999965667725,0.785142618456,1,"hard"
"attentiongates_dpu_easy_remaining.xmodel","ang20191006t171344_r6499_c59_w151_h151",fraca,361,22,431,261330,0.942558746736,0.455808080808,0.614468085106,0.443488943489,8.41776607793e-05,0.998271942139,0.570227573605,1,"hard"
"attentiongates_dpu_easy_remaining.xmodel","ang20190926t154314_r7388_c121_w151_h151",fraca,443,56,93,261552,0.887775551102,0.826492537313,0.856038647343,0.748310810811,0.000214060732088,0.999431610107,0.897127251039,1,"hard"
"attentiongates_dpu_easy_remaining.xmodel","ang20191023t151141_r8860_c432_w151_h151",fraca,11662,890,1924,247668,0.929094964946,0.858383630208,0.892340653455,0.805609284333,0.0035806532077,0.989265441895,0.934303372792,1,"hard"
"attentiongates_dpu_easy_remaining.xmodel","ang20190922t192642_r4034_c360_w151_h151",fraca,51,5,43,262045,0.910714285714,0.542553191489,0.68,0.515151515152,1.90803281816e-05,0.999816894531,0.695244186783,1,"hard"
"attentiongates_dpu_easy_remaining.xmodel","ang20190923t172416_r12122_c231_w151_h151",fraca,261,25,181,261677,0.912587412587,0.590497737557,0.717032967033,0.558886509636,9.55285018838e-05,0.999214172363,0.751698941831,1,"hard"
"attentiongates_dpu_easy_remaining.xmodel","ang20191006t180341_r12854_c530_w151_h151",fraca,58,7,33,262046,0.892307692308,0.637362637363,0.74358974359,0.591836734694,2.67121536483e-05,0.999847412109,0.718311903775,1,"hard"
"attentiongates_dpu_easy_remaining.xmodel","ang20191007t200647_r3826_c309_w151_h151",fraca,1307,364,809,259664,0.782166367445,0.617674858223,0.690256139424,0.527016129032,0.001399849247,0.995525360107,0.727276376796,1,"hard"
"attentiongates_dpu_easy_remaining.xmodel","ang20191019t175004_r6836_c572_w151_h151",fraca,616,57,252,261219,0.915304606241,0.709677419355,0.799480856587,0.665945945946,0.000218160106554,0.998821258545,0.888022827106,1,"hard"
"attentiongates_dpu_easy_remaining.xmodel","ang20191006t180341_r4754_c553_w151_h151",fraca,255,8,78,261803,0.969581749049,0.765765765766,0.855704697987,0.74780058651,3.05563937344e-05,0.999671936035,0.946257244538,1,"hard"
"attentiongates_dpu_easy_remaining.xmodel","ang20190926t182043_r1646_c560_w151_h151",fraca,540,17,71,261516,0.96947935368,0.88379705401,0.924657534247,0.859872611465,6.50013573813e-05,0.999664306641,0.972667920786,1,"hard"
"attentiongates_dpu_easy_remaining.xmodel","ang20191016t183045_r6828_c112_w151_h151",fraca,512,25,138,261469,0.953445065177,0.787692307692,0.862679022746,0.758518518519,9.56044880571e-05,0.999378204346,0.941695476764,1,"hard"
"attentiongates_dpu_easy_remaining.xmodel","ang20191011t165345_r1317_c247_w151_h151",fraca,41,30,91,261982,0.577464788732,0.310606060606,0.4039408867,0.253086419753,0.000114498572584,0.999538421631,0.392598359136,1,"hard"
"attentiongates_dpu_easy_remaining.xmodel","ang20190923t174142_r7561_c18_w151_h151",fraca,48,136,34,261926,0.260869565217,0.585365853659,0.360902255639,0.220183486239,0.000518961161862,0.999351501465,0.408576993527,1,"hard"
"attentiongates_dpu_easy_remaining.xmodel","ang20190923t170747_r9537_c44_w151_h151",fraca,106,10,33,261995,0.913793103448,0.762589928058,0.83137254902,0.711409395973,3.81672105494e-05,0.999835968018,0.882049759445,1,"hard"
"attentiongates_dpu_easy_remaining.xmodel","ang20191019t161418_r6643_c39_w151_h151",fraca,295,51,253,261545,0.852601156069,0.538321167883,0.659955257271,0.492487479132,0.000194957109436,0.998840332031,0.752029340951,1,"hard"
"attentiongates_dpu_easy_remaining.xmodel","ang20191023t151141_r6732_c127_w151_h151",fraca,705,55,266,261118,0.927631578947,0.72605561277,0.814558058925,0.687134502924,0.000210588383945,0.998775482178,0.907125427853,1,"hard"
"attentiongates_dpu_easy_remaining.xmodel","ang20191022t151202_r10560_c359_w151_h151",fraca,1669,398,332,259745,0.807450411224,0.834082958521,0.820550639135,0.695706544393,0.0015299277705,0.997215270996,0.855649594806,1,"hard"
"attentiongates_dpu_easy_remaining.xmodel","ang20191008t194115_r6986_c506_w151_h151",fraca,31,1,131,261981,0.96875,0.191358024691,0.319587628866,0.19018404908,3.81705613363e-06,0.999496459961,0.32255531105,1,"hard"
"attentiongates_dpu_easy_remaining.xmodel","ang20191023t165811_r7299_c48_w151_h151",fraca,324,326,153,261341,0.498461538462,0.679245283019,0.574977817214,0.403486924035,0.00124585828553,0.99817276001,0.604993891428,1,"hard"
"attentiongates_dpu_easy_remaining.xmodel","ang20191023t154154_r10468_c428_w151_h151",fraca,564,62,175,261343,0.900958466454,0.763193504736,0.826373626374,0.704119850187,0.000237179855014,0.999095916748,0.885381247337,1,"hard"
"attentiongates_dpu_easy_remaining.xmodel","ang20190927t182905_r147_c396_w151_h151",fraca,93,5,19,262027,0.948979591837,0.830357142857,0.885714285714,0.794871794872,1.90816388838e-05,0.999908447266,0.950318484674,1,"hard"
"attentiongates_dpu_easy_remaining.xmodel","ang20191016t163955_r7126_c284_w151_h151",fraca,45,3,38,262058,0.9375,0.542168674699,0.687022900763,0.523255813953,1.14477163714e-05,0.999843597412,0.767950010653,1,"hard"
"attentiongates_dpu_easy_remaining.xmodel","ang20190927t154855_r9198_c75_w151_h151",fraca,1894,84,205,259961,0.957532861476,0.902334444974,0.929114545009,0.867613376088,0.000323021015593,0.99889755249,0.974863924474,1,"hard"
"attentiongates_dpu_easy_remaining.xmodel","ang20191008t160209_r5510_c345_w151_h151",fraca,67,21,40,262016,0.761363636364,0.626168224299,0.687179487179,0.5234375,8.01413540836e-05,0.999767303467,0.774068067771,1,"hard"
"attentiongates_dpu_easy_remaining.xmodel","ang20191008t160209_r7519_c6_w151_h151",fraca,26,2,61,262055,0.928571428571,0.298850574713,0.452173913043,0.292134831461,7.63192740511e-06,0.999759674072,0.52672195074,1,"hard"
"attentiongates_dpu_easy_remaining.xmodel","ang20191007t184008_r2717_c75_w151_h151",fraca,354,104,280,261406,0.772925764192,0.558359621451,0.648351648352,0.479674796748,0.00039769033689,0.99853515625,0.731511211581,1,"hard"
"attentiongates_dpu_easy_remaining.xmodel","ang20191023t190429_r10757_c74_w151_h151",fraca,16828,906,3829,240581,0.948911695049,0.814639105388,0.876663801412,0.780410889023,0.00375175475284,0.981937408447,0.928310145616,1,"hard"
"attentiongates_dpu_easy_remaining.xmodel","ang20191013t154421_r6633_c614_w151_h151",fraca,392,41,169,261542,0.905311778291,0.698752228164,0.788732394366,0.651162790698,0.000156738014321,0.999198913574,0.793077769819,1,"hard"
"attentiongates_dpu_easy_remaining.xmodel","ang20191019t172500_r1569_c371_w151_h151",fraca,365,466,54,261259,0.439229843562,0.871121718377,0.584,0.412429378531,0.00178049479415,0.998016357422,0.805957527009,1,"hard"
"attentiongates_dpu_easy_remaining.xmodel","ang20191022t194233_r2201_c511_w151_h151",fraca,349,49,109,261637,0.876884422111,0.762008733624,0.815420560748,0.688362919132,0.000187247311664,0.999397277832,0.884001194557,1,"hard"
"attentiongates_dpu_easy_remaining.xmodel","ang20191017t191119_r259_c524_w151_h151",fraca,172,5,398,261569,0.971751412429,0.301754385965,0.460508701473,0.299130434783,1.91150496609e-05,0.998462677002,0.741927350686,1,"hard"
"attentiongates_dpu_easy_remaining.xmodel","ang20191011t172641_r6469_c529_w151_h151",fraca,442,9,269,261424,0.980044345898,0.621659634318,0.760757314974,0.613888888889,3.44256463415e-05,0.99893951416,0.839075842099,1,"hard"
"attentiongates_dpu_easy_remaining.xmodel","ang20191023t193139_r2457_c374_w151_h151",fraca,338,23,167,261616,0.936288088643,0.669306930693,0.780600461894,0.640151515152,8.7907383838e-05,0.99927520752,0.802704786504,1,"hard"
"attentiongates_dpu_easy_remaining.xmodel","ang20191016t155337_r2316_c213_w151_h151",fraca,71,3,51,262019,0.959459459459,0.581967213115,0.724489795918,0.568,1.14494202777e-05,0.999794006348,0.854077169058,1,"hard"
"attentiongates_dpu_easy_remaining.xmodel","ang20190923t170747_r8220_c606_w151_h151",fraca,158,140,83,261763,0.530201342282,0.655601659751,0.586270871985,0.41469816273,0.000534549050603,0.99914932251,0.695005523412,1,"hard"
"attentiongates_dpu_easy_remaining.xmodel","ang20190923t163307_r13801_c577_w151_h151",fraca,34,2,316,261792,0.944444444444,0.0971428571429,0.176165803109,0.0965909090909,7.63959449032e-06,0.99878692627,0.450736354704,1,"hard"
"attentiongates_dpu_easy_remaining.xmodel","ang20191022t143154_r5199_c882_w151_h151",fraca,35,0,344,261765,1,0.0923482849604,0.169082125604,0.0923482849604,0,0.998687744141,0.226171610139,1,"hard"
"attentiongates_dpu_easy_remaining.xmodel","ang20191005t210402_r3026_c243_w151_h151",fraca,21,0,41,262082,1,0.338709677419,0.506024096386,0.338709677419,0,0.999843597412,0.745003438414,1,"hard"
"attentiongates_dpu_easy_remaining.xmodel","ang20191022t181138_r4798_c381_w151_h151",fraca,374,33,92,261645,0.918918918919,0.802575107296,0.856815578465,0.749498997996,0.000126109187628,0.999523162842,0.931957968935,1,"hard"
"attentiongates_dpu_easy_remaining.xmodel","ang20191007t180411_r328_c40_w151_h151",fraca,0,12,363,261769,0,0,0,0,4.58398432277e-05,0.998569488525,0.0142007517868,1,"hard"
"attentiongates_dpu_easy_remaining.xmodel","ang20191016t160914_r1462_c430_w151_h151",fraca,57,30,68,261989,0.655172413793,0.456,0.537735849057,0.367741935484,0.000114495513684,0.999626159668,0.48850504921,1,"hard"
"attentiongates_dpu_easy_remaining.xmodel","ang20191008t190449_r8830_c37_w151_h151",fraca,116,3,183,261842,0.974789915966,0.387959866221,0.555023923445,0.384105960265,1.14571597701e-05,0.999290466309,0.741110195659,1,"hard"
"attentiongates_dpu_easy_remaining.xmodel","ang20191011t174241_r2016_c166_w151_h151",fraca,20,5,7,262112,0.8,0.740740740741,0.769230769231,0.625,1.9075451039e-05,0.999954223633,0.809780882404,1,"hard"
"attentiongates_dpu_easy_remaining.xmodel","ang20191011t171218_r5805_c317_w151_h151",fraca,149,13,144,261838,0.91975308642,0.508532423208,0.654945054945,0.486928104575,4.96465547201e-05,0.999401092529,0.700314001004,1,"hard"
"attentiongates_dpu_easy_remaining.xmodel","ang20191016t174016_r1345_c311_w151_h151",fraca,139,4,74,261927,0.972027972028,0.652582159624,0.780898876404,0.640552995392,1.52711973764e-05,0.999702453613,0.885627123683,1,"hard"
"attentiongates_dpu_easy_remaining.xmodel","ang20191016t193637_r1286_c131_w151_h151",fraca,45,0,504,261595,1,0.0819672131148,0.151515151515,0.0819672131148,0,0.998077392578,0.310158432197,1,"hard"
"attentiongates_dpu_easy_remaining.xmodel","ang20191017t160033_r7859_c18_w151_h151",fraca,169,8,87,261880,0.954802259887,0.66015625,0.780600461894,0.640151515152,3.05474095797e-05,0.99963760376,0.872527404245,1,"hard"
"attentiongates_dpu_easy_remaining.xmodel","ang20191016t190528_r8321_c177_w151_h151",fraca,22,5,14,262103,0.814814814815,0.611111111111,0.698412698413,0.536585365854,1.90761060326e-05,0.999927520752,0.810476818514,1,"hard"
"attentiongates_dpu_easy_remaining.xmodel","ang20191007t195115_r10468_c473_w151_h151",fraca,41,25,430,261648,0.621212121212,0.0870488322718,0.15270018622,0.0826612903226,9.55390888628e-05,0.998264312744,0.311294260561,1,"hard"
"attentiongates_dpu_easy_remaining.xmodel","ang20191016t153826_r4914_c341_w151_h151",fraca,260,27,257,261600,0.905923344948,0.502901353965,0.646766169154,0.477941176471,0.000103200357761,0.998916625977,0.785308147559,1,"hard"
"attentiongates_dpu_easy_remaining.xmodel","ang20191016t150743_r7534_c462_w151_h151",fraca,0,26,171,261947,0,0,0,0,9.92468689521e-05,0.999248504639,0.000655451393837,1,"hard"
"attentiongates_dpu_easy_remaining.xmodel","ang20191019t172500_r5517_c100_w151_h151",fraca,165,220,318,261441,0.428571428571,0.341614906832,0.380184331797,0.234708392603,0.00084078253924,0.997947692871,0.371282858564,1,"hard"
"attentiongates_dpu_easy_remaining.xmodel","ang20191017t150903_r8459_c83_w151_h151",fraca,2,0,4006,258136,1,0.000499001996008,0.000997506234414,0.000499001996008,0,0.984718322754,0.0553917927824,1,"hard"
"attentiongates_dpu_easy_remaining.xmodel","ang20191011t181301_r4715_c216_w151_h151",fraca,546,18,280,261300,0.968085106383,0.661016949153,0.785611510791,0.64691943128,6.88815925424e-05,0.998863220215,0.913790855747,1,"hard"
"attentiongates_dpu_easy_remaining.xmodel","ang20191007t180411_r385_c220_w151_h151",fraca,162,6,473,261503,0.964285714286,0.255118110236,0.403486924035,0.252730109204,2.29437610178e-05,0.99817276001,0.379941199666,1,"hard"
"attentiongates_dpu_easy_remaining.xmodel","ang20191017t191119_r8161_c166_w151_h151",fraca,113,68,31,261932,0.624309392265,0.784722222222,0.695384615385,0.533018867925,0.000259541984733,0.999622344971,0.795492584445,1,"hard"
"attentiongates_dpu_easy_remaining.xmodel","ang20191017t183448_r2595_c353_w151_h151",fraca,152,7,198,261787,0.955974842767,0.434285714286,0.597249508841,0.425770308123,2.67385807161e-05,0.999217987061,0.648329528249,1,"hard"
"attentiongates_dpu_easy_remaining.xmodel","ang20191007t193705_r6677_c293_w151_h151",fraca,86,3061,186,258811,0.0273276136003,0.316176470588,0.0503071073413,0.025802580258,0.0116889167227,0.987613677979,0.0286329056557,1,"hard"
"attentiongates_dpu_easy_remaining.xmodel","ang20191022t183431_r3684_c51_w151_h151",fraca,59,4,43,262038,0.936507936508,0.578431372549,0.715151515152,0.556603773585,1.5264728555e-05,0.999820709229,0.860452860154,1,"hard"
"attentiongates_dpu_easy_remaining.xmodel","ang20191008t172458_r15618_c226_w151_h151",fraca,52,6,155,261931,0.896551724138,0.251207729469,0.392452830189,0.244131455399,2.29062713553e-05,0.99938583374,0.325401441067,1,"hard"
"attentiongates_dpu_easy_remaining.xmodel","ang20191006t165608_r3851_c102_w151_h151",fraca,12011,867,10329,238937,0.932675881348,0.537645478962,0.682094383554,0.517559357091,0.00361545261964,0.957290649414,0.863826656923,1,"hard"
"attentiongates_dpu_easy_remaining.xmodel","ang20191011t194308_r3422_c371_w151_h151",fraca,46,4,52,262042,0.92,0.469387755102,0.621621621622,0.450980392157,1.52644955466e-05,0.999786376953,0.73716652323,1,"hard"
"attentiongates_dpu_easy_remaining.xmodel","ang20191010t155034_r1054_c264_w151_h151",fraca,35,3,36,262070,0.921052631579,0.492957746479,0.642201834862,0.472972972973,1.14471921945e-05,0.999851226807,0.690083052989,1,"hard"
"attentiongates_dpu_easy_remaining.xmodel","ang20191010t161700_r9154_c68_w151_h151",fraca,7,1,51,262085,0.875,0.120689655172,0.212121212121,0.118644067797,3.81554146349e-06,0.999801635742,0.333096523445,1,"hard"
"attentiongates_dpu_easy_remaining.xmodel","ang20190926t191417_r7292_c321_w151_h151",fraca,101,6,1073,260964,0.943925233645,0.0860306643952,0.15768930523,0.085593220339,2.29911484079e-05,0.99588394165,0.190690587019,1,"hard"
"attentiongates_dpu_easy_remaining.xmodel","ang20191008t151045_r7709_c339_w151_h151",fraca,0,0,7,262137,0,0,0,0,0,0.999973297119,0.319855037094,1,"hard"
"attentiongates_dpu_easy_remaining.xmodel","ang20191022t172245_r1500_c8_w151_h151",fraca,333,18,205,261588,0.948717948718,0.618959107807,0.749156355456,0.598920863309,6.88057613357e-05,0.99914932251,0.823670003768,1,"hard"
"attentiongates_dpu_easy_remaining.xmodel","ang20191016t150743_r7485_c497_w151_h151",fraca,119,82,52,261891,0.592039800995,0.695906432749,0.639784946237,0.470355731225,0.000313009355926,0.999488830566,0.612755499365,1,"hard"
"attentiongates_dpu_easy_remaining.xmodel","ang20191007t190840_r10266_c512_w151_h151",fraca,9,0,21,262114,1,0.3,0.461538461538,0.3,0,0.999919891357,0.694197223919,1,"hard"
"attentiongates_dpu_easy_remaining.xmodel","ang20190927t192237_r4742_c244_w151_h151",fraca,38,5,54,262047,0.883720930233,0.413043478261,0.562962962963,0.39175257732,1.90801825592e-05,0.999774932861,0.77372862936,1,"hard"
"attentiongates_dpu_easy_remaining.xmodel","ang20191013t154421_r6544_c120_w151_h151",fraca,1008,86,6331,254719,0.921389396709,0.13734841259,0.239060832444,0.135757575758,0.000337513000137,0.975521087646,0.284209167657,1,"hard"
"attentiongates_dpu_easy_remaining.xmodel","ang20191011t185825_r7106_c375_w151_h151",fraca,16,28,32,262068,0.363636363636,0.333333333333,0.347826086957,0.210526315789,0.000106831084793,0.999771118164,0.273826048807,1,"hard"
"attentiongates_dpu_easy_remaining.xmodel","ang20191007t193705_r6743_c324_w151_h151",fraca,4963,394,3235,253552,0.926451372037,0.605391558917,0.732275912947,0.577630353818,0.00155151095115,0.986156463623,0.827060838649,1,"hard"
"attentiongates_dpu_easy_remaining.xmodel","ang20190927t192237_r3815_c230_w151_h151",fraca,51,3,32,262058,0.944444444444,0.614457831325,0.744525547445,0.593023255814,1.14477163714e-05,0.999866485596,0.87081679908,1,"hard"
"attentiongates_dpu_easy_remaining.xmodel","ang20191016t174016_r10486_c183_w151_h151",fraca,56,61,22,262005,0.478632478632,0.717948717949,0.574358974359,0.402877697842,0.000232765791823,0.999683380127,0.5261429061,1,"hard"
"attentiongates_dpu_easy_remaining.xmodel","ang20191010t152203_r3308_c291_w151_h151",fraca,5,0,51,262088,1,0.0892857142857,0.16393442623,0.0892857142857,0,0.999805450439,0.394163943273,1,"hard"
"attentiongates_dpu_easy_remaining.xmodel","ang20191016t190528_r6562_c257_w151_h151",fraca,33,8,112,261991,0.80487804878,0.227586206897,0.354838709677,0.21568627451,3.05344676888e-05,0.999542236328,0.338104687931,1,"hard"
"attentiongates_dpu_easy_remaining.xmodel","ang20191023t194035_r2804_c564_w151_h151",fraca,404,40,84,261616,0.90990990991,0.827868852459,0.8669527897,0.765151515152,0.000152872473782,0.999526977539,0.910277897775,1,"hard"
"attentiongates_dpu_easy_remaining.xmodel","ang20191016t193637_r7529_c196_w151_h151",fraca,606,30,452,261056,0.952830188679,0.572778827977,0.71546635183,0.556985294118,0.000114904667428,0.998161315918,0.855649531459,1,"hard"
"attentiongates_dpu_easy_remaining.xmodel","ang20191007t190840_r8073_c608_w151_h151",fraca,33,0,86,262025,1,0.27731092437,0.434210526316,0.27731092437,0,0.999671936035,0.521103367431,1,"hard"
"attentiongates_dpu_easy_remaining.xmodel","ang20191023t152801_r8494_c121_w151_h151",fraca,32305,1625,21392,206822,0.952107279693,0.601616477643,0.737329818435,0.583944904378,0.00779574664063,0.912197113037,0.858340010079,1,"hard"
"attentiongates_dpu_easy_remaining.xmodel","ang20191017t170330_r2719_c223_w151_h151",fraca,174,15,509,261446,0.920634920635,0.254758418741,0.399082568807,0.249283667622,5.73699328007e-05,0.998001098633,0.49689391541,1,"hard"
"attentiongates_dpu_easy_remaining.xmodel","ang20191022t194943_r13696_c736_w151_h151",fraca,196,18,91,261839,0.915887850467,0.682926829268,0.782435129741,0.64262295082,6.87398083687e-05,0.999584197998,0.878451602838,1,"hard"
"attentiongates_dpu_easy_remaining.xmodel","ang20190927t162514_r9665_c344_w151_h151",fraca,529,77,1119,260419,0.872937293729,0.320995145631,0.469387755102,0.306666666667,0.000295589951477,0.99543762207,0.525166614242,1,"hard"
"attentiongates_dpu_easy_remaining.xmodel","ang20191008t194115_r5136_c359_w151_h151",fraca,20,0,54,262070,1,0.27027027027,0.425531914894,0.27027027027,0,0.999794006348,0.689829679046,1,"hard"
"attentiongates_dpu_easy_remaining.xmodel","ang20191022t151202_r2097_c308_w151_h151",fraca,182,19,4208,257735,0.905472636816,0.0414578587699,0.0792855587018,0.041279201633,7.37136960047e-05,0.983875274658,0.078871755413,1,"hard"
"attentiongates_dpu_easy_remaining.xmodel","ang20191011t191345_r3132_c20_w151_h151",fraca,143,8,116,261877,0.94701986755,0.552123552124,0.69756097561,0.535580524345,3.05477595128e-05,0.999526977539,0.713148240052,1,"hard"
"attentiongates_dpu_easy_remaining.xmodel","ang20191008t182150_r9373_c480_w151_h151",fraca,1078,31,758,260277,0.972046889089,0.587145969499,0.732088285229,0.577396893412,0.000119089693747,0.996990203857,0.838700958672,1,"hard"
"attentiongates_dpu_easy_remaining.xmodel","ang20191022t194943_r14339_c896_w151_h151",fraca,30,3,19,262092,0.909090909091,0.612244897959,0.731707317073,0.576923076923,1.14462313283e-05,0.99991607666,0.842734073002,1,"hard"
"attentiongates_dpu_easy_remaining.xmodel","ang20191022t152357_r3245_c210_w151_h151",fraca,891,61,1075,260117,0.935924369748,0.453204476094,0.610692254969,0.439565860878,0.000234454873202,0.995666503906,0.552339136605,1,"hard"
"attentiongates_dpu_easy_remaining.xmodel","ang20191019t172500_r1997_c346_w151_h151",fraca,183,120,340,261501,0.60396039604,0.349904397706,0.443099273608,0.284603421462,0.000458678775786,0.998245239258,0.362043640743,1,"hard"
"attentiongates_dpu_easy_remaining.xmodel","ang20191008t165855_r5763_c547_w151_h151",fraca,88,3,189,261864,0.967032967033,0.317689530686,0.478260869565,0.314285714286,1.14561972299e-05,0.999267578125,0.649578005687,1,"hard"
"attentiongates_dpu_easy_remaining.xmodel","ang20191007t201917_r4581_c1646_w151_h151",fraca,105,234,47,261758,0.309734513274,0.690789473684,0.427698574338,0.272020725389,0.000893157042963,0.998928070068,0.643858727207,1,"hard"
"attentiongates_dpu_easy_remaining.xmodel","ang20191011t184311_r5660_c460_w151_h151",fraca,106,7,79,261952,0.938053097345,0.572972972973,0.711409395973,0.552083333333,2.67217388981e-05,0.999671936035,0.828348977759,1,"hard"
"attentiongates_dpu_easy_remaining.xmodel","ang20191006t172739_r852_c455_w151_h151",fraca,36,0,29,262079,1,0.553846153846,0.712871287129,0.553846153846,0,0.999889373779,0.790522603182,1,"hard"
"attentiongates_dpu_easy_remaining.xmodel","ang20191017t185057_r3011_c352_w151_h151",fraca,57,3,31,262053,0.95,0.647727272727,0.77027027027,0.626373626374,1.14479347926e-05,0.999870300293,0.888525676124,1,"hard"
"attentiongates_dpu_easy_remaining.xmodel","ang20191016t145145_r5157_c282_w151_h151",fraca,37,0,187,261920,1,0.165178571429,0.283524904215,0.165178571429,0,0.999286651611,0.287559561299,1,"hard"
"attentiongates_dpu_easy_remaining.xmodel","ang20191017t161837_r633_c413_w151_h151",fraca,38,2,20,262084,0.95,0.655172413793,0.775510204082,0.633333333333,7.63108292698e-06,0.99991607666,0.933728940006,1,"hard"
"attentiongates_dpu_easy_remaining.xmodel","ang20191011t161719_r1702_c20_w151_h151",fraca,86,2,51,262005,0.977272727273,0.627737226277,0.764444444444,0.618705035971,7.63338384089e-06,0.999797821045,0.811984632311,1,"hard"
"attentiongates_dpu_easy_remaining.xmodel","ang20191007t201917_r6099_c1760_w151_h151",fraca,9,0,25,262110,1,0.264705882353,0.418604651163,0.264705882353,0,0.999904632568,0.710650651787,1,"hard"
"attentiongates_dpu_easy_remaining.xmodel","ang20190926t174644_r6413_c463_w151_h151",fraca,2059,878,315,258892,0.701055498808,0.867312552654,0.775371869704,0.633148831488,0.00337991299996,0.995449066162,0.904494043814,1,"hard"
"attentiongates_dpu_easy_remaining.xmodel","ang20191010t193818_r5450_c229_w151_h151",fraca,73,3,582,261486,0.960526315789,0.111450381679,0.199726402189,0.11094224924,1.14727579363e-05,0.9977684021,0.492678230187,1,"hard"
"attentiongates_dpu_easy_remaining.xmodel","ang20190926t184029_r1773_c101_w151_h151",fraca,1021,40,494,260589,0.962299717248,0.673927392739,0.792701863354,0.656591639871,0.000153474862736,0.99796295166,0.871857312154,1,"hard"
"attentiongates_dpu_easy_remaining.xmodel","ang20191010t184216_r2221_c250_w151_h151",fraca,135,7,232,261770,0.950704225352,0.367847411444,0.530451866405,0.360962566845,2.67403171402e-05,0.999088287354,0.740221783433,1,"hard"
"attentiongates_dpu_easy_remaining.xmodel","ang20191017t170330_r2979_c90_w151_h151",fraca,71,4,83,261986,0.946666666667,0.461038961039,0.620087336245,0.449367088608,1.52677583114e-05,0.999668121338,0.696969003881,1,"hard"
"attentiongates_dpu_easy_remaining.xmodel","ang20191007t180411_r197_c203_w151_h151",fraca,118,1,517,261508,0.991596638655,0.185826771654,0.31299734748,0.185534591195,3.82396016963e-06,0.998023986816,0.313304344364,1,"hard"
"attentiongates_dpu_easy_remaining.xmodel","ang20191023t152801_r8786_c7_w151_h151",fraca,23544,1124,16051,221425,0.954434895411,0.594620532896,0.732738901078,0.578206733957,0.00505057313221,0.934482574463,0.907394504771,1,"hard"
"attentiongates_dpu_easy_remaining.xmodel","ang20191023t194035_r453_c807_w151_h151",fraca,180,77,340,261547,0.700389105058,0.346153846154,0.46332046332,0.301507537688,0.000294315506223,0.99840927124,0.40797712329,1,"hard"
"attentiongates_dpu_easy_remaining.xmodel","ang20191006t162415_r2230_c31_w151_h151",fraca,307,13,83,261741,0.959375,0.787179487179,0.864788732394,0.761786600496,4.96649525891e-05,0.999633789062,0.950415633773,1,"hard"
"attentiongates_dpu_easy_remaining.xmodel","ang20191007t180411_r382_c211_w151_h151",fraca,172,15,463,261494,0.919786096257,0.270866141732,0.418491484185,0.264615384615,5.73594025445e-05,0.998176574707,0.432900649946,1,"hard"
"attentiongates_dpu_easy_remaining.xmodel","ang20191022t165908_r237_c391_w151_h151",fraca,27,6,95,262016,0.818181818182,0.22131147541,0.348387096774,0.2109375,2.28988405554e-05,0.999614715576,0.381701092283,1,"hard"
"attentiongates_dpu_easy_remaining.xmodel","ang20190928t183313_r8780_c41_w151_h151",fraca,464,25,380,261275,0.948875255624,0.549763033175,0.696174043511,0.533947065593,9.56754688098e-05,0.998455047607,0.780344737103,1,"hard"
"attentiongates_dpu_easy_remaining.xmodel","ang20191016t155337_r7518_c314_w151_h151",fraca,141,269,177,261557,0.343902439024,0.443396226415,0.387362637363,0.240204429302,0.00102739987625,0.99829864502,0.284408911299,1,"hard"
"attentiongates_dpu_easy_remaining.xmodel","ang20191019t185452_r23436_c591_w151_h151",fraca,616,100,156,261272,0.860335195531,0.79792746114,0.827956989247,0.706422018349,0.000382596452566,0.9990234375,0.911980205025,1,"hard"
"attentiongates_dpu_easy_remaining.xmodel","ang20191006t165608_r2694_c228_w151_h151",fraca,492,125,431,261096,0.797406807131,0.533044420368,0.638961038961,0.469465648855,0.000478522017755,0.99787902832,0.679605999125,1,"hard"
"attentiongates_dpu_easy_remaining.xmodel","ang20190923t185208_r6456_c108_w151_h151",fraca,122,11,126,261885,0.917293233083,0.491935483871,0.640419947507,0.471042471042,4.20014051379e-05,0.999477386475,0.641230564309,1,"hard"
"attentiongates_dpu_easy_remaining.xmodel","ang20191017t164928_r1924_c168_w151_h151",fraca,129,7,36,261972,0.948529411765,0.781818181818,0.857142857143,0.75,2.67196989072e-05,0.999835968018,0.89649397813,1,"hard"
"attentiongates_dpu_easy_remaining.xmodel","ang20191022t194943_r19384_c244_w151_h151",fraca,481,94,16185,245384,0.83652173913,0.0288611544462,0.055797227539,0.0286992840095,0.000382926372221,0.937900543213,0.22460185444,1,"hard"
"attentiongates_dpu_easy_remaining.xmodel","ang20191007t180411_r377_c192_w151_h151",fraca,143,4,492,261505,0.972789115646,0.225196850394,0.365728900256,0.223787167449,1.52958406785e-05,0.998107910156,0.351611871966,1,"hard"
"attentiongates_dpu_easy_remaining.xmodel","ang20191011t181301_r1934_c372_w151_h151",fraca,49,0,143,261952,1,0.255208333333,0.406639004149,0.255208333333,0,0.999454498291,0.516385727096,1,"hard"
"attentiongates_dpu_easy_remaining.xmodel","ang20191013t145516_r15602_c363_w151_h151",fraca,11877,685,4816,244766,0.945470466486,0.711495836578,0.811963766877,0.68345033951,0.00279078105202,0.979015350342,0.910294179784,1,"hard"
"attentiongates_dpu_easy_remaining.xmodel","ang20190923t183439_r12388_c183_w151_h151",fraca,45,1,32,262066,0.978260869565,0.584415584416,0.731707317073,0.576923076923,3.81581809232e-06,0.99987411499,0.763878925327,1,"hard"
"attentiongates_dpu_easy_remaining.xmodel","ang20191011t182731_r2294_c481_w151_h151",fraca,74,1,228,261841,0.986666666667,0.245033112583,0.392572944297,0.244224422442,3.8190970127e-06,0.999126434326,0.470775572207,1,"hard"
"attentiongates_dpu_easy_remaining.xmodel","ang20191011t154103_r7201_c121_w151_h151",fraca,103,41,114,261886,0.715277777778,0.47465437788,0.570637119114,0.399224806202,0.000156532163542,0.999408721924,0.601337029236,1,"hard"
"attentiongates_dpu_easy_remaining.xmodel","ang20191019t171416_r6921_c517_w151_h151",fraca,318,115,217,261494,0.73441108545,0.594392523364,0.657024793388,0.489230769231,0.000439587323066,0.998733520508,0.711923118369,1,"hard"
"attentiongates_dpu_easy_remaining.xmodel","ang20191019t181857_r3335_c290_w151_h151",fraca,772,43,217,261112,0.947239263804,0.780586450961,0.855875831486,0.748062015504,0.000164653175317,0.999008178711,0.903549343066,1,"hard"
"attentiongates_dpu_easy_remaining.xmodel","ang20190923t181729_r6905_c570_w151_h151",fraca,16,103,14,262011,0.134453781513,0.533333333333,0.214765100671,0.12030075188,0.000392958788924,0.99955368042,0.124376341399,1,"hard"
"attentiongates_dpu_easy_remaining.xmodel","ang20191011t175712_r10519_c398_w151_h151",fraca,15,0,46,262083,1,0.245901639344,0.394736842105,0.245901639344,0,0.999824523926,0.678458430418,1,"hard"
"attentiongates_dpu_easy_remaining.xmodel","ang20191017t182024_r4733_c246_w151_h151",fraca,12,869,102,261161,0.0136208853575,0.105263157895,0.0241206030151,0.0122075279756,0.00331641415105,0.996295928955,0.0193728549312,1,"hard"
"attentiongates_dpu_easy_remaining.xmodel","ang20191016t150743_r10717_c139_w151_h151",fraca,4,0,67,262073,1,0.056338028169,0.106666666667,0.056338028169,0,0.999744415283,0.273369415133,1,"hard"
"attentiongates_dpu_easy_remaining.xmodel","ang20191006t171344_r9427_c360_w151_h151",fraca,19,3,33,262089,0.863636363636,0.365384615385,0.513513513514,0.345454545455,1.1446362346e-05,0.999862670898,0.645024832278,1,"hard"
"attentiongates_dpu_easy_remaining.xmodel","ang20191016t152245_r5983_c340_w151_h151",fraca,148,7,331,261658,0.954838709677,0.308977035491,0.466876971609,0.304526748971,2.67517627501e-05,0.998710632324,0.612351556862,1,"hard"
"attentiongates_dpu_easy_remaining.xmodel","ang20191016t152245_r6252_c305_w151_h151",fraca,199,17,101,261827,0.921296296296,0.663333333333,0.771317829457,0.627760252366,6.49241533127e-05,0.999549865723,0.888006289341,1,"hard"
"attentiongates_dpu_easy_remaining.xmodel","ang20190927t181142_r496_c397_w151_h151",fraca,77,3,213,261851,0.9625,0.265517241379,0.416216216216,0.262798634812,1.14567659841e-05,0.999176025391,0.545815928603,1,"hard"
"attentiongates_dpu_easy_remaining.xmodel","ang20191010t193818_r7805_c145_w151_h151",fraca,438,17,149,261540,0.962637362637,0.746166950596,0.840690978887,0.725165562914,6.49953929736e-05,0.999366760254,0.927140858411,1,"hard"
"attentiongates_dpu_easy_remaining.xmodel","ang20191017t180347_r8056_c173_w151_h151",fraca,224,972,261,260687,0.1872909699,0.461855670103,0.266508030934,0.1537405628,0.00371475852159,0.995296478271,0.293784120545,1,"hard"
"attentiongates_dpu_easy_remaining.xmodel","ang20191016t165454_r2143_c260_w151_h151",fraca,40,2,45,262057,0.952380952381,0.470588235294,0.629921259843,0.459770114943,7.63186915924e-06,0.999820709229,0.792265098164,1,"hard"
"attentiongates_dpu_easy_remaining.xmodel","ang20191016t195058_r7586_c437_w151_h151",fraca,158,5,74,261907,0.969325153374,0.681034482759,0.8,0.666666666667,1.90903815022e-05,0.999698638916,0.816343539117,1,"hard"
"attentiongates_dpu_easy_remaining.xmodel","ang20191016t155337_r10331_c197_w151_h151",fraca,53,13,291,261787,0.80303030303,0.154069767442,0.258536585366,0.148459383754,4.96562261268e-05,0.998840332031,0.358971849675,1,"hard"
"attentiongates_dpu_easy_remaining.xmodel","ang20191022t154405_r5099_c206_w151_h151",fraca,872,189,612,260471,0.821866163996,0.587601078167,0.685265225933,0.521219366408,0.000725082482928,0.99694442749,0.694445153483,1,"hard"
"attentiongates_dpu_easy_remaining.xmodel","ang20191017t160033_r67_c448_w151_h151",fraca,250,29,50,261815,0.89605734767,0.833333333333,0.863557858377,0.759878419453,0.000110752967416,0.999698638916,0.944751838891,1,"hard"
"attentiongates_dpu_easy_remaining.xmodel","ang20191008t165855_r13225_c356_w151_h151",fraca,18,0,118,262008,1,0.132352941176,0.233766233766,0.132352941176,0,0.999549865723,0.685398784452,1,"hard"
"attentiongates_dpu_easy_remaining.xmodel","ang20190928t190948_r1327_c440_w151_h151",fraca,46,0,155,261943,1,0.228855721393,0.372469635628,0.228855721393,0,0.999408721924,0.479006033504,1,"hard"
"attentiongates_dpu_easy_remaining.xmodel","ang20191022t192048_r3969_c36_w151_h151",fraca,576,240,333,260995,0.705882352941,0.633663366337,0.667826086957,0.501305483029,0.000918713036155,0.997814178467,0.722429092073,1,"hard"
"attentiongates_dpu_easy_remaining.xmodel","ang20190927t190436_r5336_c357_w151_h151",fraca,60,10,36,262038,0.857142857143,0.625,0.722891566265,0.566037735849,3.81609476127e-05,0.999824523926,0.840487625475,1,"hard"
"attentiongates_dpu_easy_remaining.xmodel","ang20191008t165855_r11435_c305_w151_h151",fraca,212,77,266,261589,0.733564013841,0.443514644351,0.552803129074,0.381981981982,0.000294268265652,0.998691558838,0.544197819474,1,"hard"
"attentiongates_dpu_easy_remaining.xmodel","ang20191006t165608_r8029_c40_w151_h151",fraca,229,25,49,261841,0.90157480315,0.823741007194,0.860902255639,0.755775577558,9.54686748184e-05,0.999717712402,0.880641712847,1,"hard"
"attentiongates_dpu_easy_remaining.xmodel","ang20191010t195717_r3512_c140_w151_h151",fraca,66,6,118,261954,0.916666666667,0.358695652174,0.515625,0.347368421053,2.29042601924e-05,0.999526977539,0.610009305096,1,"hard"
"attentiongates_dpu_easy_remaining.xmodel","ang20191023t162847_r10192_c462_w151_h151",fraca,616,127,501,260900,0.829071332436,0.551477170994,0.662365591398,0.495176848875,0.00048653970662,0.997604370117,0.646253043875,1,"hard"
"attentiongates_dpu_easy_remaining.xmodel","ang20191007t200647_r5947_c145_w151_h151",fraca,70,18,66,261990,0.795454545455,0.514705882353,0.625,0.454545454545,6.87001923605e-05,0.99967956543,0.66051461992,1,"hard"
"attentiongates_dpu_easy_remaining.xmodel","ang20191016t150743_r8506_c372_w151_h151",fraca,3,43,346,261752,0.0652173913043,0.00859598853868,0.0151898734177,0.00765306122449,0.000164250654138,0.998516082764,0.0208736647864,1,"hard"
"attentiongates_dpu_easy_remaining.xmodel","ang20191017t185057_r7440_c2_w151_h151",fraca,331,13,79,261721,0.962209302326,0.807317073171,0.877984084881,0.782505910165,4.96687476598e-05,0.999649047852,0.948725386463,1,"hard"
"attentiongates_dpu_easy_remaining.xmodel","ang20191016t153826_r7478_c403_w151_h151",fraca,30,1,60,262053,0.967741935484,0.333333333333,0.495867768595,0.32967032967,3.81600738779e-06,0.999767303467,0.707057557727,1,"hard"
"attentiongates_dpu_easy_remaining.xmodel","ang20191007t190840_r6560_c616_w151_h151",fraca,120,4,127,261893,0.967741935484,0.485829959514,0.646900269542,0.478087649402,1.52731799142e-05,0.999500274658,0.719211586174,1,"hard"
"attentiongates_dpu_easy_remaining.xmodel","ang20191022t152357_r3480_c152_w151_h151",fraca,588,150,2463,258943,0.79674796748,0.192723697148,0.31037212985,0.183692596064,0.000578942696252,0.990032196045,0.314031333516,1,"hard"
"attentiongates_dpu_easy_remaining.xmodel","ang20191008t172458_r7713_c115_w151_h151",fraca,35,5,34,262070,0.875,0.507246376812,0.642201834862,0.472972972973,1.90785080607e-05,0.999851226807,0.639541139774,1,"hard"
"attentiongates_dpu_easy_remaining.xmodel","ang20191017t171949_r2334_c222_w151_h151",fraca,206,5,3541,258392,0.976303317536,0.0549773151855,0.104092976251,0.0549040511727,1.93500698538e-05,0.986473083496,0.211864962997,1,"hard"
"attentiongates_dpu_easy_remaining.xmodel","ang20191006t152009_r2694_c249_w151_h151",fraca,618,140,444,260942,0.815303430079,0.581920903955,0.679120879121,0.514143094842,0.000536229996706,0.997772216797,0.623898943237,1,"hard"
"attentiongates_dpu_easy_remaining.xmodel","ang20190926t184029_r10009_c90_w151_h151",fraca,46,2,72,262024,0.958333333333,0.389830508475,0.55421686747,0.383333333333,7.63283032981e-06,0.999717712402,0.515132650343,1,"hard"
"attentiongates_dpu_easy_remaining.xmodel","ang20191010t193818_r3753_c248_w151_h151",fraca,143,10,131,261860,0.934640522876,0.521897810219,0.669789227166,0.503521126761,3.81868866231e-05,0.999462127686,0.754054529096,1,"hard"
"attentiongates_dpu_easy_remaining.xmodel","ang20191008t190449_r3662_c563_w151_h151",fraca,91,2,97,261954,0.978494623656,0.484042553191,0.64768683274,0.478947368421,7.63486997816e-06,0.999622344971,0.78932622842,1,"hard"
"attentiongates_dpu_easy_remaining.xmodel","ang20191011t175712_r4641_c326_w151_h151",fraca,23,0,299,261822,1,0.0714285714286,0.133333333333,0.0714285714286,0,0.998859405518,0.537864943622,1,"hard"
"attentiongates_dpu_easy_remaining.xmodel","ang20191008t165855_r5779_c454_w151_h151",fraca,117,2,160,261865,0.983193277311,0.42238267148,0.590909090909,0.41935483871,7.63746481993e-06,0.999382019043,0.582208474772,1,"hard"
"attentiongates_dpu_easy_remaining.xmodel","ang20191022t183431_r2245_c516_w151_h151",fraca,286,26,255,261577,0.916666666667,0.52865064695,0.670574443142,0.504409171076,9.9387239443e-05,0.998928070068,0.72728129998,1,"hard"
"attentiongates_dpu_easy_remaining.xmodel","ang20190926t185727_r6574_c94_w151_h151",fraca,188,12,57,261887,0.94,0.767346938776,0.844943820225,0.731517509728,4.58191898404e-05,0.999736785889,0.920850609538,1,"hard"
"attentiongates_dpu_easy_remaining.xmodel","ang20191016t163955_r2792_c267_w151_h151",fraca,5,94,524,261521,0.0505050505051,0.00945179584121,0.015923566879,0.00802568218299,0.000359306614682,0.99764251709,0.0954394195642,1,"hard"
"attentiongates_dpu_easy_remaining.xmodel","ang20191011t182731_r6578_c227_w151_h151",fraca,13,0,55,262076,1,0.191176470588,0.320987654321,0.191176470588,0,0.99979019165,0.693387680311,1,"hard"
"attentiongates_dpu_easy_remaining.xmodel","ang20191010t174755_r5972_c727_w151_h151",fraca,6,0,97,262041,1,0.0582524271845,0.110091743119,0.0582524271845,0,0.999629974365,0.275663637837,1,"hard"
"attentiongates_dpu_easy_remaining.xmodel","ang20191011t161719_r2540_c80_w151_h151",fraca,34,1,172,261937,0.971428571429,0.165048543689,0.282157676349,0.164251207729,3.81769731769e-06,0.999340057373,0.363615618248,1,"hard"
"attentiongates_dpu_easy_remaining.xmodel","ang20191010t195717_r1411_c400_w151_h151",fraca,42,3,47,262052,0.933333333333,0.47191011236,0.626865671642,0.45652173913,1.14479784778e-05,0.999809265137,0.774999511383,1,"hard"
"attentiongates_dpu_easy_remaining.xmodel","ang20191017t161837_r3564_c381_w151_h151",fraca,36,270,238,261600,0.117647058824,0.131386861314,0.124137931034,0.0661764705882,0.00103104593882,0.998062133789,0.0888947642588,1,"hard"
"attentiongates_dpu_easy_remaining.xmodel","ang20191017t185057_r5074_c337_w151_h151",fraca,31,4,31,262078,0.885714285714,0.5,0.639175257732,0.469696969697,1.52623987912e-05,0.999866485596,0.727623904032,1,"hard"
"attentiongates_dpu_easy_remaining.xmodel","ang20191011t181301_r6123_c175_w151_h151",fraca,13,0,14,262117,1,0.481481481481,0.65,0.481481481481,0,0.999946594238,0.836012497333,1,"hard"
"attentiongates_dpu_easy_remaining.xmodel","ang20190928t185111_r247_c473_w151_h151",fraca,42,0,727,261375,1,0.0546163849155,0.103575832306,0.0546163849155,0,0.997226715088,0.209390901956,1,"hard"
"attentiongates_dpu_easy_remaining.xmodel","ang20190926t152524_r9314_c202_w151_h151",fraca,156,139,131,261718,0.528813559322,0.543554006969,0.536082474227,0.366197183099,0.000530824075736,0.998970031738,0.524539731908,1,"hard"
"attentiongates_dpu_easy_remaining.xmodel","ang20191023t162847_r5792_c559_w151_h151",fraca,410,39,56,261639,0.913140311804,0.87982832618,0.896174863388,0.811881188119,0.000149038130833,0.99963760376,0.941918280783,1,"hard"
"attentiongates_dpu_easy_remaining.xmodel","ang20191016t174016_r2132_c350_w151_h151",fraca,373,20,210,261541,0.949109414758,0.639794168096,0.764344262295,0.618573797678,7.64639988377e-05,0.999122619629,0.868052446933,1,"hard"
"attentiongates_dpu_easy_remaining.xmodel","ang20191022t143154_r3627_c924_w151_h151",fraca,457,52,240,261395,0.897838899804,0.655667144907,0.757877280265,0.610146862483,0.000198893083493,0.998886108398,0.803162831483,1,"hard"
"attentiongates_dpu_easy_remaining.xmodel","ang20191007t200647_r1952_c20_w151_h151",fraca,36,1,23,262084,0.972972972973,0.610169491525,0.75,0.6,3.8155560219e-06,0.999908447266,0.867267281638,1,"hard"
"attentiongates_dpu_easy_remaining.xmodel","ang20191007t193705_r11611_c126_w151_h151",fraca,18,0,45,262081,1,0.285714285714,0.444444444444,0.285714285714,0,0.999828338623,0.45079651126,1,"hard"
"attentiongates_dpu_easy_remaining.xmodel","ang20191022t165908_r269_c318_w151_h151",fraca,0,26,122,261996,0,0,0,0,9.92283090733e-05,0.999435424805,0.0905727299681,1,"hard"
"attentiongates_dpu_easy_remaining.xmodel","ang20191011t165345_r3229_c379_w151_h151",fraca,5,79,31,262029,0.0595238095238,0.138888888889,0.0833333333333,0.0434782608696,0.000301402475316,0.999580383301,0.0927712454185,1,"hard"
"attentiongates_dpu_easy_remaining.xmodel","ang20191011t163647_r6181_c192_w151_h151",fraca,50,4,30,262060,0.925925925926,0.625,0.746268656716,0.595238095238,1.52634470969e-05,0.999870300293,0.779514317462,1,"hard"
"attentiongates_dpu_easy_remaining.xmodel","ang20191017t173348_r2197_c17_w151_h151",fraca,133,65,31,261915,0.671717171717,0.810975609756,0.734806629834,0.580786026201,0.00024811054279,0.999633789062,0.829286239907,1,"hard"
"attentiongates_dpu_easy_remaining.xmodel","ang20191006t160931_r11274_c502_w151_h151",fraca,220,25,93,261806,0.897959183673,0.702875399361,0.78853046595,0.650887573964,9.54814364991e-05,0.999549865723,0.877945226301,1,"hard"
"attentiongates_dpu_easy_remaining.xmodel","ang20191007t193705_r9802_c132_w151_h151",fraca,212,10,173,261749,0.954954954955,0.550649350649,0.698517298188,0.536708860759,3.82030799323e-05,0.9993019104,0.798715332988,1,"hard"
"attentiongates_dpu_easy_remaining.xmodel","ang20190926t160016_r12710_c107_w151_h151",fraca,281,18,442,261403,0.939799331104,0.388658367911,0.549902152642,0.379217273954,6.88544531618e-05,0.998245239258,0.552226046704,1,"hard"
"attentiongates_dpu_easy_remaining.xmodel","ang20190923t183439_r8375_c559_w151_h151",fraca,22,0,67,262055,1,0.247191011236,0.396396396396,0.247191011236,0,0.999744415283,0.341713128659,1,"hard"
"attentiongates_dpu_easy_remaining.xmodel","ang20191022t175031_r3060_c477_w151_h151",fraca,1658,103,934,259449,0.941510505395,0.639660493827,0.761773489547,0.615213358071,0.000396837627913,0.996044158936,0.811715348677,1,"hard"
"attentiongates_dpu_easy_remaining.xmodel","ang20191016t160914_r1357_c233_w151_h151",fraca,3,12,122,262007,0.2,0.024,0.0428571428571,0.021897810219,4.57982054736e-05,0.999488830566,0.0545456335704,1,"hard"
"attentiongates_dpu_easy_remaining.xmodel","ang20191006t183904_r8230_c262_w151_h151",fraca,125,149,54,261816,0.456204379562,0.698324022346,0.551876379691,0.381097560976,0.000568778271907,0.999225616455,0.546238775088,1,"hard"
"attentiongates_dpu_easy_remaining.xmodel","ang20191011t192741_r5743_c218_w151_h151",fraca,35,2,98,262009,0.945945945946,0.263157894737,0.411764705882,0.259259259259,7.63326730557e-06,0.999618530273,0.651707943189,1,"hard"
"attentiongates_dpu_easy_remaining.xmodel","ang20191022t183431_r2314_c337_w151_h151",fraca,381,27,160,261576,0.933823529412,0.704251386322,0.802950474183,0.670774647887,0.000103209825575,0.999286651611,0.89217275961,1,"hard"
"attentiongates_dpu_easy_remaining.xmodel","ang20190926t160016_r13060_c411_w151_h151",fraca,220,9,944,260971,0.960698689956,0.189003436426,0.315865039483,0.187553282182,3.44854011802e-05,0.996364593506,0.483679833012,1,"hard"
"attentiongates_dpu_easy_remaining.xmodel","ang20191008t151045_r10167_c436_w151_h151",fraca,12,61,57,262014,0.164383561644,0.173913043478,0.169014084507,0.0923076923077,0.00023275779834,0.999549865723,0.0933885252109,1,"hard"
"attentiongates_dpu_easy_remaining.xmodel","ang20191017t144928_r8839_c75_w151_h151",fraca,8,0,132,262004,1,0.0571428571429,0.108108108108,0.0571428571429,0,0.999496459961,0.280391271574,1,"hard"
"attentiongates_dpu_easy_remaining.xmodel","ang20191011t194308_r4531_c243_w151_h151",fraca,542,24,318,261260,0.957597173145,0.63023255814,0.760168302945,0.613122171946,9.18540744937e-05,0.998695373535,0.822218973349,1,"hard"
"attentiongates_dpu_easy_remaining.xmodel","ang20191013t173258_r5436_c441_w151_h151",fraca,382,29,389,261344,0.929440389294,0.495460440986,0.646362098139,0.4775,0.000110952546744,0.998405456543,0.713288306495,1,"hard"
"attentiongates_dpu_easy_remaining.xmodel","ang20190927t160700_r5001_c34_w151_h151",fraca,64,3,134,261943,0.955223880597,0.323232323232,0.483018867925,0.318407960199,1.14527421682e-05,0.999477386475,0.573387966085,1,"hard"
"attentiongates_dpu_easy_remaining.xmodel","ang20191011t171218_r3593_c332_w151_h151",fraca,35,4,130,261975,0.897435897436,0.212121212121,0.343137254902,0.207100591716,1.52683993755e-05,0.999488830566,0.470837006146,1,"hard"
"attentiongates_dpu_easy_remaining.xmodel","ang20191007t195115_r1797_c316_w151_h151",fraca,819,42,434,260849,0.951219512195,0.653631284916,0.774834437086,0.632432432432,0.000160986772254,0.998184204102,0.826795105798,1,"hard"
"attentiongates_dpu_easy_remaining.xmodel","ang20191016t200430_r6887_c325_w151_h151",fraca,34,1,67,262042,0.971428571429,0.336633663366,0.5,0.333333333333,3.81616757555e-06,0.999740600586,0.701672005888,1,"hard"
"attentiongates_dpu_easy_remaining.xmodel","ang20191010t182147_r4915_c111_w151_h151",fraca,0,0,0,262144,0,0,0,0,0,1,,0,"hard"
"attentiongates_dpu_easy_remaining.xmodel","ang20191017t164928_r10756_c447_w151_h151",fraca,195,1975,69,259905,0.0898617511521,0.738636363636,0.160230073952,0.0870924519875,0.007541622117,0.992202758789,0.150412362003,1,"hard"
"attentiongates_dpu_easy_remaining.xmodel","ang20190927t184620_r11319_c398_w151_h151",fraca,148,7,52,261937,0.954838709677,0.74,0.833802816901,0.714975845411,2.67232690957e-05,0.999774932861,0.919244152661,1,"hard"
"attentiongates_dpu_easy_remaining.xmodel","ang20191016t174016_r5584_c215_w151_h151",fraca,970,39,5086,256049,0.961347869177,0.160171730515,0.274593064402,0.159146841674,0.000152291399831,0.980449676514,0.644765382311,1,"hard"
"attentiongates_dpu_easy_remaining.xmodel","ang20191010t155034_r3347_c498_w151_h151",fraca,0,0,31,262113,0,0,0,0,0,0.999881744385,0.473906831329,1,"hard"
"attentiongates_dpu_easy_remaining.xmodel","ang20191016t171023_r6452_c377_w151_h151",fraca,951,59,1227,259907,0.941584158416,0.436639118457,0.59661229611,0.425122932499,0.00022695275536,0.995094299316,0.643542990853,1,"hard"
"attentiongates_dpu_easy_remaining.xmodel","ang20191023t174017_r8481_c109_w151_h151",fraca,119,0,128,261897,1,0.481781376518,0.650273224044,0.481781376518,0,0.99951171875,0.742330816699,1,"hard"
"attentiongates_dpu_easy_remaining.xmodel","ang20191013t145516_r6319_c499_w151_h151",fraca,448,72,545,261079,0.861538461538,0.451158106747,0.592200925314,0.420657276995,0.000275702562885,0.997646331787,0.613188585963,1,"hard"
"attentiongates_dpu_easy_remaining.xmodel","ang20190928t175550_r6882_c432_w151_h151",fraca,506,39,185,261414,0.928440366972,0.732272069465,0.818770226537,0.693150684932,0.00014916638937,0.999145507812,0.912848250142,1,"hard"
"attentiongates_dpu_easy_remaining.xmodel","ang20191022t184525_r1594_c62_w151_h151",fraca,1933,99,850,259262,0.951279527559,0.694574200503,0.802907580478,0.670714781402,0.000381707349987,0.996379852295,0.92527597729,1,"hard"
"attentiongates_dpu_easy_remaining.xmodel","ang20191023t193139_r3517_c140_w151_h151",fraca,855,42,368,260879,0.953177257525,0.699100572363,0.806603773585,0.675889328063,0.000160968262424,0.998435974121,0.873292473762,1,"hard"
"attentiongates_dpu_easy_remaining.xmodel","ang20191011t191345_r4796_c233_w151_h151",fraca,46,6,92,262000,0.884615384615,0.333333333333,0.484210526316,0.319444444444,2.29002389258e-05,0.999626159668,0.67392300373,1,"hard"
"attentiongates_dpu_easy_remaining.xmodel","ang20191022t175031_r5939_c264_w151_h151",fraca,126,6,74,261938,0.954545454545,0.63,0.759036144578,0.611650485437,2.29056592249e-05,0.999694824219,0.834086137728,1,"hard"
"attentiongates_dpu_easy_remaining.xmodel","ang20190923t183439_r11958_c293_w151_h151",fraca,536,47,4999,256562,0.919382504288,0.0968383017164,0.175220660347,0.0960229308492,0.000183158034208,0.980751037598,0.196650636217,1,"hard"
"attentiongates_dpu_easy_remaining.xmodel","ang20191022t183431_r2378_c366_w151_h151",fraca,345,277,196,261326,0.554662379421,0.637707948244,0.593293207223,0.421760391198,0.00105885635868,0.998195648193,0.621311922766,1,"hard"
"attentiongates_dpu_easy_remaining.xmodel","ang20191019t170014_r2002_c351_w151_h151",fraca,148,55,224,261717,0.729064039409,0.397849462366,0.514782608696,0.346604215457,0.000210106504897,0.998935699463,0.475794066165,1,"hard"
"attentiongates_dpu_easy_remaining.xmodel","ang20191022t191141_r3762_c440_w151_h151",fraca,615,129,90,261310,0.826612903226,0.872340425532,0.848861283644,0.737410071942,0.000493422939959,0.999164581299,0.910734240227,1,"hard"
"attentiongates_dpu_easy_remaining.xmodel","ang20191016t153826_r5359_c360_w151_h151",fraca,106,8,63,261967,0.929824561404,0.627218934911,0.749116607774,0.598870056497,3.05372650062e-05,0.999729156494,0.829475957651,1,"hard"
"attentiongates_dpu_easy_remaining.xmodel","ang20191006t174505_r8318_c402_w151_h151",fraca,169,1818,59,260098,0.0850528434826,0.741228070175,0.152595936795,0.0826001955034,0.00694115670673,0.992839813232,0.545972700223,1,"hard"
"attentiongates_dpu_easy_remaining.xmodel","ang20191006t171344_r6609_c517_w151_h151",fraca,304,5,419,261416,0.983818770227,0.420470262794,0.589147286822,0.417582417582,1.91262369894e-05,0.998382568359,0.787380569801,1,"hard"
"attentiongates_dpu_easy_remaining.xmodel","ang20191022t164918_r3452_c148_w151_h151",fraca,297,16,154,261677,0.948881789137,0.658536585366,0.777486910995,0.635974304069,6.1140343838e-05,0.999351501465,0.864401019909,1,"hard"
"attentiongates_dpu_easy_remaining.xmodel","ang20190926t182043_r2733_c352_w151_h151",fraca,325,152,144,261523,0.681341719078,0.692963752665,0.68710359408,0.523349436393,0.000580873220598,0.998870849609,0.713838663666,1,"hard"
"attentiongates_dpu_easy_remaining.xmodel","ang20191023t145837_r969_c338_w151_h151",fraca,26,3,526,261589,0.896551724138,0.0471014492754,0.0895008605852,0.0468468468468,1.1468240619e-05,0.997982025146,0.120601151869,1,"hard"
"attentiongates_dpu_easy_remaining.xmodel","ang20191017t160033_r11427_c47_w151_h151",fraca,412,83,101,261548,0.832323232323,0.803118908382,0.81746031746,0.691275167785,0.000317240693954,0.999298095703,0.83352023838,1,"hard"
"attentiongates_dpu_easy_remaining.xmodel","ang20190926t171159_r7992_c91_w151_h151",fraca,334,18,48,261744,0.948863636364,0.874345549738,0.910081743869,0.835,6.87647557705e-05,0.99974822998,0.956676766196,1,"hard"
"attentiongates_dpu_easy_remaining.xmodel","ang20190926t172904_r8191_c333_w151_h151",fraca,32,5279,222,256611,0.00602523065336,0.125984251969,0.0115004492363,0.00578348093259,0.0201573179579,0.979015350342,0.00632244645806,1,"hard"
"attentiongates_dpu_easy_remaining.xmodel","ang20191006t152009_r1798_c487_w151_h151",fraca,114,46,61,261923,0.7125,0.651428571429,0.680597014925,0.515837104072,0.00017559329539,0.999591827393,0.652407104007,1,"hard"
"attentiongates_dpu_easy_remaining.xmodel","ang20191016t143714_r2968_c223_w151_h151",fraca,141,5,1400,260598,0.965753424658,0.0914990266061,0.16716064019,0.0912031047865,1.91862718388e-05,0.994640350342,0.171304635723,1,"hard"
"attentiongates_dpu_easy_remaining.xmodel","ang20190927t151239_r5770_c331_w151_h151",fraca,251,39,104,261750,0.865517241379,0.707042253521,0.778294573643,0.637055837563,0.000148974937832,0.999454498291,0.820870766191,1,"hard"
"attentiongates_dpu_easy_remaining.xmodel","ang20191006t172739_r6369_c536_w151_h151",fraca,246,12,433,261453,0.953488372093,0.362297496318,0.525080042689,0.356005788712,4.58952441053e-05,0.998302459717,0.495953602757,1,"hard"
"attentiongates_dpu_easy_remaining.xmodel","ang20191016t155337_r11453_c421_w151_h151",fraca,82,10,130,261922,0.891304347826,0.38679245283,0.539473684211,0.369369369369,3.81778476857e-05,0.999465942383,0.667268208078,1,"hard"
"attentiongates_dpu_easy_remaining.xmodel","ang20191011t194308_r5470_c298_w151_h151",fraca,92,2,85,261965,0.978723404255,0.519774011299,0.678966789668,0.513966480447,7.63454938981e-06,0.999668121338,0.885593882034,1,"hard"
"attentiongates_dpu_easy_remaining.xmodel","ang20191011t163647_r8810_c409_w151_h151",fraca,37,1,25,262081,0.973684210526,0.596774193548,0.74,0.587301587302,3.8155996978e-06,0.999900817871,0.833347035897,1,"hard"
"attentiongates_dpu_easy_remaining.xmodel","ang20191007t180411_r7702_c402_w151_h151",fraca,136,299,172,261537,0.312643678161,0.441558441558,0.366083445491,0.224052718287,0.00114193617379,0.998203277588,0.307526696402,1,"hard"
"attentiongates_dpu_easy_remaining.xmodel","ang20190926t191417_r7044_c188_w151_h151",fraca,152,5,828,261159,0.968152866242,0.155102040816,0.267370272647,0.154314720812,1.91450582776e-05,0.996822357178,0.476131611322,1,"hard"
"attentiongates_dpu_easy_remaining.xmodel","ang20191022t150110_r4122_c407_w151_h151",fraca,141,26,689,261288,0.844311377246,0.169879518072,0.282848545637,0.164719626168,9.94971566774e-05,0.997272491455,0.301531514704,1,"hard"
"attentiongates_dpu_easy_remaining.xmodel","ang20191017t170330_r1503_c32_w151_h151",fraca,0,36,22,262086,0,0,0,0,0.000137340627647,0.999778747559,8.26384969831e-05,1,"hard"
"attentiongates_dpu_easy_remaining.xmodel","ang20190928t183313_r9386_c282_w151_h151",fraca,201,4,845,261094,0.980487804878,0.192160611855,0.321342925659,0.191428571429,1.53199181916e-05,0.996761322021,0.383606771121,1,"hard"
"attentiongates_dpu_easy_remaining.xmodel","ang20191017t170330_r762_c514_w151_h151",fraca,52,0,297,261795,1,0.14899713467,0.259351620948,0.14899713467,0,0.998867034912,0.396314694689,1,"hard"
"attentiongates_dpu_easy_remaining.xmodel","ang20191022t192048_r5198_c309_w151_h151",fraca,77,0,125,261942,1,0.381188118812,0.551971326165,0.381188118812,0,0.999523162842,0.696074169073,1,"hard"
"attentiongates_dpu_easy_remaining.xmodel","ang20191013t144828_r2842_c520_w151_h151",fraca,92,13,553,261486,0.87619047619,0.142635658915,0.245333333333,0.139817629179,4.97133832252e-05,0.997840881348,0.28032856439,1,"hard"
"attentiongates_dpu_easy_remaining.xmodel","ang20191022t165908_r3993_c44_w151_h151",fraca,512,42,151,261439,0.924187725632,0.772247360483,0.841413311422,0.726241134752,0.000160623525227,0.999263763428,0.900482888283,1,"hard"
"attentiongates_dpu_easy_remaining.xmodel","ang20191011t181301_r5184_c82_w151_h151",fraca,6,0,14,262124,1,0.3,0.461538461538,0.3,0,0.999946594238,0.625485050715,1,"hard"
"attentiongates_dpu_easy_remaining.xmodel","ang20191017t150903_r3051_c48_w151_h151",fraca,59,11,54,262020,0.842857142857,0.522123893805,0.644808743169,0.475806451613,4.19797657529e-05,0.999752044678,0.692223119042,1,"hard"
"attentiongates_dpu_easy_remaining.xmodel","ang20191019t171416_r2073_c298_w151_h151",fraca,381,40,205,261518,0.904988123515,0.650170648464,0.756703078451,0.608626198083,0.000152929751719,0.99906539917,0.754511732909,1,"hard"
"attentiongates_dpu_easy_remaining.xmodel","ang20191006t182329_r9431_c223_w151_h151",fraca,40,34,110,261960,0.540540540541,0.266666666667,0.357142857143,0.217391304348,0.000129773964289,0.999450683594,0.249697271862,1,"hard"
"attentiongates_dpu_easy_remaining.xmodel","ang20190924t183641_r12120_c311_w151_h151",fraca,1,0,137,262006,1,0.00724637681159,0.0143884892086,0.00724637681159,0,0.999477386475,0.294167455379,1,"hard"
"attentiongates_dpu_easy_remaining.xmodel","ang20191022t150110_r4057_c323_w151_h151",fraca,162,20,668,261294,0.89010989011,0.195180722892,0.320158102767,0.190588235294,7.65362743672e-05,0.997375488281,0.364265308318,1,"hard"
"attentiongates_dpu_easy_remaining.xmodel","ang20190927t173620_r6630_c421_w151_h151",fraca,291,8,198,261647,0.973244147157,0.59509202454,0.738578680203,0.585513078471,3.05746116069e-05,0.999214172363,0.885192822245,1,"hard"
"attentiongates_dpu_easy_remaining.xmodel","ang20191022t173357_r3908_c437_w151_h151",fraca,257,12,200,261675,0.955390334572,0.562363238512,0.707988980716,0.547974413646,4.58563092549e-05,0.99919128418,0.846348749658,1,"hard"
"attentiongates_dpu_easy_remaining.xmodel","ang20191006t180341_r7440_c429_w151_h151",fraca,56,11,373,261704,0.835820895522,0.130536130536,0.225806451613,0.127272727273,4.20304529737e-05,0.99853515625,0.265514525869,1,"hard"
"attentiongates_dpu_easy_remaining.xmodel","ang20190926t223557_r4139_c225_w151_h151",fraca,57,5,59,262023,0.91935483871,0.491379310345,0.640449438202,0.471074380165,1.90819301754e-05,0.999755859375,0.82021938668,1,"hard"
"attentiongates_dpu_easy_remaining.xmodel","ang20190928t181405_r2149_c243_w151_h151",fraca,320,13,67,261744,0.960960960961,0.826873385013,0.888888888889,0.8,4.96643833785e-05,0.999694824219,0.921190712551,1,"hard"
"attentiongates_dpu_easy_remaining.xmodel","ang20191017t164928_r6688_c260_w151_h151",fraca,32,20,158,261934,0.615384615385,0.168421052632,0.264462809917,0.152380952381,7.63492826985e-05,0.999320983887,0.289204857047,1,"hard"
"attentiongates_dpu_easy_remaining.xmodel","ang20190926t172904_r3349_c562_w151_h151",fraca,303,115,92,261634,0.724880382775,0.767088607595,0.745387453875,0.594117647059,0.000439352203829,0.999210357666,0.656159938291,1,"hard"
"attentiongates_dpu_easy_remaining.xmodel","ang20190926t185727_r6903_c288_w151_h151",fraca,167,8,465,261504,0.954285714286,0.264240506329,0.413878562577,0.2609375,3.0591330417e-05,0.998195648193,0.456997540714,1,"hard"
"attentiongates_dpu_easy_remaining.xmodel","ang20191007t184008_r3035_c411_w151_h151",fraca,138,7,173,261826,0.951724137931,0.443729903537,0.605263157895,0.433962264151,2.67345980071e-05,0.999313354492,0.664884704343,1,"hard"
"attentiongates_dpu_easy_remaining.xmodel","ang20191019t182848_r6046_c81_w151_h151",fraca,359,12,289,261484,0.967654986523,0.554012345679,0.704612365064,0.543939393939,4.58898032857e-05,0.998851776123,0.756929970052,1,"hard"
"attentiongates_dpu_easy_remaining.xmodel","ang20191007t175016_r4889_c526_w151_h151",fraca,21,0,105,262018,1,0.166666666667,0.285714285714,0.166666666667,0,0.999599456787,0.421130960811,1,"hard"
"attentiongates_dpu_easy_remaining.xmodel","ang20191011t192741_r2691_c128_w151_h151",fraca,120,563,107,261354,0.175695461201,0.528634361233,0.263736263736,0.151898734177,0.00214953592169,0.997444152832,0.17425024937,1,"hard"
"attentiongates_dpu_easy_remaining.xmodel","ang20191023t182357_r3420_c144_w151_h151",fraca,147,3,480,261514,0.98,0.234449760766,0.378378378378,0.233333333333,1.14715295755e-05,0.998157501221,0.478395843679,1,"hard"
"attentiongates_dpu_easy_remaining.xmodel","ang20191006t174505_r5751_c335_w151_h151",fraca,226,35,83,261800,0.865900383142,0.731391585761,0.79298245614,0.656976744186,0.000133671968988,0.999549865723,0.872551808344,1,"hard"
"attentiongates_dpu_easy_remaining.xmodel","ang20191011t192741_r7362_c453_w151_h151",fraca,517,25,292,261310,0.953874538745,0.639060568603,0.765358993338,0.619904076739,9.56626552127e-05,0.998790740967,0.886531699572,1,"hard"
"attentiongates_dpu_easy_remaining.xmodel","ang20191011t161719_r2437_c284_w151_h151",fraca,8,11,198,261927,0.421052631579,0.0388349514563,0.0711111111111,0.036866359447,4.19946704945e-05,0.999202728271,0.0637148561053,1,"hard"
"attentiongates_dpu_easy_remaining.xmodel","ang20191019t173905_r2861_c308_w151_h151",fraca,51,11,75,262007,0.822580645161,0.404761904762,0.542553191489,0.372262773723,4.19818485753e-05,0.999671936035,0.498792588937,1,"hard"
"attentiongates_dpu_easy_remaining.xmodel","ang20191006t160931_r10165_c277_w151_h151",fraca,9,75,45,262015,0.107142857143,0.166666666667,0.130434782609,0.0697674418605,0.000286161242321,0.999542236328,0.127339615232,1,"hard"
"attentiongates_dpu_easy_remaining.xmodel","ang20191006t182329_r5877_c264_w151_h151",fraca,107,12,25,262000,0.899159663866,0.810606060606,0.852589641434,0.743055555556,4.57994290338e-05,0.999858856201,0.921426623712,1,"hard"
"attentiongates_dpu_easy_remaining.xmodel","ang20191022t173357_r1119_c519_w151_h151",fraca,21,60,66,261997,0.259259259259,0.241379310345,0.25,0.142857142857,0.000228957822153,0.999519348145,0.172108952974,1,"hard"
"attentiongates_dpu_easy_remaining.xmodel","ang20191017t163235_r6330_c317_w151_h151",fraca,2994,220,2777,256153,0.931549471064,0.518800901057,0.666444073456,0.499749624437,0.000858124685517,0.988567352295,0.740191694654,1,"hard"
"attentiongates_dpu_easy_remaining.xmodel","ang20191006t182329_r2016_c59_w151_h151",fraca,356,120,64,261604,0.747899159664,0.847619047619,0.794642857143,0.659259259259,0.000458498265348,0.999298095703,0.890874077102,1,"hard"
"attentiongates_dpu_easy_remaining.xmodel","ang20191016t165454_r283_c95_w151_h151",fraca,144,2,578,261420,0.986301369863,0.19944598338,0.331797235023,0.198895027624,7.65046553083e-06,0.997787475586,0.338313888128,1,"hard"
"attentiongates_dpu_easy_remaining.xmodel","ang20190923t163307_r12822_c605_w151_h151",fraca,5,1,100,262038,0.833333333333,0.047619047619,0.0900900900901,0.0471698113208,3.81622582898e-06,0.999614715576,0.147376642278,1,"hard"
"attentiongates_dpu_easy_remaining.xmodel","ang20191011t175712_r4592_c251_w151_h151",fraca,56,2,149,261937,0.965517241379,0.273170731707,0.425855513308,0.270531400966,7.63536548586e-06,0.999423980713,0.470209608434,1,"hard"
"attentiongates_dpu_easy_remaining.xmodel","ang20191017t154425_r7934_c553_w151_h151",fraca,494,10,448,261192,0.980158730159,0.524416135881,0.68326417704,0.518907563025,3.82845460601e-05,0.998252868652,0.732134714374,1,"hard"
"attentiongates_dpu_easy_remaining.xmodel","ang20191006t164135_r11597_c261_w151_h151",fraca,181,15,190,261758,0.923469387755,0.487870619946,0.638447971781,0.468911917098,5.73015551642e-05,0.999217987061,0.765280515027,1,"hard"
"attentiongates_dpu_easy_remaining.xmodel","ang20191016t153826_r8147_c160_w151_h151",fraca,373,362,295,261114,0.507482993197,0.558383233533,0.531717747684,0.36213592233,0.00138444828588,0.997493743896,0.537499486841,1,"hard"
"attentiongates_dpu_easy_remaining.xmodel","ang20191017t144928_r9603_c193_w151_h151",fraca,105,115,148,261776,0.477272727273,0.415019762846,0.443974630021,0.285326086957,0.000439113982535,0.998996734619,0.326726208916,1,"hard"
"attentiongates_dpu_easy_remaining.xmodel","ang20191022t172245_r2236_c515_w151_h151",fraca,119,8,230,261787,0.937007874016,0.340974212034,0.5,0.333333333333,3.05582612349e-05,0.999092102051,0.483380058326,1,"hard"
"attentiongates_dpu_easy_remaining.xmodel","ang20190927t182905_r1592_c329_w151_h151",fraca,26,0,27,262091,1,0.490566037736,0.658227848101,0.490566037736,0,0.999897003174,0.694858701173,1,"hard"
"attentiongates_dpu_easy_remaining.xmodel","ang20191016t163955_r2589_c89_w151_h151",fraca,39,6,419,261680,0.866666666667,0.0851528384279,0.155069582505,0.0840517241379,2.29282422445e-05,0.998378753662,0.098395758308,1,"hard"
"attentiongates_dpu_easy_remaining.xmodel","ang20191017t143318_r6653_c313_w151_h151",fraca,42,5,75,262022,0.893617021277,0.358974358974,0.512195121951,0.344262295082,1.90820029997e-05,0.999694824219,0.592994698707,1,"hard"
"attentiongates_dpu_easy_remaining.xmodel","ang20191017t174946_r10277_c360_w151_h151",fraca,1110,16,474,260544,0.985790408526,0.700757575758,0.819188191882,0.69375,6.14062020264e-05,0.99813079834,0.913269499698,1,"hard"
"attentiongates_dpu_easy_remaining.xmodel","ang20191011t171218_r2904_c116_w151_h151",fraca,2,0,118,262024,1,0.0166666666667,0.0327868852459,0.0166666666667,0,0.999549865723,0.389499110874,1,"hard"
"attentiongates_dpu_easy_remaining.xmodel","ang20191013t152730_r7052_c86_w151_h151",fraca,2370,236,10150,249388,0.909439754413,0.189297124601,0.313367711226,0.185794920038,0.000945421914559,0.960380554199,0.428172063264,1,"hard"
"attentiongates_dpu_easy_remaining.xmodel","ang20191016t152245_r7098_c320_w151_h151",fraca,26,0,35,262083,1,0.426229508197,0.597701149425,0.426229508197,0,0.999866485596,0.671070673884,1,"hard"
"attentiongates_dpu_easy_remaining.xmodel","ang20191006t150453_r1807_c85_w151_h151",fraca,29,6,2277,259832,0.828571428571,0.0125758889853,0.0247757368646,0.0125432525952,2.30913107398e-05,0.991291046143,0.0507534584226,1,"hard"
"attentiongates_dpu_easy_remaining.xmodel","ang20191019t171416_r2192_c262_w151_h151",fraca,382,28,204,261530,0.931707317073,0.651877133106,0.767068273092,0.622149837134,0.000107050826203,0.999114990234,0.793863256714,1,"hard"
"attentiongates_dpu_easy_remaining.xmodel","ang20191016t175642_r10789_c230_w151_h151",fraca,19,1,29,262095,0.95,0.395833333333,0.558823529412,0.387755102041,3.81539588548e-06,0.999885559082,0.723887210405,1,"hard"
"attentiongates_dpu_easy_remaining.xmodel","ang20191013t144828_r697_c43_w151_h151",fraca,563,58,375,261148,0.906602254428,0.600213219616,0.722257857601,0.565261044177,0.000222046966762,0.998348236084,0.746732120242,1,"hard"
"attentiongates_dpu_easy_remaining.xmodel","ang20191011t175712_r958_c410_w151_h151",fraca,0,63,27,262054,0,0,0,0,0.000240350683092,0.999656677246,0.0584490436053,1,"hard"
"attentiongates_dpu_easy_remaining.xmodel","ang20191011t192741_r10154_c395_w151_h151",fraca,8,3,36,262097,0.727272727273,0.181818181818,0.290909090909,0.170212765957,1.14460129721e-05,0.999851226807,0.387307787259,1,"hard"
"attentiongates_dpu_easy_remaining.xmodel","ang20191007t193705_r2739_c559_w151_h151",fraca,205,7,414,261518,0.966981132075,0.331179321486,0.493381468111,0.327476038339,2.67660835484e-05,0.998394012451,0.532571085144,1,"hard"
"attentiongates_dpu_easy_remaining.xmodel","ang20191019t164827_r4292_c325_w151_h151",fraca,99,7,85,261953,0.933962264151,0.538043478261,0.68275862069,0.51832460733,2.67216368911e-05,0.999649047852,0.784501240104,1,"hard"
"attentiongates_dpu_easy_remaining.xmodel","ang20190928t185111_r1236_c350_w151_h151",fraca,306,16,234,261588,0.950310559006,0.566666666667,0.709976798144,0.55035971223,6.1161144325e-05,0.999046325684,0.782183072785,1,"hard"
"attentiongates_dpu_easy_remaining.xmodel","ang20191011t182731_r2914_c320_w151_h151",fraca,8,0,83,262053,1,0.0879120879121,0.161616161616,0.0879120879121,0,0.999683380127,0.234202294258,1,"hard"
"attentiongates_dpu_easy_remaining.xmodel","ang20191017t180347_r8010_c129_w151_h151",fraca,241,880,244,260779,0.21498661909,0.496907216495,0.300124533001,0.176556776557,0.00336315586317,0.995712280273,0.29050845364,1,"hard"
"attentiongates_dpu_easy_remaining.xmodel","ang20191017t170330_r3709_c175_w151_h151",fraca,1219,2565,548,257812,0.322145877378,0.68986983588,0.439200144118,0.281394275162,0.00985110051963,0.988124847412,0.411932714439,1,"hard"
"attentiongates_dpu_easy_remaining.xmodel","ang20191017t182024_r5925_c296_w151_h151",fraca,1,0,17,262126,1,0.0555555555556,0.105263157895,0.0555555555556,0,0.999935150146,0.569040012604,1,"hard"
"attentiongates_dpu_easy_remaining.xmodel","ang20190922t192642_r4928_c373_w151_h151",fraca,58,13,226,261847,0.816901408451,0.204225352113,0.32676056338,0.195286195286,4.96448483923e-05,0.999088287354,0.591754147957,1,"hard"
"attentiongates_dpu_easy_remaining.xmodel","ang20191006t171344_r7119_c516_w151_h151",fraca,21,2,168,261953,0.913043478261,0.111111111111,0.198113207547,0.109947643979,7.6348991239e-06,0.999351501465,0.505629871109,1,"hard"
"attentiongates_dpu_easy_remaining.xmodel","ang20190923t163307_r13596_c639_w151_h151",fraca,77,60,273,261734,0.56204379562,0.22,0.316221765914,0.187804878049,0.00022918783471,0.998729705811,0.274116005991,1,"hard"
"attentiongates_dpu_easy_remaining.xmodel","ang20191011t181301_r10726_c523_w151_h151",fraca,202,14,118,261810,0.935185185185,0.63125,0.753731343284,0.604790419162,5.3471033977e-05,0.999496459961,0.891211767797,1,"hard"
"attentiongates_dpu_easy_remaining.xmodel","ang20191016t195058_r416_c816_w151_h151",fraca,1935,86,1400,258723,0.957446808511,0.580209895052,0.722554144884,0.565624086524,0.000332291380903,0.994331359863,0.77193587794,1,"hard"
"attentiongates_dpu_easy_remaining.xmodel","ang20191016t165454_r7176_c190_w151_h151",fraca,42,1,57,262044,0.976744186047,0.424242424242,0.591549295775,0.42,3.8161384495e-06,0.999778747559,0.739324111959,1,"hard"
"attentiongates_dpu_easy_remaining.xmodel","ang20190926t223557_r2988_c24_w151_h151",fraca,29,1,67,262047,0.966666666667,0.302083333333,0.460317460317,0.298969072165,3.81609476127e-06,0.999740600586,0.749130446199,1,"hard"
"attentiongates_dpu_easy_remaining.xmodel","ang20191016t155337_r7832_c527_w151_h151",fraca,3099,261,845,257939,0.922321428571,0.785750507099,0.848576122673,0.736979785969,0.00101084430674,0.995780944824,0.910768336545,1,"hard"
"attentiongates_dpu_easy_remaining.xmodel","ang20191022t165908_r4089_c472_w151_h151",fraca,163,9,161,261811,0.947674418605,0.503086419753,0.657258064516,0.489489489489,3.43747612864e-05,0.999351501465,0.633555644616,1,"hard"
"attentiongates_dpu_easy_remaining.xmodel","ang20191016t152245_r9146_c549_w151_h151",fraca,10,3,15,262116,0.769230769231,0.4,0.526315789474,0.357142857143,1.14451832946e-05,0.999931335449,0.621773149087,1,"hard"
"attentiongates_dpu_easy_remaining.xmodel","ang20191006t171344_r528_c506_w151_h151",fraca,95,9,203,261837,0.913461538462,0.318791946309,0.47263681592,0.309446254072,3.43713480443e-05,0.99919128418,0.51938806864,1,"hard"
"attentiongates_dpu_easy_remaining.xmodel","ang20191011t182731_r2675_c491_w151_h151",fraca,0,0,91,262053,0,0,0,0,0,0.999652862549,0.204642229508,1,"hard"
"attentiongates_dpu_easy_remaining.xmodel","ang20191019t183727_r5903_c124_w151_h151",fraca,380,33,143,261588,0.9200968523,0.726577437859,0.811965811966,0.68345323741,0.000126136663341,0.999328613281,0.874709626203,1,"hard"
"attentiongates_dpu_easy_remaining.xmodel","ang20190927t171836_r11777_c526_w151_h151",fraca,973,103,170,260898,0.904275092937,0.851268591426,0.876971608833,0.780898876404,0.000394634503316,0.998958587646,0.955273372132,1,"hard"
"attentiongates_dpu_easy_remaining.xmodel","ang20191016t171023_r5974_c472_w151_h151",fraca,39,0,194,261911,1,0.167381974249,0.286764705882,0.167381974249,0,0.99925994873,0.721421589618,1,"hard"
"attentiongates_dpu_easy_remaining.xmodel","ang20191013t152730_r7245_c298_w151_h151",fraca,1958,246,6611,253329,0.888384754991,0.228498074454,0.363501345957,0.222121384005,0.000970127181307,0.97384262085,0.458068084083,1,"hard"
"attentiongates_dpu_easy_remaining.xmodel","ang20191019t184718_r1275_c527_w151_h151",fraca,287,19,637,261201,0.937908496732,0.310606060606,0.466666666667,0.304347826087,7.27356251436e-05,0.997497558594,0.487627752499,1,"hard"
"attentiongates_dpu_easy_remaining.xmodel","ang20191013t145516_r6548_c542_w151_h151",fraca,353,45,1731,260015,0.886934673367,0.169385796545,0.284448025786,0.165805542508,0.000173036991464,0.993225097656,0.361002836595,1,"hard"
"attentiongates_dpu_easy_remaining.xmodel","ang20191013t145516_r6578_c510_w151_h151",fraca,40,16,1617,260471,0.714285714286,0.02414001207,0.0467016929364,0.0239091452481,6.14234107652e-05,0.993770599365,0.0303406011002,1,"hard"
"attentiongates_dpu_easy_remaining.xmodel","ang20190927t173620_r10774_c528_w151_h151",fraca,369,162,230,261383,0.694915254237,0.616026711185,0.653097345133,0.484888304862,0.000619396279799,0.998504638672,0.726654184747,1,"hard"
"attentiongates_dpu_easy_remaining.xmodel","ang20191017t191119_r1314_c197_w151_h151",fraca,6,0,124,262014,1,0.0461538461538,0.0882352941176,0.0461538461538,0,0.999526977539,0.195717883328,1,"hard"
"attentiongates_dpu_easy_remaining.xmodel","ang20191007t193705_r7885_c86_w151_h151",fraca,35,0,178,261931,1,0.164319248826,0.282258064516,0.164319248826,0,0.999320983887,0.514213631008,1,"hard"
"attentiongates_dpu_easy_remaining.xmodel","ang20191013t144828_r3782_c461_w151_h151",fraca,189,46,391,261518,0.804255319149,0.325862068966,0.463803680982,0.301916932907,0.000175865180224,0.998332977295,0.419217000226,1,"hard"
"attentiongates_dpu_easy_remaining.xmodel","ang20191022t184525_r2341_c36_w151_h151",fraca,60,12,56,262016,0.833333333333,0.51724137931,0.63829787234,0.46875,4.5796632421e-05,0.999740600586,0.653978725539,1,"hard"
"attentiongates_dpu_easy_remaining.xmodel","ang20191008t183946_r6239_c233_w151_h151",fraca,25,12,60,262047,0.675675675676,0.294117647059,0.409836065574,0.257731958763,4.57912149554e-05,0.999725341797,0.409685242162,1,"hard"
"attentiongates_dpu_easy_remaining.xmodel","ang20191007t190840_r8184_c152_w151_h151",fraca,37,266,200,261641,0.122112211221,0.15611814346,0.137037037037,0.0735586481113,0.00101562768464,0.998222351074,0.123457341214,1,"hard"
"attentiongates_dpu_easy_remaining.xmodel","ang20190924t183641_r12619_c558_w151_h151",fraca,3,0,50,262091,1,0.0566037735849,0.107142857143,0.0566037735849,0,0.999809265137,0.414378057898,1,"hard"
"attentiongates_dpu_easy_remaining.xmodel","ang20191013t173258_r104_c646_w151_h151",fraca,142,15,66,261921,0.904458598726,0.682692307692,0.778082191781,0.636771300448,5.7265897013e-05,0.999691009521,0.834014788841,1,"hard"
"attentiongates_dpu_easy_remaining.xmodel","ang20191022t152357_r5293_c281_w151_h151",fraca,4431,290,1333,256090,0.938572336369,0.768736988203,0.845207439199,0.731912784936,0.00113113347375,0.993808746338,0.877704031121,1,"hard"
"attentiongates_dpu_easy_remaining.xmodel","ang20191007t190840_r7494_c425_w151_h151",fraca,24,0,39,262081,1,0.380952380952,0.551724137931,0.380952380952,0,0.999851226807,0.845624547427,1,"hard"
"attentiongates_dpu_easy_remaining.xmodel","ang20190928t175550_r8789_c183_w151_h151",fraca,131,49,102,261862,0.727777777778,0.562231759657,0.634382566586,0.464539007092,0.000187086453032,0.999423980713,0.679815505382,1,"hard"
"attentiongates_dpu_easy_remaining.xmodel","ang20190927t190436_r7288_c42_w151_h151",fraca,26,0,311,261807,1,0.0771513353116,0.143250688705,0.0771513353116,0,0.99881362915,0.23224292241,1,"hard"
"attentiongates_dpu_easy_remaining.xmodel","ang20191006t164135_r10178_c163_w151_h151",fraca,365,6,742,261031,0.983827493261,0.329719963866,0.493910690122,0.327942497754,2.29852473021e-05,0.997146606445,0.579297564579,1,"hard"
"attentiongates_dpu_easy_remaining.xmodel","ang20191006t162415_r6910_c231_w151_h151",fraca,497,44,88,261515,0.918669131238,0.849572649573,0.882770870337,0.790143084261,0.000168222083736,0.999496459961,0.940108867349,1,"hard"
"attentiongates_dpu_easy_remaining.xmodel","ang20191007t184008_r10222_c448_w151_h151",fraca,10,0,40,262094,1,0.2,0.333333333333,0.2,0,0.999847412109,0.686123882739,1,"hard"
"attentiongates_dpu_easy_remaining.xmodel","ang20191016t163955_r5549_c307_w151_h151",fraca,2397,3495,591,255661,0.406822810591,0.802208835341,0.539864864865,0.369736233225,0.013486085601,0.984413146973,0.506617458203,1,"hard"
"attentiongates_dpu_easy_remaining.xmodel","ang20191006t164135_r10153_c33_w151_h151",fraca,611,27,496,261010,0.957680250784,0.551942186089,0.700286532951,0.538800705467,0.000103433612859,0.99800491333,0.800458275473,1,"hard"
"attentiongates_dpu_easy_remaining.xmodel","ang20191019t170014_r10999_c380_w151_h151",fraca,719,48,230,261147,0.93741851369,0.757639620653,0.837995337995,0.721163490471,0.000183770745994,0.99893951416,0.88595397373,1,"hard"
"attentiongates_dpu_easy_remaining.xmodel","ang20191006t150453_r5792_c230_w151_h151",fraca,562,44,1051,260487,0.927392739274,0.348419094854,0.506534474989,0.339167169584,0.000168885852355,0.995822906494,0.674097437912,1,"hard"
"attentiongates_dpu_easy_remaining.xmodel","ang20190926t223557_r5830_c155_w151_h151",fraca,99,9,37,261999,0.916666666667,0.727941176471,0.811475409836,0.68275862069,3.43500961803e-05,0.999824523926,0.876219696972,1,"hard"
"attentiongates_dpu_easy_remaining.xmodel","ang20191006t165608_r11244_c455_w151_h151",fraca,82,8,103,261951,0.911111111111,0.443243243243,0.596363636364,0.424870466321,3.05391301692e-05,0.999576568604,0.699641521386,1,"hard"
"attentiongates_dpu_easy_remaining.xmodel","ang20191017t164928_r594_c397_w151_h151",fraca,576,29,175,261364,0.952066115702,0.766977363515,0.849557522124,0.738461538462,0.000110944057415,0.999221801758,0.917619868214,1,"hard"
"attentiongates_dpu_easy_remaining.xmodel","ang20191011t191345_r6299_c361_w151_h151",fraca,0,0,22,262122,0,0,0,0,0,0.99991607666,0.220409962253,1,"hard"
"attentiongates_dpu_easy_remaining.xmodel","ang20191022t192048_r4785_c373_w151_h151",fraca,576,22,150,261396,0.963210702341,0.793388429752,0.870090634441,0.770053475936,8.41564085105e-05,0.99934387207,0.933981860443,1,"hard"
"attentiongates_dpu_easy_remaining.xmodel","ang20191010t161700_r8845_c3_w151_h151",fraca,1,0,46,262097,1,0.0212765957447,0.0416666666667,0.0212765957447,0,0.999824523926,0.543046155306,1,"hard"
"attentiongates_dpu_easy_remaining.xmodel","ang20191016t145145_r8966_c264_w151_h151",fraca,4,0,54,262086,1,0.0689655172414,0.129032258065,0.0689655172414,0,0.999794006348,0.286277942243,1,"hard"
"attentiongates_dpu_easy_remaining.xmodel","ang20191011t163647_r5264_c395_w151_h151",fraca,121,11,456,261556,0.916666666667,0.209705372617,0.341325811001,0.205782312925,4.20542346703e-05,0.998218536377,0.450737148907,1,"hard"
"attentiongates_dpu_easy_remaining.xmodel","ang20191023t165811_r4914_c354_w151_h151",fraca,381,20,144,261599,0.950124688279,0.725714285714,0.822894168467,0.699082568807,7.64470470417e-05,0.999374389648,0.92765750545,1,"hard"
"attentiongates_dpu_easy_remaining.xmodel","ang20191019t184718_r6044_c83_w151_h151",fraca,245,15,217,261667,0.942307692308,0.530303030303,0.678670360111,0.513626834382,5.73214817985e-05,0.999114990234,0.697632002772,1,"hard"
"attentiongates_dpu_easy_remaining.xmodel","ang20191022t173357_r2340_c8_w151_h151",fraca,62,119,58,261905,0.342541436464,0.516666666667,0.41196013289,0.259414225941,0.000454156871126,0.999324798584,0.266707428658,1,"hard"
"attentiongates_dpu_easy_remaining.xmodel","ang20191017t170330_r677_c291_w151_h151",fraca,51,20,298,261775,0.718309859155,0.146131805158,0.242857142857,0.138211382114,7.63956530873e-05,0.99878692627,0.393430193939,1,"hard"
"attentiongates_dpu_easy_remaining.xmodel","ang20190927t184620_r7506_c426_w151_h151",fraca,314,116,181,261533,0.73023255814,0.634343434343,0.678918918919,0.513911620295,0.000443342034558,0.998867034912,0.671675876595,1,"hard"
"attentiongates_dpu_easy_remaining.xmodel","ang20191019t172500_r10990_c375_w151_h151",fraca,274,13,645,261212,0.954703832753,0.298150163221,0.454394693201,0.293991416309,4.97655278017e-05,0.997489929199,0.454298694869,1,"hard"
"attentiongates_dpu_easy_remaining.xmodel","ang20191019t172500_r6838_c563_w151_h151",fraca,673,60,293,261118,0.918144611187,0.6966873706,0.792230723955,0.655945419103,0.000229728384473,0.998653411865,0.864294197316,1,"hard"
"attentiongates_dpu_easy_remaining.xmodel","ang20191006t172739_r6284_c381_w151_h151",fraca,71,15,811,261247,0.825581395349,0.0804988662132,0.146694214876,0.0791527313266,5.74136307615e-05,0.996849060059,0.314880129219,1,"hard"
"attentiongates_dpu_easy_remaining.xmodel","ang20191006t165608_r8248_c345_w151_h151",fraca,189,6,48,261901,0.969230769231,0.79746835443,0.875,0.777777777778,2.29088951422e-05,0.999794006348,0.939620645402,1,"hard"
"attentiongates_dpu_easy_remaining.xmodel","ang20190927t164322_r10185_c44_w151_h151",fraca,549,61,467,261067,0.9,0.540354330709,0.675276752768,0.509749303621,0.000233601911706,0.997985839844,0.734767663495,1,"hard"
"attentiongates_dpu_easy_remaining.xmodel","ang20191016t145145_r3279_c318_w151_h151",fraca,39,3,39,262063,0.928571428571,0.5,0.65,0.481481481481,1.14474979585e-05,0.999839782715,0.850489448995,1,"hard"
"attentiongates_dpu_easy_remaining.xmodel","ang20191017t171949_r1871_c381_w151_h151",fraca,6,0,1744,260394,1,0.00342857142857,0.00683371298405,0.00342857142857,0,0.993347167969,0.0198894095169,1,"hard"
"attentiongates_dpu_easy_remaining.xmodel","ang20190923t163307_r11597_c539_w151_h151",fraca,31,0,101,262012,1,0.234848484848,0.38036809816,0.234848484848,0,0.999614715576,0.620477819248,1,"hard"
"attentiongates_dpu_easy_remaining.xmodel","ang20190927t182905_r6901_c261_w151_h151",fraca,105,11,175,261853,0.905172413793,0.375,0.530303030303,0.360824742268,4.20065377448e-05,0.999290466309,0.492538732444,1,"hard"
"attentiongates_dpu_easy_remaining.xmodel","ang20190926t223557_r2793_c508_w151_h151",fraca,26,6,12,262100,0.8125,0.684210526316,0.742857142857,0.590909090909,2.28915019114e-05,0.999931335449,0.890295449421,1,"hard"
"attentiongates_dpu_easy_remaining.xmodel","ang20191007t201917_r6959_c1883_w151_h151",fraca,16,0,45,262083,1,0.262295081967,0.415584415584,0.262295081967,0,0.999828338623,0.377513812204,1,"hard"
"attentiongates_dpu_easy_remaining.xmodel","ang20191006t165608_r3827_c49_w151_h151",fraca,13674,958,8330,239182,0.934527063969,0.621432466824,0.746478873239,0.595505617978,0.00398933955193,0.964569091797,0.84007828598,1,"hard"
"attentiongates_dpu_easy_remaining.xmodel","ang20191006t150453_r2368_c105_w151_h151",fraca,208,18,380,261538,0.920353982301,0.353741496599,0.511056511057,0.343234323432,6.88189144963e-05,0.998481750488,0.435963118196,1,"hard"
"attentiongates_dpu_easy_remaining.xmodel","ang20191006t165608_r1067_c494_w151_h151",fraca,1842,95,584,259623,0.950955085183,0.759274525969,0.844373137749,0.730662435541,0.000365781347461,0.997409820557,0.911392464854,1,"hard"
"attentiongates_dpu_easy_remaining.xmodel","ang20191007t193705_r2294_c90_w151_h151",fraca,56,1,42,262045,0.982456140351,0.571428571429,0.722580645161,0.565656565657,3.81612388665e-06,0.999835968018,0.758560169569,1,"hard"
"attentiongates_dpu_easy_remaining.xmodel","ang20191016t163955_r5157_c260_w151_h151",fraca,97,74,188,261785,0.567251461988,0.340350877193,0.425438596491,0.270194986072,0.00028259483157,0.999000549316,0.372350165006,1,"hard"
"attentiongates_dpu_easy_remaining.xmodel","ang20191016t165454_r596_c345_w151_h151",fraca,626,16,940,260562,0.97507788162,0.399744572158,0.567028985507,0.395701643489,6.14019602576e-05,0.996353149414,0.690904180712,1,"hard"
"attentiongates_dpu_easy_remaining.xmodel","ang20190923t181729_r2423_c148_w151_h151",fraca,77,8,29,262030,0.905882352941,0.72641509434,0.806282722513,0.675438596491,3.05299231409e-05,0.999858856201,0.909903413391,1,"hard"
"attentiongates_dpu_easy_remaining.xmodel","ang20191023t182357_r9451_c132_w151_h151",fraca,19524,1133,12455,229032,0.945151764535,0.610525657463,0.741849684626,0.589635177579,0.00492255555797,0.948165893555,0.83086132168,1,"hard"
"attentiongates_dpu_easy_remaining.xmodel","ang20191007t195115_r2387_c379_w151_h151",fraca,41,2,125,261976,0.953488372093,0.246987951807,0.392344497608,0.244047619048,7.63422882837e-06,0.999515533447,0.408163052783,1,"hard"
"attentiongates_dpu_easy_remaining.xmodel","ang20190926t163428_r7652_c191_w151_h151",fraca,37,3,28,262076,0.925,0.569230769231,0.704761904762,0.544117647059,1.14469301241e-05,0.999881744385,0.860153735675,1,"hard"
"attentiongates_dpu_easy_remaining.xmodel","ang20190923t163307_r4370_c239_w151_h151",fraca,410,44,257,261433,0.903083700441,0.614692653673,0.731489741302,0.576652601969,0.000168274838705,0.998851776123,0.78954906721,1,"hard"
"attentiongates_dpu_easy_remaining.xmodel","ang20191016t181351_r1747_c71_w151_h151",fraca,4,0,11,262129,1,0.266666666667,0.421052631579,0.266666666667,0,0.99995803833,0.886549145299,1,"hard"
"attentiongates_dpu_easy_remaining.xmodel","ang20191017t163235_r2777_c162_w151_h151",fraca,35,5,87,262017,0.875,0.286885245902,0.432098765432,0.275590551181,1.90823671295e-05,0.999649047852,0.405603866512,1,"hard"
"attentiongates_dpu_easy_remaining.xmodel","ang20191019t163936_r4058_c274_w151_h151",fraca,47,1,52,262044,0.979166666667,0.474747474747,0.639455782313,0.47,3.8161384495e-06,0.999797821045,0.748358810934,1,"hard"
"attentiongates_dpu_easy_remaining.xmodel","ang20191023t142135_r14457_c557_w151_h151",fraca,4,0,84,262056,1,0.0454545454545,0.0869565217391,0.0454545454545,0,0.99967956543,0.199540868893,1,"hard"
"attentiongates_dpu_easy_remaining.xmodel","ang20191023t180821_r9422_c552_w151_h151",fraca,7182,320,11164,243478,0.957344708078,0.391474980922,0.555710306407,0.384763741562,0.00131256203907,0.956192016602,0.743066956934,1,"hard"
"attentiongates_dpu_easy_remaining.xmodel","ang20191017t160033_r7323_c185_w151_h151",fraca,645,185,593,260721,0.777108433735,0.521001615509,0.623791102515,0.453267744202,0.000709067633554,0.997032165527,0.547368191505,1,"hard"
"attentiongates_dpu_easy_remaining.xmodel","ang20191006t155231_r8094_c179_w151_h151",fraca,980,87,758,260319,0.918462980319,0.563866513234,0.698752228164,0.53698630137,0.000334093684477,0.996776580811,0.743733831931,1,"hard"
"attentiongates_dpu_easy_remaining.xmodel","ang20190923t170747_r6732_c289_w151_h151",fraca,120,20,67,261937,0.857142857143,0.641711229947,0.733944954128,0.579710144928,7.63484083266e-05,0.999668121338,0.842198712047,1,"hard"
"attentiongates_dpu_easy_remaining.xmodel","ang20191011t185825_r10236_c443_w151_h151",fraca,2368,97,843,258836,0.960649087221,0.737464964186,0.834390415786,0.715840386941,0.000374614282459,0.99641418457,0.91329653919,1,"hard"
"attentiongates_dpu_easy_remaining.xmodel","ang20191019t171416_r5586_c43_w151_h151",fraca,226,629,191,261098,0.26432748538,0.541966426859,0.35534591195,0.216061185468,0.00240326752685,0.996871948242,0.271862635667,1,"hard"
"attentiongates_dpu_easy_remaining.xmodel","ang20191016t153826_r7139_c427_w151_h151",fraca,0,9,9,262126,0,0,0,0,3.43334541362e-05,0.999931335449,2.96607531266e-05,1,"hard"
"attentiongates_dpu_easy_remaining.xmodel","ang20191022t183431_r3309_c278_w151_h151",fraca,916,69,146,261013,0.929949238579,0.86252354049,0.894968246214,0.809902740937,0.000264284784091,0.999179840088,0.941393782018,1,"hard"
"attentiongates_dpu_easy_remaining.xmodel","ang20191007t184008_r2748_c324_w151_h151",fraca,286,4,390,261464,0.986206896552,0.423076923077,0.592132505176,0.420588235294,1.52982391727e-05,0.998497009277,0.803226605373,1,"hard"
"attentiongates_dpu_easy_remaining.xmodel","ang20191011t185825_r9617_c261_w151_h151",fraca,20,2,113,262009,0.909090909091,0.15037593985,0.258064516129,0.148148148148,7.63326730557e-06,0.999561309814,0.425161365463,1,"hard"
"attentiongates_dpu_easy_remaining.xmodel","ang20191006t182329_r4796_c502_w151_h151",fraca,115,13,44,261972,0.8984375,0.723270440252,0.801393728223,0.668604651163,4.96211615169e-05,0.999782562256,0.895033057979,1,"hard"
"attentiongates_dpu_easy_remaining.xmodel","ang20191006t164135_r1114_c37_w151_h151",fraca,2258,296,808,258782,0.884103367267,0.736464448793,0.803558718861,0.671624033314,0.00114251306556,0.995788574219,0.808348066478,1,"hard"
"attentiongates_dpu_easy_remaining.xmodel","ang20191019t162211_r4062_c270_w151_h151",fraca,117,2,229,261796,0.983193277311,0.338150289017,0.503225806452,0.336206896552,7.6394777653e-06,0.999118804932,0.520404893344,1,"hard"
"attentiongates_dpu_easy_remaining.xmodel","ang20190927t175410_r3898_c88_w151_h151",fraca,135,385,258,261366,0.259615384615,0.343511450382,0.295728368018,0.1735218509,0.00147086353061,0.997547149658,0.275134601673,1,"hard"
"attentiongates_dpu_easy_remaining.xmodel","ang20191019t185452_r16114_c447_w151_h151",fraca,401,44,296,261403,0.901123595506,0.575322812052,0.702276707531,0.541160593792,0.000168294147571,0.99870300293,0.709712620161,1,"hard"
"attentiongates_dpu_easy_remaining.xmodel","ang20191008t151045_r14764_c437_w151_h151",fraca,5,3,36,262100,0.625,0.121951219512,0.204081632653,0.113636363636,1.14458819624e-05,0.999851226807,0.484096232073,1,"hard"
"attentiongates_dpu_easy_remaining.xmodel","ang20191017t143318_r6133_c142_w151_h151",fraca,10,0,47,262087,1,0.175438596491,0.298507462687,0.175438596491,0,0.999820709229,0.68588884937,1,"hard"
"attentiongates_dpu_easy_remaining.xmodel","ang20191011t185825_r3021_c473_w151_h151",fraca,247,12,444,261441,0.953667953668,0.357452966715,0.52,0.351351351351,4.58973505754e-05,0.998260498047,0.653968880344,1,"hard"
"attentiongates_dpu_easy_remaining.xmodel","ang20191022t152357_r5468_c488_w151_h151",fraca,46,130,560,261408,0.261363636364,0.0759075907591,0.117647058824,0.0625,0.000497059700694,0.997367858887,0.0667323111793,1,"hard"
"attentiongates_dpu_easy_remaining.xmodel","ang20190923t174142_r7604_c458_w151_h151",fraca,143,5,193,261803,0.966216216216,0.425595238095,0.590909090909,0.41935483871,1.90979649209e-05,0.999244689941,0.627357226097,1,"hard"
"attentiongates_dpu_easy_remaining.xmodel","ang20191017t152518_r10030_c286_w151_h151",fraca,101,8,33,262002,0.926605504587,0.753731343284,0.831275720165,0.711267605634,3.05331857563e-05,0.999843597412,0.886545832735,1,"hard"
"attentiongates_dpu_easy_remaining.xmodel","ang20191006t180341_r9393_c74_w151_h151",fraca,0,0,34,262110,0,0,0,0,0,0.999870300293,0.575027245913,1,"hard"
"attentiongates_dpu_easy_remaining.xmodel","ang20190924t172057_r723_c368_w151_h151",fraca,42,6,226,261870,0.875,0.15671641791,0.26582278481,0.153284671533,2.29116070201e-05,0.999114990234,0.429265360672,1,"hard"
"attentiongates_dpu_easy_remaining.xmodel","ang20191017t180347_r5261_c358_w151_h151",fraca,19,13,24,262088,0.59375,0.441860465116,0.506666666667,0.339285714286,4.95992003083e-05,0.999858856201,0.53435027581,1,"hard"
"attentiongates_dpu_easy_remaining.xmodel","ang20191007t195115_r2286_c39_w151_h151",fraca,157,13,272,261702,0.923529411765,0.365967365967,0.524207011686,0.35520361991,4.96723535143e-05,0.998912811279,0.6778326372,1,"hard"
"attentiongates_dpu_easy_remaining.xmodel","ang20191017t170330_r1517_c72_w151_h151",fraca,4,0,18,262122,1,0.181818181818,0.307692307692,0.181818181818,0,0.999931335449,0.593325906781,1,"hard"
"attentiongates_dpu_easy_remaining.xmodel","ang20191022t181138_r263_c319_w151_h151",fraca,48,2,86,262008,0.96,0.358208955224,0.521739130435,0.352941176471,7.63329643907e-06,0.999664306641,0.580822880148,1,"hard"
"attentiongates_dpu_easy_remaining.xmodel","ang20191008t172458_r3311_c293_w151_h151",fraca,6,0,110,262028,1,0.051724137931,0.0983606557377,0.051724137931,0,0.999580383301,0.57836740112,1,"hard"
"attentiongates_dpu_easy_remaining.xmodel","ang20191017t163235_r8296_c165_w151_h151",fraca,484,287,91,261282,0.62775616083,0.841739130435,0.719167904903,0.561484918794,0.00109722482404,0.998558044434,0.822173835056,1,"hard"
"attentiongates_dpu_easy_remaining.xmodel","ang20191008t195936_r4543_c312_w151_h151",fraca,68,0,45,262031,1,0.601769911504,0.75138121547,0.601769911504,0,0.999828338623,0.815759738141,1,"hard"
"attentiongates_dpu_easy_remaining.xmodel","ang20191016t165454_r6589_c198_w151_h151",fraca,1013,196,3265,257670,0.83788254756,0.236792893876,0.369236376891,0.226419311578,0.000760084695152,0.986797332764,0.439534075411,1,"hard"
"attentiongates_dpu_easy_remaining.xmodel","ang20190926t152524_r3345_c477_w151_h151",fraca,438,37,1085,260584,0.922105263158,0.287590282337,0.438438438438,0.280769230769,0.000141968605753,0.995719909668,0.383615384844,1,"hard"
"attentiongates_dpu_easy_remaining.xmodel","ang20191013t152730_r7030_c251_w151_h151",fraca,3746,456,8626,249316,0.891480247501,0.302780472034,0.452033305177,0.292017461802,0.00182566500649,0.965354919434,0.497685835614,1,"hard"
"attentiongates_dpu_easy_remaining.xmodel","ang20191007t201917_r5730_c1636_w151_h151",fraca,29,0,94,262021,1,0.235772357724,0.381578947368,0.235772357724,0,0.999641418457,0.626040313114,1,"hard"
"attentiongates_dpu_easy_remaining.xmodel","ang20191006t171344_r362_c513_w151_h151",fraca,44,10,254,261836,0.814814814815,0.147651006711,0.25,0.142857142857,3.81903867159e-05,0.998992919922,0.356558477195,1,"hard"
"attentiongates_dpu_easy_remaining.xmodel","ang20191006t172739_r7343_c208_w151_h151",fraca,24,1,48,262071,0.96,0.333333333333,0.494845360825,0.328767123288,3.81574529137e-06,0.999813079834,0.743844570113,1,"hard"
"attentiongates_dpu_easy_remaining.xmodel","ang20191007t175016_r7968_c153_w151_h151",fraca,3,11,24,262106,0.214285714286,0.111111111111,0.146341463415,0.0789473684211,4.19659922859e-05,0.999866485596,0.237410996126,1,"hard"
"attentiongates_dpu_easy_remaining.xmodel","ang20191006t165608_r10173_c561_w151_h151",fraca,143,63,258,261680,0.694174757282,0.356608478803,0.471169686985,0.308189655172,0.000240694115984,0.998775482178,0.379783470829,1,"hard"
"attentiongates_dpu_easy_remaining.xmodel","ang20191010t192008_r7417_c105_w151_h151",fraca,61,0,51,262032,1,0.544642857143,0.705202312139,0.544642857143,0,0.999805450439,0.959595061502,1,"hard"
"attentiongates_dpu_easy_remaining.xmodel","ang20191019t161418_r1635_c383_w151_h151",fraca,135,10,505,261494,0.931034482759,0.2109375,0.343949044586,0.207692307692,3.82403328439e-05,0.998035430908,0.676824491125,1,"hard"
"attentiongates_dpu_easy_remaining.xmodel","ang20191016t153826_r7820_c42_w151_h151",fraca,100,9,1425,260610,0.917431192661,0.0655737704918,0.122399020808,0.0651890482399,3.45331691089e-05,0.994529724121,0.330743734755,1,"hard"
"attentiongates_dpu_easy_remaining.xmodel","ang20191016t145145_r9422_c135_w151_h151",fraca,4,0,21,262119,1,0.16,0.275862068966,0.16,0,0.999919891357,0.461701438017,1,"hard"
"attentiongates_dpu_easy_remaining.xmodel","ang20191006t152009_r2242_c360_w151_h151",fraca,297,12,1030,260805,0.961165048544,0.223813112283,0.363080684597,0.221807318895,4.60092708681e-05,0.996025085449,0.349769353535,1,"hard"
"attentiongates_dpu_easy_remaining.xmodel","ang20190924t172057_r8202_c494_w151_h151",fraca,0,0,40,262104,0,0,0,0,0,0.999847412109,0.309507859036,1,"hard"
"attentiongates_dpu_easy_remaining.xmodel","ang20191007t190840_r7834_c60_w151_h151",fraca,28,1,24,262091,0.965517241379,0.538461538462,0.691358024691,0.528301886792,3.81545411535e-06,0.999904632568,0.885810514904,1,"hard"
"attentiongates_dpu_easy_remaining.xmodel","ang20191007t180411_r288_c225_w151_h151",fraca,166,6,469,261503,0.96511627907,0.261417322835,0.411400247831,0.258970358814,2.29437610178e-05,0.998188018799,0.41350828775,1,"hard"
"attentiongates_dpu_easy_remaining.xmodel","ang20190927t171836_r6325_c367_w151_h151",fraca,16,2,48,262078,0.888888888889,0.25,0.390243902439,0.242424242424,7.63125763126e-06,0.999809265137,0.615645240713,1,"hard"
"attentiongates_dpu_easy_remaining.xmodel","ang20190923t174142_r15511_c283_w151_h151",fraca,76,3,42,262023,0.962025316456,0.64406779661,0.771573604061,0.628099173554,1.14492454947e-05,0.999828338623,0.865204809779,1,"hard"
"attentiongates_dpu_easy_remaining.xmodel","ang20191007t193705_r1503_c455_w151_h151",fraca,423,31,242,261448,0.931718061674,0.636090225564,0.756032171582,0.60775862069,0.000118556365903,0.998958587646,0.748747283207,1,"hard"
"attentiongates_dpu_easy_remaining.xmodel","ang20191013t144828_r4230_c517_w151_h151",fraca,102,19,1741,260282,0.842975206612,0.0553445469343,0.103869653768,0.0547798066595,7.29924203134e-05,0.993286132812,0.135697548302,1,"hard"
"attentiongates_dpu_easy_remaining.xmodel","ang20191019t173905_r1636_c317_w151_h151",fraca,249,8,231,261656,0.968871595331,0.51875,0.675712347354,0.510245901639,3.05735599853e-05,0.999088287354,0.735737122174,1,"hard"
"attentiongates_dpu_easy_remaining.xmodel","ang20191017t144928_r2143_c178_w151_h151",fraca,230,15,149,261750,0.938775510204,0.606860158311,0.737179487179,0.583756345178,5.73033064008e-05,0.999374389648,0.826051115942,1,"hard"
"attentiongates_dpu_easy_remaining.xmodel","ang20190924t172057_r6127_c406_w151_h151",fraca,82,3,199,261860,0.964705882353,0.291814946619,0.448087431694,0.288732394366,1.14563722252e-05,0.999229431152,0.809296843398,1,"hard"
"attentiongates_dpu_easy_remaining.xmodel","ang20190927t181142_r375_c537_w151_h151",fraca,99,3,191,261851,0.970588235294,0.341379310345,0.505102040816,0.337883959044,1.14567659841e-05,0.99925994873,0.644716696932,1,"hard"
"attentiongates_dpu_easy_remaining.xmodel","ang20190928t183313_r147_c411_w151_h151",fraca,0,0,41,262103,0,0,0,0,0,0.999843597412,0.778106024126,1,"hard"
"attentiongates_dpu_easy_remaining.xmodel","ang20191006t160931_r3800_c551_w151_h151",fraca,116,10,58,261960,0.920634920635,0.666666666667,0.773333333333,0.630434782609,3.81723098065e-05,0.999740600586,0.789872913356,1,"hard"
"attentiongates_dpu_easy_remaining.xmodel","ang20191022t192048_r247_c308_w151_h151",fraca,170,5,293,261676,0.971428571429,0.36717062635,0.532915360502,0.363247863248,1.91072336165e-05,0.998863220215,0.590884662385,1,"hard"
"attentiongates_dpu_easy_remaining.xmodel","ang20190926t184029_r4986_c41_w151_h151",fraca,14,0,117,262013,1,0.106870229008,0.193103448276,0.106870229008,0,0.99955368042,0.457697135863,1,"hard"
"attentiongates_dpu_easy_remaining.xmodel","ang20191017t144928_r6206_c310_w151_h151",fraca,64,10,79,261991,0.864864864865,0.447552447552,0.589861751152,0.418300653595,3.81677932527e-05,0.999660491943,0.497754801907,1,"hard"
"attentiongates_dpu_easy_remaining.xmodel","ang20191006t185838_r9516_c346_w151_h151",fraca,22,2,108,262012,0.916666666667,0.169230769231,0.285714285714,0.166666666667,7.63317990642e-06,0.999580383301,0.262728327716,1,"hard"
"attentiongates_dpu_easy_remaining.xmodel","ang20191006t162415_r7871_c404_w151_h151",fraca,149,24,134,261837,0.861271676301,0.526501766784,0.65350877193,0.485342019544,9.16516777985e-05,0.999397277832,0.770660270764,1,"hard"
"attentiongates_dpu_easy_remaining.xmodel","ang20191011t182731_r1443_c388_w151_h151",fraca,174,15,74,261881,0.920634920635,0.701612903226,0.796338672769,0.661596958175,5.72746433699e-05,0.999660491943,0.908164829159,1,"hard"
"attentiongates_dpu_easy_remaining.xmodel","ang20191019t185452_r13962_c178_w151_h151",fraca,173,532,48,261391,0.245390070922,0.782805429864,0.373650107991,0.229747675963,0.00203113128668,0.997787475586,0.501228825193,1,"hard"
"attentiongates_dpu_easy_remaining.xmodel","ang20191019t175004_r1995_c344_w151_h151",fraca,406,92,395,261251,0.815261044177,0.506866416979,0.625096227868,0.454647256439,0.00035202779489,0.998142242432,0.619162286137,1,"hard"
"attentiongates_dpu_easy_remaining.xmodel","ang20191008t165855_r7643_c259_w151_h151",fraca,0,0,24,262120,0,0,0,0,0,0.999908447266,0.435258495251,1,"hard"
"attentiongates_dpu_easy_remaining.xmodel","ang20191022t163722_r443_c91_w151_h151",fraca,131,12,118,261883,0.916083916084,0.526104417671,0.668367346939,0.501915708812,4.58198896504e-05,0.999504089355,0.745406743167,1,"hard"
"attentiongates_dpu_easy_remaining.xmodel","ang20190923t185208_r13422_c400_w151_h151",fraca,139,5,227,261773,0.965277777778,0.379781420765,0.545098039216,0.374663072776,1.91001535652e-05,0.999114990234,0.691927352875,1,"hard"
"attentiongates_dpu_easy_remaining.xmodel","ang20191006t171344_r7203_c245_w151_h151",fraca,14,1501,296,260333,0.00924092409241,0.0451612903226,0.0153424657534,0.00773053561568,0.00573263976413,0.993144989014,0.00897269994834,1,"hard"
"attentiongates_dpu_easy_remaining.xmodel","ang20191019t183727_r3339_c295_w151_h151",fraca,570,116,556,260902,0.830903790087,0.50621669627,0.629139072848,0.458937198068,0.000444413795217,0.997436523438,0.707307863005,1,"hard"
"attentiongates_dpu_easy_remaining.xmodel","ang20191006t183904_r11469_c320_w151_h151",fraca,46,7,62,262029,0.867924528302,0.425925925926,0.571428571429,0.4,2.67138866415e-05,0.999736785889,0.622521815204,1,"hard"
"attentiongates_dpu_easy_remaining.xmodel","ang20191007t200647_r746_c361_w151_h151",fraca,1723,1722,6734,251965,0.500145137881,0.203736549604,0.289531171232,0.169270065822,0.00678789216633,0.967742919922,0.349555533372,1,"hard"
"attentiongates_dpu_easy_remaining.xmodel","ang20191016t172526_r4323_c72_w151_h151",fraca,170,12,51,261911,0.934065934066,0.769230769231,0.843672456576,0.729613733906,4.58149914288e-05,0.999759674072,0.886160577224,1,"hard"
"attentiongates_dpu_easy_remaining.xmodel","ang20191011t192741_r3755_c404_w151_h151",fraca,115,11,35,261983,0.912698412698,0.766666666667,0.833333333333,0.714285714286,4.19856943289e-05,0.999824523926,0.948877943852,1,"hard"
"attentiongates_dpu_easy_remaining.xmodel","ang20191016t162417_r3004_c187_w151_h151",fraca,220,6,429,261489,0.973451327434,0.338983050847,0.502857142857,0.335877862595,2.29449893879e-05,0.998340606689,0.55800389609,1,"hard"
"attentiongates_dpu_easy_remaining.xmodel","ang20191013t145516_r6136_c601_w151_h151",fraca,404,66,452,261222,0.859574468085,0.471962616822,0.609351432881,0.438177874187,0.00025259483788,0.998023986816,0.616300232022,1,"hard"
"attentiongates_dpu_easy_remaining.xmodel","ang20191016t153826_r1567_c439_w151_h151",fraca,46,237,59,261802,0.162544169611,0.438095238095,0.237113402062,0.134502923977,0.000904445521468,0.998870849609,0.106002409471,1,"hard"
"attentiongates_dpu_easy_remaining.xmodel","ang20191006t172739_r4855_c525_w151_h151",fraca,231,11,176,261726,0.954545454545,0.567567567568,0.71186440678,0.552631578947,4.20269201527e-05,0.999286651611,0.710586078759,1,"hard"
"attentiongates_dpu_easy_remaining.xmodel","ang20191019t175004_r10988_c377_w151_h151",fraca,524,44,337,261239,0.922535211268,0.608594657375,0.733379986004,0.579005524862,0.00016839978108,0.998546600342,0.861373820477,1,"hard"
"attentiongates_dpu_easy_remaining.xmodel","ang20191017t171949_r10456_c96_w151_h151",fraca,109,6765,152,255118,0.0158568519057,0.417624521073,0.0305536089699,0.0155138058639,0.0258321464165,0.973613739014,0.0750987139676,1,"hard"
"attentiongates_dpu_easy_remaining.xmodel","ang20191016t193637_r1734_c303_w151_h151",fraca,30,1,298,261815,0.967741935484,0.0914634146341,0.16713091922,0.0911854103343,3.81947627341e-06,0.998859405518,0.334541883362,1,"hard"
"attentiongates_dpu_easy_remaining.xmodel","ang20191006t164135_r1882_c392_w151_h151",fraca,101,9,160,261874,0.918181818182,0.386973180077,0.544474393531,0.374074074074,3.43664919067e-05,0.999355316162,0.648655154683,1,"hard"
"attentiongates_dpu_easy_remaining.xmodel","ang20190927t171836_r5840_c416_w151_h151",fraca,76,6,68,261994,0.926829268293,0.527777777778,0.672566371681,0.506666666667,2.29007633588e-05,0.999717712402,0.803588307308,1,"hard"
"attentiongates_dpu_easy_remaining.xmodel","ang20191017t163235_r2877_c426_w151_h151",fraca,74,0,172,261898,1,0.30081300813,0.4625,0.30081300813,0,0.99934387207,0.536954340011,1,"hard"
"attentiongates_dpu_easy_remaining.xmodel","ang20191017t191119_r1300_c123_w151_h151",fraca,14,1,116,262013,0.933333333333,0.107692307692,0.193103448276,0.106870229008,3.81658995321e-06,0.99955368042,0.430898538641,1,"hard"
"attentiongates_dpu_easy_remaining.xmodel","ang20190927t171836_r13108_c371_w151_h151",fraca,0,0,21785,240359,0,0,0,0,0,0.916896820068,0.222688178008,1,"hard"
"attentiongates_dpu_easy_remaining.xmodel","ang20191016t145145_r3793_c99_w151_h151",fraca,2,0,31,262111,1,0.0606060606061,0.114285714286,0.0606060606061,0,0.999881744385,0.685032212456,1,"hard"
"attentiongates_dpu_easy_remaining.xmodel","ang20191016t172526_r3581_c275_w151_h151",fraca,13,1,202,261928,0.928571428571,0.0604651162791,0.113537117904,0.0601851851852,3.81782849551e-06,0.999225616455,0.294059737735,1,"hard"
"attentiongates_dpu_easy_remaining.xmodel","ang20190927t184620_r7445_c361_w151_h151",fraca,279,134,158,261573,0.675544794189,0.638443935927,0.656470588235,0.488616462347,0.00051202298754,0.998886108398,0.59063820288,1,"hard"
"attentiongates_dpu_easy_remaining.xmodel","ang20191017t163235_r11612_c609_w151_h151",fraca,20433,665,2869,238177,0.968480424685,0.876877521243,0.920405405405,0.852547252472,0.00278426742365,0.986518859863,0.968357645522,1,"hard"
"attentiongates_dpu_easy_remaining.xmodel","ang20191017t170330_r5877_c75_w151_h151",fraca,104,3,140,261897,0.971962616822,0.426229508197,0.592592592593,0.421052631579,1.14547537228e-05,0.999454498291,0.661492009513,1,"hard"
"attentiongates_dpu_easy_remaining.xmodel","ang20191006t164135_r235_c476_w151_h151",fraca,95,2,1253,260794,0.979381443299,0.0704747774481,0.131487889273,0.0703703703704,7.66882927652e-06,0.995212554932,0.349333289644,1,"hard"
"attentiongates_dpu_easy_remaining.xmodel","ang20191016t171023_r2954_c487_w151_h151",fraca,4,0,133,262007,1,0.029197080292,0.0567375886525,0.029197080292,0,0.999492645264,0.405116616542,1,"hard"
"attentiongates_dpu_easy_remaining.xmodel","ang20191017t161837_r4287_c171_w151_h151",fraca,9,0,10,262125,1,0.473684210526,0.642857142857,0.473684210526,0,0.999961853027,0.7170829508,1,"hard"
"attentiongates_dpu_easy_remaining.xmodel","ang20191019t181857_r5896_c121_w151_h151",fraca,216,17,137,261774,0.927038626609,0.611898016997,0.737201365188,0.583783783784,6.49372973097e-05,0.999412536621,0.848539861004,1,"hard"
"attentiongates_dpu_easy_remaining.xmodel","ang20190926t163428_r5854_c155_w151_h151",fraca,1227,79,197,260641,0.939509954058,0.861657303371,0.898901098901,0.816367265469,0.00030300705738,0.998947143555,0.926261377684,1,"hard"
"attentiongates_dpu_easy_remaining.xmodel","ang20191016t200430_r499_c135_w151_h151",fraca,22,0,48,262074,1,0.314285714286,0.478260869565,0.314285714286,0,0.999816894531,0.538276942466,1,"hard"
"attentiongates_dpu_easy_remaining.xmodel","ang20191016t193637_r9155_c166_w151_h151",fraca,37,0,326,261781,1,0.101928374656,0.185,0.101928374656,0,0.998756408691,0.354606106287,1,"hard"
"attentiongates_dpu_easy_remaining.xmodel","ang20191022t181138_r225_c391_w151_h151",fraca,7,0,127,262010,1,0.0522388059701,0.0992907801418,0.0522388059701,0,0.999515533447,0.278615903978,1,"hard"
"attentiongates_dpu_easy_remaining.xmodel","ang20191023t165811_r7786_c494_w151_h151",fraca,1076,86,216,260766,0.925989672978,0.832817337461,0.876935615322,0.78084179971,0.000329688865717,0.998847961426,0.95353232731,1,"hard"
"attentiongates_dpu_easy_remaining.xmodel","ang20191007t182352_r3218_c318_w151_h151",fraca,10,2,12,262120,0.833333333333,0.454545454545,0.588235294118,0.416666666667,7.63003486926e-06,0.999946594238,0.552110795408,1,"hard"
"attentiongates_dpu_easy_remaining.xmodel","ang20191017t180347_r7328_c361_w151_h151",fraca,14,2,201,261927,0.875,0.0651162790698,0.121212121212,0.0645161290323,7.63565699102e-06,0.999225616455,0.255326993638,1,"hard"
"attentiongates_dpu_easy_remaining.xmodel","ang20191022t173357_r3153_c165_w151_h151",fraca,556,31,290,261267,0.947189097104,0.657210401891,0.775994417306,0.633979475485,0.000118638489388,0.998775482178,0.86282844165,1,"hard"
"attentiongates_dpu_easy_remaining.xmodel","ang20191007t193705_r2977_c392_w151_h151",fraca,134,10,274,261726,0.930555555556,0.328431372549,0.485507246377,0.320574162679,3.82064370205e-05,0.998916625977,0.724292599122,1,"hard"
"attentiongates_dpu_easy_remaining.xmodel","ang20191017t152518_r6858_c196_w151_h151",fraca,76,1,811,261256,0.987012987013,0.0856820744081,0.157676348548,0.0855855855856,3.82764863717e-06,0.99690246582,0.294147911677,1,"hard"
"attentiongates_dpu_easy_remaining.xmodel","ang20190924t165836_r13062_c413_w151_h151",fraca,17,0,31,262096,1,0.354166666667,0.523076923077,0.354166666667,0,0.999881744385,0.674075850999,1,"hard"
"attentiongates_dpu_easy_remaining.xmodel","ang20191016t160914_r2333_c520_w151_h151",fraca,4,0,50,262090,1,0.0740740740741,0.137931034483,0.0740740740741,0,0.999809265137,0.456866403606,1,"hard"
"attentiongates_dpu_easy_remaining.xmodel","ang20191006t152009_r2975_c354_w151_h151",fraca,339,56,335,261414,0.858227848101,0.50296735905,0.634237605239,0.464383561644,0.000214173710177,0.998508453369,0.631587082238,1,"hard"
"attentiongates_dpu_easy_remaining.xmodel","ang20191016t145145_r572_c387_w151_h151",fraca,108,11,73,261952,0.90756302521,0.596685082873,0.72,0.5625,4.19906628035e-05,0.99967956543,0.831677392565,1,"hard"
"attentiongates_dpu_easy_remaining.xmodel","ang20191006t155231_r9497_c279_w151_h151",fraca,50,14,65,262015,0.78125,0.434782608696,0.558659217877,0.387596899225,5.34292005847e-05,0.999698638916,0.567298599613,1,"hard"
"attentiongates_dpu_easy_remaining.xmodel","ang20191007t185303_r9013_c327_w151_h151",fraca,197,17,120,261810,0.920560747664,0.621451104101,0.741996233522,0.589820359281,6.4928368732e-05,0.999477386475,0.829916053123,1,"hard"
"attentiongates_dpu_easy_remaining.xmodel","ang20190926t174644_r2904_c484_w151_h151",fraca,405,22,272,261445,0.948477751756,0.598227474151,0.733695652174,0.579399141631,8.41406372506e-05,0.998878479004,0.856985893105,1,"hard"
"attentiongates_dpu_easy_remaining.xmodel","ang20190927t175410_r6131_c149_w151_h151",fraca,11,2,32,262099,0.846153846154,0.255813953488,0.392857142857,0.244444444444,7.63064620127e-06,0.999870300293,0.528976213974,1,"hard"
"attentiongates_dpu_easy_remaining.xmodel","ang20191006t164135_r2947_c373_w151_h151",fraca,2415,241,324,259164,0.909262048193,0.881708652793,0.895273401297,0.810402684564,0.000929049170216,0.997844696045,0.952557008727,1,"hard"
"attentiongates_dpu_easy_remaining.xmodel","ang20191022t150110_r261_c453_w151_h151",fraca,144,74,168,261758,0.660550458716,0.461538461538,0.543396226415,0.373056994819,0.000282623972624,0.999076843262,0.553265323837,1,"hard"
"attentiongates_dpu_easy_remaining.xmodel","ang20191019t183727_r7059_c338_w151_h151",fraca,428,727,492,260497,0.370562770563,0.465217391304,0.412530120482,0.259866423801,0.00278305209322,0.995349884033,0.372034891159,1,"hard"
"attentiongates_dpu_easy_remaining.xmodel","ang20191019t185452_r21112_c440_w151_h151",fraca,172,146,344,261482,0.540880503145,0.333333333333,0.412470023981,0.259818731118,0.000558044246029,0.99813079834,0.363102085403,1,"hard"
"attentiongates_dpu_easy_remaining.xmodel","ang20191013t152730_r7456_c214_w151_h151",fraca,1570,181,1996,258397,0.896630496859,0.440269209198,0.590558585669,0.419001868161,0.000699982210397,0.991695404053,0.564093184565,1,"hard"
"attentiongates_dpu_easy_remaining.xmodel","ang20191022t192048_r217_c387_w151_h151",fraca,128,0,335,261681,1,0.276457883369,0.433164128596,0.276457883369,0,0.998722076416,0.676388529901,1,"hard"
"attentiongates_dpu_easy_remaining.xmodel","ang20191016t145145_r5480_c383_w151_h151",fraca,3,0,287,261854,1,0.0103448275862,0.0204778156997,0.0103448275862,0,0.998905181885,0.166757699778,1,"hard"
"attentiongates_dpu_easy_remaining.xmodel","ang20191013t151222_r6632_c214_w151_h151",fraca,361,58,1515,260210,0.861575178998,0.192430703625,0.314596949891,0.186659772492,0.00022284721902,0.993999481201,0.286977728266,1,"hard"
"attentiongates_dpu_easy_remaining.xmodel","ang20191019t183727_r1245_c553_w151_h151",fraca,468,34,300,261342,0.932270916335,0.609375,0.737007874016,0.583541147132,0.000130080803134,0.998725891113,0.881456662356,1,"hard"
"attentiongates_dpu_easy_remaining.xmodel","ang20191016t171023_r10718_c443_w151_h151",fraca,9,8,274,261853,0.529411764706,0.0318021201413,0.06,0.0309278350515,3.05505592662e-05,0.998924255371,0.13869523513,1,"hard"
"attentiongates_dpu_easy_remaining.xmodel","ang20191008t172458_r15394_c392_w151_h151",fraca,29,6,430,261679,0.828571428571,0.0631808278867,0.117408906883,0.0623655913978,2.29283298622e-05,0.998336791992,0.115411653001,1,"hard"
"attentiongates_dpu_easy_remaining.xmodel","ang20191016t195058_r554_c585_w151_h151",fraca,1261,38,1401,259444,0.970746728253,0.473703981968,0.636707902045,0.467037037037,0.000146445610871,0.994510650635,0.687285835747,1,"hard"
"attentiongates_dpu_easy_remaining.xmodel","ang20191022t165908_r5595_c486_w151_h151",fraca,258,18,3073,258795,0.934782608696,0.0774542179526,0.143055170502,0.0770379217677,6.95482838961e-05,0.988208770752,0.181023988295,1,"hard"
"attentiongates_dpu_easy_remaining.xmodel","ang20191006t171344_r2930_c21_w151_h151",fraca,421,35,94,261594,0.923245614035,0.817475728155,0.867147270855,0.765454545455,0.000133777218886,0.999507904053,0.930672619198,1,"hard"
"attentiongates_dpu_easy_remaining.xmodel","ang20191019t182848_r7227_c299_w151_h151",fraca,375,810,427,260532,0.316455696203,0.467581047382,0.377453447408,0.232630272953,0.00309938701012,0.995281219482,0.185632920881,1,"hard"
"attentiongates_dpu_easy_remaining.xmodel","ang20191019t172500_r2114_c310_w151_h151",fraca,305,50,218,261571,0.859154929577,0.583173996176,0.694760820046,0.532286212914,0.000191116156578,0.998977661133,0.717281934059,1,"hard"
"attentiongates_dpu_easy_remaining.xmodel","ang20190924t174538_r9869_c29_w151_h151",fraca,0,0,117,262027,0,0,0,0,0,0.99955368042,0.369696911209,1,"hard"
"attentiongates_dpu_easy_remaining.xmodel","ang20191016t163955_r5977_c570_w151_h151",fraca,53,3,137,261951,0.946428571429,0.278947368421,0.430894308943,0.274611398964,1.14523924048e-05,0.999465942383,0.542866894818,1,"hard"
"attentiongates_dpu_easy_remaining.xmodel","ang20190927t182905_r6376_c535_w151_h151",fraca,33,52,30,262029,0.388235294118,0.52380952381,0.445945945946,0.286956521739,0.000198411941346,0.999687194824,0.455342695444,1,"hard"
"attentiongates_dpu_easy_remaining.xmodel","ang20191013t152730_r9307_c354_w151_h151",fraca,258,40,290,261556,0.865771812081,0.470802919708,0.609929078014,0.438775510204,0.000152907536812,0.998741149902,0.543497655995,1,"hard"
"attentiongates_dpu_easy_remaining.xmodel","ang20191013t145516_r6262_c451_w151_h151",fraca,327,75,544,261198,0.813432835821,0.37543053961,0.513747054203,0.345665961945,0.000287056067791,0.997638702393,0.477894692968,1,"hard"
"attentiongates_dpu_easy_remaining.xmodel","ang20190924t172057_r9804_c543_w151_h151",fraca,4,0,141,261999,1,0.0275862068966,0.0536912751678,0.0275862068966,0,0.999462127686,0.133132518504,1,"hard"
"attentiongates_dpu_easy_remaining.xmodel","ang20191013t145516_r4790_c299_w151_h151",fraca,32,158,465,261489,0.168421052632,0.0643863179074,0.0931586608443,0.0488549618321,0.000603867042236,0.997623443604,0.0591662662496,1,"hard"
"attentiongates_dpu_easy_remaining.xmodel","ang20191023t185210_r10689_c275_w151_h151",fraca,20156,1235,10323,230430,0.942265438736,0.661307785689,0.777173703489,0.635555275273,0.00533097360413,0.955909729004,0.887436197631,1,"hard"
"attentiongates_dpu_easy_remaining.xmodel","ang20191019t170014_r6076_c22_w151_h151",fraca,65,102,89,261888,0.389221556886,0.422077922078,0.404984423676,0.25390625,0.00038932783694,0.999271392822,0.302647071041,1,"hard"
"attentiongates_dpu_easy_remaining.xmodel","ang20190924t172057_r14206_c242_w151_h151",fraca,0,0,0,262144,0,0,0,0,0,1,,0,"hard"
"attentiongates_dpu_easy_remaining.xmodel","ang20191006t183904_r1979_c502_w151_h151",fraca,330,12,62,261740,0.964912280702,0.841836734694,0.899182561308,0.816831683168,4.58449219108e-05,0.999717712402,0.949208061489,1,"hard"
"attentiongates_dpu_easy_remaining.xmodel","ang20191007t180411_r344_c409_w151_h151",fraca,163,5,253,261723,0.970238095238,0.391826923077,0.558219178082,0.387173396675,1.91038024208e-05,0.999015808105,0.572638848683,1,"hard"
"attentiongates_dpu_easy_remaining.xmodel","ang20191023t142135_r17930_c162_w151_h151",fraca,261,8,106,261769,0.970260223048,0.711171662125,0.820754716981,0.696,3.05603624459e-05,0.999565124512,0.937783453833,1,"hard"
"attentiongates_dpu_easy_remaining.xmodel","ang20190928t185111_r193_c398_w151_h151",fraca,1,0,768,261375,1,0.00130039011704,0.0025974025974,0.00130039011704,0,0.9970703125,0.0316814071019,1,"hard"
"attentiongates_dpu_easy_remaining.xmodel","ang20191008t172458_r8604_c408_w151_h151",fraca,8,0,73,262063,1,0.0987654320988,0.179775280899,0.0987654320988,0,0.9997215271,0.401565783762,1,"hard"
"attentiongates_dpu_easy_remaining.xmodel","ang20190927t192237_r6246_c359_w151_h151",fraca,782,46,144,261172,0.944444444444,0.844492440605,0.891676168757,0.804526748971,0.000176098124938,0.99927520752,0.935028518382,1,"hard"
"attentiongates_dpu_easy_remaining.xmodel","ang20191013t192848_r3017_c228_w151_h151",fraca,1318,3499,1105,256222,0.273614282749,0.54395377631,0.36408839779,0.222559945964,0.0134721489598,0.982437133789,0.291157393604,1,"hard"
"attentiongates_dpu_easy_remaining.xmodel","ang20191023t175603_r10969_c77_w151_h151",fraca,3627,81,1078,257358,0.978155339806,0.770882040383,0.862237014145,0.757835353113,0.000314637642315,0.995578765869,0.896933336717,1,"hard"
"attentiongates_dpu_easy_remaining.xmodel","ang20191013t152730_r6958_c68_w151_h151",fraca,722,42,10021,251359,0.94502617801,0.0672065531043,0.125488832884,0.0669448307835,0.000167063774607,0.961612701416,0.219477118739,1,"hard"
"attentiongates_dpu_easy_remaining.xmodel","ang20191007t190840_r5257_c441_w151_h151",fraca,27,3,62,262052,0.9,0.303370786517,0.453781512605,0.29347826087,1.14479784778e-05,0.999752044678,0.626059339131,1,"hard"
"attentiongates_dpu_easy_remaining.xmodel","ang20191006t182329_r7747_c400_w151_h151",fraca,6,3,126,262009,0.666666666667,0.0454545454545,0.0851063829787,0.0444444444444,1.14498572584e-05,0.999507904053,0.616701800052,1,"hard"
"attentiongates_dpu_easy_remaining.xmodel","ang20191011t181301_r11079_c61_w151_h151",fraca,36,25,67,262016,0.590163934426,0.349514563107,0.439024390244,0.28125,9.54049175511e-05,0.999649047852,0.445844352735,1,"hard"
"attentiongates_dpu_easy_remaining.xmodel","ang20191006t172739_r1862_c27_w151_h151",fraca,32,1,25,262086,0.969696969697,0.561403508772,0.711111111111,0.551724137931,3.81552690519e-06,0.999900817871,0.886458967819,1,"hard"
"attentiongates_dpu_easy_remaining.xmodel","ang20190926t154314_r6238_c231_w151_h151",fraca,132,12,180,261820,0.916666666667,0.423076923077,0.578947368421,0.407407407407,4.58309144795e-05,0.999267578125,0.628304546068,1,"hard"
"attentiongates_dpu_easy_remaining.xmodel","ang20191017t150903_r7181_c295_w151_h151",fraca,272,37,1076,260759,0.880258899676,0.20178041543,0.328304164152,0.196389891697,0.000141873341616,0.995754241943,0.504985478379,1,"hard"
"attentiongates_dpu_easy_remaining.xmodel","ang20191016t172526_r5824_c260_w151_h151",fraca,119,5,257,261763,0.959677419355,0.316489361702,0.476,0.312335958005,1.91008832248e-05,0.999000549316,0.555383647411,1,"hard"
"attentiongates_dpu_easy_remaining.xmodel","ang20191019t175004_r5508_c89_w151_h151",fraca,113,163,530,261338,0.409420289855,0.175738724728,0.245919477693,0.140198511166,0.000623324576197,0.997356414795,0.206721290572,1,"hard"
"attentiongates_dpu_easy_remaining.xmodel","ang20191013t170032_r2806_c107_w151_h151",fraca,327,561,121,261135,0.368243243243,0.729910714286,0.489520958084,0.324083250743,0.00214370873074,0.997398376465,0.642363083725,1,"hard"
"attentiongates_dpu_easy_remaining.xmodel","ang20191019t161418_r4261_c325_w151_h151",fraca,21,1,90,262032,0.954545454545,0.189189189189,0.315789473684,0.1875,3.81631321246e-06,0.999652862549,0.623720919954,1,"hard"
"attentiongates_dpu_easy_remaining.xmodel","ang20191019t173905_r6908_c507_w151_h151",fraca,592,80,380,261092,0.880952380952,0.609053497942,0.720194647202,0.562737642586,0.000306311549477,0.998245239258,0.806838133151,1,"hard"
"attentiongates_dpu_easy_remaining.xmodel","ang20191019t182848_r2632_c419_w151_h151",fraca,181,57,265,261641,0.760504201681,0.405829596413,0.529239766082,0.359840954274,0.000217808313399,0.99877166748,0.524485056689,1,"hard"
"attentiongates_dpu_easy_remaining.xmodel","ang20191017t150903_r13051_c393_w151_h151",fraca,345,12,1609,260178,0.966386554622,0.176560900716,0.298572046733,0.175483214649,4.61201429724e-05,0.993816375732,0.704820544608,1,"hard"
"attentiongates_dpu_easy_remaining.xmodel","ang20191013t173258_r6771_c139_w151_h151",fraca,82,4,70,261988,0.953488372093,0.539473684211,0.689075630252,0.525641025641,1.52676417601e-05,0.999717712402,0.76880317548,1,"hard"
"attentiongates_dpu_easy_remaining.xmodel","ang20191013t151222_r6242_c432_w151_h151",fraca,77,9,397,261661,0.895348837209,0.162447257384,0.275,0.159420289855,3.43944663125e-05,0.99845123291,0.309263533443,1,"hard"
"attentiongates_dpu_easy_remaining.xmodel","ang20191008t183946_r2229_c296_w151_h151",fraca,67,2,146,261929,0.971014492754,0.31455399061,0.475177304965,0.311627906977,7.6355986882e-06,0.999435424805,0.740869272022,1,"hard"
"attentiongates_dpu_easy_remaining.xmodel","ang20191007t175016_r2033_c316_w151_h151",fraca,3,0,154,261987,1,0.0191082802548,0.0375,0.0191082802548,0,0.999412536621,0.534481535273,1,"hard"
"attentiongates_dpu_easy_remaining.xmodel","ang20191011t185825_r3060_c497_w151_h151",fraca,184,3,617,261340,0.983957219251,0.229712858926,0.372469635628,0.228855721393,1.14791672247e-05,0.997634887695,0.595578352069,1,"hard"
"attentiongates_dpu_easy_remaining.xmodel","ang20190927t182905_r6580_c276_w151_h151",fraca,6,0,34,262104,1,0.15,0.260869565217,0.15,0,0.999870300293,0.571615254818,1,"hard"
"attentiongates_dpu_easy_remaining.xmodel","ang20191013t192848_r3020_c221_w151_h151",fraca,1518,4057,918,255651,0.272286995516,0.62315270936,0.378978904007,0.233790235638,0.0156213901767,0.981021881104,0.263645913912,1,"hard"
"attentiongates_dpu_easy_remaining.xmodel","ang20191017t183448_r5698_c240_w151_h151",fraca,0,0,26,262118,0,0,0,0,0,0.999900817871,0.244114087131,1,"hard"
"attentiongates_dpu_easy_remaining.xmodel","ang20191017t174946_r9742_c381_w151_h151",fraca,250,211,326,261357,0.542299349241,0.434027777778,0.482160077146,0.317662007624,0.000806673599217,0.997951507568,0.557810378894,1,"hard"
"attentiongates_dpu_easy_remaining.xmodel","ang20191011t184311_r11537_c478_w151_h151",fraca,21,0,238,261885,1,0.0810810810811,0.15,0.0810810810811,0,0.999092102051,0.279496993002,1,"hard"
"attentiongates_dpu_easy_remaining.xmodel","ang20191022t162321_r9250_c309_w151_h151",fraca,92,3,419,261630,0.968421052632,0.180039138943,0.303630363036,0.178988326848,1.14664434532e-05,0.998390197754,0.405077749407,1,"hard"
"attentiongates_dpu_easy_remaining.xmodel","ang20191006t162415_r6342_c488_w151_h151",fraca,968,76,1127,259973,0.927203065134,0.462052505967,0.616756928958,0.445877475818,0.00029225261393,0.995410919189,0.759771090554,1,"hard"
"attentiongates_dpu_easy_remaining.xmodel","ang20191023t185210_r10760_c402_w151_h151",fraca,20436,1355,3216,237137,0.93781836538,0.864028411974,0.899412450762,0.817211180869,0.00568153229458,0.982563018799,0.959642207491,1,"hard"
"attentiongates_dpu_easy_remaining.xmodel","ang20191006t171344_r917_c79_w151_h151",fraca,79,6,48,262011,0.929411764706,0.622047244094,0.745283018868,0.593984962406,2.28992775278e-05,0.999794006348,0.838002600844,1,"hard"
"attentiongates_dpu_easy_remaining.xmodel","ang20191019t182848_r7074_c233_w151_h151",fraca,361,14,441,261328,0.962666666667,0.450124688279,0.613423959218,0.442401960784,5.35696520268e-05,0.998264312744,0.723389070767,1,"hard"
"attentiongates_dpu_easy_remaining.xmodel","ang20191016t171023_r5020_c380_w151_h151",fraca,16,1,31,262096,0.941176470588,0.340425531915,0.5,0.333333333333,3.81538132829e-06,0.999877929688,0.54061506366,1,"hard"
"attentiongates_dpu_easy_remaining.xmodel","ang20191011t175712_r10880_c531_w151_h151",fraca,17,0,115,262012,1,0.128787878788,0.228187919463,0.128787878788,0,0.999561309814,0.396997072041,1,"hard"
"attentiongates_dpu_easy_remaining.xmodel","ang20191006t165608_r10172_c581_w151_h151",fraca,15,91,386,261652,0.141509433962,0.0374064837905,0.0591715976331,0.030487804878,0.000347669278644,0.998180389404,0.125843688628,1,"hard"
"attentiongates_dpu_easy_remaining.xmodel","ang20191019t173905_r2076_c289_w151_h151",fraca,403,107,425,261209,0.790196078431,0.486714975845,0.602391629297,0.431016042781,0.000409465933965,0.997970581055,0.66118830097,1,"hard"
"attentiongates_dpu_easy_remaining.xmodel","ang20190927t173620_r2426_c486_w151_h151",fraca,214,22,55,261853,0.906779661017,0.795539033457,0.847524752475,0.735395189003,8.40095465394e-05,0.999706268311,0.898395738198,1,"hard"
"attentiongates_dpu_easy_remaining.xmodel","ang20191007t201917_r10803_c1486_w151_h151",fraca,20,1,63,262060,0.952380952381,0.240963855422,0.384615384615,0.238095238095,3.81590545713e-06,0.999755859375,0.354165833307,1,"hard"
"attentiongates_dpu_easy_remaining.xmodel","ang20191016t183045_r5873_c556_w151_h151",fraca,45,9,40,262050,0.833333333333,0.529411764706,0.647482014388,0.478723404255,3.43434112166e-05,0.999813079834,0.70433058916,1,"hard"
"attentiongates_dpu_easy_remaining.xmodel","ang20191017t160033_r3994_c211_w151_h151",fraca,36,38,38,262032,0.486486486486,0.486486486486,0.486486486486,0.321428571429,0.000144999427634,0.999710083008,0.393161222469,1,"hard"
"attentiongates_dpu_easy_remaining.xmodel","ang20191013t192848_r2426_c505_w151_h151",fraca,428,95,298,261323,0.818355640535,0.589531680441,0.685348278623,0.52131546894,0.000363402673114,0.998500823975,0.67530701191,1,"hard"
"attentiongates_dpu_easy_remaining.xmodel","ang20191011t174241_r2008_c524_w151_h151",fraca,41,3,61,262039,0.931818181818,0.401960784314,0.561643835616,0.390476190476,1.14485464162e-05,0.999755859375,0.720900950203,1,"hard"
"attentiongates_dpu_easy_remaining.xmodel","ang20190927t160700_r11528_c322_w151_h151",fraca,113,11,43,261977,0.911290322581,0.724358974359,0.807142857143,0.676646706587,4.19866558774e-05,0.999794006348,0.894376956398,1,"hard"
"attentiongates_dpu_easy_remaining.xmodel","ang20190927t175410_r2740_c223_w151_h151",fraca,536,71,77,261460,0.883031301483,0.874388254486,0.87868852459,0.783625730994,0.000271478333352,0.999435424805,0.929476816373,1,"hard"
"attentiongates_dpu_easy_remaining.xmodel","ang20191016t145145_r1239_c166_w151_h151",fraca,1,0,9,262134,1,0.1,0.181818181818,0.1,0,0.999965667725,0.65242191447,1,"hard"
"attentiongates_dpu_easy_remaining.xmodel","ang20191006t172739_r7632_c42_w151_h151",fraca,52,10,18,262064,0.838709677419,0.742857142857,0.787878787879,0.65,3.81571617177e-05,0.999893188477,0.862599986533,1,"hard"
"attentiongates_dpu_easy_remaining.xmodel","ang20191007t195115_r2176_c543_w151_h151",fraca,35,4,211,261894,0.897435897436,0.142276422764,0.245614035088,0.14,1.5273121597e-05,0.999179840088,0.16740487021,1,"hard"
"attentiongates_dpu_easy_remaining.xmodel","ang20191023t164221_r5748_c232_w151_h151",fraca,935,68,240,260901,0.932203389831,0.795744680851,0.858585858586,0.752212389381,0.00026056734708,0.998825073242,0.915010047466,1,"hard"
"attentiongates_dpu_easy_remaining.xmodel","ang20190927t151239_r4852_c129_w151_h151",fraca,13,0,140,261991,1,0.0849673202614,0.156626506024,0.0849673202614,0,0.999465942383,0.431983417605,1,"hard"
"attentiongates_dpu_easy_remaining.xmodel","ang20190926t171159_r743_c15_w151_h151",fraca,1183,83,298,260580,0.934439178515,0.798784604997,0.861303239898,0.756393861893,0.000318418801287,0.998546600342,0.918583376152,1,"hard"
"attentiongates_dpu_easy_remaining.xmodel","ang20191017t185057_r7015_c267_w151_h151",fraca,33,7,160,261944,0.825,0.170984455959,0.283261802575,0.165,2.67225549817e-05,0.999362945557,0.613442174701,1,"hard"
"attentiongates_dpu_easy_remaining.xmodel","ang20190926t161748_r3493_c245_w151_h151",fraca,504,77,101,261462,0.867469879518,0.83305785124,0.849915682968,0.739002932551,0.000294411158565,0.999320983887,0.90672657276,1,"hard"
"attentiongates_dpu_easy_remaining.xmodel","ang20191013t174928_r255_c211_w151_h151",fraca,318,14,146,261666,0.957831325301,0.685344827586,0.798994974874,0.665271966527,5.35004585754e-05,0.999389648438,0.830358670496,1,"hard"
"attentiongates_dpu_easy_remaining.xmodel","ang20191011t192741_r10313_c52_w151_h151",fraca,50,2,49,262043,0.961538461538,0.505050505051,0.662251655629,0.49504950495,7.63227689901e-06,0.999805450439,0.856821570489,1,"hard"
"attentiongates_dpu_easy_remaining.xmodel","ang20191017t174946_r7519_c377_w151_h151",fraca,552,16,263,261313,0.971830985915,0.677300613497,0.798264642082,0.664259927798,6.12255050148e-05,0.998935699463,0.867684062776,1,"hard"
"attentiongates_dpu_easy_remaining.xmodel","ang20191017t185057_r5833_c565_w151_h151",fraca,55,1,28,262060,0.982142857143,0.66265060241,0.791366906475,0.654761904762,3.81590545713e-06,0.999889373779,0.943216455562,1,"hard"
"attentiongates_dpu_easy_remaining.xmodel","ang20191006t165608_r9981_c485_w151_h151",fraca,149,298,252,261445,0.333333333333,0.371571072319,0.35141509434,0.213161659514,0.00113852137402,0.997901916504,0.240878979384,1,"hard"
"attentiongates_dpu_easy_remaining.xmodel","ang20191008t194115_r9627_c362_w151_h151",fraca,13,2,11,262118,0.866666666667,0.541666666667,0.666666666667,0.5,7.63009308714e-06,0.999950408936,0.840166357234,1,"hard"
"attentiongates_dpu_easy_remaining.xmodel","ang20191011t175712_r5006_c494_w151_h151",fraca,0,20,16,262108,0,0,0,0,7.62986022096e-05,0.999862670898,5.623811212e-05,1,"hard"
"attentiongates_dpu_easy_remaining.xmodel","ang20191007t200647_r4878_c331_w151_h151",fraca,341,26,199,261578,0.929155313351,0.631481481481,0.751929437707,0.602473498233,9.93868595281e-05,0.999141693115,0.859177332544,1,"hard"
"attentiongates_dpu_easy_remaining.xmodel","ang20191022t164918_r332_c281_w151_h151",fraca,39,2,60,262043,0.951219512195,0.393939393939,0.557142857143,0.386138613861,7.63227689901e-06,0.99976348877,0.566603327336,1,"hard"
"attentiongates_dpu_easy_remaining.xmodel","ang20191017t144928_r3059_c534_w151_h151",fraca,24,3,16,262101,0.888888888889,0.6,0.716417910448,0.558139534884,1.14458382932e-05,0.999927520752,0.831885541535,1,"hard"
"attentiongates_dpu_easy_remaining.xmodel","ang20191008t172458_r6989_c452_w151_h151",fraca,77,9,34,262024,0.895348837209,0.693693693694,0.781725888325,0.641666666667,3.43468189121e-05,0.999835968018,0.858959245014,1,"hard"
"attentiongates_dpu_easy_remaining.xmodel","ang20190927t175410_r4611_c328_w151_h151",fraca,59,5,196,261884,0.921875,0.23137254902,0.369905956113,0.226923076923,1.90920580857e-05,0.99923324585,0.499623568919,1,"hard"
"attentiongates_dpu_easy_remaining.xmodel","ang20191006t165608_r4759_c263_w151_h151",fraca,503,45,13455,248141,0.917883211679,0.036036681473,0.0693506135392,0.0359208740984,0.000181315626184,0.948501586914,0.167832217078,1,"hard"
"attentiongates_dpu_easy_remaining.xmodel","ang20190927t181142_r1114_c118_w151_h151",fraca,44,3,23,262074,0.936170212766,0.65671641791,0.771929824561,0.628571428571,1.14470174796e-05,0.999900817871,0.860009687029,1,"hard"
"attentiongates_dpu_easy_remaining.xmodel","ang20191006t150453_r2973_c397_w151_h151",fraca,45,31,64,262004,0.592105263158,0.412844036697,0.486486486486,0.321428571429,0.00011830480661,0.99963760376,0.44654720072,1,"hard"
"attentiongates_dpu_easy_remaining.xmodel","ang20191016t172526_r8629_c183_w151_h151",fraca,31,0,54,262059,1,0.364705882353,0.534482758621,0.364705882353,0,0.999794006348,0.714711402333,1,"hard"
"attentiongates_dpu_easy_remaining.xmodel","ang20190924t181121_r6640_c558_w151_h151",fraca,98,10,41,261995,0.907407407407,0.705035971223,0.793522267206,0.657718120805,3.81672105494e-05,0.999805450439,0.868064057456,1,"hard"
"attentiongates_dpu_easy_remaining.xmodel","ang20191006t182329_r1538_c471_w151_h151",fraca,31,2,23,262088,0.939393939394,0.574074074074,0.712643678161,0.553571428571,7.6309664619e-06,0.999904632568,0.855036632558,1,"hard"
"attentiongates_dpu_easy_remaining.xmodel","ang20191008t182150_r6974_c475_w151_h151",fraca,81,0,110,261953,1,0.424083769634,0.595588235294,0.424083769634,0,0.999580383301,0.781900055036,1,"hard"
"attentiongates_dpu_easy_remaining.xmodel","ang20191013t164602_r12132_c11_w151_h151",fraca,31,2,20,262091,0.939393939394,0.607843137255,0.738095238095,0.584905660377,7.63087911543e-06,0.99991607666,0.891335557155,1,"hard"
"attentiongates_dpu_easy_remaining.xmodel","ang20190926t165202_r2006_c556_w151_h151",fraca,627,32,328,261157,0.951441578149,0.656544502618,0.776951672862,0.635258358663,0.000122516645035,0.998626708984,0.736499705828,1,"hard"
"attentiongates_dpu_easy_remaining.xmodel","ang20191007t182352_r6480_c477_w151_h151",fraca,8,0,91,262045,1,0.0808080808081,0.14953271028,0.0808080808081,0,0.999652862549,0.501926923952,1,"hard"
"attentiongates_dpu_easy_remaining.xmodel","ang20190922t192642_r3270_c384_w151_h151",fraca,293,26,165,261660,0.918495297806,0.639737991266,0.754182754183,0.605371900826,9.93557163929e-05,0.999271392822,0.843827329545,1,"hard"
"attentiongates_dpu_easy_remaining.xmodel","ang20191017t173348_r2637_c488_w151_h151",fraca,15,1,125,262003,0.9375,0.107142857143,0.192307692308,0.106382978723,3.81673562236e-06,0.999519348145,0.209647392953,1,"hard"
"attentiongates_dpu_easy_remaining.xmodel","ang20191017t161837_r5774_c330_w151_h151",fraca,61,39,61,261983,0.61,0.5,0.54954954955,0.378881987578,0.00014884246361,0.999618530273,0.534095854821,1,"hard"
"attentiongates_dpu_easy_remaining.xmodel","ang20191016t150743_r3830_c453_w151_h151",fraca,40,1,80,262023,0.975609756098,0.333333333333,0.496894409938,0.330578512397,3.81644429518e-06,0.999691009521,0.812752786149,1,"hard"
"attentiongates_dpu_easy_remaining.xmodel","ang20190924t181121_r11120_c183_w151_h151",fraca,11,3,23,262107,0.785714285714,0.323529411765,0.458333333333,0.297297297297,1.14455762848e-05,0.999900817871,0.591131687982,1,"hard"
"attentiongates_dpu_easy_remaining.xmodel","ang20191008t183946_r6265_c255_w151_h151",fraca,0,132,85,261927,0,0,0,0,0.00050370336451,0.999172210693,0.000176289349308,1,"hard"
"attentiongates_dpu_easy_remaining.xmodel","ang20191017t180347_r9986_c373_w151_h151",fraca,2,21,121,262000,0.0869565217391,0.0162601626016,0.027397260274,0.0138888888889,8.01462478198e-05,0.999458312988,0.180998288227,1,"hard"
"attentiongates_dpu_easy_remaining.xmodel","ang20191019t161418_r283_c455_w151_h151",fraca,49,27,75,261993,0.644736842105,0.395161290323,0.49,0.324503311258,0.000103045569041,0.999610900879,0.501533221959,1,"hard"
"attentiongates_dpu_easy_remaining.xmodel","ang20191013t192848_r2425_c504_w151_h151",fraca,434,83,292,261335,0.839458413926,0.597796143251,0.698310539019,0.536464771323,0.000317499177562,0.998569488525,0.681245943405,1,"hard"
"attentiongates_dpu_easy_remaining.xmodel","ang20191022t193257_r590_c227_w151_h151",fraca,35,21,240,261848,0.625,0.127272727273,0.211480362538,0.118243243243,8.01927681398e-05,0.999004364014,0.414971964375,1,"hard"
"attentiongates_dpu_easy_remaining.xmodel","ang20191017t170330_r9351_c429_w151_h151",fraca,8,29,3,262104,0.216216216216,0.727272727273,0.333333333333,0.2,0.000110630862959,0.999877929688,0.147649988785,1,"hard"
"attentiongates_dpu_easy_remaining.xmodel","ang20191013t145516_r10145_c322_w151_h151",fraca,131,25,7,261981,0.839743589744,0.949275362319,0.891156462585,0.803680981595,9.54176621909e-05,0.999877929688,0.932770878108,1,"hard"
"attentiongates_dpu_easy_remaining.xmodel","ang20191007t190840_r6187_c432_w151_h151",fraca,12,0,45,262087,1,0.210526315789,0.347826086957,0.210526315789,0,0.999828338623,0.806533742318,1,"hard"
"attentiongates_dpu_easy_remaining.xmodel","ang20191023t142135_r14813_c361_w151_h151",fraca,150,19,166,261809,0.887573964497,0.474683544304,0.618556701031,0.44776119403,7.25667231923e-05,0.999294281006,0.561308632118,1,"hard"
"attentiongates_dpu_easy_remaining.xmodel","ang20191017t154425_r2080_c286_w151_h151",fraca,81,1,150,261912,0.987804878049,0.350649350649,0.517571884984,0.349137931034,3.81806172279e-06,0.999423980713,0.604398241753,1,"hard"
"attentiongates_dpu_easy_remaining.xmodel","ang20191022t163722_r5753_c252_w151_h151",fraca,77,6,29,262032,0.927710843373,0.72641509434,0.814814814815,0.6875,2.28974423557e-05,0.999866485596,0.884480306109,1,"hard"
"attentiongates_dpu_easy_remaining.xmodel","ang20191011t165345_r2762_c457_w151_h151",fraca,0,0,106,262038,0,0,0,0,0,0.99959564209,0.127496831747,1,"hard"
"attentiongates_dpu_easy_remaining.xmodel","ang20191013t144828_r4066_c404_w151_h151",fraca,73,8,1787,260276,0.901234567901,0.039247311828,0.0752189592993,0.0390792291221,3.07356579736e-05,0.993152618408,0.251800013855,1,"hard"
"attentiongates_dpu_easy_remaining.xmodel","ang20191011t174241_r11150_c189_w151_h151",fraca,0,0,21,262123,0,0,0,0,0,0.999919891357,0.729442447324,1,"hard"
"attentiongates_dpu_easy_remaining.xmodel","ang20191017t150903_r9252_c52_w151_h151",fraca,22,0,132,261990,1,0.142857142857,0.25,0.142857142857,0,0.999496459961,0.311479018551,1,"hard"
"attentiongates_dpu_easy_remaining.xmodel","ang20191016t150743_r2776_c281_w151_h151",fraca,21,299,201,261623,0.065625,0.0945945945946,0.0774907749077,0.0403071017274,0.00114156122815,0.998092651367,0.0284824513395,1,"hard"
"attentiongates_dpu_easy_remaining.xmodel","ang20191016t195058_r224_c814_w151_h151",fraca,1578,106,1757,258703,0.937054631829,0.473163418291,0.628810520024,0.458587619878,0.000409568446229,0.992893218994,0.689744977276,1,"hard"
"attentiongates_dpu_easy_remaining.xmodel","ang20191019t173905_r2062_c291_w151_h151",fraca,202,18,626,261298,0.918181818182,0.243961352657,0.385496183206,0.238770685579,6.88821197324e-05,0.997543334961,0.633746362153,1,"hard"
"attentiongates_dpu_easy_remaining.xmodel","ang20191019t163936_r174_c399_w151_h151",fraca,69,15,61,261999,0.821428571429,0.530769230769,0.644859813084,0.475862068966,5.72488492981e-05,0.999710083008,0.620662402169,1,"hard"
"attentiongates_dpu_easy_remaining.xmodel","ang20191006t150453_r3320_c425_w151_h151",fraca,75,6,30,262033,0.925925925926,0.714285714286,0.806451612903,0.675675675676,2.28973549739e-05,0.999862670898,0.828554196079,1,"hard"
"attentiongates_dpu_easy_remaining.xmodel","ang20191017t160033_r6024_c126_w151_h151",fraca,121,24,45,261954,0.834482758621,0.728915662651,0.778135048232,0.636842105263,9.16107459405e-05,0.999736785889,0.86404224897,1,"hard"
"attentiongates_dpu_easy_remaining.xmodel","ang20191007t200647_r3782_c243_w151_h151",fraca,1414,525,702,259503,0.729241877256,0.668241965974,0.697410604192,0.535403256342,0.00201901333703,0.995319366455,0.71733335599,1,"hard"
"attentiongates_dpu_easy_remaining.xmodel","ang20190927t181142_r5030_c60_w151_h151",fraca,0,0,78,262066,0,0,0,0,0,0.999702453613,0.127806855639,1,"hard"
"attentiongates_dpu_easy_remaining.xmodel","ang20190926t163428_r5453_c242_w151_h151",fraca,1903,145,370,259726,0.92919921875,0.837219533656,0.880814626244,0.787014061208,0.00055796914623,0.998035430908,0.907890555591,1,"hard"
"attentiongates_dpu_easy_remaining.xmodel","ang20191016t150743_r2947_c193_w151_h151",fraca,0,103,1,262040,0,0,0,0,0.000392915317212,0.999603271484,4.16016640666e-06,1,"hard"
"attentiongates_dpu_easy_remaining.xmodel","ang20191016t174016_r8334_c304_w151_h151",fraca,20,1,18,262105,0.952380952381,0.526315789474,0.677966101695,0.512820512821,3.81525031857e-06,0.999927520752,0.696416237204,1,"hard"
"attentiongates_dpu_easy_remaining.xmodel","ang20191006t164135_r185_c125_w151_h151",fraca,25,1,566,261552,0.961538461538,0.0423011844332,0.0810372771475,0.0422297297297,3.82331688033e-06,0.99783706665,0.0661244867807,1,"hard"
"attentiongates_dpu_easy_remaining.xmodel","ang20191006t165608_r3680_c177_w151_h151",fraca,12756,775,3349,245264,0.942724114995,0.792052157715,0.860844918343,0.755687203791,0.00314990712854,0.984268188477,0.936264096536,1,"hard"
"attentiongates_dpu_easy_remaining.xmodel","ang20191017t152518_r1992_c496_w151_h151",fraca,9,0,62,262073,1,0.12676056338,0.225,0.12676056338,0,0.99976348877,0.408241344262,1,"hard"
"attentiongates_dpu_easy_remaining.xmodel","ang20190922t192642_r4834_c257_w151_h151",fraca,4413,312,522,256897,0.933968253968,0.894224924012,0.913664596273,0.841052029731,0.00121302131729,0.99681854248,0.949771606827,1,"hard"
"attentiongates_dpu_easy_remaining.xmodel","ang20191016t160914_r6437_c522_w151_h151",fraca,2,0,89,262053,1,0.021978021978,0.0430107526882,0.021978021978,0,0.999660491943,0.743706771272,1,"hard"
"attentiongates_dpu_easy_remaining.xmodel","ang20190927t175410_r12204_c347_w151_h151",fraca,91,13,40,262000,0.875,0.69465648855,0.774468085106,0.631944444444,4.96158587551e-05,0.999797821045,0.857296129955,1,"hard"
"attentiongates_dpu_easy_remaining.xmodel","ang20191016t175642_r5951_c110_w151_h151",fraca,18,3,55,262068,0.857142857143,0.246575342466,0.382978723404,0.236842105263,1.1447279554e-05,0.999778747559,0.32640249535,1,"hard"
"attentiongates_dpu_easy_remaining.xmodel","ang20191016t171023_r1905_c425_w151_h151",fraca,64,6,136,261938,0.914285714286,0.32,0.474074074074,0.31067961165,2.29056592249e-05,0.999458312988,0.628068415544,1,"hard"
"attentiongates_dpu_easy_remaining.xmodel","ang20191023t165811_r8143_c73_w151_h151",fraca,145,11,359,261629,0.929487179487,0.287698412698,0.439393939394,0.281553398058,4.20425011466e-05,0.998588562012,0.609475562051,1,"hard"
"attentiongates_dpu_easy_remaining.xmodel","ang20190928t193847_r4737_c638_w151_h151",fraca,0,0,134,262010,0,0,0,0,0,0.999488830566,0.151927844473,1,"hard"
"attentiongates_dpu_easy_remaining.xmodel","ang20191016t195058_r278_c973_w151_h151",fraca,750,41,435,260918,0.94816687737,0.632911392405,0.759109311741,0.611745513866,0.000157112803161,0.998184204102,0.815212360907,1,"hard"
"attentiongates_dpu_easy_remaining.xmodel","ang20190926t154314_r12563_c601_w151_h151",fraca,25,91,193,261835,0.215517241379,0.114678899083,0.149700598802,0.0809061488673,0.000347426372334,0.998916625977,0.140199300784,1,"hard"
"attentiongates_dpu_easy_remaining.xmodel","ang20191013t182140_r3872_c425_w151_h151",fraca,399,70,94,261581,0.850746268657,0.809330628803,0.829521829522,0.708703374778,0.000267531941403,0.999374389648,0.889842962941,1,"hard"
"attentiongates_dpu_easy_remaining.xmodel","ang20191019t173905_r11057_c320_w151_h151",fraca,339,42,544,261219,0.889763779528,0.383918459796,0.536392405063,0.366486486486,0.000160758781448,0.997764587402,0.63782559783,1,"hard"
"attentiongates_dpu_easy_remaining.xmodel","ang20190924t183641_r12355_c423_w151_h151",fraca,11,2,141,261990,0.846153846154,0.0723684210526,0.133333333333,0.0714285714286,7.63382088003e-06,0.999454498291,0.175105573685,1,"hard"
"attentiongates_dpu_easy_remaining.xmodel","ang20191016t195058_r409_c968_w151_h151",fraca,662,54,523,260905,0.924581005587,0.55864978903,0.69647553919,0.534301856336,0.000206929057821,0.997798919678,0.740062456459,1,"hard"
"attentiongates_dpu_easy_remaining.xmodel","ang20191017t160033_r3365_c25_w151_h151",fraca,55,1,97,261991,0.982142857143,0.361842105263,0.528846153846,0.359477124183,3.81691044001e-06,0.999626159668,0.520168454193,1,"hard"
"attentiongates_dpu_easy_remaining.xmodel","ang20191017t180347_r7996_c114_w151_h151",fraca,214,872,271,260787,0.197053406998,0.441237113402,0.272437937619,0.157700810612,0.00333258171895,0.995639801025,0.20948719086,1,"hard"
"attentiongates_dpu_easy_remaining.xmodel","ang20191016t195058_r319_c831_w151_h151",fraca,1451,93,1318,259282,0.939766839378,0.524015890213,0.672849524693,0.506988120196,0.000358554216867,0.994617462158,0.725866347751,1,"hard"
"attentiongates_dpu_easy_remaining.xmodel","ang20191010t184216_r7136_c10_w151_h151",fraca,31,1,128,261984,0.96875,0.194968553459,0.324607329843,0.19375,3.81701242438e-06,0.999507904053,0.589403140827,1,"hard"
"attentiongates_dpu_easy_remaining.xmodel","ang20191013t182140_r630_c505_w151_h151",fraca,125,23,88,261908,0.844594594595,0.586854460094,0.692520775623,0.529661016949,8.78093849143e-05,0.999576568604,0.639461808959,1,"hard"
"attentiongates_dpu_easy_remaining.xmodel","ang20191010t182147_r8988_c168_w151_h151",fraca,0,0,229,261915,0,0,0,0,0,0.999126434326,0.0865752904961,1,"hard"
"attentiongates_dpu_easy_remaining.xmodel","ang20191022t181138_r5587_c485_w151_h151",fraca,20,3,221,261900,0.869565217391,0.0829875518672,0.151515151515,0.0819672131148,1.14546225129e-05,0.999145507812,0.189316063814,1,"hard"
"attentiongates_dpu_easy_remaining.xmodel","ang20191023t161300_r6969_c418_w151_h151",fraca,667,59,358,261060,0.918732782369,0.650731707317,0.761850371216,0.615313653137,0.000225950620215,0.99840927124,0.869158952304,1,"hard"
"attentiongates_dpu_easy_remaining.xmodel","ang20191016t193637_r9048_c137_w151_h151",fraca,67,6,296,261775,0.917808219178,0.184573002755,0.307339449541,0.181571815718,2.29199216139e-05,0.998847961426,0.34845699119,1,"hard"
"attentiongates_dpu_easy_remaining.xmodel","ang20191016t171023_r6570_c583_w151_h151",fraca,1008,63,1170,259903,0.941176470588,0.462809917355,0.620498614958,0.449799196787,0.000242339382842,0.995296478271,0.691403071446,1,"hard"
"attentiongates_dpu_easy_remaining.xmodel","ang20191011t181301_r11788_c236_w151_h151",fraca,5,1,32,262106,0.833333333333,0.135135135135,0.232558139535,0.131578947368,3.81523576249e-06,0.99987411499,0.188823172712,1,"hard"
"attentiongates_dpu_easy_remaining.xmodel","ang20191023t172753_r9206_c264_w151_h151",fraca,432,51,601,261060,0.894409937888,0.418199419167,0.569920844327,0.39852398524,0.000195319232051,0.997512817383,0.686485596557,1,"hard"
"attentiongates_dpu_easy_remaining.xmodel","ang20191016t183045_r3028_c371_w151_h151",fraca,13,1,47,262083,0.928571428571,0.216666666667,0.351351351351,0.213114754098,3.81557058042e-06,0.999816894531,0.696235998983,1,"hard"
"attentiongates_dpu_easy_remaining.xmodel","ang20191016t150743_r1683_c302_w151_h151",fraca,67,3,814,261260,0.957142857143,0.0760499432463,0.140904311251,0.0757918552036,1.14826822015e-05,0.996883392334,0.148975324465,1,"hard"
"attentiongates_dpu_easy_remaining.xmodel","ang20191013t154421_r6579_c235_w151_h151",fraca,857,70,6482,254735,0.924487594391,0.116773402371,0.20735543189,0.115670130922,0.000274719883833,0.975006103516,0.217141325499,1,"hard"
"attentiongates_dpu_easy_remaining.xmodel","ang20191023t174017_r6602_c343_w151_h151",fraca,114,10,63,261957,0.91935483871,0.64406779661,0.757475083056,0.609625668449,3.8172746949e-05,0.9997215271,0.7769965624,1,"hard"
"attentiongates_dpu_easy_remaining.xmodel","ang20191023t174017_r10157_c46_w151_h151",fraca,40,104,54,261946,0.277777777778,0.425531914894,0.336134453782,0.20202020202,0.000396870826178,0.999397277832,0.228795064245,1,"hard"
"attentiongates_dpu_easy_remaining.xmodel","ang20191008t195936_r1361_c446_w151_h151",fraca,79,5,113,261947,0.940476190476,0.411458333333,0.572463768116,0.401015228426,1.90874664061e-05,0.999549865723,0.75444501583,1,"hard"
"attentiongates_dpu_easy_remaining.xmodel","ang20190926t180335_r6976_c472_w151_h151",fraca,29,1,105,262009,0.966666666667,0.216417910448,0.353658536585,0.214814814815,3.81664821953e-06,0.99959564209,0.69951799312,1,"hard"
"attentiongates_dpu_easy_remaining.xmodel","ang20191013t164602_r8145_c515_w151_h151",fraca,29,2,991,261122,0.935483870968,0.028431372549,0.0551855375833,0.0283757338552,7.65919639711e-06,0.996212005615,0.0892324144234,1,"hard"
"attentiongates_dpu_easy_remaining.xmodel","ang20190926t172904_r3349_c507_w151_h151",fraca,251,201,144,261548,0.555309734513,0.635443037975,0.592680047226,0.421140939597,0.000767911243214,0.998683929443,0.437916569376,1,"hard"
"attentiongates_dpu_easy_remaining.xmodel","ang20191006t180341_r1269_c248_w151_h151",fraca,532,30,168,261414,0.946619217082,0.76,0.843106180666,0.728767123288,0.000114747326387,0.999244689941,0.929516604441,1,"hard"
"attentiongates_dpu_easy_remaining.xmodel","ang20191007t200647_r10170_c553_w151_h151",fraca,424,22,282,261416,0.95067264574,0.600566572238,0.736111111111,0.582417582418,8.41499705475e-05,0.998840332031,0.791158622285,1,"hard"
"attentiongates_dpu_easy_remaining.xmodel","ang20191019t162211_r1496_c332_w151_h151",fraca,204,7,168,261765,0.96682464455,0.548387096774,0.699828473413,0.538258575198,2.6740827896e-05,0.999332427979,0.823262766538,1,"hard"
"attentiongates_dpu_easy_remaining.xmodel","ang20191016t193637_r7991_c108_w151_h151",fraca,6,0,100,262038,1,0.0566037735849,0.107142857143,0.0566037735849,0,0.999618530273,0.182298043888,1,"hard"
"attentiongates_dpu_easy_remaining.xmodel","ang20191017t174946_r7823_c591_w151_h151",fraca,2,10,84,262048,0.166666666667,0.0232558139535,0.0408163265306,0.0208333333333,3.81594914103e-05,0.999641418457,0.0982918126045,1,"hard"
"attentiongates_dpu_easy_remaining.xmodel","ang20191011t191345_r3343_c265_w151_h151",fraca,125,7,97,261915,0.94696969697,0.563063063063,0.706214689266,0.545851528384,2.67255137026e-05,0.999603271484,0.767406498572,1,"hard"
"attentiongates_dpu_easy_remaining.xmodel","ang20190926t172904_r5655_c267_w151_h151",fraca,135,16,82,261911,0.894039735099,0.622119815668,0.733695652174,0.579399141631,6.10857223578e-05,0.999626159668,0.761214279272,1,"hard"
"attentiongates_dpu_easy_remaining.xmodel","ang20191016t163955_r5083_c556_w151_h151",fraca,8,68,119,261949,0.105263157895,0.0629921259843,0.0788177339901,0.0410256410256,0.000259525145315,0.999286651611,0.0558227439545,1,"hard"
"attentiongates_dpu_easy_remaining.xmodel","ang20191016t200430_r6874_c570_w151_h151",fraca,25,0,76,262043,1,0.247524752475,0.396825396825,0.247524752475,0,0.999710083008,0.368596819643,1,"hard"
"attentiongates_dpu_easy_remaining.xmodel","ang20191016t183045_r5262_c84_w151_h151",fraca,131,10,47,261956,0.929078014184,0.73595505618,0.82131661442,0.696808510638,3.81728926655e-05,0.999782562256,0.909130722081,1,"hard"
"attentiongates_dpu_easy_remaining.xmodel","ang20191006t152009_r1738_c274_w151_h151",fraca,85,2,90,261967,0.977011494253,0.485714285714,0.648854961832,0.480225988701,7.63449110391e-06,0.999649047852,0.722404615403,1,"hard"
"attentiongates_dpu_easy_remaining.xmodel","ang20191011t165345_r3395_c39_w151_h151",fraca,64,3,694,261383,0.955223880597,0.0844327176781,0.155151515152,0.084099868594,1.14772788137e-05,0.997341156006,0.515644260371,1,"hard"
"attentiongates_dpu_easy_remaining.xmodel","ang20191011t171218_r4916_c92_w151_h151",fraca,7,0,117,262020,1,0.0564516129032,0.106870229008,0.0564516129032,0,0.99955368042,0.482874124922,1,"hard"
"attentiongates_dpu_easy_remaining.xmodel","ang20191019t160518_r4056_c274_w151_h151",fraca,42,5,71,262026,0.893617021277,0.371681415929,0.525,0.35593220339,1.90817117059e-05,0.999710083008,0.679626545788,1,"hard"
"attentiongates_dpu_easy_remaining.xmodel","ang20191016t174016_r11106_c154_w151_h151",fraca,6,1,12,262125,0.857142857143,0.333333333333,0.48,0.315789473684,3.81495921809e-06,0.999950408936,0.55985086362,1,"hard"
"attentiongates_dpu_easy_remaining.xmodel","ang20190926t180335_r9812_c119_w151_h151",fraca,17,2,94,262031,0.894736842105,0.153153153153,0.261538461538,0.150442477876,7.63262642492e-06,0.999633789062,0.418757011435,1,"hard"
"attentiongates_dpu_easy_remaining.xmodel","ang20191008t172458_r5767_c61_w151_h151",fraca,21,33,9,262081,0.388888888889,0.7,0.5,0.333333333333,0.000125899417811,0.999839782715,0.531421099766,1,"hard"
"attentiongates_dpu_easy_remaining.xmodel","ang20191007t201917_r11493_c1532_w151_h151",fraca,4,7,95,262038,0.363636363636,0.040404040404,0.0727272727273,0.0377358490566,2.67129691465e-05,0.999610900879,0.0952577852026,1,"hard"
"attentiongates_dpu_easy_remaining.xmodel","ang20191006t174505_r11485_c152_w151_h151",fraca,23,1,27,262093,0.958333333333,0.46,0.621621621622,0.450980392157,3.81542500019e-06,0.999893188477,0.763865475175,1,"hard"
"attentiongates_dpu_easy_remaining.xmodel","ang20191006t152009_r7276_c467_w151_h151",fraca,159,7,116,261862,0.957831325301,0.578181818182,0.721088435374,0.563829787234,2.67309227133e-05,0.999530792236,0.888424501145,1,"hard"
"attentiongates_dpu_easy_remaining.xmodel","ang20191019t185452_r24232_c166_w151_h151",fraca,80,13,110,261941,0.860215053763,0.421052631579,0.565371024735,0.394088669951,4.9627033754e-05,0.999530792236,0.627652817354,1,"hard"
"attentiongates_dpu_easy_remaining.xmodel","ang20191017t170330_r2685_c231_w151_h151",fraca,259,19,316,261550,0.931654676259,0.450434782609,0.607268464244,0.436026936027,7.26385772014e-05,0.998722076416,0.648800801701,1,"hard"
"attentiongates_dpu_easy_remaining.xmodel","ang20191016t183045_r6333_c95_w151_h151",fraca,7,1,76,262060,0.875,0.0843373493976,0.153846153846,0.0833333333333,3.81590545713e-06,0.999706268311,0.300140841333,1,"hard"
"attentiongates_dpu_easy_remaining.xmodel","ang20191006t164135_r2190_c170_w151_h151",fraca,297,60,247,261540,0.831932773109,0.545955882353,0.659267480577,0.491721854305,0.000229357798165,0.998828887939,0.738644736137,1,"hard"
"attentiongates_dpu_easy_remaining.xmodel","ang20191010t193818_r458_c188_w151_h151",fraca,0,0,21,262123,0,0,0,0,0,0.999919891357,0.146504084974,1,"hard"
"attentiongates_dpu_easy_remaining.xmodel","ang20191013t145516_r4161_c385_w151_h151",fraca,80,10,168,261886,0.888888888889,0.322580645161,0.473372781065,0.31007751938,3.81830955799e-05,0.999320983887,0.524834142348,1,"hard"
"attentiongates_dpu_easy_remaining.xmodel","ang20191019t170014_r5520_c96_w151_h151",fraca,114,93,215,261722,0.550724637681,0.346504559271,0.425373134328,0.270142180095,0.000355212650154,0.998825073242,0.382763417304,1,"hard"
"attentiongates_dpu_easy_remaining.xmodel","ang20191016t195058_r386_c1010_w151_h151",fraca,403,93,782,260866,0.8125,0.340084388186,0.479476502082,0.315336463224,0.000356377821803,0.996662139893,0.560273320696,1,"hard"
"attentiongates_dpu_easy_remaining.xmodel","ang20191016t195058_r261_c704_w151_h151",fraca,1058,29,2089,258968,0.973321067157,0.336193199873,0.499763816722,0.333123425693,0.000111970408924,0.991920471191,0.594435630036,1,"hard"
"attentiongates_dpu_easy_remaining.xmodel","ang20191019t145204_r2884_c0_w151_h151",fraca,6,0,18,262120,1,0.25,0.4,0.25,0,0.999931335449,0.775740997415,1,"hard"
"attentiongates_dpu_easy_remaining.xmodel","ang20190926t174644_r892_c507_w151_h151",fraca,37,3,127,261977,0.925,0.225609756098,0.362745098039,0.221556886228,1.14512558211e-05,0.999504089355,0.364695700023,1,"hard"
"attentiongates_dpu_easy_remaining.xmodel","ang20191022t193257_r909_c393_w151_h151",fraca,155,7,144,261838,0.956790123457,0.518394648829,0.672451193059,0.506535947712,2.67333727969e-05,0.999423980713,0.780591500345,1,"hard"
"attentiongates_dpu_easy_remaining.xmodel","ang20191007t182352_r3564_c271_w151_h151",fraca,49,1,49,262045,0.98,0.5,0.662162162162,0.494949494949,3.81612388665e-06,0.999809265137,0.878509599328,1,"hard"
"attentiongates_dpu_easy_remaining.xmodel","ang20191013t173258_r1371_c553_w151_h151",fraca,156,7,45,261936,0.957055214724,0.776119402985,0.857142857143,0.75,2.67233711151e-05,0.999801635742,0.924131078048,1,"hard"
"attentiongates_dpu_easy_remaining.xmodel","ang20191013t144828_r226_c395_w151_h151",fraca,332,28,1723,260061,0.922222222222,0.161557177616,0.274948240166,0.15938550168,0.000107655456401,0.993320465088,0.214314858281,1,"hard"
"attentiongates_dpu_easy_remaining.xmodel","ang20191022t180237_r3873_c679_w151_h151",fraca,91,36,174,261843,0.716535433071,0.343396226415,0.464285714286,0.302325581395,0.000137468067314,0.999198913574,0.419873338589,1,"hard"
"attentiongates_dpu_easy_remaining.xmodel","ang20191023t151141_r8469_c109_w151_h151",fraca,4524,230,1897,255493,0.951619688683,0.704563152157,0.80966442953,0.680198466396,0.000899410690474,0.991886138916,0.880209744971,1,"hard"
"attentiongates_dpu_easy_remaining.xmodel","ang20191013t145516_r11372_c121_w151_h151",fraca,69,12,158,261905,0.851851851852,0.303964757709,0.448051948052,0.28870292887,4.58160409595e-05,0.999351501465,0.447649308173,1,"hard"
"attentiongates_dpu_easy_remaining.xmodel","ang20190927t175410_r10027_c480_w151_h151",fraca,239,15,1279,260611,0.94094488189,0.15744400527,0.269751693002,0.155903457273,5.75537360048e-05,0.995063781738,0.294421806334,1,"hard"
"attentiongates_dpu_easy_remaining.xmodel","ang20191017t152518_r1679_c18_w151_h151",fraca,37,2,53,262052,0.948717948718,0.411111111111,0.573643410853,0.402173913043,7.63201477558e-06,0.99979019165,0.698731610561,1,"hard"
"attentiongates_dpu_easy_remaining.xmodel","ang20191006t150453_r2196_c261_w151_h151",fraca,70,7,518,261549,0.909090909091,0.119047619048,0.210526315789,0.117647058824,2.6762911193e-05,0.997997283936,0.144724374021,1,"hard"
"attentiongates_dpu_easy_remaining.xmodel","ang20191006t150453_r3671_c370_w151_h151",fraca,143,29,30,261942,0.831395348837,0.826589595376,0.828985507246,0.707920792079,0.000110699275874,0.999774932861,0.901869135588,1,"hard"
"attentiongates_dpu_easy_remaining.xmodel","ang20191022t172245_r1735_c21_w151_h151",fraca,139,3,544,261458,0.978873239437,0.203513909224,0.33696969697,0.202623906706,1.14739865601e-05,0.997913360596,0.613383000845,1,"hard"
"attentiongates_dpu_easy_remaining.xmodel","ang20191016t193637_r6848_c465_w151_h151",fraca,39,1,94,262010,0.975,0.293233082707,0.450867052023,0.291044776119,3.81663365279e-06,0.99963760376,0.45417834757,1,"hard"
"attentiongates_dpu_easy_remaining.xmodel","ang20191007t175016_r9244_c205_w151_h151",fraca,78,0,261,261805,1,0.230088495575,0.374100719424,0.230088495575,0,0.999004364014,0.480235338419,1,"hard"
"attentiongates_dpu_easy_remaining.xmodel","ang20191016t193637_r9018_c131_w151_h151",fraca,0,13,363,261768,0,0,0,0,4.96598301634e-05,0.998565673828,0.0846370337489,1,"hard"
"attentiongates_dpu_easy_remaining.xmodel","ang20191022t162321_r1555_c111_w151_h151",fraca,7,1,7,262129,0.875,0.5,0.636363636364,0.466666666667,3.81490100332e-06,0.999969482422,0.736761232855,1,"hard"
"attentiongates_dpu_easy_remaining.xmodel","ang20191019t172500_r8010_c225_w151_h151",fraca,6,0,32,262106,1,0.157894736842,0.272727272727,0.157894736842,0,0.999877929688,0.6676274058,1,"hard"
"attentiongates_dpu_easy_remaining.xmodel","ang20191006t180341_r3320_c29_w151_h151",fraca,122,9,187,261826,0.931297709924,0.394822006472,0.554545454545,0.383647798742,3.43727920255e-05,0.999252319336,0.701336020114,1,"hard"
"attentiongates_dpu_easy_remaining.xmodel","ang20191017t150903_r9023_c277_w151_h151",fraca,617,25,3086,258416,0.961059190031,0.166621658115,0.284004602992,0.165504291845,9.67338773647e-05,0.988132476807,0.50327243062,1,"hard"
"attentiongates_dpu_easy_remaining.xmodel","ang20191017t171949_r11317_c350_w151_h151",fraca,1951,209,1707,258277,0.903240740741,0.533351558229,0.670677208663,0.504525471942,0.00080855442848,0.992691040039,0.670381824674,1,"hard"
"attentiongates_dpu_easy_remaining.xmodel","ang20190923t192543_r2005_c449_w151_h151",fraca,865,85,610,260584,0.910526315789,0.586440677966,0.713402061856,0.554487179487,0.000326084037611,0.9973487854,0.730724017948,1,"hard"
"attentiongates_dpu_easy_remaining.xmodel","ang20191016t171023_r4555_c494_w151_h151",fraca,136,2,445,261561,0.985507246377,0.234079173838,0.378303198887,0.233276157804,7.64634141679e-06,0.998294830322,0.372593196614,1,"hard"
"attentiongates_dpu_easy_remaining.xmodel","ang20191019t175004_r1568_c374_w151_h151",fraca,53,2,96,261993,0.963636363636,0.355704697987,0.519607843137,0.350993377483,7.6337334682e-06,0.999626159668,0.529960671583,1,"hard"
"attentiongates_dpu_easy_remaining.xmodel","ang20191007t182352_r4376_c293_w151_h151",fraca,37,0,181,261926,1,0.169724770642,0.290196078431,0.169724770642,0,0.999309539795,0.285465199474,1,"hard"
"attentiongates_dpu_easy_remaining.xmodel","ang20191008t183946_r9036_c563_w151_h151",fraca,96,3,132,261913,0.969696969697,0.421052631579,0.587155963303,0.415584415584,1.14540539715e-05,0.999485015869,0.758216085906,1,"hard"
"attentiongates_dpu_easy_remaining.xmodel","ang20191016t145145_r2979_c283_w151_h151",fraca,0,0,107,262037,0,0,0,0,0,0.999591827393,0.131404046658,1,"hard"
"attentiongates_dpu_easy_remaining.xmodel","ang20191010t193818_r5664_c429_w151_h151",fraca,0,0,76,262068,0,0,0,0,0,0.999710083008,0.00313106131194,1,"hard"
"attentiongates_dpu_easy_remaining.xmodel","ang20191022t153425_r1203_c565_w151_h151",fraca,216,10,528,261390,0.955752212389,0.290322580645,0.445360824742,0.286472148541,3.82555470543e-05,0.997947692871,0.722958523865,1,"hard"
"attentiongates_dpu_easy_remaining.xmodel","ang20191007t200647_r1122_c553_w151_h151",fraca,4920,2547,1724,252953,0.658899156288,0.740517760385,0.69732832542,0.535306277881,0.0099686888454,0.983707427979,0.690937031668,1,"hard"
"attentiongates_dpu_easy_remaining.xmodel","ang20191006t165608_r2288_c556_w151_h151",fraca,324,46,119,261655,0.875675675676,0.731376975169,0.79704797048,0.662576687117,0.00017577311512,0.999370574951,0.865260122088,1,"hard"
"attentiongates_dpu_easy_remaining.xmodel","ang20191017t154425_r2001_c119_w151_h151",fraca,6,0,225,261913,1,0.025974025974,0.0506329113924,0.025974025974,0,0.999141693115,0.142162346218,1,"hard"
"attentiongates_dpu_easy_remaining.xmodel","ang20191007t200647_r7116_c18_w151_h151",fraca,0,0,23,262121,0,0,0,0,0,0.999912261963,0.427536725997,1,"hard"
"attentiongates_dpu_easy_remaining.xmodel","ang20191019t162211_r174_c398_w151_h151",fraca,10,21,72,262041,0.322580645161,0.121951219512,0.176991150442,0.0970873786408,8.0133708817e-05,0.999645233154,0.137829598499,1,"hard"
"attentiongates_dpu_easy_remaining.xmodel","ang20191022t165908_r3901_c305_w151_h151",fraca,323,4,478,261339,0.987767584098,0.403245942572,0.572695035461,0.401242236025,1.53055562996e-05,0.998161315918,0.710976907175,1,"hard"
"attentiongates_dpu_easy_remaining.xmodel","ang20191008t194115_r6913_c529_w151_h151",fraca,6,0,156,261982,1,0.037037037037,0.0714285714286,0.037037037037,0,0.999404907227,0.0826133867092,1,"hard"
"attentiongates_dpu_easy_remaining.xmodel","ang20191011t182731_r111_c236_w151_h151",fraca,5,0,30,262109,1,0.142857142857,0.25,0.142857142857,0,0.999885559082,0.666814358249,1,"hard"
"attentiongates_dpu_easy_remaining.xmodel","ang20191016t174016_r9181_c127_w151_h151",fraca,0,0,55,262089,0,0,0,0,0,0.99979019165,0.195174050086,1,"hard"
"attentiongates_dpu_easy_remaining.xmodel","ang20191017t160033_r4831_c560_w151_h151",fraca,193,27,830,261094,0.877272727273,0.188660801564,0.310539018504,0.18380952381,0.000103400339306,0.996730804443,0.568347606087,1,"hard"
"attentiongates_dpu_easy_remaining.xmodel","ang20191016t171023_r8136_c321_w151_h151",fraca,9,0,10,262125,1,0.473684210526,0.642857142857,0.473684210526,0,0.999961853027,0.826520628494,1,"hard"
"attentiongates_dpu_easy_remaining.xmodel","ang20191016t155337_r6436_c506_w151_h151",fraca,33,8,268,261835,0.80487804878,0.109634551495,0.19298245614,0.106796116505,3.0552659418e-05,0.998947143555,0.220565335462,1,"hard"
"attentiongates_dpu_easy_remaining.xmodel","ang20191016t200430_r715_c247_w151_h151",fraca,1,0,69,262074,1,0.0142857142857,0.0281690140845,0.0142857142857,0,0.999736785889,0.30655448766,1,"hard"
"attentiongates_dpu_easy_remaining.xmodel","ang20191011t163647_r3554_c0_w151_h151",fraca,17,8,22,262097,0.68,0.435897435897,0.53125,0.36170212766,3.05221189981e-05,0.999885559082,0.641512933745,1,"hard"
"attentiongates_dpu_easy_remaining.xmodel","ang20191017t174946_r1911_c73_w151_h151",fraca,0,0,85,262059,0,0,0,0,0,0.999675750732,0.0548401490897,1,"hard"
"attentiongates_dpu_easy_remaining.xmodel","ang20191023t185210_r10822_c345_w151_h151",fraca,18793,1066,7027,235258,0.946321567048,0.727846630519,0.822828871035,0.698988321059,0.00451075641915,0.969127655029,0.921673230076,1,"hard"
"attentiongates_dpu_easy_remaining.xmodel","ang20191011t192741_r2687_c7_w151_h151",fraca,90,542,137,261375,0.142405063291,0.396475770925,0.209545983702,0.117035110533,0.00206935785001,0.997409820557,0.0973588302894,1,"hard"
"attentiongates_dpu_easy_remaining.xmodel","ang20191017t173348_r6316_c476_w151_h151",fraca,130,1868,135,260011,0.0650650650651,0.490566037736,0.114891736633,0.0609470229723,0.0071330652706,0.992359161377,0.0929870041051,1,"hard"
"attentiongates_dpu_easy_remaining.xmodel","ang20191006t171344_r6745_c249_w151_h151",fraca,362,14,614,261154,0.962765957447,0.370901639344,0.53550295858,0.365656565657,5.36053421552e-05,0.997604370117,0.606378240049,1,"hard"
"attentiongates_dpu_easy_remaining.xmodel","ang20191007t175016_r1780_c347_w151_h151",fraca,43,2,88,262011,0.955555555556,0.328244274809,0.488636363636,0.323308270677,7.63320903925e-06,0.999656677246,0.645265190461,1,"hard"
"attentiongates_dpu_easy_remaining.xmodel","ang20191016t163955_r3055_c131_w151_h151",fraca,23,0,124,261997,1,0.156462585034,0.270588235294,0.156462585034,0,0.999526977539,0.276846426865,1,"hard"
"attentiongates_dpu_easy_remaining.xmodel","ang20190926t171159_r3394_c83_w151_h151",fraca,0,375,194,261575,0,0,0,0,0.00143157091048,0.997829437256,0.00531543637283,1,"hard"
"attentiongates_dpu_easy_remaining.xmodel","ang20190927t175410_r3780_c250_w151_h151",fraca,194,471,199,261280,0.291729323308,0.493638676845,0.366729678639,0.224537037037,0.00179942005952,0.997444152832,0.375812413316,1,"hard"
"attentiongates_dpu_easy_remaining.xmodel","ang20191017t182024_r6233_c369_w151_h151",fraca,0,15,8,262121,0,0,0,0,5.72222052675e-05,0.999912261963,2.85982534966e-05,1,"hard"
"attentiongates_dpu_easy_remaining.xmodel","ang20191022t181138_r1160_c151_w151_h151",fraca,1352,26,314,260452,0.981132075472,0.811524609844,0.888304862024,0.799054373522,9.981649122e-05,0.99870300293,0.93426028734,1,"hard"
"attentiongates_dpu_easy_remaining.xmodel","ang20191016t153826_r3137_c196_w151_h151",fraca,44,5,43,262052,0.897959183673,0.505747126437,0.647058823529,0.478260869565,1.90798185128e-05,0.999816894531,0.693676173235,1,"hard"
"attentiongates_dpu_easy_remaining.xmodel","ang20191016t195058_r8286_c304_w151_h151",fraca,23,9,27,262085,0.71875,0.46,0.560975609756,0.389830508475,3.43388250017e-05,0.999862670898,0.610322966973,1,"hard"
"attentiongates_dpu_easy_remaining.xmodel","ang20191006t160931_r6337_c30_w151_h151",fraca,71,3,157,261913,0.959459459459,0.311403508772,0.470198675497,0.307359307359,1.14540539715e-05,0.999389648438,0.515234654502,1,"hard"
"attentiongates_dpu_easy_remaining.xmodel","ang20190922t203229_r7486_c72_w151_h151",fraca,330,112,48,261654,0.746606334842,0.873015873016,0.80487804878,0.673469387755,0.000427863053261,0.999389648438,0.87930629632,1,"hard"
"attentiongates_dpu_easy_remaining.xmodel","ang20191016t171023_r4618_c553_w151_h151",fraca,26,32,555,261531,0.448275862069,0.0447504302926,0.0813771517997,0.0424143556281,0.000122341462669,0.997760772705,0.0557271825555,1,"hard"
"attentiongates_dpu_easy_remaining.xmodel","ang20191017t185057_r3726_c333_w151_h151",fraca,0,0,26,262118,0,0,0,0,0,0.999900817871,0.510977904229,1,"hard"
"attentiongates_dpu_easy_remaining.xmodel","ang20190923t195907_r7563_c6_w151_h151",fraca,47,2,79,262016,0.959183673469,0.373015873016,0.537142857143,0.3671875,7.63306337733e-06,0.999691009521,0.581945468167,1,"hard"
"attentiongates_dpu_easy_remaining.xmodel","ang20191017t160033_r3587_c150_w151_h151",fraca,64,0,88,261992,1,0.421052631579,0.592592592593,0.421052631579,0,0.999664306641,0.727393161829,1,"hard"
"attentiongates_dpu_easy_remaining.xmodel","ang20191022t153425_r1069_c367_w151_h151",fraca,376,59,368,261341,0.864367816092,0.505376344086,0.637828668363,0.468244084682,0.000225707727621,0.998371124268,0.647845233522,1,"hard"
"attentiongates_dpu_easy_remaining.xmodel","ang20190926t184029_r12219_c473_w151_h151",fraca,2085,79,488,259492,0.963493530499,0.8103381267,0.880303989867,0.786199095023,0.000304348328588,0.99783706665,0.94225728375,1,"hard"
"attentiongates_dpu_easy_remaining.xmodel","ang20191022t183431_r3247_c535_w151_h151",fraca,1007,57,416,260664,0.946428571429,0.707659873507,0.80981101729,0.680405405405,0.000218624506657,0.998195648193,0.823644865024,1,"hard"
"attentiongates_dpu_easy_remaining.xmodel","ang20191013t151222_r6634_c284_w151_h151",fraca,375,93,1501,260175,0.801282051282,0.199893390192,0.319965870307,0.190452006094,0.000357323989119,0.993919372559,0.273358645595,1,"hard"
"attentiongates_dpu_easy_remaining.xmodel","ang20191006t171344_r305_c410_w151_h151",fraca,1,16,297,261830,0.0588235294118,0.00335570469799,0.00634920634921,0.0031847133758,6.11046187454e-05,0.998805999756,0.0236133960402,1,"hard"
"attentiongates_dpu_easy_remaining.xmodel","ang20190928t181405_r6053_c285_w151_h151",fraca,30,1,86,262027,0.967741935484,0.258620689655,0.408163265306,0.25641025641,3.81638603508e-06,0.999668121338,0.721818873207,1,"hard"
"attentiongates_dpu_easy_remaining.xmodel","ang20190924t181121_r14632_c354_w151_h151",fraca,2,0,48,262094,1,0.04,0.0769230769231,0.04,0,0.999816894531,0.489230166406,1,"hard"
"attentiongates_dpu_easy_remaining.xmodel","ang20191016t145145_r4417_c158_w151_h151",fraca,110,11,554,261469,0.909090909091,0.165662650602,0.28025477707,0.162962962963,4.20682270155e-05,0.997844696045,0.364057315799,1,"hard"
"attentiongates_dpu_easy_remaining.xmodel","ang20190927t175410_r9284_c428_w151_h151",fraca,141,134,44,261825,0.512727272727,0.762162162162,0.613043478261,0.442006269592,0.000511530430335,0.999320983887,0.595417111274,1,"hard"
"attentiongates_dpu_easy_remaining.xmodel","ang20191017t180347_r7667_c11_w151_h151",fraca,18,0,187,261939,1,0.0878048780488,0.161434977578,0.0878048780488,0,0.999286651611,0.544022637291,1,"hard"
"attentiongates_dpu_easy_remaining.xmodel","ang20191022t180237_r2007_c480_w151_h151",fraca,21,2,214,261907,0.913043478261,0.0893617021277,0.162790697674,0.0886075949367,7.63624006812e-06,0.999176025391,0.464304303406,1,"hard"
"attentiongates_dpu_easy_remaining.xmodel","ang20191019t175004_r2126_c318_w151_h151",fraca,447,38,293,261366,0.921649484536,0.604054054054,0.729795918367,0.574550128535,0.00014536885434,0.998737335205,0.790212884207,1,"hard"
"attentiongates_dpu_easy_remaining.xmodel","ang20191017t154425_r7522_c540_w151_h151",fraca,283,19,119,261723,0.937086092715,0.703980099502,0.803977272727,0.672209026128,7.25905662828e-05,0.999473571777,0.9088054987,1,"hard"
"attentiongates_dpu_easy_remaining.xmodel","ang20191017t183448_r955_c305_w151_h151",fraca,95,5,32,262012,0.95,0.748031496063,0.837004405286,0.719696969697,1.90827312732e-05,0.999858856201,0.900723596655,1,"hard"
"attentiongates_dpu_easy_remaining.xmodel","ang20191007t193705_r6997_c288_w151_h151",fraca,3768,224,4293,253859,0.943887775551,0.46743580201,0.625238529827,0.454797827399,0.00088160168134,0.982769012451,0.816606993763,1,"hard"
"attentiongates_dpu_easy_remaining.xmodel","ang20191017t174946_r11442_c484_w151_h151",fraca,480,38,980,260646,0.926640926641,0.328767123288,0.485338725986,0.320427236315,0.000145770357981,0.996116638184,0.516281866046,1,"hard"
"attentiongates_dpu_easy_remaining.xmodel","ang20191022t164918_r4051_c251_w151_h151",fraca,14,94,53,261983,0.12962962963,0.208955223881,0.16,0.0869565217391,0.000358673214361,0.999439239502,0.057665806151,1,"hard"
"attentiongates_dpu_easy_remaining.xmodel","ang20191017t160033_r3204_c372_w151_h151",fraca,33,70,62,261979,0.320388349515,0.347368421053,0.333333333333,0.2,0.000267125613912,0.999496459961,0.341691395148,1,"hard"
"attentiongates_dpu_easy_remaining.xmodel","ang20191006t162415_r6616_c258_w151_h151",fraca,787,88,745,260524,0.899428571429,0.513707571802,0.653926049024,0.485802469136,0.000337666722944,0.996822357178,0.648216382637,1,"hard"
"attentiongates_dpu_easy_remaining.xmodel","ang20191016t152245_r10302_c578_w151_h151",fraca,34,22,53,262035,0.607142857143,0.390804597701,0.475524475524,0.311926605505,8.39512014562e-05,0.999713897705,0.572447975403,1,"hard"
"attentiongates_dpu_easy_remaining.xmodel","ang20191016t195058_r4296_c688_w151_h151",fraca,31,1,76,262036,0.96875,0.289719626168,0.446043165468,0.287037037037,3.81625495636e-06,0.999706268311,0.756420327222,1,"hard"
"attentiongates_dpu_easy_remaining.xmodel","ang20191023t190429_r3215_c202_w151_h151",fraca,21,0,56,262067,1,0.272727272727,0.428571428571,0.272727272727,0,0.999786376953,0.425822093272,1,"hard"
"attentiongates_dpu_easy_remaining.xmodel","ang20190927t190436_r8004_c498_w151_h151",fraca,68,4,95,261977,0.944444444444,0.41717791411,0.578723404255,0.407185628743,1.52682828144e-05,0.999622344971,0.820371384275,1,"hard"
"attentiongates_dpu_easy_remaining.xmodel","ang20191019t184718_r7225_c298_w151_h151",fraca,282,317,155,261390,0.470784641068,0.645308924485,0.544401544402,0.37400530504,0.00121127826157,0.998199462891,0.577332608752,1,"hard"
"attentiongates_dpu_easy_remaining.xmodel","ang20191016t163955_r2757_c278_w151_h151",fraca,112,11,346,261675,0.910569105691,0.244541484716,0.385542168675,0.238805970149,4.20351107816e-05,0.998638153076,0.454946359458,1,"hard"
"attentiongates_dpu_easy_remaining.xmodel","ang20191013t182140_r3871_c421_w151_h151",fraca,425,62,68,261589,0.872689938398,0.862068965517,0.867346938776,0.765765765766,0.000236956862385,0.999504089355,0.920806935885,1,"hard"
"attentiongates_dpu_easy_remaining.xmodel","ang20191017t170330_r6284_c353_w151_h151",fraca,0,0,56,262088,0,0,0,0,0,0.999786376953,0.308883013172,1,"hard"
"attentiongates_dpu_easy_remaining.xmodel","ang20191016t200430_r4457_c441_w151_h151",fraca,0,0,72,262072,0,0,0,0,0,0.999725341797,0.242344884495,1,"hard"
"attentiongates_dpu_easy_remaining.xmodel","ang20191016t162417_r1865_c306_w151_h151",fraca,17,0,30,262097,1,0.36170212766,0.53125,0.36170212766,0,0.999885559082,0.598450855963,1,"hard"
"attentiongates_dpu_easy_remaining.xmodel","ang20191017t183448_r8154_c228_w151_h151",fraca,39,2,86,262017,0.951219512195,0.312,0.469879518072,0.307086614173,7.63303424561e-06,0.999664306641,0.568613486523,1,"hard"
"attentiongates_dpu_easy_remaining.xmodel","ang20191017t180347_r10064_c450_w151_h151",fraca,3,0,120,262021,1,0.0243902439024,0.047619047619,0.0243902439024,0,0.999542236328,0.209063215942,1,"hard"
"attentiongates_dpu_easy_remaining.xmodel","ang20191023t154154_r7124_c281_w151_h151",fraca,121,11,38,261974,0.916666666667,0.761006289308,0.831615120275,0.711764705882,4.19871366681e-05,0.999813079834,0.914454710261,1,"hard"
"attentiongates_dpu_easy_remaining.xmodel","ang20191007t195115_r1971_c521_w151_h151",fraca,40,2,501,261601,0.952380952381,0.0739371534196,0.137221269297,0.073664825046,7.64517226484e-06,0.998081207275,0.46786869764,1,"hard"
"attentiongates_dpu_easy_remaining.xmodel","ang20191013t144828_r4120_c470_w151_h151",fraca,13,50,1830,260251,0.206349206349,0.00705371676614,0.0136411332634,0.00686740623349,0.000192085316614,0.992828369141,0.0518012096962,1,"hard"
"attentiongates_dpu_easy_remaining.xmodel","ang20191006t164135_r11396_c190_w151_h151",fraca,397,33,390,261324,0.923255813953,0.504447268107,0.652423993426,0.484146341463,0.000126264075575,0.998386383057,0.658027729079,1,"hard"
"attentiongates_dpu_easy_remaining.xmodel","ang20191007t190840_r10960_c184_w151_h151",fraca,0,5,42,262097,0,0,0,0,1.907654272e-05,0.999820709229,0.168358332085,1,"hard"
"attentiongates_dpu_easy_remaining.xmodel","ang20191022t192048_r5574_c478_w151_h151",fraca,15,0,148,261981,1,0.0920245398773,0.168539325843,0.0920245398773,0,0.999435424805,0.64294345361,1,"hard"
"attentiongates_dpu_easy_remaining.xmodel","ang20191013t164602_r7501_c276_w151_h151",fraca,79,0,596,261469,1,0.117037037037,0.209549071618,0.117037037037,0,0.99772644043,0.242574651752,1,"hard"
"attentiongates_dpu_easy_remaining.xmodel","ang20191013t171742_r1886_c495_w151_h151",fraca,193,28,100,261823,0.873303167421,0.658703071672,0.750972762646,0.601246105919,0.000106931040935,0.99951171875,0.787097422671,1,"hard"
"attentiongates_dpu_easy_remaining.xmodel","ang20191013t182140_r11986_c496_w151_h151",fraca,45,57,49,261993,0.441176470588,0.478723404255,0.459183673469,0.298013245033,0.000217515741271,0.99959564209,0.436411791858,1,"hard"
"attentiongates_dpu_easy_remaining.xmodel","ang20191016t160914_r2713_c533_w151_h151",fraca,41,1,84,262018,0.97619047619,0.328,0.491017964072,0.325396825397,3.8165171228e-06,0.999675750732,0.587822027293,1,"hard"
"attentiongates_dpu_easy_remaining.xmodel","ang20190923t192543_r3134_c501_w151_h151",fraca,104,4,304,261732,0.962962962963,0.254901960784,0.403100775194,0.252427184466,1.52825748082e-05,0.998825073242,0.709886798004,1,"hard"
"attentiongates_dpu_easy_remaining.xmodel","ang20191007t185303_r2630_c550_w151_h151",fraca,2,0,4303,257839,1,0.000464576074332,0.000928720687253,0.000464576074332,0,0.983585357666,0.430186886059,1,"hard"
"attentiongates_dpu_easy_remaining.xmodel","ang20191016t165454_r508_c176_w151_h151",fraca,235,11,950,260948,0.955284552846,0.198312236287,0.328441649196,0.196488294314,4.21522154821e-05,0.996334075928,0.332599086533,1,"hard"
"attentiongates_dpu_easy_remaining.xmodel","ang20191011t172641_r893_c449_w151_h151",fraca,0,0,60,262084,0,0,0,0,0,0.999771118164,0.173245907971,1,"hard"
"attentiongates_dpu_easy_remaining.xmodel","ang20191023t142135_r13793_c186_w151_h151",fraca,315,59,58,261712,0.842245989305,0.844504021448,0.843373493976,0.729166666667,0.000225387838989,0.99955368042,0.898650317628,1,"hard"
"attentiongates_dpu_easy_remaining.xmodel","ang20191006t164135_r2368_c111_w151_h151",fraca,191,24,335,261594,0.888372093023,0.363117870722,0.515519568151,0.347272727273,9.17368071004e-05,0.998630523682,0.596691473024,1,"hard"
"attentiongates_dpu_easy_remaining.xmodel","ang20191017t163235_r4915_c319_w151_h151",fraca,12,1,5,262126,0.923076923077,0.705882352941,0.8,0.666666666667,3.81494466423e-06,0.999977111816,0.823527088924,1,"hard"
"attentiongates_dpu_easy_remaining.xmodel","ang20190927t184620_r7749_c565_w151_h151",fraca,22,9,36,262077,0.709677419355,0.379310344828,0.494382022472,0.328358208955,3.43398731714e-05,0.999828338623,0.513926152628,1,"hard"
"attentiongates_dpu_easy_remaining.xmodel","ang20191022t162321_r9083_c211_w151_h151",fraca,3,0,508,261633,1,0.00587084148728,0.011673151751,0.00587084148728,0,0.998062133789,0.0844347461971,1,"hard"
"attentiongates_dpu_easy_remaining.xmodel","ang20191007t200647_r4678_c402_w151_h151",fraca,251,11,289,261593,0.958015267176,0.464814814815,0.625935162095,0.4555353902,4.20482867234e-05,0.99885559082,0.74317761762,1,"hard"
"attentiongates_dpu_easy_remaining.xmodel","ang20191023t164221_r8242_c483_w151_h151",fraca,378,32,200,261534,0.921951219512,0.653979238754,0.765182186235,0.619672131148,0.000122340059488,0.999114990234,0.842160444228,1,"hard"
"attentiongates_dpu_easy_remaining.xmodel","ang20191007t200647_r1571_c101_w151_h151",fraca,5,40,80,262019,0.111111111111,0.0588235294118,0.0769230769231,0.04,0.000152637383185,0.999542236328,0.269787790495,1,"hard"
"attentiongates_dpu_easy_remaining.xmodel","ang20190927t175410_r10038_c603_w151_h151",fraca,139,1,1379,260625,0.992857142857,0.0915678524374,0.167671893848,0.0915075707702,3.83691573366e-06,0.994735717773,0.190842105298,1,"hard"
"attentiongates_dpu_easy_remaining.xmodel","ang20191016t175642_r747_c486_w151_h151",fraca,37,1,36,262070,0.973684210526,0.506849315068,0.666666666667,0.5,3.81575985134e-06,0.999858856201,0.857162223812,1,"hard"
"attentiongates_dpu_easy_remaining.xmodel","ang20191019t173905_r2889_c557_w151_h151",fraca,0,0,125,262019,0,0,0,0,0,0.999523162842,0.0944419745196,1,"hard"
"attentiongates_dpu_easy_remaining.xmodel","ang20191017t154425_r3694_c377_w151_h151",fraca,281,29,79,261755,0.906451612903,0.780555555556,0.838805970149,0.72236503856,0.000110778351618,0.999588012695,0.909076987264,1,"hard"
"attentiongates_dpu_easy_remaining.xmodel","ang20191007t175016_r6463_c149_w151_h151",fraca,0,0,40,262104,0,0,0,0,0,0.999847412109,0.444537269318,1,"hard"
"attentiongates_dpu_easy_remaining.xmodel","ang20191013t152730_r7630_c346_w151_h151",fraca,10,0,1153,260981,1,0.00859845227859,0.0170502983802,0.00859845227859,0,0.995601654053,0.0379158040471,1,"hard"
"attentiongates_dpu_easy_remaining.xmodel","ang20191013t192848_r1527_c413_w151_h151",fraca,0,0,18,262126,0,0,0,0,0,0.999931335449,0.000199984957014,1,"hard"
"attentiongates_dpu_easy_remaining.xmodel","ang20191023t172753_r6778_c308_w151_h151",fraca,260,25,155,261704,0.912280701754,0.626506024096,0.742857142857,0.590909090909,9.55186471503e-05,0.999313354492,0.846098050344,1,"hard"
"attentiongates_dpu_easy_remaining.xmodel","ang20190926t163428_r5135_c375_w151_h151",fraca,182,17,211,261734,0.914572864322,0.4631043257,0.614864864865,0.443902439024,6.4947220832e-05,0.999130249023,0.688625815861,1,"hard"
"attentiongates_dpu_easy_remaining.xmodel","ang20191013t144828_r563_c623_w151_h151",fraca,53,10,199,261882,0.84126984127,0.210317460317,0.336507936508,0.202290076336,3.81836787683e-05,0.999202728271,0.337926001016,1,"hard"
"attentiongates_dpu_easy_remaining.xmodel","ang20191013t145516_r5585_c528_w151_h151",fraca,35,7,51,262051,0.833333333333,0.406976744186,0.546875,0.376344086022,2.67116439872e-05,0.999778747559,0.525044168655,1,"hard"
"attentiongates_dpu_easy_remaining.xmodel","ang20191022t184525_r1133_c567_w151_h151",fraca,88,0,97,261959,1,0.475675675676,0.644688644689,0.475675675676,0,0.999629974365,0.778001088621,1,"hard"
"attentiongates_dpu_easy_remaining.xmodel","ang20191006t162415_r6554_c232_w151_h151",fraca,653,91,896,260504,0.877688172043,0.421562298257,0.569559529001,0.398170731707,0.000349200867246,0.996234893799,0.637618771194,1,"hard"
"attentiongates_dpu_easy_remaining.xmodel","ang20191013t154421_r6986_c66_w151_h151",fraca,6,296,200,261642,0.0198675496689,0.0291262135922,0.0236220472441,0.0119521912351,0.00113003840604,0.998107910156,0.00672320580724,1,"hard"
"attentiongates_dpu_easy_remaining.xmodel","ang20191017t160033_r1290_c245_w151_h151",fraca,122,21,48,261953,0.853146853147,0.717647058824,0.779552715655,0.638743455497,8.01606266271e-05,0.999736785889,0.839059856535,1,"hard"
"attentiongates_dpu_easy_remaining.xmodel","ang20191019t164827_r13_c361_w151_h151",fraca,8,3,4,262129,0.727272727273,0.666666666667,0.695652173913,0.533333333333,1.14446156898e-05,0.999973297119,0.744667064713,1,"hard"
"attentiongates_dpu_easy_remaining.xmodel","ang20191013t151222_r5704_c200_w151_h151",fraca,534,113,1441,260056,0.825347758887,0.270379746835,0.407322654462,0.255747126437,0.000434333068121,0.994071960449,0.408733314524,1,"hard"
"attentiongates_dpu_easy_remaining.xmodel","ang20191006t155231_r10102_c450_w151_h151",fraca,7,0,20,262117,1,0.259259259259,0.411764705882,0.259259259259,0,0.999923706055,0.694053049167,1,"hard"
"attentiongates_dpu_easy_remaining.xmodel","ang20191017t173348_r2875_c318_w151_h151",fraca,1,2,139,262002,0.333333333333,0.00714285714286,0.013986013986,0.00704225352113,7.63347124471e-06,0.999462127686,0.122821191164,1,"hard"
"attentiongates_dpu_easy_remaining.xmodel","ang20191016t163955_r3797_c222_w151_h151",fraca,185,5635,230,256094,0.0317869415808,0.44578313253,0.0593424218123,0.0305785123967,0.0215299030677,0.977626800537,0.0633839932795,1,"hard"
"attentiongates_dpu_easy_remaining.xmodel","ang20191019t173905_r2181_c254_w151_h151",fraca,386,40,442,261276,0.906103286385,0.466183574879,0.615629984051,0.444700460829,0.000153071377183,0.998161315918,0.703897588421,1,"hard"
"attentiongates_dpu_easy_remaining.xmodel","ang20191023t142135_r15210_c66_w151_h151",fraca,90,19,139,261896,0.825688073394,0.393013100437,0.532544378698,0.362903225806,7.25426187885e-05,0.999397277832,0.575922318982,1,"hard"
"attentiongates_dpu_easy_remaining.xmodel","ang20191011t184311_r6519_c556_w151_h151",fraca,0,0,61,262083,0,0,0,0,0,0.999767303467,0.137558135119,1,"hard"
"attentiongates_dpu_easy_remaining.xmodel","ang20190927t175410_r8294_c340_w151_h151",fraca,227,4,38,261875,0.982683982684,0.856603773585,0.915322580645,0.843866171004,1.52742297015e-05,0.999839782715,0.973944677131,1,"hard"
"attentiongates_dpu_easy_remaining.xmodel","ang20191023t191942_r9815_c180_w151_h151",fraca,402,35,417,261290,0.919908466819,0.490842490842,0.640127388535,0.470725995316,0.000133932842246,0.998275756836,0.705053000219,1,"hard"
"attentiongates_dpu_easy_remaining.xmodel","ang20191006t165608_r3735_c257_w151_h151",fraca,13077,963,5436,242668,0.93141025641,0.706368497812,0.80342825546,0.671441774492,0.00395269895867,0.975589752197,0.92888451353,1,"hard"
"attentiongates_dpu_easy_remaining.xmodel","ang20191023t175603_r8555_c374_w151_h151",fraca,2228,165,3052,256699,0.931048892603,0.42196969697,0.580737651505,0.409182736455,0.00064236327395,0.987728118896,0.538626272994,1,"hard"
"attentiongates_dpu_easy_remaining.xmodel","ang20191016t184817_r7334_c174_w151_h151",fraca,7,0,177,261960,1,0.0380434782609,0.0732984293194,0.0380434782609,0,0.999324798584,0.125878033213,1,"hard"
"attentiongates_dpu_easy_remaining.xmodel","ang20191017t170330_r2250_c304_w151_h151",fraca,21,0,217,261906,1,0.0882352941176,0.162162162162,0.0882352941176,0,0.999172210693,0.593558959831,1,"hard"
"attentiongates_dpu_easy_remaining.xmodel","ang20191017t164928_r283_c152_w151_h151",fraca,24,3,116,262001,0.888888888889,0.171428571429,0.287425149701,0.167832167832,1.14502068671e-05,0.999546051025,0.321604096635,1,"hard"
"attentiongates_dpu_easy_remaining.xmodel","ang20191006t160931_r10976_c483_w151_h151",fraca,4,2,247,261891,0.666666666667,0.0159362549801,0.0311284046693,0.0158102766798,7.63670659391e-06,0.999050140381,0.15063479249,1,"hard"
"attentiongates_dpu_easy_remaining.xmodel","ang20191013t152730_r7405_c142_w151_h151",fraca,1483,166,1936,258559,0.899332929048,0.433752559228,0.585240726125,0.413668061367,0.00064160788482,0.991981506348,0.58116596134,1,"hard"
"attentiongates_dpu_easy_remaining.xmodel","ang20191017t161837_r3580_c455_w151_h151",fraca,33,0,241,261870,1,0.120437956204,0.214983713355,0.120437956204,0,0.999080657959,0.220411127136,1,"hard"
"attentiongates_dpu_easy_remaining.xmodel","ang20191022t192048_r4070_c460_w151_h151",fraca,219,3,305,261617,0.986486486486,0.417938931298,0.587131367292,0.415559772296,1.14670132253e-05,0.998825073242,0.639298394497,1,"hard"
"attentiongates_dpu_easy_remaining.xmodel","ang20191017t170330_r11343_c639_w151_h151",fraca,351,31,155,261607,0.918848167539,0.693675889328,0.790540540541,0.653631284916,0.000118484318027,0.999290466309,0.850128879987,1,"hard"
"attentiongates_dpu_easy_remaining.xmodel","ang20191006t171344_r5428_c404_w151_h151",fraca,3,0,107,262034,1,0.0272727272727,0.0530973451327,0.0272727272727,0,0.999591827393,0.175740780619,1,"hard"
"attentiongates_dpu_easy_remaining.xmodel","ang20190927t153023_r12637_c207_w151_h151",fraca,585,31,164,261364,0.949675324675,0.781041388518,0.857142857143,0.75,0.000118594464316,0.999256134033,0.919563271881,1,"hard"
"attentiongates_dpu_easy_remaining.xmodel","ang20191006t172739_r4860_c333_w151_h151",fraca,275,9,126,261734,0.968309859155,0.68578553616,0.802919708029,0.670731707317,3.4384873712e-05,0.999485015869,0.888429942067,1,"hard"
"attentiongates_dpu_easy_remaining.xmodel","ang20191017t164928_r509_c232_w151_h151",fraca,486,72,213,261373,0.870967741935,0.695278969957,0.773269689737,0.630350194553,0.000275392529978,0.998912811279,0.698442687938,1,"hard"
"attentiongates_dpu_easy_remaining.xmodel","ang20190927t171836_r2892_c424_w151_h151",fraca,42,5,51,262046,0.893617021277,0.451612903226,0.6,0.428571428571,1.90802553701e-05,0.999786376953,0.638879448791,1,"hard"
"attentiongates_dpu_easy_remaining.xmodel","ang20190927t154855_r9470_c308_w151_h151",fraca,961,24,771,260388,0.975634517766,0.554849884527,0.707397865293,0.547266514806,9.21616515368e-05,0.996967315674,0.666660331283,1,"hard"
"attentiongates_dpu_easy_remaining.xmodel","ang20191013t155909_r105_c234_w151_h151",fraca,51,22,38,262033,0.698630136986,0.573033707865,0.62962962963,0.459459459459,8.39518421705e-05,0.999771118164,0.638777208569,1,"hard"
"attentiongates_dpu_easy_remaining.xmodel","ang20191010t174755_r16391_c499_w151_h151",fraca,0,0,44,262100,0,0,0,0,0,0.99983215332,0.0841313261704,1,"hard"
"attentiongates_dpu_easy_remaining.xmodel","ang20191007t175016_r9115_c209_w151_h151",fraca,106,4,233,261801,0.963636363636,0.312684365782,0.472160356347,0.309037900875,1.52785470102e-05,0.999095916748,0.51255310091,1,"hard"
"attentiongates_dpu_easy_remaining.xmodel","ang20190926t174644_r3406_c48_w151_h151",fraca,1068,413,316,260347,0.72113436867,0.771676300578,0.74554973822,0.594323873122,0.00158383187605,0.997219085693,0.625578745353,1,"hard"
"attentiongates_dpu_easy_remaining.xmodel","ang20191017t154425_r12955_c242_w151_h151",fraca,276,36,72,261760,0.884615384615,0.793103448276,0.836363636364,0.71875,0.000137511650293,0.999588012695,0.919877903732,1,"hard"
"attentiongates_dpu_easy_remaining.xmodel","ang20191007t185303_r4669_c189_w151_h151",fraca,24,1,33,262086,0.96,0.421052631579,0.585365853659,0.413793103448,3.81552690519e-06,0.999870300293,0.605302412675,1,"hard"
"attentiongates_dpu_easy_remaining.xmodel","ang20191006t153731_r3016_c419_w151_h151",fraca,353,66,144,261581,0.842482100239,0.710261569416,0.770742358079,0.626998223801,0.000252248258149,0.999198913574,0.806986999656,1,"hard"
"attentiongates_dpu_easy_remaining.xmodel","ang20191016t171023_r7214_c415_w151_h151",fraca,109,7,418,261610,0.939655172414,0.206831119545,0.339035769829,0.204119850187,2.67566710114e-05,0.998378753662,0.341796656461,1,"hard"
"attentiongates_dpu_easy_remaining.xmodel","ang20191011t175712_r6310_c349_w151_h151",fraca,2,0,11,262131,1,0.153846153846,0.266666666667,0.153846153846,0,0.99995803833,0.484671117158,1,"hard"
"attentiongates_dpu_easy_remaining.xmodel","ang20190923t170747_r14210_c160_w151_h151",fraca,12,4,119,262009,0.75,0.0916030534351,0.163265306122,0.0888888888889,1.52664180785e-05,0.999530792236,0.437944887062,1,"hard"
"attentiongates_dpu_easy_remaining.xmodel","ang20191006t155231_r9893_c133_w151_h151",fraca,19,1,78,262046,0.95,0.19587628866,0.324786324786,0.19387755102,3.8161093239e-06,0.999698638916,0.332727276915,1,"hard"
"attentiongates_dpu_easy_remaining.xmodel","ang20191017t183448_r9445_c477_w151_h151",fraca,11,0,51,262082,1,0.177419354839,0.301369863014,0.177419354839,0,0.999805450439,0.640096219862,1,"hard"
"attentiongates_dpu_easy_remaining.xmodel","ang20191007t195115_r2074_c344_w151_h151",fraca,3,0,141,262000,1,0.0208333333333,0.0408163265306,0.0208333333333,0,0.999462127686,0.154935120752,1,"hard"
"attentiongates_dpu_easy_remaining.xmodel","ang20191016t181351_r6216_c194_w151_h151",fraca,2,0,41,262101,1,0.046511627907,0.0888888888889,0.046511627907,0,0.999843597412,0.68983841326,1,"hard"
"attentiongates_dpu_easy_remaining.xmodel","ang20191013t154421_r7542_c411_w151_h151",fraca,201,25,107,261811,0.889380530973,0.652597402597,0.752808988764,0.603603603604,9.5479613193e-05,0.999496459961,0.760285320021,1,"hard"
"attentiongates_dpu_easy_remaining.xmodel","ang20191023t164221_r2102_c181_w151_h151",fraca,7,9,30,262098,0.4375,0.189189189189,0.264150943396,0.152173913043,3.43371218624e-05,0.999851226807,0.25981032504,1,"hard"
"attentiongates_dpu_easy_remaining.xmodel","ang20190927t181142_r7863_c571_w151_h151",fraca,0,0,31,262113,0,0,0,0,0,0.999881744385,0.297641580312,1,"hard"
"attentiongates_dpu_easy_remaining.xmodel","ang20191017t174946_r6443_c7_w151_h151",fraca,171,19,58,261896,0.9,0.74672489083,0.816229116945,0.689516129032,7.25426187885e-05,0.999706268311,0.891107827365,1,"hard"
"attentiongates_dpu_easy_remaining.xmodel","ang20191006t171344_r1955_c256_w151_h151",fraca,32,2,123,261987,0.941176470588,0.206451612903,0.338624338624,0.203821656051,7.63390829386e-06,0.999523162842,0.488326887643,1,"hard"
"attentiongates_dpu_easy_remaining.xmodel","ang20190927t170107_r8348_c362_w151_h151",fraca,12,1361,81,260690,0.00873998543336,0.129032258065,0.0163710777626,0.00825309491059,0.00519364551175,0.994499206543,0.0112591585601,1,"hard"
"attentiongates_dpu_easy_remaining.xmodel","ang20191016t162417_r4764_c151_w151_h151",fraca,2440,71,1216,258417,0.971724412585,0.667396061269,0.791308577915,0.654682049906,0.00027467425954,0.995090484619,0.818846350534,1,"hard"
"attentiongates_dpu_easy_remaining.xmodel","ang20191007t195115_r1619_c346_w151_h151",fraca,613,44,595,260892,0.93302891933,0.507450331126,0.657372654155,0.489616613419,0.000168623723825,0.997562408447,0.691360944885,1,"hard"
"attentiongates_dpu_easy_remaining.xmodel","ang20190927t181142_r1888_c458_w151_h151",fraca,18,0,25,262101,1,0.418604651163,0.590163934426,0.418604651163,0,0.999904632568,0.813508840915,1,"hard"
"attentiongates_dpu_easy_remaining.xmodel","ang20191006t183904_r6086_c149_w151_h151",fraca,2,0,696,261446,1,0.00286532951289,0.00571428571429,0.00286532951289,0,0.997344970703,0.302875084491,1,"hard"
"attentiongates_dpu_easy_remaining.xmodel","ang20190927t181142_r12683_c15_w151_h151",fraca,233,22,132,261757,0.913725490196,0.638356164384,0.751612903226,0.602067183463,8.40403546503e-05,0.999412536621,0.893649881049,1,"hard"
"attentiongates_dpu_easy_remaining.xmodel","ang20191017t164928_r331_c400_w151_h151",fraca,581,103,321,261139,0.849415204678,0.644124168514,0.732660781841,0.578109452736,0.000394270446559,0.998382568359,0.729871437857,1,"hard"
"attentiongates_dpu_easy_remaining.xmodel","ang20191013t173258_r2948_c539_w151_h151",fraca,387,19,162,261576,0.953201970443,0.704918032787,0.810471204188,0.681338028169,7.2631357633e-05,0.999309539795,0.941688100455,1,"hard"
"attentiongates_dpu_easy_remaining.xmodel","ang20191006t172739_r6049_c410_w151_h151",fraca,68,1,531,261544,0.985507246377,0.113522537563,0.203592814371,0.113333333333,3.82343382592e-06,0.997970581055,0.363186238302,1,"hard"
"attentiongates_dpu_easy_remaining.xmodel","ang20190926t160016_r7102_c179_w151_h151",fraca,107,32,68,261937,0.769784172662,0.611428571429,0.68152866242,0.51690821256,0.000122151857663,0.999618530273,0.826567915409,1,"hard"
"attentiongates_dpu_easy_remaining.xmodel","ang20191016t193637_r1977_c271_w151_h151",fraca,14,0,173,261957,1,0.0748663101604,0.139303482587,0.0748663101604,0,0.999340057373,0.555498160067,1,"hard"
"attentiongates_dpu_easy_remaining.xmodel","ang20191022t182432_r846_c295_w151_h151",fraca,301,22,201,261620,0.931888544892,0.599601593625,0.729696969697,0.574427480916,8.40843595447e-05,0.99914932251,0.822688231636,1,"hard"
"attentiongates_dpu_easy_remaining.xmodel","ang20191017t154425_r10758_c224_w151_h151",fraca,122,5,171,261846,0.96062992126,0.41638225256,0.580952380952,0.409395973154,1.90948287385e-05,0.999328613281,0.647224189192,1,"hard"
"attentiongates_dpu_easy_remaining.xmodel","ang20191013t151222_r4801_c324_w151_h151",fraca,6,4,410,261724,0.6,0.0144230769231,0.0281690140845,0.0142857142857,1.52830419367e-05,0.998420715332,0.132737795106,1,"hard"
"attentiongates_dpu_easy_remaining.xmodel","ang20191017t191119_r7791_c496_w151_h151",fraca,35,41,21,262047,0.460526315789,0.625,0.530303030303,0.360824742268,0.000156436006227,0.99976348877,0.495871659399,1,"hard"
"attentiongates_dpu_easy_remaining.xmodel","ang20191023t183654_r10379_c298_w151_h151",fraca,495,33,277,261339,0.9375,0.641191709845,0.761538461538,0.614906832298,0.000126256829347,0.998817443848,0.741724388508,1,"hard"
"attentiongates_dpu_easy_remaining.xmodel","ang20191011t174241_r5658_c114_w151_h151",fraca,25,1,85,262033,0.961538461538,0.227272727273,0.367647058824,0.225225225225,3.81629864827e-06,0.999671936035,0.543260158446,1,"hard"
"attentiongates_dpu_easy_remaining.xmodel","ang20191006t164135_r364_c444_w151_h151",fraca,259,15,1089,260781,0.945255474453,0.192136498516,0.319358816276,0.190022010271,5.75162195739e-05,0.995788574219,0.418457037486,1,"hard"
"attentiongates_dpu_easy_remaining.xmodel","ang20191016t163955_r6404_c399_w151_h151",fraca,14,4,15,262111,0.777777777778,0.48275862069,0.595744680851,0.424242424242,1.52604772714e-05,0.999927520752,0.642418569451,1,"hard"
"attentiongates_dpu_easy_remaining.xmodel","ang20191017t161837_r6293_c4_w151_h151",fraca,1024,33,218,260869,0.968779564806,0.824476650564,0.890822096564,0.803137254902,0.000126484273789,0.999042510986,0.949824196648,1,"hard"
"attentiongates_dpu_easy_remaining.xmodel","ang20190926t165202_r45_c198_w151_h151",fraca,627,19,1039,260459,0.970588235294,0.376350540216,0.542387543253,0.372106824926,7.29428205069e-05,0.995964050293,0.722833919745,1,"hard"
"attentiongates_dpu_easy_remaining.xmodel","ang20191016t153826_r7105_c420_w151_h151",fraca,0,0,9,262135,0,0,0,0,0,0.999965667725,0.232792955955,1,"hard"
"attentiongates_dpu_easy_remaining.xmodel","ang20191022t191141_r3434_c139_w151_h151",fraca,38,0,132,261974,1,0.223529411765,0.365384615385,0.223529411765,0,0.999496459961,0.386565345052,1,"hard"
"attentiongates_dpu_easy_remaining.xmodel","ang20191019t184718_r6611_c267_w151_h151",fraca,39,17,266,261822,0.696428571429,0.127868852459,0.216066481994,0.121118012422,6.49253930851e-05,0.998920440674,0.29744538878,1,"hard"
"attentiongates_dpu_easy_remaining.xmodel","ang20191006t162415_r6871_c224_w151_h151",fraca,497,376,329,260942,0.569301260023,0.601694915254,0.585050029429,0.413477537438,0.00143885993311,0.997310638428,0.592091420446,1,"hard"
"attentiongates_dpu_easy_remaining.xmodel","ang20191007t195115_r11371_c582_w151_h151",fraca,37,2,36,262069,0.948717948718,0.506849315068,0.660714285714,0.493333333333,7.63151970268e-06,0.999855041504,0.83680977225,1,"hard"
"attentiongates_dpu_easy_remaining.xmodel","ang20191017t154425_r6493_c141_w151_h151",fraca,68,4,44,262028,0.944444444444,0.607142857143,0.739130434783,0.586206896552,1.5265311107e-05,0.999816894531,0.814900243454,1,"hard"
"attentiongates_dpu_easy_remaining.xmodel","ang20191006t153731_r4626_c267_w151_h151",fraca,57,5,22,262060,0.91935483871,0.721518987342,0.808510638298,0.678571428571,1.90792360674e-05,0.999897003174,0.887742476163,1,"hard"
"attentiongates_dpu_easy_remaining.xmodel","ang20191017t182024_r7077_c387_w151_h151",fraca,17,1,33,262093,0.944444444444,0.34,0.5,0.333333333333,3.81542500019e-06,0.999870300293,0.452031942451,1,"hard"
"attentiongates_dpu_easy_remaining.xmodel","ang20190926t174644_r11717_c195_w151_h151",fraca,24,7,35,262078,0.774193548387,0.406779661017,0.533333333333,0.363636363636,2.67088921533e-05,0.999839782715,0.653405925103,1,"hard"
"attentiongates_dpu_easy_remaining.xmodel","ang20191013t151222_r6133_c162_w151_h151",fraca,213,64,210,261657,0.768953068592,0.503546099291,0.608571428571,0.437371663244,0.00024453521116,0.998954772949,0.518708939152,1,"hard"
"attentiongates_dpu_easy_remaining.xmodel","ang20190928t185111_r6424_c192_w151_h151",fraca,91,16,63,261974,0.85046728972,0.590909090909,0.697318007663,0.535294117647,6.10710332455e-05,0.999698638916,0.695069420959,1,"hard"
"attentiongates_dpu_easy_remaining.xmodel","ang20191006t182329_r170_c270_w151_h151",fraca,16,9,19,262100,0.64,0.457142857143,0.533333333333,0.363636363636,3.4336859856e-05,0.999893188477,0.512893143489,1,"hard"
"attentiongates_dpu_easy_remaining.xmodel","ang20191022t194233_r1711_c18_w151_h151",fraca,119,7,65,261953,0.944444444444,0.646739130435,0.767741935484,0.623036649215,2.67216368911e-05,0.999725341797,0.82606779671,1,"hard"
"attentiongates_dpu_easy_remaining.xmodel","ang20190927t173620_r6886_c316_w151_h151",fraca,0,5,44,262095,0,0,0,0,1.90766882869e-05,0.999813079834,0.0242664138239,1,"hard"
"attentiongates_dpu_easy_remaining.xmodel","ang20191022t154405_r3638_c141_w151_h151",fraca,110,9,40,261985,0.924369747899,0.733333333333,0.817843866171,0.691823899371,3.43519317236e-05,0.999813079834,0.849676496737,1,"hard"
"attentiongates_dpu_easy_remaining.xmodel","ang20191017t174946_r2715_c18_w151_h151",fraca,31,2,41,262070,0.939393939394,0.430555555556,0.590476190476,0.418918918919,7.63149058274e-06,0.999835968018,0.66964694976,1,"hard"
"attentiongates_dpu_easy_remaining.xmodel","ang20191006t171344_r6990_c189_w151_h151",fraca,22,2588,467,259067,0.00842911877395,0.0449897750511,0.0141981284285,0.00714982125447,0.00989088685483,0.988346099854,0.0131205013828,1,"hard"
"attentiongates_dpu_easy_remaining.xmodel","ang20190927t181142_r10295_c299_w151_h151",fraca,126,615,358,261045,0.17004048583,0.260330578512,0.205714285714,0.114649681529,0.00235037835359,0.996288299561,0.179435826812,1,"hard"
"attentiongates_dpu_easy_remaining.xmodel","ang20191016t162417_r340_c356_w151_h151",fraca,0,1,98,262045,0,0,0,0,3.81612388665e-06,0.999622344971,0.0287814691872,1,"hard"
"attentiongates_dpu_easy_remaining.xmodel","ang20191023t162847_r7811_c213_w151_h151",fraca,171,24,88,261861,0.876923076923,0.660231660232,0.753303964758,0.604240282686,9.16432785383e-05,0.999572753906,0.842219968182,1,"hard"
"attentiongates_dpu_easy_remaining.xmodel","ang20191022t152357_r8887_c363_w151_h151",fraca,26,6,102,262010,0.8125,0.203125,0.325,0.194029850746,2.28993649243e-05,0.999588012695,0.332768452329,1,"hard"
"attentiongates_dpu_easy_remaining.xmodel","ang20190923t192543_r6652_c551_w151_h151",fraca,72,5,41,262026,0.935064935065,0.637168141593,0.757894736842,0.610169491525,1.90817117059e-05,0.999824523926,0.878448432265,1,"hard"
"attentiongates_dpu_easy_remaining.xmodel","ang20191016t200430_r10034_c398_w151_h151",fraca,9,2,20,262113,0.818181818182,0.310344827586,0.45,0.290322580645,7.63023863571e-06,0.99991607666,0.575856446787,1,"hard"
"attentiongates_dpu_easy_remaining.xmodel","ang20191017t170330_r4552_c277_w151_h151",fraca,60,4,159,261921,0.9375,0.27397260274,0.424028268551,0.269058295964,1.52715471986e-05,0.999378204346,0.594935690576,1,"hard"
"attentiongates_dpu_easy_remaining.xmodel","ang20191017t164928_r7174_c247_w151_h151",fraca,0,202,43,261899,0,0,0,0,0.000770695266329,0.99906539917,9.35611110383e-05,1,"hard"
"attentiongates_dpu_easy_remaining.xmodel","ang20191023t165811_r6937_c127_w151_h151",fraca,66,3,699,261376,0.95652173913,0.0862745098039,0.158273381295,0.0859375,1.14775861871e-05,0.99732208252,0.378706114485,1,"hard"
"attentiongates_dpu_easy_remaining.xmodel","ang20191017t152518_r12002_c433_w151_h151",fraca,57,0,98,261989,1,0.367741935484,0.537735849057,0.367741935484,0,0.999626159668,0.67059169164,1,"hard"
"attentiongates_dpu_easy_remaining.xmodel","ang20191019t172500_r2800_c334_w151_h151",fraca,0,16,39,262089,0,0,0,0,6.10442379962e-05,0.99979019165,0.170648667587,1,"hard"
"attentiongates_dpu_easy_remaining.xmodel","ang20191017t191119_r9054_c159_w151_h151",fraca,15,0,32,262097,1,0.31914893617,0.483870967742,0.31914893617,0,0.999877929688,0.602740381332,1,"hard"
"attentiongates_dpu_easy_remaining.xmodel","ang20191016t163955_r5996_c117_w151_h151",fraca,0,345,123,261676,0,0,0,0,0.00131668835704,0.99821472168,0.0159247331441,1,"hard"
"attentiongates_dpu_easy_remaining.xmodel","ang20191016t145145_r3334_c310_w151_h151",fraca,35,5,43,262061,0.875,0.448717948718,0.593220338983,0.421686746988,1.90791632642e-05,0.999816894531,0.648650920626,1,"hard"
"attentiongates_dpu_easy_remaining.xmodel","ang20191007t184008_r2296_c422_w151_h151",fraca,19,17,10,262098,0.527777777778,0.655172413793,0.584615384615,0.413043478261,6.48570284036e-05,0.999897003174,0.556817458691,1,"hard"
"attentiongates_dpu_easy_remaining.xmodel","ang20191006t160931_r9806_c475_w151_h151",fraca,0,60,0,262084,0,0,0,0,0.000228881835938,0.999771118164,,0,"hard"
"attentiongates_dpu_easy_remaining.xmodel","ang20191017t170330_r4658_c415_w151_h151",fraca,94,1,125,261924,0.989473684211,0.429223744292,0.59872611465,0.427272727273,3.81788679966e-06,0.999519348145,0.787106394125,1,"hard"
"attentiongates_dpu_easy_remaining.xmodel","ang20191017t170330_r4657_c414_w151_h151",fraca,133,3,86,261922,0.977941176471,0.607305936073,0.749295774648,0.599099099099,1.1453660399e-05,0.999660491943,0.875292767021,1,"hard"
"attentiongates_dpu_easy_remaining.xmodel","ang20191023t164221_r10290_c281_w151_h151",fraca,25,30,150,261939,0.454545454545,0.142857142857,0.217391304348,0.121951219512,0.000114517366559,0.999313354492,0.183552400781,1,"hard"
"attentiongates_dpu_easy_remaining.xmodel","ang20191011t181301_r10517_c106_w151_h151",fraca,0,0,9,262135,0,0,0,0,0,0.999965667725,0.323940030347,1,"hard"
"attentiongates_dpu_easy_remaining.xmodel","ang20191006t152009_r2673_c145_w151_h151",fraca,289,26,639,261190,0.91746031746,0.311422413793,0.465004022526,0.302935010482,9.95344848708e-05,0.997463226318,0.649624802498,1,"hard"
"attentiongates_dpu_easy_remaining.xmodel","ang20191023t162847_r9235_c306_w151_h151",fraca,529,21,1024,260570,0.961818181818,0.340631036703,0.503090822634,0.336086404066,8.0586052473e-05,0.996013641357,0.654706112329,1,"hard"
"attentiongates_dpu_easy_remaining.xmodel","ang20191023t165811_r9026_c491_w151_h151",fraca,216,8,208,261712,0.964285714286,0.509433962264,0.666666666667,0.5,3.05670181874e-05,0.999176025391,0.735290732538,1,"hard"
"attentiongates_dpu_easy_remaining.xmodel","ang20191023t180821_r8525_c56_w151_h151",fraca,2767,517,7099,251761,0.842570036541,0.280458139063,0.420836501901,0.266493306366,0.0020493265366,0.970947265625,0.463286135377,1,"hard"
"attentiongates_dpu_easy_remaining.xmodel","ang20191023t165811_r2770_c365_w151_h151",fraca,17,3,3,262121,0.85,0.85,0.85,0.739130434783,1.14449649784e-05,0.999977111816,0.913508799538,1,"hard"
"attentiongates_dpu_easy_remaining.xmodel","ang20191007t180411_r7740_c84_w151_h151",fraca,0,0,35,262109,0,0,0,0,0,0.999866485596,0.600010712417,1,"hard"
"attentiongates_dpu_easy_remaining.xmodel","ang20191022t151202_r10337_c375_w151_h151",fraca,1158,160,430,260396,0.878603945372,0.729219143577,0.796971782519,0.662471395881,0.000614071447213,0.997749328613,0.759100931234,1,"hard"
"attentiongates_dpu_easy_remaining.xmodel","ang20191022t191141_r-29_c575_w151_h151",fraca,46,7,57,262034,0.867924528302,0.446601941748,0.589743589744,0.418181818182,2.67133769143e-05,0.999755859375,0.773221185612,1,"hard"
"attentiongates_dpu_easy_remaining.xmodel","ang20191016t183045_r5036_c559_w151_h151",fraca,60,8,70,262006,0.882352941176,0.461538461538,0.606060606061,0.434782608696,3.05327196257e-05,0.999702453613,0.635881042931,1,"hard"
"attentiongates_dpu_easy_remaining.xmodel","ang20191016t162417_r3047_c348_w151_h151",fraca,116,57,533,261438,0.670520231214,0.17873651772,0.282238442822,0.164305949008,0.000217977399185,0.997749328613,0.298005182415,1,"hard"
"attentiongates_dpu_easy_remaining.xmodel","ang20191007t190840_r5616_c413_w151_h151",fraca,24,0,35,262085,1,0.406779661017,0.578313253012,0.406779661017,0,0.999866485596,0.663875792129,1,"hard"
"attentiongates_dpu_easy_remaining.xmodel","ang20191017t161837_r8338_c353_w151_h151",fraca,30,2627,249,259238,0.0112909296199,0.10752688172,0.0204359673025,0.0103234686855,0.0100318866592,0.989028930664,0.0286499888101,1,"hard"
"attentiongates_dpu_easy_remaining.xmodel","ang20191022t175031_r4959_c457_w151_h151",fraca,41,3,23,262077,0.931818181818,0.640625,0.759259259259,0.611940298507,1.14468864469e-05,0.999900817871,0.83063068788,1,"hard"
"attentiongates_dpu_easy_remaining.xmodel","ang20191022t175031_r632_c107_w151_h151",fraca,43,4,165,261932,0.914893617021,0.206730769231,0.337254901961,0.202830188679,1.52709058701e-05,0.999355316162,0.628733928258,1,"hard"
"attentiongates_dpu_easy_remaining.xmodel","ang20191016t174016_r3450_c87_w151_h151",fraca,25,1,120,261998,0.961538461538,0.172413793103,0.292397660819,0.171232876712,3.8168084611e-06,0.999538421631,0.593448264868,1,"hard"
"attentiongates_dpu_easy_remaining.xmodel","ang20191023t165811_r10509_c392_w151_h151",fraca,2077,231,794,259042,0.899913344887,0.723441309648,0.802085344661,0.669568020632,0.000890952779503,0.996089935303,0.872950214905,1,"hard"
"attentiongates_dpu_easy_remaining.xmodel","ang20191006t162415_r1734_c260_w151_h151",fraca,45,2,29,262068,0.957446808511,0.608108108108,0.743801652893,0.592105263158,7.63154882283e-06,0.999881744385,0.873499520586,1,"hard"
"attentiongates_dpu_easy_remaining.xmodel","ang20191006t172739_r6256_c332_w151_h151",fraca,358,15,524,261247,0.959785522788,0.40589569161,0.570517928287,0.399108138239,5.74136307615e-05,0.997943878174,0.704459620815,1,"hard"
"attentiongates_dpu_easy_remaining.xmodel","ang20191007t201917_r11525_c1426_w151_h151",fraca,8,0,91,262045,1,0.0808080808081,0.14953271028,0.0808080808081,0,0.999652862549,0.203940562266,1,"hard"
"attentiongates_dpu_easy_remaining.xmodel","ang20190927t184620_r10368_c43_w151_h151",fraca,62,4,81,261997,0.939393939394,0.433566433566,0.593301435407,0.421768707483,1.52671173011e-05,0.999675750732,0.691215784825,1,"hard"
"attentiongates_dpu_easy_remaining.xmodel","ang20191007t193705_r138_c305_w151_h151",fraca,13,4,66,262061,0.764705882353,0.164556962025,0.270833333333,0.156626506024,1.52633888539e-05,0.999732971191,0.379437529199,1,"hard"
"attentiongates_dpu_easy_remaining.xmodel","ang20191023t180821_r7146_c218_w151_h151",fraca,184,2,107,261851,0.989247311828,0.632302405498,0.771488469602,0.627986348123,7.63787315784e-06,0.999584197998,0.866167709508,1,"hard"
"attentiongates_dpu_easy_remaining.xmodel","ang20190923t185208_r13550_c171_w151_h151",fraca,131,27,235,261751,0.829113924051,0.357923497268,0.5,0.333333333333,0.000103140829252,0.999000549316,0.627404033672,1,"hard"
"attentiongates_dpu_easy_remaining.xmodel","ang20190926t161748_r6595_c128_w151_h151",fraca,128,7,87,261922,0.948148148148,0.595348837209,0.731428571429,0.576576576577,2.67247994686e-05,0.999641418457,0.839707470877,1,"hard"
"attentiongates_dpu_easy_remaining.xmodel","ang20191006t152009_r2353_c516_w151_h151",fraca,238,9,1089,260808,0.963562753036,0.179351921628,0.302414231258,0.178143712575,3.45069531511e-05,0.995811462402,0.403614080437,1,"hard"
"attentiongates_dpu_easy_remaining.xmodel","ang20191008t182150_r8917_c216_w151_h151",fraca,23,125,285,261711,0.155405405405,0.0746753246753,0.100877192982,0.0531177829099,0.000477398065965,0.998435974121,0.101423588798,1,"hard"
"attentiongates_dpu_easy_remaining.xmodel","ang20191010t184216_r9023_c137_w151_h151",fraca,7,0,414,261723,1,0.0166270783848,0.0327102803738,0.0166270783848,0,0.998420715332,0.494572915058,1,"hard"
"attentiongates_dpu_easy_remaining.xmodel","ang20190927t182905_r7625_c204_w151_h151",fraca,4,0,36,262104,1,0.1,0.181818181818,0.1,0,0.999862670898,0.470086710061,1,"hard"
"attentiongates_dpu_easy_remaining.xmodel","ang20190923t192543_r7638_c427_w151_h151",fraca,7,1,34,262102,0.875,0.170731707317,0.285714285714,0.166666666667,3.81529398748e-06,0.999866485596,0.313212023448,1,"hard"
"attentiongates_dpu_easy_remaining.xmodel","ang20191017t160033_r6249_c468_w151_h151",fraca,202,11,142,261789,0.948356807512,0.587209302326,0.725314183124,0.569014084507,4.20168067227e-05,0.999416351318,0.80493603764,1,"hard"
"attentiongates_dpu_easy_remaining.xmodel","ang20190927t181142_r1313_c378_w151_h151",fraca,24,0,44,262076,1,0.352941176471,0.521739130435,0.352941176471,0,0.99983215332,0.679869171009,1,"hard"
"attentiongates_dpu_easy_remaining.xmodel","ang20191011t181301_r5131_c23_w151_h151",fraca,0,7,20,262117,0,0,0,0,2.6704918283e-05,0.999897003174,4.83120366275e-05,1,"hard"
"attentiongates_dpu_easy_remaining.xmodel","ang20191023t151141_r4856_c271_w151_h151",fraca,48,1,376,261719,0.979591836735,0.11320754717,0.202959830867,0.112941176471,3.82087727342e-06,0.998561859131,0.528883358735,1,"hard"
"attentiongates_dpu_easy_remaining.xmodel","ang20191011t175712_r4693_c412_w151_h151",fraca,26,14,722,261382,0.65,0.0347593582888,0.0659898477157,0.0341207349081,5.35585854412e-05,0.997192382812,0.229307415924,1,"hard"
"attentiongates_dpu_easy_remaining.xmodel","ang20191022t194233_r1562_c463_w151_h151",fraca,13,148,25,261958,0.0807453416149,0.342105263158,0.130653266332,0.0698924731183,0.000564657047149,0.999340057373,0.0652597733614,1,"hard"
"attentiongates_dpu_easy_remaining.xmodel","ang20190923t172416_r15067_c399_w151_h151",fraca,30,6,13,262095,0.833333333333,0.697674418605,0.759493670886,0.612244897959,2.28919386038e-05,0.999927520752,0.883753812911,1,"hard"
"attentiongates_dpu_easy_remaining.xmodel","ang20190926t213844_r2200_c775_w151_h151",fraca,127,10,157,261850,0.92700729927,0.447183098592,0.603325415677,0.431972789116,3.81883449171e-05,0.999362945557,0.725414462892,1,"hard"
"attentiongates_dpu_easy_remaining.xmodel","ang20191017t170330_r10484_c397_w151_h151",fraca,114,10,157,261863,0.91935483871,0.420664206642,0.577215189873,0.405693950178,3.81864491567e-05,0.999362945557,0.515467465272,1,"hard"
"attentiongates_dpu_easy_remaining.xmodel","ang20191013t185356_r1721_c231_w151_h151",fraca,249,20,292,261583,0.925650557621,0.460258780037,0.614814814815,0.44385026738,7.64517226484e-05,0.998809814453,0.748741071409,1,"hard"
"attentiongates_dpu_easy_remaining.xmodel","ang20191013t145516_r3516_c216_w151_h151",fraca,9,0,96,262039,1,0.0857142857143,0.157894736842,0.0857142857143,0,0.999633789062,0.356570688417,1,"hard"
"attentiongates_dpu_easy_remaining.xmodel","ang20191016t200430_r5656_c23_w151_h151",fraca,24,3,34,262083,0.888888888889,0.413793103448,0.564705882353,0.393442622951,1.14466243905e-05,0.999858856201,0.721305162924,1,"hard"
"attentiongates_dpu_easy_remaining.xmodel","ang20191016t200430_r6321_c504_w151_h151",fraca,17,0,47,262080,1,0.265625,0.41975308642,0.265625,0,0.999820709229,0.699836073276,1,"hard"
"attentiongates_dpu_easy_remaining.xmodel","ang20191023t151141_r5540_c227_w151_h151",fraca,47,1,104,261992,0.979166666667,0.311258278146,0.472361809045,0.309210526316,3.81689587126e-06,0.999599456787,0.505324055234,1,"hard"
"attentiongates_dpu_easy_remaining.xmodel","ang20191019t182848_r6642_c282_w151_h151",fraca,33,0,242,261869,1,0.12,0.214285714286,0.12,0,0.999076843262,0.51036088373,1,"hard"
"attentiongates_dpu_easy_remaining.xmodel","ang20191006t152009_r2667_c24_w151_h151",fraca,317,34,684,261109,0.903133903134,0.316683316683,0.468934911243,0.306280193237,0.000130196865319,0.997261047363,0.655306723888,1,"hard"
"attentiongates_dpu_easy_remaining.xmodel","ang20191011t175712_r4806_c229_w151_h151",fraca,0,3,205,261936,0,0,0,0,1.14530482288e-05,0.999206542969,0.0147040947502,1,"hard"
"attentiongates_dpu_easy_remaining.xmodel","ang20191023t154154_r8383_c334_w151_h151",fraca,80,125,79,261860,0.390243902439,0.503144654088,0.43956043956,0.281690140845,0.000477126553047,0.999221801758,0.311295439518,1,"hard"
"attentiongates_dpu_easy_remaining.xmodel","ang20191017t170330_r10298_c562_w151_h151",fraca,95,3,291,261755,0.969387755102,0.246113989637,0.392561983471,0.244215938303,1.14609677641e-05,0.998878479004,0.504385426223,1,"hard"
"attentiongates_dpu_easy_remaining.xmodel","ang20191016t195058_r6820_c440_w151_h151",fraca,43,14,37,262050,0.754385964912,0.5375,0.627737226277,0.457446808511,5.34220648391e-05,0.999805450439,0.668574437709,1,"hard"
"attentiongates_dpu_easy_remaining.xmodel","ang20191017t174946_r6426_c572_w151_h151",fraca,6,0,98,262040,1,0.0576923076923,0.109090909091,0.0576923076923,0,0.999626159668,0.260511990917,1,"hard"
"attentiongates_dpu_easy_remaining.xmodel","ang20191019t181857_r2567_c448_w151_h151",fraca,84,36,414,261610,0.7,0.168674698795,0.271844660194,0.157303370787,0.000137590484854,0.99828338623,0.355115640515,1,"hard"
"attentiongates_dpu_easy_remaining.xmodel","ang20191011t175712_r5061_c555_w151_h151",fraca,0,0,16,262128,0,0,0,0,0,0.999938964844,0.632705596564,1,"hard"
"attentiongates_dpu_easy_remaining.xmodel","ang20191016t163955_r10665_c447_w151_h151",fraca,0,0,20,262124,0,0,0,0,0,0.999923706055,0.150147335858,1,"hard"
"attentiongates_dpu_easy_remaining.xmodel","ang20191023t142135_r16214_c96_w151_h151",fraca,3,3,16,262122,0.5,0.157894736842,0.24,0.136363636364,1.14449213162e-05,0.999927520752,0.383138128161,1,"hard"
"attentiongates_dpu_easy_remaining.xmodel","ang20191019t164827_r311_c453_w151_h151",fraca,37,7,59,262041,0.840909090909,0.385416666667,0.528571428571,0.359223300971,2.67126633289e-05,0.99974822998,0.547163803775,1,"hard"
"attentiongates_dpu_easy_remaining.xmodel","ang20191013t144828_r184_c144_w151_h151",fraca,706,111,1412,259915,0.864137086903,0.333333333333,0.481090289608,0.316733961418,0.000426880388884,0.994190216064,0.458488157131,1,"hard"
"attentiongates_dpu_easy_remaining.xmodel","ang20191016t165454_r330_c345_w151_h151",fraca,759,25,1086,260274,0.968112244898,0.411382113821,0.577405857741,0.405882352941,9.60433962482e-05,0.995761871338,0.638549364788,1,"hard"
"attentiongates_dpu_easy_remaining.xmodel","ang20191016t165454_r530_c423_w151_h151",fraca,560,16,1251,260317,0.972222222222,0.309221424627,0.469208211144,0.306513409962,6.14597457871e-05,0.995166778564,0.581667797998,1,"hard"
"attentiongates_dpu_easy_remaining.xmodel","ang20191008t153517_r8856_c479_w151_h151",fraca,0,0,57,262087,0,0,0,0,0,0.999782562256,0.0750187469547,1,"hard"
"attentiongates_dpu_easy_remaining.xmodel","ang20191019t170014_r2139_c321_w151_h151",fraca,61,6,311,261766,0.910447761194,0.163978494624,0.277904328018,0.161375661376,2.29207096252e-05,0.998790740967,0.553783883466,1,"hard"
"attentiongates_dpu_easy_remaining.xmodel","ang20191017t182024_r4485_c313_w151_h151",fraca,28,861,86,261169,0.0314960629921,0.245614035088,0.0558325024925,0.0287179487179,0.00328588329581,0.996387481689,0.0224000804095,1,"hard"
"attentiongates_dpu_easy_remaining.xmodel","ang20191023t191942_r8222_c419_w151_h151",fraca,181,9,104,261850,0.952631578947,0.635087719298,0.762105263158,0.615646258503,3.43696416774e-05,0.999568939209,0.882095376767,1,"hard"
"attentiongates_dpu_easy_remaining.xmodel","ang20191006t155231_r8048_c90_w151_h151",fraca,749,57,989,260349,0.929280397022,0.430955120829,0.588836477987,0.417270194986,0.000218888965692,0.99600982666,0.742656539633,1,"hard"
"attentiongates_dpu_easy_remaining.xmodel","ang20191011t175712_r3744_c167_w151_h151",fraca,6,3,57,262078,0.666666666667,0.0952380952381,0.166666666667,0.0909090909091,1.144684277e-05,0.999771118164,0.315754938264,1,"hard"
"attentiongates_dpu_easy_remaining.xmodel","ang20191016t195058_r7946_c35_w151_h151",fraca,2,0,55,262087,1,0.0350877192982,0.0677966101695,0.0350877192982,0,0.99979019165,0.448234678604,1,"hard"
"attentiongates_dpu_easy_remaining.xmodel","ang20191023t164221_r6088_c517_w151_h151",fraca,145,30,32,261937,0.828571428571,0.819209039548,0.823863636364,0.700483091787,0.000114518240847,0.99976348877,0.90317293219,1,"hard"
"attentiongates_dpu_easy_remaining.xmodel","ang20191016t193637_r3183_c344_w151_h151",fraca,0,0,94,262050,0,0,0,0,0,0.999641418457,0.300745317167,1,"hard"
"attentiongates_dpu_easy_remaining.xmodel","ang20191016t174016_r558_c372_w151_h151",fraca,0,5,14,262125,0,0,0,0,1.90745050166e-05,0.999927520752,0.118567572518,1,"hard"
"attentiongates_dpu_easy_remaining.xmodel","ang20191017t170330_r4610_c325_w151_h151",fraca,49,39,170,261886,0.556818181818,0.223744292237,0.319218241042,0.18992248062,0.000148897585187,0.999202728271,0.273378926034,1,"hard"
"attentiongates_dpu_easy_remaining.xmodel","ang20191016t163955_r1575_c115_w151_h151",fraca,0,13,297,261834,0,0,0,0,4.96473131256e-05,0.998817443848,0.0120160788634,1,"hard"
"attentiongates_dpu_easy_remaining.xmodel","ang20191019t183727_r7097_c350_w151_h151",fraca,206,604,714,260620,0.254320987654,0.223913043478,0.238150289017,0.135170603675,0.00231219183536,0.994972229004,0.185260909776,1,"hard"
"attentiongates_dpu_easy_remaining.xmodel","ang20191023t161300_r8470_c490_w151_h151",fraca,678,64,274,261128,0.913746630728,0.71218487395,0.800472255018,0.667322834646,0.000245030475665,0.998710632324,0.891240307926,1,"hard"
"attentiongates_dpu_easy_remaining.xmodel","ang20191006t165608_r7566_c50_w151_h151",fraca,6,0,20,262118,1,0.230769230769,0.375,0.230769230769,0,0.999923706055,0.712183669423,1,"hard"
"attentiongates_dpu_easy_remaining.xmodel","ang20191017t152518_r6091_c139_w151_h151",fraca,15,4,141,261984,0.789473684211,0.0961538461538,0.171428571429,0.09375,1.52678748645e-05,0.999446868896,0.120978819925,1,"hard"
"attentiongates_dpu_easy_remaining.xmodel","ang20191006t165608_r5815_c82_w151_h151",fraca,144,71,55,261874,0.66976744186,0.723618090452,0.695652173913,0.533333333333,0.000271049266067,0.999519348145,0.800731160438,1,"hard"
"attentiongates_dpu_easy_remaining.xmodel","ang20191017t161837_r4872_c118_w151_h151",fraca,85,13,40,262006,0.867346938776,0.68,0.762331838565,0.615942028986,4.96147225965e-05,0.999797821045,0.803465639496,1,"hard"
"attentiongates_dpu_easy_remaining.xmodel","ang20191023t164221_r7359_c402_w151_h151",fraca,1065,71,2635,258373,0.9375,0.287837837838,0.440446650124,0.282418456643,0.000274721022736,0.989677429199,0.602178916129,1,"hard"
"attentiongates_dpu_easy_remaining.xmodel","ang20191013t144828_r1439_c274_w151_h151",fraca,22,6,68,262048,0.785714285714,0.244444444444,0.372881355932,0.229166666667,2.28960443267e-05,0.999717712402,0.423835446701,1,"hard"
"attentiongates_dpu_easy_remaining.xmodel","ang20191006t165608_r4695_c530_w151_h151",fraca,709,36,15345,246054,0.951677852349,0.0441634483618,0.0844097862968,0.0440646364201,0.000146287943435,0.941326141357,0.325739767221,1,"hard"
"attentiongates_dpu_easy_remaining.xmodel","ang20191022t175031_r6951_c124_w151_h151",fraca,18,8,561,261557,0.692307692308,0.0310880829016,0.0595041322314,0.03066439523,3.05851318028e-05,0.997829437256,0.115280089565,1,"hard"
"attentiongates_dpu_easy_remaining.xmodel","ang20191006t162415_r104_c244_w151_h151",fraca,71,5,40,262028,0.934210526316,0.63963963964,0.75935828877,0.612068965517,1.90815660623e-05,0.999828338623,0.845577815834,1,"hard"
"attentiongates_dpu_easy_remaining.xmodel","ang20191007t193705_r1336_c174_w151_h151",fraca,47,3,98,261996,0.94,0.324137931034,0.482051282051,0.317567567568,1.14504253833e-05,0.999614715576,0.466937642927,1,"hard"
"attentiongates_dpu_easy_remaining.xmodel","ang20191017t180347_r6470_c216_w151_h151",fraca,0,0,21,262123,0,0,0,0,0,0.999919891357,0.471589267149,1,"hard"
"attentiongates_dpu_easy_remaining.xmodel","ang20191019t172500_r5262_c225_w151_h151",fraca,150,157,355,261482,0.488599348534,0.29702970297,0.369458128079,0.226586102719,0.000600063446199,0.998046875,0.327968134226,1,"hard"
"attentiongates_dpu_easy_remaining.xmodel","ang20190923t163307_r6778_c561_w151_h151",fraca,70,6,80,261988,0.921052631579,0.466666666667,0.619469026549,0.448717948718,2.29012878158e-05,0.999671936035,0.839454026344,1,"hard"
"attentiongates_dpu_easy_remaining.xmodel","ang20191007t190840_r6441_c40_w151_h151",fraca,0,6,0,262138,0,0,0,0,2.28881835938e-05,0.999977111816,,0,"hard"
"attentiongates_dpu_easy_remaining.xmodel","ang20190926t180335_r11453_c199_w151_h151",fraca,3,0,49,262092,1,0.0576923076923,0.109090909091,0.0576923076923,0,0.999813079834,0.635991890538,1,"hard"
"attentiongates_dpu_easy_remaining.xmodel","ang20191006t172739_r3585_c333_w151_h151",fraca,38,0,287,261819,1,0.116923076923,0.209366391185,0.116923076923,0,0.998905181885,0.282450582011,1,"hard"
"attentiongates_dpu_easy_remaining.xmodel","ang20191023t162847_r10268_c377_w151_h151",fraca,476,31,513,261124,0.938856015779,0.481294236603,0.636363636364,0.466666666667,0.000118703451973,0.997924804688,0.701269378253,1,"hard"
"attentiongates_dpu_easy_remaining.xmodel","ang20190926t180335_r6839_c215_w151_h151",fraca,22,0,89,262033,1,0.198198198198,0.330827067669,0.198198198198,0,0.999660491943,0.613032852749,1,"hard"
"attentiongates_dpu_easy_remaining.xmodel","ang20191016t172526_r3448_c516_w151_h151",fraca,81,4,134,261925,0.952941176471,0.376744186047,0.54,0.369863013699,1.5271313982e-05,0.999473571777,0.718873596645,1,"hard"
"attentiongates_dpu_easy_remaining.xmodel","ang20191006t174505_r7299_c228_w151_h151",fraca,8,0,49,262087,1,0.140350877193,0.246153846154,0.140350877193,0,0.999813079834,0.345128438642,1,"hard"
"attentiongates_dpu_easy_remaining.xmodel","ang20191016t162417_r2933_c288_w151_h151",fraca,53,0,596,261495,1,0.0816640986133,0.150997150997,0.0816640986133,0,0.99772644043,0.208966224979,1,"hard"
"attentiongates_dpu_easy_remaining.xmodel","ang20191019t170014_r2810_c336_w151_h151",fraca,14,7,14,262109,0.666666666667,0.5,0.571428571429,0.4,2.67057333394e-05,0.999919891357,0.628706218888,1,"hard"
"attentiongates_dpu_easy_remaining.xmodel","ang20191013t174928_r2043_c211_w151_h151",fraca,58,23,81,261982,0.716049382716,0.41726618705,0.527272727273,0.358024691358,8.77845842637e-05,0.999603271484,0.677589622386,1,"hard"
"attentiongates_dpu_easy_remaining.xmodel","ang20190923t194235_r14258_c296_w151_h151",fraca,34,0,121,261989,1,0.21935483871,0.359788359788,0.21935483871,0,0.999538421631,0.680013159268,1,"hard"
"attentiongates_dpu_easy_remaining.xmodel","ang20191006t174505_r7016_c446_w151_h151",fraca,44,1,87,262012,0.977777777778,0.335877862595,0.5,0.333333333333,3.81660451962e-06,0.999664306641,0.744590281228,1,"hard"
"attentiongates_dpu_easy_remaining.xmodel","ang20191017t154425_r5914_c187_w151_h151",fraca,140,3,317,261684,0.979020979021,0.306345733042,0.466666666667,0.304347826087,1.14640773137e-05,0.998779296875,0.501380422543,1,"hard"
"attentiongates_dpu_easy_remaining.xmodel","ang20191017t173348_r747_c18_w151_h151",fraca,0,0,36,262108,0,0,0,0,0,0.999862670898,0.0665508868193,1,"hard"
"attentiongates_dpu_easy_remaining.xmodel","ang20191006t160931_r7704_c604_w151_h151",fraca,11,0,37,262096,1,0.229166666667,0.372881355932,0.229166666667,0,0.999858856201,0.655649383251,1,"hard"
"attentiongates_dpu_easy_remaining.xmodel","ang20191016t174016_r763_c12_w151_h151",fraca,22,0,99,262023,1,0.181818181818,0.307692307692,0.181818181818,0,0.999622344971,0.333600109903,1,"hard"
"attentiongates_dpu_easy_remaining.xmodel","ang20191023t152801_r10775_c476_w151_h151",fraca,133,10,278,261723,0.93006993007,0.323600973236,0.480144404332,0.315914489311,3.82068749451e-05,0.998901367188,0.62893721268,1,"hard"
"attentiongates_dpu_easy_remaining.xmodel","ang20190927t175410_r12519_c587_w151_h151",fraca,156,16,53,261919,0.906976744186,0.746411483254,0.818897637795,0.693333333333,6.1083856682e-05,0.999736785889,0.8682482292,1,"hard"
"attentiongates_dpu_easy_remaining.xmodel","ang20191017t160033_r13132_c224_w151_h151",fraca,95,11,75,261963,0.896226415094,0.558823529412,0.688405797101,0.524861878453,4.19888996618e-05,0.999671936035,0.800012849093,1,"hard"
"attentiongates_dpu_easy_remaining.xmodel","ang20190926t184029_r1255_c223_w151_h151",fraca,3,209,87,261845,0.0141509433962,0.0333333333333,0.0198675496689,0.0100334448161,0.000797545544048,0.998870849609,0.0192293841378,1,"hard"
"attentiongates_dpu_easy_remaining.xmodel","ang20191007t190840_r5793_c239_w151_h151",fraca,0,0,59,262085,0,0,0,0,0,0.999774932861,0.0256360666384,1,"hard"
"attentiongates_dpu_easy_remaining.xmodel","ang20190928t185111_r1731_c174_w151_h151",fraca,0,0,24,262120,0,0,0,0,0,0.999908447266,0.169864423375,1,"hard"
"attentiongates_dpu_easy_remaining.xmodel","ang20191016t163955_r1562_c75_w151_h151",fraca,50,7,119,261968,0.877192982456,0.295857988166,0.442477876106,0.284090909091,2.67201068804e-05,0.999519348145,0.536961989792,1,"hard"
"attentiongates_dpu_easy_remaining.xmodel","ang20191017t170330_r238_c67_w151_h151",fraca,0,0,0,262144,0,0,0,0,0,1,,0,"hard"
"attentiongates_dpu_easy_remaining.xmodel","ang20191022t181138_r1353_c421_w151_h151",fraca,7779,3241,1344,249780,0.705898366606,0.852680039461,0.772377500869,0.629165318667,0.0128092134645,0.982509613037,0.767675326043,1,"hard"
"attentiongates_dpu_easy_remaining.xmodel","ang20191016t160914_r2949_c361_w151_h151",fraca,0,0,125,262019,0,0,0,0,0,0.999523162842,0.319702657011,1,"hard"
"attentiongates_dpu_easy_remaining.xmodel","ang20191006t171344_r1952_c606_w151_h151",fraca,72,5,91,261976,0.935064935065,0.441717791411,0.6,0.428571428571,1.9085353518e-05,0.999633789062,0.743173757711,1,"hard"
"attentiongates_dpu_easy_remaining.xmodel","ang20191006t174505_r2537_c462_w151_h151",fraca,229,15,235,261665,0.938524590164,0.493534482759,0.646892655367,0.478079331942,5.73219199022e-05,0.999046325684,0.748593076259,1,"hard"
"attentiongates_dpu_easy_remaining.xmodel","ang20191019t162211_r3132_c507_w151_h151",fraca,10,0,219,261915,1,0.0436681222707,0.0836820083682,0.0436681222707,0,0.999164581299,0.315004191206,1,"hard"
"attentiongates_dpu_easy_remaining.xmodel","ang20191023t165811_r2093_c110_w151_h151",fraca,17,0,42,262085,1,0.28813559322,0.447368421053,0.28813559322,0,0.999839782715,0.673563982709,1,"hard"
"attentiongates_dpu_easy_remaining.xmodel","ang20191019t181857_r7051_c331_w151_h151",fraca,489,42,480,261133,0.920903954802,0.504643962848,0.652,0.483679525223,0.000160811716282,0.998008728027,0.738652441686,1,"hard"
"attentiongates_dpu_easy_remaining.xmodel","ang20191006t172739_r5800_c429_w151_h151",fraca,133,3,116,261892,0.977941176471,0.534136546185,0.690909090909,0.527777777778,1.14549724126e-05,0.999546051025,0.826527999311,1,"hard"
"attentiongates_dpu_easy_remaining.xmodel","ang20191013t182140_r871_c331_w151_h151",fraca,123,16,90,261915,0.884892086331,0.577464788732,0.698863636364,0.53711790393,6.10847895056e-05,0.99959564209,0.788472514266,1,"hard"
"attentiongates_dpu_easy_remaining.xmodel","ang20191006t165608_r992_c408_w151_h151",fraca,1134,41,1292,259677,0.965106382979,0.467436108821,0.629825048598,0.459667612485,0.000157863528904,0.994915008545,0.67709167108,1,"hard"
"attentiongates_dpu_easy_remaining.xmodel","ang20191023t155808_r5442_c206_w151_h151",fraca,46,2,259,261837,0.958333333333,0.150819672131,0.260623229462,0.14983713355,7.63828153942e-06,0.999004364014,0.3133146637,1,"hard"
"attentiongates_dpu_easy_remaining.xmodel","ang20190926t163428_r5412_c412_w151_h151",fraca,1619,139,654,259732,0.920932878271,0.712274527057,0.803274621682,0.671227197347,0.000534880767766,0.996974945068,0.896907461409,1,"hard"
"attentiongates_dpu_easy_remaining.xmodel","ang20191008t182150_r8972_c528_w151_h151",fraca,1,0,66,262077,1,0.0149253731343,0.0294117647059,0.0149253731343,0,0.99974822998,0.58526598252,1,"hard"
"attentiongates_dpu_easy_remaining.xmodel","ang20190923t194235_r7808_c402_w151_h151",fraca,116,5,93,261930,0.95867768595,0.555023923445,0.70303030303,0.542056074766,1.90887052131e-05,0.999626159668,0.744840354184,1,"hard"
"attentiongates_dpu_easy_remaining.xmodel","ang20191017t174946_r11139_c466_w151_h151",fraca,33,0,120,261991,1,0.21568627451,0.354838709677,0.21568627451,0,0.999542236328,0.451995975237,1,"hard"
"attentiongates_dpu_easy_remaining.xmodel","ang20191023t172753_r6431_c370_w151_h151",fraca,14,45,122,261963,0.237288135593,0.102941176471,0.14358974359,0.0773480662983,0.000171750480901,0.999362945557,0.214804141139,1,"hard"
"attentiongates_dpu_easy_remaining.xmodel","ang20191017t154425_r8565_c210_w151_h151",fraca,130,7,43,261964,0.948905109489,0.751445086705,0.838709677419,0.722222222222,2.67205148661e-05,0.999809265137,0.910584296165,1,"hard"
"attentiongates_dpu_easy_remaining.xmodel","ang20191013t171742_r414_c202_w151_h151",fraca,13,0,51,262080,1,0.203125,0.337662337662,0.203125,0,0.999805450439,0.674368787036,1,"hard"
"attentiongates_dpu_easy_remaining.xmodel","ang20191017t164928_r11626_c245_w151_h151",fraca,104,8,157,261875,0.928571428571,0.39846743295,0.55764075067,0.386617100372,3.05479928059e-05,0.999370574951,0.636367789586,1,"hard"
"attentiongates_dpu_easy_remaining.xmodel","ang20191016t193637_r7006_c380_w151_h151",fraca,0,0,133,262011,0,0,0,0,0,0.999492645264,0.0486016189228,1,"hard"
"attentiongates_dpu_easy_remaining.xmodel","ang20191007t195115_r11314_c112_w151_h151",fraca,289,12,530,261313,0.960132890365,0.352869352869,0.516071428571,0.347773766546,4.59198316273e-05,0.997932434082,0.643767104011,1,"hard"
"attentiongates_dpu_easy_remaining.xmodel","ang20191013t192848_r1454_c389_w151_h151",fraca,0,0,0,262144,0,0,0,0,0,1,,0,"hard"
"attentiongates_dpu_easy_remaining.xmodel","ang20191013t173258_r553_c584_w151_h151",fraca,24,2,24,262094,0.923076923077,0.5,0.648648648649,0.48,7.63079177095e-06,0.999900817871,0.779216833434,1,"hard"
"attentiongates_dpu_easy_remaining.xmodel","ang20191017t150903_r6293_c151_w151_h151",fraca,0,0,53,262091,0,0,0,0,0,0.999797821045,0.368314248358,1,"hard"
"attentiongates_dpu_easy_remaining.xmodel","ang20191023t180821_r9136_c188_w151_h151",fraca,71,3,94,261976,0.959459459459,0.430303030303,0.594142259414,0.422619047619,1.14512995316e-05,0.999629974365,0.633598200614,1,"hard"
"attentiongates_dpu_easy_remaining.xmodel","ang20191007t180411_r5956_c20_w151_h151",fraca,2,0,17,262125,1,0.105263157895,0.190476190476,0.105263157895,0,0.999935150146,0.672927493016,1,"hard"
"attentiongates_dpu_easy_remaining.xmodel","ang20191016t184817_r4217_c195_w151_h151",fraca,0,0,0,262144,0,0,0,0,0,1,,0,"hard"
"attentiongates_dpu_easy_remaining.xmodel","ang20191016t184817_r2212_c233_w151_h151",fraca,143,4,170,261827,0.972789115646,0.456869009585,0.621739130435,0.451104100946,1.52770298399e-05,0.999336242676,0.656799514951,1,"hard"
"attentiongates_dpu_easy_remaining.xmodel","ang20190926t165202_r3182_c35_w151_h151",fraca,9,6,246,261883,0.6,0.0352941176471,0.0666666666667,0.0344827586207,2.29104697028e-05,0.999038696289,0.203530771179,1,"hard"
"attentiongates_dpu_easy_remaining.xmodel","ang20191007t182352_r2736_c432_w151_h151",fraca,170,4,173,261797,0.977011494253,0.495626822157,0.657640232108,0.489913544669,1.52787804477e-05,0.999324798584,0.791394477826,1,"hard"
"attentiongates_dpu_easy_remaining.xmodel","ang20190927t184620_r11024_c382_w151_h151",fraca,233,7,1097,260807,0.970833333333,0.175187969925,0.296815286624,0.174270755423,2.6839050051e-05,0.995788574219,0.366963624276,1,"hard"
"attentiongates_dpu_easy_remaining.xmodel","ang20190926t165202_r5798_c11_w151_h151",fraca,14,2,90,262038,0.875,0.134615384615,0.233333333333,0.132075471698,7.63242253091e-06,0.999649047852,0.633247800471,1,"hard"
"attentiongates_dpu_easy_remaining.xmodel","ang20191013t144828_r284_c175_w151_h151",fraca,577,87,1549,259931,0.868975903614,0.271401693321,0.413620071685,0.260732037958,0.000334592220539,0.993759155273,0.340756694302,1,"hard"
"attentiongates_dpu_easy_remaining.xmodel","ang20191016t181351_r5774_c469_w151_h151",fraca,0,1,29,262114,0,0,0,0,3.81511931786e-06,0.999885559082,0.00995852225863,1,"hard"
"attentiongates_dpu_easy_remaining.xmodel","ang20191017t182024_r6243_c414_w151_h151",fraca,0,0,8,262136,0,0,0,0,0,0.999969482422,0.30957715422,1,"hard"
"attentiongates_dpu_easy_remaining.xmodel","ang20190927t175410_r4773_c235_w151_h151",fraca,0,17,255,261872,0,0,0,0,6.49129974913e-05,0.998962402344,0.000600185118114,1,"hard"
"attentiongates_dpu_easy_remaining.xmodel","ang20191007t180411_r339_c91_w151_h151",fraca,12,1,370,261761,0.923076923077,0.0314136125654,0.0607594936709,0.0313315926893,3.82026420947e-06,0.998584747314,0.180092614812,1,"hard"
"attentiongates_dpu_easy_remaining.xmodel","ang20190927t173620_r7003_c347_w151_h151",fraca,2,0,42,262100,1,0.0454545454545,0.0869565217391,0.0454545454545,0,0.999839782715,0.580955818726,1,"hard"
"attentiongates_dpu_easy_remaining.xmodel","ang20191007t193705_r41_c223_w151_h151",fraca,0,1,79,262064,0,0,0,0,3.81584721348e-06,0.999694824219,0.0106149395248,1,"hard"
"attentiongates_dpu_easy_remaining.xmodel","ang20191017t191119_r9182_c455_w151_h151",fraca,49,2,170,261923,0.960784313725,0.223744292237,0.362962962963,0.221719457014,7.63577359931e-06,0.99934387207,0.589804234478,1,"hard"
"attentiongates_dpu_easy_remaining.xmodel","ang20191022t165908_r5026_c229_w151_h151",fraca,22,903,94,261125,0.0237837837838,0.189655172414,0.0422670509126,0.0215897939156,0.00344619658968,0.996196746826,0.0211288998361,1,"hard"
"attentiongates_dpu_easy_remaining.xmodel","ang20191007t185303_r4427_c255_w151_h151",fraca,10,0,47,262087,1,0.175438596491,0.298507462687,0.175438596491,0,0.999820709229,0.308208900022,1,"hard"
"attentiongates_dpu_easy_remaining.xmodel","ang20191023t174017_r10210_c46_w151_h151",fraca,61,47,33,262003,0.564814814815,0.648936170213,0.60396039604,0.432624113475,0.000179355084907,0.999694824219,0.711613617253,1,"hard"
"attentiongates_dpu_easy_remaining.xmodel","ang20191016t195058_r7845_c160_w151_h151",fraca,2,0,55,262087,1,0.0350877192982,0.0677966101695,0.0350877192982,0,0.99979019165,0.20297207775,1,"hard"
"attentiongates_dpu_easy_remaining.xmodel","ang20191006t174505_r4858_c106_w151_h151",fraca,228,11,271,261634,0.953974895397,0.456913827655,0.617886178862,0.447058823529,4.20416977202e-05,0.998924255371,0.68884972831,1,"hard"
"attentiongates_dpu_easy_remaining.xmodel","ang20191006t150453_r4400_c252_w151_h151",fraca,546,138,50,261410,0.798245614035,0.91610738255,0.853125,0.743869209809,0.000527627815927,0.999282836914,0.888925680806,1,"hard"
"attentiongates_dpu_easy_remaining.xmodel","ang20191006t150453_r2834_c547_w151_h151",fraca,57,10,52,262025,0.850746268657,0.522935779817,0.647727272727,0.478991596639,3.81628408419e-05,0.99976348877,0.724636997616,1,"hard"
"attentiongates_dpu_easy_remaining.xmodel","ang20191016t163955_r976_c466_w151_h151",fraca,16,15,20,262093,0.516129032258,0.444444444444,0.477611940299,0.313725490196,5.72283180979e-05,0.999866485596,0.531419822035,1,"hard"
"attentiongates_dpu_easy_remaining.xmodel","ang20191006t164135_r415_c400_w151_h151",fraca,22,0,1035,261087,1,0.0208136234626,0.0407784986098,0.0208136234626,0,0.99605178833,0.119244245093,1,"hard"
"attentiongates_dpu_easy_remaining.xmodel","ang20191006t174505_r3545_c345_w151_h151",fraca,30,79,55,261980,0.275229357798,0.352941176471,0.309278350515,0.182926829268,0.00030145883179,0.999488830566,0.18927578962,1,"hard"
"attentiongates_dpu_easy_remaining.xmodel","ang20191006t171344_r5000_c137_w151_h151",fraca,174,0,143,261827,1,0.548895899054,0.708757637475,0.548895899054,0,0.999454498291,0.862234114843,1,"hard"
"attentiongates_dpu_easy_remaining.xmodel","ang20190926t193117_r13317_c463_w151_h151",fraca,46,2,14,262082,0.958333333333,0.766666666667,0.851851851852,0.741935483871,7.63114116085e-06,0.999938964844,0.914558707464,1,"hard"
"attentiongates_dpu_easy_remaining.xmodel","ang20190926t171159_r4334_c286_w151_h151",fraca,192,121,1054,260777,0.613418530351,0.154093097913,0.246311738294,0.140453547915,0.00046378278101,0.995517730713,0.269103386028,1,"hard"
"attentiongates_dpu_easy_remaining.xmodel","ang20191023t172753_r10063_c363_w151_h151",fraca,2,8,100,262034,0.2,0.0196078431373,0.0357142857143,0.0181818181818,3.05294571099e-05,0.999588012695,0.150657328062,1,"hard"
"attentiongates_dpu_easy_remaining.xmodel","ang20191019t175004_r2800_c331_w151_h151",fraca,8,0,30,262106,1,0.210526315789,0.347826086957,0.210526315789,0,0.999885559082,0.663280281628,1,"hard"
"attentiongates_dpu_easy_remaining.xmodel","ang20191016t195058_r356_c697_w151_h151",fraca,1150,30,1907,259057,0.974576271186,0.376185803075,0.54283691291,0.372529964367,0.00011579122071,0.992610931396,0.606689001185,1,"hard"
"attentiongates_dpu_easy_remaining.xmodel","ang20191016t163955_r5308_c444_w151_h151",fraca,2126,289,480,259249,0.88033126294,0.815809669992,0.846843258315,0.734369602763,0.00111351709576,0.997066497803,0.862831811056,1,"hard"
"attentiongates_dpu_easy_remaining.xmodel","ang20191007t193705_r1619_c262_w151_h151",fraca,389,23,276,261456,0.944174757282,0.584962406015,0.722376973073,0.565406976744,8.79611747024e-05,0.998859405518,0.850983655245,1,"hard"
"attentiongates_dpu_easy_remaining.xmodel","ang20191016t165454_r493_c344_w151_h151",fraca,789,53,1150,260152,0.937054631829,0.406910778752,0.567421790723,0.396084337349,0.00020368555562,0.995410919189,0.693789493911,1,"hard"
"attentiongates_dpu_easy_remaining.xmodel","ang20191016t163955_r4911_c305_w151_h151",fraca,16173,911,1982,243078,0.946675251697,0.890828972735,0.917903459236,0.848263925312,0.00373377488329,0.988964080811,0.926420322172,1,"hard"
"attentiongates_dpu_easy_remaining.xmodel","ang20191017t161837_r10898_c121_w151_h151",fraca,18,4,18,262104,0.818181818182,0.5,0.620689655172,0.45,1.52608848261e-05,0.99991607666,0.653003617055,1,"hard"
"attentiongates_dpu_easy_remaining.xmodel","ang20191006t171344_r5567_c172_w151_h151",fraca,0,0,110,262034,0,0,0,0,0,0.999580383301,0.341743545321,1,"hard"
"attentiongates_dpu_easy_remaining.xmodel","ang20190926t184029_r2873_c297_w151_h151",fraca,0,153,105,261886,0,0,0,0,0.000583882551834,0.999015808105,0.0284067049059,1,"hard"
"attentiongates_dpu_easy_remaining.xmodel","ang20191017t164928_r1921_c520_w151_h151",fraca,1,0,58,262085,1,0.0169491525424,0.0333333333333,0.0169491525424,0,0.999778747559,0.308181083321,1,"hard"
"attentiongates_dpu_easy_remaining.xmodel","ang20191016t162417_r5073_c22_w151_h151",fraca,103,1,243,261797,0.990384615385,0.297687861272,0.457777777778,0.296829971182,3.81973888265e-06,0.999069213867,0.63550548688,1,"hard"
"attentiongates_dpu_easy_remaining.xmodel","ang20191023t175603_r8534_c100_w151_h151",fraca,783,30,3795,257536,0.963099630996,0.171035386632,0.290484140234,0.169921875,0.000116475000582,0.985408782959,0.356190657248,1,"hard"
"attentiongates_dpu_easy_remaining.xmodel","ang20190926t171159_r3083_c303_w151_h151",fraca,27,168,57,261892,0.138461538462,0.321428571429,0.193548387097,0.107142857143,0.000641074563077,0.999141693115,0.114260670628,1,"hard"
"attentiongates_dpu_easy_remaining.xmodel","ang20190926t165202_r1958_c445_w151_h151",fraca,319,4,485,261336,0.987616099071,0.396766169154,0.566104702751,0.394801980198,1.53057319966e-05,0.998134613037,0.732073407533,1,"hard"
"attentiongates_dpu_easy_remaining.xmodel","ang20191007t200647_r1586_c140_w151_h151",fraca,16,0,69,262059,1,0.188235294118,0.316831683168,0.188235294118,0,0.999736785889,0.649770795242,1,"hard"
"attentiongates_dpu_easy_remaining.xmodel","ang20190927t175410_r1554_c73_w151_h151",fraca,25,12,23,262084,0.675675675676,0.520833333333,0.588235294118,0.416666666667,4.57847506257e-05,0.999866485596,0.600232388189,1,"hard"
"attentiongates_dpu_easy_remaining.xmodel","ang20190927t173620_r7130_c677_w151_h151",fraca,0,0,68,262076,0,0,0,0,0,0.999740600586,0.217391641601,1,"hard"
"attentiongates_dpu_easy_remaining.xmodel","ang20191006t165608_r487_c409_w151_h151",fraca,48,26,48,262022,0.648648648649,0.5,0.564705882353,0.393442622951,9.92184637929e-05,0.999717712402,0.535834693083,1,"hard"
"attentiongates_dpu_easy_remaining.xmodel","ang20191006t165608_r10003_c615_w151_h151",fraca,133,278,268,261465,0.323600973236,0.331670822943,0.327586206897,0.19587628866,0.00106211054355,0.997917175293,0.192725396027,1,"hard"
"attentiongates_dpu_easy_remaining.xmodel","ang20190923t194235_r8885_c337_w151_h151",fraca,53,2,48,262041,0.963636363636,0.524752475248,0.679487179487,0.514563106796,7.6323351511e-06,0.999809265137,0.788419139633,1,"hard"
"attentiongates_dpu_easy_remaining.xmodel","ang20191019t182848_r8043_c351_w151_h151",fraca,7,1,25,262111,0.875,0.21875,0.35,0.212121212121,3.81516298376e-06,0.999900817871,0.515883515278,1,"hard"
"attentiongates_dpu_easy_remaining.xmodel","ang20191006t172739_r4883_c586_w151_h151",fraca,36,0,343,261765,1,0.0949868073879,0.173493975904,0.0949868073879,0,0.998691558838,0.482506725698,1,"hard"
"attentiongates_dpu_easy_remaining.xmodel","ang20191017t180347_r5504_c0_w151_h151",fraca,0,0,28,262116,0,0,0,0,0,0.999893188477,0.499701195072,1,"hard"
"attentiongates_dpu_easy_remaining.xmodel","ang20191013t180441_r2819_c568_w151_h151",fraca,145,13,46,261940,0.917721518987,0.759162303665,0.830945558739,0.710784313725,4.96272232042e-05,0.999774932861,0.92122070829,1,"hard"
"attentiongates_dpu_easy_remaining.xmodel","ang20191007t185303_r2705_c342_w151_h151",fraca,388,22,3917,257817,0.946341463415,0.0901277584204,0.164581124072,0.0896695169864,8.53245630025e-05,0.984973907471,0.662418888195,1,"hard"
"attentiongates_dpu_easy_remaining.xmodel","ang20190926t180335_r1885_c121_w151_h151",fraca,58,235,449,261402,0.19795221843,0.114398422091,0.145,0.078167115903,0.000898191005095,0.99739074707,0.103318132372,1,"hard"
"attentiongates_dpu_easy_remaining.xmodel","ang20191017t154425_r11239_c45_w151_h151",fraca,19,0,40,262085,1,0.322033898305,0.487179487179,0.322033898305,0,0.999847412109,0.865753210761,1,"hard"
"attentiongates_dpu_easy_remaining.xmodel","ang20190926t172904_r4772_c38_w151_h151",fraca,377,20,241,261506,0.949622166247,0.61003236246,0.742857142857,0.590909090909,7.64742320075e-05,0.999004364014,0.841689766223,1,"hard"
"attentiongates_dpu_easy_remaining.xmodel","ang20191006t164135_r6222_c40_w151_h151",fraca,5,0,60,262079,1,0.0769230769231,0.142857142857,0.0769230769231,0,0.999771118164,0.446627752505,1,"hard"
"attentiongates_dpu_easy_remaining.xmodel","ang20191006t152009_r2304_c483_w151_h151",fraca,136,8,1191,260809,0.944444444444,0.102486812359,0.184908225697,0.101872659176,3.06728472454e-05,0.995426177979,0.333957374098,1,"hard"
"attentiongates_dpu_easy_remaining.xmodel","ang20191006t172739_r3342_c0_w151_h151",fraca,30,1,48,262065,0.967741935484,0.384615384615,0.550458715596,0.379746835443,3.81583265284e-06,0.999813079834,0.669724379755,1,"hard"
"attentiongates_dpu_easy_remaining.xmodel","ang20191017t174946_r5632_c582_w151_h151",fraca,0,0,40,262104,0,0,0,0,0,0.999847412109,0.278390676475,1,"hard"
"attentiongates_dpu_easy_remaining.xmodel","ang20191017t163235_r7988_c261_w151_h151",fraca,20,4,131,261989,0.833333333333,0.132450331126,0.228571428571,0.129032258065,1.52675834851e-05,0.999485015869,0.443558625062,1,"hard"
"attentiongates_dpu_easy_remaining.xmodel","ang20191013t151222_r2538_c208_w151_h151",fraca,17,3,8,262116,0.85,0.68,0.755555555556,0.607142857143,1.14451832946e-05,0.99995803833,0.900702236226,1,"hard"
"attentiongates_dpu_easy_remaining.xmodel","ang20191023t175603_r9169_c510_w151_h151",fraca,74,3,86,261981,0.961038961039,0.4625,0.62447257384,0.453987730061,1.1451080982e-05,0.999660491943,0.820095741996,1,"hard"
"attentiongates_dpu_easy_remaining.xmodel","ang20191013t171742_r1434_c111_w151_h151",fraca,4,0,10,262130,1,0.285714285714,0.444444444444,0.285714285714,0,0.999961853027,0.870883502462,1,"hard"
"attentiongates_dpu_easy_remaining.xmodel","ang20191013t145516_r3480_c95_w151_h151",fraca,0,0,120,262024,0,0,0,0,0,0.999542236328,0.000382838925387,1,"hard"
"attentiongates_dpu_easy_remaining.xmodel","ang20191017t164928_r11658_c140_w151_h151",fraca,19,0,242,261883,1,0.0727969348659,0.135714285714,0.0727969348659,0,0.999076843262,0.38929932374,1,"hard"
"attentiongates_dpu_easy_remaining.xmodel","ang20191019t173905_r2868_c277_w151_h151",fraca,0,6,81,262057,0,0,0,0,2.28952580105e-05,0.999668121338,0.00626100573109,1,"hard"
"attentiongates_dpu_easy_remaining.xmodel","ang20191006t164135_r402_c419_w151_h151",fraca,15,1,1358,260770,0.9375,0.0109249817917,0.0215982721382,0.0109170305677,3.83478224189e-06,0.994815826416,0.0731753161944,1,"hard"
"attentiongates_dpu_easy_remaining.xmodel","ang20191013t145516_r5537_c76_w151_h151",fraca,56,85,111,261892,0.397163120567,0.335329341317,0.363636363636,0.222222222222,0.000324455963691,0.999252319336,0.327010506912,1,"hard"
"attentiongates_dpu_easy_remaining.xmodel","ang20190927t190436_r12856_c494_w151_h151",fraca,5,0,203,261936,1,0.0240384615385,0.0469483568075,0.0240384615385,0,0.999225616455,0.120138431431,1,"hard"
"attentiongates_dpu_easy_remaining.xmodel","ang20191006t165608_r2603_c155_w151_h151",fraca,534,51,389,261170,0.912820512821,0.578548212351,0.708222811671,0.548254620123,0.000195236983244,0.998321533203,0.810390130308,1,"hard"
"attentiongates_dpu_easy_remaining.xmodel","ang20191017t160033_r7933_c302_w151_h151",fraca,0,0,100,262044,0,0,0,0,0,0.999618530273,0.266179681041,1,"hard"
"attentiongates_dpu_easy_remaining.xmodel","ang20191023t161300_r10349_c260_w151_h151",fraca,190,21,140,261793,0.900473933649,0.575757575758,0.702402957486,0.541310541311,8.02096144591e-05,0.99938583374,0.761699541202,1,"hard"
"attentiongates_dpu_easy_remaining.xmodel","ang20190923t192543_r3672_c36_w151_h151",fraca,394,25,257,261468,0.940334128878,0.605222734255,0.736448598131,0.582840236686,9.56048536672e-05,0.998924255371,0.871180035227,1,"hard"
"attentiongates_dpu_easy_remaining.xmodel","ang20191023t165811_r5884_c500_w151_h151",fraca,596,71,487,260990,0.893553223388,0.550323176362,0.681142857143,0.516464471404,0.000271967088152,0.997871398926,0.750183574016,1,"hard"
"attentiongates_dpu_easy_remaining.xmodel","ang20190927t170107_r5790_c343_w151_h151",fraca,36,2,56,262050,0.947368421053,0.391304347826,0.553846153846,0.382978723404,7.63207302367e-06,0.999778747559,0.602091699956,1,"hard"
"attentiongates_dpu_easy_remaining.xmodel","ang20191013t145516_r3232_c242_w151_h151",fraca,8,1,15,262120,0.888888888889,0.347826086957,0.5,0.333333333333,3.81503198904e-06,0.999938964844,0.63845475637,1,"hard"
"attentiongates_dpu_easy_remaining.xmodel","ang20191019t183727_r6485_c322_w151_h151",fraca,0,13,35,262096,0,0,0,0,4.95976864587e-05,0.999816894531,0.000105188179192,1,"hard"
"attentiongates_dpu_easy_remaining.xmodel","ang20190926t184029_r10180_c41_w151_h151",fraca,3,38,115,261988,0.0731707317073,0.0254237288136,0.0377358490566,0.0192307692308,0.000145023776266,0.999416351318,0.034995848771,1,"hard"
"attentiongates_dpu_easy_remaining.xmodel","ang20190927t175410_r11490_c528_w151_h151",fraca,46,4,35,262059,0.92,0.567901234568,0.702290076336,0.541176470588,1.52635053403e-05,0.999851226807,0.731720377619,1,"hard"
"attentiongates_dpu_easy_remaining.xmodel","ang20191007t182352_r4290_c195_w151_h151",fraca,250,14,333,261547,0.94696969697,0.428816466552,0.590318772137,0.418760469012,5.35247991864e-05,0.998676300049,0.763397020654,1,"hard"
"attentiongates_dpu_easy_remaining.xmodel","ang20190927t175410_r1540_c34_w151_h151",fraca,0,8,48,262088,0,0,0,0,3.05231670838e-05,0.999786376953,0.000148847192659,1,"hard"
"attentiongates_dpu_easy_remaining.xmodel","ang20191013t174928_r354_c277_w151_h151",fraca,245,153,219,261527,0.615577889447,0.528017241379,0.568445475638,0.397082658023,0.000584683583002,0.998580932617,0.459753802399,1,"hard"
"attentiongates_dpu_easy_remaining.xmodel","ang20191017t160033_r12759_c200_w151_h151",fraca,28,4,20,262092,0.875,0.583333333333,0.7,0.538461538462,1.52615835419e-05,0.999908447266,0.698111829664,1,"hard"
"attentiongates_dpu_easy_remaining.xmodel","ang20191023t142135_r19010_c551_w151_h151",fraca,115,5,247,261777,0.958333333333,0.317679558011,0.477178423237,0.313351498638,1.9099861717e-05,0.999038696289,0.524572378192,1,"hard"
"attentiongates_dpu_easy_remaining.xmodel","ang20191017t163235_r1874_c11_w151_h151",fraca,22,0,112,262010,1,0.164179104478,0.282051282051,0.164179104478,0,0.999572753906,0.47999774733,1,"hard"
"attentiongates_dpu_easy_remaining.xmodel","ang20191006t165608_r4566_c336_w151_h151",fraca,604,48,16465,245027,0.926380368098,0.0353857870994,0.0681677106258,0.0352865572238,0.000195858410691,0.937007904053,0.234019614393,1,"hard"
"attentiongates_dpu_easy_remaining.xmodel","ang20191006t152009_r9378_c534_w151_h151",fraca,29,7,34,262074,0.805555555556,0.460317460317,0.585858585859,0.414285714286,2.67092997966e-05,0.999843597412,0.734254498223,1,"hard"
"attentiongates_dpu_easy_remaining.xmodel","ang20191007t184008_r5782_c289_w151_h151",fraca,6,0,62,262076,1,0.0882352941176,0.162162162162,0.0882352941176,0,0.99976348877,0.680592009104,1,"hard"
"attentiongates_dpu_easy_remaining.xmodel","ang20191019t183727_r6935_c286_w151_h151",fraca,372,589,548,260635,0.387096774194,0.404347826087,0.395534290271,0.246520874751,0.00225476985269,0.995662689209,0.342814458747,1,"hard"
"attentiongates_dpu_easy_remaining.xmodel","ang20191017t163235_r10897_c435_w151_h151",fraca,53,2,19,262070,0.963636363636,0.736111111111,0.834645669291,0.716216216216,7.63149058274e-06,0.999919891357,0.904561124569,1,"hard"
"attentiongates_dpu_easy_remaining.xmodel","ang20190927t164322_r12979_c80_w151_h151",fraca,32,2,180,261930,0.941176470588,0.150943396226,0.260162601626,0.14953271028,7.63556953713e-06,0.999305725098,0.777258912248,1,"hard"
"attentiongates_dpu_easy_remaining.xmodel","ang20191023t185210_r9587_c394_w151_h151",fraca,60,59,513,261512,0.504201680672,0.104712041885,0.173410404624,0.0949367088608,0.000225560172955,0.997817993164,0.138637543566,1,"hard"
"attentiongates_dpu_easy_remaining.xmodel","ang20191023t174017_r3105_c224_w151_h151",fraca,7,1,26,262110,0.875,0.212121212121,0.341463414634,0.205882352941,3.81517753929e-06,0.999897003174,0.608145782576,1,"hard"
"attentiongates_dpu_easy_remaining.xmodel","ang20191016t163955_r1489_c359_w151_h151",fraca,0,46,128,261970,0,0,0,0,0.000175561797753,0.999336242676,0.0182374161242,1,"hard"
"attentiongates_dpu_easy_remaining.xmodel","ang20191013t173258_r5669_c458_w151_h151",fraca,363,18,408,261355,0.952755905512,0.470817120623,0.630208333333,0.460076045627,6.88670979788e-05,0.998374938965,0.681912337188,1,"hard"
"attentiongates_dpu_easy_remaining.xmodel","ang20191017t164928_r7139_c199_w151_h151",fraca,28,182,15,261919,0.133333333333,0.651162790698,0.221343873518,0.124444444444,0.000694388804316,0.999248504639,0.163344514651,1,"hard"
"attentiongates_dpu_easy_remaining.xmodel","ang20191022t180237_r1693_c353_w151_h151",fraca,18,349,267,261510,0.0490463215259,0.0631578947368,0.0552147239264,0.0283911671924,0.00133277832727,0.997650146484,0.0285617763348,1,"hard"
"attentiongates_dpu_easy_remaining.xmodel","ang20191023t165811_r6252_c414_w151_h151",fraca,7,0,5334,256803,1,0.00131061598952,0.00261780104712,0.00131061598952,0,0.979652404785,0.12754634463,1,"hard"
"attentiongates_dpu_easy_remaining.xmodel","ang20191023t164221_r938_c289_w151_h151",fraca,0,7,104,262033,0,0,0,0,2.67134788582e-05,0.999576568604,0.0152126286487,1,"hard"
"attentiongates_dpu_easy_remaining.xmodel","ang20191013t182140_r1081_c41_w151_h151",fraca,8,1,35,262100,0.888888888889,0.186046511628,0.307692307692,0.181818181818,3.81532310064e-06,0.999862670898,0.412190427628,1,"hard"
"attentiongates_dpu_easy_remaining.xmodel","ang20190926t160016_r86_c479_w151_h151",fraca,31,4,109,262000,0.885714285714,0.221428571429,0.354285714286,0.215277777778,1.52669424894e-05,0.999568939209,0.514243374957,1,"hard"
"attentiongates_dpu_easy_remaining.xmodel","ang20191006t172739_r1390_c525_w151_h151",fraca,24,4,38,262078,0.857142857143,0.387096774194,0.533333333333,0.363636363636,1.52623987912e-05,0.999839782715,0.708048435731,1,"hard"
"attentiongates_dpu_easy_remaining.xmodel","ang20191013t174928_r3699_c78_w151_h151",fraca,38,1,86,262019,0.974358974359,0.306451612903,0.466257668712,0.304,3.81650255706e-06,0.999668121338,0.818913039225,1,"hard"
"attentiongates_dpu_easy_remaining.xmodel","ang20191019t175004_r1812_c345_w151_h151",fraca,389,160,201,261394,0.708561020036,0.659322033898,0.683055311677,0.518666666667,0.000611728362021,0.998622894287,0.626973866977,1,"hard"
"attentiongates_dpu_easy_remaining.xmodel","ang20190926t171159_r3424_c39_w151_h151",fraca,43,66,151,261884,0.394495412844,0.221649484536,0.283828382838,0.165384615385,0.000251956480244,0.999172210693,0.272192841832,1,"hard"
"attentiongates_dpu_easy_remaining.xmodel","ang20190923t181729_r3963_c475_w151_h151",fraca,36,2,52,262054,0.947368421053,0.409090909091,0.571428571429,0.4,7.63195652838e-06,0.999794006348,0.75228417112,1,"hard"
"attentiongates_dpu_easy_remaining.xmodel","ang20190923t194235_r14255_c282_w151_h151",fraca,58,0,97,261989,1,0.374193548387,0.544600938967,0.374193548387,0,0.999629974365,0.620568861503,1,"hard"
"attentiongates_dpu_easy_remaining.xmodel","ang20191016t163955_r5769_c197_w151_h151",fraca,1927,1473,357,258387,0.566764705882,0.843695271454,0.678043631246,0.512909236093,0.00566843685061,0.993019104004,0.555011566024,1,"hard"
"attentiongates_dpu_easy_remaining.xmodel","ang20191006t165608_r6210_c355_w151_h151",fraca,1,12,52,262079,0.0769230769231,0.0188679245283,0.030303030303,0.0153846153846,4.57856240771e-05,0.999755859375,0.0535896714126,1,"hard"
"attentiongates_dpu_easy_remaining.xmodel","ang20191013t171742_r1440_c444_w151_h151",fraca,27,1,265,261851,0.964285714286,0.0924657534247,0.16875,0.0921501706485,3.81895116325e-06,0.998985290527,0.182909916027,1,"hard"
"attentiongates_dpu_easy_remaining.xmodel","ang20191023t180821_r9885_c175_w151_h151",fraca,0,882,41,261221,0,0,0,0,0.00336508929696,0.996479034424,0.00608344381756,1,"hard"
"attentiongates_dpu_easy_remaining.xmodel","ang20191023t174017_r10832_c404_w151_h151",fraca,55,1,66,262022,0.982142857143,0.454545454545,0.621468926554,0.450819672131,3.81645886048e-06,0.999744415283,0.615468635338,1,"hard"
"attentiongates_dpu_easy_remaining.xmodel","ang20190927t175410_r4803_c262_w151_h151",fraca,96,5,159,261884,0.950495049505,0.376470588235,0.539325842697,0.369230769231,1.90920580857e-05,0.999374389648,0.761192084727,1,"hard"
"attentiongates_dpu_easy_remaining.xmodel","ang20191013t182140_r825_c313_w151_h151",fraca,100,53,113,261878,0.653594771242,0.469483568075,0.546448087432,0.375939849624,0.000202343365237,0.999366760254,0.497829883517,1,"hard"
"attentiongates_dpu_easy_remaining.xmodel","ang20191022t171226_r910_c403_w151_h151",fraca,3,6,137,261998,0.333333333333,0.0214285714286,0.0402684563758,0.0205479452055,2.29004137341e-05,0.999454498291,0.265853023305,1,"hard"
"attentiongates_dpu_easy_remaining.xmodel","ang20191017t170330_r10101_c484_w151_h151",fraca,2,0,235,261907,1,0.0084388185654,0.0167364016736,0.0084388185654,0,0.999103546143,0.149078005042,1,"hard"
"attentiongates_dpu_easy_remaining.xmodel","ang20191006t165608_r1496_c38_w151_h151",fraca,65,10,80,261989,0.866666666667,0.448275862069,0.590909090909,0.41935483871,3.8168084611e-05,0.999656677246,0.718786260811,1,"hard"
"attentiongates_dpu_easy_remaining.xmodel","ang20191006t174505_r4482_c474_w151_h151",fraca,51,2,51,262040,0.962264150943,0.5,0.658064516129,0.490384615385,7.63236427748e-06,0.999797821045,0.75570493876,1,"hard"
"attentiongates_dpu_easy_remaining.xmodel","ang20191023t162847_r10053_c367_w151_h151",fraca,12674,408,2231,246831,0.96881210824,0.850318685005,0.905706220745,0.827662770195,0.00165022508585,0.989933013916,0.939045862954,1,"hard"
"attentiongates_dpu_easy_remaining.xmodel","ang20191019t183727_r6461_c300_w151_h151",fraca,3,27,132,261982,0.1,0.0222222222222,0.0363636363636,0.0185185185185,0.000103049895233,0.999393463135,0.0302426820648,1,"hard"
"attentiongates_dpu_easy_remaining.xmodel","ang20191017t163235_r10537_c381_w151_h151",fraca,4,11,120,262009,0.266666666667,0.0322580645161,0.0575539568345,0.0296296296296,4.19815281276e-05,0.999500274658,0.0620093965994,1,"hard"
"attentiongates_dpu_easy_remaining.xmodel","ang20191006t164135_r2155_c418_w151_h151",fraca,0,0,135,262009,0,0,0,0,0,0.999485015869,0.0325962630347,1,"hard"
"attentiongates_dpu_easy_remaining.xmodel","ang20191006t171344_r6261_c397_w151_h151",fraca,0,0,173,261971,0,0,0,0,0,0.999340057373,0.348799923046,1,"hard"
"attentiongates_dpu_easy_remaining.xmodel","ang20191023t180821_r3857_c339_w151_h151",fraca,0,0,28,262116,0,0,0,0,0,0.999893188477,0.0985208061081,1,"hard"
"attentiongates_dpu_easy_remaining.xmodel","ang20191023t165811_r7082_c480_w151_h151",fraca,119,776,75,261174,0.132960893855,0.613402061856,0.21854912764,0.122680412371,0.00296239740408,0.996753692627,0.364591728629,1,"hard"
"attentiongates_dpu_easy_remaining.xmodel","ang20191023t174017_r7576_c181_w151_h151",fraca,140,9,461,261534,0.939597315436,0.232945091514,0.373333333333,0.229508196721,3.44111675709e-05,0.998207092285,0.3425042778,1,"hard"
"attentiongates_dpu_easy_remaining.xmodel","ang20191016t165454_r5615_c292_w151_h151",fraca,37,2,26,262079,0.948717948718,0.587301587302,0.725490196078,0.569230769231,7.63122851332e-06,0.999893188477,0.896014643916,1,"hard"
"attentiongates_dpu_easy_remaining.xmodel","ang20191013t180441_r329_c340_w151_h151",fraca,0,9,271,261864,0,0,0,0,3.4367804241e-05,0.998931884766,0.0664625487502,1,"hard"
"attentiongates_dpu_easy_remaining.xmodel","ang20191006t152009_r2384_c351_w151_h151",fraca,159,4,1182,260799,0.975460122699,0.118568232662,0.211436170213,0.118215613383,1.53372468875e-05,0.995475769043,0.360949039127,1,"hard"
"attentiongates_dpu_easy_remaining.xmodel","ang20191017t160033_r10419_c523_w151_h151",fraca,238,34,319,261553,0.875,0.427289048474,0.574185765983,0.402707275804,0.000129975878006,0.998653411865,0.719689602737,1,"hard"
"attentiongates_dpu_easy_remaining.xmodel","ang20190923t192543_r6339_c495_w151_h151",fraca,23,0,79,262042,1,0.225490196078,0.368,0.225490196078,0,0.999698638916,0.558050259743,1,"hard"
"attentiongates_dpu_easy_remaining.xmodel","ang20191013t182140_r5219_c446_w151_h151",fraca,13,0,22,262109,1,0.371428571429,0.541666666667,0.371428571429,0,0.99991607666,0.663960893805,1,"hard"
"attentiongates_dpu_easy_remaining.xmodel","ang20191023t165811_r9005_c150_w151_h151",fraca,71,5,29,262039,0.934210526316,0.71,0.806818181818,0.67619047619,1.90807650624e-05,0.999870300293,0.899224022937,1,"hard"
"attentiongates_dpu_easy_remaining.xmodel","ang20191023t190429_r9582_c70_w151_h151",fraca,59,3,636,261446,0.951612903226,0.0848920863309,0.155878467635,0.0845272206304,1.14745131938e-05,0.997562408447,0.351966883661,1,"hard"
"attentiongates_dpu_easy_remaining.xmodel","ang20191006t165608_r4616_c421_w151_h151",fraca,828,85,16290,244941,0.906900328587,0.0483701366982,0.091841827963,0.0481311399175,0.000346901961425,0.937534332275,0.284664207281,1,"hard"
"attentiongates_dpu_easy_remaining.xmodel","ang20191013t152730_r9519_c554_w151_h151",fraca,184,24,364,261572,0.884615384615,0.335766423358,0.486772486772,0.321678321678,9.17445220875e-05,0.998519897461,0.577904888237,1,"hard"
"attentiongates_dpu_easy_remaining.xmodel","ang20190927t173620_r11659_c323_w151_h151",fraca,294,6,139,261705,0.98,0.678983833718,0.802182810368,0.669703872437,2.29260520192e-05,0.999446868896,0.904329852866,1,"hard"
"attentiongates_dpu_easy_remaining.xmodel","ang20190927t173620_r1967_c414_w151_h151",fraca,72,8,27,262037,0.9,0.727272727273,0.804469273743,0.672897196262,3.0529107596e-05,0.999866485596,0.890251347923,1,"hard"
"attentiongates_dpu_easy_remaining.xmodel","ang20191017t171949_r11517_c174_w151_h151",fraca,949,41,923,260231,0.958585858586,0.506944444444,0.663172606569,0.496079456351,0.000157527509682,0.996322631836,0.733559384823,1,"hard"
"attentiongates_dpu_easy_remaining.xmodel","ang20191006t164135_r2470_c449_w151_h151",fraca,37,10,13,262084,0.787234042553,0.74,0.762886597938,0.616666666667,3.81542500019e-05,0.999912261963,0.870460442812,1,"hard"
"attentiongates_dpu_easy_remaining.xmodel","ang20191023t174017_r10206_c319_w151_h151",fraca,0,0,472,261672,0,0,0,0,0,0.998199462891,0.0180968461756,1,"hard"
"attentiongates_dpu_easy_remaining.xmodel","ang20191006t155231_r5514_c352_w151_h151",fraca,15,0,48,262081,1,0.238095238095,0.384615384615,0.238095238095,0,0.999816894531,0.410686530132,1,"hard"
"attentiongates_dpu_easy_remaining.xmodel","ang20191013t185356_r9124_c224_w151_h151",fraca,0,0,0,262144,0,0,0,0,0,1,,0,"hard"
"attentiongates_dpu_easy_remaining.xmodel","ang20190927t175410_r1105_c485_w151_h151",fraca,31,30,4,262079,0.508196721311,0.885714285714,0.645833333333,0.476923076923,0.00011445619952,0.999870300293,0.769536689254,1,"hard"
"attentiongates_dpu_easy_remaining.xmodel","ang20191017t161837_r8546_c207_w151_h151",fraca,67,23,212,261842,0.744444444444,0.240143369176,0.363143631436,0.221854304636,8.78315162393e-05,0.999103546143,0.286613574011,1,"hard"
"attentiongates_dpu_easy_remaining.xmodel","ang20191023t182357_r8662_c100_w151_h151",fraca,19,0,317,261808,1,0.0565476190476,0.107042253521,0.0565476190476,0,0.998790740967,0.32620907442,1,"hard"
"attentiongates_dpu_easy_remaining.xmodel","ang20191006t165608_r1510_c75_w151_h151",fraca,49,26,96,261973,0.653333333333,0.337931034483,0.445454545455,0.286549707602,9.92370199886e-05,0.999534606934,0.460265888905,1,"hard"
"attentiongates_dpu_easy_remaining.xmodel","ang20191023t175603_r10598_c38_w151_h151",fraca,0,0,35377,226767,0,0,0,0,0,0.865047454834,0.456026718579,1,"hard"
"attentiongates_dpu_easy_remaining.xmodel","ang20191023t164221_r8125_c478_w151_h151",fraca,350,84,228,261482,0.806451612903,0.60553633218,0.691699604743,0.528700906344,0.000321142656156,0.998809814453,0.74589448836,1,"hard"
"attentiongates_dpu_easy_remaining.xmodel","ang20191022t191141_r347_c258_w151_h151",fraca,28,0,185,261931,1,0.131455399061,0.232365145228,0.131455399061,0,0.999294281006,0.200126726832,1,"hard"
"attentiongates_dpu_easy_remaining.xmodel","ang20191017t173348_r11392_c57_w151_h151",fraca,20,0,244,261880,1,0.0757575757576,0.140845070423,0.0757575757576,0,0.999069213867,0.33080413017,1,"hard"
"attentiongates_dpu_easy_remaining.xmodel","ang20191006t174505_r2184_c383_w151_h151",fraca,142,24,46,261932,0.855421686747,0.755319148936,0.802259887006,0.669811320755,9.1618439738e-05,0.999732971191,0.890022193146,1,"hard"
"attentiongates_dpu_easy_remaining.xmodel","ang20191006t165608_r2082_c180_w151_h151",fraca,29,38,49,262028,0.432835820896,0.371794871795,0.4,0.25,0.000145001640808,0.999668121338,0.278225213632,1,"hard"
"attentiongates_dpu_easy_remaining.xmodel","ang20191023t172753_r9837_c23_w151_h151",fraca,21,44,105,261974,0.323076923077,0.166666666667,0.219895287958,0.123529411765,0.000167927394301,0.999431610107,0.163025552257,1,"hard"
"attentiongates_dpu_easy_remaining.xmodel","ang20191006t185838_r912_c379_w151_h151",fraca,7,1,10,262126,0.875,0.411764705882,0.56,0.388888888889,3.81494466423e-06,0.99995803833,0.586129106356,1,"hard"
"attentiongates_dpu_easy_remaining.xmodel","ang20191016t162417_r218_c392_w151_h151",fraca,0,0,98,262046,0,0,0,0,0,0.999626159668,0.00846226932432,1,"hard"
"attentiongates_dpu_easy_remaining.xmodel","ang20191022t191141_r3649_c28_w151_h151",fraca,15,1,155,261973,0.9375,0.0882352941176,0.161290322581,0.0877192982456,3.81717269653e-06,0.999404907227,0.167467403346,1,"hard"
"attentiongates_dpu_easy_remaining.xmodel","ang20191017t161837_r10965_c323_w151_h151",fraca,0,0,36,262108,0,0,0,0,0,0.999862670898,0.0646238803145,1,"hard"
"attentiongates_dpu_easy_remaining.xmodel","ang20191019t182848_r6618_c259_w151_h151",fraca,0,11,275,261858,0,0,0,0,4.20057356923e-05,0.998908996582,0.0962169947911,1,"hard"
"attentiongates_dpu_easy_remaining.xmodel","ang20191016t193637_r8249_c173_w151_h151",fraca,0,0,164,261980,0,0,0,0,0,0.999374389648,0.227273297922,1,"hard"
"attentiongates_dpu_easy_remaining.xmodel","ang20191006t155231_r1350_c140_w151_h151",fraca,0,834,0,261310,0,0,0,0,0.00318145751953,0.99681854248,,0,"hard"
"attentiongates_dpu_easy_remaining.xmodel","ang20191023t164221_r7769_c483_w151_h151",fraca,0,182,0,261962,0,0,0,0,0.000694274902344,0.999305725098,,0,"hard"
"attentiongates_dpu_easy_remaining.xmodel","ang20191023t175603_r8276_c51_w151_h151",fraca,140,9,106,261889,0.939597315436,0.569105691057,0.708860759494,0.549019607843,3.43645235932e-05,0.999561309814,0.821705198356,1,"hard"
"attentiongates_dpu_easy_remaining.xmodel","ang20191017t154425_r5194_c424_w151_h151",fraca,347,28,301,261468,0.925333333333,0.53549382716,0.678396871945,0.513313609467,0.000107076207667,0.9987449646,0.764608825925,1,"hard"
"attentiongates_dpu_easy_remaining.xmodel","ang20191023t180821_r8554_c367_w151_h151",fraca,3295,106,4188,254555,0.968832696266,0.440331417881,0.605475927968,0.434181051522,0.000416239628369,0.983619689941,0.715018324846,1,"hard"
"attentiongates_dpu_easy_remaining.xmodel","ang20191023t165811_r8032_c63_w151_h151",fraca,155,4,349,261636,0.974842767296,0.30753968254,0.467571644042,0.305118110236,1.52881822351e-05,0.998653411865,0.552270301601,1,"hard"
"attentiongates_dpu_easy_remaining.xmodel","ang20191011t192741_r10275_c39_w151_h151",fraca,8,10,91,262035,0.444444444444,0.0808080808081,0.136752136752,0.0733944954128,3.8161384495e-05,0.999614715576,0.273224570479,1,"hard"
"attentiongates_dpu_easy_remaining.xmodel","ang20190926t160016_r3122_c445_w151_h151",fraca,4,2,53,262085,0.666666666667,0.0701754385965,0.126984126984,0.0677966101695,7.63105381038e-06,0.99979019165,0.278147944663,1,"hard"
