modelo,run_id,modo,trabalho,indice_amostra,espera_slot_ms,leitura_ms,preprocess_ms,espera_runner_ms,sync_entrada_ms,inferencia_ms,sync_saida_ms,espera_pos_ms,postprocess_ms,latencia_total_ms
"methane_baseline.xmodel","manual_1637345578273",model_only,0,0,0,0,0,0,0,340.20528,0,0,0,340.20528
"methane_baseline.xmodel","manual_1637345578273",model_only,1,2,0,0,0,0,0,337.19852,0,0,0,337.19852
"methane_baseline.xmodel","manual_1637345578273",model_only,2,3,0,0,0,0,0,336.21554,0,0,0,336.21554
"methane_baseline.xmodel","manual_1637345578273",model_only,3,1,0,0,0,0,0,340.17016,0,0,0,340.17016
"methane_baseline.xmodel","manual_1637345578273",model_only,4,2,0,0,0,0,0,335.85294,0,0,0,335.85294
"methane_baseline.xmodel","manual_1637345578273",model_only,5,0,0,0,0,0,0,339.5045,0,0,0,339.5045
"methane_baseline.xmodel","manual_1637345578273",model_only,6,3,0,0,0,0,0,336.16546,0,0,0,336.16546
"methane_baseline.xmodel","manual_1637345578273",model_only,7,1,0,0,0,0,0,339.21612,0,0,0,339.21612
"methane_baseline.xmodel","manual_1637345578273",model_only,8,2,0,0,0,0,0,336.04149,0,0,0,336.04149
"methane_baseline.xmodel","manual_1637345578273",model_only,9,0,0,0,0,0,0,339.10216,0,0,0,339.10216
"methane_baseline.xmodel","manual_1637345578273",model_only,10,3,0,0,0,0,0,335.82329,0,0,0,335.82329
"methane_baseline.xmodel","manual_1637345578273",model_only,11,1,0,0,0,0,0,339.13596,0,0,0,339.13596
"methane_baseline.xmodel","manual_1637345578273",model_only,12,2,0,0,0,0,0,336.48555,0,0,0,336.48555
"methane_baseline.xmodel","manual_1637345578273",model_only,13,0,0,0,0,0,0,339.33808,0,0,0,339.33808
"methane_baseline.xmodel","manual_1637345578273",model_only,14,3,0,0,0,0,0,335.83067,0,0,0,335.83067
"methane_baseline.xmodel","manual_1637345578273",model_only,15,1,0,0,0,0,0,339.0872,0,0,0,339.0872
"methane_baseline.xmodel","manual_1637345578273",model_only,16,2,0,0,0,0,0,335.55743,0,0,0,335.55743
"methane_baseline.xmodel","manual_1637345578273",model_only,17,0,0,0,0,0,0,338.83299,0,0,0,338.83299
"methane_baseline.xmodel","manual_1637345578273",model_only,18,3,0,0,0,0,0,335.56227,0,0,0,335.56227
"methane_baseline.xmodel","manual_1637345578273",model_only,19,1,0,0,0,0,0,339.04329,0,0,0,339.04329
"methane_baseline.xmodel","manual_1637345578273",model_only,20,2,0,0,0,0,0,335.41684,0,0,0,335.41684
"methane_baseline.xmodel","manual_1637345578273",model_only,21,0,0,0,0,0,0,338.7528,0,0,0,338.7528
"methane_baseline.xmodel","manual_1637345578273",model_only,22,3,0,0,0,0,0,335.40066,0,0,0,335.40066
"methane_baseline.xmodel","manual_1637345578273",model_only,23,1,0,0,0,0,0,338.73426,0,0,0,338.73426
"methane_baseline.xmodel","manual_1637345578273",model_only,24,2,0,0,0,0,0,335.39202,0,0,0,335.39202
"methane_baseline.xmodel","manual_1637345578273",model_only,25,0,0,0,0,0,0,338.61402,0,0,0,338.61402
"methane_baseline.xmodel","manual_1637345578273",model_only,26,3,0,0,0,0,0,335.32789,0,0,0,335.32789
"methane_baseline.xmodel","manual_1637345578273",model_only,27,1,0,0,0,0,0,338.72512,0,0,0,338.72512
"methane_baseline.xmodel","manual_1637345578273",model_only,28,2,0,0,0,0,0,335.63004,0,0,0,335.63004
"methane_baseline.xmodel","manual_1637345578273",model_only,29,0,0,0,0,0,0,338.39941,0,0,0,338.39941
"methane_baseline.xmodel","manual_1637345578273",model_only,30,3,0,0,0,0,0,337.15219,0,0,0,337.15219
"methane_baseline.xmodel","manual_1637345578273",model_only,31,1,0,0,0,0,0,338.73919,0,0,0,338.73919
"methane_baseline.xmodel","manual_1637345578273",model_only,32,2,0,0,0,0,0,337.60768,0,0,0,337.60768
"methane_baseline.xmodel","manual_1637345578273",model_only,33,0,0,0,0,0,0,338.53919,0,0,0,338.53919
"methane_baseline.xmodel","manual_1637345578273",model_only,34,3,0,0,0,0,0,338.14255,0,0,0,338.14255
"methane_baseline.xmodel","manual_1637345578273",model_only,35,1,0,0,0,0,0,338.66213,0,0,0,338.66213
"methane_baseline.xmodel","manual_1637345578273",model_only,36,2,0,0,0,0,0,337.02509,0,0,0,337.02509
"methane_baseline.xmodel","manual_1637345578273",model_only,37,0,0,0,0,0,0,338.59203,0,0,0,338.59203
"methane_baseline.xmodel","manual_1637345578273",model_only,38,3,0,0,0,0,0,336.40103,0,0,0,336.40103
"methane_baseline.xmodel","manual_1637345578273",model_only,39,1,0,0,0,0,0,338.25563,0,0,0,338.25563
"methane_baseline.xmodel","manual_1637345578273",model_only,40,2,0,0,0,0,0,335.54907,0,0,0,335.54907
"methane_baseline.xmodel","manual_1637345578273",model_only,41,0,0,0,0,0,0,338.77553,0,0,0,338.77553
"methane_baseline.xmodel","manual_1637345578273",model_only,42,3,0,0,0,0,0,335.17362,0,0,0,335.17362
"methane_baseline.xmodel","manual_1637345578273",model_only,43,1,0,0,0,0,0,337.87871,0,0,0,337.87871
"methane_baseline.xmodel","manual_1637345578273",model_only,44,2,0,0,0,0,0,335.33967,0,0,0,335.33967
"methane_baseline.xmodel","manual_1637345578273",model_only,45,0,0,0,0,0,0,337.93179,0,0,0,337.93179
"methane_baseline.xmodel","manual_1637345578273",model_only,46,3,0,0,0,0,0,335.3066,0,0,0,335.3066
"methane_baseline.xmodel","manual_1637345578273",model_only,47,1,0,0,0,0,0,337.75769,0,0,0,337.75769
"methane_baseline.xmodel","manual_1637345578273",model_only,48,2,0,0,0,0,0,335.07826,0,0,0,335.07826
"methane_baseline.xmodel","manual_1637345578273",model_only,49,0,0,0,0,0,0,337.72491,0,0,0,337.72491
"methane_baseline.xmodel","manual_1637345578273",model_only,50,3,0,0,0,0,0,335.30966,0,0,0,335.30966
"methane_baseline.xmodel","manual_1637345578273",model_only,51,1,0,0,0,0,0,337.78103,0,0,0,337.78103
"methane_baseline.xmodel","manual_1637345578273",model_only,52,2,0,0,0,0,0,334.96554,0,0,0,334.96554
"methane_baseline.xmodel","manual_1637345578273",model_only,53,0,0,0,0,0,0,337.78581,0,0,0,337.78581
"methane_baseline.xmodel","manual_1637345578273",model_only,54,3,0,0,0,0,0,334.98878,0,0,0,334.98878
"methane_baseline.xmodel","manual_1637345578273",model_only,55,1,0,0,0,0,0,337.62335,0,0,0,337.62335
"methane_baseline.xmodel","manual_1637345578273",model_only,56,2,0,0,0,0,0,334.81023,0,0,0,334.81023
"methane_baseline.xmodel","manual_1637345578273",model_only,57,0,0,0,0,0,0,337.82279,0,0,0,337.82279
"methane_baseline.xmodel","manual_1637345578273",model_only,58,3,0,0,0,0,0,334.8805,0,0,0,334.8805
"methane_baseline.xmodel","manual_1637345578273",model_only,59,1,0,0,0,0,0,338.04366,0,0,0,338.04366
"methane_baseline.xmodel","manual_1637345578273",model_only,60,2,0,0,0,0,0,334.68482,0,0,0,334.68482
"methane_baseline.xmodel","manual_1637345578273",model_only,61,0,0,0,0,0,0,337.86567,0,0,0,337.86567
"methane_baseline.xmodel","manual_1637345578273",model_only,62,3,0,0,0,0,0,334.73973,0,0,0,334.73973
"methane_baseline.xmodel","manual_1637345578273",model_only,63,1,0,0,0,0,0,337.7135,0,0,0,337.7135
"methane_baseline.xmodel","manual_1637345578273",model_only,64,2,0,0,0,0,0,335.20986,0,0,0,335.20986
"methane_baseline.xmodel","manual_1637345578273",model_only,65,0,0,0,0,0,0,337.87367,0,0,0,337.87367
"methane_baseline.xmodel","manual_1637345578273",model_only,66,3,0,0,0,0,0,335.18548,0,0,0,335.18548
"methane_baseline.xmodel","manual_1637345578273",model_only,67,1,0,0,0,0,0,337.64527,0,0,0,337.64527
"methane_baseline.xmodel","manual_1637345578273",model_only,68,2,0,0,0,0,0,335.14196,0,0,0,335.14196
"methane_baseline.xmodel","manual_1637345578273",model_only,69,0,0,0,0,0,0,337.90981,0,0,0,337.90981
"methane_baseline.xmodel","manual_1637345578273",model_only,70,3,0,0,0,0,0,335.02853,0,0,0,335.02853
"methane_baseline.xmodel","manual_1637345578273",model_only,71,1,0,0,0,0,0,338.06096,0,0,0,338.06096
"methane_baseline.xmodel","manual_1637345578273",model_only,72,2,0,0,0,0,0,336.43544,0,0,0,336.43544
"methane_baseline.xmodel","manual_1637345578273",model_only,73,0,0,0,0,0,0,338.30238,0,0,0,338.30238
"methane_baseline.xmodel","manual_1637345578273",model_only,74,3,0,0,0,0,0,337.05855,0,0,0,337.05855
"methane_baseline.xmodel","manual_1637345578273",model_only,75,1,0,0,0,0,0,338.81337,0,0,0,338.81337
"methane_baseline.xmodel","manual_1637345578273",model_only,76,2,0,0,0,0,0,335.26412,0,0,0,335.26412
"methane_baseline.xmodel","manual_1637345578273",model_only,77,0,0,0,0,0,0,338.50498,0,0,0,338.50498
"methane_baseline.xmodel","manual_1637345578273",model_only,78,3,0,0,0,0,0,335.08549,0,0,0,335.08549
"methane_baseline.xmodel","manual_1637345578273",model_only,79,1,0,0,0,0,0,338.88593,0,0,0,338.88593
"methane_baseline.xmodel","manual_1637345578273",model_only,80,2,0,0,0,0,0,334.9935,0,0,0,334.9935
"methane_baseline.xmodel","manual_1637345578273",model_only,81,0,0,0,0,0,0,338.25286,0,0,0,338.25286
"methane_baseline.xmodel","manual_1637345578273",model_only,82,3,0,0,0,0,0,334.81282,0,0,0,334.81282
"methane_baseline.xmodel","manual_1637345578273",model_only,83,1,0,0,0,0,0,338.40138,0,0,0,338.40138
"methane_baseline.xmodel","manual_1637345578273",model_only,84,2,0,0,0,0,0,334.84285,0,0,0,334.84285
"methane_baseline.xmodel","manual_1637345578273",model_only,85,0,0,0,0,0,0,338.33688,0,0,0,338.33688
"methane_baseline.xmodel","manual_1637345578273",model_only,86,3,0,0,0,0,0,335.20104,0,0,0,335.20104
"methane_baseline.xmodel","manual_1637345578273",model_only,87,1,0,0,0,0,0,338.64684,0,0,0,338.64684
"methane_baseline.xmodel","manual_1637345578273",model_only,88,2,0,0,0,0,0,335.49464,0,0,0,335.49464
"methane_baseline.xmodel","manual_1637345578273",model_only,89,0,0,0,0,0,0,338.85227,0,0,0,338.85227
"methane_baseline.xmodel","manual_1637345578273",model_only,90,3,0,0,0,0,0,335.15305,0,0,0,335.15305
"methane_baseline.xmodel","manual_1637345578273",model_only,91,1,0,0,0,0,0,338.79373,0,0,0,338.79373
"methane_baseline.xmodel","manual_1637345578273",model_only,92,2,0,0,0,0,0,335.08423,0,0,0,335.08423
"methane_baseline.xmodel","manual_1637345578273",model_only,93,0,0,0,0,0,0,338.54025,0,0,0,338.54025
"methane_baseline.xmodel","manual_1637345578273",model_only,94,3,0,0,0,0,0,335.05061,0,0,0,335.05061
"methane_baseline.xmodel","manual_1637345578273",model_only,95,1,0,0,0,0,0,338.20053,0,0,0,338.20053
"methane_baseline.xmodel","manual_1637345578273",model_only,96,2,0,0,0,0,0,335.0425,0,0,0,335.0425
"methane_baseline.xmodel","manual_1637345578273",model_only,97,0,0,0,0,0,0,338.47036,0,0,0,338.47036
"methane_baseline.xmodel","manual_1637345578273",model_only,98,3,0,0,0,0,0,334.98186,0,0,0,334.98186
"methane_baseline.xmodel","manual_1637345578273",model_only,99,1,0,0,0,0,0,338.43141,0,0,0,338.43141
"methane_baseline.xmodel","manual_1637345578273",model_only,100,2,0,0,0,0,0,334.94012,0,0,0,334.94012
"methane_baseline.xmodel","manual_1637345578273",model_only,101,0,0,0,0,0,0,338.73395,0,0,0,338.73395
"methane_baseline.xmodel","manual_1637345578273",model_only,102,3,0,0,0,0,0,334.98323,0,0,0,334.98323
"methane_baseline.xmodel","manual_1637345578273",model_only,103,1,0,0,0,0,0,338.27413,0,0,0,338.27413
"methane_baseline.xmodel","manual_1637345578273",model_only,104,2,0,0,0,0,0,336.48772,0,0,0,336.48772
"methane_baseline.xmodel","manual_1637345578273",model_only,105,0,0,0,0,0,0,339.16439,0,0,0,339.16439
"methane_baseline.xmodel","manual_1637345578273",model_only,106,3,0,0,0,0,0,335.64663,0,0,0,335.64663
"methane_baseline.xmodel","manual_1637345578273",model_only,107,1,0,0,0,0,0,339.46348,0,0,0,339.46348
"methane_baseline.xmodel","manual_1637345578273",model_only,108,2,0,0,0,0,0,335.25898,0,0,0,335.25898
"methane_baseline.xmodel","manual_1637345578273",model_only,109,0,0,0,0,0,0,339.26912,0,0,0,339.26912
"methane_baseline.xmodel","manual_1637345578273",model_only,110,3,0,0,0,0,0,335.28429,0,0,0,335.28429
"methane_baseline.xmodel","manual_1637345578273",model_only,111,1,0,0,0,0,0,338.56612,0,0,0,338.56612
"methane_baseline.xmodel","manual_1637345578273",model_only,112,2,0,0,0,0,0,335.35264,0,0,0,335.35264
"methane_baseline.xmodel","manual_1637345578273",model_only,113,0,0,0,0,0,0,338.44907,0,0,0,338.44907
"methane_baseline.xmodel","manual_1637345578273",model_only,114,3,0,0,0,0,0,335.58923,0,0,0,335.58923
"methane_baseline.xmodel","manual_1637345578273",model_only,115,1,0,0,0,0,0,338.48086,0,0,0,338.48086
"methane_baseline.xmodel","manual_1637345578273",model_only,116,2,0,0,0,0,0,335.67209,0,0,0,335.67209
"methane_baseline.xmodel","manual_1637345578273",model_only,117,0,0,0,0,0,0,338.44657,0,0,0,338.44657
"methane_baseline.xmodel","manual_1637345578273",model_only,118,3,0,0,0,0,0,335.7726,0,0,0,335.7726
"methane_baseline.xmodel","manual_1637345578273",model_only,119,1,0,0,0,0,0,338.53061,0,0,0,338.53061
"methane_baseline.xmodel","manual_1637345578273",model_only,120,2,0,0,0,0,0,336.58261,0,0,0,336.58261
"methane_baseline.xmodel","manual_1637345578273",model_only,121,0,0,0,0,0,0,339.54237,0,0,0,339.54237
"methane_baseline.xmodel","manual_1637345578273",model_only,122,3,0,0,0,0,0,335.89626,0,0,0,335.89626
"methane_baseline.xmodel","manual_1637345578273",model_only,123,1,0,0,0,0,0,339.98182,0,0,0,339.98182
"methane_baseline.xmodel","manual_1637345578273",model_only,124,2,0,0,0,0,0,335.45175,0,0,0,335.45175
"methane_baseline.xmodel","manual_1637345578273",model_only,125,0,0,0,0,0,0,338.09467,0,0,0,338.09467
"methane_baseline.xmodel","manual_1637345578273",model_only,126,3,0,0,0,0,0,335.55944,0,0,0,335.55944
"methane_baseline.xmodel","manual_1637345578273",model_only,127,1,0,0,0,0,0,337.87283,0,0,0,337.87283
"methane_baseline.xmodel","manual_1637345578273",model_only,128,2,0,0,0,0,0,335.45763,0,0,0,335.45763
"methane_baseline.xmodel","manual_1637345578273",model_only,129,0,0,0,0,0,0,337.9612,0,0,0,337.9612
"methane_baseline.xmodel","manual_1637345578273",model_only,130,3,0,0,0,0,0,335.64668,0,0,0,335.64668
"methane_baseline.xmodel","manual_1637345578273",model_only,131,1,0,0,0,0,0,337.88778,0,0,0,337.88778
"methane_baseline.xmodel","manual_1637345578273",model_only,132,2,0,0,0,0,0,335.59062,0,0,0,335.59062
"methane_baseline.xmodel","manual_1637345578273",model_only,133,0,0,0,0,0,0,338.02666,0,0,0,338.02666
"methane_baseline.xmodel","manual_1637345578273",model_only,134,3,0,0,0,0,0,335.66055,0,0,0,335.66055
"methane_baseline.xmodel","manual_1637345578273",model_only,135,1,0,0,0,0,0,337.98688,0,0,0,337.98688
"methane_baseline.xmodel","manual_1637345578273",model_only,136,2,0,0,0,0,0,335.6808,0,0,0,335.6808
"methane_baseline.xmodel","manual_1637345578273",model_only,137,0,0,0,0,0,0,338.09144,0,0,0,338.09144
"methane_baseline.xmodel","manual_1637345578273",model_only,138,3,0,0,0,0,0,335.66544,0,0,0,335.66544
"methane_baseline.xmodel","manual_1637345578273",model_only,139,1,0,0,0,0,0,338.17427,0,0,0,338.17427
"methane_baseline.xmodel","manual_1637345578273",model_only,140,2,0,0,0,0,0,336.03526,0,0,0,336.03526
"methane_baseline.xmodel","manual_1637345578273",model_only,141,0,0,0,0,0,0,338.3261,0,0,0,338.3261
"methane_baseline.xmodel","manual_1637345578273",model_only,142,3,0,0,0,0,0,336.01565,0,0,0,336.01565
"methane_baseline.xmodel","manual_1637345578273",model_only,143,1,0,0,0,0,0,338.39921,0,0,0,338.39921
"methane_baseline.xmodel","manual_1637345578273",model_only,144,2,0,0,0,0,0,335.28574,0,0,0,335.28574
"methane_baseline.xmodel","manual_1637345578273",model_only,145,0,0,0,0,0,0,338.98777,0,0,0,338.98777
"methane_baseline.xmodel","manual_1637345578273",model_only,146,3,0,0,0,0,0,335.52623,0,0,0,335.52623
"methane_baseline.xmodel","manual_1637345578273",model_only,147,1,0,0,0,0,0,338.04771,0,0,0,338.04771
"methane_baseline.xmodel","manual_1637345578273",model_only,148,2,0,0,0,0,0,335.71532,0,0,0,335.71532
"methane_baseline.xmodel","manual_1637345578273",model_only,149,0,0,0,0,0,0,338.17377,0,0,0,338.17377
"methane_baseline.xmodel","manual_1637345578273",model_only,150,3,0,0,0,0,0,335.57329,0,0,0,335.57329
"methane_baseline.xmodel","manual_1637345578273",model_only,151,1,0,0,0,0,0,337.90879,0,0,0,337.90879
"methane_baseline.xmodel","manual_1637345578273",model_only,152,2,0,0,0,0,0,335.58885,0,0,0,335.58885
"methane_baseline.xmodel","manual_1637345578273",model_only,153,0,0,0,0,0,0,338.15526,0,0,0,338.15526
"methane_baseline.xmodel","manual_1637345578273",model_only,154,3,0,0,0,0,0,335.37288,0,0,0,335.37288
"methane_baseline.xmodel","manual_1637345578273",model_only,155,1,0,0,0,0,0,337.99728,0,0,0,337.99728
"methane_baseline.xmodel","manual_1637345578273",model_only,156,2,0,0,0,0,0,335.59922,0,0,0,335.59922
"methane_baseline.xmodel","manual_1637345578273",model_only,157,0,0,0,0,0,0,337.91727,0,0,0,337.91727
"methane_baseline.xmodel","manual_1637345578273",model_only,158,3,0,0,0,0,0,335.60345,0,0,0,335.60345
"methane_baseline.xmodel","manual_1637345578273",model_only,159,1,0,0,0,0,0,338.30489,0,0,0,338.30489
"methane_baseline.xmodel","manual_1637345578273",model_only,160,2,0,0,0,0,0,335.47439,0,0,0,335.47439
"methane_baseline.xmodel","manual_1637345578273",model_only,161,0,0,0,0,0,0,340.42559,0,0,0,340.42559
"methane_baseline.xmodel","manual_1637345578273",model_only,162,3,0,0,0,0,0,335.83588,0,0,0,335.83588
"methane_baseline.xmodel","manual_1637345578273",model_only,163,1,0,0,0,0,0,338.37531,0,0,0,338.37531
"methane_baseline.xmodel","manual_1637345578273",model_only,164,2,0,0,0,0,0,335.36127,0,0,0,335.36127
"methane_baseline.xmodel","manual_1637345578273",model_only,165,0,0,0,0,0,0,338.0247,0,0,0,338.0247
"methane_baseline.xmodel","manual_1637345578273",model_only,166,3,0,0,0,0,0,334.97571,0,0,0,334.97571
"methane_baseline.xmodel","manual_1637345578273",model_only,167,1,0,0,0,0,0,338.0217,0,0,0,338.0217
"methane_baseline.xmodel","manual_1637345578273",model_only,168,2,0,0,0,0,0,335.06557,0,0,0,335.06557
"methane_baseline.xmodel","manual_1637345578273",model_only,169,0,0,0,0,0,0,337.99663,0,0,0,337.99663
"methane_baseline.xmodel","manual_1637345578273",model_only,170,3,0,0,0,0,0,334.93789,0,0,0,334.93789
"methane_baseline.xmodel","manual_1637345578273",model_only,171,1,0,0,0,0,0,338.00065,0,0,0,338.00065
"methane_baseline.xmodel","manual_1637345578273",model_only,172,2,0,0,0,0,0,334.89766,0,0,0,334.89766
"methane_baseline.xmodel","manual_1637345578273",model_only,173,0,0,0,0,0,0,337.9627,0,0,0,337.9627
"methane_baseline.xmodel","manual_1637345578273",model_only,174,3,0,0,0,0,0,335.00319,0,0,0,335.00319
"methane_baseline.xmodel","manual_1637345578273",model_only,175,1,0,0,0,0,0,337.93721,0,0,0,337.93721
"methane_baseline.xmodel","manual_1637345578273",model_only,176,2,0,0,0,0,0,335.01258,0,0,0,335.01258
"methane_baseline.xmodel","manual_1637345578273",model_only,177,0,0,0,0,0,0,337.84813,0,0,0,337.84813
"methane_baseline.xmodel","manual_1637345578273",model_only,178,3,0,0,0,0,0,334.90258,0,0,0,334.90258
"methane_baseline.xmodel","manual_1637345578273",model_only,179,1,0,0,0,0,0,337.99494,0,0,0,337.99494
"methane_baseline.xmodel","manual_1637345578273",model_only,180,2,0,0,0,0,0,334.59803,0,0,0,334.59803
"methane_baseline.xmodel","manual_1637345578273",model_only,181,0,0,0,0,0,0,338.06531,0,0,0,338.06531
"methane_baseline.xmodel","manual_1637345578273",model_only,182,3,0,0,0,0,0,334.84444,0,0,0,334.84444
"methane_baseline.xmodel","manual_1637345578273",model_only,183,1,0,0,0,0,0,338.47042,0,0,0,338.47042
"methane_baseline.xmodel","manual_1637345578273",model_only,184,2,0,0,0,0,0,334.6394,0,0,0,334.6394
"methane_baseline.xmodel","manual_1637345578273",model_only,185,0,0,0,0,0,0,338.37229,0,0,0,338.37229
"methane_baseline.xmodel","manual_1637345578273",model_only,186,3,0,0,0,0,0,334.85254,0,0,0,334.85254
"methane_baseline.xmodel","manual_1637345578273",model_only,187,1,0,0,0,0,0,338.19265,0,0,0,338.19265
"methane_baseline.xmodel","manual_1637345578273",model_only,188,2,0,0,0,0,0,334.93402,0,0,0,334.93402
"methane_baseline.xmodel","manual_1637345578273",model_only,189,0,0,0,0,0,0,338.50869,0,0,0,338.50869
"methane_baseline.xmodel","manual_1637345578273",model_only,190,3,0,0,0,0,0,335.47308,0,0,0,335.47308
"methane_baseline.xmodel","manual_1637345578273",model_only,191,1,0,0,0,0,0,339.85419,0,0,0,339.85419
"methane_baseline.xmodel","manual_1637345578273",model_only,192,2,0,0,0,0,0,334.85794,0,0,0,334.85794
"methane_baseline.xmodel","manual_1637345578273",model_only,193,0,0,0,0,0,0,339.64693,0,0,0,339.64693
"methane_baseline.xmodel","manual_1637345578273",model_only,194,3,0,0,0,0,0,335.19883,0,0,0,335.19883
"methane_baseline.xmodel","manual_1637345578273",model_only,195,1,0,0,0,0,0,338.71462,0,0,0,338.71462
"methane_baseline.xmodel","manual_1637345578273",model_only,196,2,0,0,0,0,0,335.36173,0,0,0,335.36173
"methane_baseline.xmodel","manual_1637345578273",model_only,197,0,0,0,0,0,0,338.78057,0,0,0,338.78057
"methane_baseline.xmodel","manual_1637345578273",model_only,198,3,0,0,0,0,0,335.36005,0,0,0,335.36005
"methane_baseline.xmodel","manual_1637345578273",model_only,199,1,0,0,0,0,0,338.64615,0,0,0,338.64615
"methane_baseline.xmodel","manual_1637345578273",model_only,200,2,0,0,0,0,0,335.40306,0,0,0,335.40306
"methane_baseline.xmodel","manual_1637345578273",model_only,201,0,0,0,0,0,0,338.54441,0,0,0,338.54441
"methane_baseline.xmodel","manual_1637345578273",model_only,202,3,0,0,0,0,0,335.12126,0,0,0,335.12126
"methane_baseline.xmodel","manual_1637345578273",model_only,203,1,0,0,0,0,0,338.6448,0,0,0,338.6448
"methane_baseline.xmodel","manual_1637345578273",model_only,204,2,0,0,0,0,0,335.46466,0,0,0,335.46466
"methane_baseline.xmodel","manual_1637345578273",model_only,205,0,0,0,0,0,0,338.89609,0,0,0,338.89609
"methane_baseline.xmodel","manual_1637345578273",model_only,206,3,0,0,0,0,0,335.29544,0,0,0,335.29544
"methane_baseline.xmodel","manual_1637345578273",model_only,207,1,0,0,0,0,0,338.99866,0,0,0,338.99866
"methane_baseline.xmodel","manual_1637345578273",model_only,208,2,0,0,0,0,0,335.55358,0,0,0,335.55358
"methane_baseline.xmodel","manual_1637345578273",model_only,209,0,0,0,0,0,0,339.31653,0,0,0,339.31653
"methane_baseline.xmodel","manual_1637345578273",model_only,210,3,0,0,0,0,0,335.5446,0,0,0,335.5446
"methane_baseline.xmodel","manual_1637345578273",model_only,211,1,0,0,0,0,0,339.73302,0,0,0,339.73302
"methane_baseline.xmodel","manual_1637345578273",model_only,212,2,0,0,0,0,0,335.50531,0,0,0,335.50531
"methane_baseline.xmodel","manual_1637345578273",model_only,213,0,0,0,0,0,0,339.5648,0,0,0,339.5648
"methane_baseline.xmodel","manual_1637345578273",model_only,214,3,0,0,0,0,0,335.65674,0,0,0,335.65674
"methane_baseline.xmodel","manual_1637345578273",model_only,215,1,0,0,0,0,0,339.43098,0,0,0,339.43098
"methane_baseline.xmodel","manual_1637345578273",model_only,216,2,0,0,0,0,0,335.72132,0,0,0,335.72132
"methane_baseline.xmodel","manual_1637345578273",model_only,217,0,0,0,0,0,0,339.60035,0,0,0,339.60035
"methane_baseline.xmodel","manual_1637345578273",model_only,218,3,0,0,0,0,0,336.83703,0,0,0,336.83703
"methane_baseline.xmodel","manual_1637345578273",model_only,219,1,0,0,0,0,0,340.08435,0,0,0,340.08435
"methane_baseline.xmodel","manual_1637345578273",model_only,220,2,0,0,0,0,0,336.03596,0,0,0,336.03596
"methane_baseline.xmodel","manual_1637345578273",model_only,221,0,0,0,0,0,0,342.02637,0,0,0,342.02637
"methane_baseline.xmodel","manual_1637345578273",model_only,222,3,0,0,0,0,0,339.06254,0,0,0,339.06254
"methane_baseline.xmodel","manual_1637345578273",model_only,223,2,0,0,0,0,0,336.1835,0,0,0,336.1835
"methane_baseline.xmodel","manual_1637345578273",model_only,224,1,0,0,0,0,0,339.89559,0,0,0,339.89559
"methane_baseline.xmodel","manual_1637345578273",model_only,225,3,0,0,0,0,0,336.03703,0,0,0,336.03703
"methane_baseline.xmodel","manual_1637345578273",model_only,226,0,0,0,0,0,0,339.34697,0,0,0,339.34697
"methane_baseline.xmodel","manual_1637345578273",model_only,227,2,0,0,0,0,0,335.95362,0,0,0,335.95362
"methane_baseline.xmodel","manual_1637345578273",model_only,228,1,0,0,0,0,0,339.333,0,0,0,339.333
"methane_baseline.xmodel","manual_1637345578273",model_only,229,3,0,0,0,0,0,335.98985,0,0,0,335.98985
"methane_baseline.xmodel","manual_1637345578273",model_only,230,0,0,0,0,0,0,339.04578,0,0,0,339.04578
"methane_baseline.xmodel","manual_1637345578273",model_only,231,2,0,0,0,0,0,335.7904,0,0,0,335.7904
"methane_baseline.xmodel","manual_1637345578273",model_only,232,1,0,0,0,0,0,339.19246,0,0,0,339.19246
"methane_baseline.xmodel","manual_1637345578273",model_only,233,3,0,0,0,0,0,335.99246,0,0,0,335.99246
"methane_baseline.xmodel","manual_1637345578273",model_only,234,0,0,0,0,0,0,339.15928,0,0,0,339.15928
"methane_baseline.xmodel","manual_1637345578273",model_only,235,2,0,0,0,0,0,335.99962,0,0,0,335.99962
"methane_baseline.xmodel","manual_1637345578273",model_only,236,1,0,0,0,0,0,339.06566,0,0,0,339.06566
"methane_baseline.xmodel","manual_1637345578273",model_only,237,3,0,0,0,0,0,335.59714,0,0,0,335.59714
"methane_baseline.xmodel","manual_1637345578273",model_only,238,0,0,0,0,0,0,338.88824,0,0,0,338.88824
"methane_baseline.xmodel","manual_1637345578273",model_only,239,2,0,0,0,0,0,335.76976,0,0,0,335.76976
"methane_baseline.xmodel","manual_1637345578273",model_only,240,1,0,0,0,0,0,338.89533,0,0,0,338.89533
"methane_baseline.xmodel","manual_1637345578273",model_only,241,3,0,0,0,0,0,335.63994,0,0,0,335.63994
"methane_baseline.xmodel","manual_1637345578273",model_only,242,0,0,0,0,0,0,338.64471,0,0,0,338.64471
"methane_baseline.xmodel","manual_1637345578273",model_only,243,2,0,0,0,0,0,335.66094,0,0,0,335.66094
"methane_baseline.xmodel","manual_1637345578273",model_only,244,1,0,0,0,0,0,338.64333,0,0,0,338.64333
"methane_baseline.xmodel","manual_1637345578273",model_only,245,3,0,0,0,0,0,335.5557,0,0,0,335.5557
"methane_baseline.xmodel","manual_1637345578273",model_only,246,0,0,0,0,0,0,338.83635,0,0,0,338.83635
"methane_baseline.xmodel","manual_1637345578273",model_only,247,2,0,0,0,0,0,335.57235,0,0,0,335.57235
"methane_baseline.xmodel","manual_1637345578273",model_only,248,1,0,0,0,0,0,338.492,0,0,0,338.492
"methane_baseline.xmodel","manual_1637345578273",model_only,249,3,0,0,0,0,0,335.48459,0,0,0,335.48459
"methane_baseline.xmodel","manual_1637345578273",model_only,250,0,0,0,0,0,0,338.51803,0,0,0,338.51803
"methane_baseline.xmodel","manual_1637345578273",model_only,251,2,0,0,0,0,0,335.77633,0,0,0,335.77633
"methane_baseline.xmodel","manual_1637345578273",model_only,252,1,0,0,0,0,0,338.34337,0,0,0,338.34337
"methane_baseline.xmodel","manual_1637345578273",model_only,253,3,0,0,0,0,0,337.23339,0,0,0,337.23339
"methane_baseline.xmodel","manual_1637345578273",model_only,254,0,0,0,0,0,0,338.8063,0,0,0,338.8063
"methane_baseline.xmodel","manual_1637345578273",model_only,255,2,0,0,0,0,0,337.628,0,0,0,337.628
"methane_baseline.xmodel","manual_1637345578273",model_only,256,1,0,0,0,0,0,338.46709,0,0,0,338.46709
"methane_baseline.xmodel","manual_1637345578273",model_only,257,3,0,0,0,0,0,337.37597,0,0,0,337.37597
"methane_baseline.xmodel","manual_1637345578273",model_only,258,0,0,0,0,0,0,338.6845,0,0,0,338.6845
"methane_baseline.xmodel","manual_1637345578273",model_only,259,2,0,0,0,0,0,336.72871,0,0,0,336.72871
"methane_baseline.xmodel","manual_1637345578273",model_only,260,1,0,0,0,0,0,338.3285,0,0,0,338.3285
"methane_baseline.xmodel","manual_1637345578273",model_only,261,3,0,0,0,0,0,335.55431,0,0,0,335.55431
"methane_baseline.xmodel","manual_1637345578273",model_only,262,0,0,0,0,0,0,338.78538,0,0,0,338.78538
"methane_baseline.xmodel","manual_1637345578273",model_only,263,2,0,0,0,0,0,335.73434,0,0,0,335.73434
"methane_baseline.xmodel","manual_1637345578273",model_only,264,1,0,0,0,0,0,338.32049,0,0,0,338.32049
"methane_baseline.xmodel","manual_1637345578273",model_only,265,3,0,0,0,0,0,335.19712,0,0,0,335.19712
"methane_baseline.xmodel","manual_1637345578273",model_only,266,0,0,0,0,0,0,337.76718,0,0,0,337.76718
"methane_baseline.xmodel","manual_1637345578273",model_only,267,2,0,0,0,0,0,335.39093,0,0,0,335.39093
"methane_baseline.xmodel","manual_1637345578273",model_only,268,1,0,0,0,0,0,337.74936,0,0,0,337.74936
"methane_baseline.xmodel","manual_1637345578273",model_only,269,3,0,0,0,0,0,335.34964,0,0,0,335.34964
"methane_baseline.xmodel","manual_1637345578273",model_only,270,0,0,0,0,0,0,337.83875,0,0,0,337.83875
"methane_baseline.xmodel","manual_1637345578273",model_only,271,2,0,0,0,0,0,335.26909,0,0,0,335.26909
"methane_baseline.xmodel","manual_1637345578273",model_only,272,1,0,0,0,0,0,337.74957,0,0,0,337.74957
"methane_baseline.xmodel","manual_1637345578273",model_only,273,3,0,0,0,0,0,335.2139,0,0,0,335.2139
"methane_baseline.xmodel","manual_1637345578273",model_only,274,0,0,0,0,0,0,337.81125,0,0,0,337.81125
"methane_baseline.xmodel","manual_1637345578273",model_only,275,2,0,0,0,0,0,335.1226,0,0,0,335.1226
"methane_baseline.xmodel","manual_1637345578273",model_only,276,1,0,0,0,0,0,337.73322,0,0,0,337.73322
"methane_baseline.xmodel","manual_1637345578273",model_only,277,3,0,0,0,0,0,334.7247,0,0,0,334.7247
"methane_baseline.xmodel","manual_1637345578273",model_only,278,0,0,0,0,0,0,337.62355,0,0,0,337.62355
"methane_baseline.xmodel","manual_1637345578273",model_only,279,2,0,0,0,0,0,334.85586,0,0,0,334.85586
"methane_baseline.xmodel","manual_1637345578273",model_only,280,1,0,0,0,0,0,337.93382,0,0,0,337.93382
"methane_baseline.xmodel","manual_1637345578273",model_only,281,3,0,0,0,0,0,334.7665,0,0,0,334.7665
"methane_baseline.xmodel","manual_1637345578273",model_only,282,0,0,0,0,0,0,338.02142,0,0,0,338.02142
"methane_baseline.xmodel","manual_1637345578273",model_only,283,2,0,0,0,0,0,334.76537,0,0,0,334.76537
"methane_baseline.xmodel","manual_1637345578273",model_only,284,1,0,0,0,0,0,337.69931,0,0,0,337.69931
"methane_baseline.xmodel","manual_1637345578273",model_only,285,3,0,0,0,0,0,334.76036,0,0,0,334.76036
"methane_baseline.xmodel","manual_1637345578273",model_only,286,0,0,0,0,0,0,337.76636,0,0,0,337.76636
"methane_baseline.xmodel","manual_1637345578273",model_only,287,2,0,0,0,0,0,334.95625,0,0,0,334.95625
"methane_baseline.xmodel","manual_1637345578273",model_only,288,1,0,0,0,0,0,337.74068,0,0,0,337.74068
"methane_baseline.xmodel","manual_1637345578273",model_only,289,3,0,0,0,0,0,334.96441,0,0,0,334.96441
"methane_baseline.xmodel","manual_1637345578273",model_only,290,0,0,0,0,0,0,337.66307,0,0,0,337.66307
"methane_baseline.xmodel","manual_1637345578273",model_only,291,2,0,0,0,0,0,335.10472,0,0,0,335.10472
"methane_baseline.xmodel","manual_1637345578273",model_only,292,1,0,0,0,0,0,337.52805,0,0,0,337.52805
"methane_baseline.xmodel","manual_1637345578273",model_only,293,3,0,0,0,0,0,335.4822,0,0,0,335.4822
"methane_baseline.xmodel","manual_1637345578273",model_only,294,0,0,0,0,0,0,338.20599,0,0,0,338.20599
"methane_baseline.xmodel","manual_1637345578273",model_only,295,2,0,0,0,0,0,336.70206,0,0,0,336.70206
"methane_baseline.xmodel","manual_1637345578273",model_only,296,1,0,0,0,0,0,338.14043,0,0,0,338.14043
"methane_baseline.xmodel","manual_1637345578273",model_only,297,3,0,0,0,0,0,336.57728,0,0,0,336.57728
"methane_baseline.xmodel","manual_1637345578273",model_only,298,0,0,0,0,0,0,338.61159,0,0,0,338.61159
"methane_baseline.xmodel","manual_1637345578273",model_only,299,2,0,0,0,0,0,335.47337,0,0,0,335.47337
"methane_baseline.xmodel","manual_1637345578273",model_only,300,1,0,0,0,0,0,338.52984,0,0,0,338.52984
"methane_baseline.xmodel","manual_1637345578273",model_only,301,3,0,0,0,0,0,334.9882,0,0,0,334.9882
"methane_baseline.xmodel","manual_1637345578273",model_only,302,0,0,0,0,0,0,338.5839,0,0,0,338.5839
"methane_baseline.xmodel","manual_1637345578273",model_only,303,2,0,0,0,0,0,334.86776,0,0,0,334.86776
"methane_baseline.xmodel","manual_1637345578273",model_only,304,1,0,0,0,0,0,338.42082,0,0,0,338.42082
"methane_baseline.xmodel","manual_1637345578273",model_only,305,3,0,0,0,0,0,334.79293,0,0,0,334.79293
"methane_baseline.xmodel","manual_1637345578273",model_only,306,0,0,0,0,0,0,338.62798,0,0,0,338.62798
"methane_baseline.xmodel","manual_1637345578273",model_only,307,2,0,0,0,0,0,334.72853,0,0,0,334.72853
"methane_baseline.xmodel","manual_1637345578273",model_only,308,1,0,0,0,0,0,338.3489,0,0,0,338.3489
"methane_baseline.xmodel","manual_1637345578273",model_only,309,3,0,0,0,0,0,335.15967,0,0,0,335.15967
"methane_baseline.xmodel","manual_1637345578273",model_only,310,0,0,0,0,0,0,338.82654,0,0,0,338.82654
"methane_baseline.xmodel","manual_1637345578273",model_only,311,2,0,0,0,0,0,334.79344,0,0,0,334.79344
"methane_baseline.xmodel","manual_1637345578273",model_only,312,1,0,0,0,0,0,339.11098,0,0,0,339.11098
"methane_baseline.xmodel","manual_1637345578273",model_only,313,3,0,0,0,0,0,335.33091,0,0,0,335.33091
"methane_baseline.xmodel","manual_1637345578273",model_only,314,0,0,0,0,0,0,338.57161,0,0,0,338.57161
"methane_baseline.xmodel","manual_1637345578273",model_only,315,2,0,0,0,0,0,335.06382,0,0,0,335.06382
"methane_baseline.xmodel","manual_1637345578273",model_only,316,1,0,0,0,0,0,338.51456,0,0,0,338.51456
"methane_baseline.xmodel","manual_1637345578273",model_only,317,3,0,0,0,0,0,335.1412,0,0,0,335.1412
"methane_baseline.xmodel","manual_1637345578273",model_only,318,0,0,0,0,0,0,338.68857,0,0,0,338.68857
"methane_baseline.xmodel","manual_1637345578273",model_only,319,2,0,0,0,0,0,335.00761,0,0,0,335.00761
"methane_baseline.xmodel","manual_1637345578273",model_only,320,1,0,0,0,0,0,338.50958,0,0,0,338.50958
"methane_baseline.xmodel","manual_1637345578273",model_only,321,3,0,0,0,0,0,335.05585,0,0,0,335.05585
"methane_baseline.xmodel","manual_1637345578273",model_only,322,0,0,0,0,0,0,338.75916,0,0,0,338.75916
"methane_baseline.xmodel","manual_1637345578273",model_only,323,2,0,0,0,0,0,334.93937,0,0,0,334.93937
"methane_baseline.xmodel","manual_1637345578273",model_only,324,1,0,0,0,0,0,338.21933,0,0,0,338.21933
"methane_baseline.xmodel","manual_1637345578273",model_only,325,3,0,0,0,0,0,336.26749,0,0,0,336.26749
"methane_baseline.xmodel","manual_1637345578273",model_only,326,0,0,0,0,0,0,339.64821,0,0,0,339.64821
"methane_baseline.xmodel","manual_1637345578273",model_only,327,2,0,0,0,0,0,336.25968,0,0,0,336.25968
"methane_baseline.xmodel","manual_1637345578273",model_only,328,1,0,0,0,0,0,338.879,0,0,0,338.879
"methane_baseline.xmodel","manual_1637345578273",model_only,329,3,0,0,0,0,0,335.86032,0,0,0,335.86032
"methane_baseline.xmodel","manual_1637345578273",model_only,330,0,0,0,0,0,0,339.78429,0,0,0,339.78429
"methane_baseline.xmodel","manual_1637345578273",model_only,331,2,0,0,0,0,0,335.11735,0,0,0,335.11735
"methane_baseline.xmodel","manual_1637345578273",model_only,332,1,0,0,0,0,0,338.54201,0,0,0,338.54201
"methane_baseline.xmodel","manual_1637345578273",model_only,333,3,0,0,0,0,0,335.36114,0,0,0,335.36114
"methane_baseline.xmodel","manual_1637345578273",model_only,334,0,0,0,0,0,0,338.49662,0,0,0,338.49662
"methane_baseline.xmodel","manual_1637345578273",model_only,335,2,0,0,0,0,0,335.42437,0,0,0,335.42437
"methane_baseline.xmodel","manual_1637345578273",model_only,336,1,0,0,0,0,0,338.49055,0,0,0,338.49055
"methane_baseline.xmodel","manual_1637345578273",model_only,337,3,0,0,0,0,0,335.4453,0,0,0,335.4453
"methane_baseline.xmodel","manual_1637345578273",model_only,338,0,0,0,0,0,0,338.73336,0,0,0,338.73336
"methane_baseline.xmodel","manual_1637345578273",model_only,339,2,0,0,0,0,0,335.72257,0,0,0,335.72257
"methane_baseline.xmodel","manual_1637345578273",model_only,340,1,0,0,0,0,0,338.51245,0,0,0,338.51245
"methane_baseline.xmodel","manual_1637345578273",model_only,341,3,0,0,0,0,0,336.21822,0,0,0,336.21822
"methane_baseline.xmodel","manual_1637345578273",model_only,342,0,0,0,0,0,0,338.40525,0,0,0,338.40525
"methane_baseline.xmodel","manual_1637345578273",model_only,343,2,0,0,0,0,0,336.75642,0,0,0,336.75642
"methane_baseline.xmodel","manual_1637345578273",model_only,344,1,0,0,0,0,0,340.03023,0,0,0,340.03023
"methane_baseline.xmodel","manual_1637345578273",model_only,345,3,0,0,0,0,0,335.93189,0,0,0,335.93189
"methane_baseline.xmodel","manual_1637345578273",model_only,346,0,0,0,0,0,0,338.59067,0,0,0,338.59067
"methane_baseline.xmodel","manual_1637345578273",model_only,347,2,0,0,0,0,0,335.17094,0,0,0,335.17094
"methane_baseline.xmodel","manual_1637345578273",model_only,348,1,0,0,0,0,0,337.82722,0,0,0,337.82722
"methane_baseline.xmodel","manual_1637345578273",model_only,349,3,0,0,0,0,0,335.28854,0,0,0,335.28854
"methane_baseline.xmodel","manual_1637345578273",model_only,350,0,0,0,0,0,0,337.81171,0,0,0,337.81171
"methane_baseline.xmodel","manual_1637345578273",model_only,351,2,0,0,0,0,0,335.56017,0,0,0,335.56017
"methane_baseline.xmodel","manual_1637345578273",model_only,352,1,0,0,0,0,0,337.89578,0,0,0,337.89578
"methane_baseline.xmodel","manual_1637345578273",model_only,353,3,0,0,0,0,0,335.56201,0,0,0,335.56201
"methane_baseline.xmodel","manual_1637345578273",model_only,354,0,0,0,0,0,0,338.07453,0,0,0,338.07453
"methane_baseline.xmodel","manual_1637345578273",model_only,355,2,0,0,0,0,0,335.6191,0,0,0,335.6191
"methane_baseline.xmodel","manual_1637345578273",model_only,356,1,0,0,0,0,0,337.87013,0,0,0,337.87013
"methane_baseline.xmodel","manual_1637345578273",model_only,357,3,0,0,0,0,0,335.65064,0,0,0,335.65064
"methane_baseline.xmodel","manual_1637345578273",model_only,358,0,0,0,0,0,0,338.35225,0,0,0,338.35225
"methane_baseline.xmodel","manual_1637345578273",model_only,359,2,0,0,0,0,0,335.4629,0,0,0,335.4629
"methane_baseline.xmodel","manual_1637345578273",model_only,360,1,0,0,0,0,0,338.00758,0,0,0,338.00758
"methane_baseline.xmodel","manual_1637345578273",model_only,361,3,0,0,0,0,0,335.55388,0,0,0,335.55388
"methane_baseline.xmodel","manual_1637345578273",model_only,362,0,0,0,0,0,0,338.14012,0,0,0,338.14012
"methane_baseline.xmodel","manual_1637345578273",model_only,363,2,0,0,0,0,0,336.32006,0,0,0,336.32006
"methane_baseline.xmodel","manual_1637345578273",model_only,364,1,0,0,0,0,0,338.68292,0,0,0,338.68292
"methane_baseline.xmodel","manual_1637345578273",model_only,365,3,0,0,0,0,0,335.92568,0,0,0,335.92568
"methane_baseline.xmodel","manual_1637345578273",model_only,366,0,0,0,0,0,0,338.47488,0,0,0,338.47488
"methane_baseline.xmodel","manual_1637345578273",model_only,367,2,0,0,0,0,0,335.57124,0,0,0,335.57124
"methane_baseline.xmodel","manual_1637345578273",model_only,368,1,0,0,0,0,0,338.95986,0,0,0,338.95986
"methane_baseline.xmodel","manual_1637345578273",model_only,369,3,0,0,0,0,0,335.6102,0,0,0,335.6102
"methane_baseline.xmodel","manual_1637345578273",model_only,370,0,0,0,0,0,0,338.12408,0,0,0,338.12408
"methane_baseline.xmodel","manual_1637345578273",model_only,371,2,0,0,0,0,0,335.52229,0,0,0,335.52229
"methane_baseline.xmodel","manual_1637345578273",model_only,372,1,0,0,0,0,0,338.15526,0,0,0,338.15526
"methane_baseline.xmodel","manual_1637345578273",model_only,373,3,0,0,0,0,0,335.49081,0,0,0,335.49081
"methane_baseline.xmodel","manual_1637345578273",model_only,374,0,0,0,0,0,0,338.26832,0,0,0,338.26832
"methane_baseline.xmodel","manual_1637345578273",model_only,375,2,0,0,0,0,0,335.54586,0,0,0,335.54586
"methane_baseline.xmodel","manual_1637345578273",model_only,376,1,0,0,0,0,0,338.08924,0,0,0,338.08924
"methane_baseline.xmodel","manual_1637345578273",model_only,377,3,0,0,0,0,0,335.41335,0,0,0,335.41335
"methane_baseline.xmodel","manual_1637345578273",model_only,378,0,0,0,0,0,0,337.8625,0,0,0,337.8625
"methane_baseline.xmodel","manual_1637345578273",model_only,379,2,0,0,0,0,0,335.55181,0,0,0,335.55181
"methane_baseline.xmodel","manual_1637345578273",model_only,380,1,0,0,0,0,0,337.93308,0,0,0,337.93308
"methane_baseline.xmodel","manual_1637345578273",model_only,381,3,0,0,0,0,0,335.67759,0,0,0,335.67759
"methane_baseline.xmodel","manual_1637345578273",model_only,382,0,0,0,0,0,0,339.11743,0,0,0,339.11743
"methane_baseline.xmodel","manual_1637345578273",model_only,383,2,0,0,0,0,0,335.54478,0,0,0,335.54478
"methane_baseline.xmodel","manual_1637345578273",model_only,384,1,0,0,0,0,0,339.53987,0,0,0,339.53987
"methane_baseline.xmodel","manual_1637345578273",model_only,385,3,0,0,0,0,0,335.33873,0,0,0,335.33873
"methane_baseline.xmodel","manual_1637345578273",model_only,386,0,0,0,0,0,0,338.24772,0,0,0,338.24772
"methane_baseline.xmodel","manual_1637345578273",model_only,387,2,0,0,0,0,0,335.16263,0,0,0,335.16263
"methane_baseline.xmodel","manual_1637345578273",model_only,388,1,0,0,0,0,0,337.93579,0,0,0,337.93579
"methane_baseline.xmodel","manual_1637345578273",model_only,389,3,0,0,0,0,0,334.9817,0,0,0,334.9817
"methane_baseline.xmodel","manual_1637345578273",model_only,390,0,0,0,0,0,0,338.01646,0,0,0,338.01646
"methane_baseline.xmodel","manual_1637345578273",model_only,391,2,0,0,0,0,0,335.00981,0,0,0,335.00981
"methane_baseline.xmodel","manual_1637345578273",model_only,392,1,0,0,0,0,0,337.81638,0,0,0,337.81638
"methane_baseline.xmodel","manual_1637345578273",model_only,393,3,0,0,0,0,0,334.77752,0,0,0,334.77752
"methane_baseline.xmodel","manual_1637345578273",model_only,394,0,0,0,0,0,0,337.88349,0,0,0,337.88349
"methane_baseline.xmodel","manual_1637345578273",model_only,395,2,0,0,0,0,0,334.96348,0,0,0,334.96348
"methane_baseline.xmodel","manual_1637345578273",model_only,396,1,0,0,0,0,0,338.0064,0,0,0,338.0064
"methane_baseline.xmodel","manual_1637345578273",model_only,397,3,0,0,0,0,0,335.03811,0,0,0,335.03811
"methane_baseline.xmodel","manual_1637345578273",model_only,398,0,0,0,0,0,0,338.05249,0,0,0,338.05249
"methane_baseline.xmodel","manual_1637345578273",model_only,399,2,0,0,0,0,0,334.98814,0,0,0,334.98814
"methane_baseline.xmodel","manual_1637345578273",model_only,400,1,0,0,0,0,0,337.96731,0,0,0,337.96731
"methane_baseline.xmodel","manual_1637345578273",model_only,401,3,0,0,0,0,0,334.76658,0,0,0,334.76658
"methane_baseline.xmodel","manual_1637345578273",model_only,402,0,0,0,0,0,0,338.11429,0,0,0,338.11429
"methane_baseline.xmodel","manual_1637345578273",model_only,403,2,0,0,0,0,0,334.8751,0,0,0,334.8751
"methane_baseline.xmodel","manual_1637345578273",model_only,404,1,0,0,0,0,0,338.07278,0,0,0,338.07278
"methane_baseline.xmodel","manual_1637345578273",model_only,405,3,0,0,0,0,0,334.62069,0,0,0,334.62069
"methane_baseline.xmodel","manual_1637345578273",model_only,406,0,0,0,0,0,0,338.38461,0,0,0,338.38461
"methane_baseline.xmodel","manual_1637345578273",model_only,407,2,0,0,0,0,0,334.89543,0,0,0,334.89543
"methane_baseline.xmodel","manual_1637345578273",model_only,408,1,0,0,0,0,0,338.10269,0,0,0,338.10269
"methane_baseline.xmodel","manual_1637345578273",model_only,409,3,0,0,0,0,0,334.78353,0,0,0,334.78353
"methane_baseline.xmodel","manual_1637345578273",model_only,410,0,0,0,0,0,0,338.21765,0,0,0,338.21765
"methane_baseline.xmodel","manual_1637345578273",model_only,411,2,0,0,0,0,0,335.03979,0,0,0,335.03979
"methane_baseline.xmodel","manual_1637345578273",model_only,412,1,0,0,0,0,0,338.55079,0,0,0,338.55079
"methane_baseline.xmodel","manual_1637345578273",model_only,413,3,0,0,0,0,0,335.51347,0,0,0,335.51347
"methane_baseline.xmodel","manual_1637345578273",model_only,414,0,0,0,0,0,0,341.54489,0,0,0,341.54489
"methane_baseline.xmodel","manual_1637345578273",model_only,415,2,0,0,0,0,0,335.49286,0,0,0,335.49286
"methane_baseline.xmodel","manual_1637345578273",model_only,416,1,0,0,0,0,0,338.48934,0,0,0,338.48934
"methane_baseline.xmodel","manual_1637345578273",model_only,417,3,0,0,0,0,0,335.25434,0,0,0,335.25434
"methane_baseline.xmodel","manual_1637345578273",model_only,418,0,0,0,0,0,0,338.73853,0,0,0,338.73853
"methane_baseline.xmodel","manual_1637345578273",model_only,419,2,0,0,0,0,0,335.24534,0,0,0,335.24534
"methane_baseline.xmodel","manual_1637345578273",model_only,420,1,0,0,0,0,0,338.55696,0,0,0,338.55696
"methane_baseline.xmodel","manual_1637345578273",model_only,421,3,0,0,0,0,0,335.39235,0,0,0,335.39235
"methane_baseline.xmodel","manual_1637345578273",model_only,422,0,0,0,0,0,0,338.58245,0,0,0,338.58245
"methane_baseline.xmodel","manual_1637345578273",model_only,423,2,0,0,0,0,0,335.34537,0,0,0,335.34537
"methane_baseline.xmodel","manual_1637345578273",model_only,424,1,0,0,0,0,0,338.65717,0,0,0,338.65717
"methane_baseline.xmodel","manual_1637345578273",model_only,425,3,0,0,0,0,0,335.41543,0,0,0,335.41543
"methane_baseline.xmodel","manual_1637345578273",model_only,426,0,0,0,0,0,0,339.07347,0,0,0,339.07347
"methane_baseline.xmodel","manual_1637345578273",model_only,427,2,0,0,0,0,0,335.34405,0,0,0,335.34405
"methane_baseline.xmodel","manual_1637345578273",model_only,428,1,0,0,0,0,0,339.02622,0,0,0,339.02622
"methane_baseline.xmodel","manual_1637345578273",model_only,429,3,0,0,0,0,0,335.39374,0,0,0,335.39374
"methane_baseline.xmodel","manual_1637345578273",model_only,430,0,0,0,0,0,0,338.86329,0,0,0,338.86329
"methane_baseline.xmodel","manual_1637345578273",model_only,431,2,0,0,0,0,0,335.4751,0,0,0,335.4751
"methane_baseline.xmodel","manual_1637345578273",model_only,432,1,0,0,0,0,0,339.07246,0,0,0,339.07246
"methane_baseline.xmodel","manual_1637345578273",model_only,433,3,0,0,0,0,0,335.61719,0,0,0,335.61719
"methane_baseline.xmodel","manual_1637345578273",model_only,434,0,0,0,0,0,0,339.85418,0,0,0,339.85418
"methane_baseline.xmodel","manual_1637345578273",model_only,435,2,0,0,0,0,0,335.5765,0,0,0,335.5765
"methane_baseline.xmodel","manual_1637345578273",model_only,436,1,0,0,0,0,0,339.67365,0,0,0,339.67365
"methane_baseline.xmodel","manual_1637345578273",model_only,437,3,0,0,0,0,0,335.65998,0,0,0,335.65998
"methane_baseline.xmodel","manual_1637345578273",model_only,438,0,0,0,0,0,0,339.58768,0,0,0,339.58768
"methane_baseline.xmodel","manual_1637345578273",model_only,439,2,0,0,0,0,0,335.98816,0,0,0,335.98816
"methane_baseline.xmodel","manual_1637345578273",model_only,440,1,0,0,0,0,0,339.44,0,0,0,339.44
"methane_baseline.xmodel","manual_1637345578273",model_only,441,3,0,0,0,0,0,335.99057,0,0,0,335.99057
"methane_baseline.xmodel","manual_1637345578273",model_only,442,0,0,0,0,0,0,340.79137,0,0,0,340.79137
"methane_baseline.xmodel","manual_1637345578273",model_only,443,2,0,0,0,0,0,336.99828,0,0,0,336.99828
"methane_baseline.xmodel","manual_1637345578273",model_only,444,3,0,0,0,0,0,337.23184,0,0,0,337.23184
"methane_baseline.xmodel","manual_1637345578273",model_only,445,1,0,0,0,0,0,340.05528,0,0,0,340.05528
"methane_baseline.xmodel","manual_1637345578273",model_only,446,2,0,0,0,0,0,335.98527,0,0,0,335.98527
"methane_baseline.xmodel","manual_1637345578273",model_only,447,0,0,0,0,0,0,339.90971,0,0,0,339.90971
"methane_baseline.xmodel","manual_1637345578273",model_only,448,3,0,0,0,0,0,335.77222,0,0,0,335.77222
"methane_baseline.xmodel","manual_1637345578273",model_only,449,1,0,0,0,0,0,339.47216,0,0,0,339.47216
"methane_baseline.xmodel","manual_1637345578273",model_only,450,2,0,0,0,0,0,336.07049,0,0,0,336.07049
"methane_baseline.xmodel","manual_1637345578273",model_only,451,0,0,0,0,0,0,339.12879,0,0,0,339.12879
"methane_baseline.xmodel","manual_1637345578273",model_only,452,3,0,0,0,0,0,336.01438,0,0,0,336.01438
"methane_baseline.xmodel","manual_1637345578273",model_only,453,1,0,0,0,0,0,338.9907,0,0,0,338.9907
"methane_baseline.xmodel","manual_1637345578273",model_only,454,2,0,0,0,0,0,336.02573,0,0,0,336.02573
"methane_baseline.xmodel","manual_1637345578273",model_only,455,0,0,0,0,0,0,339.17838,0,0,0,339.17838
"methane_baseline.xmodel","manual_1637345578273",model_only,456,3,0,0,0,0,0,336.39322,0,0,0,336.39322
"methane_baseline.xmodel","manual_1637345578273",model_only,457,1,0,0,0,0,0,339.15862,0,0,0,339.15862
"methane_baseline.xmodel","manual_1637345578273",model_only,458,2,0,0,0,0,0,335.95852,0,0,0,335.95852
"methane_baseline.xmodel","manual_1637345578273",model_only,459,0,0,0,0,0,0,339.04509,0,0,0,339.04509
"methane_baseline.xmodel","manual_1637345578273",model_only,460,3,0,0,0,0,0,335.31129,0,0,0,335.31129
"methane_baseline.xmodel","manual_1637345578273",model_only,461,1,0,0,0,0,0,338.83238,0,0,0,338.83238
"methane_baseline.xmodel","manual_1637345578273",model_only,462,2,0,0,0,0,0,335.49624,0,0,0,335.49624
"methane_baseline.xmodel","manual_1637345578273",model_only,463,0,0,0,0,0,0,339.03276,0,0,0,339.03276
"methane_baseline.xmodel","manual_1637345578273",model_only,464,3,0,0,0,0,0,335.55576,0,0,0,335.55576
"methane_baseline.xmodel","manual_1637345578273",model_only,465,1,0,0,0,0,0,338.53931,0,0,0,338.53931
"methane_baseline.xmodel","manual_1637345578273",model_only,466,2,0,0,0,0,0,335.37951,0,0,0,335.37951
"methane_baseline.xmodel","manual_1637345578273",model_only,467,0,0,0,0,0,0,338.71272,0,0,0,338.71272
"methane_baseline.xmodel","manual_1637345578273",model_only,468,3,0,0,0,0,0,335.29865,0,0,0,335.29865
"methane_baseline.xmodel","manual_1637345578273",model_only,469,1,0,0,0,0,0,338.54054,0,0,0,338.54054
"methane_baseline.xmodel","manual_1637345578273",model_only,470,2,0,0,0,0,0,335.30752,0,0,0,335.30752
"methane_baseline.xmodel","manual_1637345578273",model_only,471,0,0,0,0,0,0,338.7999,0,0,0,338.7999
"methane_baseline.xmodel","manual_1637345578273",model_only,472,3,0,0,0,0,0,335.54568,0,0,0,335.54568
"methane_baseline.xmodel","manual_1637345578273",model_only,473,1,0,0,0,0,0,338.63424,0,0,0,338.63424
"methane_baseline.xmodel","manual_1637345578273",model_only,474,2,0,0,0,0,0,337.29167,0,0,0,337.29167
"methane_baseline.xmodel","manual_1637345578273",model_only,475,0,0,0,0,0,0,338.84128,0,0,0,338.84128
"methane_baseline.xmodel","manual_1637345578273",model_only,476,3,0,0,0,0,0,337.45887,0,0,0,337.45887
"methane_baseline.xmodel","manual_1637345578273",model_only,477,1,0,0,0,0,0,338.41933,0,0,0,338.41933
"methane_baseline.xmodel","manual_1637345578273",model_only,478,2,0,0,0,0,0,337.91112,0,0,0,337.91112
"methane_baseline.xmodel","manual_1637345578273",model_only,479,0,0,0,0,0,0,338.83654,0,0,0,338.83654
"methane_baseline.xmodel","manual_1637345578273",model_only,480,3,0,0,0,0,0,336.87747,0,0,0,336.87747
"methane_baseline.xmodel","manual_1637345578273",model_only,481,1,0,0,0,0,0,338.29089,0,0,0,338.29089
"methane_baseline.xmodel","manual_1637345578273",model_only,482,2,0,0,0,0,0,335.95492,0,0,0,335.95492
"methane_baseline.xmodel","manual_1637345578273",model_only,483,0,0,0,0,0,0,338.67467,0,0,0,338.67467
"methane_baseline.xmodel","manual_1637345578273",model_only,484,3,0,0,0,0,0,335.5052,0,0,0,335.5052
"methane_baseline.xmodel","manual_1637345578273",model_only,485,1,0,0,0,0,0,338.58972,0,0,0,338.58972
"methane_baseline.xmodel","manual_1637345578273",model_only,486,2,0,0,0,0,0,335.22377,0,0,0,335.22377
"methane_baseline.xmodel","manual_1637345578273",model_only,487,0,0,0,0,0,0,337.848,0,0,0,337.848
"methane_baseline.xmodel","manual_1637345578273",model_only,488,3,0,0,0,0,0,335.35501,0,0,0,335.35501
"methane_baseline.xmodel","manual_1637345578273",model_only,489,1,0,0,0,0,0,337.71164,0,0,0,337.71164
"methane_baseline.xmodel","manual_1637345578273",model_only,490,2,0,0,0,0,0,335.4202,0,0,0,335.4202
"methane_baseline.xmodel","manual_1637345578273",model_only,491,0,0,0,0,0,0,337.88314,0,0,0,337.88314
"methane_baseline.xmodel","manual_1637345578273",model_only,492,3,0,0,0,0,0,335.05007,0,0,0,335.05007
"methane_baseline.xmodel","manual_1637345578273",model_only,493,1,0,0,0,0,0,337.71671,0,0,0,337.71671
"methane_baseline.xmodel","manual_1637345578273",model_only,494,2,0,0,0,0,0,335.23533,0,0,0,335.23533
"methane_baseline.xmodel","manual_1637345578273",model_only,495,0,0,0,0,0,0,337.72297,0,0,0,337.72297
"methane_baseline.xmodel","manual_1637345578273",model_only,496,3,0,0,0,0,0,334.9694,0,0,0,334.9694
"methane_baseline.xmodel","manual_1637345578273",model_only,497,1,0,0,0,0,0,337.655,0,0,0,337.655
"methane_baseline.xmodel","manual_1637345578273",model_only,498,2,0,0,0,0,0,334.61122,0,0,0,334.61122
"methane_baseline.xmodel","manual_1637345578273",model_only,499,0,0,0,0,0,0,337.67652,0,0,0,337.67652
"methane_baseline.xmodel","manual_1637345578273",model_only,500,3,0,0,0,0,0,334.81933,0,0,0,334.81933
"methane_baseline.xmodel","manual_1637345578273",model_only,501,1,0,0,0,0,0,338.06814,0,0,0,338.06814
"methane_baseline.xmodel","manual_1637345578273",model_only,502,2,0,0,0,0,0,334.86308,0,0,0,334.86308
"methane_baseline.xmodel","manual_1637345578273",model_only,503,0,0,0,0,0,0,337.97542,0,0,0,337.97542
"methane_baseline.xmodel","manual_1637345578273",model_only,504,3,0,0,0,0,0,334.63773,0,0,0,334.63773
"methane_baseline.xmodel","manual_1637345578273",model_only,505,1,0,0,0,0,0,337.59069,0,0,0,337.59069
"methane_baseline.xmodel","manual_1637345578273",model_only,506,2,0,0,0,0,0,334.87832,0,0,0,334.87832
"methane_baseline.xmodel","manual_1637345578273",model_only,507,0,0,0,0,0,0,337.7164,0,0,0,337.7164
"methane_baseline.xmodel","manual_1637345578273",model_only,508,3,0,0,0,0,0,334.96536,0,0,0,334.96536
"methane_baseline.xmodel","manual_1637345578273",model_only,509,1,0,0,0,0,0,337.57876,0,0,0,337.57876
"methane_baseline.xmodel","manual_1637345578273",model_only,510,2,0,0,0,0,0,335.08388,0,0,0,335.08388
"methane_baseline.xmodel","manual_1637345578273",model_only,511,0,0,0,0,0,0,337.7654,0,0,0,337.7654
"methane_baseline.xmodel","manual_1637345578273",model_only,512,3,0,0,0,0,0,334.99283,0,0,0,334.99283
"methane_baseline.xmodel","manual_1637345578273",model_only,513,1,0,0,0,0,0,337.60458,0,0,0,337.60458
"methane_baseline.xmodel","manual_1637345578273",model_only,514,2,0,0,0,0,0,335.2601,0,0,0,335.2601
"methane_baseline.xmodel","manual_1637345578273",model_only,515,0,0,0,0,0,0,337.86959,0,0,0,337.86959
"methane_baseline.xmodel","manual_1637345578273",model_only,516,3,0,0,0,0,0,336.46473,0,0,0,336.46473
"methane_baseline.xmodel","manual_1637345578273",model_only,517,1,0,0,0,0,0,338.30156,0,0,0,338.30156
"methane_baseline.xmodel","manual_1637345578273",model_only,518,2,0,0,0,0,0,336.58845,0,0,0,336.58845
"methane_baseline.xmodel","manual_1637345578273",model_only,519,0,0,0,0,0,0,338.67085,0,0,0,338.67085
"methane_baseline.xmodel","manual_1637345578273",model_only,520,3,0,0,0,0,0,334.93662,0,0,0,334.93662
"methane_baseline.xmodel","manual_1637345578273",model_only,521,1,0,0,0,0,0,338.69824,0,0,0,338.69824
"methane_baseline.xmodel","manual_1637345578273",model_only,522,2,0,0,0,0,0,335.156,0,0,0,335.156
"methane_baseline.xmodel","manual_1637345578273",model_only,523,0,0,0,0,0,0,338.522,0,0,0,338.522
"methane_baseline.xmodel","manual_1637345578273",model_only,524,3,0,0,0,0,0,335.03271,0,0,0,335.03271
"methane_baseline.xmodel","manual_1637345578273",model_only,525,1,0,0,0,0,0,338.6222,0,0,0,338.6222
"methane_baseline.xmodel","manual_1637345578273",model_only,526,2,0,0,0,0,0,334.78025,0,0,0,334.78025
"methane_baseline.xmodel","manual_1637345578273",model_only,527,0,0,0,0,0,0,338.42308,0,0,0,338.42308
"methane_baseline.xmodel","manual_1637345578273",model_only,528,3,0,0,0,0,0,334.81938,0,0,0,334.81938
"methane_baseline.xmodel","manual_1637345578273",model_only,529,1,0,0,0,0,0,338.34474,0,0,0,338.34474
"methane_baseline.xmodel","manual_1637345578273",model_only,530,2,0,0,0,0,0,335.13942,0,0,0,335.13942
"methane_baseline.xmodel","manual_1637345578273",model_only,531,0,0,0,0,0,0,338.67616,0,0,0,338.67616
"methane_baseline.xmodel","manual_1637345578273",model_only,532,3,0,0,0,0,0,335.23394,0,0,0,335.23394
"methane_baseline.xmodel","manual_1637345578273",model_only,533,1,0,0,0,0,0,338.76422,0,0,0,338.76422
"methane_baseline.xmodel","manual_1637345578273",model_only,534,2,0,0,0,0,0,335.31412,0,0,0,335.31412
"methane_baseline.xmodel","manual_1637345578273",model_only,535,0,0,0,0,0,0,338.42404,0,0,0,338.42404
"methane_baseline.xmodel","manual_1637345578273",model_only,536,3,0,0,0,0,0,334.98361,0,0,0,334.98361
"methane_baseline.xmodel","manual_1637345578273",model_only,537,1,0,0,0,0,0,338.36634,0,0,0,338.36634
"methane_baseline.xmodel","manual_1637345578273",model_only,538,2,0,0,0,0,0,335.00749,0,0,0,335.00749
"methane_baseline.xmodel","manual_1637345578273",model_only,539,0,0,0,0,0,0,338.41779,0,0,0,338.41779
"methane_baseline.xmodel","manual_1637345578273",model_only,540,3,0,0,0,0,0,335.11437,0,0,0,335.11437
"methane_baseline.xmodel","manual_1637345578273",model_only,541,1,0,0,0,0,0,338.80056,0,0,0,338.80056
"methane_baseline.xmodel","manual_1637345578273",model_only,542,2,0,0,0,0,0,335.10003,0,0,0,335.10003
"methane_baseline.xmodel","manual_1637345578273",model_only,543,0,0,0,0,0,0,338.57782,0,0,0,338.57782
"methane_baseline.xmodel","manual_1637345578273",model_only,544,3,0,0,0,0,0,334.83937,0,0,0,334.83937
"methane_baseline.xmodel","manual_1637345578273",model_only,545,1,0,0,0,0,0,338.52695,0,0,0,338.52695
"methane_baseline.xmodel","manual_1637345578273",model_only,546,2,0,0,0,0,0,335.57471,0,0,0,335.57471
"methane_baseline.xmodel","manual_1637345578273",model_only,547,0,0,0,0,0,0,338.54954,0,0,0,338.54954
"methane_baseline.xmodel","manual_1637345578273",model_only,548,3,0,0,0,0,0,336.56654,0,0,0,336.56654
"methane_baseline.xmodel","manual_1637345578273",model_only,549,1,0,0,0,0,0,338.66855,0,0,0,338.66855
"methane_baseline.xmodel","manual_1637345578273",model_only,550,2,0,0,0,0,0,335.39703,0,0,0,335.39703
"methane_baseline.xmodel","manual_1637345578273",model_only,551,0,0,0,0,0,0,340.15703,0,0,0,340.15703
"methane_baseline.xmodel","manual_1637345578273",model_only,552,3,0,0,0,0,0,335.19328,0,0,0,335.19328
"methane_baseline.xmodel","manual_1637345578273",model_only,553,1,0,0,0,0,0,338.69653,0,0,0,338.69653
"methane_baseline.xmodel","manual_1637345578273",model_only,554,2,0,0,0,0,0,335.33545,0,0,0,335.33545
"methane_baseline.xmodel","manual_1637345578273",model_only,555,0,0,0,0,0,0,338.37464,0,0,0,338.37464
"methane_baseline.xmodel","manual_1637345578273",model_only,556,3,0,0,0,0,0,335.5454,0,0,0,335.5454
"methane_baseline.xmodel","manual_1637345578273",model_only,557,1,0,0,0,0,0,338.55234,0,0,0,338.55234
"methane_baseline.xmodel","manual_1637345578273",model_only,558,2,0,0,0,0,0,335.337,0,0,0,335.337
"methane_baseline.xmodel","manual_1637345578273",model_only,559,0,0,0,0,0,0,338.60349,0,0,0,338.60349
"methane_baseline.xmodel","manual_1637345578273",model_only,560,3,0,0,0,0,0,335.69539,0,0,0,335.69539
"methane_baseline.xmodel","manual_1637345578273",model_only,561,1,0,0,0,0,0,338.33907,0,0,0,338.33907
"methane_baseline.xmodel","manual_1637345578273",model_only,562,2,0,0,0,0,0,335.94023,0,0,0,335.94023
"methane_baseline.xmodel","manual_1637345578273",model_only,563,0,0,0,0,0,0,338.49278,0,0,0,338.49278
"methane_baseline.xmodel","manual_1637345578273",model_only,564,3,0,0,0,0,0,336.66764,0,0,0,336.66764
"methane_baseline.xmodel","manual_1637345578273",model_only,565,1,0,0,0,0,0,340.27508,0,0,0,340.27508
"methane_baseline.xmodel","manual_1637345578273",model_only,566,2,0,0,0,0,0,335.86406,0,0,0,335.86406
"methane_baseline.xmodel","manual_1637345578273",model_only,567,0,0,0,0,0,0,338.85097,0,0,0,338.85097
"methane_baseline.xmodel","manual_1637345578273",model_only,568,3,0,0,0,0,0,335.33443,0,0,0,335.33443
"methane_baseline.xmodel","manual_1637345578273",model_only,569,1,0,0,0,0,0,337.79858,0,0,0,337.79858
"methane_baseline.xmodel","manual_1637345578273",model_only,570,2,0,0,0,0,0,335.35197,0,0,0,335.35197
"methane_baseline.xmodel","manual_1637345578273",model_only,571,0,0,0,0,0,0,337.77233,0,0,0,337.77233
"methane_baseline.xmodel","manual_1637345578273",model_only,572,3,0,0,0,0,0,335.58595,0,0,0,335.58595
"methane_baseline.xmodel","manual_1637345578273",model_only,573,1,0,0,0,0,0,337.9655,0,0,0,337.9655
"methane_baseline.xmodel","manual_1637345578273",model_only,574,2,0,0,0,0,0,335.57037,0,0,0,335.57037
"methane_baseline.xmodel","manual_1637345578273",model_only,575,0,0,0,0,0,0,337.77245,0,0,0,337.77245
"methane_baseline.xmodel","manual_1637345578273",model_only,576,3,0,0,0,0,0,335.68541,0,0,0,335.68541
"methane_baseline.xmodel","manual_1637345578273",model_only,577,1,0,0,0,0,0,338.02123,0,0,0,338.02123
"methane_baseline.xmodel","manual_1637345578273",model_only,578,2,0,0,0,0,0,335.73029,0,0,0,335.73029
"methane_baseline.xmodel","manual_1637345578273",model_only,579,0,0,0,0,0,0,338.11316,0,0,0,338.11316
"methane_baseline.xmodel","manual_1637345578273",model_only,580,3,0,0,0,0,0,335.59065,0,0,0,335.59065
"methane_baseline.xmodel","manual_1637345578273",model_only,581,1,0,0,0,0,0,338.05738,0,0,0,338.05738
"methane_baseline.xmodel","manual_1637345578273",model_only,582,2,0,0,0,0,0,335.52041,0,0,0,335.52041
"methane_baseline.xmodel","manual_1637345578273",model_only,583,0,0,0,0,0,0,338.0665,0,0,0,338.0665
"methane_baseline.xmodel","manual_1637345578273",model_only,584,3,0,0,0,0,0,336.02391,0,0,0,336.02391
"methane_baseline.xmodel","manual_1637345578273",model_only,585,1,0,0,0,0,0,338.17692,0,0,0,338.17692
"methane_baseline.xmodel","manual_1637345578273",model_only,586,2,0,0,0,0,0,335.97498,0,0,0,335.97498
"methane_baseline.xmodel","manual_1637345578273",model_only,587,0,0,0,0,0,0,338.39327,0,0,0,338.39327
"methane_baseline.xmodel","manual_1637345578273",model_only,588,3,0,0,0,0,0,335.42247,0,0,0,335.42247
"methane_baseline.xmodel","manual_1637345578273",model_only,589,1,0,0,0,0,0,338.9347,0,0,0,338.9347
"methane_baseline.xmodel","manual_1637345578273",model_only,590,2,0,0,0,0,0,335.34708,0,0,0,335.34708
"methane_baseline.xmodel","manual_1637345578273",model_only,591,0,0,0,0,0,0,338.16413,0,0,0,338.16413
"methane_baseline.xmodel","manual_1637345578273",model_only,592,3,0,0,0,0,0,335.67135,0,0,0,335.67135
"methane_baseline.xmodel","manual_1637345578273",model_only,593,1,0,0,0,0,0,338.16983,0,0,0,338.16983
"methane_baseline.xmodel","manual_1637345578273",model_only,594,2,0,0,0,0,0,335.58456,0,0,0,335.58456
"methane_baseline.xmodel","manual_1637345578273",model_only,595,0,0,0,0,0,0,338.0641,0,0,0,338.0641
"methane_baseline.xmodel","manual_1637345578273",model_only,596,3,0,0,0,0,0,335.54621,0,0,0,335.54621
"methane_baseline.xmodel","manual_1637345578273",model_only,597,1,0,0,0,0,0,337.98594,0,0,0,337.98594
"methane_baseline.xmodel","manual_1637345578273",model_only,598,2,0,0,0,0,0,335.62172,0,0,0,335.62172
"methane_baseline.xmodel","manual_1637345578273",model_only,599,0,0,0,0,0,0,338.02215,0,0,0,338.02215
"methane_baseline.xmodel","manual_1637345578273",model_only,600,3,0,0,0,0,0,335.55656,0,0,0,335.55656
"methane_baseline.xmodel","manual_1637345578273",model_only,601,1,0,0,0,0,0,337.77613,0,0,0,337.77613
"methane_baseline.xmodel","manual_1637345578273",model_only,602,2,0,0,0,0,0,335.56483,0,0,0,335.56483
"methane_baseline.xmodel","manual_1637345578273",model_only,603,0,0,0,0,0,0,338.20951,0,0,0,338.20951
"methane_baseline.xmodel","manual_1637345578273",model_only,604,3,0,0,0,0,0,335.50898,0,0,0,335.50898
"methane_baseline.xmodel","manual_1637345578273",model_only,605,1,0,0,0,0,0,340.49376,0,0,0,340.49376
"methane_baseline.xmodel","manual_1637345578273",model_only,606,2,0,0,0,0,0,335.84489,0,0,0,335.84489
"methane_baseline.xmodel","manual_1637345578273",model_only,607,0,0,0,0,0,0,338.47741,0,0,0,338.47741
"methane_baseline.xmodel","manual_1637345578273",model_only,608,3,0,0,0,0,0,335.19208,0,0,0,335.19208
"methane_baseline.xmodel","manual_1637345578273",model_only,609,1,0,0,0,0,0,337.83847,0,0,0,337.83847
"methane_baseline.xmodel","manual_1637345578273",model_only,610,2,0,0,0,0,0,334.81812,0,0,0,334.81812
"methane_baseline.xmodel","manual_1637345578273",model_only,611,0,0,0,0,0,0,337.98797,0,0,0,337.98797
"methane_baseline.xmodel","manual_1637345578273",model_only,612,3,0,0,0,0,0,335.02925,0,0,0,335.02925
"methane_baseline.xmodel","manual_1637345578273",model_only,613,1,0,0,0,0,0,337.94454,0,0,0,337.94454
"methane_baseline.xmodel","manual_1637345578273",model_only,614,2,0,0,0,0,0,335.03563,0,0,0,335.03563
"methane_baseline.xmodel","manual_1637345578273",model_only,615,0,0,0,0,0,0,337.94039,0,0,0,337.94039
"methane_baseline.xmodel","manual_1637345578273",model_only,616,3,0,0,0,0,0,334.82388,0,0,0,334.82388
"methane_baseline.xmodel","manual_1637345578273",model_only,617,1,0,0,0,0,0,337.73753,0,0,0,337.73753
"methane_baseline.xmodel","manual_1637345578273",model_only,618,2,0,0,0,0,0,334.89463,0,0,0,334.89463
"methane_baseline.xmodel","manual_1637345578273",model_only,619,0,0,0,0,0,0,337.93877,0,0,0,337.93877
"methane_baseline.xmodel","manual_1637345578273",model_only,620,3,0,0,0,0,0,335.12506,0,0,0,335.12506
"methane_baseline.xmodel","manual_1637345578273",model_only,621,1,0,0,0,0,0,337.77888,0,0,0,337.77888
"methane_baseline.xmodel","manual_1637345578273",model_only,622,2,0,0,0,0,0,334.93223,0,0,0,334.93223
"methane_baseline.xmodel","manual_1637345578273",model_only,623,0,0,0,0,0,0,338.14497,0,0,0,338.14497
"methane_baseline.xmodel","manual_1637345578273",model_only,624,3,0,0,0,0,0,334.64616,0,0,0,334.64616
"methane_baseline.xmodel","manual_1637345578273",model_only,625,1,0,0,0,0,0,338.24506,0,0,0,338.24506
"methane_baseline.xmodel","manual_1637345578273",model_only,626,2,0,0,0,0,0,334.67025,0,0,0,334.67025
"methane_baseline.xmodel","manual_1637345578273",model_only,627,0,0,0,0,0,0,338.4071,0,0,0,338.4071
"methane_baseline.xmodel","manual_1637345578273",model_only,628,3,0,0,0,0,0,334.79327,0,0,0,334.79327
"methane_baseline.xmodel","manual_1637345578273",model_only,629,1,0,0,0,0,0,338.31969,0,0,0,338.31969
"methane_baseline.xmodel","manual_1637345578273",model_only,630,2,0,0,0,0,0,334.65168,0,0,0,334.65168
"methane_baseline.xmodel","manual_1637345578273",model_only,631,0,0,0,0,0,0,338.26217,0,0,0,338.26217
"methane_baseline.xmodel","manual_1637345578273",model_only,632,3,0,0,0,0,0,334.79563,0,0,0,334.79563
"methane_baseline.xmodel","manual_1637345578273",model_only,633,1,0,0,0,0,0,338.45382,0,0,0,338.45382
"methane_baseline.xmodel","manual_1637345578273",model_only,634,2,0,0,0,0,0,335.52266,0,0,0,335.52266
"methane_baseline.xmodel","manual_1637345578273",model_only,635,0,0,0,0,0,0,339.30383,0,0,0,339.30383
"methane_baseline.xmodel","manual_1637345578273",model_only,636,3,0,0,0,0,0,334.76122,0,0,0,334.76122
"methane_baseline.xmodel","manual_1637345578273",model_only,637,1,0,0,0,0,0,340.06435,0,0,0,340.06435
"methane_baseline.xmodel","manual_1637345578273",model_only,638,2,0,0,0,0,0,335.19703,0,0,0,335.19703
"methane_baseline.xmodel","manual_1637345578273",model_only,639,0,0,0,0,0,0,338.72979,0,0,0,338.72979
"methane_baseline.xmodel","manual_1637345578273",model_only,640,3,0,0,0,0,0,335.36825,0,0,0,335.36825
"methane_baseline.xmodel","manual_1637345578273",model_only,641,1,0,0,0,0,0,338.7032,0,0,0,338.7032
"methane_baseline.xmodel","manual_1637345578273",model_only,642,2,0,0,0,0,0,335.27618,0,0,0,335.27618
"methane_baseline.xmodel","manual_1637345578273",model_only,643,0,0,0,0,0,0,338.5547,0,0,0,338.5547
"methane_baseline.xmodel","manual_1637345578273",model_only,644,3,0,0,0,0,0,335.27462,0,0,0,335.27462
"methane_baseline.xmodel","manual_1637345578273",model_only,645,1,0,0,0,0,0,338.49793,0,0,0,338.49793
"methane_baseline.xmodel","manual_1637345578273",model_only,646,2,0,0,0,0,0,335.23138,0,0,0,335.23138
"methane_baseline.xmodel","manual_1637345578273",model_only,647,0,0,0,0,0,0,338.8391,0,0,0,338.8391
"methane_baseline.xmodel","manual_1637345578273",model_only,648,3,0,0,0,0,0,335.46371,0,0,0,335.46371
"methane_baseline.xmodel","manual_1637345578273",model_only,649,1,0,0,0,0,0,338.8001,0,0,0,338.8001
"methane_baseline.xmodel","manual_1637345578273",model_only,650,2,0,0,0,0,0,335.29599,0,0,0,335.29599
"methane_baseline.xmodel","manual_1637345578273",model_only,651,0,0,0,0,0,0,338.98993,0,0,0,338.98993
"methane_baseline.xmodel","manual_1637345578273",model_only,652,3,0,0,0,0,0,335.47986,0,0,0,335.47986
"methane_baseline.xmodel","manual_1637345578273",model_only,653,1,0,0,0,0,0,339.18167,0,0,0,339.18167
"methane_baseline.xmodel","manual_1637345578273",model_only,654,2,0,0,0,0,0,335.44661,0,0,0,335.44661
"methane_baseline.xmodel","manual_1637345578273",model_only,655,0,0,0,0,0,0,339.71576,0,0,0,339.71576
"methane_baseline.xmodel","manual_1637345578273",model_only,656,3,0,0,0,0,0,335.6083,0,0,0,335.6083
"methane_baseline.xmodel","manual_1637345578273",model_only,657,1,0,0,0,0,0,339.51398,0,0,0,339.51398
"methane_baseline.xmodel","manual_1637345578273",model_only,658,2,0,0,0,0,0,335.60668,0,0,0,335.60668
"methane_baseline.xmodel","manual_1637345578273",model_only,659,0,0,0,0,0,0,339.57602,0,0,0,339.57602
"methane_baseline.xmodel","manual_1637345578273",model_only,660,3,0,0,0,0,0,335.62723,0,0,0,335.62723
"methane_baseline.xmodel","manual_1637345578273",model_only,661,1,0,0,0,0,0,339.51643,0,0,0,339.51643
"methane_baseline.xmodel","manual_1637345578273",model_only,662,2,0,0,0,0,0,336.76812,0,0,0,336.76812
"methane_baseline.xmodel","manual_1637345578273",model_only,663,0,0,0,0,0,0,340.33821,0,0,0,340.33821
"methane_baseline.xmodel","manual_1637345578273",model_only,664,3,0,0,0,0,0,336.01555,0,0,0,336.01555
"methane_baseline.xmodel","manual_1637345578273",model_only,665,1,0,0,0,0,0,341.10169,0,0,0,341.10169
"methane_baseline.xmodel","manual_1637345578273",model_only,666,2,0,0,0,0,0,338.12337,0,0,0,338.12337
"methane_baseline.xmodel","manual_1637345578273",model_only,667,3,0,0,0,0,0,336.16778,0,0,0,336.16778
"methane_baseline.xmodel","manual_1637345578273",model_only,668,0,0,0,0,0,0,339.56773,0,0,0,339.56773
"methane_baseline.xmodel","manual_1637345578273",model_only,669,2,0,0,0,0,0,336.01031,0,0,0,336.01031
"methane_baseline.xmodel","manual_1637345578273",model_only,670,1,0,0,0,0,0,339.30033,0,0,0,339.30033
"methane_baseline.xmodel","manual_1637345578273",model_only,671,3,0,0,0,0,0,336.18567,0,0,0,336.18567
"methane_baseline.xmodel","manual_1637345578273",model_only,672,0,0,0,0,0,0,339.38454,0,0,0,339.38454
"methane_baseline.xmodel","manual_1637345578273",model_only,673,2,0,0,0,0,0,335.99463,0,0,0,335.99463
"methane_baseline.xmodel","manual_1637345578273",model_only,674,1,0,0,0,0,0,338.96155,0,0,0,338.96155
"methane_baseline.xmodel","manual_1637345578273",model_only,675,3,0,0,0,0,0,335.89533,0,0,0,335.89533
"methane_baseline.xmodel","manual_1637345578273",model_only,676,0,0,0,0,0,0,339.2974,0,0,0,339.2974
"methane_baseline.xmodel","manual_1637345578273",model_only,677,2,0,0,0,0,0,335.98371,0,0,0,335.98371
"methane_baseline.xmodel","manual_1637345578273",model_only,678,1,0,0,0,0,0,338.99049,0,0,0,338.99049
"methane_baseline.xmodel","manual_1637345578273",model_only,679,3,0,0,0,0,0,335.97478,0,0,0,335.97478
"methane_baseline.xmodel","manual_1637345578273",model_only,680,0,0,0,0,0,0,339.28275,0,0,0,339.28275
"methane_baseline.xmodel","manual_1637345578273",model_only,681,2,0,0,0,0,0,335.549,0,0,0,335.549
"methane_baseline.xmodel","manual_1637345578273",model_only,682,1,0,0,0,0,0,338.9118,0,0,0,338.9118
"methane_baseline.xmodel","manual_1637345578273",model_only,683,3,0,0,0,0,0,335.58224,0,0,0,335.58224
"methane_baseline.xmodel","manual_1637345578273",model_only,684,0,0,0,0,0,0,339.22883,0,0,0,339.22883
"methane_baseline.xmodel","manual_1637345578273",model_only,685,2,0,0,0,0,0,335.60086,0,0,0,335.60086
"methane_baseline.xmodel","manual_1637345578273",model_only,686,1,0,0,0,0,0,338.45025,0,0,0,338.45025
"methane_baseline.xmodel","manual_1637345578273",model_only,687,3,0,0,0,0,0,335.6227,0,0,0,335.6227
"methane_baseline.xmodel","manual_1637345578273",model_only,688,0,0,0,0,0,0,338.81018,0,0,0,338.81018
"methane_baseline.xmodel","manual_1637345578273",model_only,689,2,0,0,0,0,0,335.66254,0,0,0,335.66254
"methane_baseline.xmodel","manual_1637345578273",model_only,690,1,0,0,0,0,0,338.63938,0,0,0,338.63938
"methane_baseline.xmodel","manual_1637345578273",model_only,691,3,0,0,0,0,0,335.52118,0,0,0,335.52118
"methane_baseline.xmodel","manual_1637345578273",model_only,692,0,0,0,0,0,0,338.61444,0,0,0,338.61444
"methane_baseline.xmodel","manual_1637345578273",model_only,693,2,0,0,0,0,0,335.65252,0,0,0,335.65252
"methane_baseline.xmodel","manual_1637345578273",model_only,694,1,0,0,0,0,0,338.60316,0,0,0,338.60316
"methane_baseline.xmodel","manual_1637345578273",model_only,695,3,0,0,0,0,0,335.87943,0,0,0,335.87943
"methane_baseline.xmodel","manual_1637345578273",model_only,696,0,0,0,0,0,0,338.34006,0,0,0,338.34006
"methane_baseline.xmodel","manual_1637345578273",model_only,697,2,0,0,0,0,0,337.41135,0,0,0,337.41135
"methane_baseline.xmodel","manual_1637345578273",model_only,698,1,0,0,0,0,0,338.82982,0,0,0,338.82982
"methane_baseline.xmodel","manual_1637345578273",model_only,699,3,0,0,0,0,0,337.62727,0,0,0,337.62727
"methane_baseline.xmodel","manual_1637345578273",model_only,700,0,0,0,0,0,0,338.48224,0,0,0,338.48224
"methane_baseline.xmodel","manual_1637345578273",model_only,701,2,0,0,0,0,0,338.07722,0,0,0,338.07722
"methane_baseline.xmodel","manual_1637345578273",model_only,702,1,0,0,0,0,0,338.7443,0,0,0,338.7443
"methane_baseline.xmodel","manual_1637345578273",model_only,703,3,0,0,0,0,0,337.11473,0,0,0,337.11473
"methane_baseline.xmodel","manual_1637345578273",model_only,704,0,0,0,0,0,0,338.45375,0,0,0,338.45375
"methane_baseline.xmodel","manual_1637345578273",model_only,705,2,0,0,0,0,0,336.69725,0,0,0,336.69725
"methane_baseline.xmodel","manual_1637345578273",model_only,706,1,0,0,0,0,0,338.11736,0,0,0,338.11736
"methane_baseline.xmodel","manual_1637345578273",model_only,707,3,0,0,0,0,0,335.33739,0,0,0,335.33739
"methane_baseline.xmodel","manual_1637345578273",model_only,708,0,0,0,0,0,0,338.83371,0,0,0,338.83371
"methane_baseline.xmodel","manual_1637345578273",model_only,709,2,0,0,0,0,0,335.47232,0,0,0,335.47232
"methane_baseline.xmodel","manual_1637345578273",model_only,710,1,0,0,0,0,0,337.92292,0,0,0,337.92292
"methane_baseline.xmodel","manual_1637345578273",model_only,711,3,0,0,0,0,0,335.27056,0,0,0,335.27056
"methane_baseline.xmodel","manual_1637345578273",model_only,712,0,0,0,0,0,0,337.82441,0,0,0,337.82441
"methane_baseline.xmodel","manual_1637345578273",model_only,713,2,0,0,0,0,0,335.29319,0,0,0,335.29319
"methane_baseline.xmodel","manual_1637345578273",model_only,714,1,0,0,0,0,0,337.66152,0,0,0,337.66152
"methane_baseline.xmodel","manual_1637345578273",model_only,715,3,0,0,0,0,0,335.26357,0,0,0,335.26357
"methane_baseline.xmodel","manual_1637345578273",model_only,716,0,0,0,0,0,0,338.02993,0,0,0,338.02993
"methane_baseline.xmodel","manual_1637345578273",model_only,717,2,0,0,0,0,0,335.23593,0,0,0,335.23593
"methane_baseline.xmodel","manual_1637345578273",model_only,718,1,0,0,0,0,0,337.76091,0,0,0,337.76091
"methane_baseline.xmodel","manual_1637345578273",model_only,719,3,0,0,0,0,0,335.09866,0,0,0,335.09866
"methane_baseline.xmodel","manual_1637345578273",model_only,720,0,0,0,0,0,0,337.69747,0,0,0,337.69747
"methane_baseline.xmodel","manual_1637345578273",model_only,721,2,0,0,0,0,0,334.84943,0,0,0,334.84943
"methane_baseline.xmodel","manual_1637345578273",model_only,722,1,0,0,0,0,0,337.65853,0,0,0,337.65853
"methane_baseline.xmodel","manual_1637345578273",model_only,723,3,0,0,0,0,0,334.77717,0,0,0,334.77717
"methane_baseline.xmodel","manual_1637345578273",model_only,724,0,0,0,0,0,0,337.80892,0,0,0,337.80892
"methane_baseline.xmodel","manual_1637345578273",model_only,725,2,0,0,0,0,0,334.8983,0,0,0,334.8983
"methane_baseline.xmodel","manual_1637345578273",model_only,726,1,0,0,0,0,0,337.99134,0,0,0,337.99134
"methane_baseline.xmodel","manual_1637345578273",model_only,727,3,0,0,0,0,0,334.71437,0,0,0,334.71437
"methane_baseline.xmodel","manual_1637345578273",model_only,728,0,0,0,0,0,0,337.8758,0,0,0,337.8758
"methane_baseline.xmodel","manual_1637345578273",model_only,729,2,0,0,0,0,0,334.85117,0,0,0,334.85117
"methane_baseline.xmodel","manual_1637345578273",model_only,730,1,0,0,0,0,0,337.70228,0,0,0,337.70228
"methane_baseline.xmodel","manual_1637345578273",model_only,731,3,0,0,0,0,0,334.92318,0,0,0,334.92318
"methane_baseline.xmodel","manual_1637345578273",model_only,732,0,0,0,0,0,0,337.81868,0,0,0,337.81868
"methane_baseline.xmodel","manual_1637345578273",model_only,733,2,0,0,0,0,0,335.08326,0,0,0,335.08326
"methane_baseline.xmodel","manual_1637345578273",model_only,734,1,0,0,0,0,0,337.67109,0,0,0,337.67109
"methane_baseline.xmodel","manual_1637345578273",model_only,735,3,0,0,0,0,0,335.06191,0,0,0,335.06191
"methane_baseline.xmodel","manual_1637345578273",model_only,736,0,0,0,0,0,0,337.82562,0,0,0,337.82562
"methane_baseline.xmodel","manual_1637345578273",model_only,737,2,0,0,0,0,0,335.00256,0,0,0,335.00256
"methane_baseline.xmodel","manual_1637345578273",model_only,738,1,0,0,0,0,0,337.72771,0,0,0,337.72771
"methane_baseline.xmodel","manual_1637345578273",model_only,739,3,0,0,0,0,0,336.10044,0,0,0,336.10044
"methane_baseline.xmodel","manual_1637345578273",model_only,740,0,0,0,0,0,0,338.38263,0,0,0,338.38263
"methane_baseline.xmodel","manual_1637345578273",model_only,741,2,0,0,0,0,0,336.94307,0,0,0,336.94307
"methane_baseline.xmodel","manual_1637345578273",model_only,742,1,0,0,0,0,0,338.4224,0,0,0,338.4224
"methane_baseline.xmodel","manual_1637345578273",model_only,743,3,0,0,0,0,0,335.7603,0,0,0,335.7603
"methane_baseline.xmodel","manual_1637345578273",model_only,744,0,0,0,0,0,0,338.28919,0,0,0,338.28919
"methane_baseline.xmodel","manual_1637345578273",model_only,745,2,0,0,0,0,0,335.18662,0,0,0,335.18662
"methane_baseline.xmodel","manual_1637345578273",model_only,746,1,0,0,0,0,0,338.77103,0,0,0,338.77103
"methane_baseline.xmodel","manual_1637345578273",model_only,747,3,0,0,0,0,0,334.91589,0,0,0,334.91589
"methane_baseline.xmodel","manual_1637345578273",model_only,748,0,0,0,0,0,0,338.53069,0,0,0,338.53069
"methane_baseline.xmodel","manual_1637345578273",model_only,749,2,0,0,0,0,0,334.8009,0,0,0,334.8009
"methane_baseline.xmodel","manual_1637345578273",model_only,750,1,0,0,0,0,0,338.17528,0,0,0,338.17528
"methane_baseline.xmodel","manual_1637345578273",model_only,751,3,0,0,0,0,0,334.83209,0,0,0,334.83209
"methane_baseline.xmodel","manual_1637345578273",model_only,752,0,0,0,0,0,0,338.51238,0,0,0,338.51238
"methane_baseline.xmodel","manual_1637345578273",model_only,753,2,0,0,0,0,0,335.01539,0,0,0,335.01539
"methane_baseline.xmodel","manual_1637345578273",model_only,754,1,0,0,0,0,0,338.52719,0,0,0,338.52719
"methane_baseline.xmodel","manual_1637345578273",model_only,755,3,0,0,0,0,0,335.50984,0,0,0,335.50984
"methane_baseline.xmodel","manual_1637345578273",model_only,756,0,0,0,0,0,0,338.44636,0,0,0,338.44636
"methane_baseline.xmodel","manual_1637345578273",model_only,757,2,0,0,0,0,0,335.07105,0,0,0,335.07105
"methane_baseline.xmodel","manual_1637345578273",model_only,758,1,0,0,0,0,0,339.36992,0,0,0,339.36992
"methane_baseline.xmodel","manual_1637345578273",model_only,759,3,0,0,0,0,0,335.28435,0,0,0,335.28435
"methane_baseline.xmodel","manual_1637345578273",model_only,760,0,0,0,0,0,0,338.75601,0,0,0,338.75601
"methane_baseline.xmodel","manual_1637345578273",model_only,761,2,0,0,0,0,0,335.03557,0,0,0,335.03557
"methane_baseline.xmodel","manual_1637345578273",model_only,762,1,0,0,0,0,0,338.24876,0,0,0,338.24876
"methane_baseline.xmodel","manual_1637345578273",model_only,763,3,0,0,0,0,0,334.90052,0,0,0,334.90052
"methane_baseline.xmodel","manual_1637345578273",model_only,764,0,0,0,0,0,0,338.71027,0,0,0,338.71027
"methane_baseline.xmodel","manual_1637345578273",model_only,765,2,0,0,0,0,0,335.0812,0,0,0,335.0812
"methane_baseline.xmodel","manual_1637345578273",model_only,766,1,0,0,0,0,0,338.46417,0,0,0,338.46417
"methane_baseline.xmodel","manual_1637345578273",model_only,767,3,0,0,0,0,0,334.88151,0,0,0,334.88151
"methane_baseline.xmodel","manual_1637345578273",model_only,768,0,0,0,0,0,0,338.74567,0,0,0,338.74567
"methane_baseline.xmodel","manual_1637345578273",model_only,769,2,0,0,0,0,0,334.81656,0,0,0,334.81656
"methane_baseline.xmodel","manual_1637345578273",model_only,770,1,0,0,0,0,0,338.36309,0,0,0,338.36309
"methane_baseline.xmodel","manual_1637345578273",model_only,771,3,0,0,0,0,0,336.49141,0,0,0,336.49141
"methane_baseline.xmodel","manual_1637345578273",model_only,772,0,0,0,0,0,0,339.37785,0,0,0,339.37785
"methane_baseline.xmodel","manual_1637345578273",model_only,773,2,0,0,0,0,0,335.44046,0,0,0,335.44046
"methane_baseline.xmodel","manual_1637345578273",model_only,774,1,0,0,0,0,0,340.06552,0,0,0,340.06552
"methane_baseline.xmodel","manual_1637345578273",model_only,775,3,0,0,0,0,0,335.3539,0,0,0,335.3539
"methane_baseline.xmodel","manual_1637345578273",model_only,776,0,0,0,0,0,0,339.13296,0,0,0,339.13296
"methane_baseline.xmodel","manual_1637345578273",model_only,777,2,0,0,0,0,0,335.30806,0,0,0,335.30806
"methane_baseline.xmodel","manual_1637345578273",model_only,778,1,0,0,0,0,0,338.43048,0,0,0,338.43048
"methane_baseline.xmodel","manual_1637345578273",model_only,779,3,0,0,0,0,0,335.45629,0,0,0,335.45629
"methane_baseline.xmodel","manual_1637345578273",model_only,780,0,0,0,0,0,0,338.49051,0,0,0,338.49051
"methane_baseline.xmodel","manual_1637345578273",model_only,781,2,0,0,0,0,0,335.50789,0,0,0,335.50789
"methane_baseline.xmodel","manual_1637345578273",model_only,782,1,0,0,0,0,0,338.57423,0,0,0,338.57423
"methane_baseline.xmodel","manual_1637345578273",model_only,783,3,0,0,0,0,0,335.77585,0,0,0,335.77585
"methane_baseline.xmodel","manual_1637345578273",model_only,784,0,0,0,0,0,0,338.46596,0,0,0,338.46596
"methane_baseline.xmodel","manual_1637345578273",model_only,785,2,0,0,0,0,0,335.89369,0,0,0,335.89369
"methane_baseline.xmodel","manual_1637345578273",model_only,786,1,0,0,0,0,0,338.51521,0,0,0,338.51521
"methane_baseline.xmodel","manual_1637345578273",model_only,787,3,0,0,0,0,0,336.78972,0,0,0,336.78972
"methane_baseline.xmodel","manual_1637345578273",model_only,788,0,0,0,0,0,0,340.40538,0,0,0,340.40538
"methane_baseline.xmodel","manual_1637345578273",model_only,789,2,0,0,0,0,0,335.83483,0,0,0,335.83483
"methane_baseline.xmodel","manual_1637345578273",model_only,790,1,0,0,0,0,0,338.99077,0,0,0,338.99077
"methane_baseline.xmodel","manual_1637345578273",model_only,791,3,0,0,0,0,0,335.37973,0,0,0,335.37973
"methane_baseline.xmodel","manual_1637345578273",model_only,792,0,0,0,0,0,0,338.05399,0,0,0,338.05399
"methane_baseline.xmodel","manual_1637345578273",model_only,793,2,0,0,0,0,0,335.23961,0,0,0,335.23961
"methane_baseline.xmodel","manual_1637345578273",model_only,794,1,0,0,0,0,0,337.66678,0,0,0,337.66678
"methane_baseline.xmodel","manual_1637345578273",model_only,795,3,0,0,0,0,0,335.48131,0,0,0,335.48131
"methane_baseline.xmodel","manual_1637345578273",model_only,796,0,0,0,0,0,0,337.96302,0,0,0,337.96302
"methane_baseline.xmodel","manual_1637345578273",model_only,797,2,0,0,0,0,0,335.61181,0,0,0,335.61181
"methane_baseline.xmodel","manual_1637345578273",model_only,798,1,0,0,0,0,0,337.97513,0,0,0,337.97513
"methane_baseline.xmodel","manual_1637345578273",model_only,799,3,0,0,0,0,0,335.91564,0,0,0,335.91564
"methane_baseline.xmodel","manual_1637345578273",model_only,800,0,0,0,0,0,0,337.9666,0,0,0,337.9666
"methane_baseline.xmodel","manual_1637345578273",model_only,801,2,0,0,0,0,0,335.50609,0,0,0,335.50609
"methane_baseline.xmodel","manual_1637345578273",model_only,802,1,0,0,0,0,0,338.16756,0,0,0,338.16756
"methane_baseline.xmodel","manual_1637345578273",model_only,803,3,0,0,0,0,0,335.58207,0,0,0,335.58207
"methane_baseline.xmodel","manual_1637345578273",model_only,804,0,0,0,0,0,0,338.07553,0,0,0,338.07553
"methane_baseline.xmodel","manual_1637345578273",model_only,805,2,0,0,0,0,0,335.61755,0,0,0,335.61755
"methane_baseline.xmodel","manual_1637345578273",model_only,806,1,0,0,0,0,0,338.05936,0,0,0,338.05936
"methane_baseline.xmodel","manual_1637345578273",model_only,807,3,0,0,0,0,0,336.19579,0,0,0,336.19579
"methane_baseline.xmodel","manual_1637345578273",model_only,808,0,0,0,0,0,0,338.5929,0,0,0,338.5929
"methane_baseline.xmodel","manual_1637345578273",model_only,809,2,0,0,0,0,0,336.19709,0,0,0,336.19709
"methane_baseline.xmodel","manual_1637345578273",model_only,810,1,0,0,0,0,0,338.24868,0,0,0,338.24868
"methane_baseline.xmodel","manual_1637345578273",model_only,811,3,0,0,0,0,0,335.41523,0,0,0,335.41523
"methane_baseline.xmodel","manual_1637345578273",model_only,812,0,0,0,0,0,0,338.88399,0,0,0,338.88399
"methane_baseline.xmodel","manual_1637345578273",model_only,813,2,0,0,0,0,0,335.35404,0,0,0,335.35404
"methane_baseline.xmodel","manual_1637345578273",model_only,814,1,0,0,0,0,0,338.35307,0,0,0,338.35307
"methane_baseline.xmodel","manual_1637345578273",model_only,815,3,0,0,0,0,0,335.52989,0,0,0,335.52989
"methane_baseline.xmodel","manual_1637345578273",model_only,816,0,0,0,0,0,0,338.28751,0,0,0,338.28751
"methane_baseline.xmodel","manual_1637345578273",model_only,817,2,0,0,0,0,0,335.56712,0,0,0,335.56712
"methane_baseline.xmodel","manual_1637345578273",model_only,818,1,0,0,0,0,0,338.09186,0,0,0,338.09186
"methane_baseline.xmodel","manual_1637345578273",model_only,819,3,0,0,0,0,0,335.60357,0,0,0,335.60357
"methane_baseline.xmodel","manual_1637345578273",model_only,820,0,0,0,0,0,0,337.93418,0,0,0,337.93418
"methane_baseline.xmodel","manual_1637345578273",model_only,821,2,0,0,0,0,0,335.47727,0,0,0,335.47727
"methane_baseline.xmodel","manual_1637345578273",model_only,822,1,0,0,0,0,0,337.84904,0,0,0,337.84904
"methane_baseline.xmodel","manual_1637345578273",model_only,823,3,0,0,0,0,0,335.49252,0,0,0,335.49252
"methane_baseline.xmodel","manual_1637345578273",model_only,824,0,0,0,0,0,0,337.85302,0,0,0,337.85302
"methane_baseline.xmodel","manual_1637345578273",model_only,825,2,0,0,0,0,0,335.64772,0,0,0,335.64772
"methane_baseline.xmodel","manual_1637345578273",model_only,826,1,0,0,0,0,0,338.25554,0,0,0,338.25554
"methane_baseline.xmodel","manual_1637345578273",model_only,827,3,0,0,0,0,0,335.64164,0,0,0,335.64164
"methane_baseline.xmodel","manual_1637345578273",model_only,828,0,0,0,0,0,0,340.36772,0,0,0,340.36772
"methane_baseline.xmodel","manual_1637345578273",model_only,829,2,0,0,0,0,0,335.84691,0,0,0,335.84691
"methane_baseline.xmodel","manual_1637345578273",model_only,830,1,0,0,0,0,0,338.24567,0,0,0,338.24567
"methane_baseline.xmodel","manual_1637345578273",model_only,831,3,0,0,0,0,0,335.0724,0,0,0,335.0724
"methane_baseline.xmodel","manual_1637345578273",model_only,832,0,0,0,0,0,0,337.98911,0,0,0,337.98911
"methane_baseline.xmodel","manual_1637345578273",model_only,833,2,0,0,0,0,0,334.96059,0,0,0,334.96059
"methane_baseline.xmodel","manual_1637345578273",model_only,834,1,0,0,0,0,0,337.97877,0,0,0,337.97877
"methane_baseline.xmodel","manual_1637345578273",model_only,835,3,0,0,0,0,0,335.00629,0,0,0,335.00629
"methane_baseline.xmodel","manual_1637345578273",model_only,836,0,0,0,0,0,0,338.00683,0,0,0,338.00683
"methane_baseline.xmodel","manual_1637345578273",model_only,837,2,0,0,0,0,0,334.93382,0,0,0,334.93382
"methane_baseline.xmodel","manual_1637345578273",model_only,838,1,0,0,0,0,0,337.89364,0,0,0,337.89364
"methane_baseline.xmodel","manual_1637345578273",model_only,839,3,0,0,0,0,0,334.95849,0,0,0,334.95849
"methane_baseline.xmodel","manual_1637345578273",model_only,840,0,0,0,0,0,0,337.8416,0,0,0,337.8416
"methane_baseline.xmodel","manual_1637345578273",model_only,841,2,0,0,0,0,0,334.99537,0,0,0,334.99537
"methane_baseline.xmodel","manual_1637345578273",model_only,842,1,0,0,0,0,0,337.97117,0,0,0,337.97117
"methane_baseline.xmodel","manual_1637345578273",model_only,843,3,0,0,0,0,0,335.1586,0,0,0,335.1586
"methane_baseline.xmodel","manual_1637345578273",model_only,844,0,0,0,0,0,0,338.06086,0,0,0,338.06086
"methane_baseline.xmodel","manual_1637345578273",model_only,845,2,0,0,0,0,0,334.90554,0,0,0,334.90554
"methane_baseline.xmodel","manual_1637345578273",model_only,846,1,0,0,0,0,0,337.88833,0,0,0,337.88833
"methane_baseline.xmodel","manual_1637345578273",model_only,847,3,0,0,0,0,0,334.5473,0,0,0,334.5473
"methane_baseline.xmodel","manual_1637345578273",model_only,848,0,0,0,0,0,0,338.16724,0,0,0,338.16724
"methane_baseline.xmodel","manual_1637345578273",model_only,849,2,0,0,0,0,0,334.68942,0,0,0,334.68942
"methane_baseline.xmodel","manual_1637345578273",model_only,850,1,0,0,0,0,0,338.34931,0,0,0,338.34931
"methane_baseline.xmodel","manual_1637345578273",model_only,851,3,0,0,0,0,0,334.66744,0,0,0,334.66744
"methane_baseline.xmodel","manual_1637345578273",model_only,852,0,0,0,0,0,0,338.29547,0,0,0,338.29547
"methane_baseline.xmodel","manual_1637345578273",model_only,853,2,0,0,0,0,0,334.78082,0,0,0,334.78082
"methane_baseline.xmodel","manual_1637345578273",model_only,854,1,0,0,0,0,0,338.24018,0,0,0,338.24018
"methane_baseline.xmodel","manual_1637345578273",model_only,855,3,0,0,0,0,0,334.76217,0,0,0,334.76217
"methane_baseline.xmodel","manual_1637345578273",model_only,856,0,0,0,0,0,0,338.60337,0,0,0,338.60337
"methane_baseline.xmodel","manual_1637345578273",model_only,857,2,0,0,0,0,0,335.43824,0,0,0,335.43824
"methane_baseline.xmodel","manual_1637345578273",model_only,858,1,0,0,0,0,0,341.07414,0,0,0,341.07414
"methane_baseline.xmodel","manual_1637345578273",model_only,859,3,0,0,0,0,0,334.97111,0,0,0,334.97111
"methane_baseline.xmodel","manual_1637345578273",model_only,860,0,0,0,0,0,0,338.93133,0,0,0,338.93133
"methane_baseline.xmodel","manual_1637345578273",model_only,861,2,0,0,0,0,0,335.17727,0,0,0,335.17727
"methane_baseline.xmodel","manual_1637345578273",model_only,862,1,0,0,0,0,0,338.74263,0,0,0,338.74263
"methane_baseline.xmodel","manual_1637345578273",model_only,863,3,0,0,0,0,0,335.23419,0,0,0,335.23419
"methane_baseline.xmodel","manual_1637345578273",model_only,864,0,0,0,0,0,0,338.48373,0,0,0,338.48373
"methane_baseline.xmodel","manual_1637345578273",model_only,865,2,0,0,0,0,0,335.21832,0,0,0,335.21832
"methane_baseline.xmodel","manual_1637345578273",model_only,866,1,0,0,0,0,0,338.40865,0,0,0,338.40865
"methane_baseline.xmodel","manual_1637345578273",model_only,867,3,0,0,0,0,0,335.31341,0,0,0,335.31341
"methane_baseline.xmodel","manual_1637345578273",model_only,868,0,0,0,0,0,0,338.43245,0,0,0,338.43245
"methane_baseline.xmodel","manual_1637345578273",model_only,869,2,0,0,0,0,0,335.22098,0,0,0,335.22098
"methane_baseline.xmodel","manual_1637345578273",model_only,870,1,0,0,0,0,0,338.6146,0,0,0,338.6146
"methane_baseline.xmodel","manual_1637345578273",model_only,871,3,0,0,0,0,0,335.57336,0,0,0,335.57336
"methane_baseline.xmodel","manual_1637345578273",model_only,872,0,0,0,0,0,0,338.79116,0,0,0,338.79116
"methane_baseline.xmodel","manual_1637345578273",model_only,873,2,0,0,0,0,0,335.3408,0,0,0,335.3408
"methane_baseline.xmodel","manual_1637345578273",model_only,874,1,0,0,0,0,0,339.22357,0,0,0,339.22357
"methane_baseline.xmodel","manual_1637345578273",model_only,875,3,0,0,0,0,0,335.33188,0,0,0,335.33188
"methane_baseline.xmodel","manual_1637345578273",model_only,876,0,0,0,0,0,0,339.32198,0,0,0,339.32198
"methane_baseline.xmodel","manual_1637345578273",model_only,877,2,0,0,0,0,0,335.52553,0,0,0,335.52553
"methane_baseline.xmodel","manual_1637345578273",model_only,878,1,0,0,0,0,0,339.81642,0,0,0,339.81642
"methane_baseline.xmodel","manual_1637345578273",model_only,879,3,0,0,0,0,0,335.50659,0,0,0,335.50659
"methane_baseline.xmodel","manual_1637345578273",model_only,880,0,0,0,0,0,0,339.758,0,0,0,339.758
"methane_baseline.xmodel","manual_1637345578273",model_only,881,2,0,0,0,0,0,335.69029,0,0,0,335.69029
"methane_baseline.xmodel","manual_1637345578273",model_only,882,1,0,0,0,0,0,339.38785,0,0,0,339.38785
"methane_baseline.xmodel","manual_1637345578273",model_only,883,3,0,0,0,0,0,335.94538,0,0,0,335.94538
"methane_baseline.xmodel","manual_1637345578273",model_only,884,0,0,0,0,0,0,339.52218,0,0,0,339.52218
"methane_baseline.xmodel","manual_1637345578273",model_only,885,2,0,0,0,0,0,336.26067,0,0,0,336.26067
"methane_baseline.xmodel","manual_1637345578273",model_only,886,1,0,0,0,0,0,340.23766,0,0,0,340.23766
"methane_baseline.xmodel","manual_1637345578273",model_only,887,3,0,0,0,0,0,336.50763,0,0,0,336.50763
"methane_baseline.xmodel","manual_1637345578273",model_only,888,0,0,0,0,0,0,340.06379,0,0,0,340.06379
"methane_baseline.xmodel","manual_1637345578273",model_only,889,2,0,0,0,0,0,336.71858,0,0,0,336.71858
"methane_baseline.xmodel","manual_1637345578273",model_only,890,3,0,0,0,0,0,336.1241,0,0,0,336.1241
"methane_baseline.xmodel","manual_1637345578273",model_only,891,1,0,0,0,0,0,339.88357,0,0,0,339.88357
"methane_baseline.xmodel","manual_1637345578273",model_only,892,2,0,0,0,0,0,335.80197,0,0,0,335.80197
"methane_baseline.xmodel","manual_1637345578273",model_only,893,0,0,0,0,0,0,339.44154,0,0,0,339.44154
"methane_baseline.xmodel","manual_1637345578273",model_only,894,3,0,0,0,0,0,336.07579,0,0,0,336.07579
"methane_baseline.xmodel","manual_1637345578273",model_only,895,1,0,0,0,0,0,339.14831,0,0,0,339.14831
"methane_baseline.xmodel","manual_1637345578273",model_only,896,2,0,0,0,0,0,336.12037,0,0,0,336.12037
"methane_baseline.xmodel","manual_1637345578273",model_only,897,0,0,0,0,0,0,339.2469,0,0,0,339.2469
"methane_baseline.xmodel","manual_1637345578273",model_only,898,3,0,0,0,0,0,335.86023,0,0,0,335.86023
"methane_baseline.xmodel","manual_1637345578273",model_only,899,1,0,0,0,0,0,339.16538,0,0,0,339.16538
"methane_baseline.xmodel","manual_1637345578273",model_only,900,2,0,0,0,0,0,336.39905,0,0,0,336.39905
"methane_baseline.xmodel","manual_1637345578273",model_only,901,0,0,0,0,0,0,339.13306,0,0,0,339.13306
"methane_baseline.xmodel","manual_1637345578273",model_only,902,3,0,0,0,0,0,335.98596,0,0,0,335.98596
"methane_baseline.xmodel","manual_1637345578273",model_only,903,1,0,0,0,0,0,339.06373,0,0,0,339.06373
"methane_baseline.xmodel","manual_1637345578273",model_only,904,2,0,0,0,0,0,335.54996,0,0,0,335.54996
"methane_baseline.xmodel","manual_1637345578273",model_only,905,0,0,0,0,0,0,338.87612,0,0,0,338.87612
"methane_baseline.xmodel","manual_1637345578273",model_only,906,3,0,0,0,0,0,335.58223,0,0,0,335.58223
"methane_baseline.xmodel","manual_1637345578273",model_only,907,1,0,0,0,0,0,338.9137,0,0,0,338.9137
"methane_baseline.xmodel","manual_1637345578273",model_only,908,2,0,0,0,0,0,335.37828,0,0,0,335.37828
"methane_baseline.xmodel","manual_1637345578273",model_only,909,0,0,0,0,0,0,338.69796,0,0,0,338.69796
"methane_baseline.xmodel","manual_1637345578273",model_only,910,3,0,0,0,0,0,335.61398,0,0,0,335.61398
"methane_baseline.xmodel","manual_1637345578273",model_only,911,1,0,0,0,0,0,338.93997,0,0,0,338.93997
"methane_baseline.xmodel","manual_1637345578273",model_only,912,2,0,0,0,0,0,335.30761,0,0,0,335.30761
"methane_baseline.xmodel","manual_1637345578273",model_only,913,0,0,0,0,0,0,338.72966,0,0,0,338.72966
"methane_baseline.xmodel","manual_1637345578273",model_only,914,3,0,0,0,0,0,335.2972,0,0,0,335.2972
"methane_baseline.xmodel","manual_1637345578273",model_only,915,1,0,0,0,0,0,338.59808,0,0,0,338.59808
"methane_baseline.xmodel","manual_1637345578273",model_only,916,2,0,0,0,0,0,335.44399,0,0,0,335.44399
"methane_baseline.xmodel","manual_1637345578273",model_only,917,0,0,0,0,0,0,338.51805,0,0,0,338.51805
"methane_baseline.xmodel","manual_1637345578273",model_only,918,3,0,0,0,0,0,337.18096,0,0,0,337.18096
"methane_baseline.xmodel","manual_1637345578273",model_only,919,1,0,0,0,0,0,338.84853,0,0,0,338.84853
"methane_baseline.xmodel","manual_1637345578273",model_only,920,2,0,0,0,0,0,337.42752,0,0,0,337.42752
"methane_baseline.xmodel","manual_1637345578273",model_only,921,0,0,0,0,0,0,338.47011,0,0,0,338.47011
"methane_baseline.xmodel","manual_1637345578273",model_only,922,3,0,0,0,0,0,337.58395,0,0,0,337.58395
"methane_baseline.xmodel","manual_1637345578273",model_only,923,1,0,0,0,0,0,338.7024,0,0,0,338.7024
"methane_baseline.xmodel","manual_1637345578273",model_only,924,2,0,0,0,0,0,337.146,0,0,0,337.146
"methane_baseline.xmodel","manual_1637345578273",model_only,925,0,0,0,0,0,0,338.41816,0,0,0,338.41816
"methane_baseline.xmodel","manual_1637345578273",model_only,926,3,0,0,0,0,0,335.81195,0,0,0,335.81195
"methane_baseline.xmodel","manual_1637345578273",model_only,927,1,0,0,0,0,0,338.8782,0,0,0,338.8782
"methane_baseline.xmodel","manual_1637345578273",model_only,928,2,0,0,0,0,0,335.68499,0,0,0,335.68499
"methane_baseline.xmodel","manual_1637345578273",model_only,929,0,0,0,0,0,0,338.59195,0,0,0,338.59195
"methane_baseline.xmodel","manual_1637345578273",model_only,930,3,0,0,0,0,0,335.25612,0,0,0,335.25612
"methane_baseline.xmodel","manual_1637345578273",model_only,931,1,0,0,0,0,0,337.75833,0,0,0,337.75833
"methane_baseline.xmodel","manual_1637345578273",model_only,932,2,0,0,0,0,0,335.24204,0,0,0,335.24204
"methane_baseline.xmodel","manual_1637345578273",model_only,933,0,0,0,0,0,0,337.86598,0,0,0,337.86598
"methane_baseline.xmodel","manual_1637345578273",model_only,934,3,0,0,0,0,0,335.2473,0,0,0,335.2473
"methane_baseline.xmodel","manual_1637345578273",model_only,935,1,0,0,0,0,0,337.87819,0,0,0,337.87819
"methane_baseline.xmodel","manual_1637345578273",model_only,936,2,0,0,0,0,0,335.15944,0,0,0,335.15944
"methane_baseline.xmodel","manual_1637345578273",model_only,937,0,0,0,0,0,0,337.8453,0,0,0,337.8453
"methane_baseline.xmodel","manual_1637345578273",model_only,938,3,0,0,0,0,0,335.06333,0,0,0,335.06333
"methane_baseline.xmodel","manual_1637345578273",model_only,939,1,0,0,0,0,0,337.56928,0,0,0,337.56928
"methane_baseline.xmodel","manual_1637345578273",model_only,940,2,0,0,0,0,0,335.14539,0,0,0,335.14539
"methane_baseline.xmodel","manual_1637345578273",model_only,941,0,0,0,0,0,0,337.80067,0,0,0,337.80067
"methane_baseline.xmodel","manual_1637345578273",model_only,942,3,0,0,0,0,0,334.79547,0,0,0,334.79547
"methane_baseline.xmodel","manual_1637345578273",model_only,943,1,0,0,0,0,0,337.55109,0,0,0,337.55109
"methane_baseline.xmodel","manual_1637345578273",model_only,944,2,0,0,0,0,0,334.83284,0,0,0,334.83284
"methane_baseline.xmodel","manual_1637345578273",model_only,945,0,0,0,0,0,0,338.24913,0,0,0,338.24913
"methane_baseline.xmodel","manual_1637345578273",model_only,946,3,0,0,0,0,0,334.82739,0,0,0,334.82739
"methane_baseline.xmodel","manual_1637345578273",model_only,947,1,0,0,0,0,0,337.98793,0,0,0,337.98793
"methane_baseline.xmodel","manual_1637345578273",model_only,948,2,0,0,0,0,0,334.58782,0,0,0,334.58782
"methane_baseline.xmodel","manual_1637345578273",model_only,949,0,0,0,0,0,0,337.73269,0,0,0,337.73269
"methane_baseline.xmodel","manual_1637345578273",model_only,950,3,0,0,0,0,0,334.99654,0,0,0,334.99654
"methane_baseline.xmodel","manual_1637345578273",model_only,951,1,0,0,0,0,0,337.56807,0,0,0,337.56807
"methane_baseline.xmodel","manual_1637345578273",model_only,952,2,0,0,0,0,0,335.00628,0,0,0,335.00628
"methane_baseline.xmodel","manual_1637345578273",model_only,953,0,0,0,0,0,0,337.91083,0,0,0,337.91083
"methane_baseline.xmodel","manual_1637345578273",model_only,954,3,0,0,0,0,0,335.0168,0,0,0,335.0168
"methane_baseline.xmodel","manual_1637345578273",model_only,955,1,0,0,0,0,0,337.68399,0,0,0,337.68399
"methane_baseline.xmodel","manual_1637345578273",model_only,956,2,0,0,0,0,0,334.95508,0,0,0,334.95508
"methane_baseline.xmodel","manual_1637345578273",model_only,957,0,0,0,0,0,0,337.79494,0,0,0,337.79494
"methane_baseline.xmodel","manual_1637345578273",model_only,958,3,0,0,0,0,0,335.70008,0,0,0,335.70008
"methane_baseline.xmodel","manual_1637345578273",model_only,959,1,0,0,0,0,0,338.14603,0,0,0,338.14603
"methane_baseline.xmodel","manual_1637345578273",model_only,960,2,0,0,0,0,0,336.66918,0,0,0,336.66918
"methane_baseline.xmodel","manual_1637345578273",model_only,961,0,0,0,0,0,0,338.29187,0,0,0,338.29187
"methane_baseline.xmodel","manual_1637345578273",model_only,962,3,0,0,0,0,0,335.73961,0,0,0,335.73961
"methane_baseline.xmodel","manual_1637345578273",model_only,963,1,0,0,0,0,0,338.18411,0,0,0,338.18411
"methane_baseline.xmodel","manual_1637345578273",model_only,964,2,0,0,0,0,0,334.89668,0,0,0,334.89668
"methane_baseline.xmodel","manual_1637345578273",model_only,965,0,0,0,0,0,0,338.79144,0,0,0,338.79144
"methane_baseline.xmodel","manual_1637345578273",model_only,966,3,0,0,0,0,0,334.89131,0,0,0,334.89131
"methane_baseline.xmodel","manual_1637345578273",model_only,967,1,0,0,0,0,0,338.68625,0,0,0,338.68625
"methane_baseline.xmodel","manual_1637345578273",model_only,968,2,0,0,0,0,0,334.82059,0,0,0,334.82059
"methane_baseline.xmodel","manual_1637345578273",model_only,969,0,0,0,0,0,0,338.28269,0,0,0,338.28269
"methane_baseline.xmodel","manual_1637345578273",model_only,970,3,0,0,0,0,0,334.78078,0,0,0,334.78078
"methane_baseline.xmodel","manual_1637345578273",model_only,971,1,0,0,0,0,0,338.47514,0,0,0,338.47514
"methane_baseline.xmodel","manual_1637345578273",model_only,972,2,0,0,0,0,0,335.05542,0,0,0,335.05542
"methane_baseline.xmodel","manual_1637345578273",model_only,973,0,0,0,0,0,0,338.48211,0,0,0,338.48211
"methane_baseline.xmodel","manual_1637345578273",model_only,974,3,0,0,0,0,0,335.4606,0,0,0,335.4606
"methane_baseline.xmodel","manual_1637345578273",model_only,975,1,0,0,0,0,0,338.20878,0,0,0,338.20878
"methane_baseline.xmodel","manual_1637345578273",model_only,976,2,0,0,0,0,0,335.01682,0,0,0,335.01682
"methane_baseline.xmodel","manual_1637345578273",model_only,977,0,0,0,0,0,0,339.51573,0,0,0,339.51573
"methane_baseline.xmodel","manual_1637345578273",model_only,978,3,0,0,0,0,0,335.30708,0,0,0,335.30708
"methane_baseline.xmodel","manual_1637345578273",model_only,979,1,0,0,0,0,0,338.62886,0,0,0,338.62886
"methane_baseline.xmodel","manual_1637345578273",model_only,980,2,0,0,0,0,0,335.02583,0,0,0,335.02583
"methane_baseline.xmodel","manual_1637345578273",model_only,981,0,0,0,0,0,0,338.24545,0,0,0,338.24545
"methane_baseline.xmodel","manual_1637345578273",model_only,982,3,0,0,0,0,0,335.01109,0,0,0,335.01109
"methane_baseline.xmodel","manual_1637345578273",model_only,983,1,0,0,0,0,0,338.45596,0,0,0,338.45596
"methane_baseline.xmodel","manual_1637345578273",model_only,984,2,0,0,0,0,0,334.98772,0,0,0,334.98772
"methane_baseline.xmodel","manual_1637345578273",model_only,985,0,0,0,0,0,0,338.46403,0,0,0,338.46403
"methane_baseline.xmodel","manual_1637345578273",model_only,986,3,0,0,0,0,0,334.91555,0,0,0,334.91555
"methane_baseline.xmodel","manual_1637345578273",model_only,987,1,0,0,0,0,0,338.54258,0,0,0,338.54258
"methane_baseline.xmodel","manual_1637345578273",model_only,988,2,0,0,0,0,0,334.79574,0,0,0,334.79574
"methane_baseline.xmodel","manual_1637345578273",model_only,989,0,0,0,0,0,0,338.49655,0,0,0,338.49655
"methane_baseline.xmodel","manual_1637345578273",model_only,990,3,0,0,0,0,0,336.41451,0,0,0,336.41451
"methane_baseline.xmodel","manual_1637345578273",model_only,991,1,0,0,0,0,0,339.46125,0,0,0,339.46125
"methane_baseline.xmodel","manual_1637345578273",model_only,992,2,0,0,0,0,0,335.60327,0,0,0,335.60327
"methane_baseline.xmodel","manual_1637345578273",model_only,993,0,0,0,0,0,0,338.87795,0,0,0,338.87795
"methane_baseline.xmodel","manual_1637345578273",model_only,994,3,0,0,0,0,0,335.82023,0,0,0,335.82023
"methane_baseline.xmodel","manual_1637345578273",model_only,995,1,0,0,0,0,0,339.29543,0,0,0,339.29543
"methane_baseline.xmodel","manual_1637345578273",model_only,996,2,0,0,0,0,0,335.27053,0,0,0,335.27053
"methane_baseline.xmodel","manual_1637345578273",model_only,997,0,0,0,0,0,0,338.63779,0,0,0,338.63779
"methane_baseline.xmodel","manual_1637345578273",model_only,998,3,0,0,0,0,0,335.33754,0,0,0,335.33754
"methane_baseline.xmodel","manual_1637345578273",model_only,999,1,0,0,0,0,0,338.54542,0,0,0,338.54542
"methane_baseline.xmodel","manual_1637345578273",model_only,1000,2,0,0,0,0,0,335.47142,0,0,0,335.47142
"methane_baseline.xmodel","manual_1637345578273",model_only,1001,0,0,0,0,0,0,338.61973,0,0,0,338.61973
"methane_baseline.xmodel","manual_1637345578273",model_only,1002,3,0,0,0,0,0,335.53779,0,0,0,335.53779
"methane_baseline.xmodel","manual_1637345578273",model_only,1003,1,0,0,0,0,0,338.49669,0,0,0,338.49669
"methane_baseline.xmodel","manual_1637345578273",model_only,1004,2,0,0,0,0,0,335.79533,0,0,0,335.79533
"methane_baseline.xmodel","manual_1637345578273",model_only,1005,0,0,0,0,0,0,338.35756,0,0,0,338.35756
"methane_baseline.xmodel","manual_1637345578273",model_only,1006,3,0,0,0,0,0,336.21086,0,0,0,336.21086
"methane_baseline.xmodel","manual_1637345578273",model_only,1007,1,0,0,0,0,0,338.49687,0,0,0,338.49687
"methane_baseline.xmodel","manual_1637345578273",model_only,1008,2,0,0,0,0,0,336.24749,0,0,0,336.24749
"methane_baseline.xmodel","manual_1637345578273",model_only,1009,0,0,0,0,0,0,340.0063,0,0,0,340.0063
"methane_baseline.xmodel","manual_1637345578273",model_only,1010,3,0,0,0,0,0,335.97822,0,0,0,335.97822
"methane_baseline.xmodel","manual_1637345578273",model_only,1011,1,0,0,0,0,0,338.26471,0,0,0,338.26471
"methane_baseline.xmodel","manual_1637345578273",model_only,1012,2,0,0,0,0,0,335.21862,0,0,0,335.21862
"methane_baseline.xmodel","manual_1637345578273",model_only,1013,0,0,0,0,0,0,337.82677,0,0,0,337.82677
"methane_baseline.xmodel","manual_1637345578273",model_only,1014,3,0,0,0,0,0,335.26399,0,0,0,335.26399
"methane_baseline.xmodel","manual_1637345578273",model_only,1015,1,0,0,0,0,0,337.76467,0,0,0,337.76467
"methane_baseline.xmodel","manual_1637345578273",model_only,1016,2,0,0,0,0,0,335.59026,0,0,0,335.59026
"methane_baseline.xmodel","manual_1637345578273",model_only,1017,0,0,0,0,0,0,337.98877,0,0,0,337.98877
"methane_baseline.xmodel","manual_1637345578273",model_only,1018,3,0,0,0,0,0,335.57817,0,0,0,335.57817
"methane_baseline.xmodel","manual_1637345578273",model_only,1019,1,0,0,0,0,0,337.83414,0,0,0,337.83414
"methane_baseline.xmodel","manual_1637345578273",model_only,1020,2,0,0,0,0,0,335.79005,0,0,0,335.79005
"methane_baseline.xmodel","manual_1637345578273",model_only,1021,0,0,0,0,0,0,338.04346,0,0,0,338.04346
"methane_baseline.xmodel","manual_1637345578273",model_only,1022,3,0,0,0,0,0,335.91997,0,0,0,335.91997
"methane_baseline.xmodel","manual_1637345578273",model_only,1023,1,0,0,0,0,0,338.40888,0,0,0,338.40888
"methane_baseline.xmodel","manual_1637345578273",model_only,1024,2,0,0,0,0,0,335.34522,0,0,0,335.34522
"methane_baseline.xmodel","manual_1637345578273",model_only,1025,0,0,0,0,0,0,338.02755,0,0,0,338.02755
"methane_baseline.xmodel","manual_1637345578273",model_only,1026,3,0,0,0,0,0,335.73632,0,0,0,335.73632
"methane_baseline.xmodel","manual_1637345578273",model_only,1027,1,0,0,0,0,0,338.09346,0,0,0,338.09346
"methane_baseline.xmodel","manual_1637345578273",model_only,1028,2,0,0,0,0,0,336.24315,0,0,0,336.24315
"methane_baseline.xmodel","manual_1637345578273",model_only,1029,0,0,0,0,0,0,338.54645,0,0,0,338.54645
"methane_baseline.xmodel","manual_1637345578273",model_only,1030,3,0,0,0,0,0,336.32593,0,0,0,336.32593
"methane_baseline.xmodel","manual_1637345578273",model_only,1031,1,0,0,0,0,0,338.36822,0,0,0,338.36822
"methane_baseline.xmodel","manual_1637345578273",model_only,1032,2,0,0,0,0,0,335.41238,0,0,0,335.41238
"methane_baseline.xmodel","manual_1637345578273",model_only,1033,0,0,0,0,0,0,338.9099,0,0,0,338.9099
"methane_baseline.xmodel","manual_1637345578273",model_only,1034,3,0,0,0,0,0,335.59664,0,0,0,335.59664
"methane_baseline.xmodel","manual_1637345578273",model_only,1035,1,0,0,0,0,0,338.11681,0,0,0,338.11681
"methane_baseline.xmodel","manual_1637345578273",model_only,1036,2,0,0,0,0,0,335.47382,0,0,0,335.47382
"methane_baseline.xmodel","manual_1637345578273",model_only,1037,0,0,0,0,0,0,338.10542,0,0,0,338.10542
"methane_baseline.xmodel","manual_1637345578273",model_only,1038,3,0,0,0,0,0,335.4405,0,0,0,335.4405
"methane_baseline.xmodel","manual_1637345578273",model_only,1039,1,0,0,0,0,0,338.14889,0,0,0,338.14889
"methane_baseline.xmodel","manual_1637345578273",model_only,1040,2,0,0,0,0,0,335.6339,0,0,0,335.6339
"methane_baseline.xmodel","manual_1637345578273",model_only,1041,0,0,0,0,0,0,337.97222,0,0,0,337.97222
"methane_baseline.xmodel","manual_1637345578273",model_only,1042,3,0,0,0,0,0,335.48418,0,0,0,335.48418
"methane_baseline.xmodel","manual_1637345578273",model_only,1043,1,0,0,0,0,0,338.00903,0,0,0,338.00903
"methane_baseline.xmodel","manual_1637345578273",model_only,1044,2,0,0,0,0,0,335.56593,0,0,0,335.56593
"methane_baseline.xmodel","manual_1637345578273",model_only,1045,0,0,0,0,0,0,337.83173,0,0,0,337.83173
"methane_baseline.xmodel","manual_1637345578273",model_only,1046,3,0,0,0,0,0,335.62522,0,0,0,335.62522
"methane_baseline.xmodel","manual_1637345578273",model_only,1047,1,0,0,0,0,0,338.34963,0,0,0,338.34963
"methane_baseline.xmodel","manual_1637345578273",model_only,1048,2,0,0,0,0,0,335.42956,0,0,0,335.42956
"methane_baseline.xmodel","manual_1637345578273",model_only,1049,0,0,0,0,0,0,340.24506,0,0,0,340.24506
"methane_baseline.xmodel","manual_1637345578273",model_only,1050,3,0,0,0,0,0,335.6014,0,0,0,335.6014
"methane_baseline.xmodel","manual_1637345578273",model_only,1051,1,0,0,0,0,0,338.18039,0,0,0,338.18039
"methane_baseline.xmodel","manual_1637345578273",model_only,1052,2,0,0,0,0,0,335.2392,0,0,0,335.2392
"methane_baseline.xmodel","manual_1637345578273",model_only,1053,0,0,0,0,0,0,337.94458,0,0,0,337.94458
"methane_baseline.xmodel","manual_1637345578273",model_only,1054,3,0,0,0,0,0,334.9305,0,0,0,334.9305
"methane_baseline.xmodel","manual_1637345578273",model_only,1055,1,0,0,0,0,0,337.95545,0,0,0,337.95545
"methane_baseline.xmodel","manual_1637345578273",model_only,1056,2,0,0,0,0,0,335.35556,0,0,0,335.35556
"methane_baseline.xmodel","manual_1637345578273",model_only,1057,0,0,0,0,0,0,337.97182,0,0,0,337.97182
"methane_baseline.xmodel","manual_1637345578273",model_only,1058,3,0,0,0,0,0,334.93231,0,0,0,334.93231
"methane_baseline.xmodel","manual_1637345578273",model_only,1059,1,0,0,0,0,0,337.85077,0,0,0,337.85077
"methane_baseline.xmodel","manual_1637345578273",model_only,1060,2,0,0,0,0,0,334.97464,0,0,0,334.97464
"methane_baseline.xmodel","manual_1637345578273",model_only,1061,0,0,0,0,0,0,337.75609,0,0,0,337.75609
"methane_baseline.xmodel","manual_1637345578273",model_only,1062,3,0,0,0,0,0,334.90011,0,0,0,334.90011
"methane_baseline.xmodel","manual_1637345578273",model_only,1063,1,0,0,0,0,0,337.77936,0,0,0,337.77936
"methane_baseline.xmodel","manual_1637345578273",model_only,1064,2,0,0,0,0,0,335.12261,0,0,0,335.12261
"methane_baseline.xmodel","manual_1637345578273",model_only,1065,0,0,0,0,0,0,338.13685,0,0,0,338.13685
"methane_baseline.xmodel","manual_1637345578273",model_only,1066,3,0,0,0,0,0,334.78612,0,0,0,334.78612
"methane_baseline.xmodel","manual_1637345578273",model_only,1067,1,0,0,0,0,0,337.80855,0,0,0,337.80855
"methane_baseline.xmodel","manual_1637345578273",model_only,1068,2,0,0,0,0,0,334.65849,0,0,0,334.65849
"methane_baseline.xmodel","manual_1637345578273",model_only,1069,0,0,0,0,0,0,337.99929,0,0,0,337.99929
"methane_baseline.xmodel","manual_1637345578273",model_only,1070,3,0,0,0,0,0,334.68733,0,0,0,334.68733
"methane_baseline.xmodel","manual_1637345578273",model_only,1071,1,0,0,0,0,0,338.39551,0,0,0,338.39551
"methane_baseline.xmodel","manual_1637345578273",model_only,1072,2,0,0,0,0,0,334.89613,0,0,0,334.89613
"methane_baseline.xmodel","manual_1637345578273",model_only,1073,0,0,0,0,0,0,338.3251,0,0,0,338.3251
"methane_baseline.xmodel","manual_1637345578273",model_only,1074,3,0,0,0,0,0,334.81643,0,0,0,334.81643
"methane_baseline.xmodel","manual_1637345578273",model_only,1075,1,0,0,0,0,0,338.39039,0,0,0,338.39039
"methane_baseline.xmodel","manual_1637345578273",model_only,1076,2,0,0,0,0,0,334.90207,0,0,0,334.90207
"methane_baseline.xmodel","manual_1637345578273",model_only,1077,0,0,0,0,0,0,338.49274,0,0,0,338.49274
"methane_baseline.xmodel","manual_1637345578273",model_only,1078,3,0,0,0,0,0,335.65856,0,0,0,335.65856
"methane_baseline.xmodel","manual_1637345578273",model_only,1079,1,0,0,0,0,0,339.22043,0,0,0,339.22043
"methane_baseline.xmodel","manual_1637345578273",model_only,1080,2,0,0,0,0,0,335.00671,0,0,0,335.00671
"methane_baseline.xmodel","manual_1637345578273",model_only,1081,0,0,0,0,0,0,340.49208,0,0,0,340.49208
"methane_baseline.xmodel","manual_1637345578273",model_only,1082,3,0,0,0,0,0,335.2196,0,0,0,335.2196
"methane_baseline.xmodel","manual_1637345578273",model_only,1083,1,0,0,0,0,0,338.5707,0,0,0,338.5707
"methane_baseline.xmodel","manual_1637345578273",model_only,1084,2,0,0,0,0,0,335.28952,0,0,0,335.28952
"methane_baseline.xmodel","manual_1637345578273",model_only,1085,0,0,0,0,0,0,338.82839,0,0,0,338.82839
"methane_baseline.xmodel","manual_1637345578273",model_only,1086,3,0,0,0,0,0,335.29649,0,0,0,335.29649
"methane_baseline.xmodel","manual_1637345578273",model_only,1087,1,0,0,0,0,0,338.5984,0,0,0,338.5984
"methane_baseline.xmodel","manual_1637345578273",model_only,1088,2,0,0,0,0,0,335.25988,0,0,0,335.25988
"methane_baseline.xmodel","manual_1637345578273",model_only,1089,0,0,0,0,0,0,338.67181,0,0,0,338.67181
"methane_baseline.xmodel","manual_1637345578273",model_only,1090,3,0,0,0,0,0,335.21796,0,0,0,335.21796
"methane_baseline.xmodel","manual_1637345578273",model_only,1091,1,0,0,0,0,0,338.76379,0,0,0,338.76379
"methane_baseline.xmodel","manual_1637345578273",model_only,1092,2,0,0,0,0,0,335.23853,0,0,0,335.23853
"methane_baseline.xmodel","manual_1637345578273",model_only,1093,0,0,0,0,0,0,338.85248,0,0,0,338.85248
"methane_baseline.xmodel","manual_1637345578273",model_only,1094,3,0,0,0,0,0,335.31668,0,0,0,335.31668
"methane_baseline.xmodel","manual_1637345578273",model_only,1095,1,0,0,0,0,0,338.89328,0,0,0,338.89328
"methane_baseline.xmodel","manual_1637345578273",model_only,1096,2,0,0,0,0,0,335.56981,0,0,0,335.56981
"methane_baseline.xmodel","manual_1637345578273",model_only,1097,0,0,0,0,0,0,339.32116,0,0,0,339.32116
"methane_baseline.xmodel","manual_1637345578273",model_only,1098,3,0,0,0,0,0,335.43695,0,0,0,335.43695
"methane_baseline.xmodel","manual_1637345578273",model_only,1099,1,0,0,0,0,0,339.56376,0,0,0,339.56376
"methane_baseline.xmodel","manual_1637345578273",model_only,1100,2,0,0,0,0,0,335.52987,0,0,0,335.52987
"methane_baseline.xmodel","manual_1637345578273",model_only,1101,0,0,0,0,0,0,339.5455,0,0,0,339.5455
"methane_baseline.xmodel","manual_1637345578273",model_only,1102,3,0,0,0,0,0,335.58027,0,0,0,335.58027
"methane_baseline.xmodel","manual_1637345578273",model_only,1103,1,0,0,0,0,0,339.50482,0,0,0,339.50482
"methane_baseline.xmodel","manual_1637345578273",model_only,1104,2,0,0,0,0,0,335.6322,0,0,0,335.6322
"methane_baseline.xmodel","manual_1637345578273",model_only,1105,0,0,0,0,0,0,339.57142,0,0,0,339.57142
"methane_baseline.xmodel","manual_1637345578273",model_only,1106,3,0,0,0,0,0,337.06113,0,0,0,337.06113
"methane_baseline.xmodel","manual_1637345578273",model_only,1107,1,0,0,0,0,0,340.21404,0,0,0,340.21404
"methane_baseline.xmodel","manual_1637345578273",model_only,1108,2,0,0,0,0,0,336.08513,0,0,0,336.08513
"methane_baseline.xmodel","manual_1637345578273",model_only,1109,0,0,0,0,0,0,342.58379,0,0,0,342.58379
"methane_baseline.xmodel","manual_1637345578273",model_only,1110,3,0,0,0,0,0,339.2849,0,0,0,339.2849
"methane_baseline.xmodel","manual_1637345578273",model_only,1111,2,0,0,0,0,0,336.38919,0,0,0,336.38919
"methane_baseline.xmodel","manual_1637345578273",model_only,1112,1,0,0,0,0,0,339.85582,0,0,0,339.85582
"methane_baseline.xmodel","manual_1637345578273",model_only,1113,3,0,0,0,0,0,336.01067,0,0,0,336.01067
"methane_baseline.xmodel","manual_1637345578273",model_only,1114,0,0,0,0,0,0,339.26534,0,0,0,339.26534
"methane_baseline.xmodel","manual_1637345578273",model_only,1115,2,0,0,0,0,0,335.92546,0,0,0,335.92546
"methane_baseline.xmodel","manual_1637345578273",model_only,1116,1,0,0,0,0,0,339.3382,0,0,0,339.3382
"methane_baseline.xmodel","manual_1637345578273",model_only,1117,3,0,0,0,0,0,335.97162,0,0,0,335.97162
"methane_baseline.xmodel","manual_1637345578273",model_only,1118,0,0,0,0,0,0,339.09643,0,0,0,339.09643
"methane_baseline.xmodel","manual_1637345578273",model_only,1119,2,0,0,0,0,0,335.87019,0,0,0,335.87019
"methane_baseline.xmodel","manual_1637345578273",model_only,1120,1,0,0,0,0,0,339.1724,0,0,0,339.1724
"methane_baseline.xmodel","manual_1637345578273",model_only,1121,3,0,0,0,0,0,335.96246,0,0,0,335.96246
"methane_baseline.xmodel","manual_1637345578273",model_only,1122,0,0,0,0,0,0,339.12833,0,0,0,339.12833
"methane_baseline.xmodel","manual_1637345578273",model_only,1123,2,0,0,0,0,0,335.98275,0,0,0,335.98275
"methane_baseline.xmodel","manual_1637345578273",model_only,1124,1,0,0,0,0,0,339.09987,0,0,0,339.09987
"methane_baseline.xmodel","manual_1637345578273",model_only,1125,3,0,0,0,0,0,335.50691,0,0,0,335.50691
"methane_baseline.xmodel","manual_1637345578273",model_only,1126,0,0,0,0,0,0,338.88086,0,0,0,338.88086
"methane_baseline.xmodel","manual_1637345578273",model_only,1127,2,0,0,0,0,0,335.70828,0,0,0,335.70828
"methane_baseline.xmodel","manual_1637345578273",model_only,1128,1,0,0,0,0,0,338.96492,0,0,0,338.96492
"methane_baseline.xmodel","manual_1637345578273",model_only,1129,3,0,0,0,0,0,335.68317,0,0,0,335.68317
"methane_baseline.xmodel","manual_1637345578273",model_only,1130,0,0,0,0,0,0,338.78728,0,0,0,338.78728
"methane_baseline.xmodel","manual_1637345578273",model_only,1131,2,0,0,0,0,0,335.51485,0,0,0,335.51485
"methane_baseline.xmodel","manual_1637345578273",model_only,1132,1,0,0,0,0,0,338.83882,0,0,0,338.83882
"methane_baseline.xmodel","manual_1637345578273",model_only,1133,3,0,0,0,0,0,335.67863,0,0,0,335.67863
"methane_baseline.xmodel","manual_1637345578273",model_only,1134,0,0,0,0,0,0,338.5736,0,0,0,338.5736
"methane_baseline.xmodel","manual_1637345578273",model_only,1135,2,0,0,0,0,0,335.73826,0,0,0,335.73826
"methane_baseline.xmodel","manual_1637345578273",model_only,1136,1,0,0,0,0,0,338.63653,0,0,0,338.63653
"methane_baseline.xmodel","manual_1637345578273",model_only,1137,3,0,0,0,0,0,335.46488,0,0,0,335.46488
"methane_baseline.xmodel","manual_1637345578273",model_only,1138,0,0,0,0,0,0,338.54232,0,0,0,338.54232
"methane_baseline.xmodel","manual_1637345578273",model_only,1139,2,0,0,0,0,0,335.72273,0,0,0,335.72273
"methane_baseline.xmodel","manual_1637345578273",model_only,1140,1,0,0,0,0,0,338.24052,0,0,0,338.24052
"methane_baseline.xmodel","manual_1637345578273",model_only,1141,3,0,0,0,0,0,337.21643,0,0,0,337.21643
"methane_baseline.xmodel","manual_1637345578273",model_only,1142,0,0,0,0,0,0,338.78089,0,0,0,338.78089
"methane_baseline.xmodel","manual_1637345578273",model_only,1143,2,0,0,0,0,0,337.68198,0,0,0,337.68198
"methane_baseline.xmodel","manual_1637345578273",model_only,1144,1,0,0,0,0,0,338.56028,0,0,0,338.56028
"methane_baseline.xmodel","manual_1637345578273",model_only,1145,3,0,0,0,0,0,338.09183,0,0,0,338.09183
"methane_baseline.xmodel","manual_1637345578273",model_only,1146,0,0,0,0,0,0,338.67689,0,0,0,338.67689
"methane_baseline.xmodel","manual_1637345578273",model_only,1147,2,0,0,0,0,0,337.13062,0,0,0,337.13062
"methane_baseline.xmodel","manual_1637345578273",model_only,1148,1,0,0,0,0,0,338.49754,0,0,0,338.49754
"methane_baseline.xmodel","manual_1637345578273",model_only,1149,3,0,0,0,0,0,336.42006,0,0,0,336.42006
"methane_baseline.xmodel","manual_1637345578273",model_only,1150,0,0,0,0,0,0,338.37484,0,0,0,338.37484
"methane_baseline.xmodel","manual_1637345578273",model_only,1151,2,0,0,0,0,0,335.46805,0,0,0,335.46805
"methane_baseline.xmodel","manual_1637345578273",model_only,1152,1,0,0,0,0,0,338.7584,0,0,0,338.7584
"methane_baseline.xmodel","manual_1637345578273",model_only,1153,3,0,0,0,0,0,335.20364,0,0,0,335.20364
"methane_baseline.xmodel","manual_1637345578273",model_only,1154,0,0,0,0,0,0,337.93615,0,0,0,337.93615
"methane_baseline.xmodel","manual_1637345578273",model_only,1155,2,0,0,0,0,0,335.36957,0,0,0,335.36957
"methane_baseline.xmodel","manual_1637345578273",model_only,1156,1,0,0,0,0,0,337.78194,0,0,0,337.78194
"methane_baseline.xmodel","manual_1637345578273",model_only,1157,3,0,0,0,0,0,335.34925,0,0,0,335.34925
"methane_baseline.xmodel","manual_1637345578273",model_only,1158,0,0,0,0,0,0,337.72456,0,0,0,337.72456
"methane_baseline.xmodel","manual_1637345578273",model_only,1159,2,0,0,0,0,0,335.28864,0,0,0,335.28864
"methane_baseline.xmodel","manual_1637345578273",model_only,1160,1,0,0,0,0,0,337.80968,0,0,0,337.80968
"methane_baseline.xmodel","manual_1637345578273",model_only,1161,3,0,0,0,0,0,335.24531,0,0,0,335.24531
"methane_baseline.xmodel","manual_1637345578273",model_only,1162,0,0,0,0,0,0,337.75693,0,0,0,337.75693
"methane_baseline.xmodel","manual_1637345578273",model_only,1163,2,0,0,0,0,0,334.97293,0,0,0,334.97293
"methane_baseline.xmodel","manual_1637345578273",model_only,1164,1,0,0,0,0,0,337.6281,0,0,0,337.6281
"methane_baseline.xmodel","manual_1637345578273",model_only,1165,3,0,0,0,0,0,334.96233,0,0,0,334.96233
"methane_baseline.xmodel","manual_1637345578273",model_only,1166,0,0,0,0,0,0,337.60799,0,0,0,337.60799
"methane_baseline.xmodel","manual_1637345578273",model_only,1167,2,0,0,0,0,0,334.61561,0,0,0,334.61561
"methane_baseline.xmodel","manual_1637345578273",model_only,1168,1,0,0,0,0,0,337.67255,0,0,0,337.67255
"methane_baseline.xmodel","manual_1637345578273",model_only,1169,3,0,0,0,0,0,334.93256,0,0,0,334.93256
"methane_baseline.xmodel","manual_1637345578273",model_only,1170,0,0,0,0,0,0,338.00606,0,0,0,338.00606
"methane_baseline.xmodel","manual_1637345578273",model_only,1171,2,0,0,0,0,0,334.81236,0,0,0,334.81236
"methane_baseline.xmodel","manual_1637345578273",model_only,1172,1,0,0,0,0,0,337.96752,0,0,0,337.96752
"methane_baseline.xmodel","manual_1637345578273",model_only,1173,3,0,0,0,0,0,334.80238,0,0,0,334.80238
"methane_baseline.xmodel","manual_1637345578273",model_only,1174,0,0,0,0,0,0,337.72785,0,0,0,337.72785
"methane_baseline.xmodel","manual_1637345578273",model_only,1175,2,0,0,0,0,0,334.96282,0,0,0,334.96282
"methane_baseline.xmodel","manual_1637345578273",model_only,1176,1,0,0,0,0,0,337.65322,0,0,0,337.65322
"methane_baseline.xmodel","manual_1637345578273",model_only,1177,3,0,0,0,0,0,334.9847,0,0,0,334.9847
"methane_baseline.xmodel","manual_1637345578273",model_only,1178,0,0,0,0,0,0,337.72695,0,0,0,337.72695
"methane_baseline.xmodel","manual_1637345578273",model_only,1179,2,0,0,0,0,0,335.14812,0,0,0,335.14812
"methane_baseline.xmodel","manual_1637345578273",model_only,1180,1,0,0,0,0,0,337.82034,0,0,0,337.82034
"methane_baseline.xmodel","manual_1637345578273",model_only,1181,3,0,0,0,0,0,334.97665,0,0,0,334.97665
"methane_baseline.xmodel","manual_1637345578273",model_only,1182,0,0,0,0,0,0,337.73509,0,0,0,337.73509
"methane_baseline.xmodel","manual_1637345578273",model_only,1183,2,0,0,0,0,0,336.18805,0,0,0,336.18805
"methane_baseline.xmodel","manual_1637345578273",model_only,1184,1,0,0,0,0,0,338.33484,0,0,0,338.33484
"methane_baseline.xmodel","manual_1637345578273",model_only,1185,3,0,0,0,0,0,336.94762,0,0,0,336.94762
"methane_baseline.xmodel","manual_1637345578273",model_only,1186,0,0,0,0,0,0,338.2807,0,0,0,338.2807
"methane_baseline.xmodel","manual_1637345578273",model_only,1187,2,0,0,0,0,0,335.56614,0,0,0,335.56614
"methane_baseline.xmodel","manual_1637345578273",model_only,1188,1,0,0,0,0,0,338.36143,0,0,0,338.36143
"methane_baseline.xmodel","manual_1637345578273",model_only,1189,3,0,0,0,0,0,335.1921,0,0,0,335.1921
"methane_baseline.xmodel","manual_1637345578273",model_only,1190,0,0,0,0,0,0,338.6782,0,0,0,338.6782
"methane_baseline.xmodel","manual_1637345578273",model_only,1191,2,0,0,0,0,0,334.96421,0,0,0,334.96421
"methane_baseline.xmodel","manual_1637345578273",model_only,1192,1,0,0,0,0,0,338.6376,0,0,0,338.6376
"methane_baseline.xmodel","manual_1637345578273",model_only,1193,3,0,0,0,0,0,334.88377,0,0,0,334.88377
"methane_baseline.xmodel","manual_1637345578273",model_only,1194,0,0,0,0,0,0,338.5127,0,0,0,338.5127
"methane_baseline.xmodel","manual_1637345578273",model_only,1195,2,0,0,0,0,0,334.85285,0,0,0,334.85285
"methane_baseline.xmodel","manual_1637345578273",model_only,1196,1,0,0,0,0,0,338.42744,0,0,0,338.42744
"methane_baseline.xmodel","manual_1637345578273",model_only,1197,3,0,0,0,0,0,335.06502,0,0,0,335.06502
"methane_baseline.xmodel","manual_1637345578273",model_only,1198,0,0,0,0,0,0,338.54872,0,0,0,338.54872
"methane_baseline.xmodel","manual_1637345578273",model_only,1199,2,0,0,0,0,0,335.27614,0,0,0,335.27614
"methane_baseline.xmodel","manual_1637345578273",model_only,1200,1,0,0,0,0,0,338.51855,0,0,0,338.51855
"methane_baseline.xmodel","manual_1637345578273",model_only,1201,3,0,0,0,0,0,335.04729,0,0,0,335.04729
"methane_baseline.xmodel","manual_1637345578273",model_only,1202,0,0,0,0,0,0,339.16233,0,0,0,339.16233
"methane_baseline.xmodel","manual_1637345578273",model_only,1203,2,0,0,0,0,0,335.26149,0,0,0,335.26149
"methane_baseline.xmodel","manual_1637345578273",model_only,1204,1,0,0,0,0,0,338.59357,0,0,0,338.59357
"methane_baseline.xmodel","manual_1637345578273",model_only,1205,3,0,0,0,0,0,334.9554,0,0,0,334.9554
"methane_baseline.xmodel","manual_1637345578273",model_only,1206,0,0,0,0,0,0,338.36965,0,0,0,338.36965
"methane_baseline.xmodel","manual_1637345578273",model_only,1207,2,0,0,0,0,0,335.05089,0,0,0,335.05089
"methane_baseline.xmodel","manual_1637345578273",model_only,1208,1,0,0,0,0,0,338.47546,0,0,0,338.47546
"methane_baseline.xmodel","manual_1637345578273",model_only,1209,3,0,0,0,0,0,335.01468,0,0,0,335.01468
"methane_baseline.xmodel","manual_1637345578273",model_only,1210,0,0,0,0,0,0,338.40087,0,0,0,338.40087
"methane_baseline.xmodel","manual_1637345578273",model_only,1211,2,0,0,0,0,0,334.82355,0,0,0,334.82355
"methane_baseline.xmodel","manual_1637345578273",model_only,1212,1,0,0,0,0,0,338.57869,0,0,0,338.57869
"methane_baseline.xmodel","manual_1637345578273",model_only,1213,3,0,0,0,0,0,334.80156,0,0,0,334.80156
"methane_baseline.xmodel","manual_1637345578273",model_only,1214,0,0,0,0,0,0,338.48049,0,0,0,338.48049
"methane_baseline.xmodel","manual_1637345578273",model_only,1215,2,0,0,0,0,0,336.52014,0,0,0,336.52014
"methane_baseline.xmodel","manual_1637345578273",model_only,1216,1,0,0,0,0,0,339.30411,0,0,0,339.30411
"methane_baseline.xmodel","manual_1637345578273",model_only,1217,3,0,0,0,0,0,335.6408,0,0,0,335.6408
"methane_baseline.xmodel","manual_1637345578273",model_only,1218,0,0,0,0,0,0,339.00086,0,0,0,339.00086
"methane_baseline.xmodel","manual_1637345578273",model_only,1219,2,0,0,0,0,0,335.65319,0,0,0,335.65319
"methane_baseline.xmodel","manual_1637345578273",model_only,1220,1,0,0,0,0,0,339.31661,0,0,0,339.31661
"methane_baseline.xmodel","manual_1637345578273",model_only,1221,3,0,0,0,0,0,335.22723,0,0,0,335.22723
"methane_baseline.xmodel","manual_1637345578273",model_only,1222,0,0,0,0,0,0,338.59318,0,0,0,338.59318
"methane_baseline.xmodel","manual_1637345578273",model_only,1223,2,0,0,0,0,0,335.42416,0,0,0,335.42416
"methane_baseline.xmodel","manual_1637345578273",model_only,1224,1,0,0,0,0,0,338.44217,0,0,0,338.44217
"methane_baseline.xmodel","manual_1637345578273",model_only,1225,3,0,0,0,0,0,335.47862,0,0,0,335.47862
"methane_baseline.xmodel","manual_1637345578273",model_only,1226,0,0,0,0,0,0,338.59421,0,0,0,338.59421
"methane_baseline.xmodel","manual_1637345578273",model_only,1227,2,0,0,0,0,0,335.55727,0,0,0,335.55727
"methane_baseline.xmodel","manual_1637345578273",model_only,1228,1,0,0,0,0,0,338.59232,0,0,0,338.59232
"methane_baseline.xmodel","manual_1637345578273",model_only,1229,3,0,0,0,0,0,336.17237,0,0,0,336.17237
"methane_baseline.xmodel","manual_1637345578273",model_only,1230,0,0,0,0,0,0,338.51274,0,0,0,338.51274
"methane_baseline.xmodel","manual_1637345578273",model_only,1231,2,0,0,0,0,0,336.21706,0,0,0,336.21706
"methane_baseline.xmodel","manual_1637345578273",model_only,1232,1,0,0,0,0,0,338.26475,0,0,0,338.26475
"methane_baseline.xmodel","manual_1637345578273",model_only,1233,3,0,0,0,0,0,336.74207,0,0,0,336.74207
"methane_baseline.xmodel","manual_1637345578273",model_only,1234,0,0,0,0,0,0,340.01831,0,0,0,340.01831
"methane_baseline.xmodel","manual_1637345578273",model_only,1235,2,0,0,0,0,0,335.79723,0,0,0,335.79723
"methane_baseline.xmodel","manual_1637345578273",model_only,1236,1,0,0,0,0,0,338.85843,0,0,0,338.85843
"methane_baseline.xmodel","manual_1637345578273",model_only,1237,3,0,0,0,0,0,335.33926,0,0,0,335.33926
"methane_baseline.xmodel","manual_1637345578273",model_only,1238,0,0,0,0,0,0,338.07553,0,0,0,338.07553
"methane_baseline.xmodel","manual_1637345578273",model_only,1239,2,0,0,0,0,0,335.40743,0,0,0,335.40743
"methane_baseline.xmodel","manual_1637345578273",model_only,1240,1,0,0,0,0,0,337.79899,0,0,0,337.79899
"methane_baseline.xmodel","manual_1637345578273",model_only,1241,3,0,0,0,0,0,335.68277,0,0,0,335.68277
"methane_baseline.xmodel","manual_1637345578273",model_only,1242,0,0,0,0,0,0,337.98187,0,0,0,337.98187
"methane_baseline.xmodel","manual_1637345578273",model_only,1243,2,0,0,0,0,0,335.6044,0,0,0,335.6044
"methane_baseline.xmodel","manual_1637345578273",model_only,1244,1,0,0,0,0,0,337.88613,0,0,0,337.88613
"methane_baseline.xmodel","manual_1637345578273",model_only,1245,3,0,0,0,0,0,335.83015,0,0,0,335.83015
"methane_baseline.xmodel","manual_1637345578273",model_only,1246,0,0,0,0,0,0,337.92995,0,0,0,337.92995
"methane_baseline.xmodel","manual_1637345578273",model_only,1247,2,0,0,0,0,0,335.61661,0,0,0,335.61661
"methane_baseline.xmodel","manual_1637345578273",model_only,1248,1,0,0,0,0,0,338.303,0,0,0,338.303
"methane_baseline.xmodel","manual_1637345578273",model_only,1249,3,0,0,0,0,0,335.46162,0,0,0,335.46162
"methane_baseline.xmodel","manual_1637345578273",model_only,1250,0,0,0,0,0,0,338.10184,0,0,0,338.10184
"methane_baseline.xmodel","manual_1637345578273",model_only,1251,2,0,0,0,0,0,335.5057,0,0,0,335.5057
"methane_baseline.xmodel","manual_1637345578273",model_only,1252,1,0,0,0,0,0,338.16851,0,0,0,338.16851
"methane_baseline.xmodel","manual_1637345578273",model_only,1253,3,0,0,0,0,0,336.10838,0,0,0,336.10838
"methane_baseline.xmodel","manual_1637345578273",model_only,1254,0,0,0,0,0,0,338.65525,0,0,0,338.65525
"methane_baseline.xmodel","manual_1637345578273",model_only,1255,2,0,0,0,0,0,335.89249,0,0,0,335.89249
"methane_baseline.xmodel","manual_1637345578273",model_only,1256,1,0,0,0,0,0,338.34164,0,0,0,338.34164
"methane_baseline.xmodel","manual_1637345578273",model_only,1257,3,0,0,0,0,0,335.80557,0,0,0,335.80557
"methane_baseline.xmodel","manual_1637345578273",model_only,1258,0,0,0,0,0,0,338.88885,0,0,0,338.88885
"methane_baseline.xmodel","manual_1637345578273",model_only,1259,2,0,0,0,0,0,335.60143,0,0,0,335.60143
"methane_baseline.xmodel","manual_1637345578273",model_only,1260,1,0,0,0,0,0,338.0093,0,0,0,338.0093
"methane_baseline.xmodel","manual_1637345578273",model_only,1261,3,0,0,0,0,0,335.48069,0,0,0,335.48069
"methane_baseline.xmodel","manual_1637345578273",model_only,1262,0,0,0,0,0,0,338.35009,0,0,0,338.35009
"methane_baseline.xmodel","manual_1637345578273",model_only,1263,2,0,0,0,0,0,335.48687,0,0,0,335.48687
"methane_baseline.xmodel","manual_1637345578273",model_only,1264,1,0,0,0,0,0,337.98469,0,0,0,337.98469
"methane_baseline.xmodel","manual_1637345578273",model_only,1265,3,0,0,0,0,0,335.57047,0,0,0,335.57047
"methane_baseline.xmodel","manual_1637345578273",model_only,1266,0,0,0,0,0,0,337.98143,0,0,0,337.98143
"methane_baseline.xmodel","manual_1637345578273",model_only,1267,2,0,0,0,0,0,335.62813,0,0,0,335.62813
"methane_baseline.xmodel","manual_1637345578273",model_only,1268,1,0,0,0,0,0,337.94981,0,0,0,337.94981
"methane_baseline.xmodel","manual_1637345578273",model_only,1269,3,0,0,0,0,0,335.60597,0,0,0,335.60597
"methane_baseline.xmodel","manual_1637345578273",model_only,1270,0,0,0,0,0,0,337.70507,0,0,0,337.70507
"methane_baseline.xmodel","manual_1637345578273",model_only,1271,2,0,0,0,0,0,335.75665,0,0,0,335.75665
"methane_baseline.xmodel","manual_1637345578273",model_only,1272,1,0,0,0,0,0,338.09355,0,0,0,338.09355
"methane_baseline.xmodel","manual_1637345578273",model_only,1273,3,0,0,0,0,0,335.42933,0,0,0,335.42933
"methane_baseline.xmodel","manual_1637345578273",model_only,1274,0,0,0,0,0,0,340.31087,0,0,0,340.31087
"methane_baseline.xmodel","manual_1637345578273",model_only,1275,2,0,0,0,0,0,335.66315,0,0,0,335.66315
"methane_baseline.xmodel","manual_1637345578273",model_only,1276,1,0,0,0,0,0,338.20573,0,0,0,338.20573
"methane_baseline.xmodel","manual_1637345578273",model_only,1277,3,0,0,0,0,0,335.2123,0,0,0,335.2123
"methane_baseline.xmodel","manual_1637345578273",model_only,1278,0,0,0,0,0,0,338.11896,0,0,0,338.11896
"methane_baseline.xmodel","manual_1637345578273",model_only,1279,2,0,0,0,0,0,334.98326,0,0,0,334.98326
"methane_baseline.xmodel","manual_1637345578273",model_only,1280,1,0,0,0,0,0,337.95012,0,0,0,337.95012
"methane_baseline.xmodel","manual_1637345578273",model_only,1281,3,0,0,0,0,0,334.81253,0,0,0,334.81253
"methane_baseline.xmodel","manual_1637345578273",model_only,1282,0,0,0,0,0,0,338.07555,0,0,0,338.07555
"methane_baseline.xmodel","manual_1637345578273",model_only,1283,2,0,0,0,0,0,334.83225,0,0,0,334.83225
"methane_baseline.xmodel","manual_1637345578273",model_only,1284,1,0,0,0,0,0,337.93666,0,0,0,337.93666
"methane_baseline.xmodel","manual_1637345578273",model_only,1285,3,0,0,0,0,0,334.90459,0,0,0,334.90459
"methane_baseline.xmodel","manual_1637345578273",model_only,1286,0,0,0,0,0,0,337.89112,0,0,0,337.89112
"methane_baseline.xmodel","manual_1637345578273",model_only,1287,2,0,0,0,0,0,335.03073,0,0,0,335.03073
"methane_baseline.xmodel","manual_1637345578273",model_only,1288,1,0,0,0,0,0,337.90289,0,0,0,337.90289
"methane_baseline.xmodel","manual_1637345578273",model_only,1289,3,0,0,0,0,0,335.04831,0,0,0,335.04831
"methane_baseline.xmodel","manual_1637345578273",model_only,1290,0,0,0,0,0,0,338.12324,0,0,0,338.12324
"methane_baseline.xmodel","manual_1637345578273",model_only,1291,2,0,0,0,0,0,334.8125,0,0,0,334.8125
"methane_baseline.xmodel","manual_1637345578273",model_only,1292,1,0,0,0,0,0,338.23422,0,0,0,338.23422
"methane_baseline.xmodel","manual_1637345578273",model_only,1293,3,0,0,0,0,0,334.68209,0,0,0,334.68209
"methane_baseline.xmodel","manual_1637345578273",model_only,1294,0,0,0,0,0,0,338.21084,0,0,0,338.21084
"methane_baseline.xmodel","manual_1637345578273",model_only,1295,2,0,0,0,0,0,334.7006,0,0,0,334.7006
"methane_baseline.xmodel","manual_1637345578273",model_only,1296,1,0,0,0,0,0,338.42562,0,0,0,338.42562
"methane_baseline.xmodel","manual_1637345578273",model_only,1297,3,0,0,0,0,0,334.73762,0,0,0,334.73762
"methane_baseline.xmodel","manual_1637345578273",model_only,1298,0,0,0,0,0,0,338.04225,0,0,0,338.04225
"methane_baseline.xmodel","manual_1637345578273",model_only,1299,2,0,0,0,0,0,334.74093,0,0,0,334.74093
"methane_baseline.xmodel","manual_1637345578273",model_only,1300,1,0,0,0,0,0,338.08663,0,0,0,338.08663
"methane_baseline.xmodel","manual_1637345578273",model_only,1301,3,0,0,0,0,0,334.97423,0,0,0,334.97423
"methane_baseline.xmodel","manual_1637345578273",model_only,1302,0,0,0,0,0,0,338.57131,0,0,0,338.57131
"methane_baseline.xmodel","manual_1637345578273",model_only,1303,2,0,0,0,0,0,335.46331,0,0,0,335.46331
"methane_baseline.xmodel","manual_1637345578273",model_only,1304,1,0,0,0,0,0,341.39624,0,0,0,341.39624
"methane_baseline.xmodel","manual_1637345578273",model_only,1305,3,0,0,0,0,0,335.16171,0,0,0,335.16171
"methane_baseline.xmodel","manual_1637345578273",model_only,1306,0,0,0,0,0,0,338.6895,0,0,0,338.6895
"methane_baseline.xmodel","manual_1637345578273",model_only,1307,2,0,0,0,0,0,335.24048,0,0,0,335.24048
"methane_baseline.xmodel","manual_1637345578273",model_only,1308,1,0,0,0,0,0,338.53173,0,0,0,338.53173
"methane_baseline.xmodel","manual_1637345578273",model_only,1309,3,0,0,0,0,0,335.30332,0,0,0,335.30332
"methane_baseline.xmodel","manual_1637345578273",model_only,1310,0,0,0,0,0,0,338.46351,0,0,0,338.46351
"methane_baseline.xmodel","manual_1637345578273",model_only,1311,2,0,0,0,0,0,335.31121,0,0,0,335.31121
"methane_baseline.xmodel","manual_1637345578273",model_only,1312,1,0,0,0,0,0,338.43847,0,0,0,338.43847
"methane_baseline.xmodel","manual_1637345578273",model_only,1313,3,0,0,0,0,0,335.41503,0,0,0,335.41503
"methane_baseline.xmodel","manual_1637345578273",model_only,1314,0,0,0,0,0,0,338.52236,0,0,0,338.52236
"methane_baseline.xmodel","manual_1637345578273",model_only,1315,2,0,0,0,0,0,335.16424,0,0,0,335.16424
"methane_baseline.xmodel","manual_1637345578273",model_only,1316,1,0,0,0,0,0,338.61754,0,0,0,338.61754
"methane_baseline.xmodel","manual_1637345578273",model_only,1317,3,0,0,0,0,0,335.61138,0,0,0,335.61138
"methane_baseline.xmodel","manual_1637345578273",model_only,1318,0,0,0,0,0,0,338.89356,0,0,0,338.89356
"methane_baseline.xmodel","manual_1637345578273",model_only,1319,2,0,0,0,0,0,335.25527,0,0,0,335.25527
"methane_baseline.xmodel","manual_1637345578273",model_only,1320,1,0,0,0,0,0,339.00627,0,0,0,339.00627
"methane_baseline.xmodel","manual_1637345578273",model_only,1321,3,0,0,0,0,0,335.40883,0,0,0,335.40883
"methane_baseline.xmodel","manual_1637345578273",model_only,1322,0,0,0,0,0,0,339.15374,0,0,0,339.15374
"methane_baseline.xmodel","manual_1637345578273",model_only,1323,2,0,0,0,0,0,335.55755,0,0,0,335.55755
"methane_baseline.xmodel","manual_1637345578273",model_only,1324,1,0,0,0,0,0,339.70075,0,0,0,339.70075
"methane_baseline.xmodel","manual_1637345578273",model_only,1325,3,0,0,0,0,0,335.49111,0,0,0,335.49111
"methane_baseline.xmodel","manual_1637345578273",model_only,1326,0,0,0,0,0,0,339.45721,0,0,0,339.45721
"methane_baseline.xmodel","manual_1637345578273",model_only,1327,2,0,0,0,0,0,335.6592,0,0,0,335.6592
"methane_baseline.xmodel","manual_1637345578273",model_only,1328,1,0,0,0,0,0,339.37549,0,0,0,339.37549
"methane_baseline.xmodel","manual_1637345578273",model_only,1329,3,0,0,0,0,0,335.8296,0,0,0,335.8296
"methane_baseline.xmodel","manual_1637345578273",model_only,1330,0,0,0,0,0,0,339.6233,0,0,0,339.6233
"methane_baseline.xmodel","manual_1637345578273",model_only,1331,2,0,0,0,0,0,337.10204,0,0,0,337.10204
"methane_baseline.xmodel","manual_1637345578273",model_only,1332,1,0,0,0,0,0,340.07007,0,0,0,340.07007
"methane_baseline.xmodel","manual_1637345578273",model_only,1333,3,0,0,0,0,0,336.12116,0,0,0,336.12116
"methane_baseline.xmodel","manual_1637345578273",model_only,1334,0,0,0,0,0,0,342.54875,0,0,0,342.54875
"methane_baseline.xmodel","manual_1637345578273",model_only,1335,2,0,0,0,0,0,339.287,0,0,0,339.287
"methane_baseline.xmodel","manual_1637345578273",model_only,1336,3,0,0,0,0,0,336.3985,0,0,0,336.3985
"methane_baseline.xmodel","manual_1637345578273",model_only,1337,1,0,0,0,0,0,339.77243,0,0,0,339.77243
"methane_baseline.xmodel","manual_1637345578273",model_only,1338,2,0,0,0,0,0,336.15801,0,0,0,336.15801
"methane_baseline.xmodel","manual_1637345578273",model_only,1339,0,0,0,0,0,0,339.24914,0,0,0,339.24914
"methane_baseline.xmodel","manual_1637345578273",model_only,1340,3,0,0,0,0,0,336.06599,0,0,0,336.06599
"methane_baseline.xmodel","manual_1637345578273",model_only,1341,1,0,0,0,0,0,339.52272,0,0,0,339.52272
"methane_baseline.xmodel","manual_1637345578273",model_only,1342,2,0,0,0,0,0,335.96936,0,0,0,335.96936
"methane_baseline.xmodel","manual_1637345578273",model_only,1343,0,0,0,0,0,0,338.98197,0,0,0,338.98197
"methane_baseline.xmodel","manual_1637345578273",model_only,1344,3,0,0,0,0,0,336.18418,0,0,0,336.18418
"methane_baseline.xmodel","manual_1637345578273",model_only,1345,1,0,0,0,0,0,339.06004,0,0,0,339.06004
"methane_baseline.xmodel","manual_1637345578273",model_only,1346,2,0,0,0,0,0,335.91285,0,0,0,335.91285
"methane_baseline.xmodel","manual_1637345578273",model_only,1347,0,0,0,0,0,0,339.11033,0,0,0,339.11033
"methane_baseline.xmodel","manual_1637345578273",model_only,1348,3,0,0,0,0,0,336.84869,0,0,0,336.84869
"methane_baseline.xmodel","manual_1637345578273",model_only,1349,1,0,0,0,0,0,339.22931,0,0,0,339.22931
"methane_baseline.xmodel","manual_1637345578273",model_only,1350,2,0,0,0,0,0,335.84715,0,0,0,335.84715
"methane_baseline.xmodel","manual_1637345578273",model_only,1351,0,0,0,0,0,0,338.97597,0,0,0,338.97597
"methane_baseline.xmodel","manual_1637345578273",model_only,1352,3,0,0,0,0,0,335.35058,0,0,0,335.35058
"methane_baseline.xmodel","manual_1637345578273",model_only,1353,1,0,0,0,0,0,338.87111,0,0,0,338.87111
"methane_baseline.xmodel","manual_1637345578273",model_only,1354,2,0,0,0,0,0,335.40584,0,0,0,335.40584
"methane_baseline.xmodel","manual_1637345578273",model_only,1355,0,0,0,0,0,0,339.03688,0,0,0,339.03688
"methane_baseline.xmodel","manual_1637345578273",model_only,1356,3,0,0,0,0,0,335.5743,0,0,0,335.5743
"methane_baseline.xmodel","manual_1637345578273",model_only,1357,1,0,0,0,0,0,338.7719,0,0,0,338.7719
"methane_baseline.xmodel","manual_1637345578273",model_only,1358,2,0,0,0,0,0,335.39956,0,0,0,335.39956
"methane_baseline.xmodel","manual_1637345578273",model_only,1359,0,0,0,0,0,0,338.78457,0,0,0,338.78457
"methane_baseline.xmodel","manual_1637345578273",model_only,1360,3,0,0,0,0,0,335.36265,0,0,0,335.36265
"methane_baseline.xmodel","manual_1637345578273",model_only,1361,1,0,0,0,0,0,338.6424,0,0,0,338.6424
"methane_baseline.xmodel","manual_1637345578273",model_only,1362,2,0,0,0,0,0,335.36282,0,0,0,335.36282
"methane_baseline.xmodel","manual_1637345578273",model_only,1363,0,0,0,0,0,0,338.55517,0,0,0,338.55517
"methane_baseline.xmodel","manual_1637345578273",model_only,1364,3,0,0,0,0,0,335.73193,0,0,0,335.73193
"methane_baseline.xmodel","manual_1637345578273",model_only,1365,1,0,0,0,0,0,338.36865,0,0,0,338.36865
"methane_baseline.xmodel","manual_1637345578273",model_only,1366,2,0,0,0,0,0,337.2617,0,0,0,337.2617
"methane_baseline.xmodel","manual_1637345578273",model_only,1367,0,0,0,0,0,0,338.80029,0,0,0,338.80029
"methane_baseline.xmodel","manual_1637345578273",model_only,1368,3,0,0,0,0,0,337.58356,0,0,0,337.58356
"methane_baseline.xmodel","manual_1637345578273",model_only,1369,1,0,0,0,0,0,338.36559,0,0,0,338.36559
"methane_baseline.xmodel","manual_1637345578273",model_only,1370,2,0,0,0,0,0,338.14872,0,0,0,338.14872
"methane_baseline.xmodel","manual_1637345578273",model_only,1371,0,0,0,0,0,0,338.63619,0,0,0,338.63619
"methane_baseline.xmodel","manual_1637345578273",model_only,1372,3,0,0,0,0,0,337.33702,0,0,0,337.33702
"methane_baseline.xmodel","manual_1637345578273",model_only,1373,1,0,0,0,0,0,338.61316,0,0,0,338.61316
"methane_baseline.xmodel","manual_1637345578273",model_only,1374,2,0,0,0,0,0,336.8993,0,0,0,336.8993
"methane_baseline.xmodel","manual_1637345578273",model_only,1375,0,0,0,0,0,0,338.41521,0,0,0,338.41521
"methane_baseline.xmodel","manual_1637345578273",model_only,1376,3,0,0,0,0,0,335.78799,0,0,0,335.78799
"methane_baseline.xmodel","manual_1637345578273",model_only,1377,1,0,0,0,0,0,338.5538,0,0,0,338.5538
"methane_baseline.xmodel","manual_1637345578273",model_only,1378,2,0,0,0,0,0,335.61159,0,0,0,335.61159
"methane_baseline.xmodel","manual_1637345578273",model_only,1379,0,0,0,0,0,0,338.40992,0,0,0,338.40992
"methane_baseline.xmodel","manual_1637345578273",model_only,1380,3,0,0,0,0,0,335.22461,0,0,0,335.22461
"methane_baseline.xmodel","manual_1637345578273",model_only,1381,1,0,0,0,0,0,337.65805,0,0,0,337.65805
"methane_baseline.xmodel","manual_1637345578273",model_only,1382,2,0,0,0,0,0,335.41121,0,0,0,335.41121
"methane_baseline.xmodel","manual_1637345578273",model_only,1383,0,0,0,0,0,0,337.83463,0,0,0,337.83463
"methane_baseline.xmodel","manual_1637345578273",model_only,1384,3,0,0,0,0,0,335.32088,0,0,0,335.32088
"methane_baseline.xmodel","manual_1637345578273",model_only,1385,1,0,0,0,0,0,337.67752,0,0,0,337.67752
"methane_baseline.xmodel","manual_1637345578273",model_only,1386,2,0,0,0,0,0,335.07636,0,0,0,335.07636
"methane_baseline.xmodel","manual_1637345578273",model_only,1387,0,0,0,0,0,0,337.86996,0,0,0,337.86996
"methane_baseline.xmodel","manual_1637345578273",model_only,1388,3,0,0,0,0,0,335.00625,0,0,0,335.00625
"methane_baseline.xmodel","manual_1637345578273",model_only,1389,1,0,0,0,0,0,337.71517,0,0,0,337.71517
"methane_baseline.xmodel","manual_1637345578273",model_only,1390,2,0,0,0,0,0,335.10223,0,0,0,335.10223
"methane_baseline.xmodel","manual_1637345578273",model_only,1391,0,0,0,0,0,0,337.84836,0,0,0,337.84836
"methane_baseline.xmodel","manual_1637345578273",model_only,1392,3,0,0,0,0,0,334.69874,0,0,0,334.69874
"methane_baseline.xmodel","manual_1637345578273",model_only,1393,1,0,0,0,0,0,337.55497,0,0,0,337.55497
"methane_baseline.xmodel","manual_1637345578273",model_only,1394,2,0,0,0,0,0,334.86349,0,0,0,334.86349
"methane_baseline.xmodel","manual_1637345578273",model_only,1395,0,0,0,0,0,0,337.9452,0,0,0,337.9452
"methane_baseline.xmodel","manual_1637345578273",model_only,1396,3,0,0,0,0,0,334.97284,0,0,0,334.97284
"methane_baseline.xmodel","manual_1637345578273",model_only,1397,1,0,0,0,0,0,337.97498,0,0,0,337.97498
"methane_baseline.xmodel","manual_1637345578273",model_only,1398,2,0,0,0,0,0,334.70214,0,0,0,334.70214
"methane_baseline.xmodel","manual_1637345578273",model_only,1399,0,0,0,0,0,0,337.84314,0,0,0,337.84314
"methane_baseline.xmodel","manual_1637345578273",model_only,1400,3,0,0,0,0,0,334.99143,0,0,0,334.99143
"methane_baseline.xmodel","manual_1637345578273",model_only,1401,1,0,0,0,0,0,337.907,0,0,0,337.907
"methane_baseline.xmodel","manual_1637345578273",model_only,1402,2,0,0,0,0,0,335.02671,0,0,0,335.02671
"methane_baseline.xmodel","manual_1637345578273",model_only,1403,0,0,0,0,0,0,337.75278,0,0,0,337.75278
"methane_baseline.xmodel","manual_1637345578273",model_only,1404,3,0,0,0,0,0,335.02665,0,0,0,335.02665
"methane_baseline.xmodel","manual_1637345578273",model_only,1405,1,0,0,0,0,0,337.70524,0,0,0,337.70524
"methane_baseline.xmodel","manual_1637345578273",model_only,1406,2,0,0,0,0,0,334.99475,0,0,0,334.99475
"methane_baseline.xmodel","manual_1637345578273",model_only,1407,0,0,0,0,0,0,337.61477,0,0,0,337.61477
"methane_baseline.xmodel","manual_1637345578273",model_only,1408,3,0,0,0,0,0,335.53587,0,0,0,335.53587
"methane_baseline.xmodel","manual_1637345578273",model_only,1409,1,0,0,0,0,0,338.16055,0,0,0,338.16055
"methane_baseline.xmodel","manual_1637345578273",model_only,1410,2,0,0,0,0,0,336.75293,0,0,0,336.75293
"methane_baseline.xmodel","manual_1637345578273",model_only,1411,0,0,0,0,0,0,338.33864,0,0,0,338.33864
"methane_baseline.xmodel","manual_1637345578273",model_only,1412,3,0,0,0,0,0,336.16799,0,0,0,336.16799
"methane_baseline.xmodel","manual_1637345578273",model_only,1413,1,0,0,0,0,0,338.44652,0,0,0,338.44652
"methane_baseline.xmodel","manual_1637345578273",model_only,1414,2,0,0,0,0,0,335.08866,0,0,0,335.08866
"methane_baseline.xmodel","manual_1637345578273",model_only,1415,0,0,0,0,0,0,338.71374,0,0,0,338.71374
"methane_baseline.xmodel","manual_1637345578273",model_only,1416,3,0,0,0,0,0,335.15665,0,0,0,335.15665
"methane_baseline.xmodel","manual_1637345578273",model_only,1417,1,0,0,0,0,0,338.94233,0,0,0,338.94233
"methane_baseline.xmodel","manual_1637345578273",model_only,1418,2,0,0,0,0,0,334.94774,0,0,0,334.94774
"methane_baseline.xmodel","manual_1637345578273",model_only,1419,0,0,0,0,0,0,338.41997,0,0,0,338.41997
"methane_baseline.xmodel","manual_1637345578273",model_only,1420,3,0,0,0,0,0,334.85227,0,0,0,334.85227
"methane_baseline.xmodel","manual_1637345578273",model_only,1421,1,0,0,0,0,0,338.47058,0,0,0,338.47058
"methane_baseline.xmodel","manual_1637345578273",model_only,1422,2,0,0,0,0,0,334.99812,0,0,0,334.99812
"methane_baseline.xmodel","manual_1637345578273",model_only,1423,0,0,0,0,0,0,338.40187,0,0,0,338.40187
"methane_baseline.xmodel","manual_1637345578273",model_only,1424,3,0,0,0,0,0,335.41817,0,0,0,335.41817
"methane_baseline.xmodel","manual_1637345578273",model_only,1425,1,0,0,0,0,0,338.45837,0,0,0,338.45837
"methane_baseline.xmodel","manual_1637345578273",model_only,1426,2,0,0,0,0,0,334.87633,0,0,0,334.87633
"methane_baseline.xmodel","manual_1637345578273",model_only,1427,0,0,0,0,0,0,339.1977,0,0,0,339.1977
"methane_baseline.xmodel","manual_1637345578273",model_only,1428,3,0,0,0,0,0,335.42525,0,0,0,335.42525
"methane_baseline.xmodel","manual_1637345578273",model_only,1429,1,0,0,0,0,0,338.55569,0,0,0,338.55569
"methane_baseline.xmodel","manual_1637345578273",model_only,1430,2,0,0,0,0,0,335.02163,0,0,0,335.02163
"methane_baseline.xmodel","manual_1637345578273",model_only,1431,0,0,0,0,0,0,338.37156,0,0,0,338.37156
"methane_baseline.xmodel","manual_1637345578273",model_only,1432,3,0,0,0,0,0,335.02539,0,0,0,335.02539
"methane_baseline.xmodel","manual_1637345578273",model_only,1433,1,0,0,0,0,0,338.58767,0,0,0,338.58767
"methane_baseline.xmodel","manual_1637345578273",model_only,1434,2,0,0,0,0,0,335.08131,0,0,0,335.08131
"methane_baseline.xmodel","manual_1637345578273",model_only,1435,0,0,0,0,0,0,338.58774,0,0,0,338.58774
"methane_baseline.xmodel","manual_1637345578273",model_only,1436,3,0,0,0,0,0,335.08798,0,0,0,335.08798
"methane_baseline.xmodel","manual_1637345578273",model_only,1437,1,0,0,0,0,0,338.85078,0,0,0,338.85078
"methane_baseline.xmodel","manual_1637345578273",model_only,1438,2,0,0,0,0,0,334.79373,0,0,0,334.79373
"methane_baseline.xmodel","manual_1637345578273",model_only,1439,0,0,0,0,0,0,338.55172,0,0,0,338.55172
"methane_baseline.xmodel","manual_1637345578273",model_only,1440,3,0,0,0,0,0,336.42404,0,0,0,336.42404
"methane_baseline.xmodel","manual_1637345578273",model_only,1441,1,0,0,0,0,0,339.58478,0,0,0,339.58478
"methane_baseline.xmodel","manual_1637345578273",model_only,1442,2,0,0,0,0,0,335.59787,0,0,0,335.59787
"methane_baseline.xmodel","manual_1637345578273",model_only,1443,0,0,0,0,0,0,338.95585,0,0,0,338.95585
"methane_baseline.xmodel","manual_1637345578273",model_only,1444,3,0,0,0,0,0,336.20699,0,0,0,336.20699
"methane_baseline.xmodel","manual_1637345578273",model_only,1445,1,0,0,0,0,0,339.58308,0,0,0,339.58308
"methane_baseline.xmodel","manual_1637345578273",model_only,1446,2,0,0,0,0,0,335.17087,0,0,0,335.17087
"methane_baseline.xmodel","manual_1637345578273",model_only,1447,0,0,0,0,0,0,338.74357,0,0,0,338.74357
"methane_baseline.xmodel","manual_1637345578273",model_only,1448,3,0,0,0,0,0,335.35418,0,0,0,335.35418
"methane_baseline.xmodel","manual_1637345578273",model_only,1449,1,0,0,0,0,0,338.47336,0,0,0,338.47336
"methane_baseline.xmodel","manual_1637345578273",model_only,1450,2,0,0,0,0,0,335.44085,0,0,0,335.44085
"methane_baseline.xmodel","manual_1637345578273",model_only,1451,0,0,0,0,0,0,338.69347,0,0,0,338.69347
"methane_baseline.xmodel","manual_1637345578273",model_only,1452,3,0,0,0,0,0,335.53144,0,0,0,335.53144
"methane_baseline.xmodel","manual_1637345578273",model_only,1453,1,0,0,0,0,0,338.54453,0,0,0,338.54453
"methane_baseline.xmodel","manual_1637345578273",model_only,1454,2,0,0,0,0,0,335.88365,0,0,0,335.88365
"methane_baseline.xmodel","manual_1637345578273",model_only,1455,0,0,0,0,0,0,338.45986,0,0,0,338.45986
"methane_baseline.xmodel","manual_1637345578273",model_only,1456,3,0,0,0,0,0,336.33007,0,0,0,336.33007
"methane_baseline.xmodel","manual_1637345578273",model_only,1457,1,0,0,0,0,0,338.30838,0,0,0,338.30838
"methane_baseline.xmodel","manual_1637345578273",model_only,1458,2,0,0,0,0,0,336.80528,0,0,0,336.80528
"methane_baseline.xmodel","manual_1637345578273",model_only,1459,0,0,0,0,0,0,340.05257,0,0,0,340.05257
"methane_baseline.xmodel","manual_1637345578273",model_only,1460,3,0,0,0,0,0,335.91116,0,0,0,335.91116
"methane_baseline.xmodel","manual_1637345578273",model_only,1461,1,0,0,0,0,0,338.60847,0,0,0,338.60847
"methane_baseline.xmodel","manual_1637345578273",model_only,1462,2,0,0,0,0,0,335.16513,0,0,0,335.16513
"methane_baseline.xmodel","manual_1637345578273",model_only,1463,0,0,0,0,0,0,337.84437,0,0,0,337.84437
"methane_baseline.xmodel","manual_1637345578273",model_only,1464,3,0,0,0,0,0,335.20846,0,0,0,335.20846
"methane_baseline.xmodel","manual_1637345578273",model_only,1465,1,0,0,0,0,0,337.7791,0,0,0,337.7791
"methane_baseline.xmodel","manual_1637345578273",model_only,1466,2,0,0,0,0,0,335.62732,0,0,0,335.62732
"methane_baseline.xmodel","manual_1637345578273",model_only,1467,0,0,0,0,0,0,338.08784,0,0,0,338.08784
"methane_baseline.xmodel","manual_1637345578273",model_only,1468,3,0,0,0,0,0,335.70898,0,0,0,335.70898
"methane_baseline.xmodel","manual_1637345578273",model_only,1469,1,0,0,0,0,0,337.83524,0,0,0,337.83524
"methane_baseline.xmodel","manual_1637345578273",model_only,1470,2,0,0,0,0,0,335.76175,0,0,0,335.76175
"methane_baseline.xmodel","manual_1637345578273",model_only,1471,0,0,0,0,0,0,337.82886,0,0,0,337.82886
"methane_baseline.xmodel","manual_1637345578273",model_only,1472,3,0,0,0,0,0,335.68865,0,0,0,335.68865
"methane_baseline.xmodel","manual_1637345578273",model_only,1473,1,0,0,0,0,0,338.16238,0,0,0,338.16238
"methane_baseline.xmodel","manual_1637345578273",model_only,1474,2,0,0,0,0,0,335.70965,0,0,0,335.70965
"methane_baseline.xmodel","manual_1637345578273",model_only,1475,0,0,0,0,0,0,338.04898,0,0,0,338.04898
"methane_baseline.xmodel","manual_1637345578273",model_only,1476,3,0,0,0,0,0,335.7485,0,0,0,335.7485
"methane_baseline.xmodel","manual_1637345578273",model_only,1477,1,0,0,0,0,0,338.1259,0,0,0,338.1259
"methane_baseline.xmodel","manual_1637345578273",model_only,1478,2,0,0,0,0,0,336.03135,0,0,0,336.03135
"methane_baseline.xmodel","manual_1637345578273",model_only,1479,0,0,0,0,0,0,338.38458,0,0,0,338.38458
"methane_baseline.xmodel","manual_1637345578273",model_only,1480,3,0,0,0,0,0,336.11395,0,0,0,336.11395
"methane_baseline.xmodel","manual_1637345578273",model_only,1481,1,0,0,0,0,0,338.34499,0,0,0,338.34499
"methane_baseline.xmodel","manual_1637345578273",model_only,1482,2,0,0,0,0,0,335.27895,0,0,0,335.27895
"methane_baseline.xmodel","manual_1637345578273",model_only,1483,0,0,0,0,0,0,338.85532,0,0,0,338.85532
"methane_baseline.xmodel","manual_1637345578273",model_only,1484,3,0,0,0,0,0,335.42949,0,0,0,335.42949
"methane_baseline.xmodel","manual_1637345578273",model_only,1485,1,0,0,0,0,0,338.109,0,0,0,338.109
"methane_baseline.xmodel","manual_1637345578273",model_only,1486,2,0,0,0,0,0,335.63131,0,0,0,335.63131
"methane_baseline.xmodel","manual_1637345578273",model_only,1487,0,0,0,0,0,0,338.22694,0,0,0,338.22694
"methane_baseline.xmodel","manual_1637345578273",model_only,1488,3,0,0,0,0,0,335.61916,0,0,0,335.61916
"methane_baseline.xmodel","manual_1637345578273",model_only,1489,1,0,0,0,0,0,337.91403,0,0,0,337.91403
"methane_baseline.xmodel","manual_1637345578273",model_only,1490,2,0,0,0,0,0,335.6992,0,0,0,335.6992
"methane_baseline.xmodel","manual_1637345578273",model_only,1491,0,0,0,0,0,0,338.1943,0,0,0,338.1943
"methane_baseline.xmodel","manual_1637345578273",model_only,1492,3,0,0,0,0,0,335.48571,0,0,0,335.48571
"methane_baseline.xmodel","manual_1637345578273",model_only,1493,1,0,0,0,0,0,338.10774,0,0,0,338.10774
"methane_baseline.xmodel","manual_1637345578273",model_only,1494,2,0,0,0,0,0,335.64061,0,0,0,335.64061
"methane_baseline.xmodel","manual_1637345578273",model_only,1495,0,0,0,0,0,0,337.70527,0,0,0,337.70527
"methane_baseline.xmodel","manual_1637345578273",model_only,1496,3,0,0,0,0,0,335.7118,0,0,0,335.7118
"methane_baseline.xmodel","manual_1637345578273",model_only,1497,1,0,0,0,0,0,337.97279,0,0,0,337.97279
"methane_baseline.xmodel","manual_1637345578273",model_only,1498,2,0,0,0,0,0,335.59691,0,0,0,335.59691
"methane_baseline.xmodel","manual_1637345578273",model_only,1499,0,0,0,0,0,0,339.92778,0,0,0,339.92778
"methane_baseline.xmodel","manual_1637345578273",model_only,1500,3,0,0,0,0,0,335.66549,0,0,0,335.66549
"methane_baseline.xmodel","manual_1637345578273",model_only,1501,1,0,0,0,0,0,338.92915,0,0,0,338.92915
"methane_baseline.xmodel","manual_1637345578273",model_only,1502,2,0,0,0,0,0,335.27294,0,0,0,335.27294
"methane_baseline.xmodel","manual_1637345578273",model_only,1503,0,0,0,0,0,0,338.00166,0,0,0,338.00166
"methane_baseline.xmodel","manual_1637345578273",model_only,1504,3,0,0,0,0,0,335.02068,0,0,0,335.02068
"methane_baseline.xmodel","manual_1637345578273",model_only,1505,1,0,0,0,0,0,337.95361,0,0,0,337.95361
"methane_baseline.xmodel","manual_1637345578273",model_only,1506,2,0,0,0,0,0,335.00964,0,0,0,335.00964
"methane_baseline.xmodel","manual_1637345578273",model_only,1507,0,0,0,0,0,0,337.89732,0,0,0,337.89732
"methane_baseline.xmodel","manual_1637345578273",model_only,1508,3,0,0,0,0,0,334.83359,0,0,0,334.83359
"methane_baseline.xmodel","manual_1637345578273",model_only,1509,1,0,0,0,0,0,337.94308,0,0,0,337.94308
"methane_baseline.xmodel","manual_1637345578273",model_only,1510,2,0,0,0,0,0,334.8077,0,0,0,334.8077
"methane_baseline.xmodel","manual_1637345578273",model_only,1511,0,0,0,0,0,0,337.87489,0,0,0,337.87489
"methane_baseline.xmodel","manual_1637345578273",model_only,1512,3,0,0,0,0,0,334.97164,0,0,0,334.97164
"methane_baseline.xmodel","manual_1637345578273",model_only,1513,1,0,0,0,0,0,338.01823,0,0,0,338.01823
"methane_baseline.xmodel","manual_1637345578273",model_only,1514,2,0,0,0,0,0,335.01504,0,0,0,335.01504
"methane_baseline.xmodel","manual_1637345578273",model_only,1515,0,0,0,0,0,0,338.05358,0,0,0,338.05358
"methane_baseline.xmodel","manual_1637345578273",model_only,1516,3,0,0,0,0,0,334.98158,0,0,0,334.98158
"methane_baseline.xmodel","manual_1637345578273",model_only,1517,1,0,0,0,0,0,338.03303,0,0,0,338.03303
"methane_baseline.xmodel","manual_1637345578273",model_only,1518,2,0,0,0,0,0,334.59222,0,0,0,334.59222
"methane_baseline.xmodel","manual_1637345578273",model_only,1519,0,0,0,0,0,0,338.09639,0,0,0,338.09639
"methane_baseline.xmodel","manual_1637345578273",model_only,1520,3,0,0,0,0,0,334.76038,0,0,0,334.76038
"methane_baseline.xmodel","manual_1637345578273",model_only,1521,1,0,0,0,0,0,338.48254,0,0,0,338.48254
"methane_baseline.xmodel","manual_1637345578273",model_only,1522,2,0,0,0,0,0,334.74125,0,0,0,334.74125
"methane_baseline.xmodel","manual_1637345578273",model_only,1523,0,0,0,0,0,0,338.37584,0,0,0,338.37584
"methane_baseline.xmodel","manual_1637345578273",model_only,1524,3,0,0,0,0,0,334.76265,0,0,0,334.76265
"methane_baseline.xmodel","manual_1637345578273",model_only,1525,1,0,0,0,0,0,337.90734,0,0,0,337.90734
"methane_baseline.xmodel","manual_1637345578273",model_only,1526,2,0,0,0,0,0,334.7934,0,0,0,334.7934
"methane_baseline.xmodel","manual_1637345578273",model_only,1527,0,0,0,0,0,0,338.53818,0,0,0,338.53818
"methane_baseline.xmodel","manual_1637345578273",model_only,1528,3,0,0,0,0,0,335.6055,0,0,0,335.6055
"methane_baseline.xmodel","manual_1637345578273",model_only,1529,1,0,0,0,0,0,338.97508,0,0,0,338.97508
"methane_baseline.xmodel","manual_1637345578273",model_only,1530,2,0,0,0,0,0,334.89642,0,0,0,334.89642
"methane_baseline.xmodel","manual_1637345578273",model_only,1531,0,0,0,0,0,0,340.56406,0,0,0,340.56406
"methane_baseline.xmodel","manual_1637345578273",model_only,1532,3,0,0,0,0,0,335.17642,0,0,0,335.17642
"methane_baseline.xmodel","manual_1637345578273",model_only,1533,1,0,0,0,0,0,338.33099,0,0,0,338.33099
"methane_baseline.xmodel","manual_1637345578273",model_only,1534,2,0,0,0,0,0,335.28177,0,0,0,335.28177
"methane_baseline.xmodel","manual_1637345578273",model_only,1535,0,0,0,0,0,0,338.65324,0,0,0,338.65324
"methane_baseline.xmodel","manual_1637345578273",model_only,1536,3,0,0,0,0,0,335.33692,0,0,0,335.33692
"methane_baseline.xmodel","manual_1637345578273",model_only,1537,1,0,0,0,0,0,338.68746,0,0,0,338.68746
"methane_baseline.xmodel","manual_1637345578273",model_only,1538,2,0,0,0,0,0,335.32855,0,0,0,335.32855
"methane_baseline.xmodel","manual_1637345578273",model_only,1539,0,0,0,0,0,0,338.63694,0,0,0,338.63694
"methane_baseline.xmodel","manual_1637345578273",model_only,1540,3,0,0,0,0,0,335.54222,0,0,0,335.54222
"methane_baseline.xmodel","manual_1637345578273",model_only,1541,1,0,0,0,0,0,338.95809,0,0,0,338.95809
"methane_baseline.xmodel","manual_1637345578273",model_only,1542,2,0,0,0,0,0,335.15442,0,0,0,335.15442
"methane_baseline.xmodel","manual_1637345578273",model_only,1543,0,0,0,0,0,0,338.79045,0,0,0,338.79045
"methane_baseline.xmodel","manual_1637345578273",model_only,1544,3,0,0,0,0,0,335.21025,0,0,0,335.21025
"methane_baseline.xmodel","manual_1637345578273",model_only,1545,1,0,0,0,0,0,338.74918,0,0,0,338.74918
"methane_baseline.xmodel","manual_1637345578273",model_only,1546,2,0,0,0,0,0,335.4559,0,0,0,335.4559
"methane_baseline.xmodel","manual_1637345578273",model_only,1547,0,0,0,0,0,0,339.28086,0,0,0,339.28086
"methane_baseline.xmodel","manual_1637345578273",model_only,1548,3,0,0,0,0,0,335.54639,0,0,0,335.54639
"methane_baseline.xmodel","manual_1637345578273",model_only,1549,1,0,0,0,0,0,339.507,0,0,0,339.507
"methane_baseline.xmodel","manual_1637345578273",model_only,1550,2,0,0,0,0,0,335.58872,0,0,0,335.58872
"methane_baseline.xmodel","manual_1637345578273",model_only,1551,0,0,0,0,0,0,339.53294,0,0,0,339.53294
"methane_baseline.xmodel","manual_1637345578273",model_only,1552,3,0,0,0,0,0,335.57549,0,0,0,335.57549
"methane_baseline.xmodel","manual_1637345578273",model_only,1553,1,0,0,0,0,0,339.44531,0,0,0,339.44531
"methane_baseline.xmodel","manual_1637345578273",model_only,1554,2,0,0,0,0,0,335.77515,0,0,0,335.77515
"methane_baseline.xmodel","manual_1637345578273",model_only,1555,0,0,0,0,0,0,339.51858,0,0,0,339.51858
"methane_baseline.xmodel","manual_1637345578273",model_only,1556,3,0,0,0,0,0,336.8286,0,0,0,336.8286
"methane_baseline.xmodel","manual_1637345578273",model_only,1557,1,0,0,0,0,0,339.95821,0,0,0,339.95821
"methane_baseline.xmodel","manual_1637345578273",model_only,1558,2,0,0,0,0,0,335.97406,0,0,0,335.97406
"methane_baseline.xmodel","manual_1637345578273",model_only,1559,0,0,0,0,0,0,342.33967,0,0,0,342.33967
"methane_baseline.xmodel","manual_1637345578273",model_only,1560,3,0,0,0,0,0,338.89021,0,0,0,338.89021
"methane_baseline.xmodel","manual_1637345578273",model_only,1561,2,0,0,0,0,0,336.70437,0,0,0,336.70437
"methane_baseline.xmodel","manual_1637345578273",model_only,1562,1,0,0,0,0,0,339.45662,0,0,0,339.45662
"methane_baseline.xmodel","manual_1637345578273",model_only,1563,3,0,0,0,0,0,336.02352,0,0,0,336.02352
"methane_baseline.xmodel","manual_1637345578273",model_only,1564,0,0,0,0,0,0,339.58153,0,0,0,339.58153
"methane_baseline.xmodel","manual_1637345578273",model_only,1565,2,0,0,0,0,0,336.05341,0,0,0,336.05341
"methane_baseline.xmodel","manual_1637345578273",model_only,1566,1,0,0,0,0,0,339.41981,0,0,0,339.41981
"methane_baseline.xmodel","manual_1637345578273",model_only,1567,3,0,0,0,0,0,335.98165,0,0,0,335.98165
"methane_baseline.xmodel","manual_1637345578273",model_only,1568,0,0,0,0,0,0,339.18939,0,0,0,339.18939
"methane_baseline.xmodel","manual_1637345578273",model_only,1569,2,0,0,0,0,0,336.10211,0,0,0,336.10211
"methane_baseline.xmodel","manual_1637345578273",model_only,1570,1,0,0,0,0,0,338.9856,0,0,0,338.9856
"methane_baseline.xmodel","manual_1637345578273",model_only,1571,3,0,0,0,0,0,335.81668,0,0,0,335.81668
"methane_baseline.xmodel","manual_1637345578273",model_only,1572,0,0,0,0,0,0,339.19061,0,0,0,339.19061
"methane_baseline.xmodel","manual_1637345578273",model_only,1573,2,0,0,0,0,0,336.61585,0,0,0,336.61585
"methane_baseline.xmodel","manual_1637345578273",model_only,1574,1,0,0,0,0,0,339.26562,0,0,0,339.26562
"methane_baseline.xmodel","manual_1637345578273",model_only,1575,3,0,0,0,0,0,335.88385,0,0,0,335.88385
"methane_baseline.xmodel","manual_1637345578273",model_only,1576,0,0,0,0,0,0,339.04214,0,0,0,339.04214
"methane_baseline.xmodel","manual_1637345578273",model_only,1577,2,0,0,0,0,0,335.41745,0,0,0,335.41745
"methane_baseline.xmodel","manual_1637345578273",model_only,1578,1,0,0,0,0,0,338.89486,0,0,0,338.89486
"methane_baseline.xmodel","manual_1637345578273",model_only,1579,3,0,0,0,0,0,335.61654,0,0,0,335.61654
"methane_baseline.xmodel","manual_1637345578273",model_only,1580,0,0,0,0,0,0,339.00624,0,0,0,339.00624
"methane_baseline.xmodel","manual_1637345578273",model_only,1581,2,0,0,0,0,0,335.32217,0,0,0,335.32217
"methane_baseline.xmodel","manual_1637345578273",model_only,1582,1,0,0,0,0,0,338.72126,0,0,0,338.72126
"methane_baseline.xmodel","manual_1637345578273",model_only,1583,3,0,0,0,0,0,335.46345,0,0,0,335.46345
"methane_baseline.xmodel","manual_1637345578273",model_only,1584,0,0,0,0,0,0,338.74519,0,0,0,338.74519
"methane_baseline.xmodel","manual_1637345578273",model_only,1585,2,0,0,0,0,0,335.36096,0,0,0,335.36096
"methane_baseline.xmodel","manual_1637345578273",model_only,1586,1,0,0,0,0,0,338.55588,0,0,0,338.55588
"methane_baseline.xmodel","manual_1637345578273",model_only,1587,3,0,0,0,0,0,335.36501,0,0,0,335.36501
"methane_baseline.xmodel","manual_1637345578273",model_only,1588,0,0,0,0,0,0,338.70805,0,0,0,338.70805
"methane_baseline.xmodel","manual_1637345578273",model_only,1589,2,0,0,0,0,0,335.57929,0,0,0,335.57929
"methane_baseline.xmodel","manual_1637345578273",model_only,1590,1,0,0,0,0,0,338.29075,0,0,0,338.29075
"methane_baseline.xmodel","manual_1637345578273",model_only,1591,3,0,0,0,0,0,337.22552,0,0,0,337.22552
"methane_baseline.xmodel","manual_1637345578273",model_only,1592,0,0,0,0,0,0,338.83037,0,0,0,338.83037
"methane_baseline.xmodel","manual_1637345578273",model_only,1593,2,0,0,0,0,0,337.67883,0,0,0,337.67883
"methane_baseline.xmodel","manual_1637345578273",model_only,1594,1,0,0,0,0,0,338.48174,0,0,0,338.48174
"methane_baseline.xmodel","manual_1637345578273",model_only,1595,3,0,0,0,0,0,338.22737,0,0,0,338.22737
"methane_baseline.xmodel","manual_1637345578273",model_only,1596,0,0,0,0,0,0,338.6729,0,0,0,338.6729
"methane_baseline.xmodel","manual_1637345578273",model_only,1597,2,0,0,0,0,0,337.0307,0,0,0,337.0307
"methane_baseline.xmodel","manual_1637345578273",model_only,1598,1,0,0,0,0,0,338.58824,0,0,0,338.58824
"methane_baseline.xmodel","manual_1637345578273",model_only,1599,3,0,0,0,0,0,336.48632,0,0,0,336.48632
"methane_baseline.xmodel","manual_1637345578273",model_only,1600,0,0,0,0,0,0,338.31859,0,0,0,338.31859
"methane_baseline.xmodel","manual_1637345578273",model_only,1601,2,0,0,0,0,0,335.54295,0,0,0,335.54295
"methane_baseline.xmodel","manual_1637345578273",model_only,1602,1,0,0,0,0,0,338.76909,0,0,0,338.76909
"methane_baseline.xmodel","manual_1637345578273",model_only,1603,3,0,0,0,0,0,335.54876,0,0,0,335.54876
"methane_baseline.xmodel","manual_1637345578273",model_only,1604,0,0,0,0,0,0,338.01461,0,0,0,338.01461
"methane_baseline.xmodel","manual_1637345578273",model_only,1605,2,0,0,0,0,0,335.23986,0,0,0,335.23986
"methane_baseline.xmodel","manual_1637345578273",model_only,1606,1,0,0,0,0,0,337.70656,0,0,0,337.70656
"methane_baseline.xmodel","manual_1637345578273",model_only,1607,3,0,0,0,0,0,335.24351,0,0,0,335.24351
"methane_baseline.xmodel","manual_1637345578273",model_only,1608,0,0,0,0,0,0,337.77612,0,0,0,337.77612
"methane_baseline.xmodel","manual_1637345578273",model_only,1609,2,0,0,0,0,0,335.37889,0,0,0,335.37889
"methane_baseline.xmodel","manual_1637345578273",model_only,1610,1,0,0,0,0,0,337.75123,0,0,0,337.75123
"methane_baseline.xmodel","manual_1637345578273",model_only,1611,3,0,0,0,0,0,335.39497,0,0,0,335.39497
"methane_baseline.xmodel","manual_1637345578273",model_only,1612,0,0,0,0,0,0,337.76036,0,0,0,337.76036
"methane_baseline.xmodel","manual_1637345578273",model_only,1613,2,0,0,0,0,0,335.21231,0,0,0,335.21231
"methane_baseline.xmodel","manual_1637345578273",model_only,1614,1,0,0,0,0,0,337.531,0,0,0,337.531
"methane_baseline.xmodel","manual_1637345578273",model_only,1615,3,0,0,0,0,0,335.33289,0,0,0,335.33289
"methane_baseline.xmodel","manual_1637345578273",model_only,1616,0,0,0,0,0,0,337.67776,0,0,0,337.67776
"methane_baseline.xmodel","manual_1637345578273",model_only,1617,2,0,0,0,0,0,334.89426,0,0,0,334.89426
"methane_baseline.xmodel","manual_1637345578273",model_only,1618,1,0,0,0,0,0,337.75059,0,0,0,337.75059
"methane_baseline.xmodel","manual_1637345578273",model_only,1619,3,0,0,0,0,0,334.87702,0,0,0,334.87702
"methane_baseline.xmodel","manual_1637345578273",model_only,1620,0,0,0,0,0,0,338.05308,0,0,0,338.05308
"methane_baseline.xmodel","manual_1637345578273",model_only,1621,2,0,0,0,0,0,334.80494,0,0,0,334.80494
"methane_baseline.xmodel","manual_1637345578273",model_only,1622,1,0,0,0,0,0,337.96299,0,0,0,337.96299
"methane_baseline.xmodel","manual_1637345578273",model_only,1623,3,0,0,0,0,0,334.66364,0,0,0,334.66364
"methane_baseline.xmodel","manual_1637345578273",model_only,1624,0,0,0,0,0,0,337.71208,0,0,0,337.71208
"methane_baseline.xmodel","manual_1637345578273",model_only,1625,2,0,0,0,0,0,334.95527,0,0,0,334.95527
"methane_baseline.xmodel","manual_1637345578273",model_only,1626,1,0,0,0,0,0,337.79629,0,0,0,337.79629
"methane_baseline.xmodel","manual_1637345578273",model_only,1627,3,0,0,0,0,0,335.06181,0,0,0,335.06181
"methane_baseline.xmodel","manual_1637345578273",model_only,1628,0,0,0,0,0,0,337.70033,0,0,0,337.70033
"methane_baseline.xmodel","manual_1637345578273",model_only,1629,2,0,0,0,0,0,334.97838,0,0,0,334.97838
"methane_baseline.xmodel","manual_1637345578273",model_only,1630,1,0,0,0,0,0,337.5205,0,0,0,337.5205
"methane_baseline.xmodel","manual_1637345578273",model_only,1631,3,0,0,0,0,0,335.12836,0,0,0,335.12836
"methane_baseline.xmodel","manual_1637345578273",model_only,1632,0,0,0,0,0,0,337.6608,0,0,0,337.6608
"methane_baseline.xmodel","manual_1637345578273",model_only,1633,2,0,0,0,0,0,335.16764,0,0,0,335.16764
"methane_baseline.xmodel","manual_1637345578273",model_only,1634,1,0,0,0,0,0,337.96944,0,0,0,337.96944
"methane_baseline.xmodel","manual_1637345578273",model_only,1635,3,0,0,0,0,0,336.60082,0,0,0,336.60082
"methane_baseline.xmodel","manual_1637345578273",model_only,1636,0,0,0,0,0,0,338.31162,0,0,0,338.31162
"methane_baseline.xmodel","manual_1637345578273",model_only,1637,2,0,0,0,0,0,337.10396,0,0,0,337.10396
"methane_baseline.xmodel","manual_1637345578273",model_only,1638,1,0,0,0,0,0,338.69986,0,0,0,338.69986
"methane_baseline.xmodel","manual_1637345578273",model_only,1639,3,0,0,0,0,0,335.23723,0,0,0,335.23723
"methane_baseline.xmodel","manual_1637345578273",model_only,1640,0,0,0,0,0,0,338.42297,0,0,0,338.42297
"methane_baseline.xmodel","manual_1637345578273",model_only,1641,2,0,0,0,0,0,335.14679,0,0,0,335.14679
"methane_baseline.xmodel","manual_1637345578273",model_only,1642,1,0,0,0,0,0,338.78317,0,0,0,338.78317
"methane_baseline.xmodel","manual_1637345578273",model_only,1643,3,0,0,0,0,0,335.00216,0,0,0,335.00216
"methane_baseline.xmodel","manual_1637345578273",model_only,1644,0,0,0,0,0,0,338.38717,0,0,0,338.38717
"methane_baseline.xmodel","manual_1637345578273",model_only,1645,2,0,0,0,0,0,334.72386,0,0,0,334.72386
"methane_baseline.xmodel","manual_1637345578273",model_only,1646,1,0,0,0,0,0,338.29599,0,0,0,338.29599
"methane_baseline.xmodel","manual_1637345578273",model_only,1647,3,0,0,0,0,0,334.87695,0,0,0,334.87695
"methane_baseline.xmodel","manual_1637345578273",model_only,1648,0,0,0,0,0,0,338.3822,0,0,0,338.3822
"methane_baseline.xmodel","manual_1637345578273",model_only,1649,2,0,0,0,0,0,335.46029,0,0,0,335.46029
"methane_baseline.xmodel","manual_1637345578273",model_only,1650,1,0,0,0,0,0,338.59006,0,0,0,338.59006
"methane_baseline.xmodel","manual_1637345578273",model_only,1651,3,0,0,0,0,0,335.60163,0,0,0,335.60163
"methane_baseline.xmodel","manual_1637345578273",model_only,1652,0,0,0,0,0,0,338.91634,0,0,0,338.91634
"methane_baseline.xmodel","manual_1637345578273",model_only,1653,2,0,0,0,0,0,335.02951,0,0,0,335.02951
"methane_baseline.xmodel","manual_1637345578273",model_only,1654,1,0,0,0,0,0,338.69953,0,0,0,338.69953
"methane_baseline.xmodel","manual_1637345578273",model_only,1655,3,0,0,0,0,0,335.32874,0,0,0,335.32874
"methane_baseline.xmodel","manual_1637345578273",model_only,1656,0,0,0,0,0,0,338.6911,0,0,0,338.6911
"methane_baseline.xmodel","manual_1637345578273",model_only,1657,2,0,0,0,0,0,335.13132,0,0,0,335.13132
"methane_baseline.xmodel","manual_1637345578273",model_only,1658,1,0,0,0,0,0,338.22107,0,0,0,338.22107
"methane_baseline.xmodel","manual_1637345578273",model_only,1659,3,0,0,0,0,0,335.04957,0,0,0,335.04957
"methane_baseline.xmodel","manual_1637345578273",model_only,1660,0,0,0,0,0,0,338.45381,0,0,0,338.45381
"methane_baseline.xmodel","manual_1637345578273",model_only,1661,2,0,0,0,0,0,335.11108,0,0,0,335.11108
"methane_baseline.xmodel","manual_1637345578273",model_only,1662,1,0,0,0,0,0,338.45583,0,0,0,338.45583
"methane_baseline.xmodel","manual_1637345578273",model_only,1663,3,0,0,0,0,0,334.92395,0,0,0,334.92395
"methane_baseline.xmodel","manual_1637345578273",model_only,1664,0,0,0,0,0,0,338.74485,0,0,0,338.74485
"methane_baseline.xmodel","manual_1637345578273",model_only,1665,2,0,0,0,0,0,334.79485,0,0,0,334.79485
"methane_baseline.xmodel","manual_1637345578273",model_only,1666,1,0,0,0,0,0,338.47633,0,0,0,338.47633
"methane_baseline.xmodel","manual_1637345578273",model_only,1667,3,0,0,0,0,0,336.56387,0,0,0,336.56387
"methane_baseline.xmodel","manual_1637345578273",model_only,1668,0,0,0,0,0,0,339.19614,0,0,0,339.19614
"methane_baseline.xmodel","manual_1637345578273",model_only,1669,2,0,0,0,0,0,335.63506,0,0,0,335.63506
"methane_baseline.xmodel","manual_1637345578273",model_only,1670,1,0,0,0,0,0,338.92596,0,0,0,338.92596
"methane_baseline.xmodel","manual_1637345578273",model_only,1671,3,0,0,0,0,0,336.01839,0,0,0,336.01839
"methane_baseline.xmodel","manual_1637345578273",model_only,1672,0,0,0,0,0,0,339.39071,0,0,0,339.39071
"methane_baseline.xmodel","manual_1637345578273",model_only,1673,2,0,0,0,0,0,335.12981,0,0,0,335.12981
"methane_baseline.xmodel","manual_1637345578273",model_only,1674,1,0,0,0,0,0,338.58768,0,0,0,338.58768
"methane_baseline.xmodel","manual_1637345578273",model_only,1675,3,0,0,0,0,0,335.38467,0,0,0,335.38467
"methane_baseline.xmodel","manual_1637345578273",model_only,1676,0,0,0,0,0,0,338.46191,0,0,0,338.46191
"methane_baseline.xmodel","manual_1637345578273",model_only,1677,2,0,0,0,0,0,335.44541,0,0,0,335.44541
"methane_baseline.xmodel","manual_1637345578273",model_only,1678,1,0,0,0,0,0,338.57586,0,0,0,338.57586
"methane_baseline.xmodel","manual_1637345578273",model_only,1679,3,0,0,0,0,0,335.42165,0,0,0,335.42165
"methane_baseline.xmodel","manual_1637345578273",model_only,1680,0,0,0,0,0,0,338.59129,0,0,0,338.59129
"methane_baseline.xmodel","manual_1637345578273",model_only,1681,2,0,0,0,0,0,335.84948,0,0,0,335.84948
"methane_baseline.xmodel","manual_1637345578273",model_only,1682,1,0,0,0,0,0,338.46813,0,0,0,338.46813
"methane_baseline.xmodel","manual_1637345578273",model_only,1683,3,0,0,0,0,0,336.28026,0,0,0,336.28026
"methane_baseline.xmodel","manual_1637345578273",model_only,1684,0,0,0,0,0,0,338.48039,0,0,0,338.48039
"methane_baseline.xmodel","manual_1637345578273",model_only,1685,2,0,0,0,0,0,336.82243,0,0,0,336.82243
"methane_baseline.xmodel","manual_1637345578273",model_only,1686,1,0,0,0,0,0,339.94842,0,0,0,339.94842
"methane_baseline.xmodel","manual_1637345578273",model_only,1687,3,0,0,0,0,0,335.84745,0,0,0,335.84745
"methane_baseline.xmodel","manual_1637345578273",model_only,1688,0,0,0,0,0,0,338.55074,0,0,0,338.55074
"methane_baseline.xmodel","manual_1637345578273",model_only,1689,2,0,0,0,0,0,335.23071,0,0,0,335.23071
"methane_baseline.xmodel","manual_1637345578273",model_only,1690,1,0,0,0,0,0,337.8241,0,0,0,337.8241
"methane_baseline.xmodel","manual_1637345578273",model_only,1691,3,0,0,0,0,0,335.25975,0,0,0,335.25975
"methane_baseline.xmodel","manual_1637345578273",model_only,1692,0,0,0,0,0,0,337.75032,0,0,0,337.75032
"methane_baseline.xmodel","manual_1637345578273",model_only,1693,2,0,0,0,0,0,335.57103,0,0,0,335.57103
"methane_baseline.xmodel","manual_1637345578273",model_only,1694,1,0,0,0,0,0,337.94994,0,0,0,337.94994
"methane_baseline.xmodel","manual_1637345578273",model_only,1695,3,0,0,0,0,0,335.68479,0,0,0,335.68479
"methane_baseline.xmodel","manual_1637345578273",model_only,1696,0,0,0,0,0,0,337.85049,0,0,0,337.85049
"methane_baseline.xmodel","manual_1637345578273",model_only,1697,2,0,0,0,0,0,335.75203,0,0,0,335.75203
"methane_baseline.xmodel","manual_1637345578273",model_only,1698,1,0,0,0,0,0,338.17138,0,0,0,338.17138
"methane_baseline.xmodel","manual_1637345578273",model_only,1699,3,0,0,0,0,0,335.43188,0,0,0,335.43188
"methane_baseline.xmodel","manual_1637345578273",model_only,1700,0,0,0,0,0,0,338.24536,0,0,0,338.24536
"methane_baseline.xmodel","manual_1637345578273",model_only,1701,2,0,0,0,0,0,335.45243,0,0,0,335.45243
"methane_baseline.xmodel","manual_1637345578273",model_only,1702,1,0,0,0,0,0,337.98257,0,0,0,337.98257
"methane_baseline.xmodel","manual_1637345578273",model_only,1703,3,0,0,0,0,0,335.58064,0,0,0,335.58064
"methane_baseline.xmodel","manual_1637345578273",model_only,1704,0,0,0,0,0,0,338.02414,0,0,0,338.02414
"methane_baseline.xmodel","manual_1637345578273",model_only,1705,2,0,0,0,0,0,336.07666,0,0,0,336.07666
"methane_baseline.xmodel","manual_1637345578273",model_only,1706,1,0,0,0,0,0,338.60241,0,0,0,338.60241
"methane_baseline.xmodel","manual_1637345578273",model_only,1707,3,0,0,0,0,0,335.9713,0,0,0,335.9713
"methane_baseline.xmodel","manual_1637345578273",model_only,1708,0,0,0,0,0,0,338.49184,0,0,0,338.49184
"methane_baseline.xmodel","manual_1637345578273",model_only,1709,2,0,0,0,0,0,335.68379,0,0,0,335.68379
"methane_baseline.xmodel","manual_1637345578273",model_only,1710,1,0,0,0,0,0,338.70097,0,0,0,338.70097
"methane_baseline.xmodel","manual_1637345578273",model_only,1711,3,0,0,0,0,0,335.55582,0,0,0,335.55582
"methane_baseline.xmodel","manual_1637345578273",model_only,1712,0,0,0,0,0,0,338.21882,0,0,0,338.21882
"methane_baseline.xmodel","manual_1637345578273",model_only,1713,2,0,0,0,0,0,335.40613,0,0,0,335.40613
"methane_baseline.xmodel","manual_1637345578273",model_only,1714,1,0,0,0,0,0,338.19614,0,0,0,338.19614
"methane_baseline.xmodel","manual_1637345578273",model_only,1715,3,0,0,0,0,0,335.39958,0,0,0,335.39958
"methane_baseline.xmodel","manual_1637345578273",model_only,1716,0,0,0,0,0,0,338.19792,0,0,0,338.19792
"methane_baseline.xmodel","manual_1637345578273",model_only,1717,2,0,0,0,0,0,335.62007,0,0,0,335.62007
"methane_baseline.xmodel","manual_1637345578273",model_only,1718,1,0,0,0,0,0,337.93553,0,0,0,337.93553
"methane_baseline.xmodel","manual_1637345578273",model_only,1719,3,0,0,0,0,0,335.52455,0,0,0,335.52455
"methane_baseline.xmodel","manual_1637345578273",model_only,1720,0,0,0,0,0,0,338.03386,0,0,0,338.03386
"methane_baseline.xmodel","manual_1637345578273",model_only,1721,2,0,0,0,0,0,335.53689,0,0,0,335.53689
"methane_baseline.xmodel","manual_1637345578273",model_only,1722,1,0,0,0,0,0,337.81276,0,0,0,337.81276
"methane_baseline.xmodel","manual_1637345578273",model_only,1723,3,0,0,0,0,0,335.78265,0,0,0,335.78265
"methane_baseline.xmodel","manual_1637345578273",model_only,1724,0,0,0,0,0,0,338.57434,0,0,0,338.57434
"methane_baseline.xmodel","manual_1637345578273",model_only,1725,2,0,0,0,0,0,335.59462,0,0,0,335.59462
"methane_baseline.xmodel","manual_1637345578273",model_only,1726,1,0,0,0,0,0,339.89998,0,0,0,339.89998
"methane_baseline.xmodel","manual_1637345578273",model_only,1727,3,0,0,0,0,0,335.68718,0,0,0,335.68718
"methane_baseline.xmodel","manual_1637345578273",model_only,1728,0,0,0,0,0,0,338.1173,0,0,0,338.1173
"methane_baseline.xmodel","manual_1637345578273",model_only,1729,2,0,0,0,0,0,335.23306,0,0,0,335.23306
"methane_baseline.xmodel","manual_1637345578273",model_only,1730,1,0,0,0,0,0,338.05543,0,0,0,338.05543
"methane_baseline.xmodel","manual_1637345578273",model_only,1731,3,0,0,0,0,0,334.97743,0,0,0,334.97743
"methane_baseline.xmodel","manual_1637345578273",model_only,1732,0,0,0,0,0,0,337.97764,0,0,0,337.97764
"methane_baseline.xmodel","manual_1637345578273",model_only,1733,2,0,0,0,0,0,334.90757,0,0,0,334.90757
"methane_baseline.xmodel","manual_1637345578273",model_only,1734,1,0,0,0,0,0,337.98724,0,0,0,337.98724
"methane_baseline.xmodel","manual_1637345578273",model_only,1735,3,0,0,0,0,0,334.90599,0,0,0,334.90599
"methane_baseline.xmodel","manual_1637345578273",model_only,1736,0,0,0,0,0,0,338.00719,0,0,0,338.00719
"methane_baseline.xmodel","manual_1637345578273",model_only,1737,2,0,0,0,0,0,334.92712,0,0,0,334.92712
"methane_baseline.xmodel","manual_1637345578273",model_only,1738,1,0,0,0,0,0,337.9711,0,0,0,337.9711
"methane_baseline.xmodel","manual_1637345578273",model_only,1739,3,0,0,0,0,0,335.07754,0,0,0,335.07754
"methane_baseline.xmodel","manual_1637345578273",model_only,1740,0,0,0,0,0,0,338.25362,0,0,0,338.25362
"methane_baseline.xmodel","manual_1637345578273",model_only,1741,2,0,0,0,0,0,335.01897,0,0,0,335.01897
"methane_baseline.xmodel","manual_1637345578273",model_only,1742,1,0,0,0,0,0,337.99439,0,0,0,337.99439
"methane_baseline.xmodel","manual_1637345578273",model_only,1743,3,0,0,0,0,0,334.91936,0,0,0,334.91936
"methane_baseline.xmodel","manual_1637345578273",model_only,1744,0,0,0,0,0,0,338.17538,0,0,0,338.17538
"methane_baseline.xmodel","manual_1637345578273",model_only,1745,2,0,0,0,0,0,334.61818,0,0,0,334.61818
"methane_baseline.xmodel","manual_1637345578273",model_only,1746,1,0,0,0,0,0,337.98056,0,0,0,337.98056
"methane_baseline.xmodel","manual_1637345578273",model_only,1747,3,0,0,0,0,0,334.63742,0,0,0,334.63742
"methane_baseline.xmodel","manual_1637345578273",model_only,1748,0,0,0,0,0,0,338.38619,0,0,0,338.38619
"methane_baseline.xmodel","manual_1637345578273",model_only,1749,2,0,0,0,0,0,334.69282,0,0,0,334.69282
"methane_baseline.xmodel","manual_1637345578273",model_only,1750,1,0,0,0,0,0,338.07033,0,0,0,338.07033
"methane_baseline.xmodel","manual_1637345578273",model_only,1751,3,0,0,0,0,0,334.88136,0,0,0,334.88136
"methane_baseline.xmodel","manual_1637345578273",model_only,1752,0,0,0,0,0,0,338.4647,0,0,0,338.4647
"methane_baseline.xmodel","manual_1637345578273",model_only,1753,2,0,0,0,0,0,334.98509,0,0,0,334.98509
"methane_baseline.xmodel","manual_1637345578273",model_only,1754,1,0,0,0,0,0,338.6265,0,0,0,338.6265
"methane_baseline.xmodel","manual_1637345578273",model_only,1755,3,0,0,0,0,0,335.54149,0,0,0,335.54149
"methane_baseline.xmodel","manual_1637345578273",model_only,1756,0,0,0,0,0,0,341.60022,0,0,0,341.60022
"methane_baseline.xmodel","manual_1637345578273",model_only,1757,2,0,0,0,0,0,335.34404,0,0,0,335.34404
"methane_baseline.xmodel","manual_1637345578273",model_only,1758,1,0,0,0,0,0,338.5796,0,0,0,338.5796
"methane_baseline.xmodel","manual_1637345578273",model_only,1759,3,0,0,0,0,0,335.14763,0,0,0,335.14763
"methane_baseline.xmodel","manual_1637345578273",model_only,1760,0,0,0,0,0,0,338.61038,0,0,0,338.61038
"methane_baseline.xmodel","manual_1637345578273",model_only,1761,2,0,0,0,0,0,335.34746,0,0,0,335.34746
"methane_baseline.xmodel","manual_1637345578273",model_only,1762,1,0,0,0,0,0,338.40535,0,0,0,338.40535
"methane_baseline.xmodel","manual_1637345578273",model_only,1763,3,0,0,0,0,0,335.45411,0,0,0,335.45411
"methane_baseline.xmodel","manual_1637345578273",model_only,1764,0,0,0,0,0,0,338.48715,0,0,0,338.48715
"methane_baseline.xmodel","manual_1637345578273",model_only,1765,2,0,0,0,0,0,335.36297,0,0,0,335.36297
"methane_baseline.xmodel","manual_1637345578273",model_only,1766,1,0,0,0,0,0,338.55906,0,0,0,338.55906
"methane_baseline.xmodel","manual_1637345578273",model_only,1767,3,0,0,0,0,0,335.31838,0,0,0,335.31838
"methane_baseline.xmodel","manual_1637345578273",model_only,1768,0,0,0,0,0,0,338.62673,0,0,0,338.62673
"methane_baseline.xmodel","manual_1637345578273",model_only,1769,2,0,0,0,0,0,335.54611,0,0,0,335.54611
"methane_baseline.xmodel","manual_1637345578273",model_only,1770,1,0,0,0,0,0,338.78955,0,0,0,338.78955
"methane_baseline.xmodel","manual_1637345578273",model_only,1771,3,0,0,0,0,0,335.35855,0,0,0,335.35855
"methane_baseline.xmodel","manual_1637345578273",model_only,1772,0,0,0,0,0,0,339.32171,0,0,0,339.32171
"methane_baseline.xmodel","manual_1637345578273",model_only,1773,2,0,0,0,0,0,335.31543,0,0,0,335.31543
"methane_baseline.xmodel","manual_1637345578273",model_only,1774,1,0,0,0,0,0,339.27668,0,0,0,339.27668
"methane_baseline.xmodel","manual_1637345578273",model_only,1775,3,0,0,0,0,0,335.61173,0,0,0,335.61173
"methane_baseline.xmodel","manual_1637345578273",model_only,1776,0,0,0,0,0,0,339.96198,0,0,0,339.96198
"methane_baseline.xmodel","manual_1637345578273",model_only,1777,2,0,0,0,0,0,335.6237,0,0,0,335.6237
"methane_baseline.xmodel","manual_1637345578273",model_only,1778,1,0,0,0,0,0,339.45419,0,0,0,339.45419
"methane_baseline.xmodel","manual_1637345578273",model_only,1779,3,0,0,0,0,0,335.65866,0,0,0,335.65866
"methane_baseline.xmodel","manual_1637345578273",model_only,1780,0,0,0,0,0,0,339.44394,0,0,0,339.44394
"methane_baseline.xmodel","manual_1637345578273",model_only,1781,2,0,0,0,0,0,335.82334,0,0,0,335.82334
"methane_baseline.xmodel","manual_1637345578273",model_only,1782,1,0,0,0,0,0,339.45245,0,0,0,339.45245
"methane_baseline.xmodel","manual_1637345578273",model_only,1783,3,0,0,0,0,0,336.36735,0,0,0,336.36735
"methane_baseline.xmodel","manual_1637345578273",model_only,1784,0,0,0,0,0,0,340.18732,0,0,0,340.18732
"methane_baseline.xmodel","manual_1637345578273",model_only,1785,2,0,0,0,0,0,336.22163,0,0,0,336.22163
"methane_baseline.xmodel","manual_1637345578273",model_only,1786,1,0,0,0,0,0,340.06118,0,0,0,340.06118
"methane_baseline.xmodel","manual_1637345578273",model_only,1787,3,0,0,0,0,0,336.71295,0,0,0,336.71295
"methane_baseline.xmodel","manual_1637345578273",model_only,1788,2,0,0,0,0,0,336.19753,0,0,0,336.19753
"methane_baseline.xmodel","manual_1637345578273",model_only,1789,0,0,0,0,0,0,340.05451,0,0,0,340.05451
"methane_baseline.xmodel","manual_1637345578273",model_only,1790,3,0,0,0,0,0,335.65968,0,0,0,335.65968
"methane_baseline.xmodel","manual_1637345578273",model_only,1791,1,0,0,0,0,0,339.35647,0,0,0,339.35647
"methane_baseline.xmodel","manual_1637345578273",model_only,1792,2,0,0,0,0,0,336.28313,0,0,0,336.28313
"methane_baseline.xmodel","manual_1637345578273",model_only,1793,0,0,0,0,0,0,339.39755,0,0,0,339.39755
"methane_baseline.xmodel","manual_1637345578273",model_only,1794,3,0,0,0,0,0,336.08958,0,0,0,336.08958
"methane_baseline.xmodel","manual_1637345578273",model_only,1795,1,0,0,0,0,0,339.18703,0,0,0,339.18703
"methane_baseline.xmodel","manual_1637345578273",model_only,1796,2,0,0,0,0,0,335.94083,0,0,0,335.94083
"methane_baseline.xmodel","manual_1637345578273",model_only,1797,0,0,0,0,0,0,339.21472,0,0,0,339.21472
"methane_baseline.xmodel","manual_1637345578273",model_only,1798,3,0,0,0,0,0,336.35606,0,0,0,336.35606
"methane_baseline.xmodel","manual_1637345578273",model_only,1799,1,0,0,0,0,0,339.05681,0,0,0,339.05681
"methane_baseline.xmodel","manual_1637345578273",model_only,1800,2,0,0,0,0,0,335.98214,0,0,0,335.98214
"methane_baseline.xmodel","manual_1637345578273",model_only,1801,0,0,0,0,0,0,339.05748,0,0,0,339.05748
"methane_baseline.xmodel","manual_1637345578273",model_only,1802,3,0,0,0,0,0,335.44558,0,0,0,335.44558
"methane_baseline.xmodel","manual_1637345578273",model_only,1803,1,0,0,0,0,0,338.74829,0,0,0,338.74829
"methane_baseline.xmodel","manual_1637345578273",model_only,1804,2,0,0,0,0,0,335.37924,0,0,0,335.37924
"methane_baseline.xmodel","manual_1637345578273",model_only,1805,0,0,0,0,0,0,338.96826,0,0,0,338.96826
"methane_baseline.xmodel","manual_1637345578273",model_only,1806,3,0,0,0,0,0,335.46531,0,0,0,335.46531
"methane_baseline.xmodel","manual_1637345578273",model_only,1807,1,0,0,0,0,0,338.66042,0,0,0,338.66042
"methane_baseline.xmodel","manual_1637345578273",model_only,1808,2,0,0,0,0,0,335.4239,0,0,0,335.4239
"methane_baseline.xmodel","manual_1637345578273",model_only,1809,0,0,0,0,0,0,338.68509,0,0,0,338.68509
"methane_baseline.xmodel","manual_1637345578273",model_only,1810,3,0,0,0,0,0,335.38192,0,0,0,335.38192
"methane_baseline.xmodel","manual_1637345578273",model_only,1811,1,0,0,0,0,0,338.63747,0,0,0,338.63747
"methane_baseline.xmodel","manual_1637345578273",model_only,1812,2,0,0,0,0,0,335.38186,0,0,0,335.38186
"methane_baseline.xmodel","manual_1637345578273",model_only,1813,0,0,0,0,0,0,338.62909,0,0,0,338.62909
"methane_baseline.xmodel","manual_1637345578273",model_only,1814,3,0,0,0,0,0,335.41793,0,0,0,335.41793
"methane_baseline.xmodel","manual_1637345578273",model_only,1815,1,0,0,0,0,0,338.41435,0,0,0,338.41435
"methane_baseline.xmodel","manual_1637345578273",model_only,1816,2,0,0,0,0,0,337.0432,0,0,0,337.0432
"methane_baseline.xmodel","manual_1637345578273",model_only,1817,0,0,0,0,0,0,338.90313,0,0,0,338.90313
"methane_baseline.xmodel","manual_1637345578273",model_only,1818,3,0,0,0,0,0,337.51587,0,0,0,337.51587
"methane_baseline.xmodel","manual_1637345578273",model_only,1819,1,0,0,0,0,0,338.47187,0,0,0,338.47187
"methane_baseline.xmodel","manual_1637345578273",model_only,1820,2,0,0,0,0,0,337.92442,0,0,0,337.92442
"methane_baseline.xmodel","manual_1637345578273",model_only,1821,0,0,0,0,0,0,338.62321,0,0,0,338.62321
"methane_baseline.xmodel","manual_1637345578273",model_only,1822,3,0,0,0,0,0,337.1766,0,0,0,337.1766
"methane_baseline.xmodel","manual_1637345578273",model_only,1823,1,0,0,0,0,0,338.4485,0,0,0,338.4485
"methane_baseline.xmodel","manual_1637345578273",model_only,1824,2,0,0,0,0,0,336.67714,0,0,0,336.67714
"methane_baseline.xmodel","manual_1637345578273",model_only,1825,0,0,0,0,0,0,338.36622,0,0,0,338.36622
"methane_baseline.xmodel","manual_1637345578273",model_only,1826,3,0,0,0,0,0,335.37427,0,0,0,335.37427
"methane_baseline.xmodel","manual_1637345578273",model_only,1827,1,0,0,0,0,0,338.7728,0,0,0,338.7728
"methane_baseline.xmodel","manual_1637345578273",model_only,1828,2,0,0,0,0,0,335.30039,0,0,0,335.30039
"methane_baseline.xmodel","manual_1637345578273",model_only,1829,0,0,0,0,0,0,337.84874,0,0,0,337.84874
"methane_baseline.xmodel","manual_1637345578273",model_only,1830,3,0,0,0,0,0,335.33329,0,0,0,335.33329
"methane_baseline.xmodel","manual_1637345578273",model_only,1831,1,0,0,0,0,0,337.8602,0,0,0,337.8602
"methane_baseline.xmodel","manual_1637345578273",model_only,1832,2,0,0,0,0,0,335.36518,0,0,0,335.36518
"methane_baseline.xmodel","manual_1637345578273",model_only,1833,0,0,0,0,0,0,337.95115,0,0,0,337.95115
"methane_baseline.xmodel","manual_1637345578273",model_only,1834,3,0,0,0,0,0,335.39842,0,0,0,335.39842
"methane_baseline.xmodel","manual_1637345578273",model_only,1835,1,0,0,0,0,0,337.7814,0,0,0,337.7814
"methane_baseline.xmodel","manual_1637345578273",model_only,1836,2,0,0,0,0,0,335.22695,0,0,0,335.22695
"methane_baseline.xmodel","manual_1637345578273",model_only,1837,0,0,0,0,0,0,337.7759,0,0,0,337.7759
"methane_baseline.xmodel","manual_1637345578273",model_only,1838,3,0,0,0,0,0,335.27562,0,0,0,335.27562
"methane_baseline.xmodel","manual_1637345578273",model_only,1839,1,0,0,0,0,0,337.67852,0,0,0,337.67852
"methane_baseline.xmodel","manual_1637345578273",model_only,1840,2,0,0,0,0,0,334.96668,0,0,0,334.96668
"methane_baseline.xmodel","manual_1637345578273",model_only,1841,0,0,0,0,0,0,337.66282,0,0,0,337.66282
"methane_baseline.xmodel","manual_1637345578273",model_only,1842,3,0,0,0,0,0,334.90603,0,0,0,334.90603
"methane_baseline.xmodel","manual_1637345578273",model_only,1843,1,0,0,0,0,0,337.68945,0,0,0,337.68945
"methane_baseline.xmodel","manual_1637345578273",model_only,1844,2,0,0,0,0,0,334.85956,0,0,0,334.85956
"methane_baseline.xmodel","manual_1637345578273",model_only,1845,0,0,0,0,0,0,338.06966,0,0,0,338.06966
"methane_baseline.xmodel","manual_1637345578273",model_only,1846,3,0,0,0,0,0,334.78178,0,0,0,334.78178
"methane_baseline.xmodel","manual_1637345578273",model_only,1847,1,0,0,0,0,0,337.91531,0,0,0,337.91531
"methane_baseline.xmodel","manual_1637345578273",model_only,1848,2,0,0,0,0,0,334.73776,0,0,0,334.73776
"methane_baseline.xmodel","manual_1637345578273",model_only,1849,0,0,0,0,0,0,337.66239,0,0,0,337.66239
"methane_baseline.xmodel","manual_1637345578273",model_only,1850,3,0,0,0,0,0,334.94158,0,0,0,334.94158
"methane_baseline.xmodel","manual_1637345578273",model_only,1851,1,0,0,0,0,0,337.74011,0,0,0,337.74011
"methane_baseline.xmodel","manual_1637345578273",model_only,1852,2,0,0,0,0,0,334.9907,0,0,0,334.9907
"methane_baseline.xmodel","manual_1637345578273",model_only,1853,0,0,0,0,0,0,337.82539,0,0,0,337.82539
"methane_baseline.xmodel","manual_1637345578273",model_only,1854,3,0,0,0,0,0,335.00538,0,0,0,335.00538
"methane_baseline.xmodel","manual_1637345578273",model_only,1855,1,0,0,0,0,0,338.0084,0,0,0,338.0084
"methane_baseline.xmodel","manual_1637345578273",model_only,1856,2,0,0,0,0,0,335.05327,0,0,0,335.05327
"methane_baseline.xmodel","manual_1637345578273",model_only,1857,0,0,0,0,0,0,337.80236,0,0,0,337.80236
"methane_baseline.xmodel","manual_1637345578273",model_only,1858,3,0,0,0,0,0,335.97622,0,0,0,335.97622
"methane_baseline.xmodel","manual_1637345578273",model_only,1859,1,0,0,0,0,0,338.24151,0,0,0,338.24151
"methane_baseline.xmodel","manual_1637345578273",model_only,1860,2,0,0,0,0,0,337.02915,0,0,0,337.02915
"methane_baseline.xmodel","manual_1637345578273",model_only,1861,0,0,0,0,0,0,338.54416,0,0,0,338.54416
"methane_baseline.xmodel","manual_1637345578273",model_only,1862,3,0,0,0,0,0,335.82094,0,0,0,335.82094
"methane_baseline.xmodel","manual_1637345578273",model_only,1863,1,0,0,0,0,0,338.17754,0,0,0,338.17754
"methane_baseline.xmodel","manual_1637345578273",model_only,1864,2,0,0,0,0,0,335.32696,0,0,0,335.32696
"methane_baseline.xmodel","manual_1637345578273",model_only,1865,0,0,0,0,0,0,338.67515,0,0,0,338.67515
"methane_baseline.xmodel","manual_1637345578273",model_only,1866,3,0,0,0,0,0,334.90411,0,0,0,334.90411
"methane_baseline.xmodel","manual_1637345578273",model_only,1867,1,0,0,0,0,0,338.52194,0,0,0,338.52194
"methane_baseline.xmodel","manual_1637345578273",model_only,1868,2,0,0,0,0,0,334.90043,0,0,0,334.90043
"methane_baseline.xmodel","manual_1637345578273",model_only,1869,0,0,0,0,0,0,338.42858,0,0,0,338.42858
"methane_baseline.xmodel","manual_1637345578273",model_only,1870,3,0,0,0,0,0,334.92825,0,0,0,334.92825
"methane_baseline.xmodel","manual_1637345578273",model_only,1871,1,0,0,0,0,0,338.42945,0,0,0,338.42945
"methane_baseline.xmodel","manual_1637345578273",model_only,1872,2,0,0,0,0,0,335.10134,0,0,0,335.10134
"methane_baseline.xmodel","manual_1637345578273",model_only,1873,0,0,0,0,0,0,338.46157,0,0,0,338.46157
"methane_baseline.xmodel","manual_1637345578273",model_only,1874,3,0,0,0,0,0,335.27479,0,0,0,335.27479
"methane_baseline.xmodel","manual_1637345578273",model_only,1875,1,0,0,0,0,0,338.51341,0,0,0,338.51341
"methane_baseline.xmodel","manual_1637345578273",model_only,1876,2,0,0,0,0,0,334.91346,0,0,0,334.91346
"methane_baseline.xmodel","manual_1637345578273",model_only,1877,0,0,0,0,0,0,339.4826,0,0,0,339.4826
"methane_baseline.xmodel","manual_1637345578273",model_only,1878,3,0,0,0,0,0,335.20098,0,0,0,335.20098
"methane_baseline.xmodel","manual_1637345578273",model_only,1879,1,0,0,0,0,0,338.57076,0,0,0,338.57076
"methane_baseline.xmodel","manual_1637345578273",model_only,1880,2,0,0,0,0,0,335.04121,0,0,0,335.04121
"methane_baseline.xmodel","manual_1637345578273",model_only,1881,0,0,0,0,0,0,338.35367,0,0,0,338.35367
"methane_baseline.xmodel","manual_1637345578273",model_only,1882,3,0,0,0,0,0,335.02991,0,0,0,335.02991
"methane_baseline.xmodel","manual_1637345578273",model_only,1883,1,0,0,0,0,0,338.48188,0,0,0,338.48188
"methane_baseline.xmodel","manual_1637345578273",model_only,1884,2,0,0,0,0,0,334.99025,0,0,0,334.99025
"methane_baseline.xmodel","manual_1637345578273",model_only,1885,0,0,0,0,0,0,338.42896,0,0,0,338.42896
"methane_baseline.xmodel","manual_1637345578273",model_only,1886,3,0,0,0,0,0,334.97862,0,0,0,334.97862
"methane_baseline.xmodel","manual_1637345578273",model_only,1887,1,0,0,0,0,0,338.62009,0,0,0,338.62009
"methane_baseline.xmodel","manual_1637345578273",model_only,1888,2,0,0,0,0,0,334.74143,0,0,0,334.74143
"methane_baseline.xmodel","manual_1637345578273",model_only,1889,0,0,0,0,0,0,338.4899,0,0,0,338.4899
"methane_baseline.xmodel","manual_1637345578273",model_only,1890,3,0,0,0,0,0,336.485,0,0,0,336.485
"methane_baseline.xmodel","manual_1637345578273",model_only,1891,1,0,0,0,0,0,339.39221,0,0,0,339.39221
"methane_baseline.xmodel","manual_1637345578273",model_only,1892,2,0,0,0,0,0,335.7592,0,0,0,335.7592
"methane_baseline.xmodel","manual_1637345578273",model_only,1893,0,0,0,0,0,0,338.95997,0,0,0,338.95997
"methane_baseline.xmodel","manual_1637345578273",model_only,1894,3,0,0,0,0,0,336.26635,0,0,0,336.26635
"methane_baseline.xmodel","manual_1637345578273",model_only,1895,1,0,0,0,0,0,339.479,0,0,0,339.479
"methane_baseline.xmodel","manual_1637345578273",model_only,1896,2,0,0,0,0,0,335.12641,0,0,0,335.12641
"methane_baseline.xmodel","manual_1637345578273",model_only,1897,0,0,0,0,0,0,338.44171,0,0,0,338.44171
"methane_baseline.xmodel","manual_1637345578273",model_only,1898,3,0,0,0,0,0,335.35658,0,0,0,335.35658
"methane_baseline.xmodel","manual_1637345578273",model_only,1899,1,0,0,0,0,0,338.4003,0,0,0,338.4003
"methane_baseline.xmodel","manual_1637345578273",model_only,1900,2,0,0,0,0,0,335.44266,0,0,0,335.44266
"methane_baseline.xmodel","manual_1637345578273",model_only,1901,0,0,0,0,0,0,338.54726,0,0,0,338.54726
"methane_baseline.xmodel","manual_1637345578273",model_only,1902,3,0,0,0,0,0,335.49736,0,0,0,335.49736
"methane_baseline.xmodel","manual_1637345578273",model_only,1903,1,0,0,0,0,0,338.59838,0,0,0,338.59838
"methane_baseline.xmodel","manual_1637345578273",model_only,1904,2,0,0,0,0,0,335.80497,0,0,0,335.80497
"methane_baseline.xmodel","manual_1637345578273",model_only,1905,0,0,0,0,0,0,338.43475,0,0,0,338.43475
"methane_baseline.xmodel","manual_1637345578273",model_only,1906,3,0,0,0,0,0,336.08993,0,0,0,336.08993
"methane_baseline.xmodel","manual_1637345578273",model_only,1907,1,0,0,0,0,0,338.40497,0,0,0,338.40497
"methane_baseline.xmodel","manual_1637345578273",model_only,1908,2,0,0,0,0,0,336.63095,0,0,0,336.63095
"methane_baseline.xmodel","manual_1637345578273",model_only,1909,0,0,0,0,0,0,340.10188,0,0,0,340.10188
"methane_baseline.xmodel","manual_1637345578273",model_only,1910,3,0,0,0,0,0,335.92042,0,0,0,335.92042
"methane_baseline.xmodel","manual_1637345578273",model_only,1911,1,0,0,0,0,0,338.59658,0,0,0,338.59658
"methane_baseline.xmodel","manual_1637345578273",model_only,1912,2,0,0,0,0,0,335.16718,0,0,0,335.16718
"methane_baseline.xmodel","manual_1637345578273",model_only,1913,0,0,0,0,0,0,337.91627,0,0,0,337.91627
"methane_baseline.xmodel","manual_1637345578273",model_only,1914,3,0,0,0,0,0,335.31792,0,0,0,335.31792
"methane_baseline.xmodel","manual_1637345578273",model_only,1915,1,0,0,0,0,0,337.66433,0,0,0,337.66433
"methane_baseline.xmodel","manual_1637345578273",model_only,1916,2,0,0,0,0,0,335.75737,0,0,0,335.75737
"methane_baseline.xmodel","manual_1637345578273",model_only,1917,0,0,0,0,0,0,337.97158,0,0,0,337.97158
"methane_baseline.xmodel","manual_1637345578273",model_only,1918,3,0,0,0,0,0,335.74912,0,0,0,335.74912
"methane_baseline.xmodel","manual_1637345578273",model_only,1919,1,0,0,0,0,0,337.96791,0,0,0,337.96791
"methane_baseline.xmodel","manual_1637345578273",model_only,1920,2,0,0,0,0,0,335.67974,0,0,0,335.67974
"methane_baseline.xmodel","manual_1637345578273",model_only,1921,0,0,0,0,0,0,338.0031,0,0,0,338.0031
"methane_baseline.xmodel","manual_1637345578273",model_only,1922,3,0,0,0,0,0,335.71404,0,0,0,335.71404
"methane_baseline.xmodel","manual_1637345578273",model_only,1923,1,0,0,0,0,0,338.16359,0,0,0,338.16359
"methane_baseline.xmodel","manual_1637345578273",model_only,1924,2,0,0,0,0,0,335.6439,0,0,0,335.6439
"methane_baseline.xmodel","manual_1637345578273",model_only,1925,0,0,0,0,0,0,337.98129,0,0,0,337.98129
"methane_baseline.xmodel","manual_1637345578273",model_only,1926,3,0,0,0,0,0,335.64046,0,0,0,335.64046
"methane_baseline.xmodel","manual_1637345578273",model_only,1927,1,0,0,0,0,0,338.17577,0,0,0,338.17577
"methane_baseline.xmodel","manual_1637345578273",model_only,1928,2,0,0,0,0,0,336.08516,0,0,0,336.08516
"methane_baseline.xmodel","manual_1637345578273",model_only,1929,0,0,0,0,0,0,338.49611,0,0,0,338.49611
"methane_baseline.xmodel","manual_1637345578273",model_only,1930,3,0,0,0,0,0,336.01718,0,0,0,336.01718
"methane_baseline.xmodel","manual_1637345578273",model_only,1931,1,0,0,0,0,0,338.28073,0,0,0,338.28073
"methane_baseline.xmodel","manual_1637345578273",model_only,1932,2,0,0,0,0,0,335.3461,0,0,0,335.3461
"methane_baseline.xmodel","manual_1637345578273",model_only,1933,0,0,0,0,0,0,338.88693,0,0,0,338.88693
"methane_baseline.xmodel","manual_1637345578273",model_only,1934,3,0,0,0,0,0,335.59459,0,0,0,335.59459
"methane_baseline.xmodel","manual_1637345578273",model_only,1935,1,0,0,0,0,0,338.24921,0,0,0,338.24921
"methane_baseline.xmodel","manual_1637345578273",model_only,1936,2,0,0,0,0,0,335.52852,0,0,0,335.52852
"methane_baseline.xmodel","manual_1637345578273",model_only,1937,0,0,0,0,0,0,338.08978,0,0,0,338.08978
"methane_baseline.xmodel","manual_1637345578273",model_only,1938,3,0,0,0,0,0,335.8759,0,0,0,335.8759
"methane_baseline.xmodel","manual_1637345578273",model_only,1939,1,0,0,0,0,0,338.15575,0,0,0,338.15575
"methane_baseline.xmodel","manual_1637345578273",model_only,1940,2,0,0,0,0,0,335.49627,0,0,0,335.49627
"methane_baseline.xmodel","manual_1637345578273",model_only,1941,0,0,0,0,0,0,337.97502,0,0,0,337.97502
"methane_baseline.xmodel","manual_1637345578273",model_only,1942,3,0,0,0,0,0,335.54312,0,0,0,335.54312
"methane_baseline.xmodel","manual_1637345578273",model_only,1943,1,0,0,0,0,0,337.886,0,0,0,337.886
"methane_baseline.xmodel","manual_1637345578273",model_only,1944,2,0,0,0,0,0,335.66984,0,0,0,335.66984
"methane_baseline.xmodel","manual_1637345578273",model_only,1945,0,0,0,0,0,0,337.97583,0,0,0,337.97583
"methane_baseline.xmodel","manual_1637345578273",model_only,1946,3,0,0,0,0,0,335.65655,0,0,0,335.65655
"methane_baseline.xmodel","manual_1637345578273",model_only,1947,1,0,0,0,0,0,337.99821,0,0,0,337.99821
"methane_baseline.xmodel","manual_1637345578273",model_only,1948,2,0,0,0,0,0,335.43461,0,0,0,335.43461
"methane_baseline.xmodel","manual_1637345578273",model_only,1949,0,0,0,0,0,0,340.84937,0,0,0,340.84937
"methane_baseline.xmodel","manual_1637345578273",model_only,1950,3,0,0,0,0,0,335.94305,0,0,0,335.94305
"methane_baseline.xmodel","manual_1637345578273",model_only,1951,1,0,0,0,0,0,338.62214,0,0,0,338.62214
"methane_baseline.xmodel","manual_1637345578273",model_only,1952,2,0,0,0,0,0,335.08796,0,0,0,335.08796
"methane_baseline.xmodel","manual_1637345578273",model_only,1953,0,0,0,0,0,0,338.15756,0,0,0,338.15756
"methane_baseline.xmodel","manual_1637345578273",model_only,1954,3,0,0,0,0,0,335.00226,0,0,0,335.00226
"methane_baseline.xmodel","manual_1637345578273",model_only,1955,1,0,0,0,0,0,338.08844,0,0,0,338.08844
"methane_baseline.xmodel","manual_1637345578273",model_only,1956,2,0,0,0,0,0,334.85147,0,0,0,334.85147
"methane_baseline.xmodel","manual_1637345578273",model_only,1957,0,0,0,0,0,0,337.92387,0,0,0,337.92387
"methane_baseline.xmodel","manual_1637345578273",model_only,1958,3,0,0,0,0,0,334.94307,0,0,0,334.94307
"methane_baseline.xmodel","manual_1637345578273",model_only,1959,1,0,0,0,0,0,337.8317,0,0,0,337.8317
"methane_baseline.xmodel","manual_1637345578273",model_only,1960,2,0,0,0,0,0,334.80687,0,0,0,334.80687
"methane_baseline.xmodel","manual_1637345578273",model_only,1961,0,0,0,0,0,0,337.92998,0,0,0,337.92998
"methane_baseline.xmodel","manual_1637345578273",model_only,1962,3,0,0,0,0,0,335.23807,0,0,0,335.23807
"methane_baseline.xmodel","manual_1637345578273",model_only,1963,1,0,0,0,0,0,338.05389,0,0,0,338.05389
"methane_baseline.xmodel","manual_1637345578273",model_only,1964,2,0,0,0,0,0,335.06688,0,0,0,335.06688
"methane_baseline.xmodel","manual_1637345578273",model_only,1965,0,0,0,0,0,0,338.04336,0,0,0,338.04336
"methane_baseline.xmodel","manual_1637345578273",model_only,1966,3,0,0,0,0,0,334.67975,0,0,0,334.67975
"methane_baseline.xmodel","manual_1637345578273",model_only,1967,1,0,0,0,0,0,337.82738,0,0,0,337.82738
"methane_baseline.xmodel","manual_1637345578273",model_only,1968,2,0,0,0,0,0,334.69194,0,0,0,334.69194
"methane_baseline.xmodel","manual_1637345578273",model_only,1969,0,0,0,0,0,0,338.12068,0,0,0,338.12068
"methane_baseline.xmodel","manual_1637345578273",model_only,1970,3,0,0,0,0,0,334.67291,0,0,0,334.67291
"methane_baseline.xmodel","manual_1637345578273",model_only,1971,1,0,0,0,0,0,338.26618,0,0,0,338.26618
"methane_baseline.xmodel","manual_1637345578273",model_only,1972,2,0,0,0,0,0,334.73539,0,0,0,334.73539
"methane_baseline.xmodel","manual_1637345578273",model_only,1973,0,0,0,0,0,0,338.3436,0,0,0,338.3436
"methane_baseline.xmodel","manual_1637345578273",model_only,1974,3,0,0,0,0,0,334.7126,0,0,0,334.7126
"methane_baseline.xmodel","manual_1637345578273",model_only,1975,1,0,0,0,0,0,338.38617,0,0,0,338.38617
"methane_baseline.xmodel","manual_1637345578273",model_only,1976,2,0,0,0,0,0,334.81576,0,0,0,334.81576
"methane_baseline.xmodel","manual_1637345578273",model_only,1977,0,0,0,0,0,0,338.49178,0,0,0,338.49178
"methane_baseline.xmodel","manual_1637345578273",model_only,1978,3,0,0,0,0,0,335.40693,0,0,0,335.40693
"methane_baseline.xmodel","manual_1637345578273",model_only,1979,1,0,0,0,0,0,341.52542,0,0,0,341.52542
"methane_baseline.xmodel","manual_1637345578273",model_only,1980,2,0,0,0,0,0,335.17146,0,0,0,335.17146
"methane_baseline.xmodel","manual_1637345578273",model_only,1981,0,0,0,0,0,0,338.64565,0,0,0,338.64565
"methane_baseline.xmodel","manual_1637345578273",model_only,1982,3,0,0,0,0,0,335.27898,0,0,0,335.27898
"methane_baseline.xmodel","manual_1637345578273",model_only,1983,1,0,0,0,0,0,338.66486,0,0,0,338.66486
"methane_baseline.xmodel","manual_1637345578273",model_only,1984,2,0,0,0,0,0,335.19235,0,0,0,335.19235
"methane_baseline.xmodel","manual_1637345578273",model_only,1985,0,0,0,0,0,0,338.48887,0,0,0,338.48887
"methane_baseline.xmodel","manual_1637345578273",model_only,1986,3,0,0,0,0,0,335.42215,0,0,0,335.42215
"methane_baseline.xmodel","manual_1637345578273",model_only,1987,1,0,0,0,0,0,338.44868,0,0,0,338.44868
"methane_baseline.xmodel","manual_1637345578273",model_only,1988,2,0,0,0,0,0,335.38172,0,0,0,335.38172
"methane_baseline.xmodel","manual_1637345578273",model_only,1989,0,0,0,0,0,0,338.71792,0,0,0,338.71792
"methane_baseline.xmodel","manual_1637345578273",model_only,1990,3,0,0,0,0,0,335.22855,0,0,0,335.22855
"methane_baseline.xmodel","manual_1637345578273",model_only,1991,1,0,0,0,0,0,338.96496,0,0,0,338.96496
"methane_baseline.xmodel","manual_1637345578273",model_only,1992,2,0,0,0,0,0,335.43795,0,0,0,335.43795
"methane_baseline.xmodel","manual_1637345578273",model_only,1993,0,0,0,0,0,0,339.12534,0,0,0,339.12534
"methane_baseline.xmodel","manual_1637345578273",model_only,1994,3,0,0,0,0,0,335.2954,0,0,0,335.2954
"methane_baseline.xmodel","manual_1637345578273",model_only,1995,1,0,0,0,0,0,338.96439,0,0,0,338.96439
"methane_baseline.xmodel","manual_1637345578273",model_only,1996,2,0,0,0,0,0,335.42874,0,0,0,335.42874
"methane_baseline.xmodel","manual_1637345578273",model_only,1997,0,0,0,0,0,0,338.94467,0,0,0,338.94467
"methane_baseline.xmodel","manual_1637345578273",model_only,1998,3,0,0,0,0,0,335.6438,0,0,0,335.6438
"methane_baseline.xmodel","manual_1637345578273",model_only,1999,1,0,0,0,0,0,340.02422,0,0,0,340.02422
"methane_baseline.xmodel","manual_1637345578273",model_only,2000,2,0,0,0,0,0,335.56941,0,0,0,335.56941
"methane_baseline.xmodel","manual_1637345578273",model_only,2001,0,0,0,0,0,0,339.66214,0,0,0,339.66214
"methane_baseline.xmodel","manual_1637345578273",model_only,2002,3,0,0,0,0,0,335.8507,0,0,0,335.8507
"methane_baseline.xmodel","manual_1637345578273",model_only,2003,1,0,0,0,0,0,339.42407,0,0,0,339.42407
"methane_baseline.xmodel","manual_1637345578273",model_only,2004,2,0,0,0,0,0,336.0025,0,0,0,336.0025
"methane_baseline.xmodel","manual_1637345578273",model_only,2005,0,0,0,0,0,0,339.57728,0,0,0,339.57728
"methane_baseline.xmodel","manual_1637345578273",model_only,2006,3,0,0,0,0,0,336.42156,0,0,0,336.42156
"methane_baseline.xmodel","manual_1637345578273",model_only,2007,1,0,0,0,0,0,340.22877,0,0,0,340.22877
"methane_baseline.xmodel","manual_1637345578273",model_only,2008,2,0,0,0,0,0,336.38733,0,0,0,336.38733
"methane_baseline.xmodel","manual_1637345578273",model_only,2009,0,0,0,0,0,0,340.05897,0,0,0,340.05897
"methane_baseline.xmodel","manual_1637345578273",model_only,2010,3,0,0,0,0,0,336.8358,0,0,0,336.8358
"methane_baseline.xmodel","manual_1637345578273",model_only,2011,2,0,0,0,0,0,336.08016,0,0,0,336.08016
"methane_baseline.xmodel","manual_1637345578273",model_only,2012,1,0,0,0,0,0,340.00617,0,0,0,340.00617
"methane_baseline.xmodel","manual_1637345578273",model_only,2013,3,0,0,0,0,0,335.93021,0,0,0,335.93021
"methane_baseline.xmodel","manual_1637345578273",model_only,2014,0,0,0,0,0,0,339.51054,0,0,0,339.51054
"methane_baseline.xmodel","manual_1637345578273",model_only,2015,2,0,0,0,0,0,336.0434,0,0,0,336.0434
"methane_baseline.xmodel","manual_1637345578273",model_only,2016,1,0,0,0,0,0,339.15577,0,0,0,339.15577
"methane_baseline.xmodel","manual_1637345578273",model_only,2017,3,0,0,0,0,0,336.11652,0,0,0,336.11652
"methane_baseline.xmodel","manual_1637345578273",model_only,2018,0,0,0,0,0,0,339.18411,0,0,0,339.18411
"methane_baseline.xmodel","manual_1637345578273",model_only,2019,2,0,0,0,0,0,335.83438,0,0,0,335.83438
"methane_baseline.xmodel","manual_1637345578273",model_only,2020,1,0,0,0,0,0,339.29001,0,0,0,339.29001
"methane_baseline.xmodel","manual_1637345578273",model_only,2021,3,0,0,0,0,0,336.5629,0,0,0,336.5629
"methane_baseline.xmodel","manual_1637345578273",model_only,2022,0,0,0,0,0,0,339.26119,0,0,0,339.26119
"methane_baseline.xmodel","manual_1637345578273",model_only,2023,2,0,0,0,0,0,335.9305,0,0,0,335.9305
"methane_baseline.xmodel","manual_1637345578273",model_only,2024,1,0,0,0,0,0,339.01697,0,0,0,339.01697
"methane_baseline.xmodel","manual_1637345578273",model_only,2025,3,0,0,0,0,0,335.44983,0,0,0,335.44983
"methane_baseline.xmodel","manual_1637345578273",model_only,2026,0,0,0,0,0,0,339.06309,0,0,0,339.06309
"methane_baseline.xmodel","manual_1637345578273",model_only,2027,2,0,0,0,0,0,335.46317,0,0,0,335.46317
"methane_baseline.xmodel","manual_1637345578273",model_only,2028,1,0,0,0,0,0,338.99444,0,0,0,338.99444
"methane_baseline.xmodel","manual_1637345578273",model_only,2029,3,0,0,0,0,0,335.4566,0,0,0,335.4566
"methane_baseline.xmodel","manual_1637345578273",model_only,2030,0,0,0,0,0,0,338.89117,0,0,0,338.89117
"methane_baseline.xmodel","manual_1637345578273",model_only,2031,2,0,0,0,0,0,335.30917,0,0,0,335.30917
"methane_baseline.xmodel","manual_1637345578273",model_only,2032,1,0,0,0,0,0,338.62105,0,0,0,338.62105
"methane_baseline.xmodel","manual_1637345578273",model_only,2033,3,0,0,0,0,0,335.4439,0,0,0,335.4439
"methane_baseline.xmodel","manual_1637345578273",model_only,2034,0,0,0,0,0,0,338.74275,0,0,0,338.74275
"methane_baseline.xmodel","manual_1637345578273",model_only,2035,2,0,0,0,0,0,335.47363,0,0,0,335.47363
"methane_baseline.xmodel","manual_1637345578273",model_only,2036,1,0,0,0,0,0,338.64205,0,0,0,338.64205
"methane_baseline.xmodel","manual_1637345578273",model_only,2037,3,0,0,0,0,0,335.70889,0,0,0,335.70889
"methane_baseline.xmodel","manual_1637345578273",model_only,2038,0,0,0,0,0,0,338.51112,0,0,0,338.51112
"methane_baseline.xmodel","manual_1637345578273",model_only,2039,2,0,0,0,0,0,337.63495,0,0,0,337.63495
"methane_baseline.xmodel","manual_1637345578273",model_only,2040,1,0,0,0,0,0,338.80133,0,0,0,338.80133
"methane_baseline.xmodel","manual_1637345578273",model_only,2041,3,0,0,0,0,0,337.47648,0,0,0,337.47648
"methane_baseline.xmodel","manual_1637345578273",model_only,2042,0,0,0,0,0,0,338.38132,0,0,0,338.38132
"methane_baseline.xmodel","manual_1637345578273",model_only,2043,2,0,0,0,0,0,338.06646,0,0,0,338.06646
"methane_baseline.xmodel","manual_1637345578273",model_only,2044,1,0,0,0,0,0,338.76965,0,0,0,338.76965
"methane_baseline.xmodel","manual_1637345578273",model_only,2045,3,0,0,0,0,0,337.40309,0,0,0,337.40309
"methane_baseline.xmodel","manual_1637345578273",model_only,2046,0,0,0,0,0,0,338.57683,0,0,0,338.57683
"methane_baseline.xmodel","manual_1637345578273",model_only,2047,2,0,0,0,0,0,336.94716,0,0,0,336.94716
"methane_baseline.xmodel","manual_1637345578273",model_only,2048,1,0,0,0,0,0,338.33407,0,0,0,338.33407
"methane_baseline.xmodel","manual_1637345578273",model_only,2049,3,0,0,0,0,0,335.62616,0,0,0,335.62616
"methane_baseline.xmodel","manual_1637345578273",model_only,2050,0,0,0,0,0,0,338.80492,0,0,0,338.80492
"methane_baseline.xmodel","manual_1637345578273",model_only,2051,2,0,0,0,0,0,335.64352,0,0,0,335.64352
"methane_baseline.xmodel","manual_1637345578273",model_only,2052,1,0,0,0,0,0,338.33161,0,0,0,338.33161
"methane_baseline.xmodel","manual_1637345578273",model_only,2053,3,0,0,0,0,0,335.23756,0,0,0,335.23756
"methane_baseline.xmodel","manual_1637345578273",model_only,2054,0,0,0,0,0,0,337.71464,0,0,0,337.71464
"methane_baseline.xmodel","manual_1637345578273",model_only,2055,2,0,0,0,0,0,335.3438,0,0,0,335.3438
"methane_baseline.xmodel","manual_1637345578273",model_only,2056,1,0,0,0,0,0,337.7331,0,0,0,337.7331
"methane_baseline.xmodel","manual_1637345578273",model_only,2057,3,0,0,0,0,0,335.32661,0,0,0,335.32661
"methane_baseline.xmodel","manual_1637345578273",model_only,2058,0,0,0,0,0,0,337.94956,0,0,0,337.94956
"methane_baseline.xmodel","manual_1637345578273",model_only,2059,2,0,0,0,0,0,335.26763,0,0,0,335.26763
"methane_baseline.xmodel","manual_1637345578273",model_only,2060,1,0,0,0,0,0,337.95078,0,0,0,337.95078
"methane_baseline.xmodel","manual_1637345578273",model_only,2061,3,0,0,0,0,0,334.97667,0,0,0,334.97667
"methane_baseline.xmodel","manual_1637345578273",model_only,2062,0,0,0,0,0,0,337.68434,0,0,0,337.68434
"methane_baseline.xmodel","manual_1637345578273",model_only,2063,2,0,0,0,0,0,334.96845,0,0,0,334.96845
"methane_baseline.xmodel","manual_1637345578273",model_only,2064,1,0,0,0,0,0,337.66029,0,0,0,337.66029
"methane_baseline.xmodel","manual_1637345578273",model_only,2065,3,0,0,0,0,0,334.71884,0,0,0,334.71884
"methane_baseline.xmodel","manual_1637345578273",model_only,2066,0,0,0,0,0,0,337.73122,0,0,0,337.73122
"methane_baseline.xmodel","manual_1637345578273",model_only,2067,2,0,0,0,0,0,334.80735,0,0,0,334.80735
"methane_baseline.xmodel","manual_1637345578273",model_only,2068,1,0,0,0,0,0,338.10323,0,0,0,338.10323
"methane_baseline.xmodel","manual_1637345578273",model_only,2069,3,0,0,0,0,0,334.94939,0,0,0,334.94939
"methane_baseline.xmodel","manual_1637345578273",model_only,2070,0,0,0,0,0,0,337.94737,0,0,0,337.94737
"methane_baseline.xmodel","manual_1637345578273",model_only,2071,2,0,0,0,0,0,334.75101,0,0,0,334.75101
"methane_baseline.xmodel","manual_1637345578273",model_only,2072,1,0,0,0,0,0,337.53749,0,0,0,337.53749
"methane_baseline.xmodel","manual_1637345578273",model_only,2073,3,0,0,0,0,0,335.03927,0,0,0,335.03927
"methane_baseline.xmodel","manual_1637345578273",model_only,2074,0,0,0,0,0,0,337.85129,0,0,0,337.85129
"methane_baseline.xmodel","manual_1637345578273",model_only,2075,2,0,0,0,0,0,334.95186,0,0,0,334.95186
"methane_baseline.xmodel","manual_1637345578273",model_only,2076,1,0,0,0,0,0,337.86424,0,0,0,337.86424
"methane_baseline.xmodel","manual_1637345578273",model_only,2077,3,0,0,0,0,0,335.06643,0,0,0,335.06643
"methane_baseline.xmodel","manual_1637345578273",model_only,2078,0,0,0,0,0,0,337.90376,0,0,0,337.90376
"methane_baseline.xmodel","manual_1637345578273",model_only,2079,2,0,0,0,0,0,334.87467,0,0,0,334.87467
"methane_baseline.xmodel","manual_1637345578273",model_only,2080,1,0,0,0,0,0,337.84646,0,0,0,337.84646
"methane_baseline.xmodel","manual_1637345578273",model_only,2081,3,0,0,0,0,0,336.22477,0,0,0,336.22477
"methane_baseline.xmodel","manual_1637345578273",model_only,2082,0,0,0,0,0,0,338.25542,0,0,0,338.25542
"methane_baseline.xmodel","manual_1637345578273",model_only,2083,2,0,0,0,0,0,336.75372,0,0,0,336.75372
"methane_baseline.xmodel","manual_1637345578273",model_only,2084,1,0,0,0,0,0,338.28067,0,0,0,338.28067
"methane_baseline.xmodel","manual_1637345578273",model_only,2085,3,0,0,0,0,0,335.79928,0,0,0,335.79928
"methane_baseline.xmodel","manual_1637345578273",model_only,2086,0,0,0,0,0,0,338.47629,0,0,0,338.47629
"methane_baseline.xmodel","manual_1637345578273",model_only,2087,2,0,0,0,0,0,335.30197,0,0,0,335.30197
"methane_baseline.xmodel","manual_1637345578273",model_only,2088,1,0,0,0,0,0,338.69577,0,0,0,338.69577
"methane_baseline.xmodel","manual_1637345578273",model_only,2089,3,0,0,0,0,0,334.98182,0,0,0,334.98182
"methane_baseline.xmodel","manual_1637345578273",model_only,2090,0,0,0,0,0,0,338.55458,0,0,0,338.55458
"methane_baseline.xmodel","manual_1637345578273",model_only,2091,2,0,0,0,0,0,334.96822,0,0,0,334.96822
"methane_baseline.xmodel","manual_1637345578273",model_only,2092,1,0,0,0,0,0,338.37954,0,0,0,338.37954
"methane_baseline.xmodel","manual_1637345578273",model_only,2093,3,0,0,0,0,0,334.72208,0,0,0,334.72208
"methane_baseline.xmodel","manual_1637345578273",model_only,2094,0,0,0,0,0,0,338.46187,0,0,0,338.46187
"methane_baseline.xmodel","manual_1637345578273",model_only,2095,2,0,0,0,0,0,335.01429,0,0,0,335.01429
"methane_baseline.xmodel","manual_1637345578273",model_only,2096,1,0,0,0,0,0,338.436,0,0,0,338.436
"methane_baseline.xmodel","manual_1637345578273",model_only,2097,3,0,0,0,0,0,335.51308,0,0,0,335.51308
"methane_baseline.xmodel","manual_1637345578273",model_only,2098,0,0,0,0,0,0,338.68883,0,0,0,338.68883
"methane_baseline.xmodel","manual_1637345578273",model_only,2099,2,0,0,0,0,0,335.09341,0,0,0,335.09341
"methane_baseline.xmodel","manual_1637345578273",model_only,2100,1,0,0,0,0,0,339.31735,0,0,0,339.31735
"methane_baseline.xmodel","manual_1637345578273",model_only,2101,3,0,0,0,0,0,335.35243,0,0,0,335.35243
"methane_baseline.xmodel","manual_1637345578273",model_only,2102,0,0,0,0,0,0,338.79008,0,0,0,338.79008
"methane_baseline.xmodel","manual_1637345578273",model_only,2103,2,0,0,0,0,0,335.01128,0,0,0,335.01128
"methane_baseline.xmodel","manual_1637345578273",model_only,2104,1,0,0,0,0,0,338.23261,0,0,0,338.23261
"methane_baseline.xmodel","manual_1637345578273",model_only,2105,3,0,0,0,0,0,335.07327,0,0,0,335.07327
"methane_baseline.xmodel","manual_1637345578273",model_only,2106,0,0,0,0,0,0,338.66442,0,0,0,338.66442
"methane_baseline.xmodel","manual_1637345578273",model_only,2107,2,0,0,0,0,0,335.00822,0,0,0,335.00822
"methane_baseline.xmodel","manual_1637345578273",model_only,2108,1,0,0,0,0,0,338.47905,0,0,0,338.47905
"methane_baseline.xmodel","manual_1637345578273",model_only,2109,3,0,0,0,0,0,335.05704,0,0,0,335.05704
"methane_baseline.xmodel","manual_1637345578273",model_only,2110,0,0,0,0,0,0,338.70485,0,0,0,338.70485
"methane_baseline.xmodel","manual_1637345578273",model_only,2111,2,0,0,0,0,0,334.8408,0,0,0,334.8408
"methane_baseline.xmodel","manual_1637345578273",model_only,2112,1,0,0,0,0,0,338.35817,0,0,0,338.35817
"methane_baseline.xmodel","manual_1637345578273",model_only,2113,3,0,0,0,0,0,336.65479,0,0,0,336.65479
"methane_baseline.xmodel","manual_1637345578273",model_only,2114,0,0,0,0,0,0,339.706,0,0,0,339.706
"methane_baseline.xmodel","manual_1637345578273",model_only,2115,2,0,0,0,0,0,335.56035,0,0,0,335.56035
"methane_baseline.xmodel","manual_1637345578273",model_only,2116,1,0,0,0,0,0,338.93157,0,0,0,338.93157
"methane_baseline.xmodel","manual_1637345578273",model_only,2117,3,0,0,0,0,0,336.10308,0,0,0,336.10308
"methane_baseline.xmodel","manual_1637345578273",model_only,2118,0,0,0,0,0,0,339.55209,0,0,0,339.55209
"methane_baseline.xmodel","manual_1637345578273",model_only,2119,2,0,0,0,0,0,335.16854,0,0,0,335.16854
"methane_baseline.xmodel","manual_1637345578273",model_only,2120,1,0,0,0,0,0,338.41934,0,0,0,338.41934
"methane_baseline.xmodel","manual_1637345578273",model_only,2121,3,0,0,0,0,0,335.28267,0,0,0,335.28267
"methane_baseline.xmodel","manual_1637345578273",model_only,2122,0,0,0,0,0,0,338.56332,0,0,0,338.56332
"methane_baseline.xmodel","manual_1637345578273",model_only,2123,2,0,0,0,0,0,335.37192,0,0,0,335.37192
"methane_baseline.xmodel","manual_1637345578273",model_only,2124,1,0,0,0,0,0,338.53305,0,0,0,338.53305
"methane_baseline.xmodel","manual_1637345578273",model_only,2125,3,0,0,0,0,0,335.42647,0,0,0,335.42647
"methane_baseline.xmodel","manual_1637345578273",model_only,2126,0,0,0,0,0,0,338.68492,0,0,0,338.68492
"methane_baseline.xmodel","manual_1637345578273",model_only,2127,2,0,0,0,0,0,335.83271,0,0,0,335.83271
"methane_baseline.xmodel","manual_1637345578273",model_only,2128,1,0,0,0,0,0,338.70289,0,0,0,338.70289
"methane_baseline.xmodel","manual_1637345578273",model_only,2129,3,0,0,0,0,0,336.35916,0,0,0,336.35916
"methane_baseline.xmodel","manual_1637345578273",model_only,2130,0,0,0,0,0,0,339.10865,0,0,0,339.10865
"methane_baseline.xmodel","manual_1637345578273",model_only,2131,2,0,0,0,0,0,336.00643,0,0,0,336.00643
"methane_baseline.xmodel","manual_1637345578273",model_only,2132,1,0,0,0,0,0,340.5837,0,0,0,340.5837
"methane_baseline.xmodel","manual_1637345578273",model_only,2133,3,0,0,0,0,0,335.72276,0,0,0,335.72276
"methane_baseline.xmodel","manual_1637345578273",model_only,2134,0,0,0,0,0,0,337.91053,0,0,0,337.91053
"methane_baseline.xmodel","manual_1637345578273",model_only,2135,2,0,0,0,0,0,335.37324,0,0,0,335.37324
"methane_baseline.xmodel","manual_1637345578273",model_only,2136,1,0,0,0,0,0,337.78765,0,0,0,337.78765
"methane_baseline.xmodel","manual_1637345578273",model_only,2137,3,0,0,0,0,0,335.47011,0,0,0,335.47011
"methane_baseline.xmodel","manual_1637345578273",model_only,2138,0,0,0,0,0,0,337.86123,0,0,0,337.86123
"methane_baseline.xmodel","manual_1637345578273",model_only,2139,2,0,0,0,0,0,335.62404,0,0,0,335.62404
"methane_baseline.xmodel","manual_1637345578273",model_only,2140,1,0,0,0,0,0,337.94444,0,0,0,337.94444
"methane_baseline.xmodel","manual_1637345578273",model_only,2141,3,0,0,0,0,0,335.68511,0,0,0,335.68511
"methane_baseline.xmodel","manual_1637345578273",model_only,2142,0,0,0,0,0,0,338.0587,0,0,0,338.0587
"methane_baseline.xmodel","manual_1637345578273",model_only,2143,2,0,0,0,0,0,335.79728,0,0,0,335.79728
"methane_baseline.xmodel","manual_1637345578273",model_only,2144,1,0,0,0,0,0,338.095,0,0,0,338.095
"methane_baseline.xmodel","manual_1637345578273",model_only,2145,3,0,0,0,0,0,335.64379,0,0,0,335.64379
"methane_baseline.xmodel","manual_1637345578273",model_only,2146,0,0,0,0,0,0,338.1672,0,0,0,338.1672
"methane_baseline.xmodel","manual_1637345578273",model_only,2147,2,0,0,0,0,0,335.63385,0,0,0,335.63385
"methane_baseline.xmodel","manual_1637345578273",model_only,2148,1,0,0,0,0,0,338.08064,0,0,0,338.08064
"methane_baseline.xmodel","manual_1637345578273",model_only,2149,3,0,0,0,0,0,335.8435,0,0,0,335.8435
"methane_baseline.xmodel","manual_1637345578273",model_only,2150,0,0,0,0,0,0,338.31293,0,0,0,338.31293
"methane_baseline.xmodel","manual_1637345578273",model_only,2151,2,0,0,0,0,0,335.92162,0,0,0,335.92162
"methane_baseline.xmodel","manual_1637345578273",model_only,2152,1,0,0,0,0,0,338.38703,0,0,0,338.38703
"methane_baseline.xmodel","manual_1637345578273",model_only,2153,3,0,0,0,0,0,335.28496,0,0,0,335.28496
"methane_baseline.xmodel","manual_1637345578273",model_only,2154,0,0,0,0,0,0,338.86592,0,0,0,338.86592
"methane_baseline.xmodel","manual_1637345578273",model_only,2155,2,0,0,0,0,0,335.59638,0,0,0,335.59638
"methane_baseline.xmodel","manual_1637345578273",model_only,2156,1,0,0,0,0,0,338.17559,0,0,0,338.17559
"methane_baseline.xmodel","manual_1637345578273",model_only,2157,3,0,0,0,0,0,335.54767,0,0,0,335.54767
"methane_baseline.xmodel","manual_1637345578273",model_only,2158,0,0,0,0,0,0,338.2096,0,0,0,338.2096
"methane_baseline.xmodel","manual_1637345578273",model_only,2159,2,0,0,0,0,0,335.54392,0,0,0,335.54392
"methane_baseline.xmodel","manual_1637345578273",model_only,2160,1,0,0,0,0,0,337.98857,0,0,0,337.98857
"methane_baseline.xmodel","manual_1637345578273",model_only,2161,3,0,0,0,0,0,335.6368,0,0,0,335.6368
"methane_baseline.xmodel","manual_1637345578273",model_only,2162,0,0,0,0,0,0,337.95316,0,0,0,337.95316
"methane_baseline.xmodel","manual_1637345578273",model_only,2163,2,0,0,0,0,0,335.40262,0,0,0,335.40262
"methane_baseline.xmodel","manual_1637345578273",model_only,2164,1,0,0,0,0,0,338.06942,0,0,0,338.06942
"methane_baseline.xmodel","manual_1637345578273",model_only,2165,3,0,0,0,0,0,335.62161,0,0,0,335.62161
"methane_baseline.xmodel","manual_1637345578273",model_only,2166,0,0,0,0,0,0,337.8094,0,0,0,337.8094
"methane_baseline.xmodel","manual_1637345578273",model_only,2167,2,0,0,0,0,0,335.47699,0,0,0,335.47699
"methane_baseline.xmodel","manual_1637345578273",model_only,2168,1,0,0,0,0,0,338.22518,0,0,0,338.22518
"methane_baseline.xmodel","manual_1637345578273",model_only,2169,3,0,0,0,0,0,335.49022,0,0,0,335.49022
"methane_baseline.xmodel","manual_1637345578273",model_only,2170,0,0,0,0,0,0,340.58908,0,0,0,340.58908
"methane_baseline.xmodel","manual_1637345578273",model_only,2171,2,0,0,0,0,0,335.8166,0,0,0,335.8166
"methane_baseline.xmodel","manual_1637345578273",model_only,2172,1,0,0,0,0,0,338.38432,0,0,0,338.38432
"methane_baseline.xmodel","manual_1637345578273",model_only,2173,3,0,0,0,0,0,335.02918,0,0,0,335.02918
"methane_baseline.xmodel","manual_1637345578273",model_only,2174,0,0,0,0,0,0,338.22795,0,0,0,338.22795
"methane_baseline.xmodel","manual_1637345578273",model_only,2175,2,0,0,0,0,0,334.95237,0,0,0,334.95237
"methane_baseline.xmodel","manual_1637345578273",model_only,2176,1,0,0,0,0,0,338.03036,0,0,0,338.03036
"methane_baseline.xmodel","manual_1637345578273",model_only,2177,3,0,0,0,0,0,334.94819,0,0,0,334.94819
"methane_baseline.xmodel","manual_1637345578273",model_only,2178,0,0,0,0,0,0,337.8948,0,0,0,337.8948
"methane_baseline.xmodel","manual_1637345578273",model_only,2179,2,0,0,0,0,0,334.91522,0,0,0,334.91522
"methane_baseline.xmodel","manual_1637345578273",model_only,2180,1,0,0,0,0,0,337.88788,0,0,0,337.88788
"methane_baseline.xmodel","manual_1637345578273",model_only,2181,3,0,0,0,0,0,334.96753,0,0,0,334.96753
"methane_baseline.xmodel","manual_1637345578273",model_only,2182,0,0,0,0,0,0,338.02468,0,0,0,338.02468
"methane_baseline.xmodel","manual_1637345578273",model_only,2183,2,0,0,0,0,0,335.09497,0,0,0,335.09497
"methane_baseline.xmodel","manual_1637345578273",model_only,2184,1,0,0,0,0,0,337.94371,0,0,0,337.94371
"methane_baseline.xmodel","manual_1637345578273",model_only,2185,3,0,0,0,0,0,334.96448,0,0,0,334.96448
"methane_baseline.xmodel","manual_1637345578273",model_only,2186,0,0,0,0,0,0,337.95408,0,0,0,337.95408
"methane_baseline.xmodel","manual_1637345578273",model_only,2187,2,0,0,0,0,0,334.73511,0,0,0,334.73511
"methane_baseline.xmodel","manual_1637345578273",model_only,2188,1,0,0,0,0,0,337.94868,0,0,0,337.94868
"methane_baseline.xmodel","manual_1637345578273",model_only,2189,3,0,0,0,0,0,334.72357,0,0,0,334.72357
"methane_baseline.xmodel","manual_1637345578273",model_only,2190,0,0,0,0,0,0,338.16476,0,0,0,338.16476
"methane_baseline.xmodel","manual_1637345578273",model_only,2191,2,0,0,0,0,0,334.72589,0,0,0,334.72589
"methane_baseline.xmodel","manual_1637345578273",model_only,2192,1,0,0,0,0,0,338.2901,0,0,0,338.2901
"methane_baseline.xmodel","manual_1637345578273",model_only,2193,3,0,0,0,0,0,334.71731,0,0,0,334.71731
"methane_baseline.xmodel","manual_1637345578273",model_only,2194,0,0,0,0,0,0,338.14908,0,0,0,338.14908
"methane_baseline.xmodel","manual_1637345578273",model_only,2195,2,0,0,0,0,0,334.67345,0,0,0,334.67345
"methane_baseline.xmodel","manual_1637345578273",model_only,2196,1,0,0,0,0,0,338.1816,0,0,0,338.1816
"methane_baseline.xmodel","manual_1637345578273",model_only,2197,3,0,0,0,0,0,334.85606,0,0,0,334.85606
"methane_baseline.xmodel","manual_1637345578273",model_only,2198,0,0,0,0,0,0,338.41966,0,0,0,338.41966
"methane_baseline.xmodel","manual_1637345578273",model_only,2199,2,0,0,0,0,0,335.40867,0,0,0,335.40867
"methane_baseline.xmodel","manual_1637345578273",model_only,2200,1,0,0,0,0,0,341.09079,0,0,0,341.09079
"methane_baseline.xmodel","manual_1637345578273",model_only,2201,3,0,0,0,0,0,334.98269,0,0,0,334.98269
"methane_baseline.xmodel","manual_1637345578273",model_only,2202,0,0,0,0,0,0,338.92653,0,0,0,338.92653
"methane_baseline.xmodel","manual_1637345578273",model_only,2203,2,0,0,0,0,0,335.06901,0,0,0,335.06901
"methane_baseline.xmodel","manual_1637345578273",model_only,2204,1,0,0,0,0,0,338.64244,0,0,0,338.64244
"methane_baseline.xmodel","manual_1637345578273",model_only,2205,3,0,0,0,0,0,335.33029,0,0,0,335.33029
"methane_baseline.xmodel","manual_1637345578273",model_only,2206,0,0,0,0,0,0,338.58575,0,0,0,338.58575
"methane_baseline.xmodel","manual_1637345578273",model_only,2207,2,0,0,0,0,0,335.24914,0,0,0,335.24914
"methane_baseline.xmodel","manual_1637345578273",model_only,2208,1,0,0,0,0,0,338.50695,0,0,0,338.50695
"methane_baseline.xmodel","manual_1637345578273",model_only,2209,3,0,0,0,0,0,335.38648,0,0,0,335.38648
"methane_baseline.xmodel","manual_1637345578273",model_only,2210,0,0,0,0,0,0,338.72152,0,0,0,338.72152
"methane_baseline.xmodel","manual_1637345578273",model_only,2211,2,0,0,0,0,0,335.26061,0,0,0,335.26061
"methane_baseline.xmodel","manual_1637345578273",model_only,2212,1,0,0,0,0,0,338.65796,0,0,0,338.65796
"methane_baseline.xmodel","manual_1637345578273",model_only,2213,3,0,0,0,0,0,335.41944,0,0,0,335.41944
"methane_baseline.xmodel","manual_1637345578273",model_only,2214,0,0,0,0,0,0,339.13584,0,0,0,339.13584
"methane_baseline.xmodel","manual_1637345578273",model_only,2215,2,0,0,0,0,0,335.34221,0,0,0,335.34221
"methane_baseline.xmodel","manual_1637345578273",model_only,2216,1,0,0,0,0,0,339.04226,0,0,0,339.04226
"methane_baseline.xmodel","manual_1637345578273",model_only,2217,3,0,0,0,0,0,335.47256,0,0,0,335.47256
"methane_baseline.xmodel","manual_1637345578273",model_only,2218,0,0,0,0,0,0,339.04685,0,0,0,339.04685
"methane_baseline.xmodel","manual_1637345578273",model_only,2219,2,0,0,0,0,0,335.5946,0,0,0,335.5946
"methane_baseline.xmodel","manual_1637345578273",model_only,2220,1,0,0,0,0,0,339.77027,0,0,0,339.77027
"methane_baseline.xmodel","manual_1637345578273",model_only,2221,3,0,0,0,0,0,335.57963,0,0,0,335.57963
"methane_baseline.xmodel","manual_1637345578273",model_only,2222,0,0,0,0,0,0,339.62815,0,0,0,339.62815
"methane_baseline.xmodel","manual_1637345578273",model_only,2223,2,0,0,0,0,0,335.7171,0,0,0,335.7171
"methane_baseline.xmodel","manual_1637345578273",model_only,2224,1,0,0,0,0,0,339.37162,0,0,0,339.37162
"methane_baseline.xmodel","manual_1637345578273",model_only,2225,3,0,0,0,0,0,335.96236,0,0,0,335.96236
"methane_baseline.xmodel","manual_1637345578273",model_only,2226,0,0,0,0,0,0,339.82604,0,0,0,339.82604
"methane_baseline.xmodel","manual_1637345578273",model_only,2227,2,0,0,0,0,0,336.11349,0,0,0,336.11349
"methane_baseline.xmodel","manual_1637345578273",model_only,2228,1,0,0,0,0,0,340.84296,0,0,0,340.84296
"methane_baseline.xmodel","manual_1637345578273",model_only,2229,3,0,0,0,0,0,337.02416,0,0,0,337.02416
"methane_baseline.xmodel","manual_1637345578273",model_only,2230,0,0,0,0,0,0,339.89944,0,0,0,339.89944
"methane_baseline.xmodel","manual_1637345578273",model_only,2231,2,0,0,0,0,0,336.92112,0,0,0,336.92112
"methane_baseline.xmodel","manual_1637345578273",model_only,2232,3,0,0,0,0,0,335.97851,0,0,0,335.97851
"methane_baseline.xmodel","manual_1637345578273",model_only,2233,1,0,0,0,0,0,340.01782,0,0,0,340.01782
"methane_baseline.xmodel","manual_1637345578273",model_only,2234,2,0,0,0,0,0,335.84254,0,0,0,335.84254
"methane_baseline.xmodel","manual_1637345578273",model_only,2235,0,0,0,0,0,0,339.49227,0,0,0,339.49227
"methane_baseline.xmodel","manual_1637345578273",model_only,2236,3,0,0,0,0,0,336.19834,0,0,0,336.19834
"methane_baseline.xmodel","manual_1637345578273",model_only,2237,1,0,0,0,0,0,339.22851,0,0,0,339.22851
"methane_baseline.xmodel","manual_1637345578273",model_only,2238,2,0,0,0,0,0,336.0712,0,0,0,336.0712
"methane_baseline.xmodel","manual_1637345578273",model_only,2239,0,0,0,0,0,0,339.20181,0,0,0,339.20181
"methane_baseline.xmodel","manual_1637345578273",model_only,2240,3,0,0,0,0,0,335.87761,0,0,0,335.87761
"methane_baseline.xmodel","manual_1637345578273",model_only,2241,1,0,0,0,0,0,339.12653,0,0,0,339.12653
"methane_baseline.xmodel","manual_1637345578273",model_only,2242,2,0,0,0,0,0,336.59491,0,0,0,336.59491
"methane_baseline.xmodel","manual_1637345578273",model_only,2243,0,0,0,0,0,0,339.44411,0,0,0,339.44411
"methane_baseline.xmodel","manual_1637345578273",model_only,2244,3,0,0,0,0,0,335.83823,0,0,0,335.83823
"methane_baseline.xmodel","manual_1637345578273",model_only,2245,1,0,0,0,0,0,338.9385,0,0,0,338.9385
"methane_baseline.xmodel","manual_1637345578273",model_only,2246,2,0,0,0,0,0,335.43336,0,0,0,335.43336
"methane_baseline.xmodel","manual_1637345578273",model_only,2247,0,0,0,0,0,0,339.16065,0,0,0,339.16065
"methane_baseline.xmodel","manual_1637345578273",model_only,2248,3,0,0,0,0,0,335.46913,0,0,0,335.46913
"methane_baseline.xmodel","manual_1637345578273",model_only,2249,1,0,0,0,0,0,338.99257,0,0,0,338.99257
"methane_baseline.xmodel","manual_1637345578273",model_only,2250,2,0,0,0,0,0,335.38191,0,0,0,335.38191
"methane_baseline.xmodel","manual_1637345578273",model_only,2251,0,0,0,0,0,0,338.78761,0,0,0,338.78761
"methane_baseline.xmodel","manual_1637345578273",model_only,2252,3,0,0,0,0,0,335.51533,0,0,0,335.51533
"methane_baseline.xmodel","manual_1637345578273",model_only,2253,1,0,0,0,0,0,338.7778,0,0,0,338.7778
"methane_baseline.xmodel","manual_1637345578273",model_only,2254,2,0,0,0,0,0,335.49703,0,0,0,335.49703
"methane_baseline.xmodel","manual_1637345578273",model_only,2255,0,0,0,0,0,0,338.67324,0,0,0,338.67324
"methane_baseline.xmodel","manual_1637345578273",model_only,2256,3,0,0,0,0,0,335.42501,0,0,0,335.42501
"methane_baseline.xmodel","manual_1637345578273",model_only,2257,1,0,0,0,0,0,338.53816,0,0,0,338.53816
"methane_baseline.xmodel","manual_1637345578273",model_only,2258,2,0,0,0,0,0,335.69142,0,0,0,335.69142
"methane_baseline.xmodel","manual_1637345578273",model_only,2259,0,0,0,0,0,0,338.38833,0,0,0,338.38833
"methane_baseline.xmodel","manual_1637345578273",model_only,2260,3,0,0,0,0,0,337.23223,0,0,0,337.23223
"methane_baseline.xmodel","manual_1637345578273",model_only,2261,1,0,0,0,0,0,338.84409,0,0,0,338.84409
"methane_baseline.xmodel","manual_1637345578273",model_only,2262,2,0,0,0,0,0,337.67279,0,0,0,337.67279
"methane_baseline.xmodel","manual_1637345578273",model_only,2263,0,0,0,0,0,0,338.47315,0,0,0,338.47315
"methane_baseline.xmodel","manual_1637345578273",model_only,2264,3,0,0,0,0,0,337.44253,0,0,0,337.44253
"methane_baseline.xmodel","manual_1637345578273",model_only,2265,1,0,0,0,0,0,338.8631,0,0,0,338.8631
"methane_baseline.xmodel","manual_1637345578273",model_only,2266,2,0,0,0,0,0,337.03818,0,0,0,337.03818
"methane_baseline.xmodel","manual_1637345578273",model_only,2267,0,0,0,0,0,0,338.2788,0,0,0,338.2788
"methane_baseline.xmodel","manual_1637345578273",model_only,2268,3,0,0,0,0,0,335.70412,0,0,0,335.70412
"methane_baseline.xmodel","manual_1637345578273",model_only,2269,1,0,0,0,0,0,338.62861,0,0,0,338.62861
"methane_baseline.xmodel","manual_1637345578273",model_only,2270,2,0,0,0,0,0,335.58764,0,0,0,335.58764
"methane_baseline.xmodel","manual_1637345578273",model_only,2271,0,0,0,0,0,0,338.50021,0,0,0,338.50021
"methane_baseline.xmodel","manual_1637345578273",model_only,2272,3,0,0,0,0,0,335.11593,0,0,0,335.11593
"methane_baseline.xmodel","manual_1637345578273",model_only,2273,1,0,0,0,0,0,337.83414,0,0,0,337.83414
"methane_baseline.xmodel","manual_1637345578273",model_only,2274,2,0,0,0,0,0,335.28472,0,0,0,335.28472
"methane_baseline.xmodel","manual_1637345578273",model_only,2275,0,0,0,0,0,0,337.88726,0,0,0,337.88726
"methane_baseline.xmodel","manual_1637345578273",model_only,2276,3,0,0,0,0,0,335.3413,0,0,0,335.3413
"methane_baseline.xmodel","manual_1637345578273",model_only,2277,1,0,0,0,0,0,337.81038,0,0,0,337.81038
"methane_baseline.xmodel","manual_1637345578273",model_only,2278,2,0,0,0,0,0,335.13924,0,0,0,335.13924
"methane_baseline.xmodel","manual_1637345578273",model_only,2279,0,0,0,0,0,0,337.78488,0,0,0,337.78488
"methane_baseline.xmodel","manual_1637345578273",model_only,2280,3,0,0,0,0,0,334.9963,0,0,0,334.9963
"methane_baseline.xmodel","manual_1637345578273",model_only,2281,1,0,0,0,0,0,337.68711,0,0,0,337.68711
"methane_baseline.xmodel","manual_1637345578273",model_only,2282,2,0,0,0,0,0,334.95493,0,0,0,334.95493
"methane_baseline.xmodel","manual_1637345578273",model_only,2283,0,0,0,0,0,0,337.75869,0,0,0,337.75869
"methane_baseline.xmodel","manual_1637345578273",model_only,2284,3,0,0,0,0,0,334.82734,0,0,0,334.82734
"methane_baseline.xmodel","manual_1637345578273",model_only,2285,1,0,0,0,0,0,337.68136,0,0,0,337.68136
"methane_baseline.xmodel","manual_1637345578273",model_only,2286,2,0,0,0,0,0,334.68556,0,0,0,334.68556
"methane_baseline.xmodel","manual_1637345578273",model_only,2287,0,0,0,0,0,0,338.12559,0,0,0,338.12559
"methane_baseline.xmodel","manual_1637345578273",model_only,2288,3,0,0,0,0,0,334.7518,0,0,0,334.7518
"methane_baseline.xmodel","manual_1637345578273",model_only,2289,1,0,0,0,0,0,337.90729,0,0,0,337.90729
"methane_baseline.xmodel","manual_1637345578273",model_only,2290,2,0,0,0,0,0,334.68356,0,0,0,334.68356
"methane_baseline.xmodel","manual_1637345578273",model_only,2291,0,0,0,0,0,0,337.66692,0,0,0,337.66692
"methane_baseline.xmodel","manual_1637345578273",model_only,2292,3,0,0,0,0,0,334.98682,0,0,0,334.98682
"methane_baseline.xmodel","manual_1637345578273",model_only,2293,1,0,0,0,0,0,337.60739,0,0,0,337.60739
"methane_baseline.xmodel","manual_1637345578273",model_only,2294,2,0,0,0,0,0,335.08493,0,0,0,335.08493
"methane_baseline.xmodel","manual_1637345578273",model_only,2295,0,0,0,0,0,0,337.75043,0,0,0,337.75043
"methane_baseline.xmodel","manual_1637345578273",model_only,2296,3,0,0,0,0,0,335.02572,0,0,0,335.02572
"methane_baseline.xmodel","manual_1637345578273",model_only,2297,1,0,0,0,0,0,337.74881,0,0,0,337.74881
"methane_baseline.xmodel","manual_1637345578273",model_only,2298,2,0,0,0,0,0,335.08253,0,0,0,335.08253
"methane_baseline.xmodel","manual_1637345578273",model_only,2299,0,0,0,0,0,0,337.66268,0,0,0,337.66268
"methane_baseline.xmodel","manual_1637345578273",model_only,2300,3,0,0,0,0,0,335.72377,0,0,0,335.72377
"methane_baseline.xmodel","manual_1637345578273",model_only,2301,1,0,0,0,0,0,338.15122,0,0,0,338.15122
"methane_baseline.xmodel","manual_1637345578273",model_only,2302,2,0,0,0,0,0,336.73958,0,0,0,336.73958
"methane_baseline.xmodel","manual_1637345578273",model_only,2303,0,0,0,0,0,0,338.26258,0,0,0,338.26258
"methane_baseline.xmodel","manual_1637345578273",model_only,2304,3,0,0,0,0,0,335.88451,0,0,0,335.88451
"methane_baseline.xmodel","manual_1637345578273",model_only,2305,1,0,0,0,0,0,338.5001,0,0,0,338.5001
"methane_baseline.xmodel","manual_1637345578273",model_only,2306,2,0,0,0,0,0,335.05015,0,0,0,335.05015
"methane_baseline.xmodel","manual_1637345578273",model_only,2307,0,0,0,0,0,0,338.76126,0,0,0,338.76126
"methane_baseline.xmodel","manual_1637345578273",model_only,2308,3,0,0,0,0,0,334.82319,0,0,0,334.82319
"methane_baseline.xmodel","manual_1637345578273",model_only,2309,1,0,0,0,0,0,338.61252,0,0,0,338.61252
"methane_baseline.xmodel","manual_1637345578273",model_only,2310,2,0,0,0,0,0,334.82327,0,0,0,334.82327
"methane_baseline.xmodel","manual_1637345578273",model_only,2311,0,0,0,0,0,0,338.30354,0,0,0,338.30354
"methane_baseline.xmodel","manual_1637345578273",model_only,2312,3,0,0,0,0,0,335.29106,0,0,0,335.29106
"methane_baseline.xmodel","manual_1637345578273",model_only,2313,1,0,0,0,0,0,338.54103,0,0,0,338.54103
"methane_baseline.xmodel","manual_1637345578273",model_only,2314,2,0,0,0,0,0,335.04319,0,0,0,335.04319
"methane_baseline.xmodel","manual_1637345578273",model_only,2315,0,0,0,0,0,0,338.43122,0,0,0,338.43122
"methane_baseline.xmodel","manual_1637345578273",model_only,2316,3,0,0,0,0,0,335.42218,0,0,0,335.42218
"methane_baseline.xmodel","manual_1637345578273",model_only,2317,1,0,0,0,0,0,338.46547,0,0,0,338.46547
"methane_baseline.xmodel","manual_1637345578273",model_only,2318,2,0,0,0,0,0,335.17238,0,0,0,335.17238
"methane_baseline.xmodel","manual_1637345578273",model_only,2319,0,0,0,0,0,0,338.87105,0,0,0,338.87105
"methane_baseline.xmodel","manual_1637345578273",model_only,2320,3,0,0,0,0,0,335.30413,0,0,0,335.30413
"methane_baseline.xmodel","manual_1637345578273",model_only,2321,1,0,0,0,0,0,338.3832,0,0,0,338.3832
"methane_baseline.xmodel","manual_1637345578273",model_only,2322,2,0,0,0,0,0,335.02797,0,0,0,335.02797
"methane_baseline.xmodel","manual_1637345578273",model_only,2323,0,0,0,0,0,0,338.44046,0,0,0,338.44046
"methane_baseline.xmodel","manual_1637345578273",model_only,2324,3,0,0,0,0,0,335.0841,0,0,0,335.0841
"methane_baseline.xmodel","manual_1637345578273",model_only,2325,1,0,0,0,0,0,338.37106,0,0,0,338.37106
"methane_baseline.xmodel","manual_1637345578273",model_only,2326,2,0,0,0,0,0,334.88547,0,0,0,334.88547
"methane_baseline.xmodel","manual_1637345578273",model_only,2327,0,0,0,0,0,0,338.74037,0,0,0,338.74037
"methane_baseline.xmodel","manual_1637345578273",model_only,2328,3,0,0,0,0,0,334.97189,0,0,0,334.97189
"methane_baseline.xmodel","manual_1637345578273",model_only,2329,1,0,0,0,0,0,338.50137,0,0,0,338.50137
"methane_baseline.xmodel","manual_1637345578273",model_only,2330,2,0,0,0,0,0,334.87266,0,0,0,334.87266
"methane_baseline.xmodel","manual_1637345578273",model_only,2331,0,0,0,0,0,0,338.42877,0,0,0,338.42877
"methane_baseline.xmodel","manual_1637345578273",model_only,2332,3,0,0,0,0,0,335.62948,0,0,0,335.62948
"methane_baseline.xmodel","manual_1637345578273",model_only,2333,1,0,0,0,0,0,338.82241,0,0,0,338.82241
"methane_baseline.xmodel","manual_1637345578273",model_only,2334,2,0,0,0,0,0,336.57542,0,0,0,336.57542
"methane_baseline.xmodel","manual_1637345578273",model_only,2335,0,0,0,0,0,0,338.49572,0,0,0,338.49572
"methane_baseline.xmodel","manual_1637345578273",model_only,2336,3,0,0,0,0,0,335.02838,0,0,0,335.02838
"methane_baseline.xmodel","manual_1637345578273",model_only,2337,1,0,0,0,0,0,339.96426,0,0,0,339.96426
"methane_baseline.xmodel","manual_1637345578273",model_only,2338,2,0,0,0,0,0,335.29035,0,0,0,335.29035
"methane_baseline.xmodel","manual_1637345578273",model_only,2339,0,0,0,0,0,0,338.60084,0,0,0,338.60084
"methane_baseline.xmodel","manual_1637345578273",model_only,2340,3,0,0,0,0,0,335.33083,0,0,0,335.33083
"methane_baseline.xmodel","manual_1637345578273",model_only,2341,1,0,0,0,0,0,338.63525,0,0,0,338.63525
"methane_baseline.xmodel","manual_1637345578273",model_only,2342,2,0,0,0,0,0,335.37985,0,0,0,335.37985
"methane_baseline.xmodel","manual_1637345578273",model_only,2343,0,0,0,0,0,0,338.63439,0,0,0,338.63439
"methane_baseline.xmodel","manual_1637345578273",model_only,2344,3,0,0,0,0,0,335.3927,0,0,0,335.3927
"methane_baseline.xmodel","manual_1637345578273",model_only,2345,1,0,0,0,0,0,338.5718,0,0,0,338.5718
"methane_baseline.xmodel","manual_1637345578273",model_only,2346,2,0,0,0,0,0,335.67291,0,0,0,335.67291
"methane_baseline.xmodel","manual_1637345578273",model_only,2347,0,0,0,0,0,0,338.56371,0,0,0,338.56371
"methane_baseline.xmodel","manual_1637345578273",model_only,2348,3,0,0,0,0,0,336.12285,0,0,0,336.12285
"methane_baseline.xmodel","manual_1637345578273",model_only,2349,1,0,0,0,0,0,338.41288,0,0,0,338.41288
"methane_baseline.xmodel","manual_1637345578273",model_only,2350,2,0,0,0,0,0,336.5402,0,0,0,336.5402
"methane_baseline.xmodel","manual_1637345578273",model_only,2351,0,0,0,0,0,0,340.02207,0,0,0,340.02207
"methane_baseline.xmodel","manual_1637345578273",model_only,2352,3,0,0,0,0,0,335.79526,0,0,0,335.79526
"methane_baseline.xmodel","manual_1637345578273",model_only,2353,1,0,0,0,0,0,338.3902,0,0,0,338.3902
"methane_baseline.xmodel","manual_1637345578273",model_only,2354,2,0,0,0,0,0,335.06245,0,0,0,335.06245
"methane_baseline.xmodel","manual_1637345578273",model_only,2355,0,0,0,0,0,0,338.0326,0,0,0,338.0326
"methane_baseline.xmodel","manual_1637345578273",model_only,2356,3,0,0,0,0,0,335.32572,0,0,0,335.32572
"methane_baseline.xmodel","manual_1637345578273",model_only,2357,1,0,0,0,0,0,337.85674,0,0,0,337.85674
"methane_baseline.xmodel","manual_1637345578273",model_only,2358,2,0,0,0,0,0,335.38801,0,0,0,335.38801
"methane_baseline.xmodel","manual_1637345578273",model_only,2359,0,0,0,0,0,0,338.06613,0,0,0,338.06613
"methane_baseline.xmodel","manual_1637345578273",model_only,2360,3,0,0,0,0,0,335.82109,0,0,0,335.82109
"methane_baseline.xmodel","manual_1637345578273",model_only,2361,1,0,0,0,0,0,337.89012,0,0,0,337.89012
"methane_baseline.xmodel","manual_1637345578273",model_only,2362,2,0,0,0,0,0,335.88691,0,0,0,335.88691
"methane_baseline.xmodel","manual_1637345578273",model_only,2363,0,0,0,0,0,0,337.98264,0,0,0,337.98264
"methane_baseline.xmodel","manual_1637345578273",model_only,2364,3,0,0,0,0,0,335.74313,0,0,0,335.74313
"methane_baseline.xmodel","manual_1637345578273",model_only,2365,1,0,0,0,0,0,338.23064,0,0,0,338.23064
"methane_baseline.xmodel","manual_1637345578273",model_only,2366,2,0,0,0,0,0,335.46839,0,0,0,335.46839
"methane_baseline.xmodel","manual_1637345578273",model_only,2367,0,0,0,0,0,0,338.02556,0,0,0,338.02556
"methane_baseline.xmodel","manual_1637345578273",model_only,2368,3,0,0,0,0,0,335.63836,0,0,0,335.63836
"methane_baseline.xmodel","manual_1637345578273",model_only,2369,1,0,0,0,0,0,337.96368,0,0,0,337.96368
"methane_baseline.xmodel","manual_1637345578273",model_only,2370,2,0,0,0,0,0,336.09995,0,0,0,336.09995
"methane_baseline.xmodel","manual_1637345578273",model_only,2371,0,0,0,0,0,0,338.6787,0,0,0,338.6787
"methane_baseline.xmodel","manual_1637345578273",model_only,2372,3,0,0,0,0,0,335.86425,0,0,0,335.86425
"methane_baseline.xmodel","manual_1637345578273",model_only,2373,1,0,0,0,0,0,338.36247,0,0,0,338.36247
"methane_baseline.xmodel","manual_1637345578273",model_only,2374,2,0,0,0,0,0,335.53635,0,0,0,335.53635
"methane_baseline.xmodel","manual_1637345578273",model_only,2375,0,0,0,0,0,0,338.87219,0,0,0,338.87219
"methane_baseline.xmodel","manual_1637345578273",model_only,2376,3,0,0,0,0,0,335.63272,0,0,0,335.63272
"methane_baseline.xmodel","manual_1637345578273",model_only,2377,1,0,0,0,0,0,338.10531,0,0,0,338.10531
"methane_baseline.xmodel","manual_1637345578273",model_only,2378,2,0,0,0,0,0,335.51566,0,0,0,335.51566
"methane_baseline.xmodel","manual_1637345578273",model_only,2379,0,0,0,0,0,0,338.09795,0,0,0,338.09795
"methane_baseline.xmodel","manual_1637345578273",model_only,2380,3,0,0,0,0,0,335.63886,0,0,0,335.63886
"methane_baseline.xmodel","manual_1637345578273",model_only,2381,1,0,0,0,0,0,338.13076,0,0,0,338.13076
"methane_baseline.xmodel","manual_1637345578273",model_only,2382,2,0,0,0,0,0,335.63763,0,0,0,335.63763
"methane_baseline.xmodel","manual_1637345578273",model_only,2383,0,0,0,0,0,0,337.92754,0,0,0,337.92754
"methane_baseline.xmodel","manual_1637345578273",model_only,2384,3,0,0,0,0,0,335.51033,0,0,0,335.51033
"methane_baseline.xmodel","manual_1637345578273",model_only,2385,1,0,0,0,0,0,337.88422,0,0,0,337.88422
"methane_baseline.xmodel","manual_1637345578273",model_only,2386,2,0,0,0,0,0,335.60229,0,0,0,335.60229
"methane_baseline.xmodel","manual_1637345578273",model_only,2387,0,0,0,0,0,0,337.97628,0,0,0,337.97628
"methane_baseline.xmodel","manual_1637345578273",model_only,2388,3,0,0,0,0,0,335.74571,0,0,0,335.74571
"methane_baseline.xmodel","manual_1637345578273",model_only,2389,1,0,0,0,0,0,338.16335,0,0,0,338.16335
"methane_baseline.xmodel","manual_1637345578273",model_only,2390,2,0,0,0,0,0,335.4814,0,0,0,335.4814
"methane_baseline.xmodel","manual_1637345578273",model_only,2391,0,0,0,0,0,0,340.38116,0,0,0,340.38116
"methane_baseline.xmodel","manual_1637345578273",model_only,2392,3,0,0,0,0,0,335.73724,0,0,0,335.73724
"methane_baseline.xmodel","manual_1637345578273",model_only,2393,1,0,0,0,0,0,338.1484,0,0,0,338.1484
"methane_baseline.xmodel","manual_1637345578273",model_only,2394,2,0,0,0,0,0,334.9349,0,0,0,334.9349
"methane_baseline.xmodel","manual_1637345578273",model_only,2395,0,0,0,0,0,0,338.04372,0,0,0,338.04372
"methane_baseline.xmodel","manual_1637345578273",model_only,2396,3,0,0,0,0,0,334.86912,0,0,0,334.86912
"methane_baseline.xmodel","manual_1637345578273",model_only,2397,1,0,0,0,0,0,337.93543,0,0,0,337.93543
"methane_baseline.xmodel","manual_1637345578273",model_only,2398,2,0,0,0,0,0,334.8603,0,0,0,334.8603
"methane_baseline.xmodel","manual_1637345578273",model_only,2399,0,0,0,0,0,0,337.97952,0,0,0,337.97952
"methane_baseline.xmodel","manual_1637345578273",model_only,2400,3,0,0,0,0,0,334.95139,0,0,0,334.95139
"methane_baseline.xmodel","manual_1637345578273",model_only,2401,1,0,0,0,0,0,337.75889,0,0,0,337.75889
"methane_baseline.xmodel","manual_1637345578273",model_only,2402,2,0,0,0,0,0,334.81538,0,0,0,334.81538
"methane_baseline.xmodel","manual_1637345578273",model_only,2403,0,0,0,0,0,0,337.86617,0,0,0,337.86617
"methane_baseline.xmodel","manual_1637345578273",model_only,2404,3,0,0,0,0,0,335.05483,0,0,0,335.05483
"methane_baseline.xmodel","manual_1637345578273",model_only,2405,1,0,0,0,0,0,337.87793,0,0,0,337.87793
"methane_baseline.xmodel","manual_1637345578273",model_only,2406,2,0,0,0,0,0,335.10922,0,0,0,335.10922
"methane_baseline.xmodel","manual_1637345578273",model_only,2407,0,0,0,0,0,0,338.02423,0,0,0,338.02423
"methane_baseline.xmodel","manual_1637345578273",model_only,2408,3,0,0,0,0,0,334.84541,0,0,0,334.84541
"methane_baseline.xmodel","manual_1637345578273",model_only,2409,1,0,0,0,0,0,337.98258,0,0,0,337.98258
"methane_baseline.xmodel","manual_1637345578273",model_only,2410,2,0,0,0,0,0,334.66485,0,0,0,334.66485
"methane_baseline.xmodel","manual_1637345578273",model_only,2411,0,0,0,0,0,0,337.93925,0,0,0,337.93925
"methane_baseline.xmodel","manual_1637345578273",model_only,2412,3,0,0,0,0,0,334.66824,0,0,0,334.66824
"methane_baseline.xmodel","manual_1637345578273",model_only,2413,1,0,0,0,0,0,338.29447,0,0,0,338.29447
"methane_baseline.xmodel","manual_1637345578273",model_only,2414,2,0,0,0,0,0,334.76001,0,0,0,334.76001
"methane_baseline.xmodel","manual_1637345578273",model_only,2415,0,0,0,0,0,0,338.20457,0,0,0,338.20457
"methane_baseline.xmodel","manual_1637345578273",model_only,2416,3,0,0,0,0,0,334.72278,0,0,0,334.72278
"methane_baseline.xmodel","manual_1637345578273",model_only,2417,1,0,0,0,0,0,338.23397,0,0,0,338.23397
"methane_baseline.xmodel","manual_1637345578273",model_only,2418,2,0,0,0,0,0,334.93845,0,0,0,334.93845
"methane_baseline.xmodel","manual_1637345578273",model_only,2419,0,0,0,0,0,0,338.54989,0,0,0,338.54989
"methane_baseline.xmodel","manual_1637345578273",model_only,2420,3,0,0,0,0,0,335.45958,0,0,0,335.45958
"methane_baseline.xmodel","manual_1637345578273",model_only,2421,1,0,0,0,0,0,339.75971,0,0,0,339.75971
"methane_baseline.xmodel","manual_1637345578273",model_only,2422,2,0,0,0,0,0,334.72387,0,0,0,334.72387
"methane_baseline.xmodel","manual_1637345578273",model_only,2423,0,0,0,0,0,0,339.69139,0,0,0,339.69139
"methane_baseline.xmodel","manual_1637345578273",model_only,2424,3,0,0,0,0,0,335.31869,0,0,0,335.31869
"methane_baseline.xmodel","manual_1637345578273",model_only,2425,1,0,0,0,0,0,338.86684,0,0,0,338.86684
"methane_baseline.xmodel","manual_1637345578273",model_only,2426,2,0,0,0,0,0,335.16203,0,0,0,335.16203
"methane_baseline.xmodel","manual_1637345578273",model_only,2427,0,0,0,0,0,0,338.53154,0,0,0,338.53154
"methane_baseline.xmodel","manual_1637345578273",model_only,2428,3,0,0,0,0,0,335.2467,0,0,0,335.2467
"methane_baseline.xmodel","manual_1637345578273",model_only,2429,1,0,0,0,0,0,338.47034,0,0,0,338.47034
"methane_baseline.xmodel","manual_1637345578273",model_only,2430,2,0,0,0,0,0,335.35436,0,0,0,335.35436
"methane_baseline.xmodel","manual_1637345578273",model_only,2431,0,0,0,0,0,0,338.65592,0,0,0,338.65592
"methane_baseline.xmodel","manual_1637345578273",model_only,2432,3,0,0,0,0,0,335.23176,0,0,0,335.23176
"methane_baseline.xmodel","manual_1637345578273",model_only,2433,1,0,0,0,0,0,338.65559,0,0,0,338.65559
"methane_baseline.xmodel","manual_1637345578273",model_only,2434,2,0,0,0,0,0,335.59829,0,0,0,335.59829
"methane_baseline.xmodel","manual_1637345578273",model_only,2435,0,0,0,0,0,0,338.81575,0,0,0,338.81575
"methane_baseline.xmodel","manual_1637345578273",model_only,2436,3,0,0,0,0,0,335.37692,0,0,0,335.37692
"methane_baseline.xmodel","manual_1637345578273",model_only,2437,1,0,0,0,0,0,339.08388,0,0,0,339.08388
"methane_baseline.xmodel","manual_1637345578273",model_only,2438,2,0,0,0,0,0,335.35712,0,0,0,335.35712
"methane_baseline.xmodel","manual_1637345578273",model_only,2439,0,0,0,0,0,0,339.12288,0,0,0,339.12288
"methane_baseline.xmodel","manual_1637345578273",model_only,2440,3,0,0,0,0,0,335.30275,0,0,0,335.30275
"methane_baseline.xmodel","manual_1637345578273",model_only,2441,1,0,0,0,0,0,339.78102,0,0,0,339.78102
"methane_baseline.xmodel","manual_1637345578273",model_only,2442,2,0,0,0,0,0,335.56936,0,0,0,335.56936
"methane_baseline.xmodel","manual_1637345578273",model_only,2443,0,0,0,0,0,0,339.53935,0,0,0,339.53935
"methane_baseline.xmodel","manual_1637345578273",model_only,2444,3,0,0,0,0,0,335.68284,0,0,0,335.68284
"methane_baseline.xmodel","manual_1637345578273",model_only,2445,1,0,0,0,0,0,339.45105,0,0,0,339.45105
"methane_baseline.xmodel","manual_1637345578273",model_only,2446,2,0,0,0,0,0,335.71627,0,0,0,335.71627
"methane_baseline.xmodel","manual_1637345578273",model_only,2447,0,0,0,0,0,0,339.58887,0,0,0,339.58887
"methane_baseline.xmodel","manual_1637345578273",model_only,2448,3,0,0,0,0,0,336.49932,0,0,0,336.49932
"methane_baseline.xmodel","manual_1637345578273",model_only,2449,1,0,0,0,0,0,340.0707,0,0,0,340.0707
"methane_baseline.xmodel","manual_1637345578273",model_only,2450,2,0,0,0,0,0,336.09136,0,0,0,336.09136
"methane_baseline.xmodel","manual_1637345578273",model_only,2451,0,0,0,0,0,0,340.89621,0,0,0,340.89621
"methane_baseline.xmodel","manual_1637345578273",model_only,2452,3,0,0,0,0,0,337.883,0,0,0,337.883
"methane_baseline.xmodel","manual_1637345578273",model_only,2453,2,0,0,0,0,0,336.22982,0,0,0,336.22982
"methane_baseline.xmodel","manual_1637345578273",model_only,2454,1,0,0,0,0,0,339.79618,0,0,0,339.79618
"methane_baseline.xmodel","manual_1637345578273",model_only,2455,3,0,0,0,0,0,335.80668,0,0,0,335.80668
"methane_baseline.xmodel","manual_1637345578273",model_only,2456,0,0,0,0,0,0,339.37194,0,0,0,339.37194
"methane_baseline.xmodel","manual_1637345578273",model_only,2457,2,0,0,0,0,0,336.10212,0,0,0,336.10212
"methane_baseline.xmodel","manual_1637345578273",model_only,2458,1,0,0,0,0,0,339.31291,0,0,0,339.31291
"methane_baseline.xmodel","manual_1637345578273",model_only,2459,3,0,0,0,0,0,335.98835,0,0,0,335.98835
"methane_baseline.xmodel","manual_1637345578273",model_only,2460,0,0,0,0,0,0,339.10353,0,0,0,339.10353
"methane_baseline.xmodel","manual_1637345578273",model_only,2461,2,0,0,0,0,0,335.86126,0,0,0,335.86126
"methane_baseline.xmodel","manual_1637345578273",model_only,2462,1,0,0,0,0,0,339.0866,0,0,0,339.0866
"methane_baseline.xmodel","manual_1637345578273",model_only,2463,3,0,0,0,0,0,336.04903,0,0,0,336.04903
"methane_baseline.xmodel","manual_1637345578273",model_only,2464,0,0,0,0,0,0,339.08259,0,0,0,339.08259
"methane_baseline.xmodel","manual_1637345578273",model_only,2465,2,0,0,0,0,0,336.0575,0,0,0,336.0575
"methane_baseline.xmodel","manual_1637345578273",model_only,2466,1,0,0,0,0,0,339.10426,0,0,0,339.10426
"methane_baseline.xmodel","manual_1637345578273",model_only,2467,3,0,0,0,0,0,335.5385,0,0,0,335.5385
"methane_baseline.xmodel","manual_1637345578273",model_only,2468,0,0,0,0,0,0,338.86991,0,0,0,338.86991
"methane_baseline.xmodel","manual_1637345578273",model_only,2469,2,0,0,0,0,0,335.67742,0,0,0,335.67742
"methane_baseline.xmodel","manual_1637345578273",model_only,2470,1,0,0,0,0,0,338.98349,0,0,0,338.98349
"methane_baseline.xmodel","manual_1637345578273",model_only,2471,3,0,0,0,0,0,335.71207,0,0,0,335.71207
"methane_baseline.xmodel","manual_1637345578273",model_only,2472,0,0,0,0,0,0,338.54868,0,0,0,338.54868
"methane_baseline.xmodel","manual_1637345578273",model_only,2473,2,0,0,0,0,0,335.6401,0,0,0,335.6401
"methane_baseline.xmodel","manual_1637345578273",model_only,2474,1,0,0,0,0,0,338.85215,0,0,0,338.85215
"methane_baseline.xmodel","manual_1637345578273",model_only,2475,3,0,0,0,0,0,335.74458,0,0,0,335.74458
"methane_baseline.xmodel","manual_1637345578273",model_only,2476,0,0,0,0,0,0,338.647,0,0,0,338.647
"methane_baseline.xmodel","manual_1637345578273",model_only,2477,2,0,0,0,0,0,335.63118,0,0,0,335.63118
"methane_baseline.xmodel","manual_1637345578273",model_only,2478,1,0,0,0,0,0,338.65923,0,0,0,338.65923
"methane_baseline.xmodel","manual_1637345578273",model_only,2479,3,0,0,0,0,0,335.4934,0,0,0,335.4934
"methane_baseline.xmodel","manual_1637345578273",model_only,2480,0,0,0,0,0,0,338.61014,0,0,0,338.61014
"methane_baseline.xmodel","manual_1637345578273",model_only,2481,2,0,0,0,0,0,335.83941,0,0,0,335.83941
"methane_baseline.xmodel","manual_1637345578273",model_only,2482,1,0,0,0,0,0,338.32682,0,0,0,338.32682
"methane_baseline.xmodel","manual_1637345578273",model_only,2483,3,0,0,0,0,0,337.42956,0,0,0,337.42956
"methane_baseline.xmodel","manual_1637345578273",model_only,2484,0,0,0,0,0,0,338.87258,0,0,0,338.87258
"methane_baseline.xmodel","manual_1637345578273",model_only,2485,2,0,0,0,0,0,337.58608,0,0,0,337.58608
"methane_baseline.xmodel","manual_1637345578273",model_only,2486,1,0,0,0,0,0,338.49761,0,0,0,338.49761
"methane_baseline.xmodel","manual_1637345578273",model_only,2487,3,0,0,0,0,0,337.72073,0,0,0,337.72073
"methane_baseline.xmodel","manual_1637345578273",model_only,2488,0,0,0,0,0,0,338.69287,0,0,0,338.69287
"methane_baseline.xmodel","manual_1637345578273",model_only,2489,2,0,0,0,0,0,336.79734,0,0,0,336.79734
"methane_baseline.xmodel","manual_1637345578273",model_only,2490,1,0,0,0,0,0,338.37151,0,0,0,338.37151
"methane_baseline.xmodel","manual_1637345578273",model_only,2491,3,0,0,0,0,0,336.1132,0,0,0,336.1132
"methane_baseline.xmodel","manual_1637345578273",model_only,2492,0,0,0,0,0,0,338.75212,0,0,0,338.75212
"methane_baseline.xmodel","manual_1637345578273",model_only,2493,2,0,0,0,0,0,335.68304,0,0,0,335.68304
"methane_baseline.xmodel","manual_1637345578273",model_only,2494,1,0,0,0,0,0,338.60638,0,0,0,338.60638
"methane_baseline.xmodel","manual_1637345578273",model_only,2495,3,0,0,0,0,0,335.34656,0,0,0,335.34656
"methane_baseline.xmodel","manual_1637345578273",model_only,2496,0,0,0,0,0,0,337.89304,0,0,0,337.89304
"methane_baseline.xmodel","manual_1637345578273",model_only,2497,2,0,0,0,0,0,335.20198,0,0,0,335.20198
"methane_baseline.xmodel","manual_1637345578273",model_only,2498,1,0,0,0,0,0,337.79729,0,0,0,337.79729
"methane_baseline.xmodel","manual_1637345578273",model_only,2499,3,0,0,0,0,0,335.27487,0,0,0,335.27487
"methane_baseline.xmodel","manual_1637345578273",model_only,2500,0,0,0,0,0,0,337.71202,0,0,0,337.71202
"methane_baseline.xmodel","manual_1637345578273",model_only,2501,2,0,0,0,0,0,335.11647,0,0,0,335.11647
"methane_baseline.xmodel","manual_1637345578273",model_only,2502,1,0,0,0,0,0,337.67983,0,0,0,337.67983
"methane_baseline.xmodel","manual_1637345578273",model_only,2503,3,0,0,0,0,0,335.19444,0,0,0,335.19444
"methane_baseline.xmodel","manual_1637345578273",model_only,2504,0,0,0,0,0,0,337.73405,0,0,0,337.73405
"methane_baseline.xmodel","manual_1637345578273",model_only,2505,2,0,0,0,0,0,335.13768,0,0,0,335.13768
"methane_baseline.xmodel","manual_1637345578273",model_only,2506,1,0,0,0,0,0,337.66121,0,0,0,337.66121
"methane_baseline.xmodel","manual_1637345578273",model_only,2507,3,0,0,0,0,0,334.64681,0,0,0,334.64681
"methane_baseline.xmodel","manual_1637345578273",model_only,2508,0,0,0,0,0,0,337.61687,0,0,0,337.61687
"methane_baseline.xmodel","manual_1637345578273",model_only,2509,2,0,0,0,0,0,334.81945,0,0,0,334.81945
"methane_baseline.xmodel","manual_1637345578273",model_only,2510,1,0,0,0,0,0,337.9789,0,0,0,337.9789
"methane_baseline.xmodel","manual_1637345578273",model_only,2511,3,0,0,0,0,0,334.89605,0,0,0,334.89605
"methane_baseline.xmodel","manual_1637345578273",model_only,2512,0,0,0,0,0,0,338.05219,0,0,0,338.05219
"methane_baseline.xmodel","manual_1637345578273",model_only,2513,2,0,0,0,0,0,334.66225,0,0,0,334.66225
"methane_baseline.xmodel","manual_1637345578273",model_only,2514,1,0,0,0,0,0,337.75839,0,0,0,337.75839
"methane_baseline.xmodel","manual_1637345578273",model_only,2515,3,0,0,0,0,0,334.97805,0,0,0,334.97805
"methane_baseline.xmodel","manual_1637345578273",model_only,2516,0,0,0,0,0,0,337.77384,0,0,0,337.77384
"methane_baseline.xmodel","manual_1637345578273",model_only,2517,2,0,0,0,0,0,335.10538,0,0,0,335.10538
"methane_baseline.xmodel","manual_1637345578273",model_only,2518,1,0,0,0,0,0,337.74213,0,0,0,337.74213
"methane_baseline.xmodel","manual_1637345578273",model_only,2519,3,0,0,0,0,0,335.05719,0,0,0,335.05719
"methane_baseline.xmodel","manual_1637345578273",model_only,2520,0,0,0,0,0,0,337.74866,0,0,0,337.74866
"methane_baseline.xmodel","manual_1637345578273",model_only,2521,2,0,0,0,0,0,334.97059,0,0,0,334.97059
"methane_baseline.xmodel","manual_1637345578273",model_only,2522,1,0,0,0,0,0,337.72333,0,0,0,337.72333
"methane_baseline.xmodel","manual_1637345578273",model_only,2523,3,0,0,0,0,0,335.20859,0,0,0,335.20859
"methane_baseline.xmodel","manual_1637345578273",model_only,2524,0,0,0,0,0,0,337.8978,0,0,0,337.8978
"methane_baseline.xmodel","manual_1637345578273",model_only,2525,2,0,0,0,0,0,336.59829,0,0,0,336.59829
"methane_baseline.xmodel","manual_1637345578273",model_only,2526,1,0,0,0,0,0,338.32608,0,0,0,338.32608
"methane_baseline.xmodel","manual_1637345578273",model_only,2527,3,0,0,0,0,0,336.2118,0,0,0,336.2118
"methane_baseline.xmodel","manual_1637345578273",model_only,2528,0,0,0,0,0,0,338.5351,0,0,0,338.5351
"methane_baseline.xmodel","manual_1637345578273",model_only,2529,2,0,0,0,0,0,334.85737,0,0,0,334.85737
"methane_baseline.xmodel","manual_1637345578273",model_only,2530,1,0,0,0,0,0,338.49919,0,0,0,338.49919
"methane_baseline.xmodel","manual_1637345578273",model_only,2531,3,0,0,0,0,0,335.14855,0,0,0,335.14855
"methane_baseline.xmodel","manual_1637345578273",model_only,2532,0,0,0,0,0,0,338.67502,0,0,0,338.67502
"methane_baseline.xmodel","manual_1637345578273",model_only,2533,2,0,0,0,0,0,334.87315,0,0,0,334.87315
"methane_baseline.xmodel","manual_1637345578273",model_only,2534,1,0,0,0,0,0,338.33331,0,0,0,338.33331
"methane_baseline.xmodel","manual_1637345578273",model_only,2535,3,0,0,0,0,0,334.72059,0,0,0,334.72059
"methane_baseline.xmodel","manual_1637345578273",model_only,2536,0,0,0,0,0,0,338.57407,0,0,0,338.57407
"methane_baseline.xmodel","manual_1637345578273",model_only,2537,2,0,0,0,0,0,334.87854,0,0,0,334.87854
"methane_baseline.xmodel","manual_1637345578273",model_only,2538,1,0,0,0,0,0,338.48198,0,0,0,338.48198
"methane_baseline.xmodel","manual_1637345578273",model_only,2539,3,0,0,0,0,0,335.24165,0,0,0,335.24165
"methane_baseline.xmodel","manual_1637345578273",model_only,2540,0,0,0,0,0,0,338.54891,0,0,0,338.54891
"methane_baseline.xmodel","manual_1637345578273",model_only,2541,2,0,0,0,0,0,335.19988,0,0,0,335.19988
"methane_baseline.xmodel","manual_1637345578273",model_only,2542,1,0,0,0,0,0,339.02799,0,0,0,339.02799
"methane_baseline.xmodel","manual_1637345578273",model_only,2543,3,0,0,0,0,0,335.29121,0,0,0,335.29121
"methane_baseline.xmodel","manual_1637345578273",model_only,2544,0,0,0,0,0,0,338.52065,0,0,0,338.52065
"methane_baseline.xmodel","manual_1637345578273",model_only,2545,2,0,0,0,0,0,335.09608,0,0,0,335.09608
"methane_baseline.xmodel","manual_1637345578273",model_only,2546,1,0,0,0,0,0,338.36473,0,0,0,338.36473
"methane_baseline.xmodel","manual_1637345578273",model_only,2547,3,0,0,0,0,0,335.03649,0,0,0,335.03649
"methane_baseline.xmodel","manual_1637345578273",model_only,2548,0,0,0,0,0,0,338.47982,0,0,0,338.47982
"methane_baseline.xmodel","manual_1637345578273",model_only,2549,2,0,0,0,0,0,334.95116,0,0,0,334.95116
"methane_baseline.xmodel","manual_1637345578273",model_only,2550,1,0,0,0,0,0,338.6449,0,0,0,338.6449
"methane_baseline.xmodel","manual_1637345578273",model_only,2551,3,0,0,0,0,0,334.95885,0,0,0,334.95885
"methane_baseline.xmodel","manual_1637345578273",model_only,2552,0,0,0,0,0,0,338.71459,0,0,0,338.71459
"methane_baseline.xmodel","manual_1637345578273",model_only,2553,2,0,0,0,0,0,334.81222,0,0,0,334.81222
"methane_baseline.xmodel","manual_1637345578273",model_only,2554,1,0,0,0,0,0,338.52478,0,0,0,338.52478
"methane_baseline.xmodel","manual_1637345578273",model_only,2555,3,0,0,0,0,0,336.30874,0,0,0,336.30874
"methane_baseline.xmodel","manual_1637345578273",model_only,2556,0,0,0,0,0,0,339.62973,0,0,0,339.62973
"methane_baseline.xmodel","manual_1637345578273",model_only,2557,2,0,0,0,0,0,336.60005,0,0,0,336.60005
"methane_baseline.xmodel","manual_1637345578273",model_only,2558,1,0,0,0,0,0,338.68744,0,0,0,338.68744
"methane_baseline.xmodel","manual_1637345578273",model_only,2559,3,0,0,0,0,0,335.47657,0,0,0,335.47657
"methane_baseline.xmodel","manual_1637345578273",model_only,2560,0,0,0,0,0,0,339.81008,0,0,0,339.81008
"methane_baseline.xmodel","manual_1637345578273",model_only,2561,2,0,0,0,0,0,335.11592,0,0,0,335.11592
"methane_baseline.xmodel","manual_1637345578273",model_only,2562,1,0,0,0,0,0,338.62229,0,0,0,338.62229
"methane_baseline.xmodel","manual_1637345578273",model_only,2563,3,0,0,0,0,0,335.27525,0,0,0,335.27525
"methane_baseline.xmodel","manual_1637345578273",model_only,2564,0,0,0,0,0,0,338.46864,0,0,0,338.46864
"methane_baseline.xmodel","manual_1637345578273",model_only,2565,2,0,0,0,0,0,335.39305,0,0,0,335.39305
"methane_baseline.xmodel","manual_1637345578273",model_only,2566,1,0,0,0,0,0,338.56077,0,0,0,338.56077
"methane_baseline.xmodel","manual_1637345578273",model_only,2567,3,0,0,0,0,0,335.50924,0,0,0,335.50924
"methane_baseline.xmodel","manual_1637345578273",model_only,2568,0,0,0,0,0,0,338.61675,0,0,0,338.61675
"methane_baseline.xmodel","manual_1637345578273",model_only,2569,2,0,0,0,0,0,335.82,0,0,0,335.82
"methane_baseline.xmodel","manual_1637345578273",model_only,2570,1,0,0,0,0,0,338.43774,0,0,0,338.43774
"methane_baseline.xmodel","manual_1637345578273",model_only,2571,3,0,0,0,0,0,336.16398,0,0,0,336.16398
"methane_baseline.xmodel","manual_1637345578273",model_only,2572,0,0,0,0,0,0,338.39909,0,0,0,338.39909
"methane_baseline.xmodel","manual_1637345578273",model_only,2573,2,0,0,0,0,0,336.76744,0,0,0,336.76744
"methane_baseline.xmodel","manual_1637345578273",model_only,2574,1,0,0,0,0,0,340.08702,0,0,0,340.08702
"methane_baseline.xmodel","manual_1637345578273",model_only,2575,3,0,0,0,0,0,336.04518,0,0,0,336.04518
"methane_baseline.xmodel","manual_1637345578273",model_only,2576,0,0,0,0,0,0,338.74569,0,0,0,338.74569
"methane_baseline.xmodel","manual_1637345578273",model_only,2577,2,0,0,0,0,0,335.34959,0,0,0,335.34959
"methane_baseline.xmodel","manual_1637345578273",model_only,2578,1,0,0,0,0,0,337.9302,0,0,0,337.9302
"methane_baseline.xmodel","manual_1637345578273",model_only,2579,3,0,0,0,0,0,335.26703,0,0,0,335.26703
"methane_baseline.xmodel","manual_1637345578273",model_only,2580,0,0,0,0,0,0,337.81005,0,0,0,337.81005
"methane_baseline.xmodel","manual_1637345578273",model_only,2581,2,0,0,0,0,0,335.58902,0,0,0,335.58902
"methane_baseline.xmodel","manual_1637345578273",model_only,2582,1,0,0,0,0,0,338.03825,0,0,0,338.03825
"methane_baseline.xmodel","manual_1637345578273",model_only,2583,3,0,0,0,0,0,335.6534,0,0,0,335.6534
"methane_baseline.xmodel","manual_1637345578273",model_only,2584,0,0,0,0,0,0,337.91277,0,0,0,337.91277
"methane_baseline.xmodel","manual_1637345578273",model_only,2585,2,0,0,0,0,0,335.78595,0,0,0,335.78595
"methane_baseline.xmodel","manual_1637345578273",model_only,2586,1,0,0,0,0,0,337.95636,0,0,0,337.95636
"methane_baseline.xmodel","manual_1637345578273",model_only,2587,3,0,0,0,0,0,335.60936,0,0,0,335.60936
"methane_baseline.xmodel","manual_1637345578273",model_only,2588,0,0,0,0,0,0,338.16463,0,0,0,338.16463
"methane_baseline.xmodel","manual_1637345578273",model_only,2589,2,0,0,0,0,0,335.63226,0,0,0,335.63226
"methane_baseline.xmodel","manual_1637345578273",model_only,2590,1,0,0,0,0,0,337.93259,0,0,0,337.93259
"methane_baseline.xmodel","manual_1637345578273",model_only,2591,3,0,0,0,0,0,335.67192,0,0,0,335.67192
"methane_baseline.xmodel","manual_1637345578273",model_only,2592,0,0,0,0,0,0,338.14609,0,0,0,338.14609
"methane_baseline.xmodel","manual_1637345578273",model_only,2593,2,0,0,0,0,0,336.11838,0,0,0,336.11838
"methane_baseline.xmodel","manual_1637345578273",model_only,2594,1,0,0,0,0,0,338.4661,0,0,0,338.4661
"methane_baseline.xmodel","manual_1637345578273",model_only,2595,3,0,0,0,0,0,336.05088,0,0,0,336.05088
"methane_baseline.xmodel","manual_1637345578273",model_only,2596,0,0,0,0,0,0,338.24796,0,0,0,338.24796
"methane_baseline.xmodel","manual_1637345578273",model_only,2597,2,0,0,0,0,0,335.20552,0,0,0,335.20552
"methane_baseline.xmodel","manual_1637345578273",model_only,2598,1,0,0,0,0,0,338.79532,0,0,0,338.79532
"methane_baseline.xmodel","manual_1637345578273",model_only,2599,3,0,0,0,0,0,335.47775,0,0,0,335.47775
"methane_baseline.xmodel","manual_1637345578273",model_only,2600,0,0,0,0,0,0,338.09979,0,0,0,338.09979
"methane_baseline.xmodel","manual_1637345578273",model_only,2601,2,0,0,0,0,0,335.50546,0,0,0,335.50546
"methane_baseline.xmodel","manual_1637345578273",model_only,2602,1,0,0,0,0,0,338.08557,0,0,0,338.08557
"methane_baseline.xmodel","manual_1637345578273",model_only,2603,3,0,0,0,0,0,335.37781,0,0,0,335.37781
"methane_baseline.xmodel","manual_1637345578273",model_only,2604,0,0,0,0,0,0,337.89238,0,0,0,337.89238
"methane_baseline.xmodel","manual_1637345578273",model_only,2605,2,0,0,0,0,0,335.69286,0,0,0,335.69286
"methane_baseline.xmodel","manual_1637345578273",model_only,2606,1,0,0,0,0,0,337.94796,0,0,0,337.94796
"methane_baseline.xmodel","manual_1637345578273",model_only,2607,3,0,0,0,0,0,335.48643,0,0,0,335.48643
"methane_baseline.xmodel","manual_1637345578273",model_only,2608,0,0,0,0,0,0,338.07101,0,0,0,338.07101
"methane_baseline.xmodel","manual_1637345578273",model_only,2609,2,0,0,0,0,0,335.58615,0,0,0,335.58615
"methane_baseline.xmodel","manual_1637345578273",model_only,2610,1,0,0,0,0,0,337.67003,0,0,0,337.67003
"methane_baseline.xmodel","manual_1637345578273",model_only,2611,3,0,0,0,0,0,335.65838,0,0,0,335.65838
"methane_baseline.xmodel","manual_1637345578273",model_only,2612,0,0,0,0,0,0,338.2329,0,0,0,338.2329
"methane_baseline.xmodel","manual_1637345578273",model_only,2613,2,0,0,0,0,0,335.37794,0,0,0,335.37794
"methane_baseline.xmodel","manual_1637345578273",model_only,2614,1,0,0,0,0,0,340.39779,0,0,0,340.39779
"methane_baseline.xmodel","manual_1637345578273",model_only,2615,3,0,0,0,0,0,335.93125,0,0,0,335.93125
"methane_baseline.xmodel","manual_1637345578273",model_only,2616,0,0,0,0,0,0,338.64768,0,0,0,338.64768
"methane_baseline.xmodel","manual_1637345578273",model_only,2617,2,0,0,0,0,0,335.22464,0,0,0,335.22464
"methane_baseline.xmodel","manual_1637345578273",model_only,2618,1,0,0,0,0,0,337.99133,0,0,0,337.99133
"methane_baseline.xmodel","manual_1637345578273",model_only,2619,3,0,0,0,0,0,334.96161,0,0,0,334.96161
"methane_baseline.xmodel","manual_1637345578273",model_only,2620,0,0,0,0,0,0,338.09012,0,0,0,338.09012
"methane_baseline.xmodel","manual_1637345578273",model_only,2621,2,0,0,0,0,0,334.96283,0,0,0,334.96283
"methane_baseline.xmodel","manual_1637345578273",model_only,2622,1,0,0,0,0,0,338.00117,0,0,0,338.00117
"methane_baseline.xmodel","manual_1637345578273",model_only,2623,3,0,0,0,0,0,334.874,0,0,0,334.874
"methane_baseline.xmodel","manual_1637345578273",model_only,2624,0,0,0,0,0,0,337.98072,0,0,0,337.98072
"methane_baseline.xmodel","manual_1637345578273",model_only,2625,2,0,0,0,0,0,334.96392,0,0,0,334.96392
"methane_baseline.xmodel","manual_1637345578273",model_only,2626,1,0,0,0,0,0,337.98573,0,0,0,337.98573
"methane_baseline.xmodel","manual_1637345578273",model_only,2627,3,0,0,0,0,0,335.02077,0,0,0,335.02077
"methane_baseline.xmodel","manual_1637345578273",model_only,2628,0,0,0,0,0,0,338.02676,0,0,0,338.02676
"methane_baseline.xmodel","manual_1637345578273",model_only,2629,2,0,0,0,0,0,334.95707,0,0,0,334.95707
"methane_baseline.xmodel","manual_1637345578273",model_only,2630,1,0,0,0,0,0,338.03706,0,0,0,338.03706
"methane_baseline.xmodel","manual_1637345578273",model_only,2631,3,0,0,0,0,0,334.82915,0,0,0,334.82915
"methane_baseline.xmodel","manual_1637345578273",model_only,2632,0,0,0,0,0,0,338.19288,0,0,0,338.19288
"methane_baseline.xmodel","manual_1637345578273",model_only,2633,2,0,0,0,0,0,334.61219,0,0,0,334.61219
"methane_baseline.xmodel","manual_1637345578273",model_only,2634,1,0,0,0,0,0,338.18779,0,0,0,338.18779
"methane_baseline.xmodel","manual_1637345578273",model_only,2635,3,0,0,0,0,0,334.61251,0,0,0,334.61251
"methane_baseline.xmodel","manual_1637345578273",model_only,2636,0,0,0,0,0,0,338.57157,0,0,0,338.57157
"methane_baseline.xmodel","manual_1637345578273",model_only,2637,2,0,0,0,0,0,334.74033,0,0,0,334.74033
"methane_baseline.xmodel","manual_1637345578273",model_only,2638,1,0,0,0,0,0,338.1441,0,0,0,338.1441
"methane_baseline.xmodel","manual_1637345578273",model_only,2639,3,0,0,0,0,0,334.76287,0,0,0,334.76287
"methane_baseline.xmodel","manual_1637345578273",model_only,2640,0,0,0,0,0,0,338.25652,0,0,0,338.25652
"methane_baseline.xmodel","manual_1637345578273",model_only,2641,2,0,0,0,0,0,334.97489,0,0,0,334.97489
"methane_baseline.xmodel","manual_1637345578273",model_only,2642,1,0,0,0,0,0,338.57285,0,0,0,338.57285
"methane_baseline.xmodel","manual_1637345578273",model_only,2643,3,0,0,0,0,0,335.38466,0,0,0,335.38466
"methane_baseline.xmodel","manual_1637345578273",model_only,2644,0,0,0,0,0,0,341.66401,0,0,0,341.66401
"methane_baseline.xmodel","manual_1637345578273",model_only,2645,2,0,0,0,0,0,335.47108,0,0,0,335.47108
"methane_baseline.xmodel","manual_1637345578273",model_only,2646,1,0,0,0,0,0,338.50447,0,0,0,338.50447
"methane_baseline.xmodel","manual_1637345578273",model_only,2647,3,0,0,0,0,0,335.21422,0,0,0,335.21422
"methane_baseline.xmodel","manual_1637345578273",model_only,2648,0,0,0,0,0,0,338.7431,0,0,0,338.7431
"methane_baseline.xmodel","manual_1637345578273",model_only,2649,2,0,0,0,0,0,335.29021,0,0,0,335.29021
"methane_baseline.xmodel","manual_1637345578273",model_only,2650,1,0,0,0,0,0,338.52546,0,0,0,338.52546
"methane_baseline.xmodel","manual_1637345578273",model_only,2651,3,0,0,0,0,0,335.32758,0,0,0,335.32758
"methane_baseline.xmodel","manual_1637345578273",model_only,2652,0,0,0,0,0,0,338.63968,0,0,0,338.63968
"methane_baseline.xmodel","manual_1637345578273",model_only,2653,2,0,0,0,0,0,335.3734,0,0,0,335.3734
"methane_baseline.xmodel","manual_1637345578273",model_only,2654,1,0,0,0,0,0,338.66591,0,0,0,338.66591
"methane_baseline.xmodel","manual_1637345578273",model_only,2655,3,0,0,0,0,0,335.23583,0,0,0,335.23583
"methane_baseline.xmodel","manual_1637345578273",model_only,2656,0,0,0,0,0,0,338.81608,0,0,0,338.81608
"methane_baseline.xmodel","manual_1637345578273",model_only,2657,2,0,0,0,0,0,335.3547,0,0,0,335.3547
"methane_baseline.xmodel","manual_1637345578273",model_only,2658,1,0,0,0,0,0,339.04292,0,0,0,339.04292
"methane_baseline.xmodel","manual_1637345578273",model_only,2659,3,0,0,0,0,0,335.41921,0,0,0,335.41921
"methane_baseline.xmodel","manual_1637345578273",model_only,2660,0,0,0,0,0,0,339.04016,0,0,0,339.04016
"methane_baseline.xmodel","manual_1637345578273",model_only,2661,2,0,0,0,0,0,335.4769,0,0,0,335.4769
"methane_baseline.xmodel","manual_1637345578273",model_only,2662,1,0,0,0,0,0,339.15906,0,0,0,339.15906
"methane_baseline.xmodel","manual_1637345578273",model_only,2663,3,0,0,0,0,0,335.62138,0,0,0,335.62138
"methane_baseline.xmodel","manual_1637345578273",model_only,2664,0,0,0,0,0,0,339.91817,0,0,0,339.91817
"methane_baseline.xmodel","manual_1637345578273",model_only,2665,2,0,0,0,0,0,335.52676,0,0,0,335.52676
"methane_baseline.xmodel","manual_1637345578273",model_only,2666,1,0,0,0,0,0,339.59195,0,0,0,339.59195
"methane_baseline.xmodel","manual_1637345578273",model_only,2667,3,0,0,0,0,0,335.81144,0,0,0,335.81144
"methane_baseline.xmodel","manual_1637345578273",model_only,2668,0,0,0,0,0,0,339.54717,0,0,0,339.54717
"methane_baseline.xmodel","manual_1637345578273",model_only,2669,2,0,0,0,0,0,335.94574,0,0,0,335.94574
"methane_baseline.xmodel","manual_1637345578273",model_only,2670,1,0,0,0,0,0,339.72803,0,0,0,339.72803
"methane_baseline.xmodel","manual_1637345578273",model_only,2671,3,0,0,0,0,0,335.96512,0,0,0,335.96512
"methane_baseline.xmodel","manual_1637345578273",model_only,2672,0,0,0,0,0,0,341.93916,0,0,0,341.93916
"methane_baseline.xmodel","manual_1637345578273",model_only,2673,2,0,0,0,0,0,337.99473,0,0,0,337.99473
"methane_baseline.xmodel","manual_1637345578273",model_only,2674,3,0,0,0,0,0,336.8911,0,0,0,336.8911
"methane_baseline.xmodel","manual_1637345578273",model_only,2675,1,0,0,0,0,0,339.42382,0,0,0,339.42382
"methane_baseline.xmodel","manual_1637345578273",model_only,2676,2,0,0,0,0,0,335.92219,0,0,0,335.92219
"methane_baseline.xmodel","manual_1637345578273",model_only,2677,0,0,0,0,0,0,339.6013,0,0,0,339.6013
"methane_baseline.xmodel","manual_1637345578273",model_only,2678,3,0,0,0,0,0,335.73078,0,0,0,335.73078
"methane_baseline.xmodel","manual_1637345578273",model_only,2679,1,0,0,0,0,0,339.39294,0,0,0,339.39294
"methane_baseline.xmodel","manual_1637345578273",model_only,2680,2,0,0,0,0,0,336.01841,0,0,0,336.01841
"methane_baseline.xmodel","manual_1637345578273",model_only,2681,0,0,0,0,0,0,338.93778,0,0,0,338.93778
"methane_baseline.xmodel","manual_1637345578273",model_only,2682,3,0,0,0,0,0,336.02438,0,0,0,336.02438
"methane_baseline.xmodel","manual_1637345578273",model_only,2683,1,0,0,0,0,0,339.07002,0,0,0,339.07002
"methane_baseline.xmodel","manual_1637345578273",model_only,2684,2,0,0,0,0,0,335.90614,0,0,0,335.90614
"methane_baseline.xmodel","manual_1637345578273",model_only,2685,0,0,0,0,0,0,339.21482,0,0,0,339.21482
"methane_baseline.xmodel","manual_1637345578273",model_only,2686,3,0,0,0,0,0,336.46994,0,0,0,336.46994
"methane_baseline.xmodel","manual_1637345578273",model_only,2687,1,0,0,0,0,0,339.07009,0,0,0,339.07009
"methane_baseline.xmodel","manual_1637345578273",model_only,2688,2,0,0,0,0,0,335.95719,0,0,0,335.95719
"methane_baseline.xmodel","manual_1637345578273",model_only,2689,0,0,0,0,0,0,339.00179,0,0,0,339.00179
"methane_baseline.xmodel","manual_1637345578273",model_only,2690,3,0,0,0,0,0,335.49942,0,0,0,335.49942
"methane_baseline.xmodel","manual_1637345578273",model_only,2691,1,0,0,0,0,0,338.93265,0,0,0,338.93265
"methane_baseline.xmodel","manual_1637345578273",model_only,2692,2,0,0,0,0,0,335.50614,0,0,0,335.50614
"methane_baseline.xmodel","manual_1637345578273",model_only,2693,0,0,0,0,0,0,338.94632,0,0,0,338.94632
"methane_baseline.xmodel","manual_1637345578273",model_only,2694,3,0,0,0,0,0,335.47683,0,0,0,335.47683
"methane_baseline.xmodel","manual_1637345578273",model_only,2695,1,0,0,0,0,0,338.68524,0,0,0,338.68524
"methane_baseline.xmodel","manual_1637345578273",model_only,2696,2,0,0,0,0,0,335.48377,0,0,0,335.48377
"methane_baseline.xmodel","manual_1637345578273",model_only,2697,0,0,0,0,0,0,338.681,0,0,0,338.681
"methane_baseline.xmodel","manual_1637345578273",model_only,2698,3,0,0,0,0,0,335.35959,0,0,0,335.35959
"methane_baseline.xmodel","manual_1637345578273",model_only,2699,1,0,0,0,0,0,338.53496,0,0,0,338.53496
"methane_baseline.xmodel","manual_1637345578273",model_only,2700,2,0,0,0,0,0,335.31301,0,0,0,335.31301
"methane_baseline.xmodel","manual_1637345578273",model_only,2701,0,0,0,0,0,0,338.58148,0,0,0,338.58148
"methane_baseline.xmodel","manual_1637345578273",model_only,2702,3,0,0,0,0,0,335.29443,0,0,0,335.29443
"methane_baseline.xmodel","manual_1637345578273",model_only,2703,1,0,0,0,0,0,338.41585,0,0,0,338.41585
"methane_baseline.xmodel","manual_1637345578273",model_only,2704,2,0,0,0,0,0,336.97813,0,0,0,336.97813
"methane_baseline.xmodel","manual_1637345578273",model_only,2705,0,0,0,0,0,0,338.87455,0,0,0,338.87455
"methane_baseline.xmodel","manual_1637345578273",model_only,2706,3,0,0,0,0,0,337.43412,0,0,0,337.43412
"methane_baseline.xmodel","manual_1637345578273",model_only,2707,1,0,0,0,0,0,338.3983,0,0,0,338.3983
"methane_baseline.xmodel","manual_1637345578273",model_only,2708,2,0,0,0,0,0,338.04441,0,0,0,338.04441
"methane_baseline.xmodel","manual_1637345578273",model_only,2709,0,0,0,0,0,0,338.72028,0,0,0,338.72028
"methane_baseline.xmodel","manual_1637345578273",model_only,2710,3,0,0,0,0,0,337.14354,0,0,0,337.14354
"methane_baseline.xmodel","manual_1637345578273",model_only,2711,1,0,0,0,0,0,338.41289,0,0,0,338.41289
"methane_baseline.xmodel","manual_1637345578273",model_only,2712,2,0,0,0,0,0,336.51863,0,0,0,336.51863
"methane_baseline.xmodel","manual_1637345578273",model_only,2713,0,0,0,0,0,0,338.24725,0,0,0,338.24725
"methane_baseline.xmodel","manual_1637345578273",model_only,2714,3,0,0,0,0,0,335.51803,0,0,0,335.51803
"methane_baseline.xmodel","manual_1637345578273",model_only,2715,1,0,0,0,0,0,338.78366,0,0,0,338.78366
"methane_baseline.xmodel","manual_1637345578273",model_only,2716,2,0,0,0,0,0,335.23887,0,0,0,335.23887
"methane_baseline.xmodel","manual_1637345578273",model_only,2717,0,0,0,0,0,0,337.97121,0,0,0,337.97121
"methane_baseline.xmodel","manual_1637345578273",model_only,2718,3,0,0,0,0,0,335.32111,0,0,0,335.32111
"methane_baseline.xmodel","manual_1637345578273",model_only,2719,1,0,0,0,0,0,337.77546,0,0,0,337.77546
"methane_baseline.xmodel","manual_1637345578273",model_only,2720,2,0,0,0,0,0,335.35601,0,0,0,335.35601
"methane_baseline.xmodel","manual_1637345578273",model_only,2721,0,0,0,0,0,0,337.72947,0,0,0,337.72947
"methane_baseline.xmodel","manual_1637345578273",model_only,2722,3,0,0,0,0,0,335.23479,0,0,0,335.23479
"methane_baseline.xmodel","manual_1637345578273",model_only,2723,1,0,0,0,0,0,337.58266,0,0,0,337.58266
"methane_baseline.xmodel","manual_1637345578273",model_only,2724,2,0,0,0,0,0,335.2433,0,0,0,335.2433
"methane_baseline.xmodel","manual_1637345578273",model_only,2725,0,0,0,0,0,0,337.70175,0,0,0,337.70175
"methane_baseline.xmodel","manual_1637345578273",model_only,2726,3,0,0,0,0,0,335.18757,0,0,0,335.18757
"methane_baseline.xmodel","manual_1637345578273",model_only,2727,1,0,0,0,0,0,337.66787,0,0,0,337.66787
"methane_baseline.xmodel","manual_1637345578273",model_only,2728,2,0,0,0,0,0,334.79026,0,0,0,334.79026
"methane_baseline.xmodel","manual_1637345578273",model_only,2729,0,0,0,0,0,0,337.63368,0,0,0,337.63368
"methane_baseline.xmodel","manual_1637345578273",model_only,2730,3,0,0,0,0,0,334.69922,0,0,0,334.69922
"methane_baseline.xmodel","manual_1637345578273",model_only,2731,1,0,0,0,0,0,337.66512,0,0,0,337.66512
"methane_baseline.xmodel","manual_1637345578273",model_only,2732,2,0,0,0,0,0,334.86267,0,0,0,334.86267
"methane_baseline.xmodel","manual_1637345578273",model_only,2733,0,0,0,0,0,0,337.99943,0,0,0,337.99943
"methane_baseline.xmodel","manual_1637345578273",model_only,2734,3,0,0,0,0,0,334.8334,0,0,0,334.8334
"methane_baseline.xmodel","manual_1637345578273",model_only,2735,1,0,0,0,0,0,337.8865,0,0,0,337.8865
"methane_baseline.xmodel","manual_1637345578273",model_only,2736,2,0,0,0,0,0,334.86422,0,0,0,334.86422
"methane_baseline.xmodel","manual_1637345578273",model_only,2737,0,0,0,0,0,0,337.62155,0,0,0,337.62155
"methane_baseline.xmodel","manual_1637345578273",model_only,2738,3,0,0,0,0,0,334.88979,0,0,0,334.88979
"methane_baseline.xmodel","manual_1637345578273",model_only,2739,1,0,0,0,0,0,337.88153,0,0,0,337.88153
"methane_baseline.xmodel","manual_1637345578273",model_only,2740,2,0,0,0,0,0,335.12466,0,0,0,335.12466
"methane_baseline.xmodel","manual_1637345578273",model_only,2741,0,0,0,0,0,0,337.78868,0,0,0,337.78868
"methane_baseline.xmodel","manual_1637345578273",model_only,2742,3,0,0,0,0,0,334.98411,0,0,0,334.98411
"methane_baseline.xmodel","manual_1637345578273",model_only,2743,1,0,0,0,0,0,337.65429,0,0,0,337.65429
"methane_baseline.xmodel","manual_1637345578273",model_only,2744,2,0,0,0,0,0,335.11283,0,0,0,335.11283
"methane_baseline.xmodel","manual_1637345578273",model_only,2745,0,0,0,0,0,0,337.74174,0,0,0,337.74174
"methane_baseline.xmodel","manual_1637345578273",model_only,2746,3,0,0,0,0,0,335.70612,0,0,0,335.70612
"methane_baseline.xmodel","manual_1637345578273",model_only,2747,1,0,0,0,0,0,338.28911,0,0,0,338.28911
"methane_baseline.xmodel","manual_1637345578273",model_only,2748,2,0,0,0,0,0,336.71718,0,0,0,336.71718
"methane_baseline.xmodel","manual_1637345578273",model_only,2749,0,0,0,0,0,0,338.3723,0,0,0,338.3723
"methane_baseline.xmodel","manual_1637345578273",model_only,2750,3,0,0,0,0,0,335.73285,0,0,0,335.73285
"methane_baseline.xmodel","manual_1637345578273",model_only,2751,1,0,0,0,0,0,338.24092,0,0,0,338.24092
"methane_baseline.xmodel","manual_1637345578273",model_only,2752,2,0,0,0,0,0,335.38161,0,0,0,335.38161
"methane_baseline.xmodel","manual_1637345578273",model_only,2753,0,0,0,0,0,0,338.68198,0,0,0,338.68198
"methane_baseline.xmodel","manual_1637345578273",model_only,2754,3,0,0,0,0,0,334.89188,0,0,0,334.89188
"methane_baseline.xmodel","manual_1637345578273",model_only,2755,1,0,0,0,0,0,338.51633,0,0,0,338.51633
"methane_baseline.xmodel","manual_1637345578273",model_only,2756,2,0,0,0,0,0,334.71636,0,0,0,334.71636
"methane_baseline.xmodel","manual_1637345578273",model_only,2757,0,0,0,0,0,0,338.39677,0,0,0,338.39677
"methane_baseline.xmodel","manual_1637345578273",model_only,2758,3,0,0,0,0,0,334.88906,0,0,0,334.88906
"methane_baseline.xmodel","manual_1637345578273",model_only,2759,1,0,0,0,0,0,338.51937,0,0,0,338.51937
"methane_baseline.xmodel","manual_1637345578273",model_only,2760,2,0,0,0,0,0,334.78338,0,0,0,334.78338
"methane_baseline.xmodel","manual_1637345578273",model_only,2761,0,0,0,0,0,0,338.36403,0,0,0,338.36403
"methane_baseline.xmodel","manual_1637345578273",model_only,2762,3,0,0,0,0,0,335.48983,0,0,0,335.48983
"methane_baseline.xmodel","manual_1637345578273",model_only,2763,1,0,0,0,0,0,338.52533,0,0,0,338.52533
"methane_baseline.xmodel","manual_1637345578273",model_only,2764,2,0,0,0,0,0,334.99692,0,0,0,334.99692
"methane_baseline.xmodel","manual_1637345578273",model_only,2765,0,0,0,0,0,0,339.39447,0,0,0,339.39447
"methane_baseline.xmodel","manual_1637345578273",model_only,2766,3,0,0,0,0,0,335.30412,0,0,0,335.30412
"methane_baseline.xmodel","manual_1637345578273",model_only,2767,1,0,0,0,0,0,338.59155,0,0,0,338.59155
"methane_baseline.xmodel","manual_1637345578273",model_only,2768,2,0,0,0,0,0,334.97848,0,0,0,334.97848
"methane_baseline.xmodel","manual_1637345578273",model_only,2769,0,0,0,0,0,0,338.30597,0,0,0,338.30597
"methane_baseline.xmodel","manual_1637345578273",model_only,2770,3,0,0,0,0,0,335.2453,0,0,0,335.2453
"methane_baseline.xmodel","manual_1637345578273",model_only,2771,1,0,0,0,0,0,338.45333,0,0,0,338.45333
"methane_baseline.xmodel","manual_1637345578273",model_only,2772,2,0,0,0,0,0,334.91873,0,0,0,334.91873
"methane_baseline.xmodel","manual_1637345578273",model_only,2773,0,0,0,0,0,0,338.59825,0,0,0,338.59825
"methane_baseline.xmodel","manual_1637345578273",model_only,2774,3,0,0,0,0,0,334.92847,0,0,0,334.92847
"methane_baseline.xmodel","manual_1637345578273",model_only,2775,1,0,0,0,0,0,338.53012,0,0,0,338.53012
"methane_baseline.xmodel","manual_1637345578273",model_only,2776,2,0,0,0,0,0,334.80332,0,0,0,334.80332
"methane_baseline.xmodel","manual_1637345578273",model_only,2777,0,0,0,0,0,0,338.36243,0,0,0,338.36243
"methane_baseline.xmodel","manual_1637345578273",model_only,2778,3,0,0,0,0,0,336.43853,0,0,0,336.43853
"methane_baseline.xmodel","manual_1637345578273",model_only,2779,1,0,0,0,0,0,339.48627,0,0,0,339.48627
"methane_baseline.xmodel","manual_1637345578273",model_only,2780,2,0,0,0,0,0,335.61601,0,0,0,335.61601
"methane_baseline.xmodel","manual_1637345578273",model_only,2781,0,0,0,0,0,0,338.88423,0,0,0,338.88423
"methane_baseline.xmodel","manual_1637345578273",model_only,2782,3,0,0,0,0,0,336.21679,0,0,0,336.21679
"methane_baseline.xmodel","manual_1637345578273",model_only,2783,1,0,0,0,0,0,339.52105,0,0,0,339.52105
"methane_baseline.xmodel","manual_1637345578273",model_only,2784,2,0,0,0,0,0,335.15204,0,0,0,335.15204
"methane_baseline.xmodel","manual_1637345578273",model_only,2785,0,0,0,0,0,0,338.44703,0,0,0,338.44703
"methane_baseline.xmodel","manual_1637345578273",model_only,2786,3,0,0,0,0,0,335.26483,0,0,0,335.26483
"methane_baseline.xmodel","manual_1637345578273",model_only,2787,1,0,0,0,0,0,338.45247,0,0,0,338.45247
"methane_baseline.xmodel","manual_1637345578273",model_only,2788,2,0,0,0,0,0,335.37812,0,0,0,335.37812
"methane_baseline.xmodel","manual_1637345578273",model_only,2789,0,0,0,0,0,0,338.49183,0,0,0,338.49183
"methane_baseline.xmodel","manual_1637345578273",model_only,2790,3,0,0,0,0,0,335.38104,0,0,0,335.38104
"methane_baseline.xmodel","manual_1637345578273",model_only,2791,1,0,0,0,0,0,338.53666,0,0,0,338.53666
"methane_baseline.xmodel","manual_1637345578273",model_only,2792,2,0,0,0,0,0,335.79183,0,0,0,335.79183
"methane_baseline.xmodel","manual_1637345578273",model_only,2793,0,0,0,0,0,0,338.50563,0,0,0,338.50563
"methane_baseline.xmodel","manual_1637345578273",model_only,2794,3,0,0,0,0,0,336.28405,0,0,0,336.28405
"methane_baseline.xmodel","manual_1637345578273",model_only,2795,1,0,0,0,0,0,338.35234,0,0,0,338.35234
"methane_baseline.xmodel","manual_1637345578273",model_only,2796,2,0,0,0,0,0,336.51927,0,0,0,336.51927
"methane_baseline.xmodel","manual_1637345578273",model_only,2797,0,0,0,0,0,0,340.01655,0,0,0,340.01655
"methane_baseline.xmodel","manual_1637345578273",model_only,2798,3,0,0,0,0,0,335.97135,0,0,0,335.97135
"methane_baseline.xmodel","manual_1637345578273",model_only,2799,1,0,0,0,0,0,338.73003,0,0,0,338.73003
"methane_baseline.xmodel","manual_1637345578273",model_only,2800,2,0,0,0,0,0,335.07835,0,0,0,335.07835
"methane_baseline.xmodel","manual_1637345578273",model_only,2801,0,0,0,0,0,0,337.9133,0,0,0,337.9133
"methane_baseline.xmodel","manual_1637345578273",model_only,2802,3,0,0,0,0,0,335.28893,0,0,0,335.28893
"methane_baseline.xmodel","manual_1637345578273",model_only,2803,1,0,0,0,0,0,337.87992,0,0,0,337.87992
"methane_baseline.xmodel","manual_1637345578273",model_only,2804,2,0,0,0,0,0,335.43134,0,0,0,335.43134
"methane_baseline.xmodel","manual_1637345578273",model_only,2805,0,0,0,0,0,0,337.98017,0,0,0,337.98017
"methane_baseline.xmodel","manual_1637345578273",model_only,2806,3,0,0,0,0,0,335.60698,0,0,0,335.60698
"methane_baseline.xmodel","manual_1637345578273",model_only,2807,1,0,0,0,0,0,337.97105,0,0,0,337.97105
"methane_baseline.xmodel","manual_1637345578273",model_only,2808,2,0,0,0,0,0,335.94239,0,0,0,335.94239
"methane_baseline.xmodel","manual_1637345578273",model_only,2809,0,0,0,0,0,0,338.04485,0,0,0,338.04485
"methane_baseline.xmodel","manual_1637345578273",model_only,2810,3,0,0,0,0,0,335.74691,0,0,0,335.74691
"methane_baseline.xmodel","manual_1637345578273",model_only,2811,1,0,0,0,0,0,338.21238,0,0,0,338.21238
"methane_baseline.xmodel","manual_1637345578273",model_only,2812,2,0,0,0,0,0,335.49822,0,0,0,335.49822
"methane_baseline.xmodel","manual_1637345578273",model_only,2813,0,0,0,0,0,0,338.0504,0,0,0,338.0504
"methane_baseline.xmodel","manual_1637345578273",model_only,2814,3,0,0,0,0,0,335.51051,0,0,0,335.51051
"methane_baseline.xmodel","manual_1637345578273",model_only,2815,1,0,0,0,0,0,338.00055,0,0,0,338.00055
"methane_baseline.xmodel","manual_1637345578273",model_only,2816,2,0,0,0,0,0,336.14016,0,0,0,336.14016
"methane_baseline.xmodel","manual_1637345578273",model_only,2817,0,0,0,0,0,0,338.66797,0,0,0,338.66797
"methane_baseline.xmodel","manual_1637345578273",model_only,2818,3,0,0,0,0,0,336.03127,0,0,0,336.03127
"methane_baseline.xmodel","manual_1637345578273",model_only,2819,1,0,0,0,0,0,338.38306,0,0,0,338.38306
"methane_baseline.xmodel","manual_1637345578273",model_only,2820,2,0,0,0,0,0,335.58341,0,0,0,335.58341
"methane_baseline.xmodel","manual_1637345578273",model_only,2821,0,0,0,0,0,0,338.92865,0,0,0,338.92865
"methane_baseline.xmodel","manual_1637345578273",model_only,2822,3,0,0,0,0,0,335.47694,0,0,0,335.47694
"methane_baseline.xmodel","manual_1637345578273",model_only,2823,1,0,0,0,0,0,337.98881,0,0,0,337.98881
"methane_baseline.xmodel","manual_1637345578273",model_only,2824,2,0,0,0,0,0,335.55061,0,0,0,335.55061
"methane_baseline.xmodel","manual_1637345578273",model_only,2825,0,0,0,0,0,0,338.20564,0,0,0,338.20564
"methane_baseline.xmodel","manual_1637345578273",model_only,2826,3,0,0,0,0,0,335.46437,0,0,0,335.46437
"methane_baseline.xmodel","manual_1637345578273",model_only,2827,1,0,0,0,0,0,338.19681,0,0,0,338.19681
"methane_baseline.xmodel","manual_1637345578273",model_only,2828,2,0,0,0,0,0,335.51452,0,0,0,335.51452
"methane_baseline.xmodel","manual_1637345578273",model_only,2829,0,0,0,0,0,0,338.08746,0,0,0,338.08746
"methane_baseline.xmodel","manual_1637345578273",model_only,2830,3,0,0,0,0,0,335.44881,0,0,0,335.44881
"methane_baseline.xmodel","manual_1637345578273",model_only,2831,1,0,0,0,0,0,337.9333,0,0,0,337.9333
"methane_baseline.xmodel","manual_1637345578273",model_only,2832,2,0,0,0,0,0,335.61909,0,0,0,335.61909
"methane_baseline.xmodel","manual_1637345578273",model_only,2833,0,0,0,0,0,0,338.00857,0,0,0,338.00857
"methane_baseline.xmodel","manual_1637345578273",model_only,2834,3,0,0,0,0,0,335.76046,0,0,0,335.76046
"methane_baseline.xmodel","manual_1637345578273",model_only,2835,1,0,0,0,0,0,338.63287,0,0,0,338.63287
"methane_baseline.xmodel","manual_1637345578273",model_only,2836,2,0,0,0,0,0,335.3814,0,0,0,335.3814
"methane_baseline.xmodel","manual_1637345578273",model_only,2837,0,0,0,0,0,0,339.78768,0,0,0,339.78768
"methane_baseline.xmodel","manual_1637345578273",model_only,2838,3,0,0,0,0,0,335.7597,0,0,0,335.7597
"methane_baseline.xmodel","manual_1637345578273",model_only,2839,1,0,0,0,0,0,338.08544,0,0,0,338.08544
"methane_baseline.xmodel","manual_1637345578273",model_only,2840,2,0,0,0,0,0,334.89359,0,0,0,334.89359
"methane_baseline.xmodel","manual_1637345578273",model_only,2841,0,0,0,0,0,0,338.07088,0,0,0,338.07088
"methane_baseline.xmodel","manual_1637345578273",model_only,2842,3,0,0,0,0,0,334.97348,0,0,0,334.97348
"methane_baseline.xmodel","manual_1637345578273",model_only,2843,1,0,0,0,0,0,337.85263,0,0,0,337.85263
"methane_baseline.xmodel","manual_1637345578273",model_only,2844,2,0,0,0,0,0,335.06035,0,0,0,335.06035
"methane_baseline.xmodel","manual_1637345578273",model_only,2845,0,0,0,0,0,0,337.8582,0,0,0,337.8582
"methane_baseline.xmodel","manual_1637345578273",model_only,2846,3,0,0,0,0,0,334.90802,0,0,0,334.90802
"methane_baseline.xmodel","manual_1637345578273",model_only,2847,1,0,0,0,0,0,338.03147,0,0,0,338.03147
"methane_baseline.xmodel","manual_1637345578273",model_only,2848,2,0,0,0,0,0,334.84491,0,0,0,334.84491
"methane_baseline.xmodel","manual_1637345578273",model_only,2849,0,0,0,0,0,0,338.13575,0,0,0,338.13575
"methane_baseline.xmodel","manual_1637345578273",model_only,2850,3,0,0,0,0,0,335.13484,0,0,0,335.13484
"methane_baseline.xmodel","manual_1637345578273",model_only,2851,1,0,0,0,0,0,337.94806,0,0,0,337.94806
"methane_baseline.xmodel","manual_1637345578273",model_only,2852,2,0,0,0,0,0,334.89239,0,0,0,334.89239
"methane_baseline.xmodel","manual_1637345578273",model_only,2853,0,0,0,0,0,0,338.015,0,0,0,338.015
"methane_baseline.xmodel","manual_1637345578273",model_only,2854,3,0,0,0,0,0,334.71487,0,0,0,334.71487
"methane_baseline.xmodel","manual_1637345578273",model_only,2855,1,0,0,0,0,0,338.07639,0,0,0,338.07639
"methane_baseline.xmodel","manual_1637345578273",model_only,2856,2,0,0,0,0,0,334.66298,0,0,0,334.66298
"methane_baseline.xmodel","manual_1637345578273",model_only,2857,0,0,0,0,0,0,338.13097,0,0,0,338.13097
"methane_baseline.xmodel","manual_1637345578273",model_only,2858,3,0,0,0,0,0,334.69595,0,0,0,334.69595
"methane_baseline.xmodel","manual_1637345578273",model_only,2859,1,0,0,0,0,0,338.33649,0,0,0,338.33649
"methane_baseline.xmodel","manual_1637345578273",model_only,2860,2,0,0,0,0,0,334.8161,0,0,0,334.8161
"methane_baseline.xmodel","manual_1637345578273",model_only,2861,0,0,0,0,0,0,338.5033,0,0,0,338.5033
"methane_baseline.xmodel","manual_1637345578273",model_only,2862,3,0,0,0,0,0,334.84867,0,0,0,334.84867
"methane_baseline.xmodel","manual_1637345578273",model_only,2863,1,0,0,0,0,0,338.32567,0,0,0,338.32567
"methane_baseline.xmodel","manual_1637345578273",model_only,2864,2,0,0,0,0,0,335.12235,0,0,0,335.12235
"methane_baseline.xmodel","manual_1637345578273",model_only,2865,0,0,0,0,0,0,338.73981,0,0,0,338.73981
"methane_baseline.xmodel","manual_1637345578273",model_only,2866,3,0,0,0,0,0,335.35352,0,0,0,335.35352
"methane_baseline.xmodel","manual_1637345578273",model_only,2867,1,0,0,0,0,0,341.61836,0,0,0,341.61836
"methane_baseline.xmodel","manual_1637345578273",model_only,2868,2,0,0,0,0,0,335.41679,0,0,0,335.41679
"methane_baseline.xmodel","manual_1637345578273",model_only,2869,0,0,0,0,0,0,338.58212,0,0,0,338.58212
"methane_baseline.xmodel","manual_1637345578273",model_only,2870,3,0,0,0,0,0,335.31416,0,0,0,335.31416
"methane_baseline.xmodel","manual_1637345578273",model_only,2871,1,0,0,0,0,0,338.58341,0,0,0,338.58341
"methane_baseline.xmodel","manual_1637345578273",model_only,2872,2,0,0,0,0,0,335.22192,0,0,0,335.22192
"methane_baseline.xmodel","manual_1637345578273",model_only,2873,0,0,0,0,0,0,338.67448,0,0,0,338.67448
"methane_baseline.xmodel","manual_1637345578273",model_only,2874,3,0,0,0,0,0,335.3084,0,0,0,335.3084
"methane_baseline.xmodel","manual_1637345578273",model_only,2875,1,0,0,0,0,0,338.36531,0,0,0,338.36531
"methane_baseline.xmodel","manual_1637345578273",model_only,2876,2,0,0,0,0,0,335.33612,0,0,0,335.33612
"methane_baseline.xmodel","manual_1637345578273",model_only,2877,0,0,0,0,0,0,338.98482,0,0,0,338.98482
"methane_baseline.xmodel","manual_1637345578273",model_only,2878,3,0,0,0,0,0,335.11137,0,0,0,335.11137
"methane_baseline.xmodel","manual_1637345578273",model_only,2879,1,0,0,0,0,0,338.84611,0,0,0,338.84611
"methane_baseline.xmodel","manual_1637345578273",model_only,2880,2,0,0,0,0,0,335.22148,0,0,0,335.22148
"methane_baseline.xmodel","manual_1637345578273",model_only,2881,0,0,0,0,0,0,338.90874,0,0,0,338.90874
"methane_baseline.xmodel","manual_1637345578273",model_only,2882,3,0,0,0,0,0,335.58216,0,0,0,335.58216
"methane_baseline.xmodel","manual_1637345578273",model_only,2883,1,0,0,0,0,0,338.84457,0,0,0,338.84457
"methane_baseline.xmodel","manual_1637345578273",model_only,2884,2,0,0,0,0,0,335.43483,0,0,0,335.43483
"methane_baseline.xmodel","manual_1637345578273",model_only,2885,0,0,0,0,0,0,339.45057,0,0,0,339.45057
"methane_baseline.xmodel","manual_1637345578273",model_only,2886,3,0,0,0,0,0,335.64563,0,0,0,335.64563
"methane_baseline.xmodel","manual_1637345578273",model_only,2887,1,0,0,0,0,0,339.6179,0,0,0,339.6179
"methane_baseline.xmodel","manual_1637345578273",model_only,2888,2,0,0,0,0,0,335.42892,0,0,0,335.42892
"methane_baseline.xmodel","manual_1637345578273",model_only,2889,0,0,0,0,0,0,339.39247,0,0,0,339.39247
"methane_baseline.xmodel","manual_1637345578273",model_only,2890,3,0,0,0,0,0,335.84625,0,0,0,335.84625
"methane_baseline.xmodel","manual_1637345578273",model_only,2891,1,0,0,0,0,0,339.56328,0,0,0,339.56328
"methane_baseline.xmodel","manual_1637345578273",model_only,2892,2,0,0,0,0,0,336.33154,0,0,0,336.33154
"methane_baseline.xmodel","manual_1637345578273",model_only,2893,0,0,0,0,0,0,340.01334,0,0,0,340.01334
"methane_baseline.xmodel","manual_1637345578273",model_only,2894,3,0,0,0,0,0,336.03012,0,0,0,336.03012
"methane_baseline.xmodel","manual_1637345578273",model_only,2895,1,0,0,0,0,0,341.75521,0,0,0,341.75521
"methane_baseline.xmodel","manual_1637345578273",model_only,2896,2,0,0,0,0,0,338.18258,0,0,0,338.18258
"methane_baseline.xmodel","manual_1637345578273",model_only,2897,3,0,0,0,0,0,336.97608,0,0,0,336.97608
"methane_baseline.xmodel","manual_1637345578273",model_only,2898,0,0,0,0,0,0,339.53817,0,0,0,339.53817
"methane_baseline.xmodel","manual_1637345578273",model_only,2899,2,0,0,0,0,0,335.863,0,0,0,335.863
"methane_baseline.xmodel","manual_1637345578273",model_only,2900,1,0,0,0,0,0,339.66254,0,0,0,339.66254
"methane_baseline.xmodel","manual_1637345578273",model_only,2901,3,0,0,0,0,0,336.01683,0,0,0,336.01683
"methane_baseline.xmodel","manual_1637345578273",model_only,2902,0,0,0,0,0,0,339.52235,0,0,0,339.52235
"methane_baseline.xmodel","manual_1637345578273",model_only,2903,2,0,0,0,0,0,335.96906,0,0,0,335.96906
"methane_baseline.xmodel","manual_1637345578273",model_only,2904,1,0,0,0,0,0,339.16037,0,0,0,339.16037
"methane_baseline.xmodel","manual_1637345578273",model_only,2905,3,0,0,0,0,0,336.16375,0,0,0,336.16375
"methane_baseline.xmodel","manual_1637345578273",model_only,2906,0,0,0,0,0,0,339.11412,0,0,0,339.11412
"methane_baseline.xmodel","manual_1637345578273",model_only,2907,2,0,0,0,0,0,335.8148,0,0,0,335.8148
"methane_baseline.xmodel","manual_1637345578273",model_only,2908,1,0,0,0,0,0,339.03996,0,0,0,339.03996
"methane_baseline.xmodel","manual_1637345578273",model_only,2909,3,0,0,0,0,0,336.60468,0,0,0,336.60468
"methane_baseline.xmodel","manual_1637345578273",model_only,2910,0,0,0,0,0,0,339.17944,0,0,0,339.17944
"methane_baseline.xmodel","manual_1637345578273",model_only,2911,2,0,0,0,0,0,336.05238,0,0,0,336.05238
"methane_baseline.xmodel","manual_1637345578273",model_only,2912,1,0,0,0,0,0,339.03521,0,0,0,339.03521
"methane_baseline.xmodel","manual_1637345578273",model_only,2913,3,0,0,0,0,0,335.38559,0,0,0,335.38559
"methane_baseline.xmodel","manual_1637345578273",model_only,2914,0,0,0,0,0,0,338.92447,0,0,0,338.92447
"methane_baseline.xmodel","manual_1637345578273",model_only,2915,2,0,0,0,0,0,335.5444,0,0,0,335.5444
"methane_baseline.xmodel","manual_1637345578273",model_only,2916,1,0,0,0,0,0,338.94077,0,0,0,338.94077
"methane_baseline.xmodel","manual_1637345578273",model_only,2917,3,0,0,0,0,0,335.34569,0,0,0,335.34569
"methane_baseline.xmodel","manual_1637345578273",model_only,2918,0,0,0,0,0,0,338.72965,0,0,0,338.72965
"methane_baseline.xmodel","manual_1637345578273",model_only,2919,2,0,0,0,0,0,335.47175,0,0,0,335.47175
"methane_baseline.xmodel","manual_1637345578273",model_only,2920,1,0,0,0,0,0,338.7033,0,0,0,338.7033
"methane_baseline.xmodel","manual_1637345578273",model_only,2921,3,0,0,0,0,0,335.39241,0,0,0,335.39241
"methane_baseline.xmodel","manual_1637345578273",model_only,2922,0,0,0,0,0,0,338.59085,0,0,0,338.59085
"methane_baseline.xmodel","manual_1637345578273",model_only,2923,2,0,0,0,0,0,335.28273,0,0,0,335.28273
"methane_baseline.xmodel","manual_1637345578273",model_only,2924,1,0,0,0,0,0,338.55338,0,0,0,338.55338
"methane_baseline.xmodel","manual_1637345578273",model_only,2925,3,0,0,0,0,0,335.39068,0,0,0,335.39068
"methane_baseline.xmodel","manual_1637345578273",model_only,2926,0,0,0,0,0,0,338.40656,0,0,0,338.40656
"methane_baseline.xmodel","manual_1637345578273",model_only,2927,2,0,0,0,0,0,337.10027,0,0,0,337.10027
"methane_baseline.xmodel","manual_1637345578273",model_only,2928,1,0,0,0,0,0,338.93007,0,0,0,338.93007
"methane_baseline.xmodel","manual_1637345578273",model_only,2929,3,0,0,0,0,0,337.44877,0,0,0,337.44877
"methane_baseline.xmodel","manual_1637345578273",model_only,2930,0,0,0,0,0,0,338.37276,0,0,0,338.37276
"methane_baseline.xmodel","manual_1637345578273",model_only,2931,2,0,0,0,0,0,337.85586,0,0,0,337.85586
"methane_baseline.xmodel","manual_1637345578273",model_only,2932,1,0,0,0,0,0,338.73819,0,0,0,338.73819
"methane_baseline.xmodel","manual_1637345578273",model_only,2933,3,0,0,0,0,0,337.02414,0,0,0,337.02414
"methane_baseline.xmodel","manual_1637345578273",model_only,2934,0,0,0,0,0,0,338.46866,0,0,0,338.46866
"methane_baseline.xmodel","manual_1637345578273",model_only,2935,2,0,0,0,0,0,335.99148,0,0,0,335.99148
"methane_baseline.xmodel","manual_1637345578273",model_only,2936,1,0,0,0,0,0,338.61598,0,0,0,338.61598
"methane_baseline.xmodel","manual_1637345578273",model_only,2937,3,0,0,0,0,0,335.71565,0,0,0,335.71565
"methane_baseline.xmodel","manual_1637345578273",model_only,2938,0,0,0,0,0,0,338.67435,0,0,0,338.67435
"methane_baseline.xmodel","manual_1637345578273",model_only,2939,2,0,0,0,0,0,335.21923,0,0,0,335.21923
"methane_baseline.xmodel","manual_1637345578273",model_only,2940,1,0,0,0,0,0,338.03134,0,0,0,338.03134
"methane_baseline.xmodel","manual_1637345578273",model_only,2941,3,0,0,0,0,0,335.35664,0,0,0,335.35664
"methane_baseline.xmodel","manual_1637345578273",model_only,2942,0,0,0,0,0,0,337.79843,0,0,0,337.79843
"methane_baseline.xmodel","manual_1637345578273",model_only,2943,2,0,0,0,0,0,335.40438,0,0,0,335.40438
"methane_baseline.xmodel","manual_1637345578273",model_only,2944,1,0,0,0,0,0,337.73719,0,0,0,337.73719
"methane_baseline.xmodel","manual_1637345578273",model_only,2945,3,0,0,0,0,0,335.18183,0,0,0,335.18183
"methane_baseline.xmodel","manual_1637345578273",model_only,2946,0,0,0,0,0,0,337.84726,0,0,0,337.84726
"methane_baseline.xmodel","manual_1637345578273",model_only,2947,2,0,0,0,0,0,334.99993,0,0,0,334.99993
"methane_baseline.xmodel","manual_1637345578273",model_only,2948,1,0,0,0,0,0,337.80128,0,0,0,337.80128
"methane_baseline.xmodel","manual_1637345578273",model_only,2949,3,0,0,0,0,0,335.17387,0,0,0,335.17387
"methane_baseline.xmodel","manual_1637345578273",model_only,2950,0,0,0,0,0,0,337.84731,0,0,0,337.84731
"methane_baseline.xmodel","manual_1637345578273",model_only,2951,2,0,0,0,0,0,334.64092,0,0,0,334.64092
"methane_baseline.xmodel","manual_1637345578273",model_only,2952,1,0,0,0,0,0,337.92507,0,0,0,337.92507
"methane_baseline.xmodel","manual_1637345578273",model_only,2953,3,0,0,0,0,0,334.89948,0,0,0,334.89948
"methane_baseline.xmodel","manual_1637345578273",model_only,2954,0,0,0,0,0,0,338.04853,0,0,0,338.04853
"methane_baseline.xmodel","manual_1637345578273",model_only,2955,2,0,0,0,0,0,334.98378,0,0,0,334.98378
"methane_baseline.xmodel","manual_1637345578273",model_only,2956,1,0,0,0,0,0,337.91099,0,0,0,337.91099
"methane_baseline.xmodel","manual_1637345578273",model_only,2957,3,0,0,0,0,0,334.68719,0,0,0,334.68719
"methane_baseline.xmodel","manual_1637345578273",model_only,2958,0,0,0,0,0,0,337.71068,0,0,0,337.71068
"methane_baseline.xmodel","manual_1637345578273",model_only,2959,2,0,0,0,0,0,335.07204,0,0,0,335.07204
"methane_baseline.xmodel","manual_1637345578273",model_only,2960,1,0,0,0,0,0,337.90686,0,0,0,337.90686
"methane_baseline.xmodel","manual_1637345578273",model_only,2961,3,0,0,0,0,0,334.98678,0,0,0,334.98678
"methane_baseline.xmodel","manual_1637345578273",model_only,2962,0,0,0,0,0,0,337.63866,0,0,0,337.63866
"methane_baseline.xmodel","manual_1637345578273",model_only,2963,2,0,0,0,0,0,335.05024,0,0,0,335.05024
"methane_baseline.xmodel","manual_1637345578273",model_only,2964,1,0,0,0,0,0,337.55395,0,0,0,337.55395
"methane_baseline.xmodel","manual_1637345578273",model_only,2965,3,0,0,0,0,0,334.97965,0,0,0,334.97965
"methane_baseline.xmodel","manual_1637345578273",model_only,2966,0,0,0,0,0,0,337.73189,0,0,0,337.73189
"methane_baseline.xmodel","manual_1637345578273",model_only,2967,2,0,0,0,0,0,335.3224,0,0,0,335.3224
"methane_baseline.xmodel","manual_1637345578273",model_only,2968,1,0,0,0,0,0,337.87404,0,0,0,337.87404
"methane_baseline.xmodel","manual_1637345578273",model_only,2969,3,0,0,0,0,0,336.52065,0,0,0,336.52065
"methane_baseline.xmodel","manual_1637345578273",model_only,2970,0,0,0,0,0,0,338.32664,0,0,0,338.32664
"methane_baseline.xmodel","manual_1637345578273",model_only,2971,2,0,0,0,0,0,336.18198,0,0,0,336.18198
"methane_baseline.xmodel","manual_1637345578273",model_only,2972,1,0,0,0,0,0,338.54423,0,0,0,338.54423
"methane_baseline.xmodel","manual_1637345578273",model_only,2973,3,0,0,0,0,0,334.98453,0,0,0,334.98453
"methane_baseline.xmodel","manual_1637345578273",model_only,2974,0,0,0,0,0,0,338.66143,0,0,0,338.66143
"methane_baseline.xmodel","manual_1637345578273",model_only,2975,2,0,0,0,0,0,335.07417,0,0,0,335.07417
"methane_baseline.xmodel","manual_1637345578273",model_only,2976,1,0,0,0,0,0,338.50779,0,0,0,338.50779
"methane_baseline.xmodel","manual_1637345578273",model_only,2977,3,0,0,0,0,0,335.00789,0,0,0,335.00789
"methane_baseline.xmodel","manual_1637345578273",model_only,2978,0,0,0,0,0,0,338.43447,0,0,0,338.43447
"methane_baseline.xmodel","manual_1637345578273",model_only,2979,2,0,0,0,0,0,334.81244,0,0,0,334.81244
"methane_baseline.xmodel","manual_1637345578273",model_only,2980,1,0,0,0,0,0,338.33572,0,0,0,338.33572
"methane_baseline.xmodel","manual_1637345578273",model_only,2981,3,0,0,0,0,0,334.90707,0,0,0,334.90707
"methane_baseline.xmodel","manual_1637345578273",model_only,2982,0,0,0,0,0,0,338.33504,0,0,0,338.33504
"methane_baseline.xmodel","manual_1637345578273",model_only,2983,2,0,0,0,0,0,335.13829,0,0,0,335.13829
"methane_baseline.xmodel","manual_1637345578273",model_only,2984,1,0,0,0,0,0,338.49118,0,0,0,338.49118
"methane_baseline.xmodel","manual_1637345578273",model_only,2985,3,0,0,0,0,0,335.36958,0,0,0,335.36958
"methane_baseline.xmodel","manual_1637345578273",model_only,2986,0,0,0,0,0,0,338.73648,0,0,0,338.73648
"methane_baseline.xmodel","manual_1637345578273",model_only,2987,2,0,0,0,0,0,335.30374,0,0,0,335.30374
"methane_baseline.xmodel","manual_1637345578273",model_only,2988,1,0,0,0,0,0,338.35225,0,0,0,338.35225
"methane_baseline.xmodel","manual_1637345578273",model_only,2989,3,0,0,0,0,0,335.00925,0,0,0,335.00925
"methane_baseline.xmodel","manual_1637345578273",model_only,2990,0,0,0,0,0,0,338.37402,0,0,0,338.37402
"methane_baseline.xmodel","manual_1637345578273",model_only,2991,2,0,0,0,0,0,335.14258,0,0,0,335.14258
"methane_baseline.xmodel","manual_1637345578273",model_only,2992,1,0,0,0,0,0,338.45937,0,0,0,338.45937
"methane_baseline.xmodel","manual_1637345578273",model_only,2993,3,0,0,0,0,0,335.05437,0,0,0,335.05437
"methane_baseline.xmodel","manual_1637345578273",model_only,2994,0,0,0,0,0,0,338.57908,0,0,0,338.57908
"methane_baseline.xmodel","manual_1637345578273",model_only,2995,2,0,0,0,0,0,335.11003,0,0,0,335.11003
"methane_baseline.xmodel","manual_1637345578273",model_only,2996,1,0,0,0,0,0,338.61245,0,0,0,338.61245
"methane_baseline.xmodel","manual_1637345578273",model_only,2997,3,0,0,0,0,0,334.90889,0,0,0,334.90889
"methane_baseline.xmodel","manual_1637345578273",model_only,2998,0,0,0,0,0,0,338.51405,0,0,0,338.51405
"methane_baseline.xmodel","manual_1637345578273",model_only,2999,2,0,0,0,0,0,335.1061,0,0,0,335.1061
"methane_baseline.xmodel","manual_1637345578273",model_only,3000,1,0,0,0,0,0,338.38636,0,0,0,338.38636
"methane_baseline.xmodel","manual_1637345578273",model_only,3001,3,0,0,0,0,0,336.41697,0,0,0,336.41697
"methane_baseline.xmodel","manual_1637345578273",model_only,3002,0,0,0,0,0,0,338.87827,0,0,0,338.87827
"methane_baseline.xmodel","manual_1637345578273",model_only,3003,2,0,0,0,0,0,335.11717,0,0,0,335.11717
"methane_baseline.xmodel","manual_1637345578273",model_only,3004,1,0,0,0,0,0,340.14747,0,0,0,340.14747
"methane_baseline.xmodel","manual_1637345578273",model_only,3005,3,0,0,0,0,0,335.17234,0,0,0,335.17234
"methane_baseline.xmodel","manual_1637345578273",model_only,3006,0,0,0,0,0,0,338.64776,0,0,0,338.64776
"methane_baseline.xmodel","manual_1637345578273",model_only,3007,2,0,0,0,0,0,335.33494,0,0,0,335.33494
"methane_baseline.xmodel","manual_1637345578273",model_only,3008,1,0,0,0,0,0,338.40704,0,0,0,338.40704
"methane_baseline.xmodel","manual_1637345578273",model_only,3009,3,0,0,0,0,0,335.46537,0,0,0,335.46537
"methane_baseline.xmodel","manual_1637345578273",model_only,3010,0,0,0,0,0,0,338.40884,0,0,0,338.40884
"methane_baseline.xmodel","manual_1637345578273",model_only,3011,2,0,0,0,0,0,335.42896,0,0,0,335.42896
"methane_baseline.xmodel","manual_1637345578273",model_only,3012,1,0,0,0,0,0,338.57975,0,0,0,338.57975
"methane_baseline.xmodel","manual_1637345578273",model_only,3013,3,0,0,0,0,0,335.72995,0,0,0,335.72995
"methane_baseline.xmodel","manual_1637345578273",model_only,3014,0,0,0,0,0,0,338.52727,0,0,0,338.52727
"methane_baseline.xmodel","manual_1637345578273",model_only,3015,2,0,0,0,0,0,336.04952,0,0,0,336.04952
"methane_baseline.xmodel","manual_1637345578273",model_only,3016,1,0,0,0,0,0,338.35049,0,0,0,338.35049
"methane_baseline.xmodel","manual_1637345578273",model_only,3017,3,0,0,0,0,0,338.5718,0,0,0,338.5718
"methane_baseline.xmodel","manual_1637345578273",model_only,3018,0,0,0,0,0,0,338.53652,0,0,0,338.53652
"methane_baseline.xmodel","manual_1637345578273",model_only,3019,2,0,0,0,0,0,336.91951,0,0,0,336.91951
"methane_baseline.xmodel","manual_1637345578273",model_only,3020,1,0,0,0,0,0,340.29867,0,0,0,340.29867
"methane_baseline.xmodel","manual_1637345578273",model_only,3021,3,0,0,0,0,0,335.88124,0,0,0,335.88124
"methane_baseline.xmodel","manual_1637345578273",model_only,3022,0,0,0,0,0,0,339.08264,0,0,0,339.08264
"methane_baseline.xmodel","manual_1637345578273",model_only,3023,2,0,0,0,0,0,335.38762,0,0,0,335.38762
"methane_baseline.xmodel","manual_1637345578273",model_only,3024,1,0,0,0,0,0,337.99105,0,0,0,337.99105
"methane_baseline.xmodel","manual_1637345578273",model_only,3025,3,0,0,0,0,0,335.32327,0,0,0,335.32327
"methane_baseline.xmodel","manual_1637345578273",model_only,3026,0,0,0,0,0,0,337.79529,0,0,0,337.79529
"methane_baseline.xmodel","manual_1637345578273",model_only,3027,2,0,0,0,0,0,335.58674,0,0,0,335.58674
"methane_baseline.xmodel","manual_1637345578273",model_only,3028,1,0,0,0,0,0,337.88213,0,0,0,337.88213
"methane_baseline.xmodel","manual_1637345578273",model_only,3029,3,0,0,0,0,0,335.69823,0,0,0,335.69823
"methane_baseline.xmodel","manual_1637345578273",model_only,3030,0,0,0,0,0,0,337.77789,0,0,0,337.77789
"methane_baseline.xmodel","manual_1637345578273",model_only,3031,2,0,0,0,0,0,335.80889,0,0,0,335.80889
"methane_baseline.xmodel","manual_1637345578273",model_only,3032,1,0,0,0,0,0,337.96478,0,0,0,337.96478
"methane_baseline.xmodel","manual_1637345578273",model_only,3033,3,0,0,0,0,0,335.83298,0,0,0,335.83298
"methane_baseline.xmodel","manual_1637345578273",model_only,3034,0,0,0,0,0,0,338.1953,0,0,0,338.1953
"methane_baseline.xmodel","manual_1637345578273",model_only,3035,2,0,0,0,0,0,335.57339,0,0,0,335.57339
"methane_baseline.xmodel","manual_1637345578273",model_only,3036,1,0,0,0,0,0,338.13591,0,0,0,338.13591
"methane_baseline.xmodel","manual_1637345578273",model_only,3037,3,0,0,0,0,0,335.55953,0,0,0,335.55953
"methane_baseline.xmodel","manual_1637345578273",model_only,3038,0,0,0,0,0,0,338.04101,0,0,0,338.04101
"methane_baseline.xmodel","manual_1637345578273",model_only,3039,2,0,0,0,0,0,335.88723,0,0,0,335.88723
"methane_baseline.xmodel","manual_1637345578273",model_only,3040,1,0,0,0,0,0,338.20395,0,0,0,338.20395
"methane_baseline.xmodel","manual_1637345578273",model_only,3041,3,0,0,0,0,0,335.90902,0,0,0,335.90902
"methane_baseline.xmodel","manual_1637345578273",model_only,3042,0,0,0,0,0,0,338.51729,0,0,0,338.51729
"methane_baseline.xmodel","manual_1637345578273",model_only,3043,2,0,0,0,0,0,335.20585,0,0,0,335.20585
"methane_baseline.xmodel","manual_1637345578273",model_only,3044,1,0,0,0,0,0,338.90491,0,0,0,338.90491
"methane_baseline.xmodel","manual_1637345578273",model_only,3045,3,0,0,0,0,0,335.46722,0,0,0,335.46722
"methane_baseline.xmodel","manual_1637345578273",model_only,3046,0,0,0,0,0,0,338.07058,0,0,0,338.07058
"methane_baseline.xmodel","manual_1637345578273",model_only,3047,2,0,0,0,0,0,335.39358,0,0,0,335.39358
"methane_baseline.xmodel","manual_1637345578273",model_only,3048,1,0,0,0,0,0,338.19588,0,0,0,338.19588
"methane_baseline.xmodel","manual_1637345578273",model_only,3049,3,0,0,0,0,0,335.3378,0,0,0,335.3378
"methane_baseline.xmodel","manual_1637345578273",model_only,3050,0,0,0,0,0,0,338.17565,0,0,0,338.17565
"methane_baseline.xmodel","manual_1637345578273",model_only,3051,2,0,0,0,0,0,335.68481,0,0,0,335.68481
"methane_baseline.xmodel","manual_1637345578273",model_only,3052,1,0,0,0,0,0,337.92745,0,0,0,337.92745
"methane_baseline.xmodel","manual_1637345578273",model_only,3053,3,0,0,0,0,0,335.46568,0,0,0,335.46568
"methane_baseline.xmodel","manual_1637345578273",model_only,3054,0,0,0,0,0,0,337.98565,0,0,0,337.98565
"methane_baseline.xmodel","manual_1637345578273",model_only,3055,2,0,0,0,0,0,335.53118,0,0,0,335.53118
"methane_baseline.xmodel","manual_1637345578273",model_only,3056,1,0,0,0,0,0,337.79045,0,0,0,337.79045
"methane_baseline.xmodel","manual_1637345578273",model_only,3057,3,0,0,0,0,0,335.54575,0,0,0,335.54575
"methane_baseline.xmodel","manual_1637345578273",model_only,3058,0,0,0,0,0,0,338.39933,0,0,0,338.39933
"methane_baseline.xmodel","manual_1637345578273",model_only,3059,2,0,0,0,0,0,335.48486,0,0,0,335.48486
"methane_baseline.xmodel","manual_1637345578273",model_only,3060,1,0,0,0,0,0,340.21321,0,0,0,340.21321
"methane_baseline.xmodel","manual_1637345578273",model_only,3061,3,0,0,0,0,0,335.71979,0,0,0,335.71979
"methane_baseline.xmodel","manual_1637345578273",model_only,3062,0,0,0,0,0,0,338.17521,0,0,0,338.17521
"methane_baseline.xmodel","manual_1637345578273",model_only,3063,2,0,0,0,0,0,334.99385,0,0,0,334.99385
"methane_baseline.xmodel","manual_1637345578273",model_only,3064,1,0,0,0,0,0,337.95423,0,0,0,337.95423
"methane_baseline.xmodel","manual_1637345578273",model_only,3065,3,0,0,0,0,0,334.93258,0,0,0,334.93258
"methane_baseline.xmodel","manual_1637345578273",model_only,3066,0,0,0,0,0,0,338.12766,0,0,0,338.12766
"methane_baseline.xmodel","manual_1637345578273",model_only,3067,2,0,0,0,0,0,334.96424,0,0,0,334.96424
"methane_baseline.xmodel","manual_1637345578273",model_only,3068,1,0,0,0,0,0,338.04944,0,0,0,338.04944
"methane_baseline.xmodel","manual_1637345578273",model_only,3069,3,0,0,0,0,0,334.79996,0,0,0,334.79996
"methane_baseline.xmodel","manual_1637345578273",model_only,3070,0,0,0,0,0,0,338.11395,0,0,0,338.11395
"methane_baseline.xmodel","manual_1637345578273",model_only,3071,2,0,0,0,0,0,334.9482,0,0,0,334.9482
"methane_baseline.xmodel","manual_1637345578273",model_only,3072,1,0,0,0,0,0,337.91196,0,0,0,337.91196
"methane_baseline.xmodel","manual_1637345578273",model_only,3073,3,0,0,0,0,0,335.00133,0,0,0,335.00133
"methane_baseline.xmodel","manual_1637345578273",model_only,3074,0,0,0,0,0,0,337.9698,0,0,0,337.9698
"methane_baseline.xmodel","manual_1637345578273",model_only,3075,2,0,0,0,0,0,334.82375,0,0,0,334.82375
"methane_baseline.xmodel","manual_1637345578273",model_only,3076,1,0,0,0,0,0,337.97395,0,0,0,337.97395
"methane_baseline.xmodel","manual_1637345578273",model_only,3077,3,0,0,0,0,0,334.708,0,0,0,334.708
"methane_baseline.xmodel","manual_1637345578273",model_only,3078,0,0,0,0,0,0,338.19802,0,0,0,338.19802
"methane_baseline.xmodel","manual_1637345578273",model_only,3079,2,0,0,0,0,0,334.66438,0,0,0,334.66438
"methane_baseline.xmodel","manual_1637345578273",model_only,3080,1,0,0,0,0,0,338.02494,0,0,0,338.02494
"methane_baseline.xmodel","manual_1637345578273",model_only,3081,3,0,0,0,0,0,334.72307,0,0,0,334.72307
"methane_baseline.xmodel","manual_1637345578273",model_only,3082,0,0,0,0,0,0,338.33371,0,0,0,338.33371
"methane_baseline.xmodel","manual_1637345578273",model_only,3083,2,0,0,0,0,0,334.7511,0,0,0,334.7511
"methane_baseline.xmodel","manual_1637345578273",model_only,3084,1,0,0,0,0,0,338.39811,0,0,0,338.39811
"methane_baseline.xmodel","manual_1637345578273",model_only,3085,3,0,0,0,0,0,334.66885,0,0,0,334.66885
"methane_baseline.xmodel","manual_1637345578273",model_only,3086,0,0,0,0,0,0,338.3672,0,0,0,338.3672
"methane_baseline.xmodel","manual_1637345578273",model_only,3087,2,0,0,0,0,0,335.30974,0,0,0,335.30974
"methane_baseline.xmodel","manual_1637345578273",model_only,3088,1,0,0,0,0,0,338.60972,0,0,0,338.60972
"methane_baseline.xmodel","manual_1637345578273",model_only,3089,3,0,0,0,0,0,335.32241,0,0,0,335.32241
"methane_baseline.xmodel","manual_1637345578273",model_only,3090,0,0,0,0,0,0,341.84885,0,0,0,341.84885
"methane_baseline.xmodel","manual_1637345578273",model_only,3091,2,0,0,0,0,0,335.32518,0,0,0,335.32518
"methane_baseline.xmodel","manual_1637345578273",model_only,3092,1,0,0,0,0,0,338.48905,0,0,0,338.48905
"methane_baseline.xmodel","manual_1637345578273",model_only,3093,3,0,0,0,0,0,335.25047,0,0,0,335.25047
"methane_baseline.xmodel","manual_1637345578273",model_only,3094,0,0,0,0,0,0,338.66667,0,0,0,338.66667
"methane_baseline.xmodel","manual_1637345578273",model_only,3095,2,0,0,0,0,0,335.22007,0,0,0,335.22007
"methane_baseline.xmodel","manual_1637345578273",model_only,3096,1,0,0,0,0,0,338.63298,0,0,0,338.63298
"methane_baseline.xmodel","manual_1637345578273",model_only,3097,3,0,0,0,0,0,335.29338,0,0,0,335.29338
"methane_baseline.xmodel","manual_1637345578273",model_only,3098,0,0,0,0,0,0,338.57929,0,0,0,338.57929
"methane_baseline.xmodel","manual_1637345578273",model_only,3099,2,0,0,0,0,0,335.23504,0,0,0,335.23504
"methane_baseline.xmodel","manual_1637345578273",model_only,3100,1,0,0,0,0,0,339.04347,0,0,0,339.04347
"methane_baseline.xmodel","manual_1637345578273",model_only,3101,3,0,0,0,0,0,335.14254,0,0,0,335.14254
"methane_baseline.xmodel","manual_1637345578273",model_only,3102,0,0,0,0,0,0,338.83756,0,0,0,338.83756
"methane_baseline.xmodel","manual_1637345578273",model_only,3103,2,0,0,0,0,0,335.3209,0,0,0,335.3209
"methane_baseline.xmodel","manual_1637345578273",model_only,3104,1,0,0,0,0,0,338.9841,0,0,0,338.9841
"methane_baseline.xmodel","manual_1637345578273",model_only,3105,3,0,0,0,0,0,335.46614,0,0,0,335.46614
"methane_baseline.xmodel","manual_1637345578273",model_only,3106,0,0,0,0,0,0,338.99017,0,0,0,338.99017
"methane_baseline.xmodel","manual_1637345578273",model_only,3107,2,0,0,0,0,0,335.52763,0,0,0,335.52763
"methane_baseline.xmodel","manual_1637345578273",model_only,3108,1,0,0,0,0,0,339.57987,0,0,0,339.57987
"methane_baseline.xmodel","manual_1637345578273",model_only,3109,3,0,0,0,0,0,335.57616,0,0,0,335.57616
"methane_baseline.xmodel","manual_1637345578273",model_only,3110,0,0,0,0,0,0,339.53007,0,0,0,339.53007
"methane_baseline.xmodel","manual_1637345578273",model_only,3111,2,0,0,0,0,0,335.47843,0,0,0,335.47843
"methane_baseline.xmodel","manual_1637345578273",model_only,3112,1,0,0,0,0,0,339.27568,0,0,0,339.27568
"methane_baseline.xmodel","manual_1637345578273",model_only,3113,3,0,0,0,0,0,335.71639,0,0,0,335.71639
"methane_baseline.xmodel","manual_1637345578273",model_only,3114,0,0,0,0,0,0,339.49537,0,0,0,339.49537
"methane_baseline.xmodel","manual_1637345578273",model_only,3115,2,0,0,0,0,0,336.6279,0,0,0,336.6279
"methane_baseline.xmodel","manual_1637345578273",model_only,3116,1,0,0,0,0,0,339.87523,0,0,0,339.87523
"methane_baseline.xmodel","manual_1637345578273",model_only,3117,3,0,0,0,0,0,336.25677,0,0,0,336.25677
"methane_baseline.xmodel","manual_1637345578273",model_only,3118,0,0,0,0,0,0,342.39061,0,0,0,342.39061
"methane_baseline.xmodel","manual_1637345578273",model_only,3119,2,0,0,0,0,0,338.68653,0,0,0,338.68653
"methane_baseline.xmodel","manual_1637345578273",model_only,3120,3,0,0,0,0,0,336.55821,0,0,0,336.55821
"methane_baseline.xmodel","manual_1637345578273",model_only,3121,1,0,0,0,0,0,339.53196,0,0,0,339.53196
"methane_baseline.xmodel","manual_1637345578273",model_only,3122,2,0,0,0,0,0,335.86919,0,0,0,335.86919
"methane_baseline.xmodel","manual_1637345578273",model_only,3123,0,0,0,0,0,0,339.37472,0,0,0,339.37472
"methane_baseline.xmodel","manual_1637345578273",model_only,3124,3,0,0,0,0,0,335.96796,0,0,0,335.96796
"methane_baseline.xmodel","manual_1637345578273",model_only,3125,1,0,0,0,0,0,339.48587,0,0,0,339.48587
"methane_baseline.xmodel","manual_1637345578273",model_only,3126,2,0,0,0,0,0,336.03878,0,0,0,336.03878
"methane_baseline.xmodel","manual_1637345578273",model_only,3127,0,0,0,0,0,0,339.03805,0,0,0,339.03805
"methane_baseline.xmodel","manual_1637345578273",model_only,3128,3,0,0,0,0,0,335.93131,0,0,0,335.93131
"methane_baseline.xmodel","manual_1637345578273",model_only,3129,1,0,0,0,0,0,339.06673,0,0,0,339.06673
"methane_baseline.xmodel","manual_1637345578273",model_only,3130,2,0,0,0,0,0,335.94668,0,0,0,335.94668
"methane_baseline.xmodel","manual_1637345578273",model_only,3131,0,0,0,0,0,0,339.05542,0,0,0,339.05542
"methane_baseline.xmodel","manual_1637345578273",model_only,3132,3,0,0,0,0,0,336.57134,0,0,0,336.57134
"methane_baseline.xmodel","manual_1637345578273",model_only,3133,1,0,0,0,0,0,339.01733,0,0,0,339.01733
"methane_baseline.xmodel","manual_1637345578273",model_only,3134,2,0,0,0,0,0,336.15498,0,0,0,336.15498
"methane_baseline.xmodel","manual_1637345578273",model_only,3135,0,0,0,0,0,0,339.09175,0,0,0,339.09175
"methane_baseline.xmodel","manual_1637345578273",model_only,3136,3,0,0,0,0,0,335.42938,0,0,0,335.42938
"methane_baseline.xmodel","manual_1637345578273",model_only,3137,1,0,0,0,0,0,339.01949,0,0,0,339.01949
"methane_baseline.xmodel","manual_1637345578273",model_only,3138,2,0,0,0,0,0,335.51185,0,0,0,335.51185
"methane_baseline.xmodel","manual_1637345578273",model_only,3139,0,0,0,0,0,0,339.0615,0,0,0,339.0615
"methane_baseline.xmodel","manual_1637345578273",model_only,3140,3,0,0,0,0,0,335.3853,0,0,0,335.3853
"methane_baseline.xmodel","manual_1637345578273",model_only,3141,1,0,0,0,0,0,338.61609,0,0,0,338.61609
"methane_baseline.xmodel","manual_1637345578273",model_only,3142,2,0,0,0,0,0,335.33686,0,0,0,335.33686
"methane_baseline.xmodel","manual_1637345578273",model_only,3143,0,0,0,0,0,0,338.86354,0,0,0,338.86354
"methane_baseline.xmodel","manual_1637345578273",model_only,3144,3,0,0,0,0,0,335.39284,0,0,0,335.39284
"methane_baseline.xmodel","manual_1637345578273",model_only,3145,1,0,0,0,0,0,338.64387,0,0,0,338.64387
"methane_baseline.xmodel","manual_1637345578273",model_only,3146,2,0,0,0,0,0,335.46047,0,0,0,335.46047
"methane_baseline.xmodel","manual_1637345578273",model_only,3147,0,0,0,0,0,0,338.67838,0,0,0,338.67838
"methane_baseline.xmodel","manual_1637345578273",model_only,3148,3,0,0,0,0,0,335.5586,0,0,0,335.5586
"methane_baseline.xmodel","manual_1637345578273",model_only,3149,1,0,0,0,0,0,338.3824,0,0,0,338.3824
"methane_baseline.xmodel","manual_1637345578273",model_only,3150,2,0,0,0,0,0,337.29924,0,0,0,337.29924
"methane_baseline.xmodel","manual_1637345578273",model_only,3151,0,0,0,0,0,0,338.78304,0,0,0,338.78304
"methane_baseline.xmodel","manual_1637345578273",model_only,3152,3,0,0,0,0,0,337.52692,0,0,0,337.52692
"methane_baseline.xmodel","manual_1637345578273",model_only,3153,1,0,0,0,0,0,338.56489,0,0,0,338.56489
"methane_baseline.xmodel","manual_1637345578273",model_only,3154,2,0,0,0,0,0,338.01108,0,0,0,338.01108
"methane_baseline.xmodel","manual_1637345578273",model_only,3155,0,0,0,0,0,0,338.6843,0,0,0,338.6843
"methane_baseline.xmodel","manual_1637345578273",model_only,3156,3,0,0,0,0,0,337.11966,0,0,0,337.11966
"methane_baseline.xmodel","manual_1637345578273",model_only,3157,1,0,0,0,0,0,338.36913,0,0,0,338.36913
"methane_baseline.xmodel","manual_1637345578273",model_only,3158,2,0,0,0,0,0,336.48032,0,0,0,336.48032
"methane_baseline.xmodel","manual_1637345578273",model_only,3159,0,0,0,0,0,0,338.23353,0,0,0,338.23353
"methane_baseline.xmodel","manual_1637345578273",model_only,3160,3,0,0,0,0,0,335.45202,0,0,0,335.45202
"methane_baseline.xmodel","manual_1637345578273",model_only,3161,1,0,0,0,0,0,338.84329,0,0,0,338.84329
"methane_baseline.xmodel","manual_1637345578273",model_only,3162,2,0,0,0,0,0,335.34075,0,0,0,335.34075
"methane_baseline.xmodel","manual_1637345578273",model_only,3163,0,0,0,0,0,0,337.97346,0,0,0,337.97346
"methane_baseline.xmodel","manual_1637345578273",model_only,3164,3,0,0,0,0,0,335.29871,0,0,0,335.29871
"methane_baseline.xmodel","manual_1637345578273",model_only,3165,1,0,0,0,0,0,337.82974,0,0,0,337.82974
"methane_baseline.xmodel","manual_1637345578273",model_only,3166,2,0,0,0,0,0,335.213,0,0,0,335.213
"methane_baseline.xmodel","manual_1637345578273",model_only,3167,0,0,0,0,0,0,337.77487,0,0,0,337.77487
"methane_baseline.xmodel","manual_1637345578273",model_only,3168,3,0,0,0,0,0,335.23359,0,0,0,335.23359
"methane_baseline.xmodel","manual_1637345578273",model_only,3169,1,0,0,0,0,0,337.80226,0,0,0,337.80226
"methane_baseline.xmodel","manual_1637345578273",model_only,3170,2,0,0,0,0,0,335.17852,0,0,0,335.17852
"methane_baseline.xmodel","manual_1637345578273",model_only,3171,0,0,0,0,0,0,337.90641,0,0,0,337.90641
"methane_baseline.xmodel","manual_1637345578273",model_only,3172,3,0,0,0,0,0,334.90295,0,0,0,334.90295
"methane_baseline.xmodel","manual_1637345578273",model_only,3173,1,0,0,0,0,0,337.57825,0,0,0,337.57825
"methane_baseline.xmodel","manual_1637345578273",model_only,3174,2,0,0,0,0,0,334.9269,0,0,0,334.9269
"methane_baseline.xmodel","manual_1637345578273",model_only,3175,0,0,0,0,0,0,337.69162,0,0,0,337.69162
"methane_baseline.xmodel","manual_1637345578273",model_only,3176,3,0,0,0,0,0,334.76513,0,0,0,334.76513
"methane_baseline.xmodel","manual_1637345578273",model_only,3177,1,0,0,0,0,0,337.81237,0,0,0,337.81237
"methane_baseline.xmodel","manual_1637345578273",model_only,3178,2,0,0,0,0,0,334.80269,0,0,0,334.80269
"methane_baseline.xmodel","manual_1637345578273",model_only,3179,0,0,0,0,0,0,338.00716,0,0,0,338.00716
"methane_baseline.xmodel","manual_1637345578273",model_only,3180,3,0,0,0,0,0,334.69301,0,0,0,334.69301
"methane_baseline.xmodel","manual_1637345578273",model_only,3181,1,0,0,0,0,0,337.91202,0,0,0,337.91202
"methane_baseline.xmodel","manual_1637345578273",model_only,3182,2,0,0,0,0,0,334.75331,0,0,0,334.75331
"methane_baseline.xmodel","manual_1637345578273",model_only,3183,0,0,0,0,0,0,337.83208,0,0,0,337.83208
"methane_baseline.xmodel","manual_1637345578273",model_only,3184,3,0,0,0,0,0,335.07669,0,0,0,335.07669
"methane_baseline.xmodel","manual_1637345578273",model_only,3185,1,0,0,0,0,0,337.72665,0,0,0,337.72665
"methane_baseline.xmodel","manual_1637345578273",model_only,3186,2,0,0,0,0,0,334.97259,0,0,0,334.97259
"methane_baseline.xmodel","manual_1637345578273",model_only,3187,0,0,0,0,0,0,337.62907,0,0,0,337.62907
"methane_baseline.xmodel","manual_1637345578273",model_only,3188,3,0,0,0,0,0,335.08816,0,0,0,335.08816
"methane_baseline.xmodel","manual_1637345578273",model_only,3189,1,0,0,0,0,0,337.66997,0,0,0,337.66997
"methane_baseline.xmodel","manual_1637345578273",model_only,3190,2,0,0,0,0,0,335.1463,0,0,0,335.1463
"methane_baseline.xmodel","manual_1637345578273",model_only,3191,0,0,0,0,0,0,337.96033,0,0,0,337.96033
"methane_baseline.xmodel","manual_1637345578273",model_only,3192,3,0,0,0,0,0,336.2924,0,0,0,336.2924
"methane_baseline.xmodel","manual_1637345578273",model_only,3193,1,0,0,0,0,0,338.40851,0,0,0,338.40851
"methane_baseline.xmodel","manual_1637345578273",model_only,3194,2,0,0,0,0,0,336.86009,0,0,0,336.86009
"methane_baseline.xmodel","manual_1637345578273",model_only,3195,0,0,0,0,0,0,338.86563,0,0,0,338.86563
"methane_baseline.xmodel","manual_1637345578273",model_only,3196,3,0,0,0,0,0,335.47478,0,0,0,335.47478
"methane_baseline.xmodel","manual_1637345578273",model_only,3197,1,0,0,0,0,0,338.41477,0,0,0,338.41477
"methane_baseline.xmodel","manual_1637345578273",model_only,3198,2,0,0,0,0,0,335.16291,0,0,0,335.16291
"methane_baseline.xmodel","manual_1637345578273",model_only,3199,0,0,0,0,0,0,338.74257,0,0,0,338.74257
"methane_baseline.xmodel","manual_1637345578273",model_only,3200,3,0,0,0,0,0,334.96245,0,0,0,334.96245
"methane_baseline.xmodel","manual_1637345578273",model_only,3201,1,0,0,0,0,0,338.2958,0,0,0,338.2958
"methane_baseline.xmodel","manual_1637345578273",model_only,3202,2,0,0,0,0,0,334.72963,0,0,0,334.72963
"methane_baseline.xmodel","manual_1637345578273",model_only,3203,0,0,0,0,0,0,338.46606,0,0,0,338.46606
"methane_baseline.xmodel","manual_1637345578273",model_only,3204,3,0,0,0,0,0,334.75676,0,0,0,334.75676
"methane_baseline.xmodel","manual_1637345578273",model_only,3205,1,0,0,0,0,0,338.30047,0,0,0,338.30047
"methane_baseline.xmodel","manual_1637345578273",model_only,3206,2,0,0,0,0,0,335.32031,0,0,0,335.32031
"methane_baseline.xmodel","manual_1637345578273",model_only,3207,0,0,0,0,0,0,338.7487,0,0,0,338.7487
"methane_baseline.xmodel","manual_1637345578273",model_only,3208,3,0,0,0,0,0,335.66734,0,0,0,335.66734
"methane_baseline.xmodel","manual_1637345578273",model_only,3209,1,0,0,0,0,0,338.76352,0,0,0,338.76352
"methane_baseline.xmodel","manual_1637345578273",model_only,3210,2,0,0,0,0,0,335.23017,0,0,0,335.23017
"methane_baseline.xmodel","manual_1637345578273",model_only,3211,0,0,0,0,0,0,338.93701,0,0,0,338.93701
"methane_baseline.xmodel","manual_1637345578273",model_only,3212,3,0,0,0,0,0,335.23135,0,0,0,335.23135
"methane_baseline.xmodel","manual_1637345578273",model_only,3213,1,0,0,0,0,0,338.4213,0,0,0,338.4213
"methane_baseline.xmodel","manual_1637345578273",model_only,3214,2,0,0,0,0,0,335.10808,0,0,0,335.10808
"methane_baseline.xmodel","manual_1637345578273",model_only,3215,0,0,0,0,0,0,338.34844,0,0,0,338.34844
"methane_baseline.xmodel","manual_1637345578273",model_only,3216,3,0,0,0,0,0,334.94668,0,0,0,334.94668
"methane_baseline.xmodel","manual_1637345578273",model_only,3217,1,0,0,0,0,0,338.57304,0,0,0,338.57304
"methane_baseline.xmodel","manual_1637345578273",model_only,3218,2,0,0,0,0,0,335.10852,0,0,0,335.10852
"methane_baseline.xmodel","manual_1637345578273",model_only,3219,0,0,0,0,0,0,338.44318,0,0,0,338.44318
"methane_baseline.xmodel","manual_1637345578273",model_only,3220,3,0,0,0,0,0,334.93246,0,0,0,334.93246
"methane_baseline.xmodel","manual_1637345578273",model_only,3221,1,0,0,0,0,0,338.56027,0,0,0,338.56027
"methane_baseline.xmodel","manual_1637345578273",model_only,3222,2,0,0,0,0,0,334.89128,0,0,0,334.89128
"methane_baseline.xmodel","manual_1637345578273",model_only,3223,0,0,0,0,0,0,338.34986,0,0,0,338.34986
"methane_baseline.xmodel","manual_1637345578273",model_only,3224,3,0,0,0,0,0,336.5855,0,0,0,336.5855
"methane_baseline.xmodel","manual_1637345578273",model_only,3225,1,0,0,0,0,0,339.25394,0,0,0,339.25394
"methane_baseline.xmodel","manual_1637345578273",model_only,3226,2,0,0,0,0,0,335.64586,0,0,0,335.64586
"methane_baseline.xmodel","manual_1637345578273",model_only,3227,0,0,0,0,0,0,339.13559,0,0,0,339.13559
"methane_baseline.xmodel","manual_1637345578273",model_only,3228,3,0,0,0,0,0,335.62356,0,0,0,335.62356
"methane_baseline.xmodel","manual_1637345578273",model_only,3229,1,0,0,0,0,0,339.24106,0,0,0,339.24106
"methane_baseline.xmodel","manual_1637345578273",model_only,3230,2,0,0,0,0,0,335.21888,0,0,0,335.21888
"methane_baseline.xmodel","manual_1637345578273",model_only,3231,0,0,0,0,0,0,338.44126,0,0,0,338.44126
"methane_baseline.xmodel","manual_1637345578273",model_only,3232,3,0,0,0,0,0,335.37201,0,0,0,335.37201
"methane_baseline.xmodel","manual_1637345578273",model_only,3233,1,0,0,0,0,0,338.75044,0,0,0,338.75044
"methane_baseline.xmodel","manual_1637345578273",model_only,3234,2,0,0,0,0,0,335.41336,0,0,0,335.41336
"methane_baseline.xmodel","manual_1637345578273",model_only,3235,0,0,0,0,0,0,338.64473,0,0,0,338.64473
"methane_baseline.xmodel","manual_1637345578273",model_only,3236,3,0,0,0,0,0,335.53089,0,0,0,335.53089
"methane_baseline.xmodel","manual_1637345578273",model_only,3237,1,0,0,0,0,0,338.45331,0,0,0,338.45331
"methane_baseline.xmodel","manual_1637345578273",model_only,3238,2,0,0,0,0,0,335.6873,0,0,0,335.6873
"methane_baseline.xmodel","manual_1637345578273",model_only,3239,0,0,0,0,0,0,338.60412,0,0,0,338.60412
"methane_baseline.xmodel","manual_1637345578273",model_only,3240,3,0,0,0,0,0,336.61246,0,0,0,336.61246
"methane_baseline.xmodel","manual_1637345578273",model_only,3241,1,0,0,0,0,0,339.87586,0,0,0,339.87586
"methane_baseline.xmodel","manual_1637345578273",model_only,3242,2,0,0,0,0,0,335.81965,0,0,0,335.81965
"methane_baseline.xmodel","manual_1637345578273",model_only,3243,0,0,0,0,0,0,339.64621,0,0,0,339.64621
"methane_baseline.xmodel","manual_1637345578273",model_only,3244,3,0,0,0,0,0,335.58275,0,0,0,335.58275
"methane_baseline.xmodel","manual_1637345578273",model_only,3245,1,0,0,0,0,0,337.90964,0,0,0,337.90964
"methane_baseline.xmodel","manual_1637345578273",model_only,3246,2,0,0,0,0,0,335.34952,0,0,0,335.34952
"methane_baseline.xmodel","manual_1637345578273",model_only,3247,0,0,0,0,0,0,337.78057,0,0,0,337.78057
"methane_baseline.xmodel","manual_1637345578273",model_only,3248,3,0,0,0,0,0,335.47203,0,0,0,335.47203
"methane_baseline.xmodel","manual_1637345578273",model_only,3249,1,0,0,0,0,0,337.87262,0,0,0,337.87262
"methane_baseline.xmodel","manual_1637345578273",model_only,3250,2,0,0,0,0,0,335.58938,0,0,0,335.58938
"methane_baseline.xmodel","manual_1637345578273",model_only,3251,0,0,0,0,0,0,338.03474,0,0,0,338.03474
"methane_baseline.xmodel","manual_1637345578273",model_only,3252,3,0,0,0,0,0,335.69058,0,0,0,335.69058
"methane_baseline.xmodel","manual_1637345578273",model_only,3253,1,0,0,0,0,0,337.84984,0,0,0,337.84984
"methane_baseline.xmodel","manual_1637345578273",model_only,3254,2,0,0,0,0,0,335.87413,0,0,0,335.87413
"methane_baseline.xmodel","manual_1637345578273",model_only,3255,0,0,0,0,0,0,338.12901,0,0,0,338.12901
"methane_baseline.xmodel","manual_1637345578273",model_only,3256,3,0,0,0,0,0,335.65658,0,0,0,335.65658
"methane_baseline.xmodel","manual_1637345578273",model_only,3257,1,0,0,0,0,0,338.14525,0,0,0,338.14525
"methane_baseline.xmodel","manual_1637345578273",model_only,3258,2,0,0,0,0,0,335.545,0,0,0,335.545
"methane_baseline.xmodel","manual_1637345578273",model_only,3259,0,0,0,0,0,0,338.24147,0,0,0,338.24147
"methane_baseline.xmodel","manual_1637345578273",model_only,3260,3,0,0,0,0,0,335.95744,0,0,0,335.95744
"methane_baseline.xmodel","manual_1637345578273",model_only,3261,1,0,0,0,0,0,338.62552,0,0,0,338.62552
"methane_baseline.xmodel","manual_1637345578273",model_only,3262,2,0,0,0,0,0,336.08214,0,0,0,336.08214
"methane_baseline.xmodel","manual_1637345578273",model_only,3263,0,0,0,0,0,0,338.26082,0,0,0,338.26082
"methane_baseline.xmodel","manual_1637345578273",model_only,3264,3,0,0,0,0,0,335.34182,0,0,0,335.34182
"methane_baseline.xmodel","manual_1637345578273",model_only,3265,1,0,0,0,0,0,338.81544,0,0,0,338.81544
"methane_baseline.xmodel","manual_1637345578273",model_only,3266,2,0,0,0,0,0,335.45856,0,0,0,335.45856
"methane_baseline.xmodel","manual_1637345578273",model_only,3267,0,0,0,0,0,0,338.1719,0,0,0,338.1719
"methane_baseline.xmodel","manual_1637345578273",model_only,3268,3,0,0,0,0,0,335.62179,0,0,0,335.62179
"methane_baseline.xmodel","manual_1637345578273",model_only,3269,1,0,0,0,0,0,338.19385,0,0,0,338.19385
"methane_baseline.xmodel","manual_1637345578273",model_only,3270,2,0,0,0,0,0,335.44315,0,0,0,335.44315
"methane_baseline.xmodel","manual_1637345578273",model_only,3271,0,0,0,0,0,0,338.04903,0,0,0,338.04903
"methane_baseline.xmodel","manual_1637345578273",model_only,3272,3,0,0,0,0,0,335.66332,0,0,0,335.66332
"methane_baseline.xmodel","manual_1637345578273",model_only,3273,1,0,0,0,0,0,338.31779,0,0,0,338.31779
"methane_baseline.xmodel","manual_1637345578273",model_only,3274,2,0,0,0,0,0,335.48966,0,0,0,335.48966
"methane_baseline.xmodel","manual_1637345578273",model_only,3275,0,0,0,0,0,0,338.18207,0,0,0,338.18207
"methane_baseline.xmodel","manual_1637345578273",model_only,3276,3,0,0,0,0,0,335.55153,0,0,0,335.55153
"methane_baseline.xmodel","manual_1637345578273",model_only,3277,1,0,0,0,0,0,337.66097,0,0,0,337.66097
"methane_baseline.xmodel","manual_1637345578273",model_only,3278,2,0,0,0,0,0,335.61967,0,0,0,335.61967
"methane_baseline.xmodel","manual_1637345578273",model_only,3279,0,0,0,0,0,0,338.30067,0,0,0,338.30067
"methane_baseline.xmodel","manual_1637345578273",model_only,3280,3,0,0,0,0,0,335.48832,0,0,0,335.48832
"methane_baseline.xmodel","manual_1637345578273",model_only,3281,1,0,0,0,0,0,340.34164,0,0,0,340.34164
"methane_baseline.xmodel","manual_1637345578273",model_only,3282,2,0,0,0,0,0,335.68666,0,0,0,335.68666
"methane_baseline.xmodel","manual_1637345578273",model_only,3283,0,0,0,0,0,0,338.06173,0,0,0,338.06173
"methane_baseline.xmodel","manual_1637345578273",model_only,3284,3,0,0,0,0,0,334.96827,0,0,0,334.96827
"methane_baseline.xmodel","manual_1637345578273",model_only,3285,1,0,0,0,0,0,338.0305,0,0,0,338.0305
"methane_baseline.xmodel","manual_1637345578273",model_only,3286,2,0,0,0,0,0,334.94107,0,0,0,334.94107
"methane_baseline.xmodel","manual_1637345578273",model_only,3287,0,0,0,0,0,0,337.93414,0,0,0,337.93414
"methane_baseline.xmodel","manual_1637345578273",model_only,3288,3,0,0,0,0,0,334.98065,0,0,0,334.98065
"methane_baseline.xmodel","manual_1637345578273",model_only,3289,1,0,0,0,0,0,337.9843,0,0,0,337.9843
"methane_baseline.xmodel","manual_1637345578273",model_only,3290,2,0,0,0,0,0,334.89032,0,0,0,334.89032
"methane_baseline.xmodel","manual_1637345578273",model_only,3291,0,0,0,0,0,0,338.03365,0,0,0,338.03365
"methane_baseline.xmodel","manual_1637345578273",model_only,3292,3,0,0,0,0,0,334.92456,0,0,0,334.92456
"methane_baseline.xmodel","manual_1637345578273",model_only,3293,1,0,0,0,0,0,337.82854,0,0,0,337.82854
"methane_baseline.xmodel","manual_1637345578273",model_only,3294,2,0,0,0,0,0,334.98846,0,0,0,334.98846
"methane_baseline.xmodel","manual_1637345578273",model_only,3295,0,0,0,0,0,0,337.99947,0,0,0,337.99947
"methane_baseline.xmodel","manual_1637345578273",model_only,3296,3,0,0,0,0,0,334.93747,0,0,0,334.93747
"methane_baseline.xmodel","manual_1637345578273",model_only,3297,1,0,0,0,0,0,337.92191,0,0,0,337.92191
"methane_baseline.xmodel","manual_1637345578273",model_only,3298,2,0,0,0,0,0,334.8009,0,0,0,334.8009
"methane_baseline.xmodel","manual_1637345578273",model_only,3299,0,0,0,0,0,0,338.12459,0,0,0,338.12459
"methane_baseline.xmodel","manual_1637345578273",model_only,3300,3,0,0,0,0,0,334.56157,0,0,0,334.56157
"methane_baseline.xmodel","manual_1637345578273",model_only,3301,1,0,0,0,0,0,337.82315,0,0,0,337.82315
"methane_baseline.xmodel","manual_1637345578273",model_only,3302,2,0,0,0,0,0,334.7726,0,0,0,334.7726
"methane_baseline.xmodel","manual_1637345578273",model_only,3303,0,0,0,0,0,0,338.51097,0,0,0,338.51097
"methane_baseline.xmodel","manual_1637345578273",model_only,3304,3,0,0,0,0,0,334.64553,0,0,0,334.64553
"methane_baseline.xmodel","manual_1637345578273",model_only,3305,1,0,0,0,0,0,338.29507,0,0,0,338.29507
"methane_baseline.xmodel","manual_1637345578273",model_only,3306,2,0,0,0,0,0,334.83275,0,0,0,334.83275
"methane_baseline.xmodel","manual_1637345578273",model_only,3307,0,0,0,0,0,0,338.17487,0,0,0,338.17487
"methane_baseline.xmodel","manual_1637345578273",model_only,3308,3,0,0,0,0,0,334.9377,0,0,0,334.9377
"methane_baseline.xmodel","manual_1637345578273",model_only,3309,1,0,0,0,0,0,338.4705,0,0,0,338.4705
"methane_baseline.xmodel","manual_1637345578273",model_only,3310,2,0,0,0,0,0,335.4106,0,0,0,335.4106
"methane_baseline.xmodel","manual_1637345578273",model_only,3311,0,0,0,0,0,0,341.33629,0,0,0,341.33629
"methane_baseline.xmodel","manual_1637345578273",model_only,3312,3,0,0,0,0,0,335.14871,0,0,0,335.14871
"methane_baseline.xmodel","manual_1637345578273",model_only,3313,1,0,0,0,0,0,338.74908,0,0,0,338.74908
"methane_baseline.xmodel","manual_1637345578273",model_only,3314,2,0,0,0,0,0,335.26212,0,0,0,335.26212
"methane_baseline.xmodel","manual_1637345578273",model_only,3315,0,0,0,0,0,0,338.61203,0,0,0,338.61203
"methane_baseline.xmodel","manual_1637345578273",model_only,3316,3,0,0,0,0,0,335.2109,0,0,0,335.2109
"methane_baseline.xmodel","manual_1637345578273",model_only,3317,1,0,0,0,0,0,338.48725,0,0,0,338.48725
"methane_baseline.xmodel","manual_1637345578273",model_only,3318,2,0,0,0,0,0,335.31725,0,0,0,335.31725
"methane_baseline.xmodel","manual_1637345578273",model_only,3319,0,0,0,0,0,0,338.53192,0,0,0,338.53192
"methane_baseline.xmodel","manual_1637345578273",model_only,3320,3,0,0,0,0,0,335.43508,0,0,0,335.43508
"methane_baseline.xmodel","manual_1637345578273",model_only,3321,1,0,0,0,0,0,338.51838,0,0,0,338.51838
"methane_baseline.xmodel","manual_1637345578273",model_only,3322,2,0,0,0,0,0,335.22297,0,0,0,335.22297
"methane_baseline.xmodel","manual_1637345578273",model_only,3323,0,0,0,0,0,0,338.68332,0,0,0,338.68332
"methane_baseline.xmodel","manual_1637345578273",model_only,3324,3,0,0,0,0,0,335.54686,0,0,0,335.54686
"methane_baseline.xmodel","manual_1637345578273",model_only,3325,1,0,0,0,0,0,338.82265,0,0,0,338.82265
"methane_baseline.xmodel","manual_1637345578273",model_only,3326,2,0,0,0,0,0,335.32952,0,0,0,335.32952
"methane_baseline.xmodel","manual_1637345578273",model_only,3327,0,0,0,0,0,0,339.10455,0,0,0,339.10455
"methane_baseline.xmodel","manual_1637345578273",model_only,3328,3,0,0,0,0,0,335.31111,0,0,0,335.31111
"methane_baseline.xmodel","manual_1637345578273",model_only,3329,1,0,0,0,0,0,339.08494,0,0,0,339.08494
"methane_baseline.xmodel","manual_1637345578273",model_only,3330,2,0,0,0,0,0,335.555,0,0,0,335.555
"methane_baseline.xmodel","manual_1637345578273",model_only,3331,0,0,0,0,0,0,339.83145,0,0,0,339.83145
"methane_baseline.xmodel","manual_1637345578273",model_only,3332,3,0,0,0,0,0,335.51774,0,0,0,335.51774
"methane_baseline.xmodel","manual_1637345578273",model_only,3333,1,0,0,0,0,0,339.55541,0,0,0,339.55541
"methane_baseline.xmodel","manual_1637345578273",model_only,3334,2,0,0,0,0,0,335.60068,0,0,0,335.60068
"methane_baseline.xmodel","manual_1637345578273",model_only,3335,0,0,0,0,0,0,339.61164,0,0,0,339.61164
"methane_baseline.xmodel","manual_1637345578273",model_only,3336,3,0,0,0,0,0,335.93597,0,0,0,335.93597
"methane_baseline.xmodel","manual_1637345578273",model_only,3337,1,0,0,0,0,0,339.4634,0,0,0,339.4634
"methane_baseline.xmodel","manual_1637345578273",model_only,3338,2,0,0,0,0,0,336.41814,0,0,0,336.41814
"methane_baseline.xmodel","manual_1637345578273",model_only,3339,0,0,0,0,0,0,340.2368,0,0,0,340.2368
"methane_baseline.xmodel","manual_1637345578273",model_only,3340,3,0,0,0,0,0,336.23918,0,0,0,336.23918
"methane_baseline.xmodel","manual_1637345578273",model_only,3341,1,0,0,0,0,0,340.03031,0,0,0,340.03031
"methane_baseline.xmodel","manual_1637345578273",model_only,3342,2,0,0,0,0,0,336.73136,0,0,0,336.73136
"methane_baseline.xmodel","manual_1637345578273",model_only,3343,3,0,0,0,0,0,336.1073,0,0,0,336.1073
"methane_baseline.xmodel","manual_1637345578273",model_only,3344,0,0,0,0,0,0,339.96411,0,0,0,339.96411
"methane_baseline.xmodel","manual_1637345578273",model_only,3345,2,0,0,0,0,0,335.88655,0,0,0,335.88655
"methane_baseline.xmodel","manual_1637345578273",model_only,3346,1,0,0,0,0,0,339.45265,0,0,0,339.45265
"methane_baseline.xmodel","manual_1637345578273",model_only,3347,3,0,0,0,0,0,336.0747,0,0,0,336.0747
"methane_baseline.xmodel","manual_1637345578273",model_only,3348,0,0,0,0,0,0,339.14392,0,0,0,339.14392
"methane_baseline.xmodel","manual_1637345578273",model_only,3349,2,0,0,0,0,0,336.20997,0,0,0,336.20997
"methane_baseline.xmodel","manual_1637345578273",model_only,3350,1,0,0,0,0,0,339.35045,0,0,0,339.35045
"methane_baseline.xmodel","manual_1637345578273",model_only,3351,3,0,0,0,0,0,335.85807,0,0,0,335.85807
"methane_baseline.xmodel","manual_1637345578273",model_only,3352,0,0,0,0,0,0,339.22686,0,0,0,339.22686
"methane_baseline.xmodel","manual_1637345578273",model_only,3353,2,0,0,0,0,0,336.40018,0,0,0,336.40018
"methane_baseline.xmodel","manual_1637345578273",model_only,3354,1,0,0,0,0,0,339.04891,0,0,0,339.04891
"methane_baseline.xmodel","manual_1637345578273",model_only,3355,3,0,0,0,0,0,336.01576,0,0,0,336.01576
"methane_baseline.xmodel","manual_1637345578273",model_only,3356,0,0,0,0,0,0,338.88875,0,0,0,338.88875
"methane_baseline.xmodel","manual_1637345578273",model_only,3357,2,0,0,0,0,0,335.61355,0,0,0,335.61355
"methane_baseline.xmodel","manual_1637345578273",model_only,3358,1,0,0,0,0,0,338.88045,0,0,0,338.88045
"methane_baseline.xmodel","manual_1637345578273",model_only,3359,3,0,0,0,0,0,335.45657,0,0,0,335.45657
"methane_baseline.xmodel","manual_1637345578273",model_only,3360,0,0,0,0,0,0,338.98388,0,0,0,338.98388
"methane_baseline.xmodel","manual_1637345578273",model_only,3361,2,0,0,0,0,0,335.47775,0,0,0,335.47775
"methane_baseline.xmodel","manual_1637345578273",model_only,3362,1,0,0,0,0,0,338.66114,0,0,0,338.66114
"methane_baseline.xmodel","manual_1637345578273",model_only,3363,3,0,0,0,0,0,335.54035,0,0,0,335.54035
"methane_baseline.xmodel","manual_1637345578273",model_only,3364,0,0,0,0,0,0,338.83367,0,0,0,338.83367
"methane_baseline.xmodel","manual_1637345578273",model_only,3365,2,0,0,0,0,0,335.35861,0,0,0,335.35861
"methane_baseline.xmodel","manual_1637345578273",model_only,3366,1,0,0,0,0,0,338.47016,0,0,0,338.47016
"methane_baseline.xmodel","manual_1637345578273",model_only,3367,3,0,0,0,0,0,335.28234,0,0,0,335.28234
"methane_baseline.xmodel","manual_1637345578273",model_only,3368,0,0,0,0,0,0,338.78606,0,0,0,338.78606
"methane_baseline.xmodel","manual_1637345578273",model_only,3369,2,0,0,0,0,0,335.25733,0,0,0,335.25733
"methane_baseline.xmodel","manual_1637345578273",model_only,3370,1,0,0,0,0,0,338.4346,0,0,0,338.4346
"methane_baseline.xmodel","manual_1637345578273",model_only,3371,3,0,0,0,0,0,337.00065,0,0,0,337.00065
"methane_baseline.xmodel","manual_1637345578273",model_only,3372,0,0,0,0,0,0,338.89509,0,0,0,338.89509
"methane_baseline.xmodel","manual_1637345578273",model_only,3373,2,0,0,0,0,0,337.61743,0,0,0,337.61743
"methane_baseline.xmodel","manual_1637345578273",model_only,3374,1,0,0,0,0,0,338.45492,0,0,0,338.45492
"methane_baseline.xmodel","manual_1637345578273",model_only,3375,3,0,0,0,0,0,338.03982,0,0,0,338.03982
"methane_baseline.xmodel","manual_1637345578273",model_only,3376,0,0,0,0,0,0,338.65673,0,0,0,338.65673
"methane_baseline.xmodel","manual_1637345578273",model_only,3377,2,0,0,0,0,0,336.99885,0,0,0,336.99885
"methane_baseline.xmodel","manual_1637345578273",model_only,3378,1,0,0,0,0,0,338.54934,0,0,0,338.54934
"methane_baseline.xmodel","manual_1637345578273",model_only,3379,3,0,0,0,0,0,336.48268,0,0,0,336.48268
"methane_baseline.xmodel","manual_1637345578273",model_only,3380,0,0,0,0,0,0,338.38323,0,0,0,338.38323
"methane_baseline.xmodel","manual_1637345578273",model_only,3381,2,0,0,0,0,0,335.49261,0,0,0,335.49261
"methane_baseline.xmodel","manual_1637345578273",model_only,3382,1,0,0,0,0,0,338.65504,0,0,0,338.65504
"methane_baseline.xmodel","manual_1637345578273",model_only,3383,3,0,0,0,0,0,335.27306,0,0,0,335.27306
"methane_baseline.xmodel","manual_1637345578273",model_only,3384,0,0,0,0,0,0,337.87976,0,0,0,337.87976
"methane_baseline.xmodel","manual_1637345578273",model_only,3385,2,0,0,0,0,0,335.23327,0,0,0,335.23327
"methane_baseline.xmodel","manual_1637345578273",model_only,3386,1,0,0,0,0,0,337.9159,0,0,0,337.9159
"methane_baseline.xmodel","manual_1637345578273",model_only,3387,3,0,0,0,0,0,335.3381,0,0,0,335.3381
"methane_baseline.xmodel","manual_1637345578273",model_only,3388,0,0,0,0,0,0,337.79885,0,0,0,337.79885
"methane_baseline.xmodel","manual_1637345578273",model_only,3389,2,0,0,0,0,0,335.19717,0,0,0,335.19717
"methane_baseline.xmodel","manual_1637345578273",model_only,3390,1,0,0,0,0,0,337.96812,0,0,0,337.96812
"methane_baseline.xmodel","manual_1637345578273",model_only,3391,3,0,0,0,0,0,335.15094,0,0,0,335.15094
"methane_baseline.xmodel","manual_1637345578273",model_only,3392,0,0,0,0,0,0,337.59637,0,0,0,337.59637
"methane_baseline.xmodel","manual_1637345578273",model_only,3393,2,0,0,0,0,0,335.08654,0,0,0,335.08654
"methane_baseline.xmodel","manual_1637345578273",model_only,3394,1,0,0,0,0,0,337.66911,0,0,0,337.66911
"methane_baseline.xmodel","manual_1637345578273",model_only,3395,3,0,0,0,0,0,334.90909,0,0,0,334.90909
"methane_baseline.xmodel","manual_1637345578273",model_only,3396,0,0,0,0,0,0,337.71521,0,0,0,337.71521
"methane_baseline.xmodel","manual_1637345578273",model_only,3397,2,0,0,0,0,0,334.69811,0,0,0,334.69811
"methane_baseline.xmodel","manual_1637345578273",model_only,3398,1,0,0,0,0,0,337.91248,0,0,0,337.91248
"methane_baseline.xmodel","manual_1637345578273",model_only,3399,3,0,0,0,0,0,334.78784,0,0,0,334.78784
"methane_baseline.xmodel","manual_1637345578273",model_only,3400,0,0,0,0,0,0,338.19327,0,0,0,338.19327
"methane_baseline.xmodel","manual_1637345578273",model_only,3401,2,0,0,0,0,0,334.64434,0,0,0,334.64434
"methane_baseline.xmodel","manual_1637345578273",model_only,3402,1,0,0,0,0,0,337.89279,0,0,0,337.89279
"methane_baseline.xmodel","manual_1637345578273",model_only,3403,3,0,0,0,0,0,334.85712,0,0,0,334.85712
"methane_baseline.xmodel","manual_1637345578273",model_only,3404,0,0,0,0,0,0,337.80338,0,0,0,337.80338
"methane_baseline.xmodel","manual_1637345578273",model_only,3405,2,0,0,0,0,0,335.1363,0,0,0,335.1363
"methane_baseline.xmodel","manual_1637345578273",model_only,3406,1,0,0,0,0,0,337.71006,0,0,0,337.71006
"methane_baseline.xmodel","manual_1637345578273",model_only,3407,3,0,0,0,0,0,335.11652,0,0,0,335.11652
"methane_baseline.xmodel","manual_1637345578273",model_only,3408,0,0,0,0,0,0,337.73583,0,0,0,337.73583
"methane_baseline.xmodel","manual_1637345578273",model_only,3409,2,0,0,0,0,0,335.02467,0,0,0,335.02467
"methane_baseline.xmodel","manual_1637345578273",model_only,3410,1,0,0,0,0,0,337.55325,0,0,0,337.55325
"methane_baseline.xmodel","manual_1637345578273",model_only,3411,3,0,0,0,0,0,334.99709,0,0,0,334.99709
"methane_baseline.xmodel","manual_1637345578273",model_only,3412,0,0,0,0,0,0,337.81042,0,0,0,337.81042
"methane_baseline.xmodel","manual_1637345578273",model_only,3413,2,0,0,0,0,0,336.44314,0,0,0,336.44314
"methane_baseline.xmodel","manual_1637345578273",model_only,3414,1,0,0,0,0,0,338.32051,0,0,0,338.32051
"methane_baseline.xmodel","manual_1637345578273",model_only,3415,3,0,0,0,0,0,337.18588,0,0,0,337.18588
"methane_baseline.xmodel","manual_1637345578273",model_only,3416,0,0,0,0,0,0,338.69383,0,0,0,338.69383
"methane_baseline.xmodel","manual_1637345578273",model_only,3417,2,0,0,0,0,0,335.39597,0,0,0,335.39597
"methane_baseline.xmodel","manual_1637345578273",model_only,3418,1,0,0,0,0,0,338.35856,0,0,0,338.35856
"methane_baseline.xmodel","manual_1637345578273",model_only,3419,3,0,0,0,0,0,335.19149,0,0,0,335.19149
"methane_baseline.xmodel","manual_1637345578273",model_only,3420,0,0,0,0,0,0,338.81089,0,0,0,338.81089
"methane_baseline.xmodel","manual_1637345578273",model_only,3421,2,0,0,0,0,0,335.01458,0,0,0,335.01458
"methane_baseline.xmodel","manual_1637345578273",model_only,3422,1,0,0,0,0,0,338.74747,0,0,0,338.74747
"methane_baseline.xmodel","manual_1637345578273",model_only,3423,3,0,0,0,0,0,334.95137,0,0,0,334.95137
"methane_baseline.xmodel","manual_1637345578273",model_only,3424,0,0,0,0,0,0,337.4654,0,0,0,337.4654
"methane_baseline.xmodel","manual_1637345578273",end_to_end,0,0,0.00115,125.43674,12.78464,0.06746,0.00028,338.03285,0.00025,0.04309,1.86006,478.22652
"methane_baseline.xmodel","manual_1637345578273",end_to_end,1,1,0.00084,139.55551,13.53288,323.13958,0.0003,338.5544,0.00032,0.04541,1.83951,816.66875
"methane_baseline.xmodel","manual_1637345578273",end_to_end,2,2,0.00128,129.26626,13.65346,0.05117,0.00019,336.309,0.00039,0.04092,1.80952,481.13219
"methane_baseline.xmodel","manual_1637345578273",end_to_end,3,3,0.00143,124.98221,15.10047,324.25772,0.00056,336.38583,0.00034,0.04774,1.76679,802.54309
"methane_baseline.xmodel","manual_1637345578273",end_to_end,4,4,197.05934,170.83234,14.94368,150.85491,0.00025,339.08623,0.00052,0.03721,1.83904,874.65352
"methane_baseline.xmodel","manual_1637345578273",end_to_end,5,5,326.13046,207.48844,15.09467,111.90617,0.00024,336.38679,0.00037,0.04886,1.79872,998.85472
"methane_baseline.xmodel","manual_1637345578273",end_to_end,6,6,152.76488,199.3982,13.84339,123.93758,0.00028,338.49994,0.00085,0.04505,1.89052,830.38069
"methane_baseline.xmodel","manual_1637345578273",end_to_end,7,7,113.75343,203.37287,15.14123,116.0366,0.00024,336.34304,0.00065,0.05085,1.90216,786.60107
"methane_baseline.xmodel","manual_1637345578273",end_to_end,8,8,125.83506,183.79128,13.68228,139.13019,0.00049,339.35363,0.00044,0.07127,2.01658,803.88122
"methane_baseline.xmodel","manual_1637345578273",end_to_end,9,9,117.8989,211.50552,14.65819,108.32094,0.00024,336.69004,0.00034,0.04628,1.87528,790.99573
"methane_baseline.xmodel","manual_1637345578273",end_to_end,10,10,141.07125,178.08623,14.62247,144.7063,0.00032,339.55512,0.00034,0.0422,2.00176,820.08599
"methane_baseline.xmodel","manual_1637345578273",end_to_end,11,11,110.30611,201.29547,15.1271,118.29118,0.00029,336.30735,0.00056,0.04398,2.18126,783.5533
"methane_baseline.xmodel","manual_1637345578273",end_to_end,12,12,146.78704,230.73839,14.50324,92.22232,0.00026,339.07104,0.00039,0.05333,2.02825,825.40426
"methane_baseline.xmodel","manual_1637345578273",end_to_end,13,13,120.19943,221.24767,15.11669,98.0191,0.00027,337.09368,0.00047,0.06266,1.84272,793.58269
"methane_baseline.xmodel","manual_1637345578273",end_to_end,14,14,94.26328,203.31103,13.69675,120.01504,0.00034,339.65374,0.00056,0.05218,1.82063,772.81355
"methane_baseline.xmodel","manual_1637345578273",end_to_end,15,15,100.26354,222.25163,15.20758,97.37972,0.00031,336.19681,0.00036,0.04133,1.89835,773.23963
"methane_baseline.xmodel","manual_1637345578273",end_to_end,16,16,122.10331,170.71415,14.45788,152.39163,0.00024,338.80427,0.00044,0.0429,1.77706,800.29188
"methane_baseline.xmodel","manual_1637345578273",end_to_end,17,17,99.29737,203.16162,15.35389,115.76731,0.00038,336.08451,0.00029,0.0343,1.85857,771.55824
"methane_baseline.xmodel","manual_1637345578273",end_to_end,18,18,154.27846,218.47079,14.74211,103.70371,0.00028,338.73887,0.00063,0.04887,1.81306,831.79678
"methane_baseline.xmodel","manual_1637345578273",end_to_end,19,19,117.71845,229.69262,14.98382,89.4635,0.00029,336.11904,0.00049,0.04112,1.84224,789.86157
"methane_baseline.xmodel","manual_1637345578273",end_to_end,20,20,105.5317,215.75846,14.00685,107.14123,0.00025,339.13541,0.00052,0.05016,1.78542,783.41
"methane_baseline.xmodel","manual_1637345578273",end_to_end,21,21,91.37194,223.04851,15.1262,96.0338,0.00026,336.13268,0.00033,0.04441,1.8267,763.58483
"methane_baseline.xmodel","manual_1637345578273",end_to_end,22,22,108.99388,190.60175,13.76171,132.92563,0.00031,338.75279,0.00033,0.0346,1.77795,786.84895
"methane_baseline.xmodel","manual_1637345578273",end_to_end,23,23,97.93319,207.05575,14.91143,112.26996,0.00029,336.39532,0.00058,0.04661,1.82212,770.43525
"methane_baseline.xmodel","manual_1637345578273",end_to_end,24,24,134.76928,183.20153,13.69278,140.01248,0.00026,338.82225,0.00029,0.05288,1.81728,812.36903
"methane_baseline.xmodel","manual_1637345578273",end_to_end,25,25,114.1629,193.85494,14.9295,125.72646,0.00024,336.31443,0.00062,0.04555,1.87155,786.90619
"methane_baseline.xmodel","manual_1637345578273",end_to_end,26,26,141.83772,196.93365,13.71323,126.35013,0.00029,338.69888,0.00038,0.03298,2.06866,819.63592
"methane_baseline.xmodel","manual_1637345578273",end_to_end,27,27,127.57969,213.93629,14.565,105.94614,0.00031,336.05114,0.00035,0.0486,1.83192,799.95944
"methane_baseline.xmodel","manual_1637345578273",end_to_end,28,28,128.23746,226.87943,15.90622,94.02474,0.00026,340.82956,0.00069,0.05031,1.89185,807.82052
"methane_baseline.xmodel","manual_1637345578273",end_to_end,29,29,107.88356,243.10301,14.27354,76.73451,0.00027,336.2167,0.00035,0.0454,1.72991,779.98725
"methane_baseline.xmodel","manual_1637345578273",end_to_end,30,30,96.14378,243.18965,14.91477,80.60028,0.00025,339.73992,0.00034,0.03882,1.89846,776.52627
"methane_baseline.xmodel","manual_1637345578273",end_to_end,31,31,78.63659,235.19641,14.62216,84.5024,0.00029,335.65548,0.00034,0.04784,1.70126,750.36277
"methane_baseline.xmodel","manual_1637345578273",end_to_end,32,32,82.56163,179.41693,14.32893,144.02223,0.00026,339.0599,0.00036,0.06965,1.79424,761.25413
"methane_baseline.xmodel","manual_1637345578273",end_to_end,33,33,86.27759,207.65216,14.93523,111.29123,0.00027,335.48718,0.00037,0.04018,1.69886,757.38307
"methane_baseline.xmodel","manual_1637345578273",end_to_end,34,34,244.12404,238.21338,14.54517,80.94317,0.00028,335.60286,0.00042,0.03748,1.64127,915.10807
"methane_baseline.xmodel","manual_1637345578273",end_to_end,35,35,14.91281,237.93162,14.96343,84.23255,0.00024,339.01169,0.00043,0.07636,1.80764,692.93677
"methane_baseline.xmodel","manual_1637345578273",end_to_end,36,36,86.13188,233.96301,15.78391,87.37729,0.00025,338.52348,0.00033,0.04113,1.83845,763.65973
"methane_baseline.xmodel","manual_1637345578273",end_to_end,37,37,82.69277,237.9517,15.61496,80.2882,0.00024,335.6043,0.00033,0.03482,1.70702,753.89434
"methane_baseline.xmodel","manual_1637345578273",end_to_end,38,38,89.25907,231.3386,15.3469,89.9429,0.0003,338.69593,0.00044,0.06572,1.87479,766.52465
"methane_baseline.xmodel","manual_1637345578273",end_to_end,39,39,81.98728,225.258,15.22694,93.40928,0.00029,335.42876,0.00034,0.04382,1.84875,753.20346
"methane_baseline.xmodel","manual_1637345578273",end_to_end,40,40,180.09317,242.30011,15.48311,75.88122,0.00025,335.42832,0.00035,0.04881,1.70606,850.9414
"methane_baseline.xmodel","manual_1637345578273",end_to_end,41,41,6.8936,232.66668,15.0557,89.08867,0.00025,339.09405,0.00029,0.06347,1.82615,684.68886
"methane_baseline.xmodel","manual_1637345578273",end_to_end,42,42,91.04403,326.29328,15.03575,0.05026,0.00221,340.63858,0.00041,0.04265,1.92493,775.0321
"methane_baseline.xmodel","manual_1637345578273",end_to_end,43,43,77.80973,347.22431,12.92655,0.22078,0.00027,336.03292,0.00053,0.05271,1.74171,776.00951
"methane_baseline.xmodel","manual_1637345578273",end_to_end,44,44,0.00099,289.72646,14.72424,36.22034,0.00024,338.96627,0.00055,0.0453,1.82012,681.50451
"methane_baseline.xmodel","manual_1637345578273",end_to_end,45,45,0.00131,241.88695,14.78022,79.57882,0.00031,335.39387,0.00047,0.04412,1.71975,673.40582
"methane_baseline.xmodel","manual_1637345578273",end_to_end,46,46,38.21219,236.66652,14.83354,85.47936,0.00029,339.17893,0.00044,0.03919,1.81765,716.22811
"methane_baseline.xmodel","manual_1637345578273",end_to_end,47,47,81.3855,239.95634,14.75379,78.88232,0.0003,335.38518,0.00037,0.03634,1.79231,752.19245
"methane_baseline.xmodel","manual_1637345578273",end_to_end,48,48,87.35504,249.22241,14.28246,73.77639,0.00024,338.71473,0.00044,0.04642,1.80162,765.19975
"methane_baseline.xmodel","manual_1637345578273",end_to_end,49,49,80.65557,284.19308,14.82612,34.59232,0.00024,335.50511,0.00034,0.03982,1.82825,751.64085
"methane_baseline.xmodel","manual_1637345578273",end_to_end,50,50,75.65614,291.39699,14.72156,30.71529,0.00025,338.77145,0.00065,0.06074,1.9411,753.26417
"methane_baseline.xmodel","manual_1637345578273",end_to_end,51,51,36.42753,276.72415,16.05251,40.88483,0.00025,335.61995,0.00056,0.04593,1.77856,707.53427
"methane_baseline.xmodel","manual_1637345578273",end_to_end,52,52,32.56962,261.73669,15.19731,59.98713,0.00027,338.84765,0.00048,0.03909,1.79532,710.17356
"methane_baseline.xmodel","manual_1637345578273",end_to_end,53,53,42.78342,236.01552,14.55642,83.14505,0.00024,335.58692,0.00073,0.03708,1.80017,713.92555
"methane_baseline.xmodel","manual_1637345578273",end_to_end,54,54,62.00076,214.55274,15.34031,106.94435,0.00028,338.58285,0.00053,0.05234,1.9285,739.40266
"methane_baseline.xmodel","manual_1637345578273",end_to_end,55,55,84.97024,225.22267,15.26041,93.2695,0.00025,335.57476,0.00032,0.04099,1.77786,756.117
"methane_baseline.xmodel","manual_1637345578273",end_to_end,56,56,191.30053,288.13358,14.96001,30.61074,0.00025,335.4211,0.0003,0.03968,1.75269,862.21888
"methane_baseline.xmodel","manual_1637345578273",end_to_end,57,57,12.61287,286.86854,14.56207,35.29414,0.00025,338.88204,0.00044,0.04453,1.87566,690.14054
"methane_baseline.xmodel","manual_1637345578273",end_to_end,58,58,37.26384,281.50703,15.53772,39.8632,0.0003,338.93991,0.00041,0.04565,1.84714,715.0052
"methane_baseline.xmodel","manual_1637345578273",end_to_end,59,59,32.43996,261.17907,15.21332,57.20437,0.00025,335.19734,0.00025,0.05218,1.7217,703.00844
"methane_baseline.xmodel","manual_1637345578273",end_to_end,60,60,41.79248,246.15571,15.02663,75.83114,0.00027,338.80464,0.00031,0.03531,1.82769,719.47418
"methane_baseline.xmodel","manual_1637345578273",end_to_end,61,61,59.01219,246.54817,16.90851,69.93315,0.00025,335.2539,0.00031,0.0408,1.70551,729.40279
"methane_baseline.xmodel","manual_1637345578273",end_to_end,62,62,77.73825,234.44588,13.71784,88.73037,0.0003,339.17963,0.00047,0.05275,1.89655,755.76204
"methane_baseline.xmodel","manual_1637345578273",end_to_end,63,63,71.94602,236.81388,14.76494,81.66892,0.00025,335.2136,0.00033,0.04442,1.65869,742.11105
"methane_baseline.xmodel","manual_1637345578273",end_to_end,64,64,90.58685,277.24397,15.52832,44.5316,0.00025,338.78662,0.00074,0.03401,1.88156,768.59392
"methane_baseline.xmodel","manual_1637345578273",end_to_end,65,65,83.41329,289.90976,15.45218,28.11049,0.00027,335.19407,0.00038,0.04931,1.75489,753.88464
"methane_baseline.xmodel","manual_1637345578273",end_to_end,66,66,46.48312,257.8936,14.34276,64.5936,0.00029,339.02393,0.00042,0.04367,1.90553,724.28692
"methane_baseline.xmodel","manual_1637345578273",end_to_end,67,67,29.80768,254.6766,14.82065,64.00594,0.00032,336.25233,0.00061,0.04229,1.72098,701.3274
"methane_baseline.xmodel","manual_1637345578273",end_to_end,68,68,66.52737,270.47321,14.90216,51.71482,0.00027,339.61951,0.00058,0.07384,2.16351,745.47527
"methane_baseline.xmodel","manual_1637345578273",end_to_end,69,69,65.8014,283.099,15.79868,35.55724,0.00024,335.76786,0.00032,0.04554,1.72375,737.79403
"methane_baseline.xmodel","manual_1637345578273",end_to_end,70,70,53.7142,301.85901,14.44869,21.32477,0.00066,342.30834,0.00047,0.06918,1.92071,735.64603
"methane_baseline.xmodel","manual_1637345578273",end_to_end,71,71,37.30337,290.65089,15.29151,28.05204,0.00028,336.05701,0.00045,0.06137,1.71786,709.13478
"methane_baseline.xmodel","manual_1637345578273",end_to_end,72,72,23.57671,326.64142,18.17229,0.05451,0.00026,339.379,0.00035,0.06534,1.94671,709.83659
"methane_baseline.xmodel","manual_1637345578273",end_to_end,73,73,29.80298,321.30672,15.06889,0.04563,0.00027,335.91846,0.00031,0.0521,1.72631,703.92167
"methane_baseline.xmodel","manual_1637345578273",end_to_end,74,74,0.0017,277.00856,15.26793,46.08805,0.00034,339.36732,0.00043,0.04106,1.90415,679.67954
"methane_baseline.xmodel","manual_1637345578273",end_to_end,75,75,0.00066,276.87501,17.01332,42.06934,0.00029,335.85612,0.00033,0.04203,1.70007,673.55717
"methane_baseline.xmodel","manual_1637345578273",end_to_end,76,76,48.12848,231.65372,14.24616,91.42694,0.00026,339.65899,0.00032,0.05965,2.16499,727.33951
"methane_baseline.xmodel","manual_1637345578273",end_to_end,77,77,43.85041,251.87447,14.21581,67.98799,0.00026,335.84977,0.00044,0.03736,1.75788,715.57439
"methane_baseline.xmodel","manual_1637345578273",end_to_end,78,78,93.38304,284.01888,14.37546,39.31857,0.0003,339.8393,0.00055,0.05186,2.02954,773.0175
"methane_baseline.xmodel","manual_1637345578273",end_to_end,79,79,69.72646,291.90558,16.00972,26.19141,0.00026,335.84896,0.00035,0.04359,1.73316,741.45949
"methane_baseline.xmodel","manual_1637345578273",end_to_end,80,80,41.55721,244.70574,14.43733,78.45386,0.00026,339.59685,0.00058,0.06662,1.99094,720.80939
"methane_baseline.xmodel","manual_1637345578273",end_to_end,81,81,27.9943,250.71659,14.90765,68.41754,0.00026,336.19987,0.00029,0.04356,1.73349,700.01355
"methane_baseline.xmodel","manual_1637345578273",end_to_end,82,82,80.56101,290.87352,14.6017,32.01983,0.0005,339.49379,0.00033,0.05202,2.0261,759.6288
"methane_baseline.xmodel","manual_1637345578273",end_to_end,83,83,70.20106,294.21706,15.65226,24.54829,0.0003,336.43677,0.00044,0.04858,1.72424,742.829
"methane_baseline.xmodel","manual_1637345578273",end_to_end,84,84,34.08645,313.41856,15.91142,8.09347,0.00026,339.9542,0.00062,0.04983,1.91676,713.43157
"methane_baseline.xmodel","manual_1637345578273",end_to_end,85,85,26.34307,318.11721,18.30943,0.05177,0.00025,336.76471,0.00057,0.05117,1.88123,701.51941
"methane_baseline.xmodel","manual_1637345578273",end_to_end,86,86,10.2008,296.96346,16.50546,24.37779,0.00025,339.75638,0.00033,0.04477,2.07034,689.91958
"methane_baseline.xmodel","manual_1637345578273",end_to_end,87,87,0.00173,308.38748,19.41679,7.82593,0.00038,336.75675,0.00041,0.05217,1.81009,674.25173
"methane_baseline.xmodel","manual_1637345578273",end_to_end,88,88,26.36128,294.77851,16.8001,26.19174,0.00026,340.70095,0.00037,0.04518,2.08411,706.9625
"methane_baseline.xmodel","manual_1637345578273",end_to_end,89,89,9.78425,278.17665,17.30719,39.31209,0.00025,336.28538,0.00032,0.05401,1.77253,682.69267
"methane_baseline.xmodel","manual_1637345578273",end_to_end,90,90,28.3213,266.51922,14.05412,57.98918,0.00031,340.14938,0.00033,0.04117,2.06953,709.14454
"methane_baseline.xmodel","manual_1637345578273",end_to_end,91,91,41.24115,276.47344,16.18766,41.69826,0.00029,336.52217,0.00043,0.04527,1.80658,713.97525
"methane_baseline.xmodel","manual_1637345578273",end_to_end,92,92,60.13522,294.25238,17.32503,26.43191,0.00023,340.05253,0.00028,0.05093,2.06265,740.31116
"methane_baseline.xmodel","manual_1637345578273",end_to_end,93,93,43.54859,292.56287,15.86341,26.23987,0.00028,336.90375,0.0006,0.05263,1.79891,716.97091
"methane_baseline.xmodel","manual_1637345578273",end_to_end,94,94,28.55565,283.67079,17.30686,36.95617,0.00029,340.22554,0.00031,0.04764,3.03795,709.8012
"methane_baseline.xmodel","manual_1637345578273",end_to_end,95,95,28.10061,287.6864,14.65206,32.69943,0.00029,337.76166,0.00043,0.02937,1.84338,702.77363
"methane_baseline.xmodel","manual_1637345578273",end_to_end,96,96,39.07083,302.88991,15.1329,20.07783,0.00028,340.82992,0.00034,0.06222,1.77225,719.83648
"methane_baseline.xmodel","manual_1637345578273",end_to_end,97,97,34.55798,306.75756,16.08906,13.05394,0.00025,336.99152,0.00031,0.02791,1.68255,709.16108
"methane_baseline.xmodel","manual_1637345578273",end_to_end,98,98,23.22431,294.47338,14.65652,28.54603,0.00029,344.19049,0.00031,0.34626,1.69038,707.12797
"methane_baseline.xmodel","manual_1637345578273",end_to_end,99,99,14.90579,307.03343,15.91888,12.14784,0.00031,340.23643,0.00044,0.07001,1.63866,691.95179
"methane_baseline.xmodel","manual_1637345578273",end_to_end,100,100,30.36286,316.17368,16.18018,9.99029,0.00025,340.0622,0.00032,0.05585,1.96475,714.79038
"methane_baseline.xmodel","manual_1637345578273",end_to_end,101,101,13.88229,332.63043,17.11421,0.0413,0.00031,336.19935,0.00036,0.06215,1.62648,701.55688
"methane_baseline.xmodel","manual_1637345578273",end_to_end,102,102,10.33187,345.73116,12.70838,0.04609,0.00026,335.81684,0.00041,0.03941,1.86841,706.54283
"methane_baseline.xmodel","manual_1637345578273",end_to_end,103,103,0.00147,356.57053,14.16744,0.05338,0.00046,340.2457,0.00047,0.0341,1.82929,712.90284
"methane_baseline.xmodel","manual_1637345578273",end_to_end,104,104,0.00107,284.63474,15.12047,62.32973,0.0003,339.89718,0.00036,0.03076,1.8437,703.85831
"methane_baseline.xmodel","manual_1637345578273",end_to_end,105,105,0.00113,293.41698,15.89199,4.73446,0.00023,335.88701,0.00049,0.04333,1.73196,651.70758
"methane_baseline.xmodel","manual_1637345578273",end_to_end,106,106,64.20553,290.93635,16.02217,31.05734,0.00029,339.70981,0.00042,0.04191,1.77721,743.75103
"methane_baseline.xmodel","manual_1637345578273",end_to_end,107,107,6.64041,284.18141,14.7972,34.99123,0.0003,336.33812,0.00032,0.06214,1.94151,678.95264
"methane_baseline.xmodel","manual_1637345578273",end_to_end,108,108,67.13525,298.0391,15.43284,24.34684,0.00025,339.5643,0.00028,0.05332,1.8448,746.41698
"methane_baseline.xmodel","manual_1637345578273",end_to_end,109,109,2.58145,293.69198,15.03046,25.84021,0.00023,336.25925,0.00032,0.05703,1.87263,675.33356
"methane_baseline.xmodel","manual_1637345578273",end_to_end,110,110,27.8624,276.86943,15.50982,41.86878,0.00029,336.21695,0.00047,0.03107,1.77118,700.13039
"methane_baseline.xmodel","manual_1637345578273",end_to_end,111,111,26.17265,290.19961,15.68755,31.85006,0.00014,339.5162,0.00043,0.04088,1.81486,705.28238
"methane_baseline.xmodel","manual_1637345578273",end_to_end,112,112,43.80036,260.34981,14.58832,59.34546,0.00023,336.3406,0.00029,0.05429,1.81678,716.29614
"methane_baseline.xmodel","manual_1637345578273",end_to_end,113,113,33.76949,252.27595,14.496,70.82093,0.00027,339.50077,0.00044,0.03535,1.83818,712.73738
"methane_baseline.xmodel","manual_1637345578273",end_to_end,114,114,61.15075,275.11437,15.7348,43.69261,0.00052,336.76337,0.00123,0.05111,1.75132,734.26008
"methane_baseline.xmodel","manual_1637345578273",end_to_end,115,115,72.67509,282.67486,16.60095,38.36367,0.00029,339.17062,0.00045,0.05076,1.77277,751.30946
"methane_baseline.xmodel","manual_1637345578273",end_to_end,116,116,45.56778,286.62209,14.56941,33.70929,0.00026,336.1742,0.00033,0.0352,1.84258,718.52114
"methane_baseline.xmodel","manual_1637345578273",end_to_end,117,117,40.25562,291.34914,15.36272,30.57287,0.00178,339.05438,0.00042,0.05555,1.77713,718.42961
"methane_baseline.xmodel","manual_1637345578273",end_to_end,118,118,35.5005,262.01086,14.33379,58.02564,0.00026,337.80418,0.00034,0.0423,2.05685,709.77472
"methane_baseline.xmodel","manual_1637345578273",end_to_end,119,119,32.40612,260.32313,15.10806,61.7938,0.0003,339.50299,0.00056,0.04109,1.76071,710.93676
"methane_baseline.xmodel","manual_1637345578273",end_to_end,120,120,108.50972,246.33351,14.4796,76.84407,0.00026,339.33888,0.00037,0.03535,1.72943,787.27119
"methane_baseline.xmodel","manual_1637345578273",end_to_end,121,121,15.03948,227.34768,15.50328,93.05492,0.00315,338.23917,0.00045,0.05493,1.94833,691.19139
"methane_baseline.xmodel","manual_1637345578273",end_to_end,122,122,95.19245,305.61973,15.43527,15.05869,0.00029,338.9108,0.00039,0.04808,1.82032,772.08602
"methane_baseline.xmodel","manual_1637345578273",end_to_end,123,123,78.65419,275.22159,18.57728,43.72665,0.00039,339.30579,0.00033,0.03237,1.80378,757.32237
"methane_baseline.xmodel","manual_1637345578273",end_to_end,124,124,17.06101,275.21949,16.48244,45.19002,0.00024,338.48175,0.00047,0.08924,2.06037,694.58503
"methane_baseline.xmodel","manual_1637345578273",end_to_end,125,125,45.48424,257.06683,15.28451,65.18086,0.00025,339.48809,0.00059,0.05009,1.76972,724.32518
"methane_baseline.xmodel","manual_1637345578273",end_to_end,126,126,98.85843,273.37102,17.99666,46.27267,0.00027,338.81799,0.00046,0.04359,1.77317,777.13426
"methane_baseline.xmodel","manual_1637345578273",end_to_end,127,127,15.22576,282.41335,15.44068,38.77786,0.00042,337.03005,0.00036,0.05974,2.00637,690.95459
"methane_baseline.xmodel","manual_1637345578273",end_to_end,128,128,40.91318,235.34641,13.80983,85.73278,0.00027,336.47042,0.00053,0.07161,2.04489,714.38992
"methane_baseline.xmodel","manual_1637345578273",end_to_end,129,129,48.11042,260.328,15.84675,60.80937,0.00026,339.56877,0.00033,0.0404,1.73843,726.44273
"methane_baseline.xmodel","manual_1637345578273",end_to_end,130,130,142.13343,294.65273,15.46174,27.64175,0.00029,339.12723,0.00039,0.03862,1.77294,820.82912
"methane_baseline.xmodel","manual_1637345578273",end_to_end,131,131,8.2941,289.69931,14.84707,29.86415,0.00041,336.64092,0.00033,0.04492,1.74786,681.13907
"methane_baseline.xmodel","manual_1637345578273",end_to_end,132,132,31.97786,254.05382,14.19916,66.25748,0.00052,335.89977,0.00033,0.03683,1.73888,704.16465
"methane_baseline.xmodel","manual_1637345578273",end_to_end,133,133,29.42933,296.50062,15.41524,25.42687,0.00055,338.6327,0.00046,0.04226,1.817,707.26503
"methane_baseline.xmodel","manual_1637345578273",end_to_end,134,134,68.06713,227.45991,15.17674,91.44961,0.00027,335.90568,0.0003,0.03535,1.74448,739.83947
"methane_baseline.xmodel","manual_1637345578273",end_to_end,135,135,27.24116,245.6652,14.78,76.37166,0.00031,338.37746,0.00065,0.04917,1.7735,704.25911
"methane_baseline.xmodel","manual_1637345578273",end_to_end,136,136,156.2116,300.47258,14.63785,21.42029,0.00025,338.40745,0.00036,0.05339,1.77602,832.97979
"methane_baseline.xmodel","manual_1637345578273",end_to_end,137,137,15.2505,274.15579,15.55458,44.40807,0.00028,335.7231,0.0003,0.04536,1.75301,686.89099
"methane_baseline.xmodel","manual_1637345578273",end_to_end,138,138,46.18598,309.04818,15.05968,9.83009,0.00023,335.66612,0.00034,0.04663,1.8059,717.64315
"methane_baseline.xmodel","manual_1637345578273",end_to_end,139,139,23.2611,296.02837,14.66906,25.87461,0.0003,338.54065,0.00057,0.03632,1.81381,700.22479
"methane_baseline.xmodel","manual_1637345578273",end_to_end,140,140,11.61426,276.77603,16.01013,41.0829,0.00024,335.75595,0.00039,0.04275,1.79922,683.08187
"methane_baseline.xmodel","manual_1637345578273",end_to_end,141,141,27.73918,272.72231,16.62729,47.33112,0.00026,338.43513,0.00044,0.03645,1.80697,704.69915
"methane_baseline.xmodel","manual_1637345578273",end_to_end,142,142,42.95529,265.02214,14.59252,54.27043,0.00028,335.57564,0.00039,0.04825,1.84089,714.30583
"methane_baseline.xmodel","manual_1637345578273",end_to_end,143,143,49.20822,269.35116,16.35745,50.84371,0.00031,338.26945,0.00037,0.03929,1.84648,725.91644
"methane_baseline.xmodel","manual_1637345578273",end_to_end,144,144,56.11476,239.80748,14.66639,79.25367,0.00025,335.37237,0.00043,0.0679,1.79466,727.07791
"methane_baseline.xmodel","manual_1637345578273",end_to_end,145,145,52.69461,250.79884,14.77706,70.83747,0.00025,338.77745,0.00031,0.04061,1.76012,729.68672
"methane_baseline.xmodel","manual_1637345578273",end_to_end,146,146,81.1326,248.90838,14.78561,69.80585,0.00023,335.62027,0.00064,0.04775,1.75972,752.06105
"methane_baseline.xmodel","manual_1637345578273",end_to_end,147,147,72.7676,248.43092,14.64659,73.77486,0.0003,338.97319,0.00062,0.06804,1.74978,750.4119
"methane_baseline.xmodel","manual_1637345578273",end_to_end,148,148,71.66227,223.61797,15.18149,94.96612,0.00025,335.29476,0.00046,0.05998,1.81984,742.60314
"methane_baseline.xmodel","manual_1637345578273",end_to_end,149,149,75.59883,241.08418,14.69336,81.39032,0.00033,338.86328,0.00034,0.07243,1.74787,753.45094
"methane_baseline.xmodel","manual_1637345578273",end_to_end,150,150,179.83572,241.96503,14.63113,80.46292,0.00029,338.49606,0.00048,0.04635,1.81035,857.24833
"methane_baseline.xmodel","manual_1637345578273",end_to_end,151,151,0.12042,229.20452,14.44512,89.85062,0.0003,335.34438,0.00047,0.03894,1.72271,670.72748
"methane_baseline.xmodel","manual_1637345578273",end_to_end,152,152,91.73157,210.63481,14.72578,108.09935,0.00034,335.50092,0.0003,0.03939,1.69159,762.42405
"methane_baseline.xmodel","manual_1637345578273",end_to_end,153,153,82.28324,221.6961,15.35782,99.62838,0.00024,338.41259,0.00029,0.04794,1.7169,759.1435
"methane_baseline.xmodel","manual_1637345578273",end_to_end,154,154,199.7355,210.77334,14.57393,111.22254,0.0003,338.55129,0.00043,0.04457,1.93024,876.83214
"methane_baseline.xmodel","manual_1637345578273",end_to_end,155,155,11.60156,218.64877,14.65042,100.43096,0.0003,335.55243,0.00032,0.05095,1.77487,682.71058
"methane_baseline.xmodel","manual_1637345578273",end_to_end,156,156,194.8905,228.8141,15.28535,92.70214,0.00039,338.4477,0.0004,0.04024,1.84292,872.02374
"methane_baseline.xmodel","manual_1637345578273",end_to_end,157,157,20.23574,205.99541,14.90454,112.91736,0.00047,335.79401,0.00074,0.06014,1.79603,691.70444
"methane_baseline.xmodel","manual_1637345578273",end_to_end,158,158,114.75245,220.52859,15.51491,97.92111,0.0003,336.00471,0.00033,0.04072,1.78784,786.55096
"methane_baseline.xmodel","manual_1637345578273",end_to_end,159,159,94.68523,226.31306,15.22959,94.9282,0.00029,338.74296,0.00034,0.04133,1.85118,771.79218
"methane_baseline.xmodel","manual_1637345578273",end_to_end,160,160,99.78799,192.51569,14.21621,127.3894,0.00026,337.61952,0.00032,0.05242,1.79296,773.37477
"methane_baseline.xmodel","manual_1637345578273",end_to_end,161,161,96.8375,203.98997,14.70623,118.14121,0.00026,339.47997,0.00057,0.04404,1.78711,774.98686
"methane_baseline.xmodel","manual_1637345578273",end_to_end,162,162,129.21701,230.3407,14.33573,91.1052,0.00029,336.11185,0.00049,0.05453,1.7926,802.9584
"methane_baseline.xmodel","manual_1637345578273",end_to_end,163,163,120.0432,222.05943,15.9945,99.52526,0.00053,339.10335,0.00039,0.03807,2.00023,798.76496
"methane_baseline.xmodel","manual_1637345578273",end_to_end,164,164,92.96265,249.14066,14.2956,70.82419,0.00079,336.01398,0.00038,0.06179,1.86534,765.16538
"methane_baseline.xmodel","manual_1637345578273",end_to_end,165,165,101.43802,241.89151,14.61905,80.68403,0.00025,339.88046,0.00044,0.05246,2.0113,780.57752
"methane_baseline.xmodel","manual_1637345578273",end_to_end,166,166,72.67031,212.54497,13.92894,107.69667,0.00022,335.8419,0.00042,0.0569,1.75688,744.49721
"methane_baseline.xmodel","manual_1637345578273",end_to_end,167,167,82.80558,226.36081,15.10941,96.28386,0.0003,339.14572,0.00039,0.04025,2.03591,761.78223
"methane_baseline.xmodel","manual_1637345578273",end_to_end,168,168,109.67762,207.09145,14.13027,112.64549,0.00024,335.57547,0.00042,0.05508,1.74354,780.91958
"methane_baseline.xmodel","manual_1637345578273",end_to_end,169,169,98.39342,217.0767,15.02237,104.93162,0.00029,339.17659,0.00035,0.05501,1.90463,776.56098
"methane_baseline.xmodel","manual_1637345578273",end_to_end,170,170,114.48001,196.36626,14.10462,123.27339,0.0003,335.48002,0.00041,0.04094,1.70314,785.44909
"methane_baseline.xmodel","manual_1637345578273",end_to_end,171,171,107.03926,207.78328,14.87912,114.41854,0.00026,339.11614,0.00055,0.04936,1.94659,785.2331
"methane_baseline.xmodel","manual_1637345578273",end_to_end,172,172,125.09315,215.24885,14.62914,103.77823,0.00025,335.83153,0.00039,0.03741,1.72397,796.34292
"methane_baseline.xmodel","manual_1637345578273",end_to_end,173,173,116.37925,229.40324,15.51088,92.24717,0.00026,339.57958,0.00042,0.04306,1.95507,795.11893
"methane_baseline.xmodel","manual_1637345578273",end_to_end,174,174,105.5278,205.52602,13.99672,114.54156,0.00036,336.16428,0.00031,0.08117,1.72877,777.56699
"methane_baseline.xmodel","manual_1637345578273",end_to_end,175,175,94.24673,190.00891,15.16019,132.41021,0.00029,339.38451,0.0007,0.12657,2.21087,773.54898
"methane_baseline.xmodel","manual_1637345578273",end_to_end,176,176,116.31202,208.05563,13.95621,112.40344,0.00027,336.0004,0.00048,0.04536,1.76901,788.54282
"methane_baseline.xmodel","manual_1637345578273",end_to_end,177,177,134.37076,211.42595,14.64974,111.32275,0.00061,340.0818,0.00046,0.06527,2.08662,814.00396
"methane_baseline.xmodel","manual_1637345578273",end_to_end,178,178,114.22993,221.29642,14.47098,98.41187,0.00025,335.88047,0.00041,0.04238,1.75709,786.0898
"methane_baseline.xmodel","manual_1637345578273",end_to_end,179,179,113.68338,218.2144,15.36883,104.14901,0.00032,339.47902,0.00034,0.06096,2.14808,793.10434
"methane_baseline.xmodel","manual_1637345578273",end_to_end,180,180,100.26949,226.39535,15.32783,92.29768,0.00024,335.63658,0.00039,0.05341,1.77108,771.75205
"methane_baseline.xmodel","manual_1637345578273",end_to_end,181,181,106.31483,214.26454,15.05692,107.98563,0.00023,339.21274,0.00057,0.06255,2.11271,785.01072
"methane_baseline.xmodel","manual_1637345578273",end_to_end,182,182,94.1317,196.13714,14.22237,123.45088,0.0003,335.48516,0.00043,0.05123,1.80741,765.28662
"methane_baseline.xmodel","manual_1637345578273",end_to_end,183,183,110.19029,184.78823,15.0345,137.18823,0.0003,339.38161,0.00196,0.05963,2.13185,788.7766
"methane_baseline.xmodel","manual_1637345578273",end_to_end,184,184,264.25662,209.07283,15.1586,112.94354,0.00026,339.48075,0.00039,0.0647,2.08898,943.06667
"methane_baseline.xmodel","manual_1637345578273",end_to_end,185,185,0.41984,225.71749,14.28847,93.64936,0.0003,336.07283,0.00055,0.07715,1.85745,672.08344
"methane_baseline.xmodel","manual_1637345578273",end_to_end,186,186,95.51565,175.60217,15.49432,143.12384,0.0003,335.75677,0.0003,0.04327,1.76562,767.30224
"methane_baseline.xmodel","manual_1637345578273",end_to_end,187,187,115.16269,191.77732,15.05483,130.43897,0.0003,339.48312,0.00052,0.05713,2.09758,794.07246
"methane_baseline.xmodel","manual_1637345578273",end_to_end,188,188,145.06786,179.45837,14.30586,140.04719,0.00026,336.0182,0.00032,0.04183,1.76463,816.70452
"methane_baseline.xmodel","manual_1637345578273",end_to_end,189,189,132.60772,164.60972,16.20139,156.50699,0.0003,339.46979,0.00046,0.05236,2.12759,811.57632
"methane_baseline.xmodel","manual_1637345578273",end_to_end,190,190,291.87855,189.55814,14.81804,132.90882,0.0003,339.35208,0.00062,0.0986,2.05944,970.67459
"methane_baseline.xmodel","manual_1637345578273",end_to_end,191,191,8.6165,175.40076,15.48555,143.32502,0.00025,337.27644,0.00035,0.04392,1.72086,681.86965
"methane_baseline.xmodel","manual_1637345578273",end_to_end,192,192,145.13772,193.10029,14.2037,128.16434,0.00042,335.72834,0.00047,0.05328,1.93728,818.32584
"methane_baseline.xmodel","manual_1637345578273",end_to_end,193,193,135.11712,191.94744,15.35554,129.88101,0.00029,341.26022,0.00048,0.05368,1.75824,815.37402
"methane_baseline.xmodel","manual_1637345578273",end_to_end,194,194,129.93123,236.7177,13.61929,83.62997,0.00027,335.88946,0.00033,0.03839,1.72903,801.55567
"methane_baseline.xmodel","manual_1637345578273",end_to_end,195,195,132.05308,225.67391,14.07033,99.34797,0.00025,339.59416,0.00058,0.04207,1.76338,812.54573
"methane_baseline.xmodel","manual_1637345578273",end_to_end,196,196,85.67442,197.2214,14.47462,122.14546,0.00027,335.98605,0.00046,0.04891,1.74198,757.29357
"methane_baseline.xmodel","manual_1637345578273",end_to_end,197,197,101.16968,183.71067,15.19527,138.86668,0.00027,339.52762,0.00042,0.03796,1.78425,780.29282
"methane_baseline.xmodel","manual_1637345578273",end_to_end,198,198,123.93838,166.79891,15.96997,151.42135,0.0003,335.89692,0.00032,0.04983,1.80266,795.87864
"methane_baseline.xmodel","manual_1637345578273",end_to_end,199,199,140.69918,182.76477,14.77829,140.15741,0.00026,339.19614,0.0004,0.05453,1.81751,819.46849
"methane_baseline.xmodel","manual_1637345578273",end_to_end,200,200,153.22402,199.14507,14.59046,120.34359,0.00026,336.1154,0.00041,0.04361,1.73248,825.1953
"methane_baseline.xmodel","manual_1637345578273",end_to_end,201,201,142.01403,205.03949,13.89123,118.41223,0.00025,339.24753,0.00055,0.05061,1.88578,820.5417
"methane_baseline.xmodel","manual_1637345578273",end_to_end,202,202,122.19583,186.70784,15.03038,132.52361,0.00029,336.67249,0.00033,0.04143,1.711,794.8832
"methane_baseline.xmodel","manual_1637345578273",end_to_end,203,203,120.28503,170.82457,16.30308,150.23768,0.00031,339.32637,0.00035,0.04163,1.90376,798.92278
"methane_baseline.xmodel","manual_1637345578273",end_to_end,204,204,134.31302,176.69716,15.8935,142.29245,0.00025,337.11494,0.00043,0.04915,1.96125,808.32215
"methane_baseline.xmodel","manual_1637345578273",end_to_end,205,205,152.19596,176.68255,15.92393,144.76781,0.00028,339.15226,0.00046,0.04603,2.60055,831.36983
"methane_baseline.xmodel","manual_1637345578273",end_to_end,206,206,144.04927,209.1666,14.00264,112.18618,0.0003,337.02723,0.00056,0.04357,1.87178,818.34813
"methane_baseline.xmodel","manual_1637345578273",end_to_end,207,207,146.73026,199.26995,13.91256,124.00241,0.00061,341.09301,0.00043,0.05657,1.87641,826.94221
"methane_baseline.xmodel","manual_1637345578273",end_to_end,208,208,114.20141,187.53929,14.95931,132.51542,0.00027,336.63567,0.00048,0.043,1.79301,787.68786
"methane_baseline.xmodel","manual_1637345578273",end_to_end,209,209,126.76183,188.26559,14.03479,136.03428,0.00026,339.24518,0.00053,0.0489,1.84677,806.23813
"methane_baseline.xmodel","manual_1637345578273",end_to_end,210,210,134.44884,191.93212,15.77084,126.9928,0.00031,336.03097,0.00052,0.05247,1.76634,806.99521
"methane_baseline.xmodel","manual_1637345578273",end_to_end,211,211,137.97062,166.11093,16.24602,154.94924,0.00026,339.24532,0.00052,0.0798,1.88722,816.48993
"methane_baseline.xmodel","manual_1637345578273",end_to_end,212,212,128.8546,195.02893,16.82985,122.30367,0.00029,336.25704,0.00031,0.05009,1.97357,801.29835
"methane_baseline.xmodel","manual_1637345578273",end_to_end,213,213,156.8722,177.1901,15.27469,144.87221,0.00028,338.95341,0.0006,0.04115,1.92592,835.13056
"methane_baseline.xmodel","manual_1637345578273",end_to_end,214,214,124.139,187.11243,16.93625,130.36913,0.0012,336.35096,0.00076,0.12124,1.88393,796.9149
"methane_baseline.xmodel","manual_1637345578273",end_to_end,215,215,146.86436,188.6138,13.69249,134.65199,0.00034,339.20906,0.00044,0.07148,1.92059,825.02455
"methane_baseline.xmodel","manual_1637345578273",end_to_end,216,216,132.40238,191.55782,15.28852,127.47469,0.00027,336.66133,0.00042,0.04234,1.79022,805.21799
"methane_baseline.xmodel","manual_1637345578273",end_to_end,217,217,136.6434,186.2532,13.73094,137.24159,0.00027,338.81777,0.00046,0.04917,1.85842,814.59522
"methane_baseline.xmodel","manual_1637345578273",end_to_end,218,218,129.49418,192.18644,15.10429,127.35131,0.0003,336.33792,0.00046,0.05544,1.78649,802.31683
"methane_baseline.xmodel","manual_1637345578273",end_to_end,219,219,139.23582,198.24305,13.83693,124.73154,0.00051,339.11867,0.00036,0.0494,1.87557,817.09185
"methane_baseline.xmodel","manual_1637345578273",end_to_end,220,220,129.20268,207.53022,14.84276,112.11802,0.00026,336.28879,0.00033,0.0528,1.90307,801.93893
"methane_baseline.xmodel","manual_1637345578273",end_to_end,221,221,126.66164,195.05762,13.75561,128.38036,0.00026,338.92749,0.00046,0.04362,1.85034,804.6774
"methane_baseline.xmodel","manual_1637345578273",end_to_end,222,222,113.97366,195.76794,15.38267,123.29407,0.00035,336.62115,0.00053,0.04906,1.88942,786.97885
"methane_baseline.xmodel","manual_1637345578273",end_to_end,223,223,130.33838,175.44868,14.73504,146.78348,0.00027,338.81666,0.00041,0.05374,1.97459,808.15125
"methane_baseline.xmodel","manual_1637345578273",end_to_end,224,224,125.25932,219.25765,14.9736,100.42116,0.00025,336.85294,0.00034,0.05232,1.89658,798.71416
"methane_baseline.xmodel","manual_1637345578273",end_to_end,225,225,148.70043,178.23696,14.47552,144.18707,0.00031,339.17544,0.0003,0.04886,1.92528,826.75017
"methane_baseline.xmodel","manual_1637345578273",end_to_end,226,226,102.37304,189.8987,17.44882,127.56177,0.0003,337.37643,0.00037,0.06054,1.75679,776.47676
"methane_baseline.xmodel","manual_1637345578273",end_to_end,227,227,146.23365,205.16486,13.67802,118.282,0.00024,339.25188,0.00039,0.05824,1.98807,824.65735
"methane_baseline.xmodel","manual_1637345578273",end_to_end,228,228,129.56462,211.77644,14.40888,109.20099,0.00024,336.12822,0.00033,0.04883,2.15892,803.28747
"methane_baseline.xmodel","manual_1637345578273",end_to_end,229,229,120.25463,195.94144,13.66731,127.67235,0.00025,339.32719,0.00034,0.04223,1.86278,798.76852
"methane_baseline.xmodel","manual_1637345578273",end_to_end,230,230,111.03065,198.97579,15.1693,120.16151,0.00032,336.40306,0.00047,0.04198,1.86961,783.65269
"methane_baseline.xmodel","manual_1637345578273",end_to_end,231,231,129.72724,164.6613,13.71722,158.87961,0.0003,339.34143,0.0011,0.05481,1.80551,808.18852
"methane_baseline.xmodel","manual_1637345578273",end_to_end,232,232,122.43829,183.99608,14.85889,135.2828,0.00025,336.33593,0.00032,0.04607,1.80754,794.76617
"methane_baseline.xmodel","manual_1637345578273",end_to_end,233,233,160.77666,213.49277,13.57149,110.36736,0.00036,339.27846,0.00033,0.04408,1.80372,839.33523
"methane_baseline.xmodel","manual_1637345578273",end_to_end,234,234,137.22373,213.38486,14.68098,106.32875,0.00031,336.18894,0.00029,0.04391,1.86593,809.7177
"methane_baseline.xmodel","manual_1637345578273",end_to_end,235,235,112.25132,196.52933,13.71343,127.15345,0.00032,338.98432,0.00034,0.04034,1.82224,790.49509
"methane_baseline.xmodel","manual_1637345578273",end_to_end,236,236,108.18712,193.07152,15.14125,126.12081,0.00025,336.50226,0.00031,0.06184,1.87415,780.95951
"methane_baseline.xmodel","manual_1637345578273",end_to_end,237,237,247.69863,203.60464,14.71539,116.27971,0.0003,336.4265,0.00053,0.03906,1.86134,920.6261
"methane_baseline.xmodel","manual_1637345578273",end_to_end,238,238,9.31565,218.85696,14.7999,103.4815,0.00026,338.66265,0.00057,0.0404,1.75706,686.91495
"methane_baseline.xmodel","manual_1637345578273",end_to_end,239,239,221.59588,188.77861,14.55432,131.14472,0.00026,336.20642,0.0003,0.04741,1.90553,894.23345
"methane_baseline.xmodel","manual_1637345578273",end_to_end,240,240,1.97885,173.97711,14.57891,148.24991,0.00028,338.84571,0.00059,0.03957,1.79331,679.46424
"methane_baseline.xmodel","manual_1637345578273",end_to_end,241,241,264.08049,230.97243,14.54286,88.78719,0.00029,336.23956,0.0005,0.0476,1.8771,936.54802
"methane_baseline.xmodel","manual_1637345578273",end_to_end,242,242,19.03067,213.13167,13.93635,109.96963,0.00026,338.79872,0.00034,0.03478,1.86633,696.76875
"methane_baseline.xmodel","manual_1637345578273",end_to_end,243,243,111.80941,194.26619,13.57547,129.11324,0.00029,338.91563,0.00033,0.04894,2.00521,789.73471
"methane_baseline.xmodel","manual_1637345578273",end_to_end,244,244,90.75661,203.51048,14.9234,115.84344,0.00025,336.19058,0.00031,0.03593,1.87288,763.13388
"methane_baseline.xmodel","manual_1637345578273",end_to_end,245,245,239.76496,203.41117,14.71362,116.14814,0.00029,336.58306,0.00033,0.03832,1.75314,912.41303
"methane_baseline.xmodel","manual_1637345578273",end_to_end,246,246,9.0206,195.55023,13.80602,127.64171,0.00026,341.41463,0.00033,0.04086,1.88316,689.3578
"methane_baseline.xmodel","manual_1637345578273",end_to_end,247,247,235.5764,210.74553,14.69139,109.21955,0.00024,335.76919,0.00047,0.03938,1.79019,907.83234
"methane_baseline.xmodel","manual_1637345578273",end_to_end,248,248,12.27148,200.04676,13.98503,125.24424,0.00029,338.97034,0.00055,0.0523,1.85288,692.42387
"methane_baseline.xmodel","manual_1637345578273",end_to_end,249,249,127.16868,230.80455,15.32648,90.9152,0.00028,339.25008,0.00052,0.04358,1.79235,805.30172
"methane_baseline.xmodel","manual_1637345578273",end_to_end,250,250,111.01483,241.22227,14.9,77.83645,0.00029,335.49571,0.00033,0.04082,1.7062,782.2169
"methane_baseline.xmodel","manual_1637345578273",end_to_end,251,251,92.83333,233.27969,14.99816,89.05092,0.00044,338.95062,0.00049,0.03648,1.80613,770.95626
"methane_baseline.xmodel","manual_1637345578273",end_to_end,252,252,79.6901,232.8443,17.09002,83.70665,0.00027,335.51055,0.00035,0.05685,1.74951,750.6486
"methane_baseline.xmodel","manual_1637345578273",end_to_end,253,253,90.91374,226.38697,16.01072,94.67964,0.00025,338.5903,0.00048,0.04566,1.90293,768.53069
"methane_baseline.xmodel","manual_1637345578273",end_to_end,254,254,85.46262,227.13204,15.52785,91.09245,0.0003,335.36672,0.00033,0.04465,1.85334,756.4803
"methane_baseline.xmodel","manual_1637345578273",end_to_end,255,255,96.52675,289.02549,14.89342,32.81779,0.00024,338.75712,0.00046,0.05114,1.84747,773.91988
"methane_baseline.xmodel","manual_1637345578273",end_to_end,256,256,92.90042,289.79476,15.12282,28.64394,0.00024,335.49865,0.00035,0.04627,1.73014,763.73759
"methane_baseline.xmodel","manual_1637345578273",end_to_end,257,257,34.79059,271.41886,15.62018,49.74643,0.00026,338.62474,0.0003,0.03853,1.79451,712.0344
"methane_baseline.xmodel","manual_1637345578273",end_to_end,258,258,30.55553,254.13658,15.00484,64.44777,0.00031,335.61205,0.00035,0.04151,1.7007,701.49964
"methane_baseline.xmodel","manual_1637345578273",end_to_end,259,259,51.64897,197.73872,15.16894,123.80816,0.00028,338.53438,0.00031,0.04311,1.87074,728.81361
"methane_baseline.xmodel","manual_1637345578273",end_to_end,260,260,66.25914,206.80594,14.14921,112.84559,0.00026,335.40385,0.0003,0.04786,1.69651,737.20866
"methane_baseline.xmodel","manual_1637345578273",end_to_end,261,261,125.65945,241.87175,13.73267,81.0725,0.00029,338.96471,0.00049,0.04965,1.81999,803.1715
"methane_baseline.xmodel","manual_1637345578273",end_to_end,262,262,114.58473,259.47043,14.99485,59.19912,0.00032,335.28206,0.00058,0.03681,1.72301,785.29191
"methane_baseline.xmodel","manual_1637345578273",end_to_end,263,263,83.01602,260.70596,14.44781,61.87195,0.00029,338.83561,0.00035,0.04349,1.85317,760.77465
"methane_baseline.xmodel","manual_1637345578273",end_to_end,264,264,60.94622,246.84531,14.73307,71.94878,0.00024,335.6208,0.00054,0.05585,1.7501,731.90091
"methane_baseline.xmodel","manual_1637345578273",end_to_end,265,265,63.76908,238.95972,14.83211,83.15161,0.00041,339.12582,0.00033,0.03345,1.80393,741.67646
"methane_baseline.xmodel","manual_1637345578273",end_to_end,266,266,73.73205,238.38734,14.64029,80.80123,0.00033,335.34295,0.00055,0.03557,1.78203,744.72234
"methane_baseline.xmodel","manual_1637345578273",end_to_end,267,267,85.05004,210.95174,15.07526,111.19276,0.00033,338.96376,0.00048,0.04798,1.86567,763.14802
"methane_baseline.xmodel","manual_1637345578273",end_to_end,268,268,82.61017,226.0955,14.71459,92.72333,0.00027,335.3379,0.00031,0.04079,1.7292,753.25206
"methane_baseline.xmodel","manual_1637345578273",end_to_end,269,269,113.04413,267.65666,15.28226,54.16963,0.00053,338.85576,0.00031,0.04774,1.81714,790.87416
"methane_baseline.xmodel","manual_1637345578273",end_to_end,270,270,94.5381,255.77004,14.66203,63.08059,0.0003,335.29923,0.00036,0.04559,1.77186,765.1681
"methane_baseline.xmodel","manual_1637345578273",end_to_end,271,271,119.82453,231.43315,14.02827,88.06048,0.00024,336.15057,0.00032,0.04395,1.75108,791.29259
"methane_baseline.xmodel","manual_1637345578273",end_to_end,272,272,1.07827,240.57542,14.99796,81.38496,0.00028,338.99677,0.00032,0.05135,2.06083,679.14616
"methane_baseline.xmodel","manual_1637345578273",end_to_end,273,273,143.51881,253.4406,14.80047,66.09409,0.00031,335.2498,0.00044,0.04108,1.70657,814.85217
"methane_baseline.xmodel","manual_1637345578273",end_to_end,274,274,29.60861,239.56698,13.99417,83.57843,0.00027,339.76132,0.00037,0.04288,2.20787,708.7609
"methane_baseline.xmodel","manual_1637345578273",end_to_end,275,275,142.82027,255.05328,15.14406,63.27886,0.00025,335.87314,0.00051,0.04434,1.67907,813.89378
"methane_baseline.xmodel","manual_1637345578273",end_to_end,276,276,10.77463,253.40495,14.4846,69.72827,0.0003,341.2647,0.00049,0.06559,2.11442,691.83795
"methane_baseline.xmodel","manual_1637345578273",end_to_end,277,277,124.43454,274.29637,17.44387,42.38726,0.00028,335.81854,0.00044,0.04055,1.69809,796.11994
"methane_baseline.xmodel","manual_1637345578273",end_to_end,278,278,12.6071,258.17927,14.1729,66.62172,0.00025,339.5882,0.00031,0.04285,1.9566,693.1692
"methane_baseline.xmodel","manual_1637345578273",end_to_end,279,279,68.82223,268.62077,15.09165,53.67807,0.0003,339.54917,0.00069,0.06344,1.95394,747.78026
"methane_baseline.xmodel","manual_1637345578273",end_to_end,280,280,44.12393,267.83118,17.46932,48.78332,0.00024,336.09158,0.00032,0.05185,1.7063,716.05804
"methane_baseline.xmodel","manual_1637345578273",end_to_end,281,281,99.20755,282.58765,15.80955,35.96458,0.0003,335.62763,0.00029,0.04065,1.83749,771.07569
"methane_baseline.xmodel","manual_1637345578273",end_to_end,282,282,7.00061,278.55671,15.41099,43.56858,0.00012,339.89084,0.00047,0.08541,1.99834,686.51207
"methane_baseline.xmodel","manual_1637345578273",end_to_end,283,283,45.63252,295.55325,14.38141,27.90027,0.00027,340.09182,0.00044,0.08445,1.90672,725.55115
"methane_baseline.xmodel","manual_1637345578273",end_to_end,284,284,37.72287,297.08398,16.23645,20.55459,0.00024,335.77213,0.00048,0.05285,1.71605,709.13964
"methane_baseline.xmodel","manual_1637345578273",end_to_end,285,285,29.99854,290.64449,14.4486,32.91093,0.00013,339.86394,0.00028,0.04193,1.81967,709.72851
"methane_baseline.xmodel","manual_1637345578273",end_to_end,286,286,22.41688,301.35808,15.4903,17.0418,0.00029,336.02655,0.00031,0.03502,1.80801,694.17724
"methane_baseline.xmodel","manual_1637345578273",end_to_end,287,287,34.88895,276.95798,15.24786,45.66057,0.00029,339.44247,0.00033,0.04667,1.95691,714.20203
"methane_baseline.xmodel","manual_1637345578273",end_to_end,288,288,18.80199,267.85686,16.35407,50.05303,0.00026,336.53367,0.00052,0.07144,1.80185,691.47369
"methane_baseline.xmodel","manual_1637345578273",end_to_end,289,289,47.5318,267.68889,14.40619,55.47229,0.00026,339.59763,0.00046,0.03749,1.82539,726.5604
"methane_baseline.xmodel","manual_1637345578273",end_to_end,290,290,51.90443,271.90963,16.47401,46.30615,0.00028,336.85713,0.0029,0.06747,1.97109,725.49309
"methane_baseline.xmodel","manual_1637345578273",end_to_end,291,291,82.35954,273.19511,16.48038,45.29366,0.00036,337.02498,0.00047,0.04579,1.85949,756.25978
"methane_baseline.xmodel","manual_1637345578273",end_to_end,292,292,23.32474,279.3054,15.64971,42.62478,0.00024,339.56291,0.00035,0.06609,2.08656,702.62078
"methane_baseline.xmodel","manual_1637345578273",end_to_end,293,293,44.52415,289.17723,16.73191,31.75132,0.00052,340.69964,0.00031,0.04544,2.04112,724.97164
"methane_baseline.xmodel","manual_1637345578273",end_to_end,294,294,47.34473,282.23773,15.9355,36.82079,0.00029,336.7405,0.00038,0.03597,1.76093,720.87682
"methane_baseline.xmodel","manual_1637345578273",end_to_end,295,295,33.94432,255.5313,13.88927,69.09509,0.00027,340.02592,0.00032,0.03991,1.98728,714.51368
"methane_baseline.xmodel","manual_1637345578273",end_to_end,296,296,38.7543,275.42931,16.10671,43.27179,0.00026,336.66724,0.0003,0.04368,1.72341,711.997
"methane_baseline.xmodel","manual_1637345578273",end_to_end,297,297,71.21523,299.00513,15.14352,23.76156,0.00025,340.15661,0.00049,0.03944,2.05444,751.37667
"methane_baseline.xmodel","manual_1637345578273",end_to_end,298,298,45.09469,294.60034,15.69501,24.54869,0.0003,336.69399,0.00031,0.04761,1.78427,718.46521
"methane_baseline.xmodel","manual_1637345578273",end_to_end,299,299,25.7893,279.12041,17.58278,41.41996,0.00029,340.11402,0.00033,0.04427,2.35448,706.42584
"methane_baseline.xmodel","manual_1637345578273",end_to_end,300,300,26.3272,292.15656,15.56759,27.18382,0.00026,337.80312,0.00035,0.0238,1.92533,700.98803
"methane_baseline.xmodel","manual_1637345578273",end_to_end,301,301,43.50254,256.77661,13.89139,67.35303,0.00029,340.83141,0.00035,0.04173,1.75758,724.15493
"methane_baseline.xmodel","manual_1637345578273",end_to_end,302,302,29.04062,278.4863,16.66257,40.78236,0.00031,336.80041,0.00032,0.02542,1.75244,703.55075
"methane_baseline.xmodel","manual_1637345578273",end_to_end,303,303,69.95242,253.81382,14.42402,69.99527,0.00035,344.45465,0.00034,0.07231,1.87326,754.58644
"methane_baseline.xmodel","manual_1637345578273",end_to_end,304,304,42.75085,271.59299,16.91438,46.31774,0.00025,340.18892,0.00038,0.03926,1.66838,719.47315
"methane_baseline.xmodel","manual_1637345578273",end_to_end,305,305,71.7915,306.41082,15.60709,20.62381,0.0003,340.86212,0.00034,0.0257,1.96588,757.28756
"methane_baseline.xmodel","manual_1637345578273",end_to_end,306,306,48.10345,303.10139,15.19017,20.1003,0.00029,336.99096,0.00048,0.04016,1.86422,725.39142
"methane_baseline.xmodel","manual_1637345578273",end_to_end,307,307,23.70956,261.06881,14.38207,63.44559,0.0003,340.20903,0.00042,0.0417,1.92349,704.78097
"methane_baseline.xmodel","manual_1637345578273",end_to_end,308,308,20.72596,292.49833,14.59812,28.14806,0.00025,337.00757,0.00034,0.04157,1.90984,694.93004
"methane_baseline.xmodel","manual_1637345578273",end_to_end,309,309,65.44854,282.6529,15.59494,39.96194,0.00027,340.15795,0.00057,0.03726,1.92592,745.78029
"methane_baseline.xmodel","manual_1637345578273",end_to_end,310,310,30.1208,272.96766,17.16042,44.9043,0.00025,336.64446,0.00033,0.04582,1.90433,703.74837
"methane_baseline.xmodel","manual_1637345578273",end_to_end,311,311,46.8402,299.58379,15.53294,19.55188,0.00032,336.78988,0.00034,0.04401,1.84389,720.18725
"methane_baseline.xmodel","manual_1637345578273",end_to_end,312,312,41.92453,303.41307,16.07671,18.69616,0.00033,340.51772,0.00068,0.04571,1.92542,722.60033
"methane_baseline.xmodel","manual_1637345578273",end_to_end,313,313,21.50429,264.53083,14.46921,55.81978,0.00026,336.62688,0.00035,0.05139,1.96195,694.96494
"methane_baseline.xmodel","manual_1637345578273",end_to_end,314,314,20.6641,272.31484,16.32766,49.89429,0.00026,340.63568,0.00075,0.05628,1.94486,701.83872
"methane_baseline.xmodel","manual_1637345578273",end_to_end,315,315,57.70121,289.80675,16.38201,28.53372,0.00024,337.44007,0.00046,0.04426,1.82094,731.72966
"methane_baseline.xmodel","manual_1637345578273",end_to_end,316,316,51.89408,294.93611,15.53289,28.16401,0.00029,340.3431,0.00058,0.05323,1.93415,732.85844
"methane_baseline.xmodel","manual_1637345578273",end_to_end,317,317,30.53914,285.43909,15.05526,34.92646,0.00028,336.20099,0.00058,0.04541,1.91962,704.12683
"methane_baseline.xmodel","manual_1637345578273",end_to_end,318,318,30.18042,277.82661,16.90458,43.5954,0.00026,339.71217,0.00043,0.04756,1.82108,710.08851
"methane_baseline.xmodel","manual_1637345578273",end_to_end,319,319,36.77523,283.73017,15.25916,35.3246,0.00025,335.89816,0.00038,0.0462,1.90783,708.94198
"methane_baseline.xmodel","manual_1637345578273",end_to_end,320,320,45.58415,271.66543,16.35278,49.70893,0.0003,339.6203,0.00207,0.04614,1.8471,724.8272
"methane_baseline.xmodel","manual_1637345578273",end_to_end,321,321,37.29433,271.41962,15.39374,47.11226,0.00039,336.05948,0.00034,0.04164,2.08005,709.40185
"methane_baseline.xmodel","manual_1637345578273",end_to_end,322,322,51.56859,274.81408,16.86388,46.08036,0.00028,339.66396,0.00049,0.04163,1.7662,730.79947
"methane_baseline.xmodel","manual_1637345578273",end_to_end,323,323,49.07227,270.22901,15.38584,48.47619,0.00025,336.25436,0.00044,0.04432,1.86372,721.3264
"methane_baseline.xmodel","manual_1637345578273",end_to_end,324,324,47.9546,269.69916,15.90277,52.17843,0.00029,339.45118,0.00058,0.04209,1.79727,727.02637
"methane_baseline.xmodel","manual_1637345578273",end_to_end,325,325,50.6082,268.96971,15.13085,50.00901,0.0003,336.08668,0.00035,0.04422,1.82592,722.67524
"methane_baseline.xmodel","manual_1637345578273",end_to_end,326,326,53.98003,279.60915,16.90892,41.12994,0.00025,339.42584,0.00047,0.04109,1.80256,732.89825
"methane_baseline.xmodel","manual_1637345578273",end_to_end,327,327,51.92942,252.45714,14.33016,67.37545,0.00025,336.15856,0.00043,0.04316,1.78485,724.07942
"methane_baseline.xmodel","manual_1637345578273",end_to_end,328,328,42.95621,260.25883,14.75785,62.57496,0.00029,339.17329,0.00058,0.06013,1.80952,721.59166
"methane_baseline.xmodel","manual_1637345578273",end_to_end,329,329,69.24737,277.42555,16.04224,40.79773,0.00053,336.01068,0.00034,0.03995,1.89614,741.46053
"methane_baseline.xmodel","manual_1637345578273",end_to_end,330,330,64.42391,273.29979,16.9355,47.09224,0.00026,339.07726,0.00042,0.0558,1.72095,742.60613
"methane_baseline.xmodel","manual_1637345578273",end_to_end,331,331,85.99182,258.2237,14.73982,64.2555,0.00029,338.90578,0.00055,0.03551,1.79572,763.94869
"methane_baseline.xmodel","manual_1637345578273",end_to_end,332,332,5.56164,269.42436,15.91085,48.84407,0.00024,336.26506,0.00032,0.0375,1.99764,678.04168
"methane_baseline.xmodel","manual_1637345578273",end_to_end,333,333,97.01896,254.57563,14.60826,67.93837,0.00026,339.7731,0.00029,0.04979,1.73248,775.69714
"methane_baseline.xmodel","manual_1637345578273",end_to_end,334,334,19.78735,258.47873,14.10995,61.73829,0.00028,338.30872,0.00056,0.04462,1.94037,694.40887
"methane_baseline.xmodel","manual_1637345578273",end_to_end,335,335,112.62205,266.1942,16.55601,55.19559,0.00028,339.19863,0.00046,0.0407,1.80372,791.61164
"methane_baseline.xmodel","manual_1637345578273",end_to_end,336,336,20.9449,271.77797,16.00077,48.47399,0.00026,338.37953,0.00037,0.04172,1.78172,697.40123
"methane_baseline.xmodel","manual_1637345578273",end_to_end,337,337,100.773,251.64034,14.85072,70.92732,0.00027,339.46258,0.00052,0.05561,1.79559,779.50595
"methane_baseline.xmodel","manual_1637345578273",end_to_end,338,338,6.54053,234.95382,13.67436,87.73897,0.00031,338.45143,0.00041,0.07536,2.0129,683.44809
"methane_baseline.xmodel","manual_1637345578273",end_to_end,339,339,89.57211,307.87866,15.72006,13.04443,0.00026,337.53116,0.00041,0.05003,2.07127,765.86839
"methane_baseline.xmodel","manual_1637345578273",end_to_end,340,340,72.77428,304.69151,15.33531,17.59285,0.00029,338.77006,0.00052,0.04949,1.76884,750.98315
"methane_baseline.xmodel","manual_1637345578273",end_to_end,341,341,15.11457,308.53331,15.60995,11.30284,0.00038,337.64994,0.00051,0.04422,2.0302,690.28592
"methane_baseline.xmodel","manual_1637345578273",end_to_end,342,342,19.45633,297.53162,15.78988,23.58433,0.00029,338.99764,0.00043,0.04505,1.72068,697.12625
"methane_baseline.xmodel","manual_1637345578273",end_to_end,343,343,13.45007,285.45802,15.06926,34.9738,0.00029,336.87681,0.00047,0.07036,1.97409,687.87317
"methane_baseline.xmodel","manual_1637345578273",end_to_end,344,344,25.40857,276.04507,16.43194,44.7078,0.00032,338.63528,0.00065,0.07038,1.80279,703.1028
"methane_baseline.xmodel","manual_1637345578273",end_to_end,345,345,37.11338,327.0893,17.06117,0.05506,0.00026,335.77412,0.00055,0.05419,1.77493,718.92296
"methane_baseline.xmodel","manual_1637345578273",end_to_end,346,346,46.47087,337.85612,13.26305,0.06322,0.00055,338.69855,0.00047,0.03304,1.77617,738.16204
"methane_baseline.xmodel","manual_1637345578273",end_to_end,347,347,0.00189,279.13926,16.12011,39.50619,0.00026,336.16831,0.00029,0.02994,1.71233,672.67858
"methane_baseline.xmodel","manual_1637345578273",end_to_end,348,348,0.00109,267.21163,15.41115,56.10869,0.00029,338.83995,0.00056,0.04093,1.8759,679.49019
"methane_baseline.xmodel","manual_1637345578273",end_to_end,349,349,41.36906,235.74738,14.7008,83.84582,0.00028,335.75405,0.07977,0.03439,1.76672,713.29827
"methane_baseline.xmodel","manual_1637345578273",end_to_end,350,350,57.90087,230.85187,14.56541,91.59616,0.00026,338.97124,0.00056,0.04389,1.81866,735.74892
"methane_baseline.xmodel","manual_1637345578273",end_to_end,351,351,152.92303,251.18318,15.10041,70.7421,0.00054,338.29071,0.00044,0.04122,1.78893,830.07056
"methane_baseline.xmodel","manual_1637345578273",end_to_end,352,352,26.22626,249.74505,14.01142,70.31406,0.00027,335.87957,0.00042,0.09103,1.84835,698.11643
"methane_baseline.xmodel","manual_1637345578273",end_to_end,353,353,142.42468,265.59676,15.3839,55.4565,0.00034,338.51251,0.0004,0.04202,1.81396,819.23107
"methane_baseline.xmodel","manual_1637345578273",end_to_end,354,354,2.28407,259.49347,14.04917,60.56359,0.00029,335.80644,0.00053,0.04898,1.77236,674.0189
"methane_baseline.xmodel","manual_1637345578273",end_to_end,355,355,62.48716,257.62201,14.13408,62.12914,0.00028,335.39437,0.00032,0.03644,1.77459,733.57839
"methane_baseline.xmodel","manual_1637345578273",end_to_end,356,356,57.32453,246.46231,16.2468,73.92266,0.0003,338.29629,0.00035,0.04885,1.81739,734.11948
"methane_baseline.xmodel","manual_1637345578273",end_to_end,357,357,139.3439,220.93637,14.96826,100.53613,0.00024,338.54561,0.00042,0.05677,1.85488,816.24258
"methane_baseline.xmodel","manual_1637345578273",end_to_end,358,358,0.38251,202.93411,14.54081,116.09438,0.00029,335.55771,0.00036,0.049,1.78436,671.34353
"methane_baseline.xmodel","manual_1637345578273",end_to_end,359,359,117.91181,206.35985,14.88284,112.49918,0.00054,335.44648,0.00042,0.04922,1.7679,788.91824
"methane_baseline.xmodel","manual_1637345578273",end_to_end,360,360,102.39878,238.77746,15.22708,82.68134,0.0003,338.99808,0.00042,0.03966,1.77655,779.89967
"methane_baseline.xmodel","manual_1637345578273",end_to_end,361,361,195.68842,241.75558,17.29306,78.01201,0.00026,338.43051,0.00037,0.04413,1.83338,873.05772
"methane_baseline.xmodel","manual_1637345578273",end_to_end,362,362,3.26288,232.10838,14.12838,87.37307,0.0003,335.25037,0.00053,0.04783,1.71778,673.88952
"methane_baseline.xmodel","manual_1637345578273",end_to_end,363,363,89.20337,249.39541,14.10013,69.92689,0.00026,335.60214,0.00029,0.0489,1.71189,759.98928
"methane_baseline.xmodel","manual_1637345578273",end_to_end,364,364,79.85233,243.76446,17.28319,75.54991,0.00031,338.80316,0.00043,0.03649,1.74816,757.03844
"methane_baseline.xmodel","manual_1637345578273",end_to_end,365,365,71.71529,224.70964,15.05098,94.0519,0.00033,335.54722,0.00043,0.03766,1.72061,742.83406
"methane_baseline.xmodel","manual_1637345578273",end_to_end,366,366,77.45148,234.558,17.13977,85.20249,0.00026,338.74747,0.00032,0.0543,1.74641,754.9005
"methane_baseline.xmodel","manual_1637345578273",end_to_end,367,367,95.83903,245.71821,14.05156,73.98656,0.00025,335.72125,0.00043,0.03034,1.67173,767.01936
"methane_baseline.xmodel","manual_1637345578273",end_to_end,368,368,87.09196,248.27684,14.78163,73.80815,0.00029,338.53872,0.00031,0.04886,1.82782,764.37458
"methane_baseline.xmodel","manual_1637345578273",end_to_end,369,369,75.76033,222.46173,15.11968,96.36209,0.00029,335.80766,0.00037,0.0439,1.8071,747.36315
"methane_baseline.xmodel","manual_1637345578273",end_to_end,370,370,75.63233,206.41417,14.55142,115.75353,0.00026,338.6387,0.0003,0.03333,1.77308,752.79712
"methane_baseline.xmodel","manual_1637345578273",end_to_end,371,371,195.53802,226.15132,15.43749,95.08303,0.00029,339.15752,0.00036,0.03721,1.84892,873.25416
"methane_baseline.xmodel","manual_1637345578273",end_to_end,372,372,20.24521,240.2822,14.33679,79.47524,0.00026,337.19181,0.0003,0.05217,1.77558,693.35956
"methane_baseline.xmodel","manual_1637345578273",end_to_end,373,373,81.36272,211.69943,14.10523,109.50483,0.00029,337.70482,0.00027,0.05038,1.79836,756.22633
"methane_baseline.xmodel","manual_1637345578273",end_to_end,374,374,96.99293,224.41318,15.71743,97.11762,0.00027,339.46587,0.00062,0.04577,1.85768,775.61137
"methane_baseline.xmodel","manual_1637345578273",end_to_end,375,375,111.34155,207.01244,14.1031,114.76096,0.00025,336.19622,0.00046,0.06528,1.86509,785.34535
"methane_baseline.xmodel","manual_1637345578273",end_to_end,376,376,99.00839,266.32455,13.92143,57.31994,0.0003,339.22165,0.00034,0.04396,1.9782,777.81876
"methane_baseline.xmodel","manual_1637345578273",end_to_end,377,377,116.59682,204.61815,14.12901,115.62522,0.00032,335.88519,0.00039,0.03506,1.71885,788.60901
"methane_baseline.xmodel","manual_1637345578273",end_to_end,378,378,59.17554,237.87684,14.90721,84.5289,0.00026,339.67746,0.00044,0.03497,1.90998,738.1116
"methane_baseline.xmodel","manual_1637345578273",end_to_end,379,379,117.54651,186.1396,14.03973,133.78363,0.00026,335.62093,0.00042,0.04984,1.76165,788.94257
"methane_baseline.xmodel","manual_1637345578273",end_to_end,380,380,86.60471,202.06496,15.11833,120.42511,0.0011,339.11028,0.00071,0.04547,1.96167,765.33234
"methane_baseline.xmodel","manual_1637345578273",end_to_end,381,381,246.35649,210.47727,14.89443,111.73331,0.00027,339.23836,0.00033,0.04396,1.90665,924.65107
"methane_baseline.xmodel","manual_1637345578273",end_to_end,382,382,11.65119,193.48524,14.00019,126.34495,0.0003,335.38804,0.00035,0.04665,1.82897,682.74588
"methane_baseline.xmodel","manual_1637345578273",end_to_end,383,383,128.15543,212.08226,13.93819,107.54229,0.00022,335.4222,0.00034,0.03816,1.67737,798.85646
"methane_baseline.xmodel","manual_1637345578273",end_to_end,384,384,113.7672,202.25371,15.34722,119.61055,0.0003,339.36616,0.00043,0.0463,1.94319,792.33506
"methane_baseline.xmodel","manual_1637345578273",end_to_end,385,385,227.42393,199.84116,15.31475,122.23491,0.00026,339.58079,0.00025,0.07453,2.41439,906.88497
"methane_baseline.xmodel","manual_1637345578273",end_to_end,386,386,3.56989,191.31782,13.87544,128.34818,0.00031,335.82939,0.00033,0.04347,1.761,674.74583
"methane_baseline.xmodel","manual_1637345578273",end_to_end,387,387,252.25098,219.78301,15.11999,102.63974,0.00036,339.45357,0.00079,0.05069,2.09593,931.39506
"methane_baseline.xmodel","manual_1637345578273",end_to_end,388,388,2.09655,200.92914,14.03545,119.1486,0.00028,336.56291,0.00034,0.07898,1.79351,674.64576
"methane_baseline.xmodel","manual_1637345578273",end_to_end,389,389,120.97105,187.14449,13.79446,133.80625,0.00032,335.75242,0.00044,0.05308,1.72725,793.24976
"methane_baseline.xmodel","manual_1637345578273",end_to_end,390,390,105.14103,208.33772,14.57003,114.02453,0.00027,339.83517,0.00045,0.05182,2.15859,784.11961
"methane_baseline.xmodel","manual_1637345578273",end_to_end,391,391,135.67963,208.32008,13.62535,111.93097,0.00028,335.87457,0.00029,0.0413,1.74491,807.21738
"methane_baseline.xmodel","manual_1637345578273",end_to_end,392,392,116.18988,195.01709,14.8525,127.8074,0.00029,339.32419,0.00074,0.05144,2.12012,795.36365
"methane_baseline.xmodel","manual_1637345578273",end_to_end,393,393,113.73463,180.68932,13.86289,139.51624,0.0003,335.60043,0.00034,0.05321,1.70566,785.16302
"methane_baseline.xmodel","manual_1637345578273",end_to_end,394,394,130.04379,206.16823,14.83646,116.09319,0.00024,339.60087,0.00052,0.07578,2.05795,808.87703
"methane_baseline.xmodel","manual_1637345578273",end_to_end,395,395,141.30438,222.47575,14.32538,97.01245,0.00026,335.71259,0.00044,0.04278,1.74788,812.62191
"methane_baseline.xmodel","manual_1637345578273",end_to_end,396,396,118.28819,216.96075,14.96382,105.4869,0.0003,340.3788,0.00044,0.07283,2.35324,798.50527
"methane_baseline.xmodel","manual_1637345578273",end_to_end,397,397,98.77684,203.69071,14.02009,116.22695,0.00029,335.6412,0.00035,0.04495,1.68776,770.08914
"methane_baseline.xmodel","manual_1637345578273",end_to_end,398,398,107.64323,203.17421,15.20693,119.84746,0.00022,339.37849,0.00047,0.07183,2.1041,787.42694
"methane_baseline.xmodel","manual_1637345578273",end_to_end,399,399,118.02469,172.99636,15.48805,145.36046,0.00026,335.4323,0.00044,0.04444,1.71539,789.06239
"methane_baseline.xmodel","manual_1637345578273",end_to_end,400,400,122.27769,193.73935,15.12222,128.08303,0.00077,339.1867,0.0005,0.05138,2.07608,800.53772
"methane_baseline.xmodel","manual_1637345578273",end_to_end,401,401,147.11775,200.29427,14.40461,118.98355,0.0003,337.1934,0.00033,0.04635,1.73782,819.77838
"methane_baseline.xmodel","manual_1637345578273",end_to_end,402,402,130.29798,202.04403,14.85769,120.07699,0.00023,340.01654,0.00041,0.04175,2.0495,809.38512
"methane_baseline.xmodel","manual_1637345578273",end_to_end,403,403,120.749,191.12375,14.30844,129.9925,0.00032,336.62697,0.0003,0.04528,2.78878,795.63534
"methane_baseline.xmodel","manual_1637345578273",end_to_end,404,404,122.21693,192.96359,15.47813,129.44419,0.00029,339.85663,0.00051,0.049,2.29608,802.30535
"methane_baseline.xmodel","manual_1637345578273",end_to_end,405,405,131.78796,171.69274,15.92391,147.21085,0.00029,337.74209,0.00055,0.04504,1.77098,806.17441
"methane_baseline.xmodel","manual_1637345578273",end_to_end,406,406,131.57571,183.46063,15.0107,139.26756,0.00026,340.78395,0.00056,0.04964,1.73742,811.88643
"methane_baseline.xmodel","manual_1637345578273",end_to_end,407,407,150.05415,185.08898,14.2807,135.52745,0.00027,335.89806,0.00043,0.03313,1.7913,822.67447
"methane_baseline.xmodel","manual_1637345578273",end_to_end,408,408,141.6856,167.65444,16.12656,154.58827,0.00025,339.07324,0.00046,0.04089,1.8008,820.97051
"methane_baseline.xmodel","manual_1637345578273",end_to_end,409,409,137.34599,176.03349,15.83367,142.18523,0.0003,335.71177,0.0003,0.04662,1.80351,808.96088
"methane_baseline.xmodel","manual_1637345578273",end_to_end,410,410,156.36149,190.84103,14.8374,131.60682,0.00027,339.26205,0.0005,0.04419,1.81437,834.76812
"methane_baseline.xmodel","manual_1637345578273",end_to_end,411,411,144.02736,186.90779,14.43535,132.5269,0.00024,336.23147,0.00041,0.04448,1.74499,815.91899
"methane_baseline.xmodel","manual_1637345578273",end_to_end,412,412,133.47425,184.99578,15.05826,137.34679,0.00025,339.84094,0.00059,0.06731,1.8064,812.59057
"methane_baseline.xmodel","manual_1637345578273",end_to_end,413,413,134.39223,181.96053,14.78123,137.62784,0.00031,336.26547,0.00063,0.03872,1.7709,806.83786
"methane_baseline.xmodel","manual_1637345578273",end_to_end,414,414,139.19979,183.24418,14.79935,139.94968,0.00028,339.37279,0.00044,0.04543,1.88734,818.49928
"methane_baseline.xmodel","manual_1637345578273",end_to_end,415,415,139.43136,169.9937,16.01357,148.45414,0.00025,336.47324,0.00029,0.05177,1.71709,812.13541
"methane_baseline.xmodel","manual_1637345578273",end_to_end,416,416,141.84748,190.18745,14.32747,132.96991,0.00029,339.20121,0.00055,0.03972,1.87412,820.4482
"methane_baseline.xmodel","manual_1637345578273",end_to_end,417,417,150.25869,194.4662,14.89492,125.28447,0.0003,337.3592,0.00043,0.05472,1.91587,824.2348
"methane_baseline.xmodel","manual_1637345578273",end_to_end,418,418,134.90933,208.93769,13.56917,114.7625,0.00024,340.16321,0.004,0.07025,2.4637,814.88009
"methane_baseline.xmodel","manual_1637345578273",end_to_end,419,419,127.06192,195.94951,14.99165,124.64859,0.00035,336.5855,0.00032,0.04906,1.89001,801.17691
"methane_baseline.xmodel","manual_1637345578273",end_to_end,420,420,116.68167,182.2237,14.50447,141.53925,0.0003,341.64526,0.00046,0.04178,1.84079,798.47768
"methane_baseline.xmodel","manual_1637345578273",end_to_end,421,421,126.61545,186.81183,15.07304,132.73393,0.00031,336.60903,0.0005,0.03615,1.84808,799.72832
"methane_baseline.xmodel","manual_1637345578273",end_to_end,422,422,144.07027,160.88683,14.51969,163.71252,0.00026,338.84303,0.00044,0.04293,1.89331,823.96928
"methane_baseline.xmodel","manual_1637345578273",end_to_end,423,423,134.68539,187.65771,14.83045,132.16869,0.00024,336.05613,0.00032,0.05146,1.82517,807.27556
"methane_baseline.xmodel","manual_1637345578273",end_to_end,424,424,165.61999,170.22222,15.5394,151.17465,0.00029,338.71212,0.00061,0.07358,1.876,843.21886
"methane_baseline.xmodel","manual_1637345578273",end_to_end,425,425,134.0604,198.27124,15.38345,120.4931,0.0003,336.17692,0.00034,0.04635,1.88385,806.31595
"methane_baseline.xmodel","manual_1637345578273",end_to_end,426,426,153.12374,169.60751,15.34667,151.82068,0.00025,339.08703,0.00048,0.04882,1.91069,830.94587
"methane_baseline.xmodel","manual_1637345578273",end_to_end,427,427,122.37135,189.50694,15.14736,129.65264,0.00024,336.33268,0.00053,0.03948,1.84037,794.89159
"methane_baseline.xmodel","manual_1637345578273",end_to_end,428,428,153.77969,169.81713,15.60226,151.70759,0.00025,338.58032,0.00048,0.04671,1.91327,831.4477
"methane_baseline.xmodel","manual_1637345578273",end_to_end,429,429,131.59456,184.55219,14.8531,134.97585,0.0003,336.53006,0.00033,0.04893,1.84624,804.40156
"methane_baseline.xmodel","manual_1637345578273",end_to_end,430,430,153.6919,203.62066,13.66702,119.31208,0.00045,338.81577,0.00047,0.03809,1.86621,831.01265
"methane_baseline.xmodel","manual_1637345578273",end_to_end,431,431,136.86889,215.48522,14.71506,104.44506,0.00024,336.22345,0.00056,0.03643,1.7566,809.53151
"methane_baseline.xmodel","manual_1637345578273",end_to_end,432,432,121.28563,236.66426,13.98464,86.19298,0.00032,339.12228,0.00043,0.04272,1.84459,799.13785
"methane_baseline.xmodel","manual_1637345578273",end_to_end,433,433,106.34104,201.51445,15.29723,117.50368,0.00029,336.22653,0.00049,0.03496,1.7846,778.70327
"methane_baseline.xmodel","manual_1637345578273",end_to_end,434,434,88.11151,187.63047,13.57451,136.00158,0.00026,339.08152,0.00043,0.05197,1.87437,766.32662
"methane_baseline.xmodel","manual_1637345578273",end_to_end,435,435,119.32646,209.40847,14.71277,110.28737,0.00028,336.50759,0.00035,0.0542,1.84054,792.13803
"methane_baseline.xmodel","manual_1637345578273",end_to_end,436,436,137.91522,191.71088,13.52565,131.93446,0.00024,338.89282,0.00047,0.04227,1.95399,815.976
"methane_baseline.xmodel","manual_1637345578273",end_to_end,437,437,112.14514,187.53711,14.65618,132.46621,0.0003,336.79014,0.00051,0.04746,1.80671,785.44976
"methane_baseline.xmodel","manual_1637345578273",end_to_end,438,438,266.84599,221.67386,15.11016,98.09987,0.00047,336.15469,0.00058,0.05322,2.44467,940.38351
"methane_baseline.xmodel","manual_1637345578273",end_to_end,439,439,1.37361,219.36706,14.21806,103.37854,0.00028,339.28913,0.00047,0.05559,2.01898,679.70172
"methane_baseline.xmodel","manual_1637345578273",end_to_end,440,440,105.37084,218.47625,14.14527,104.67392,0.00155,339.1709,0.00052,0.06143,1.96263,783.86331
"methane_baseline.xmodel","manual_1637345578273",end_to_end,441,441,99.98095,202.03869,15.22425,117.01475,0.00031,336.67691,0.00033,0.04619,1.85977,772.84215
"methane_baseline.xmodel","manual_1637345578273",end_to_end,442,442,106.77351,202.02614,13.68868,121.35883,0.00027,339.46943,0.00051,0.0431,1.80697,785.16744
"methane_baseline.xmodel","manual_1637345578273",end_to_end,443,443,119.55907,196.53514,15.17184,122.42591,0.00029,336.26381,0.00044,0.04535,1.82862,791.83047
"methane_baseline.xmodel","manual_1637345578273",end_to_end,444,444,123.39133,215.63391,13.64892,108.15328,0.0003,339.15983,0.00046,0.03832,1.80061,801.82696
"methane_baseline.xmodel","manual_1637345578273",end_to_end,445,445,124.34949,215.92985,15.03893,103.38209,0.00031,336.29427,0.00047,0.09439,1.73187,796.82167
"methane_baseline.xmodel","manual_1637345578273",end_to_end,446,446,110.01441,205.08708,13.71794,118.47524,0.00025,339.09933,0.00031,0.04694,1.81834,788.25984
"methane_baseline.xmodel","manual_1637345578273",end_to_end,447,447,105.25504,203.97126,15.12409,115.36248,0.00031,336.51789,0.00048,0.04629,1.72588,778.00372
"methane_baseline.xmodel","manual_1637345578273",end_to_end,448,448,120.35559,208.97806,13.9102,114.32547,0.0003,338.81367,0.00052,0.0579,1.85276,798.29447
"methane_baseline.xmodel","manual_1637345578273",end_to_end,449,449,117.22924,200.61104,15.16323,118.87386,0.00029,336.18753,0.00034,0.04346,1.70041,789.8094
"methane_baseline.xmodel","manual_1637345578273",end_to_end,450,450,232.83605,207.46409,17.16348,109.74624,0.00025,336.36236,0.00032,0.03463,1.83971,905.44713
"methane_baseline.xmodel","manual_1637345578273",end_to_end,451,451,4.06324,212.66079,14.00909,110.26516,0.00027,338.7353,0.00069,0.04282,1.77165,681.54901
"methane_baseline.xmodel","manual_1637345578273",end_to_end,452,452,112.18292,234.04896,15.41363,87.3524,0.00029,338.67884,0.0004,0.04263,1.75957,789.47964
"methane_baseline.xmodel","manual_1637345578273",end_to_end,453,453,111.53592,228.17653,15.52766,90.8682,0.00029,336.24624,0.00034,0.04538,1.76185,784.16241
"methane_baseline.xmodel","manual_1637345578273",end_to_end,454,454,89.1754,194.61687,13.61281,128.62655,0.00028,338.95374,0.00035,0.05758,2.12497,767.16855
"methane_baseline.xmodel","manual_1637345578273",end_to_end,455,455,92.80521,204.57504,15.11635,114.62421,0.00026,336.19424,0.00036,0.0393,1.83969,765.19466
"methane_baseline.xmodel","manual_1637345578273",end_to_end,456,456,239.6907,231.41097,14.6393,88.32807,0.00027,336.84668,0.00057,0.07005,1.71213,912.69874
"methane_baseline.xmodel","manual_1637345578273",end_to_end,457,457,7.18124,204.13863,14.18256,118.82218,0.00026,341.53046,0.00044,0.03295,1.82967,687.71839
"methane_baseline.xmodel","manual_1637345578273",end_to_end,458,458,121.04294,235.27084,14.96309,89.06549,0.00026,339.50366,0.00052,0.04382,1.86437,801.75499
"methane_baseline.xmodel","manual_1637345578273",end_to_end,459,459,90.21562,270.62742,16.01752,48.31367,0.00039,336.08089,0.00035,0.0451,1.73054,763.0315
"methane_baseline.xmodel","manual_1637345578273",end_to_end,460,460,90.94773,274.75981,16.69188,46.16817,0.00052,338.98999,0.00046,0.04994,1.85571,769.46421
"methane_baseline.xmodel","manual_1637345578273",end_to_end,461,461,50.08114,270.4803,15.41035,48.42332,0.00029,335.4752,0.00046,0.04327,1.71058,721.62491
"methane_baseline.xmodel","manual_1637345578273",end_to_end,462,462,48.09395,228.99919,15.77638,92.28535,0.00025,338.69103,0.0006,0.03777,1.78533,725.66985
"methane_baseline.xmodel","manual_1637345578273",end_to_end,463,463,50.21968,229.38411,14.67977,89.61554,0.00023,335.31474,0.00045,0.04604,1.71444,720.975
"methane_baseline.xmodel","manual_1637345578273",end_to_end,464,464,94.20679,254.57331,13.95174,68.23962,0.00026,338.78006,0.0005,0.05337,1.84072,771.64637
"methane_baseline.xmodel","manual_1637345578273",end_to_end,465,465,91.37967,236.81301,14.29962,82.44309,0.00029,335.35114,0.00028,0.03452,1.6775,761.99912
"methane_baseline.xmodel","manual_1637345578273",end_to_end,466,466,70.07963,228.01194,15.87297,93.04527,0.00026,338.75501,0.00055,0.06019,1.89847,747.72429
"methane_baseline.xmodel","manual_1637345578273",end_to_end,467,467,84.2033,233.37077,14.46133,85.75326,0.00026,335.42203,0.00037,0.03235,1.71311,754.95678
"methane_baseline.xmodel","manual_1637345578273",end_to_end,468,468,94.95465,233.01476,14.8699,88.96976,0.00029,338.91336,0.00036,0.03817,1.86388,772.62513
"methane_baseline.xmodel","manual_1637345578273",end_to_end,469,469,87.48292,239.41521,14.60053,79.68373,0.0003,335.45274,0.00046,0.04609,1.73185,758.41383
"methane_baseline.xmodel","manual_1637345578273",end_to_end,470,470,90.93092,222.71411,15.65959,98.57638,0.00026,338.69647,0.00062,0.04722,1.79274,768.41831
"methane_baseline.xmodel","manual_1637345578273",end_to_end,471,471,81.43574,236.07649,14.5565,83.06624,0.00025,335.74522,0.00049,0.07059,1.79525,752.74677
"methane_baseline.xmodel","manual_1637345578273",end_to_end,472,472,181.63104,246.65727,14.69443,72.6233,0.00028,335.57665,0.00041,0.04856,1.75042,852.98236
"methane_baseline.xmodel","manual_1637345578273",end_to_end,473,473,3.68965,257.20127,15.35621,64.23616,0.0003,338.49376,0.00036,0.04145,1.83182,680.85098
"methane_baseline.xmodel","manual_1637345578273",end_to_end,474,474,66.10182,231.91086,14.37851,90.32931,0.00025,338.80407,0.00035,0.03598,1.85756,743.41871
"methane_baseline.xmodel","manual_1637345578273",end_to_end,475,475,74.51737,221.463,14.81558,97.40941,0.00025,335.38234,0.00044,0.04119,1.74066,745.37024
"methane_baseline.xmodel","manual_1637345578273",end_to_end,476,476,167.56228,232.37319,14.39286,86.81044,0.00043,335.38577,0.00044,0.05425,1.72929,838.30895
"methane_baseline.xmodel","manual_1637345578273",end_to_end,477,477,23.85277,216.79965,16.27825,103.846,0.00029,338.88517,0.00046,0.04812,1.84629,701.557
"methane_baseline.xmodel","manual_1637345578273",end_to_end,478,478,177.63361,236.61446,14.39065,82.61192,0.00023,335.25955,0.00056,0.04373,1.72172,848.27643
"methane_baseline.xmodel","manual_1637345578273",end_to_end,479,479,16.70658,247.74058,15.03763,74.19418,0.00026,339.11611,0.00037,0.03508,1.80563,694.63642
"methane_baseline.xmodel","manual_1637345578273",end_to_end,480,480,76.11822,234.9583,14.75986,87.47002,0.00031,338.71648,0.00033,0.03744,1.89683,753.95779
"methane_baseline.xmodel","manual_1637345578273",end_to_end,481,481,84.37475,234.02232,14.1019,85.3584,0.00028,335.37756,0.00033,0.03746,1.69901,754.97201
"methane_baseline.xmodel","manual_1637345578273",end_to_end,482,482,89.33245,246.71471,13.95927,76.17629,0.00024,339.02696,0.00035,0.05395,1.88636,767.15058
"methane_baseline.xmodel","manual_1637345578273",end_to_end,483,483,87.12596,240.24378,14.59095,78.77551,0.00024,336.00417,0.00033,0.04597,1.72492,758.51183
"methane_baseline.xmodel","manual_1637345578273",end_to_end,484,484,78.10579,251.30827,14.17295,71.60991,0.00027,339.21284,0.00036,0.05949,2.14654,756.61642
"methane_baseline.xmodel","manual_1637345578273",end_to_end,485,485,80.50068,260.38956,14.8029,59.07485,0.0003,335.73359,0.00028,0.04979,1.69693,752.24888
"methane_baseline.xmodel","manual_1637345578273",end_to_end,486,486,73.56928,268.58773,14.39084,54.27788,0.00228,342.37227,0.0003,0.09586,2.20016,755.4966
"methane_baseline.xmodel","manual_1637345578273",end_to_end,487,487,60.84303,254.61607,14.83005,64.52961,0.00025,335.91177,0.00035,0.04828,1.70675,732.48616
"methane_baseline.xmodel","manual_1637345578273",end_to_end,488,488,56.49761,235.60969,14.01701,90.56805,0.00033,339.15088,0.00037,0.05236,2.04164,737.93794
"methane_baseline.xmodel","manual_1637345578273",end_to_end,489,489,66.2496,267.2101,17.45234,49.50888,0.0003,335.76777,0.00034,0.03552,1.68423,737.90908
"methane_baseline.xmodel","manual_1637345578273",end_to_end,490,490,92.82746,260.82958,13.92916,62.11686,0.00027,339.92935,0.00045,0.06653,1.92637,771.62603
"methane_baseline.xmodel","manual_1637345578273",end_to_end,491,491,51.26166,257.26941,14.77936,61.95936,0.00025,335.88491,0.00044,0.03951,1.71295,722.90785
"methane_baseline.xmodel","manual_1637345578273",end_to_end,492,492,64.21947,264.86912,14.55008,58.39801,0.00029,339.40799,0.00033,0.04222,1.86783,743.35534
"methane_baseline.xmodel","manual_1637345578273",end_to_end,493,493,63.68219,282.03919,17.36464,34.75971,0.00029,336.06152,0.00044,0.03387,1.66659,735.60844
"methane_baseline.xmodel","manual_1637345578273",end_to_end,494,494,60.39737,270.26069,15.02502,52.1201,0.00025,339.1572,0.00394,0.03606,1.8673,738.86793
"methane_baseline.xmodel","manual_1637345578273",end_to_end,495,495,36.51492,274.9645,16.93434,42.39511,0.00024,335.78887,0.00059,0.06369,1.74757,708.40983
"methane_baseline.xmodel","manual_1637345578273",end_to_end,496,496,54.04017,245.45564,13.6838,78.09127,0.00033,339.45339,0.00063,0.0365,1.98246,732.74419
"methane_baseline.xmodel","manual_1637345578273",end_to_end,497,497,44.10486,252.18438,14.21101,67.68096,0.0003,336.23054,0.00034,0.037,1.7868,716.23619
"methane_baseline.xmodel","manual_1637345578273",end_to_end,498,498,80.00838,262.32492,14.45836,60.74575,0.00028,339.62644,0.00038,0.04857,1.88559,759.09867
"methane_baseline.xmodel","manual_1637345578273",end_to_end,499,499,69.50456,273.00717,17.0465,44.35345,0.00024,336.26858,0.00031,0.05042,1.71042,741.94165
"methane_baseline.xmodel","manual_1637345578273",end_to_end,500,500,62.80395,302.85553,17.06904,17.64358,0.00031,339.58813,0.00037,0.04577,1.95852,741.9652
"methane_baseline.xmodel","manual_1637345578273",end_to_end,501,501,46.20124,294.76856,18.11868,21.52085,0.00028,336.77024,0.00041,0.07735,1.77393,719.23154
"methane_baseline.xmodel","manual_1637345578273",end_to_end,502,502,19.5885,291.10281,15.27699,31.25438,0.00026,339.5803,0.00032,0.14485,1.92746,698.87587
"methane_baseline.xmodel","manual_1637345578273",end_to_end,503,503,23.30486,276.88322,16.8539,41.2555,0.00026,336.19119,0.00039,0.05063,1.75345,696.2934
"methane_baseline.xmodel","manual_1637345578273",end_to_end,504,504,57.94511,293.06629,15.85451,25.38666,0.00035,336.66366,0.00064,0.04542,1.80847,730.77111
"methane_baseline.xmodel","manual_1637345578273",end_to_end,505,505,18.48688,291.86781,16.4315,29.23999,0.00029,340.29816,0.00042,0.03379,2.09419,698.45303
"methane_baseline.xmodel","manual_1637345578273",end_to_end,506,506,52.48639,290.73184,15.73361,28.37592,0.00025,336.53116,0.0004,0.04789,1.84718,725.75464
"methane_baseline.xmodel","manual_1637345578273",end_to_end,507,507,6.05719,296.69118,16.85635,24.64359,0.00025,340.41598,0.00049,0.04695,1.95438,686.66636
"methane_baseline.xmodel","manual_1637345578273",end_to_end,508,508,26.80655,263.4671,14.14838,60.6376,0.00051,340.14312,0.00034,0.0434,2.05848,707.30548
"methane_baseline.xmodel","manual_1637345578273",end_to_end,509,509,30.24069,271.73465,16.51938,46.40688,0.00033,336.70435,0.00032,0.0536,1.81992,703.48012
"methane_baseline.xmodel","manual_1637345578273",end_to_end,510,510,76.46253,258.97643,15.02171,60.79461,0.00024,337.06304,0.00033,0.03767,1.80544,750.162
"methane_baseline.xmodel","manual_1637345578273",end_to_end,511,511,34.52195,255.54599,14.10547,68.45438,0.00025,340.1984,0.00042,0.04164,1.99611,714.86461
"methane_baseline.xmodel","manual_1637345578273",end_to_end,512,512,80.83951,260.66997,14.96547,59.52667,0.0003,336.95875,0.00033,0.02716,1.78232,754.77048
"methane_baseline.xmodel","manual_1637345578273",end_to_end,513,513,52.4451,255.64045,14.14596,68.27686,0.00024,340.10561,0.00034,0.04033,1.83437,732.48926
"methane_baseline.xmodel","manual_1637345578273",end_to_end,514,514,77.45711,291.92617,14.65842,28.51481,0.00026,339.41117,0.00038,0.01973,1.7379,753.72595
"methane_baseline.xmodel","manual_1637345578273",end_to_end,515,515,54.23409,269.39617,15.52043,53.11908,0.00025,341.32073,0.00045,0.03481,1.71085,735.33686
"methane_baseline.xmodel","manual_1637345578273",end_to_end,516,516,59.12632,265.1043,15.16718,57.31418,0.0003,340.39891,0.00032,0.03163,1.70919,738.85233
"methane_baseline.xmodel","manual_1637345578273",end_to_end,517,517,26.25116,297.22296,14.57704,27.57178,0.00027,343.70888,0.00033,0.74534,1.77537,711.85313
"methane_baseline.xmodel","manual_1637345578273",end_to_end,518,518,59.04612,290.3061,14.5096,33.80351,0.00025,337.52302,0.00041,0.05034,1.8537,737.09305
"methane_baseline.xmodel","manual_1637345578273",end_to_end,519,519,29.32597,273.6392,17.26253,51.03785,0.00025,340.52997,0.00032,0.02823,1.82965,713.65397
"methane_baseline.xmodel","manual_1637345578273",end_to_end,520,520,52.20995,300.16905,15.06591,20.08721,0.00025,336.93846,0.00068,0.04106,1.84395,726.35652
"methane_baseline.xmodel","manual_1637345578273",end_to_end,521,521,37.34531,315.81128,16.69625,5.4959,0.00042,340.35141,0.0005,0.04722,2.00238,717.75067
"methane_baseline.xmodel","manual_1637345578273",end_to_end,522,522,25.95593,290.66205,16.32477,31.50577,0.00025,340.65123,0.00051,0.08902,1.89429,707.08382
"methane_baseline.xmodel","manual_1637345578273",end_to_end,523,523,3.40413,280.24494,18.36796,36.40012,0.00025,336.64745,0.00039,0.04448,1.89849,677.00821
"methane_baseline.xmodel","manual_1637345578273",end_to_end,524,524,38.27268,278.14975,18.0565,38.5516,0.00017,336.59878,0.00051,0.0372,1.81295,711.48014
"methane_baseline.xmodel","manual_1637345578273",end_to_end,525,525,33.5801,280.19902,16.8999,41.52508,0.00028,340.39935,0.00039,0.05533,1.92497,714.58442
"methane_baseline.xmodel","manual_1637345578273",end_to_end,526,526,40.51109,258.32428,13.98217,62.32343,0.00025,336.42875,0.00031,0.0518,1.92056,713.54264
"methane_baseline.xmodel","manual_1637345578273",end_to_end,527,527,43.49114,272.35729,16.29912,49.77602,0.00025,340.28138,0.00039,0.04777,1.8637,724.11706
"methane_baseline.xmodel","manual_1637345578273",end_to_end,528,528,64.19017,272.53059,15.67325,46.36553,0.0003,336.81283,0.00051,0.04669,1.90687,737.52674
"methane_baseline.xmodel","manual_1637345578273",end_to_end,529,529,51.77052,286.05094,14.87018,37.36875,0.00029,340.80655,0.00032,0.08034,1.89435,732.84224
"methane_baseline.xmodel","manual_1637345578273",end_to_end,530,530,48.35391,257.26109,14.19544,63.36525,0.00024,336.23507,0.00036,0.04677,1.81191,721.27004
"methane_baseline.xmodel","manual_1637345578273",end_to_end,531,531,39.29025,276.496,16.27704,46.13428,0.00026,339.79298,0.00055,0.04327,1.82598,719.86061
"methane_baseline.xmodel","manual_1637345578273",end_to_end,532,532,88.48562,251.82462,15.56923,70.42151,0.00032,339.65439,0.00033,0.03607,1.86252,767.85461
"methane_baseline.xmodel","manual_1637345578273",end_to_end,533,533,24.97101,252.68059,14.20726,67.3649,0.00028,335.89861,0.00033,0.03344,1.78,696.93642
"methane_baseline.xmodel","manual_1637345578273",end_to_end,534,534,95.93865,265.54466,14.78756,57.44276,0.00025,339.80241,0.00043,0.03287,1.74847,775.29806
"methane_baseline.xmodel","manual_1637345578273",end_to_end,535,535,45.58854,246.401,14.12407,73.50092,0.00024,336.23161,0.0003,0.05894,2.03018,717.9358
"methane_baseline.xmodel","manual_1637345578273",end_to_end,536,536,75.33225,301.40567,16.67524,16.33034,0.00045,336.18978,0.00033,0.04235,1.81712,747.79353
"methane_baseline.xmodel","manual_1637345578273",end_to_end,537,537,59.34845,292.06352,15.82894,29.96642,0.00031,339.38802,0.00036,0.03291,1.78576,738.41469
"methane_baseline.xmodel","manual_1637345578273",end_to_end,538,538,18.43319,256.98655,14.44306,62.65873,0.00026,336.24196,0.00032,0.03482,1.76832,690.56721
"methane_baseline.xmodel","manual_1637345578273",end_to_end,539,539,31.75028,259.84942,14.82116,62.92399,0.00026,339.32912,0.00035,0.04069,1.79096,710.50623
"methane_baseline.xmodel","manual_1637345578273",end_to_end,540,540,101.71334,262.75401,14.77377,59.95521,0.00029,339.10896,0.00062,0.0519,1.8341,780.1922
"methane_baseline.xmodel","manual_1637345578273",end_to_end,541,541,27.57947,251.4449,13.9154,69.01268,0.0003,336.02232,0.00028,0.0347,1.80203,699.81208
"methane_baseline.xmodel","manual_1637345578273",end_to_end,542,542,70.82158,256.41731,14.28246,63.50595,0.00024,336.1441,0.00046,0.05104,1.81321,743.03635
"methane_baseline.xmodel","manual_1637345578273",end_to_end,543,543,61.81562,260.92472,14.82994,61.49489,0.00026,339.14984,0.00197,0.03815,1.72612,739.98151
"methane_baseline.xmodel","manual_1637345578273",end_to_end,544,544,65.34953,303.29156,15.24079,15.76586,0.00025,336.63556,0.00029,0.03034,1.81957,738.13375
"methane_baseline.xmodel","manual_1637345578273",end_to_end,545,545,63.39468,298.53713,15.98056,22.73485,0.00024,339.0043,0.00043,0.04811,1.80854,741.50884
"methane_baseline.xmodel","manual_1637345578273",end_to_end,546,546,17.62157,229.25641,14.18921,91.3225,0.00027,337.84355,0.00034,0.03918,1.9493,692.22233
"methane_baseline.xmodel","manual_1637345578273",end_to_end,547,547,24.48383,270.50267,17.31136,49.4085,0.0003,339.72635,0.00047,0.04223,1.72435,703.20006
"methane_baseline.xmodel","manual_1637345578273",end_to_end,548,548,141.94179,234.79661,14.80604,88.25587,0.0003,339.32214,0.00045,0.03217,1.77055,820.92592
"methane_baseline.xmodel","manual_1637345578273",end_to_end,549,549,2.51415,242.52684,13.88794,79.56495,0.00037,338.54633,0.00065,0.04862,1.95408,679.04393
"methane_baseline.xmodel","manual_1637345578273",end_to_end,550,550,132.00616,287.14459,15.88986,34.48757,0.00049,339.53193,0.0004,0.04161,1.75851,810.86112
"methane_baseline.xmodel","manual_1637345578273",end_to_end,551,551,39.61875,291.0236,14.7294,30.79429,0.00027,339.22541,0.00032,0.05962,2.00037,717.45203
"methane_baseline.xmodel","manual_1637345578273",end_to_end,552,552,32.83896,271.02578,16.08598,50.07394,0.00023,338.16712,0.0005,0.04983,1.90108,710.14342
"methane_baseline.xmodel","manual_1637345578273",end_to_end,553,553,36.31369,267.9794,19.97071,49.75185,0.00029,339.12297,0.00045,0.05893,1.79721,714.9955
"methane_baseline.xmodel","manual_1637345578273",end_to_end,554,554,103.60419,241.10458,14.56234,81.63922,0.00025,338.85714,0.00048,0.03521,1.74897,781.55238
"methane_baseline.xmodel","manual_1637345578273",end_to_end,555,555,0.10018,259.173,14.13413,62.80089,0.00034,337.75239,0.00033,0.04195,2.0998,676.10301
"methane_baseline.xmodel","manual_1637345578273",end_to_end,556,556,117.32707,262.85413,15.8476,58.29371,0.00029,338.96667,0.00052,0.04078,1.75714,795.08791
"methane_baseline.xmodel","manual_1637345578273",end_to_end,557,557,30.9347,269.89305,15.77951,50.11866,0.0003,337.16044,0.00037,0.07105,1.92138,705.87946
"methane_baseline.xmodel","manual_1637345578273",end_to_end,558,558,105.68629,274.88494,16.10355,46.1743,0.00031,339.82214,0.00041,0.04437,1.77706,784.49337
"methane_baseline.xmodel","manual_1637345578273",end_to_end,559,559,6.68139,262.46758,14.514,58.02911,0.00024,336.39642,0.00034,0.05724,1.88473,680.03105
"methane_baseline.xmodel","manual_1637345578273",end_to_end,560,560,60.04092,252.34436,14.08665,67.96921,0.00029,335.7625,0.00034,0.03794,1.70953,731.95174
"methane_baseline.xmodel","manual_1637345578273",end_to_end,561,561,47.98993,264.26758,15.40432,58.32939,0.00029,338.44971,0.00048,0.03837,1.86527,726.34534
"methane_baseline.xmodel","manual_1637345578273",end_to_end,562,562,128.7845,239.43382,14.33397,82.83169,0.00027,338.55908,0.00055,0.03235,1.7736,805.74983
"methane_baseline.xmodel","manual_1637345578273",end_to_end,563,563,1.30986,222.41697,14.66463,96.73024,0.00026,335.71192,0.0003,0.03453,1.7374,672.60611
"methane_baseline.xmodel","manual_1637345578273",end_to_end,564,564,160.29424,239.73446,14.39394,82.52295,0.0003,338.59479,0.00034,0.04387,1.81214,837.39703
"methane_baseline.xmodel","manual_1637345578273",end_to_end,565,565,22.92543,231.98119,14.84137,87.13566,0.00028,335.90976,0.00035,0.03539,1.70076,694.53019
"methane_baseline.xmodel","manual_1637345578273",end_to_end,566,566,153.44555,234.74576,14.36132,87.67464,0.00024,338.70362,0.00057,0.05369,1.8176,830.80299
"methane_baseline.xmodel","manual_1637345578273",end_to_end,567,567,19.80518,217.74662,14.45932,101.91276,0.00025,335.65197,0.00029,0.04781,1.74381,691.36801
"methane_baseline.xmodel","manual_1637345578273",end_to_end,568,568,103.64893,231.64823,13.92186,88.34791,0.00031,335.78201,0.0003,0.04342,1.80596,775.19893
"methane_baseline.xmodel","manual_1637345578273",end_to_end,569,569,89.54496,244.23756,15.24998,77.35641,0.00032,338.44292,0.00047,0.04804,1.83335,766.71401
"methane_baseline.xmodel","manual_1637345578273",end_to_end,570,570,160.47449,244.22434,15.44787,76.8893,0.00028,338.67078,0.00045,0.03563,1.77598,837.51912
"methane_baseline.xmodel","manual_1637345578273",end_to_end,571,571,8.90266,257.98604,14.59458,61.39824,0.00026,335.45696,0.00044,0.05708,1.78807,680.18433
"methane_baseline.xmodel","manual_1637345578273",end_to_end,572,572,136.22389,252.78711,15.21378,68.75245,0.0003,338.55392,0.00037,0.0664,1.84782,813.44604
"methane_baseline.xmodel","manual_1637345578273",end_to_end,573,573,5.83683,248.78008,14.95345,69.87409,0.00025,335.44343,0.00034,0.04817,1.79482,676.73146
"methane_baseline.xmodel","manual_1637345578273",end_to_end,574,574,71.7329,249.65942,15.00968,68.9175,0.00024,335.6865,0.00038,0.04488,1.80834,742.85984
"methane_baseline.xmodel","manual_1637345578273",end_to_end,575,575,70.61577,252.59027,15.00693,69.11331,0.00029,338.97125,0.00041,0.04572,1.73895,748.0829
"methane_baseline.xmodel","manual_1637345578273",end_to_end,576,576,70.7872,250.05749,14.8513,68.91003,0.00024,335.6832,0.00045,0.0704,1.80174,742.16205
"methane_baseline.xmodel","manual_1637345578273",end_to_end,577,577,71.02359,261.14054,15.35967,60.56365,0.0003,338.40057,0.00071,0.03756,1.7543,748.28089
"methane_baseline.xmodel","manual_1637345578273",end_to_end,578,578,70.76459,229.33114,14.61187,89.89743,0.00025,335.33509,0.00042,0.04214,1.76291,741.74584
"methane_baseline.xmodel","manual_1637345578273",end_to_end,579,579,62.35623,243.907,14.9012,77.79344,0.00025,338.28494,0.00046,0.04576,2.01093,739.30021
"methane_baseline.xmodel","manual_1637345578273",end_to_end,580,580,91.77553,230.72881,14.30336,88.4185,0.00031,335.60321,0.00034,0.04712,1.75612,762.6333
"methane_baseline.xmodel","manual_1637345578273",end_to_end,581,581,79.61476,250.65075,14.9363,70.88279,0.0003,338.67601,0.00044,0.04862,1.77903,756.589
"methane_baseline.xmodel","manual_1637345578273",end_to_end,582,582,90.29463,233.75081,14.1875,85.78402,0.00024,335.68528,0.0006,0.05502,1.71419,761.47229
"methane_baseline.xmodel","manual_1637345578273",end_to_end,583,583,72.9315,241.62979,14.63144,80.35922,0.00027,338.25921,0.00063,0.04853,1.79939,749.65998
"methane_baseline.xmodel","manual_1637345578273",end_to_end,584,584,87.60662,251.12233,13.79606,68.94752,0.00031,335.66506,0.00038,0.04775,1.70221,758.88824
"methane_baseline.xmodel","manual_1637345578273",end_to_end,585,585,82.22823,237.82022,14.51962,84.0335,0.00033,338.21898,0.00049,0.04086,1.79681,758.65904
"methane_baseline.xmodel","manual_1637345578273",end_to_end,586,586,70.74639,235.21213,14.22052,84.43712,0.00027,335.54358,0.00043,0.03923,1.65887,741.85854
"methane_baseline.xmodel","manual_1637345578273",end_to_end,587,587,85.88197,228.02123,15.31931,93.0281,0.00029,338.0168,0.0006,0.05774,1.68309,762.00913
"methane_baseline.xmodel","manual_1637345578273",end_to_end,588,588,86.20569,433.55281,12.74015,0.04386,0.00028,336.1148,0.00034,0.07844,1.95236,870.68873
"methane_baseline.xmodel","manual_1637345578273",end_to_end,589,589,94.886,382.39559,13.29686,0.05845,0.00052,338.9531,0.00047,0.0422,1.82522,831.45841
"methane_baseline.xmodel","manual_1637345578273",end_to_end,590,590,0.00081,281.9318,15.26398,38.9553,0.00028,337.86586,0.00036,0.05261,2.02722,676.09822
"methane_baseline.xmodel","manual_1637345578273",end_to_end,591,591,0.00174,281.90004,17.12747,39.10329,0.00027,339.61267,0.00028,0.0424,1.73993,679.52809
"methane_baseline.xmodel","manual_1637345578273",end_to_end,592,592,41.02734,279.37251,15.84835,40.58214,0.00029,338.31188,0.00034,0.03902,1.85262,717.03449
"methane_baseline.xmodel","manual_1637345578273",end_to_end,593,593,40.97172,276.94413,18.63314,42.17059,0.00029,339.08965,0.00033,0.03877,1.7601,719.60872
"methane_baseline.xmodel","manual_1637345578273",end_to_end,594,594,42.7087,254.86893,14.03406,67.28478,0.00026,338.23875,0.00037,0.09032,1.92629,719.15246
"methane_baseline.xmodel","manual_1637345578273",end_to_end,595,595,43.94813,248.2396,14.72371,74.33949,0.00028,339.5062,0.00048,0.03446,1.7551,722.54745
"methane_baseline.xmodel","manual_1637345578273",end_to_end,596,596,120.30027,253.84223,15.09781,68.75522,0.0003,338.77054,0.00046,0.05465,1.79695,798.61843
"methane_baseline.xmodel","manual_1637345578273",end_to_end,597,597,25.03895,247.14392,14.17825,75.05982,0.00032,337.34145,0.00028,0.05262,2.06236,700.87797
"methane_baseline.xmodel","manual_1637345578273",end_to_end,598,598,129.29269,294.97409,15.81274,26.18079,0.00026,339.2875,0.00037,0.03836,1.74756,807.33436
"methane_baseline.xmodel","manual_1637345578273",end_to_end,599,599,18.31561,276.596,16.49934,42.27137,0.00028,336.73394,0.00066,0.03863,1.91402,692.36985
"methane_baseline.xmodel","manual_1637345578273",end_to_end,600,600,44.41528,226.18913,15.39185,93.01744,0.00036,336.34076,0.00034,0.03293,1.79549,717.18358
"methane_baseline.xmodel","manual_1637345578273",end_to_end,601,601,28.04781,238.19986,14.45747,84.7638,0.0003,339.62241,0.00034,0.04201,1.85921,706.99321
"methane_baseline.xmodel","manual_1637345578273",end_to_end,602,602,151.18275,248.81803,14.92664,74.09332,0.00025,338.55946,0.00043,0.0325,1.78696,829.40034
"methane_baseline.xmodel","manual_1637345578273",end_to_end,603,603,30.34081,239.10129,13.8202,81.44698,0.00026,335.81813,0.00033,0.0363,1.79108,702.35538
"methane_baseline.xmodel","manual_1637345578273",end_to_end,604,604,83.30648,225.48795,15.32759,93.14151,0.00031,335.79054,0.00057,0.04291,1.74055,754.83841
"methane_baseline.xmodel","manual_1637345578273",end_to_end,605,605,75.97928,252.46657,15.26055,68.93535,0.00029,338.41787,0.00043,0.04107,1.84575,752.94716
"methane_baseline.xmodel","manual_1637345578273",end_to_end,606,606,94.976,274.23753,15.72593,43.99193,0.00026,335.90282,0.00032,0.04421,1.73534,766.61434
"methane_baseline.xmodel","manual_1637345578273",end_to_end,607,607,70.75498,278.8537,17.79043,39.94724,0.00025,339.56873,0.00043,0.037,1.8683,748.82106
"methane_baseline.xmodel","manual_1637345578273",end_to_end,608,608,45.84804,213.7972,14.90211,105.35288,0.0003,335.90959,0.00034,0.04035,1.78925,717.64006
"methane_baseline.xmodel","manual_1637345578273",end_to_end,609,609,41.83736,242.55999,14.95168,80.17082,0.00025,338.64426,0.00039,0.05283,1.78295,720.00053
"methane_baseline.xmodel","manual_1637345578273",end_to_end,610,610,175.98814,243.1262,15.15604,78.42784,0.00028,338.47908,0.00031,0.0423,1.76504,852.98523
"methane_baseline.xmodel","manual_1637345578273",end_to_end,611,611,13.25349,262.27781,14.08639,57.75074,0.00026,335.48576,0.00031,0.0514,1.87533,684.78149
"methane_baseline.xmodel","manual_1637345578273",end_to_end,612,612,59.60226,274.9114,16.91279,41.81526,0.00051,335.55542,0.0003,0.03895,1.72075,730.55764
"methane_baseline.xmodel","manual_1637345578273",end_to_end,613,613,80.27493,273.39026,16.96794,46.29365,0.00031,338.56291,0.00046,0.04634,2.16288,757.69968
"methane_baseline.xmodel","manual_1637345578273",end_to_end,614,614,43.75317,243.19598,15.08705,75.33079,0.00025,335.65629,0.00036,0.04588,1.72376,714.79353
"methane_baseline.xmodel","manual_1637345578273",end_to_end,615,615,48.11208,227.27565,15.08891,94.39028,0.00025,338.58613,0.00044,0.04703,1.74541,725.24618
"methane_baseline.xmodel","manual_1637345578273",end_to_end,616,616,77.10345,216.53356,14.79553,102.55231,0.00026,335.43633,0.00045,0.03786,1.72425,748.184
"methane_baseline.xmodel","manual_1637345578273",end_to_end,617,617,96.58164,235.79031,15.53718,85.06058,0.00029,339.07694,0.00039,0.03762,1.7305,773.81545
"methane_baseline.xmodel","manual_1637345578273",end_to_end,618,618,104.33715,221.12587,14.89808,97.62605,0.00028,335.48043,0.00034,0.05554,1.78047,775.30421
"methane_baseline.xmodel","manual_1637345578273",end_to_end,619,619,86.83828,242.8868,15.96035,78.44282,0.00027,338.70052,0.00032,0.03814,1.7989,764.6664
"methane_baseline.xmodel","manual_1637345578273",end_to_end,620,620,99.41791,218.89018,14.84452,99.95503,0.00027,335.57281,0.00031,0.04505,1.74459,770.47067
"methane_baseline.xmodel","manual_1637345578273",end_to_end,621,621,80.24253,235.54588,14.94276,86.41799,0.00031,338.39717,0.00033,0.04132,1.78471,757.373
"methane_baseline.xmodel","manual_1637345578273",end_to_end,622,622,189.05078,217.76542,15.44204,103.36097,0.0003,338.36642,0.00044,0.0574,1.72388,865.76765
"methane_baseline.xmodel","manual_1637345578273",end_to_end,623,623,0.98487,218.72238,14.869,100.15214,0.00026,335.57493,0.00032,0.04059,1.73698,672.08147
"methane_baseline.xmodel","manual_1637345578273",end_to_end,624,624,192.08122,219.8583,15.53054,101.1364,0.00028,338.62333,0.00068,0.04523,1.88113,869.15711
"methane_baseline.xmodel","manual_1637345578273",end_to_end,625,625,15.05879,224.60215,14.9892,94.18467,0.0003,335.66545,0.00065,0.06105,1.73331,686.29557
"methane_baseline.xmodel","manual_1637345578273",end_to_end,626,626,95.94968,226.08286,14.91688,92.8956,0.00024,335.72464,0.00029,0.03958,1.7647,767.37447
"methane_baseline.xmodel","manual_1637345578273",end_to_end,627,627,102.92367,230.7019,15.07354,91.047,0.00025,338.44995,0.0007,0.04496,1.85424,780.09621
"methane_baseline.xmodel","manual_1637345578273",end_to_end,628,628,94.70097,208.53235,14.72967,110.65301,0.00029,336.14379,0.00095,0.07209,2.00404,766.83716
"methane_baseline.xmodel","manual_1637345578273",end_to_end,629,629,92.98515,221.55547,15.71796,99.24254,0.0003,338.94418,0.00043,0.04475,1.87318,770.36396
"methane_baseline.xmodel","manual_1637345578273",end_to_end,630,630,211.13843,207.74805,15.01528,114.27136,0.00027,339.12818,0.0003,0.03965,1.86861,889.21013
"methane_baseline.xmodel","manual_1637345578273",end_to_end,631,631,2.47002,221.7596,15.16656,97.42013,0.00027,337.37925,0.00045,0.0358,1.7965,676.02858
"methane_baseline.xmodel","manual_1637345578273",end_to_end,632,632,200.7168,205.81507,14.9932,116.39145,0.00029,339.20218,0.00046,0.04118,1.94991,879.11054
"methane_baseline.xmodel","manual_1637345578273",end_to_end,633,633,14.99003,182.55113,13.81977,138.91596,0.0003,337.23829,0.00124,0.04513,1.7558,689.31765
"methane_baseline.xmodel","manual_1637345578273",end_to_end,634,634,140.75798,202.22632,14.28007,118.87826,0.00025,335.37651,0.00037,0.03937,1.88572,813.44485
"methane_baseline.xmodel","manual_1637345578273",end_to_end,635,635,118.29549,214.72058,15.93612,106.6307,0.00025,339.51652,0.00054,0.04553,1.89223,797.03796
"methane_baseline.xmodel","manual_1637345578273",end_to_end,636,636,120.70129,241.7203,14.19829,77.64057,0.00031,335.6898,0.00034,0.03926,1.72544,791.7156
"methane_baseline.xmodel","manual_1637345578273",end_to_end,637,637,108.59131,246.04647,14.75819,76.71521,0.0003,339.42069,0.0006,0.0612,1.95799,787.55196
"methane_baseline.xmodel","manual_1637345578273",end_to_end,638,638,79.60467,223.16279,15.40766,95.14158,0.00026,335.37694,0.00036,0.04535,1.76813,750.50774
"methane_baseline.xmodel","manual_1637345578273",end_to_end,639,639,78.69342,206.58811,15.37125,115.48891,0.00027,339.17275,0.00047,0.04774,1.945,757.30792
"methane_baseline.xmodel","manual_1637345578273",end_to_end,640,640,210.15383,251.16922,14.25169,71.6977,0.00043,339.15728,0.00037,0.048,1.90595,888.38447
"methane_baseline.xmodel","manual_1637345578273",end_to_end,641,641,4.27876,260.18785,14.669,58.75452,0.0003,335.50313,0.0004,0.06357,1.76043,675.21796
"methane_baseline.xmodel","manual_1637345578273",end_to_end,642,642,60.59638,244.55227,14.35209,74.76158,0.00027,335.63913,0.00035,0.07844,1.76074,731.74125
"methane_baseline.xmodel","manual_1637345578273",end_to_end,643,643,73.7249,211.78763,15.35818,109.97844,0.00029,339.32708,0.00159,0.04159,2.01541,752.23511
"methane_baseline.xmodel","manual_1637345578273",end_to_end,644,644,76.5767,192.64613,13.93867,127.25644,0.0003,336.08443,0.00039,0.04795,1.79747,748.34848
"methane_baseline.xmodel","manual_1637345578273",end_to_end,645,645,112.10918,198.8412,16.4014,121.95773,0.0003,339.52533,0.00036,0.0756,2.26242,791.17352
"methane_baseline.xmodel","manual_1637345578273",end_to_end,646,646,129.07215,205.55067,13.92014,114.80298,0.00025,335.61411,0.00047,0.05269,1.85236,800.86582
"methane_baseline.xmodel","manual_1637345578273",end_to_end,647,647,124.03547,217.41719,14.97032,105.08251,0.00026,339.59173,0.00057,0.07449,2.11738,803.28992
"methane_baseline.xmodel","manual_1637345578273",end_to_end,648,648,116.6513,212.69882,13.71114,107.35298,0.00031,335.79991,0.00043,0.0593,1.78829,788.06248
"methane_baseline.xmodel","manual_1637345578273",end_to_end,649,649,107.4049,209.53472,14.61095,113.11123,0.00183,339.25781,0.00043,0.07696,2.15393,786.15276
"methane_baseline.xmodel","manual_1637345578273",end_to_end,650,650,109.30332,211.5092,13.6629,108.68204,0.00025,335.544,0.00056,0.05043,1.75915,780.51185
"methane_baseline.xmodel","manual_1637345578273",end_to_end,651,651,115.30806,235.91445,13.87197,87.29167,0.00027,339.01976,0.00027,0.04964,2.03792,793.49401
"methane_baseline.xmodel","manual_1637345578273",end_to_end,652,652,110.54228,254.42257,14.99132,64.26653,0.00028,335.52476,0.00044,0.05306,1.69765,781.49889
"methane_baseline.xmodel","manual_1637345578273",end_to_end,653,653,89.5538,256.33239,13.67614,66.75904,0.00026,339.42883,0.00048,0.0689,2.08609,767.90593
"methane_baseline.xmodel","manual_1637345578273",end_to_end,654,654,66.10234,247.31961,14.11247,72.25786,0.00025,335.62907,0.00099,0.04663,1.76982,737.23904
"methane_baseline.xmodel","manual_1637345578273",end_to_end,655,655,68.86961,248.45913,13.64015,75.25916,0.00029,339.41059,0.00047,0.06541,2.10907,747.81388
"methane_baseline.xmodel","manual_1637345578273",end_to_end,656,656,74.02721,237.28149,13.82944,82.7498,0.00031,335.53015,0.00042,0.04204,1.77362,745.23448
"methane_baseline.xmodel","manual_1637345578273",end_to_end,657,657,77.43865,201.03626,15.40747,120.79918,0.00025,339.38764,0.00043,0.0573,2.14383,756.27101
"methane_baseline.xmodel","manual_1637345578273",end_to_end,658,658,84.58645,174.06672,15.20662,144.42389,0.00027,336.0067,0.0004,0.04096,1.73272,756.06473
"methane_baseline.xmodel","manual_1637345578273",end_to_end,659,659,123.0265,176.71158,19.1499,141.30812,0.00026,339.57113,0.00124,0.13437,2.14695,802.05005
"methane_baseline.xmodel","manual_1637345578273",end_to_end,660,660,146.2681,189.21081,14.32973,130.62056,0.00033,337.47833,0.00031,0.04486,1.79405,819.74708
"methane_baseline.xmodel","manual_1637345578273",end_to_end,661,661,143.52716,188.76814,15.15823,133.42454,0.00029,339.29772,0.00055,0.0589,2.11664,822.35217
"methane_baseline.xmodel","manual_1637345578273",end_to_end,662,662,132.42755,169.65449,15.89861,150.12012,0.00027,335.57896,0.00037,0.04603,1.77783,805.50423
"methane_baseline.xmodel","manual_1637345578273",end_to_end,663,663,135.72679,200.62822,14.93251,121.44419,0.00026,341.3851,0.00054,0.05113,1.77998,815.94872
"methane_baseline.xmodel","manual_1637345578273",end_to_end,664,664,151.96325,187.0334,14.30826,132.39697,0.00031,336.45147,0.00032,0.07296,1.81852,824.04546
"methane_baseline.xmodel","manual_1637345578273",end_to_end,665,665,123.723,183.29596,15.44406,140.37336,0.00032,339.23578,0.00045,0.05551,1.84596,803.9744
"methane_baseline.xmodel","manual_1637345578273",end_to_end,666,666,134.34916,177.55456,15.91141,141.04226,0.00029,336.17864,0.00035,0.05479,1.73435,806.82581
"methane_baseline.xmodel","manual_1637345578273",end_to_end,667,667,142.19903,165.24662,15.78783,156.37649,0.00025,338.85109,0.00055,0.04453,1.76834,820.27473
"methane_baseline.xmodel","manual_1637345578273",end_to_end,668,668,142.96299,214.09002,13.66617,106.5067,0.0003,336.0608,0.00046,0.0459,1.73221,815.06555
"methane_baseline.xmodel","manual_1637345578273",end_to_end,669,669,158.24441,224.91567,13.96904,98.05976,0.0003,339.11227,0.00047,0.04259,1.80312,836.14763
"methane_baseline.xmodel","manual_1637345578273",end_to_end,670,670,108.29928,215.129,13.72711,105.40226,0.00027,336.05611,0.00055,0.04819,1.75618,780.41895
"methane_baseline.xmodel","manual_1637345578273",end_to_end,671,671,99.87715,195.86258,14.13742,127.29674,0.00024,339.09981,0.00036,0.03991,1.843,778.15721
"methane_baseline.xmodel","manual_1637345578273",end_to_end,672,672,107.18129,193.9791,14.71886,125.56824,0.00031,336.27234,0.00032,0.04016,1.78859,779.54921
"methane_baseline.xmodel","manual_1637345578273",end_to_end,673,673,129.15243,183.70963,14.76214,138.77675,0.00026,339.31526,0.00036,0.04631,1.88372,807.64686
"methane_baseline.xmodel","manual_1637345578273",end_to_end,674,674,127.37371,186.99787,14.60872,132.8531,0.00025,336.85058,0.00032,0.06646,1.76277,800.51378
"methane_baseline.xmodel","manual_1637345578273",end_to_end,675,675,140.68333,226.57452,13.92165,96.90755,0.00025,339.03985,0.00047,0.05563,1.9324,819.11565
"methane_baseline.xmodel","manual_1637345578273",end_to_end,676,676,134.67946,221.09809,14.01981,99.9048,0.00029,337.44729,0.00035,0.04878,1.90473,809.1036
"methane_baseline.xmodel","manual_1637345578273",end_to_end,677,677,98.82914,222.29826,13.96009,100.85981,0.00029,339.36373,0.00042,0.05167,2.77896,778.14237
"methane_baseline.xmodel","manual_1637345578273",end_to_end,678,678,101.75028,211.26519,13.87257,110.46979,0.00026,336.87604,0.00036,0.03706,1.8839,776.15545
"methane_baseline.xmodel","manual_1637345578273",end_to_end,679,679,102.9784,168.07664,16.28123,152.89386,0.00026,342.11403,0.0003,0.04688,1.87361,784.26521
"methane_baseline.xmodel","manual_1637345578273",end_to_end,680,680,112.43547,173.11273,16.13283,145.66664,0.00029,336.43338,0.00054,0.05317,1.83558,785.67063
"methane_baseline.xmodel","manual_1637345578273",end_to_end,681,681,155.71526,163.28481,14.85263,161.14545,0.00025,338.78219,0.00033,0.04688,1.91064,835.73844
"methane_baseline.xmodel","manual_1637345578273",end_to_end,682,682,147.59789,193.82249,15.32794,125.35609,0.00026,336.04918,0.00031,0.05943,1.93083,820.14442
"methane_baseline.xmodel","manual_1637345578273",end_to_end,683,683,163.06759,201.91735,13.82882,121.11517,0.00027,338.5899,0.00048,0.04744,1.8252,840.39222
"methane_baseline.xmodel","manual_1637345578273",end_to_end,684,684,127.25101,201.48804,15.42474,117.23815,0.00034,336.26744,0.0003,0.0563,1.92146,799.64778
"methane_baseline.xmodel","manual_1637345578273",end_to_end,685,685,123.09064,176.0614,14.72748,145.82763,0.00029,338.57016,0.00033,0.03418,1.91246,800.22457
"methane_baseline.xmodel","manual_1637345578273",end_to_end,686,686,119.22308,173.52977,15.73749,145.0232,0.00027,336.44009,0.00029,0.04786,1.87581,791.87786
"methane_baseline.xmodel","manual_1637345578273",end_to_end,687,687,147.6923,182.54755,13.74923,140.40532,0.00025,338.57801,0.00047,0.05427,1.91775,824.94515
"methane_baseline.xmodel","manual_1637345578273",end_to_end,688,688,147.00236,167.23069,15.96976,151.24966,0.00031,336.90181,0.00036,0.05046,1.79267,820.19808
"methane_baseline.xmodel","manual_1637345578273",end_to_end,689,689,142.37046,224.15435,13.95574,98.50685,0.00031,338.58619,0.00038,0.04935,1.84759,819.47122
"methane_baseline.xmodel","manual_1637345578273",end_to_end,690,690,153.24107,207.04913,14.67004,113.19183,0.00026,336.5969,0.00042,0.05346,1.88556,826.68867
"methane_baseline.xmodel","manual_1637345578273",end_to_end,691,691,100.47281,216.28507,13.6534,106.6701,0.00023,339.05843,0.00044,0.06966,1.89454,778.10468
"methane_baseline.xmodel","manual_1637345578273",end_to_end,692,692,115.0843,206.16667,15.17178,113.36767,0.00029,336.35456,0.00043,0.0556,1.83964,788.04094
"methane_baseline.xmodel","manual_1637345578273",end_to_end,693,693,108.58084,192.51354,13.82163,130.82068,0.00027,338.98064,0.00059,0.04088,1.86437,786.62344
"methane_baseline.xmodel","manual_1637345578273",end_to_end,694,694,115.33006,196.08485,15.62209,122.69588,0.00026,336.29354,0.00052,0.06415,1.87368,787.96503
"methane_baseline.xmodel","manual_1637345578273",end_to_end,695,695,132.77428,189.63097,13.69582,133.69164,0.00026,338.98716,0.00044,0.04675,1.88584,810.71316
"methane_baseline.xmodel","manual_1637345578273",end_to_end,696,696,124.58471,204.85388,14.76143,114.76772,0.00033,336.70524,0.00043,0.04413,2.33338,798.05125
"methane_baseline.xmodel","manual_1637345578273",end_to_end,697,697,135.62143,207.66869,13.75252,115.64468,0.0003,339.27326,0.00033,0.04485,1.90175,813.90781
"methane_baseline.xmodel","manual_1637345578273",end_to_end,698,698,116.73446,207.52193,14.78028,112.43949,0.00027,336.91672,0.00036,0.04465,1.82601,790.26417
"methane_baseline.xmodel","manual_1637345578273",end_to_end,699,699,117.59404,232.02072,14.54086,90.77047,0.00025,339.40521,0.0003,0.04722,1.92002,796.29909
"methane_baseline.xmodel","manual_1637345578273",end_to_end,700,700,114.86107,211.27039,14.7536,108.47552,0.00029,335.83364,0.00036,0.0512,1.83907,787.08514
"methane_baseline.xmodel","manual_1637345578273",end_to_end,701,701,92.73287,184.81966,13.69662,138.93159,0.00026,339.48471,0.00066,0.04418,1.86248,771.57303
"methane_baseline.xmodel","manual_1637345578273",end_to_end,702,702,110.37224,195.27266,15.2899,123.38403,0.00066,336.47332,0.00055,0.04276,1.7631,782.59922
"methane_baseline.xmodel","manual_1637345578273",end_to_end,703,703,140.91282,209.74196,13.57788,114.18953,0.00029,339.46149,0.00044,0.06218,1.82289,819.76948
"methane_baseline.xmodel","manual_1637345578273",end_to_end,704,704,125.33545,213.96102,14.83959,105.71519,0.00031,336.39447,0.00049,0.03985,1.81499,798.10136
"methane_baseline.xmodel","manual_1637345578273",end_to_end,705,705,116.1242,217.77396,14.7755,104.99132,0.00036,339.12064,0.00253,0.03714,1.83911,794.66476
"methane_baseline.xmodel","manual_1637345578273",end_to_end,706,706,107.55439,211.16755,14.50468,108.88064,0.00024,336.30785,0.00041,0.04595,1.85755,780.31926
"methane_baseline.xmodel","manual_1637345578273",end_to_end,707,707,106.87126,197.35494,13.77124,126.11764,0.00025,338.96487,0.00044,0.04554,1.79879,784.92497
"methane_baseline.xmodel","manual_1637345578273",end_to_end,708,708,110.75181,199.11351,15.03419,120.28913,0.00035,336.25852,0.00031,0.03609,1.79846,783.28237
"methane_baseline.xmodel","manual_1637345578273",end_to_end,709,709,127.9876,214.79005,13.96916,108.3389,0.00026,338.9094,0.00048,0.03672,1.83485,805.86742
"methane_baseline.xmodel","manual_1637345578273",end_to_end,710,710,122.19785,231.10823,14.78541,88.44573,0.00028,336.19801,0.00061,0.04453,1.84865,794.6293
"methane_baseline.xmodel","manual_1637345578273",end_to_end,711,711,110.17884,244.46581,15.35518,77.24667,0.00026,338.90213,0.00057,0.04256,1.78276,787.97478
"methane_baseline.xmodel","manual_1637345578273",end_to_end,712,712,90.36834,243.79592,14.66435,75.81971,0.0003,336.22151,0.00056,0.04669,1.81857,762.73595
"methane_baseline.xmodel","manual_1637345578273",end_to_end,713,713,79.12876,241.37458,15.30582,80.34247,0.00028,338.87567,0.00057,0.06166,2.12518,757.21499
"methane_baseline.xmodel","manual_1637345578273",end_to_end,714,714,77.7354,246.95337,14.52532,72.83458,0.00025,336.22187,0.0003,0.04964,1.76254,750.08327
"methane_baseline.xmodel","manual_1637345578273",end_to_end,715,715,82.17536,241.0047,14.9817,81.05342,0.00026,340.45405,0.00044,0.06422,1.88214,761.61629
"methane_baseline.xmodel","manual_1637345578273",end_to_end,716,716,74.71487,221.78278,15.10581,97.46157,0.00037,336.2614,0.00043,0.03482,1.75512,747.11717
"methane_baseline.xmodel","manual_1637345578273",end_to_end,717,717,83.26963,248.94733,15.32274,73.97565,0.00031,340.06544,0.00043,0.04184,1.95638,763.57975
"methane_baseline.xmodel","manual_1637345578273",end_to_end,718,718,99.32527,223.59195,15.86244,94.9359,0.00025,335.85716,0.00039,0.04839,1.7307,771.35245
"methane_baseline.xmodel","manual_1637345578273",end_to_end,719,719,75.91387,246.3325,15.10929,76.67851,0.00025,339.12279,0.00045,0.03447,1.76134,754.95347
"methane_baseline.xmodel","manual_1637345578273",end_to_end,720,720,96.75099,238.22531,14.76333,81.06277,0.00029,335.55461,0.00054,0.04558,1.6935,768.09692
"methane_baseline.xmodel","manual_1637345578273",end_to_end,721,721,78.68778,186.10685,13.70047,137.29972,0.00032,338.76323,0.00056,0.04612,1.7734,756.37845
"methane_baseline.xmodel","manual_1637345578273",end_to_end,722,722,82.85558,211.37542,14.45909,107.93132,0.00023,335.56213,0.00047,0.04362,1.66566,753.89352
"methane_baseline.xmodel","manual_1637345578273",end_to_end,723,723,139.13461,231.60951,15.33812,89.98516,0.00026,339.14758,0.00053,0.03346,1.77292,817.02215
"methane_baseline.xmodel","manual_1637345578273",end_to_end,724,724,109.68011,249.74506,14.63119,69.43288,0.0003,335.43864,0.00044,0.03945,1.70203,780.6701
"methane_baseline.xmodel","manual_1637345578273",end_to_end,725,725,91.82337,235.4001,15.02731,86.8784,0.00024,338.68527,0.00032,0.04257,1.84726,769.70484
"methane_baseline.xmodel","manual_1637345578273",end_to_end,726,726,71.14667,242.14624,14.76363,76.80502,0.00027,335.29249,0.00035,0.05012,1.71872,741.92351
"methane_baseline.xmodel","manual_1637345578273",end_to_end,727,727,88.71855,218.4306,15.75871,102.65261,0.00027,338.57402,0.00057,0.05598,1.70314,765.89445
"methane_baseline.xmodel","manual_1637345578273",end_to_end,728,728,78.55234,222.88941,15.14814,95.50105,0.00032,334.79198,0.00033,0.04535,1.72333,748.65225
"methane_baseline.xmodel","manual_1637345578273",end_to_end,729,729,189.36369,498.8105,13.15053,0.04717,0.00027,336.37116,0.00042,0.04484,1.71871,1039.50729
"methane_baseline.xmodel","manual_1637345578273",end_to_end,730,730,12.46107,418.9031,12.90334,0.04401,0.00026,337.66334,0.00046,0.04664,1.9457,783.96792
"methane_baseline.xmodel","manual_1637345578273",end_to_end,731,731,0.00113,255.02029,13.89347,68.77565,0.00026,339.236,0.00054,0.05141,1.81078,678.78953
"methane_baseline.xmodel","manual_1637345578273",end_to_end,732,732,0.00139,275.07158,16.96957,44.35803,0.00031,336.65074,0.00046,0.0461,1.78121,674.87939
"methane_baseline.xmodel","manual_1637345578273",end_to_end,733,733,70.77538,273.26211,18.31447,45.65955,0.00024,339.24953,0.00058,0.05394,2.01323,749.32903
"methane_baseline.xmodel","manual_1637345578273",end_to_end,734,734,46.1598,260.5171,13.99538,60.33063,0.00024,337.55045,0.00036,0.04391,1.93195,720.52982
"methane_baseline.xmodel","manual_1637345578273",end_to_end,735,735,47.54401,257.0997,14.28957,65.98644,0.00025,340.09595,0.0005,0.09782,2.17782,727.29206
"methane_baseline.xmodel","manual_1637345578273",end_to_end,736,736,62.15582,211.18649,13.84664,110.69728,0.00029,336.44927,0.00036,0.04678,1.90053,736.28346
"methane_baseline.xmodel","manual_1637345578273",end_to_end,737,737,68.10059,212.15426,13.59209,112.26746,0.00032,340.79771,0.00032,0.03901,1.85209,748.80385
"methane_baseline.xmodel","manual_1637345578273",end_to_end,738,738,112.70719,200.00039,15.01292,119.42846,0.00025,336.19047,0.00045,0.03915,1.80699,785.18627
"methane_baseline.xmodel","manual_1637345578273",end_to_end,739,739,114.54881,183.9748,14.22375,140.31904,0.00026,338.95485,0.00043,0.04424,1.83941,793.90559
"methane_baseline.xmodel","manual_1637345578273",end_to_end,740,740,121.38245,190.46384,15.30507,128.47433,0.00045,336.12822,0.00034,0.04341,1.79856,793.59667
"methane_baseline.xmodel","manual_1637345578273",end_to_end,741,741,142.2153,165.61083,16.09028,155.35934,0.00024,338.38542,0.00052,0.04541,1.86272,819.57006
"methane_baseline.xmodel","manual_1637345578273",end_to_end,742,742,130.36348,175.4523,17.98673,140.80153,0.00023,336.22214,0.0004,0.05301,2.0989,802.97872
"methane_baseline.xmodel","manual_1637345578273",end_to_end,743,743,157.27205,169.53684,15.33392,151.61085,0.00026,338.88934,0.00028,0.07238,1.96781,834.68373
"methane_baseline.xmodel","manual_1637345578273",end_to_end,744,744,142.66258,199.41965,15.2633,119.68255,0.00024,336.2676,0.00048,0.05465,1.9153,815.26635
"methane_baseline.xmodel","manual_1637345578273",end_to_end,745,745,153.52108,192.28644,13.74929,130.95165,0.00029,338.89851,0.00037,0.04427,1.8388,831.2907
"methane_baseline.xmodel","manual_1637345578273",end_to_end,746,746,121.84245,191.6914,15.05486,127.3684,0.00026,336.43707,0.00049,0.04674,1.80733,794.249
"methane_baseline.xmodel","manual_1637345578273",end_to_end,747,747,132.99412,190.84093,13.68759,132.32299,0.00027,338.73521,0.00037,0.06295,1.9842,810.62863
"methane_baseline.xmodel","manual_1637345578273",end_to_end,748,748,129.34258,202.66478,15.41914,116.37221,0.00052,336.34383,0.00086,0.053,1.89644,802.09336
"methane_baseline.xmodel","manual_1637345578273",end_to_end,749,749,134.22796,182.6046,13.69217,140.53602,0.00035,339.27699,0.00101,0.06044,1.92051,812.32005
"methane_baseline.xmodel","manual_1637345578273",end_to_end,750,750,118.24224,184.25442,14.78607,135.44137,0.00026,337.0116,0.00034,0.06916,1.9397,791.74516
"methane_baseline.xmodel","manual_1637345578273",end_to_end,751,751,142.62062,172.48981,14.95798,149.75134,0.00058,338.86672,0.00043,0.04754,1.83065,820.56567
"methane_baseline.xmodel","manual_1637345578273",end_to_end,752,752,137.39627,196.59692,15.33875,123.12935,0.00035,336.89984,0.00049,0.04984,1.82347,811.23528
"methane_baseline.xmodel","manual_1637345578273",end_to_end,753,753,151.75123,204.3169,13.8083,118.7472,0.0003,338.87104,0.00059,0.04956,1.98538,829.5305
"methane_baseline.xmodel","manual_1637345578273",end_to_end,754,754,125.16093,215.26099,14.94514,104.65949,0.00032,336.77313,0.00033,0.05046,1.79497,798.64576
"methane_baseline.xmodel","manual_1637345578273",end_to_end,755,755,120.65914,197.47062,13.65097,125.83922,0.00026,339.83965,0.00068,0.04416,1.90588,799.41058
"methane_baseline.xmodel","manual_1637345578273",end_to_end,756,756,106.52664,205.27954,15.23271,114.38832,0.00029,336.88556,0.00144,0.05934,1.77399,780.14783
"methane_baseline.xmodel","manual_1637345578273",end_to_end,757,757,127.93409,166.52531,14.02407,157.18654,0.00031,338.8552,0.00059,0.05437,1.9808,806.56128
"methane_baseline.xmodel","manual_1637345578273",end_to_end,758,758,116.24783,187.93034,14.79995,132.29806,0.00031,336.03658,0.0004,0.05104,1.90559,789.2701
"methane_baseline.xmodel","manual_1637345578273",end_to_end,759,759,288.43272,214.7875,15.28901,104.06917,0.00035,336.53681,0.00029,0.04927,2.04448,961.2096
"methane_baseline.xmodel","manual_1637345578273",end_to_end,760,760,4.88897,237.48181,14.1325,85.27701,0.00027,340.21863,0.00033,0.07623,2.01758,684.09333
"methane_baseline.xmodel","manual_1637345578273",end_to_end,761,761,87.31577,205.30332,13.63816,119.25557,0.00013,339.30191,0.00043,0.05997,1.79784,766.6731
"methane_baseline.xmodel","manual_1637345578273",end_to_end,762,762,106.02857,211.65039,14.63833,108.28331,0.00024,336.33723,0.00035,0.08884,1.73682,778.76408
"methane_baseline.xmodel","manual_1637345578273",end_to_end,763,763,121.36875,200.09351,13.75559,123.34979,0.00028,339.04269,0.00057,0.05917,1.8038,799.47415
"methane_baseline.xmodel","manual_1637345578273",end_to_end,764,764,110.46869,203.13661,14.8064,116.22391,0.00035,336.49294,0.00043,0.04622,1.8104,782.98595
"methane_baseline.xmodel","manual_1637345578273",end_to_end,765,765,125.20092,183.56075,13.56817,140.06173,0.00026,339.05422,0.00043,0.06997,1.84525,803.3617
"methane_baseline.xmodel","manual_1637345578273",end_to_end,766,766,118.03772,202.48207,15.04727,117.15956,0.00023,336.30354,0.00038,0.05913,1.76013,790.85003
"methane_baseline.xmodel","manual_1637345578273",end_to_end,767,767,259.26684,220.85177,15.28126,98.31948,0.00029,336.29838,0.00034,0.04081,1.79894,931.85811
"methane_baseline.xmodel","manual_1637345578273",end_to_end,768,768,1.66251,224.9061,15.1363,97.15247,0.00024,339.39024,0.00036,0.04246,1.77095,680.06163
"methane_baseline.xmodel","manual_1637345578273",end_to_end,769,769,99.09225,185.35324,13.50717,138.59775,0.00025,338.6171,0.00036,0.03834,1.85356,777.06002
"methane_baseline.xmodel","manual_1637345578273",end_to_end,770,770,100.18993,194.76918,14.83847,124.82122,0.00026,336.16978,0.00034,0.04229,1.79523,772.6267
"methane_baseline.xmodel","manual_1637345578273",end_to_end,771,771,251.95911,202.50719,15.07591,116.73236,0.0003,336.04243,0.00052,0.03991,1.80955,924.16728
"methane_baseline.xmodel","manual_1637345578273",end_to_end,772,772,15.12658,199.03401,13.78978,123.97013,0.00025,338.99856,0.00033,0.04978,2.09304,693.06246
"methane_baseline.xmodel","manual_1637345578273",end_to_end,773,773,125.88283,198.88081,13.71921,124.48182,0.00024,341.43878,0.00045,0.05217,1.85522,806.31153
"methane_baseline.xmodel","manual_1637345578273",end_to_end,774,774,118.56392,231.15513,14.74117,88.30852,0.00024,336.58076,0.00031,0.04675,1.78288,791.17968
"methane_baseline.xmodel","manual_1637345578273",end_to_end,775,775,126.67416,205.62349,14.21343,119.40914,0.00025,339.00871,0.00044,0.0429,1.8217,806.79422
"methane_baseline.xmodel","manual_1637345578273",end_to_end,776,776,90.15294,221.9886,15.41888,97.30595,0.00028,335.56909,0.00061,0.04114,1.75175,762.22924
"methane_baseline.xmodel","manual_1637345578273",end_to_end,777,777,121.32309,185.9908,13.67933,137.41784,0.00029,338.94847,0.00044,0.06742,1.81203,799.23971
"methane_baseline.xmodel","manual_1637345578273",end_to_end,778,778,99.13705,205.11353,14.65627,113.97429,0.00027,335.50028,0.00035,0.03856,1.70407,770.12467
"methane_baseline.xmodel","manual_1637345578273",end_to_end,779,779,237.02608,238.01118,14.35629,81.34727,0.00029,335.56719,0.00035,0.04765,1.73236,908.08866
"methane_baseline.xmodel","manual_1637345578273",end_to_end,780,780,18.02633,233.77522,14.99158,88.31901,0.00025,338.82726,0.00064,0.04918,1.83035,695.81982
"methane_baseline.xmodel","manual_1637345578273",end_to_end,781,781,90.21738,239.25805,14.84151,82.82706,0.00029,338.70686,0.00036,0.04775,1.80983,767.70909
"methane_baseline.xmodel","manual_1637345578273",end_to_end,782,782,83.08158,245.78925,14.81327,73.22016,0.00025,335.49995,0.00049,0.05768,1.76153,754.22416
"methane_baseline.xmodel","manual_1637345578273",end_to_end,783,783,84.74712,195.77315,14.47442,126.54012,0.00025,338.61801,0.00048,0.05618,1.7838,761.99353
"methane_baseline.xmodel","manual_1637345578273",end_to_end,784,784,75.0227,227.54425,15.13218,91.02493,0.00029,335.57282,0.00034,0.04191,1.8058,746.14522
"methane_baseline.xmodel","manual_1637345578273",end_to_end,785,785,216.27749,227.32832,15.12117,91.27922,0.00027,335.78448,0.00035,0.04633,2.0101,887.84773
"methane_baseline.xmodel","manual_1637345578273",end_to_end,786,786,4.97757,215.30937,15.32967,106.12573,0.00028,338.81763,0.00043,0.05099,1.83509,682.44676
"methane_baseline.xmodel","manual_1637345578273",end_to_end,787,787,107.99455,243.05895,13.85499,80.02671,0.00025,338.65704,0.00037,0.0434,1.84594,785.4822
"methane_baseline.xmodel","manual_1637345578273",end_to_end,788,788,93.12498,244.85531,14.57412,74.50862,0.0003,335.24573,0.00033,0.04449,1.69494,764.04882
"methane_baseline.xmodel","manual_1637345578273",end_to_end,789,789,81.92342,239.56144,13.57114,83.62346,0.00032,338.66381,0.00033,0.03772,1.82185,759.20349
"methane_baseline.xmodel","manual_1637345578273",end_to_end,790,790,76.56829,261.19798,15.33308,56.66083,0.00026,335.64248,0.00046,0.04513,1.70967,747.15818
"methane_baseline.xmodel","manual_1637345578273",end_to_end,791,791,85.53681,211.57714,15.06618,110.1049,0.00024,338.82768,0.00041,0.04761,1.83563,762.9966
"methane_baseline.xmodel","manual_1637345578273",end_to_end,792,792,58.41268,226.1626,15.01754,92.71511,0.00026,335.12494,0.00054,0.04529,1.70745,729.18641
"methane_baseline.xmodel","manual_1637345578273",end_to_end,793,793,111.97055,220.76936,15.68409,100.50499,0.0003,338.75127,0.0006,0.07684,1.84122,789.59922
"methane_baseline.xmodel","manual_1637345578273",end_to_end,794,794,94.47846,234.12802,14.60748,84.6279,0.00025,335.31855,0.0003,0.03214,2.07152,765.26462
"methane_baseline.xmodel","manual_1637345578273",end_to_end,795,795,173.96561,240.24308,14.62949,78.66463,0.0003,335.30693,0.00027,0.03792,1.70279,844.55102
"methane_baseline.xmodel","manual_1637345578273",end_to_end,796,796,14.843,231.32666,13.87883,91.64637,0.0003,338.89526,0.00034,0.04867,1.85224,692.49167
"methane_baseline.xmodel","manual_1637345578273",end_to_end,797,797,93.58802,237.8481,14.93113,84.18123,0.0003,338.68579,0.00034,0.03909,1.77581,771.04981
"methane_baseline.xmodel","manual_1637345578273",end_to_end,798,798,80.77414,231.6252,14.07591,87.49633,0.00026,334.69292,0.00035,0.04342,1.61966,750.32819
"methane_baseline.xmodel","manual_1637345578273",end_to_end,799,799,86.10544,422.50593,12.72947,0.04493,0.00027,341.07222,0.00046,0.05082,2.07066,864.5802
"methane_baseline.xmodel","manual_1637345578273",end_to_end,800,800,89.24431,411.42477,12.91227,0.03848,0.00026,335.76318,0.0003,0.04163,1.70276,851.12796
"methane_baseline.xmodel","manual_1637345578273",end_to_end,801,801,0.00126,273.12718,15.7078,52.27118,0.00024,339.1321,0.00043,0.04629,1.91448,682.20096
"methane_baseline.xmodel","manual_1637345578273",end_to_end,802,802,0.0014,258.73931,14.79125,62.25658,0.00029,335.80166,0.00041,0.03943,1.69203,673.32236
"methane_baseline.xmodel","manual_1637345578273",end_to_end,803,803,54.39031,266.55226,14.96692,55.47943,0.00026,339.34672,0.00038,0.04627,1.96991,732.75246
"methane_baseline.xmodel","manual_1637345578273",end_to_end,804,804,64.00506,255.1003,14.65791,64.28603,0.00029,335.79035,0.00078,0.04215,1.68374,735.56661
"methane_baseline.xmodel","manual_1637345578273",end_to_end,805,805,57.44317,285.06839,14.28315,38.01266,0.0003,339.39254,0.00044,0.0438,2.04189,736.28634
"methane_baseline.xmodel","manual_1637345578273",end_to_end,806,806,66.00553,264.03075,15.27623,54.75383,0.00021,335.80621,0.00031,0.03642,1.6846,737.59409
"methane_baseline.xmodel","manual_1637345578273",end_to_end,807,807,40.04084,282.93175,14.72487,39.6967,0.00027,339.11974,0.00041,0.05178,1.87118,718.43754
"methane_baseline.xmodel","manual_1637345578273",end_to_end,808,808,56.46592,276.05143,17.63295,40.3893,0.00027,337.32993,0.00064,0.05275,1.73574,729.65893
"methane_baseline.xmodel","manual_1637345578273",end_to_end,809,809,41.80489,257.85001,14.45425,64.70066,0.00029,339.22454,0.00036,0.05588,2.19614,720.28702
"methane_baseline.xmodel","manual_1637345578273",end_to_end,810,810,42.16326,264.03339,14.59384,56.93255,0.00025,335.83325,0.00032,0.0472,1.70941,715.31347
"methane_baseline.xmodel","manual_1637345578273",end_to_end,811,811,66.63368,262.79408,14.41099,60.08341,0.00028,339.70036,0.00055,0.04261,1.97672,745.64268
"methane_baseline.xmodel","manual_1637345578273",end_to_end,812,812,58.71217,272.00276,16.49755,45.55107,0.00024,336.48822,0.00047,0.07817,1.77641,731.10706
"methane_baseline.xmodel","manual_1637345578273",end_to_end,813,813,94.45998,276.88683,17.15025,40.69838,0.00035,336.51279,0.00045,0.08201,1.85658,767.64762
"methane_baseline.xmodel","manual_1637345578273",end_to_end,814,814,15.21334,263.7091,14.07998,59.62714,0.00078,339.86096,0.00035,0.04869,2.06127,694.60161
"methane_baseline.xmodel","manual_1637345578273",end_to_end,815,815,90.89891,265.8149,15.13795,53.72275,0.0004,336.36634,0.0003,0.062,2.02716,764.03071
"methane_baseline.xmodel","manual_1637345578273",end_to_end,816,816,13.32911,262.72604,14.00143,61.08657,0.00025,339.78241,0.00033,0.04349,1.85281,692.82244
"methane_baseline.xmodel","manual_1637345578273",end_to_end,817,817,63.20193,271.67252,15.08841,50.88976,0.00072,339.79612,0.00031,0.0441,2.08778,742.78165
"methane_baseline.xmodel","manual_1637345578273",end_to_end,818,818,55.65712,273.10369,16.32919,44.97849,0.00027,336.62921,0.00036,0.0494,1.73225,728.47998
"methane_baseline.xmodel","manual_1637345578273",end_to_end,819,819,52.8041,262.81023,14.05439,61.0129,0.00028,340.63073,0.0005,0.04779,2.00666,733.36758
"methane_baseline.xmodel","manual_1637345578273",end_to_end,820,820,47.07138,270.36767,16.63582,47.53278,0.00029,336.2739,0.00049,0.04329,1.77384,719.69946
"methane_baseline.xmodel","manual_1637345578273",end_to_end,821,821,63.1527,267.68927,14.3621,56.42112,0.00029,340.1848,0.00037,0.04925,2.02328,743.88318
"methane_baseline.xmodel","manual_1637345578273",end_to_end,822,822,49.3446,277.14638,16.52901,40.78615,0.00026,336.49095,0.00032,0.04479,1.77851,722.12097
"methane_baseline.xmodel","manual_1637345578273",end_to_end,823,823,58.47274,268.59644,14.88966,54.62226,0.00027,340.21267,0.00034,0.04818,2.02064,738.8632
"methane_baseline.xmodel","manual_1637345578273",end_to_end,824,824,42.62307,268.59601,16.40019,49.65998,0.00029,336.80967,0.00043,0.04694,1.79332,715.9299
"methane_baseline.xmodel","manual_1637345578273",end_to_end,825,825,56.70839,253.82158,13.95477,70.34649,0.0003,340.29347,0.00034,0.04675,2.62105,737.79314
"methane_baseline.xmodel","manual_1637345578273",end_to_end,826,826,51.49095,274.20391,16.41134,44.35921,0.00026,337.21269,0.00047,0.03033,1.88988,725.59904
"methane_baseline.xmodel","manual_1637345578273",end_to_end,827,827,72.42523,260.32694,14.21187,63.67513,0.00026,340.94571,0.00044,0.03512,1.7095,753.3302
"methane_baseline.xmodel","manual_1637345578273",end_to_end,828,828,46.21273,268.1287,17.56675,49.65071,0.00026,338.25131,0.00073,0.02469,1.72348,721.55936
"methane_baseline.xmodel","manual_1637345578273",end_to_end,829,829,66.40872,300.57192,15.14043,22.49322,0.00023,344.34611,0.00034,0.48554,1.73237,751.17888
"methane_baseline.xmodel","manual_1637345578273",end_to_end,830,830,51.57871,313.25288,16.92118,6.13294,0.00025,340.85325,0.00029,0.04067,1.63818,730.41835
"methane_baseline.xmodel","manual_1637345578273",end_to_end,831,831,24.24085,299.92969,14.59718,28.03414,0.00027,340.96867,0.00034,0.02721,1.83794,709.63629
"methane_baseline.xmodel","manual_1637345578273",end_to_end,832,832,7.88347,280.20881,18.03766,40.86009,0.00031,337.68305,0.00034,0.04964,1.75696,686.48033
"methane_baseline.xmodel","manual_1637345578273",end_to_end,833,833,42.60496,308.55842,16.37596,11.01134,0.00026,336.90055,0.00031,0.03709,1.8211,717.30999
"methane_baseline.xmodel","manual_1637345578273",end_to_end,834,834,30.2609,277.06652,17.36774,44.3042,0.00029,340.146,0.00057,0.03047,1.92997,711.10666
"methane_baseline.xmodel","manual_1637345578273",end_to_end,835,835,41.66299,258.521,14.30689,62.22639,0.00024,336.66771,0.00042,0.03952,1.89096,715.31612
"methane_baseline.xmodel","manual_1637345578273",end_to_end,836,836,17.37598,289.51278,16.59258,32.13408,0.00026,340.74713,0.00056,0.04695,1.87217,698.28249
"methane_baseline.xmodel","manual_1637345578273",end_to_end,837,837,64.12166,256.83852,14.01664,63.91463,0.00024,336.79192,0.00169,0.03732,1.85718,737.5798
"methane_baseline.xmodel","manual_1637345578273",end_to_end,838,838,34.10399,284.71707,15.16985,38.87756,0.00031,340.39241,0.00048,0.05331,1.91344,715.22842
"methane_baseline.xmodel","manual_1637345578273",end_to_end,839,839,77.68518,270.83771,16.73233,50.8727,0.00025,340.40069,0.00033,0.05728,1.97569,758.56216
"methane_baseline.xmodel","manual_1637345578273",end_to_end,840,840,29.02505,263.31657,14.45115,57.06627,0.00029,336.45518,0.00059,0.03825,2.00979,702.36314
"methane_baseline.xmodel","manual_1637345578273",end_to_end,841,841,74.47959,262.40167,15.61393,60.40565,0.00028,340.37342,0.00034,0.09531,1.9957,755.36589
"methane_baseline.xmodel","manual_1637345578273",end_to_end,842,842,37.35031,254.90543,13.99171,65.64777,0.00025,337.16491,0.00051,0.0439,1.90107,711.00586
"methane_baseline.xmodel","manual_1637345578273",end_to_end,843,843,67.71347,314.39931,16.37427,4.32383,0.0003,336.75439,0.00031,0.0469,1.81072,741.4235
"methane_baseline.xmodel","manual_1637345578273",end_to_end,844,844,62.46029,310.08981,17.73274,10.52221,0.00023,340.32798,0.00059,0.03832,1.86954,743.04171
"methane_baseline.xmodel","manual_1637345578273",end_to_end,845,845,6.31802,302.03044,17.38023,15.34915,0.00027,336.1155,0.00048,0.03738,1.79869,679.03016
"methane_baseline.xmodel","manual_1637345578273",end_to_end,846,846,12.60845,288.64359,15.89752,33.69567,0.00029,339.53064,0.00037,0.04881,1.87521,692.30055
"methane_baseline.xmodel","manual_1637345578273",end_to_end,847,847,43.45296,265.03555,14.73595,57.84426,0.00026,340.22164,0.00056,0.03449,1.83972,723.16539
"methane_baseline.xmodel","manual_1637345578273",end_to_end,848,848,9.39116,264.5386,14.41195,55.29057,0.00028,336.15965,0.00043,0.06221,1.87459,681.72944
"methane_baseline.xmodel","manual_1637345578273",end_to_end,849,849,86.79656,292.27273,15.81443,30.20573,0.00029,339.42455,0.00053,0.05017,1.801,766.36599
"methane_baseline.xmodel","manual_1637345578273",end_to_end,850,850,30.09486,306.3329,17.46199,10.50909,0.00076,336.39689,0.0003,0.05778,1.76767,702.62224
"methane_baseline.xmodel","manual_1637345578273",end_to_end,851,851,12.49931,282.38151,14.79035,37.24583,0.00037,336.12782,0.00046,0.03915,1.82354,684.90834
"methane_baseline.xmodel","manual_1637345578273",end_to_end,852,852,32.09434,291.58227,16.93007,29.01872,0.00025,339.50047,0.00035,0.04074,1.75879,710.926
"methane_baseline.xmodel","manual_1637345578273",end_to_end,853,853,39.08981,249.96579,14.01315,70.29758,0.00023,336.1469,0.00034,0.04624,1.74158,711.30162
"methane_baseline.xmodel","manual_1637345578273",end_to_end,854,854,30.87646,250.21676,14.47815,72.93815,0.00029,339.36984,0.00041,0.04699,1.78312,709.71017
"methane_baseline.xmodel","manual_1637345578273",end_to_end,855,855,72.19213,249.17387,14.00436,71.07067,0.00029,336.0556,0.00031,0.04118,1.84164,744.38005
"methane_baseline.xmodel","manual_1637345578273",end_to_end,856,856,74.76469,254.32429,14.68892,68.53191,0.00024,339.26445,0.00031,0.04249,1.76974,753.38704
"methane_baseline.xmodel","manual_1637345578273",end_to_end,857,857,72.87655,284.72363,14.62609,34.90042,0.00024,336.42009,0.0003,0.04596,1.90942,745.5027
"methane_baseline.xmodel","manual_1637345578273",end_to_end,858,858,70.36965,265.2832,15.4475,56.69219,0.00029,338.97161,0.00044,0.04922,1.79325,748.60735
"methane_baseline.xmodel","manual_1637345578273",end_to_end,859,859,36.79783,257.83828,14.43553,62.24395,0.00031,337.91257,0.00031,0.05034,1.88605,711.16517
"methane_baseline.xmodel","manual_1637345578273",end_to_end,860,860,58.48772,248.05124,14.93377,74.17467,0.00027,339.38937,0.00047,0.04527,1.80288,736.88566
"methane_baseline.xmodel","manual_1637345578273",end_to_end,861,861,64.21328,242.88876,14.02001,79.03315,0.00025,338.11858,0.00037,0.04508,2.02864,740.34812
"methane_baseline.xmodel","manual_1637345578273",end_to_end,862,862,76.02535,261.40415,15.43979,60.7014,0.00029,339.21578,0.00048,0.04341,1.76617,754.59682
"methane_baseline.xmodel","manual_1637345578273",end_to_end,863,863,131.41298,265.1882,18.86271,53.3118,0.00028,339.37244,0.00032,0.0522,1.75008,809.95101
"methane_baseline.xmodel","manual_1637345578273",end_to_end,864,864,12.13808,286.36233,14.90786,34.88647,0.0003,337.86485,0.00056,0.06729,2.04321,688.27095
"methane_baseline.xmodel","manual_1637345578273",end_to_end,865,865,88.37096,271.41931,18.85339,47.24037,0.00028,338.82163,0.00044,0.03737,1.76365,766.5074
"methane_baseline.xmodel","manual_1637345578273",end_to_end,866,866,3.61874,233.77343,13.8683,88.14266,0.00026,337.43216,0.00112,0.05768,1.96659,678.86094
"methane_baseline.xmodel","manual_1637345578273",end_to_end,867,867,90.2799,236.54442,13.98754,84.76573,0.0003,336.1847,0.00035,0.06508,2.0075,763.83552
"methane_baseline.xmodel","manual_1637345578273",end_to_end,868,868,49.04617,243.44806,14.58804,78.96191,0.00026,339.3183,0.00059,0.04096,1.75033,727.15462
"methane_baseline.xmodel","manual_1637345578273",end_to_end,869,869,141.10387,259.46447,15.70104,62.33962,0.00029,339.10453,0.00061,0.05007,1.82766,819.59216
"methane_baseline.xmodel","manual_1637345578273",end_to_end,870,870,26.49171,245.08972,13.98365,75.07629,0.00025,336.3757,0.00044,0.05745,1.85522,698.93043
"methane_baseline.xmodel","manual_1637345578273",end_to_end,871,871,77.16356,252.89836,14.02937,67.36463,0.00024,335.6945,0.00171,0.0447,1.73819,748.93526
"methane_baseline.xmodel","manual_1637345578273",end_to_end,872,872,64.1528,278.51699,16.46488,42.31497,0.00121,338.60586,0.00028,0.04298,1.77365,741.87362
"methane_baseline.xmodel","manual_1637345578273",end_to_end,873,873,69.27466,247.80868,13.67534,72.30657,0.00025,335.89706,0.00046,0.04907,1.73283,740.74492
"methane_baseline.xmodel","manual_1637345578273",end_to_end,874,874,44.18548,252.11466,15.38255,69.23493,0.00029,338.71217,0.00073,0.05278,1.79581,721.4794
"methane_baseline.xmodel","manual_1637345578273",end_to_end,875,875,74.10406,249.52809,13.8379,70.7304,0.00025,335.75219,0.00031,0.06162,1.74175,745.75657
"methane_baseline.xmodel","manual_1637345578273",end_to_end,876,876,71.08949,247.94342,15.33918,73.58908,0.00026,338.42495,0.00043,0.04402,1.77438,748.20521
"methane_baseline.xmodel","manual_1637345578273",end_to_end,877,877,72.53535,244.748,14.71519,74.49294,0.00025,335.77974,0.00039,0.05604,1.83953,744.16743
"methane_baseline.xmodel","manual_1637345578273",end_to_end,878,878,75.43464,265.23831,18.197,53.13746,0.00023,338.51591,0.00042,0.05072,1.7945,752.36919
"methane_baseline.xmodel","manual_1637345578273",end_to_end,879,879,76.31845,255.28442,14.07322,64.60014,0.00025,335.6788,0.0004,0.04042,1.72025,747.71635
"methane_baseline.xmodel","manual_1637345578273",end_to_end,880,880,54.94618,268.36137,16.66744,51.66563,0.00025,339.30227,0.00051,0.05158,1.78526,732.78049
"methane_baseline.xmodel","manual_1637345578273",end_to_end,881,881,66.52361,224.07576,14.74845,94.93155,0.00051,335.10693,0.00032,0.03445,1.72071,737.14229
"methane_baseline.xmodel","manual_1637345578273",end_to_end,882,882,53.5452,224.80978,15.06072,97.54076,0.00029,338.36165,0.00033,0.03747,1.85335,731.20955
"methane_baseline.xmodel","manual_1637345578273",end_to_end,883,883,96.71456,222.99657,15.11976,95.20548,0.00023,335.26612,0.0006,0.05265,1.73819,767.09416
"methane_baseline.xmodel","manual_1637345578273",end_to_end,884,884,99.37986,218.45067,14.8844,103.18184,0.00027,339.0778,0.00073,0.06726,1.73353,776.77636
"methane_baseline.xmodel","manual_1637345578273",end_to_end,885,885,96.96643,265.65309,14.89386,52.95687,0.00027,335.86559,0.00038,0.06864,1.77943,768.18456
"methane_baseline.xmodel","manual_1637345578273",end_to_end,886,886,105.08304,260.49001,15.13263,61.56084,0.0003,338.54982,0.00038,0.03743,1.93891,782.79336
"methane_baseline.xmodel","manual_1637345578273",end_to_end,887,887,54.74919,255.33919,15.1999,63.51895,0.00025,335.38433,0.00041,0.04729,1.77123,726.01074
"methane_baseline.xmodel","manual_1637345578273",end_to_end,888,888,63.39888,251.61745,14.77012,70.32604,0.00026,338.41474,0.00069,0.04104,1.89058,740.4598
"methane_baseline.xmodel","manual_1637345578273",end_to_end,889,889,65.39013,305.84567,15.79787,11.86925,0.00027,335.6366,0.00047,0.07293,1.80425,736.41744
"methane_baseline.xmodel","manual_1637345578273",end_to_end,890,890,72.30108,293.81785,13.99417,28.61873,0.00031,338.25744,0.00045,0.0525,1.77727,748.8198
"methane_baseline.xmodel","manual_1637345578273",end_to_end,891,891,13.68991,249.55816,13.98251,70.28478,0.00025,335.42506,0.00032,0.04681,1.7801,684.7679
"methane_baseline.xmodel","manual_1637345578273",end_to_end,892,892,30.56915,245.52094,15.88216,74.90439,0.00024,338.3796,0.00046,0.05118,1.7953,707.10342
"methane_baseline.xmodel","manual_1637345578273",end_to_end,893,893,72.12554,233.84002,14.27325,85.45296,0.00026,335.51432,0.00034,0.03868,1.71633,742.9617
"methane_baseline.xmodel","manual_1637345578273",end_to_end,894,894,76.7388,247.04266,14.8912,74.61233,0.0003,338.68879,0.00052,0.03498,1.98854,753.99812
"methane_baseline.xmodel","manual_1637345578273",end_to_end,895,895,87.2785,226.31953,15.48505,91.87956,0.00029,335.49415,0.0003,0.04682,1.76765,758.27185
"methane_baseline.xmodel","manual_1637345578273",end_to_end,896,896,76.45094,212.61335,15.09122,109.12783,0.00026,338.56863,0.00031,0.05046,1.78282,753.68582
"methane_baseline.xmodel","manual_1637345578273",end_to_end,897,897,93.64824,187.01208,13.90372,132.80957,0.00026,336.74568,0.00038,0.04802,1.78912,765.95707
"methane_baseline.xmodel","manual_1637345578273",end_to_end,898,898,111.17081,214.30567,15.34438,106.88061,0.00034,339.0194,0.0008,0.0451,1.86772,788.63483
"methane_baseline.xmodel","manual_1637345578273",end_to_end,899,899,134.6342,243.97945,14.19531,76.73201,0.00031,337.76399,0.00028,0.03917,1.81834,809.16306
"methane_baseline.xmodel","manual_1637345578273",end_to_end,900,900,108.6982,251.84798,15.07035,70.26476,0.00026,339.41042,0.00042,0.03985,1.86147,787.19371
"methane_baseline.xmodel","manual_1637345578273",end_to_end,901,901,78.59475,192.76263,13.95611,129.1788,0.00027,335.59406,0.00033,0.04211,1.82682,751.95588
"methane_baseline.xmodel","manual_1637345578273",end_to_end,902,902,72.18603,210.88443,15.06256,111.52814,0.0003,339.37203,0.00032,0.04127,2.04292,751.118
"methane_baseline.xmodel","manual_1637345578273",end_to_end,903,903,234.72581,202.12783,14.98712,120.3564,0.00026,339.5124,0.00049,0.05578,1.97317,913.73926
"methane_baseline.xmodel","manual_1637345578273",end_to_end,904,904,9.7546,223.24085,15.3791,95.1078,0.00029,335.77281,0.00037,0.07112,1.72246,681.0494
"methane_baseline.xmodel","manual_1637345578273",end_to_end,905,905,96.97817,204.90572,14.30203,114.70018,0.00025,335.67877,0.00028,0.04279,1.77137,768.37956
"methane_baseline.xmodel","manual_1637345578273",end_to_end,906,906,122.4681,225.89998,15.1433,96.35471,0.0003,339.39548,0.00046,0.07533,1.92062,801.25828
"methane_baseline.xmodel","manual_1637345578273",end_to_end,907,907,116.49306,186.36237,13.89139,133.63167,0.00029,335.58377,0.00029,0.05028,1.77964,787.79276
"methane_baseline.xmodel","manual_1637345578273",end_to_end,908,908,98.39722,185.95798,14.5745,136.83174,0.00026,339.09668,0.00074,0.03848,1.96183,776.85943
"methane_baseline.xmodel","manual_1637345578273",end_to_end,909,909,135.44387,174.96256,14.9501,143.8626,0.00024,335.59213,0.00041,0.05848,1.71576,806.58615
"methane_baseline.xmodel","manual_1637345578273",end_to_end,910,910,138.83783,211.06456,14.72702,111.30121,0.00029,339.28549,0.00048,0.04338,1.88453,817.14479
"methane_baseline.xmodel","manual_1637345578273",end_to_end,911,911,145.7205,216.3479,14.9928,102.3958,0.00029,335.80717,0.00057,0.04631,1.7911,817.10244
"methane_baseline.xmodel","manual_1637345578273",end_to_end,912,912,113.35082,201.72616,15.0505,120.46824,0.00026,339.42219,0.00032,0.05234,2.93799,793.00882
"methane_baseline.xmodel","manual_1637345578273",end_to_end,913,913,226.48261,219.1707,15.51205,102.75527,0.00031,339.74211,0.00046,0.08477,2.19622,905.9445
"methane_baseline.xmodel","manual_1637345578273",end_to_end,914,914,0.13766,206.3235,13.8731,113.84443,0.00025,336.41449,0.00046,0.03783,1.78537,672.41709
"methane_baseline.xmodel","manual_1637345578273",end_to_end,915,915,115.68818,208.04905,13.97902,112.5382,0.0003,335.55871,0.00046,0.06079,1.80803,787.68274
"methane_baseline.xmodel","manual_1637345578273",end_to_end,916,916,105.74499,190.5053,15.44148,130.81541,0.00026,339.51192,0.00032,0.08262,2.10935,784.21165
"methane_baseline.xmodel","manual_1637345578273",end_to_end,917,917,114.36728,197.59138,14.2231,121.9176,0.00027,335.55851,0.00043,0.0603,1.68236,785.40123
"methane_baseline.xmodel","manual_1637345578273",end_to_end,918,918,133.09771,222.61601,14.74121,99.87245,0.0003,339.20721,0.00046,0.06582,2.16079,811.76196
"methane_baseline.xmodel","manual_1637345578273",end_to_end,919,919,123.78958,216.16733,14.31101,103.2058,0.00032,335.62835,0.00033,0.04131,1.70007,794.8441
"methane_baseline.xmodel","manual_1637345578273",end_to_end,920,920,102.11098,229.98898,13.98845,93.00557,0.00026,339.68827,0.00032,0.05011,2.13768,780.97062
"methane_baseline.xmodel","manual_1637345578273",end_to_end,921,921,104.9616,177.28034,15.11675,141.48011,0.00025,335.52314,0.00049,0.04211,1.75112,776.15591
"methane_baseline.xmodel","manual_1637345578273",end_to_end,922,922,95.27409,177.09652,16.6801,143.64854,0.0003,339.0521,0.00038,0.06065,2.16788,773.98056
"methane_baseline.xmodel","manual_1637345578273",end_to_end,923,923,143.23138,193.47871,14.05401,126.24028,0.00029,335.57444,0.00037,0.03991,1.74354,814.36293
"methane_baseline.xmodel","manual_1637345578273",end_to_end,924,924,145.86625,210.35289,14.86953,111.61189,0.00027,339.69175,0.00043,0.04437,2.08547,824.52285
"methane_baseline.xmodel","manual_1637345578273",end_to_end,925,925,128.05046,188.93022,13.97542,130.85472,0.00045,335.32856,0.00032,0.10582,1.73359,798.97956
"methane_baseline.xmodel","manual_1637345578273",end_to_end,926,926,113.88253,214.46565,14.39159,108.56447,0.00027,338.93008,0.00057,0.05217,2.09352,792.38085
"methane_baseline.xmodel","manual_1637345578273",end_to_end,927,927,132.66909,213.84813,13.73138,106.01128,0.0003,337.11809,0.00043,0.04825,1.7335,805.16045
"methane_baseline.xmodel","manual_1637345578273",end_to_end,928,928,110.72211,246.92645,13.58389,76.26986,0.00027,340.27521,0.00218,0.04375,2.04911,789.87283
"methane_baseline.xmodel","manual_1637345578273",end_to_end,929,929,107.79245,264.12902,15.82798,55.3837,0.00024,336.37055,0.00046,0.04809,2.50721,782.0597
"methane_baseline.xmodel","manual_1637345578273",end_to_end,930,930,78.42967,234.32306,13.62105,90.16015,0.0003,339.71671,0.00044,0.06523,2.36123,758.67784
"methane_baseline.xmodel","manual_1637345578273",end_to_end,931,931,57.13439,194.81815,14.32634,125.43496,0.0003,336.59078,0.00033,0.04371,1.77237,730.12133
"methane_baseline.xmodel","manual_1637345578273",end_to_end,932,932,92.29647,184.12201,14.86621,138.60104,0.00099,340.39692,0.00051,0.0328,1.76462,772.08157
"methane_baseline.xmodel","manual_1637345578273",end_to_end,933,933,128.11263,205.80641,13.79062,114.31788,0.00026,335.72628,0.00056,0.04092,1.71404,799.5096
"methane_baseline.xmodel","manual_1637345578273",end_to_end,934,934,141.00004,205.84283,14.11336,118.00688,0.00029,339.10283,0.00083,0.03494,1.92457,820.02657
"methane_baseline.xmodel","manual_1637345578273",end_to_end,935,935,116.14612,235.31612,13.62727,84.95843,0.00029,336.08573,0.00028,0.04608,1.7281,787.90842
"methane_baseline.xmodel","manual_1637345578273",end_to_end,936,936,119.83689,265.53602,14.00454,57.72917,0.00027,339.26621,0.00059,0.05121,1.92551,798.35041
"methane_baseline.xmodel","manual_1637345578273",end_to_end,937,937,86.72733,259.59506,14.11849,60.60573,0.00025,335.86331,0.0003,0.05332,1.72287,758.68666
"methane_baseline.xmodel","manual_1637345578273",end_to_end,938,938,59.69224,233.04083,13.70443,90.56039,0.0003,339.29793,0.00036,0.0482,1.82794,738.17262
"methane_baseline.xmodel","manual_1637345578273",end_to_end,939,939,62.3709,242.48424,13.61397,77.99294,0.0003,336.13605,0.00052,0.04664,1.78119,734.42675
"methane_baseline.xmodel","manual_1637345578273",end_to_end,940,940,92.56779,207.58921,13.69118,116.01505,0.00022,339.31477,0.00033,0.03598,1.84787,771.0624
"methane_baseline.xmodel","manual_1637345578273",end_to_end,941,941,79.77378,219.94984,13.90556,100.50264,0.00025,336.60765,0.00037,0.10593,1.79585,752.64187
"methane_baseline.xmodel","manual_1637345578273",end_to_end,942,942,117.9157,233.54787,13.62078,90.24185,0.00028,338.95624,0.00049,0.04098,1.85271,796.1769
"methane_baseline.xmodel","manual_1637345578273",end_to_end,943,943,102.33963,249.04186,13.66509,72.08557,0.0003,337.37056,0.00034,0.05932,1.88873,776.4514
"methane_baseline.xmodel","manual_1637345578273",end_to_end,944,944,92.13764,231.73198,13.7304,91.60038,0.00023,339.02227,0.00029,0.05448,2.66888,770.94655
"methane_baseline.xmodel","manual_1637345578273",end_to_end,945,945,73.97106,211.10099,14.14031,110.25338,0.00026,337.67165,0.00049,0.07256,2.01565,749.22635
"methane_baseline.xmodel","manual_1637345578273",end_to_end,946,946,93.50344,206.66483,13.65872,116.80485,0.00031,340.99134,0.00077,0.04458,1.87814,773.54698
"methane_baseline.xmodel","manual_1637345578273",end_to_end,947,947,112.19896,223.95069,14.00934,97.78298,0.00031,336.63015,0.0003,0.05305,1.86016,786.48594
"methane_baseline.xmodel","manual_1637345578273",end_to_end,948,948,119.61177,232.75692,13.67458,91.7556,0.00027,339.29979,0.00043,0.05517,1.76903,798.92356
"methane_baseline.xmodel","manual_1637345578273",end_to_end,949,949,99.89594,225.18877,14.15497,95.18063,0.00024,335.88323,0.00029,0.05204,1.94526,772.30137
"methane_baseline.xmodel","manual_1637345578273",end_to_end,950,950,93.70484,322.9973,16.03634,0.04173,0.00025,338.50045,0.00041,0.05576,1.85397,773.19105
"methane_baseline.xmodel","manual_1637345578273",end_to_end,951,951,97.08612,302.9611,16.05573,14.96719,0.0003,336.47339,0.0007,0.04704,1.84445,769.43602
"methane_baseline.xmodel","manual_1637345578273",end_to_end,952,952,0.10099,293.16297,16.00943,29.25542,0.00026,338.53031,0.00044,0.05686,1.90589,679.02257
"methane_baseline.xmodel","manual_1637345578273",end_to_end,953,953,16.98286,250.35084,13.94191,70.17368,0.00025,336.43551,0.00035,0.05128,1.89682,689.8335
"methane_baseline.xmodel","manual_1637345578273",end_to_end,954,954,31.16009,230.59432,13.87115,92.15965,0.00033,338.6324,0.00042,0.06027,1.88375,708.36238
"methane_baseline.xmodel","manual_1637345578273",end_to_end,955,955,72.09291,243.73096,13.71838,77.07185,0.00035,336.19773,0.00046,0.05338,1.87983,744.74585
"methane_baseline.xmodel","manual_1637345578273",end_to_end,956,956,94.13609,276.20095,18.31523,42.14726,0.00029,338.66533,0.00048,0.05662,1.91647,771.43872
"methane_baseline.xmodel","manual_1637345578273",end_to_end,957,957,79.03826,312.25496,17.05203,4.92966,0.00026,336.58196,0.00031,0.06565,1.90932,751.83241
"methane_baseline.xmodel","manual_1637345578273",end_to_end,958,958,44.1111,284.8401,16.03961,35.82876,0.00031,338.71103,0.00097,0.03844,1.9,721.47032
"methane_baseline.xmodel","manual_1637345578273",end_to_end,959,959,6.87905,251.6678,13.69093,69.29237,0.0003,336.40965,0.00034,0.06057,1.83965,679.84066
"methane_baseline.xmodel","manual_1637345578273",end_to_end,960,960,37.78148,222.58806,14.05413,100.08868,0.00025,338.7735,0.00063,0.05724,1.81831,715.16228
"methane_baseline.xmodel","manual_1637345578273",end_to_end,961,961,71.26487,249.32762,13.80056,71.30658,0.00024,336.08612,0.00036,0.04306,1.8246,743.65401
"methane_baseline.xmodel","manual_1637345578273",end_to_end,962,962,102.04037,285.99133,15.34869,35.48974,0.00031,338.51224,0.00034,0.06063,1.90818,779.35183
"methane_baseline.xmodel","manual_1637345578273",end_to_end,963,963,73.23987,289.70111,14.64355,29.79957,0.00061,336.9662,0.00034,0.07649,1.65827,746.08601
"methane_baseline.xmodel","manual_1637345578273",end_to_end,964,964,37.38167,316.85113,15.08484,4.69134,0.00025,338.77416,0.00031,0.07855,2.29208,715.15433
"methane_baseline.xmodel","manual_1637345578273",end_to_end,965,965,31.69433,334.87579,13.40091,0.04225,0.00024,336.29731,0.00033,0.04264,1.90671,718.26051
"methane_baseline.xmodel","manual_1637345578273",end_to_end,966,966,6.70128,316.95226,16.31709,3.49638,0.00038,338.66046,0.00054,0.05411,1.86377,684.04627
"methane_baseline.xmodel","manual_1637345578273",end_to_end,967,967,0.00147,254.52635,13.82743,67.97166,0.00029,336.7635,0.00041,0.068,1.85746,675.01657
"methane_baseline.xmodel","manual_1637345578273",end_to_end,968,968,5.84078,257.39212,15.34708,63.5755,0.00027,338.92927,0.00055,0.04159,1.86847,682.99563
"methane_baseline.xmodel","manual_1637345578273",end_to_end,969,969,69.94101,252.84142,13.80478,68.15925,0.00025,336.70946,0.0005,0.04223,1.83982,743.33872
"methane_baseline.xmodel","manual_1637345578273",end_to_end,970,970,65.50829,242.56003,14.00759,80.43584,0.00055,338.80042,0.00038,0.03961,1.89261,743.24532
"methane_baseline.xmodel","manual_1637345578273",end_to_end,971,971,70.15288,273.32635,15.81696,45.57375,0.0003,336.58452,0.00047,0.08707,1.81038,743.35268
"methane_baseline.xmodel","manual_1637345578273",end_to_end,972,972,82.33065,233.38186,13.83048,89.68246,0.00029,338.69853,0.00042,0.05607,1.81738,759.79814
"methane_baseline.xmodel","manual_1637345578273",end_to_end,973,973,47.48199,217.47068,14.89441,102.31181,0.00037,336.01285,0.00058,0.04725,1.85911,720.07905
"methane_baseline.xmodel","manual_1637345578273",end_to_end,974,974,91.63638,205.91662,13.7055,117.12719,0.0003,338.8885,0.00061,0.04449,1.8948,769.21439
"methane_baseline.xmodel","manual_1637345578273",end_to_end,975,975,104.25031,214.47088,14.51789,105.09459,0.0006,336.45026,0.00038,0.06097,1.86651,776.71239
"methane_baseline.xmodel","manual_1637345578273",end_to_end,976,976,119.00677,266.11436,17.08285,53.81223,0.00025,338.97441,0.00031,0.05432,1.95033,796.99583
"methane_baseline.xmodel","manual_1637345578273",end_to_end,977,977,107.01444,277.08826,15.44559,42.00219,0.00041,336.81951,0.00044,0.05803,1.78658,780.21545
"methane_baseline.xmodel","manual_1637345578273",end_to_end,978,978,55.76054,296.36671,15.05659,25.58876,0.00029,339.16659,0.00034,0.09182,2.02443,734.05607
"methane_baseline.xmodel","manual_1637345578273",end_to_end,979,979,43.94498,243.72664,14.06644,77.09357,0.00029,336.1342,0.00033,0.05008,2.21888,717.23541
"methane_baseline.xmodel","manual_1637345578273",end_to_end,980,980,27.55117,216.59465,13.88154,106.67719,0.00025,339.34474,0.00048,0.05892,2.0615,706.17044
"methane_baseline.xmodel","manual_1637345578273",end_to_end,981,981,78.94899,206.03038,15.89259,112.36239,0.00028,336.50769,0.00044,0.05224,1.84677,751.64177
"methane_baseline.xmodel","manual_1637345578273",end_to_end,982,982,108.78758,215.35148,13.612,108.26751,0.0003,339.3805,0.00039,0.05141,1.79826,787.24943
"methane_baseline.xmodel","manual_1637345578273",end_to_end,983,983,114.63389,225.29714,15.1199,93.82329,0.0003,336.18619,0.0003,0.04661,1.91105,787.01867
"methane_baseline.xmodel","manual_1637345578273",end_to_end,984,984,110.3757,252.14169,15.3158,69.8089,0.00025,338.9316,0.00041,0.04339,1.78572,788.40346
"methane_baseline.xmodel","manual_1637345578273",end_to_end,985,985,95.73282,271.55034,15.35712,47.37384,0.00025,336.19432,0.00036,0.05379,1.81936,768.0822
"methane_baseline.xmodel","manual_1637345578273",end_to_end,986,986,71.64237,263.51045,15.50244,58.0522,0.00026,338.50184,0.00055,0.05195,1.84273,749.10479
"methane_baseline.xmodel","manual_1637345578273",end_to_end,987,987,49.34972,246.10093,14.36233,73.75248,0.00038,336.18337,0.00052,0.06585,1.78261,721.59819
"methane_baseline.xmodel","manual_1637345578273",end_to_end,988,988,59.90369,246.87279,15.04878,74.72846,0.00026,338.76713,0.00052,0.04939,1.79251,737.16353
"methane_baseline.xmodel","manual_1637345578273",end_to_end,989,989,75.65283,269.14703,15.29199,49.85532,0.00026,336.27469,0.00033,0.1037,1.79732,748.12347
"methane_baseline.xmodel","manual_1637345578273",end_to_end,990,990,76.63239,204.92423,13.77603,118.16254,0.00024,338.96326,0.00046,0.05257,1.81469,754.32641
"methane_baseline.xmodel","manual_1637345578273",end_to_end,991,991,51.70138,233.91416,14.88605,85.60104,0.00034,336.48882,0.00032,0.04659,1.82781,724.46651
"methane_baseline.xmodel","manual_1637345578273",end_to_end,992,992,119.99513,189.92129,15.2336,131.98422,0.00026,338.61398,0.00069,0.04113,1.78001,797.57031
"methane_baseline.xmodel","manual_1637345578273",end_to_end,993,993,87.54612,213.35535,14.63797,106.5507,0.00025,336.27869,0.00049,0.04297,1.78526,760.1978
"methane_baseline.xmodel","manual_1637345578273",end_to_end,994,994,133.86053,258.81398,15.18044,62.74439,0.0003,338.69966,0.00045,0.06141,2.08275,811.44391
"methane_baseline.xmodel","manual_1637345578273",end_to_end,995,995,108.42392,230.02162,14.59984,89.76645,0.00034,336.10658,0.00052,0.04739,1.7676,780.73426
"methane_baseline.xmodel","manual_1637345578273",end_to_end,996,996,64.58022,259.99467,15.13267,61.74386,0.0025,340.68696,0.00048,0.0478,1.81266,744.00182
"methane_baseline.xmodel","manual_1637345578273",end_to_end,997,997,91.65349,247.03615,14.54479,72.64003,0.00027,336.23043,0.00044,0.04099,1.73612,763.88271
"methane_baseline.xmodel","manual_1637345578273",end_to_end,998,998,63.92971,290.41783,14.4494,33.64054,0.00037,339.5519,0.00051,0.0404,2.08558,744.11624
"methane_baseline.xmodel","manual_1637345578273",end_to_end,999,999,74.46094,301.71362,14.67386,18.02669,0.00029,335.91033,0.00036,0.04405,1.74676,746.5769
"methane_baseline.xmodel","manual_1637345578273",end_to_end,1000,1000,35.51492,297.78845,14.78853,25.10166,0.00027,338.74633,0.00055,0.05653,1.77917,713.77641
"methane_baseline.xmodel","manual_1637345578273",end_to_end,1001,1001,19.8173,284.62693,15.04243,34.45398,0.00026,335.49433,0.00046,0.04675,1.70033,691.18277
"methane_baseline.xmodel","manual_1637345578273",end_to_end,1002,1002,27.22145,245.88043,14.60126,76.15005,0.0004,338.83478,0.00048,0.04307,1.81901,704.55093
"methane_baseline.xmodel","manual_1637345578273",end_to_end,1003,1003,36.24567,257.94753,15.03687,60.71135,0.00029,335.41395,0.00032,0.04973,1.72069,707.1264
"methane_baseline.xmodel","manual_1637345578273",end_to_end,1004,1004,77.98759,208.93292,14.94911,113.12269,0.0029,338.79273,0.00037,0.04911,1.84439,755.68181
"methane_baseline.xmodel","manual_1637345578273",end_to_end,1005,1005,62.47761,257.88541,14.76598,60.99802,0.00024,335.37955,0.00034,0.04717,1.67685,733.23117
"methane_baseline.xmodel","manual_1637345578273",end_to_end,1006,1006,115.00955,298.55368,14.81943,23.53376,0.00029,338.61023,0.00046,0.05048,1.85022,792.4281
"methane_baseline.xmodel","manual_1637345578273",end_to_end,1007,1007,62.80543,280.15876,15.56845,37.84603,0.0003,335.49233,0.00042,0.0685,1.81463,733.75485
"methane_baseline.xmodel","manual_1637345578273",end_to_end,1008,1008,25.45297,251.93681,14.30008,70.45588,0.00025,338.98679,0.00042,0.04591,1.82397,703.00308
"methane_baseline.xmodel","manual_1637345578273",end_to_end,1009,1009,39.60522,252.17327,14.91884,66.64271,0.00024,335.60224,0.00042,0.05457,1.81496,710.81247
"methane_baseline.xmodel","manual_1637345578273",end_to_end,1010,1010,72.36007,228.59123,15.8929,92.57834,0.00029,338.70443,0.00045,0.05759,1.8746,750.0599
"methane_baseline.xmodel","manual_1637345578273",end_to_end,1011,1011,68.52956,239.0766,14.39153,80.2456,0.00084,335.51819,0.00033,0.0408,1.72829,739.53174
"methane_baseline.xmodel","manual_1637345578273",end_to_end,1012,1012,176.54058,257.4807,14.89491,61.26899,0.00026,335.23516,0.00035,0.04954,1.69151,847.162
"methane_baseline.xmodel","manual_1637345578273",end_to_end,1013,1013,0.00087,287.26351,14.30939,35.28757,0.00024,338.92307,0.00051,0.04072,1.83882,677.6647
"methane_baseline.xmodel","manual_1637345578273",end_to_end,1014,1014,37.23259,273.26526,15.97172,47.74303,0.00029,338.95927,0.0005,0.04586,1.86715,715.08567
"methane_baseline.xmodel","manual_1637345578273",end_to_end,1015,1015,63.05026,270.33547,16.64136,46.47599,0.00037,335.36274,0.00038,0.04507,1.69977,733.61141
"methane_baseline.xmodel","manual_1637345578273",end_to_end,1016,1016,49.59989,276.83618,16.6362,43.60269,0.00028,339.1151,0.00033,0.03714,1.81781,727.64562
"methane_baseline.xmodel","manual_1637345578273",end_to_end,1017,1017,48.223,273.29963,17.10404,43.2024,0.0003,335.50418,0.00041,0.03639,1.73267,719.10302
"methane_baseline.xmodel","manual_1637345578273",end_to_end,1018,1018,45.54964,253.39925,14.1532,69.61667,0.00029,338.96773,0.00059,0.05088,1.9128,723.65105
"methane_baseline.xmodel","manual_1637345578273",end_to_end,1019,1019,44.97583,243.65311,14.66033,75.42385,0.00029,335.37272,0.00037,0.06939,1.71644,715.87233
"methane_baseline.xmodel","manual_1637345578273",end_to_end,1020,1020,139.41828,283.86466,15.60243,34.13576,0.00027,335.3198,0.00032,0.04081,1.72481,810.10714
"methane_baseline.xmodel","manual_1637345578273",end_to_end,1021,1021,9.29043,280.25951,15.72029,41.09818,0.00024,339.05456,0.00043,0.03394,1.87278,687.33036
"methane_baseline.xmodel","manual_1637345578273",end_to_end,1022,1022,43.04984,301.20542,14.25626,21.61986,0.00029,339.11174,0.00032,0.04745,2.00883,721.30001
"methane_baseline.xmodel","manual_1637345578273",end_to_end,1023,1023,35.91052,284.04264,16.19242,33.29628,0.0003,336.10485,0.00027,0.0431,1.75505,707.34543
"methane_baseline.xmodel","manual_1637345578273",end_to_end,1024,1024,23.52971,244.38579,13.94133,78.85652,0.00024,340.0233,0.00046,0.06063,2.23428,703.03226
"methane_baseline.xmodel","manual_1637345578273",end_to_end,1025,1025,35.06537,249.71549,14.62626,69.99805,0.00026,335.46537,0.00044,0.04671,1.74354,706.66149
"methane_baseline.xmodel","manual_1637345578273",end_to_end,1026,1026,138.36235,252.44314,14.79935,66.41813,0.00032,335.64934,0.00028,0.05187,1.74235,809.46713
"methane_baseline.xmodel","manual_1637345578273",end_to_end,1027,1027,14.38819,245.45605,14.04628,78.42847,0.00031,341.16504,0.00048,0.05122,2.02202,695.55806
"methane_baseline.xmodel","manual_1637345578273",end_to_end,1028,1028,133.37085,312.7543,16.10928,4.98884,0.00026,335.73594,0.00031,0.03532,1.68038,804.67548
"methane_baseline.xmodel","manual_1637345578273",end_to_end,1029,1029,15.58769,294.70652,14.62137,29.52965,0.00028,339.47866,0.00032,0.04466,1.90429,695.87344
"methane_baseline.xmodel","manual_1637345578273",end_to_end,1030,1030,31.62554,287.40595,14.40682,35.58046,0.0003,339.18967,0.00034,0.03294,1.92317,710.16519
"methane_baseline.xmodel","manual_1637345578273",end_to_end,1031,1031,6.76635,265.09028,16.24485,52.62024,0.00029,335.76526,0.00055,0.03734,1.67541,678.20057
"methane_baseline.xmodel","manual_1637345578273",end_to_end,1032,1032,81.17022,252.19262,14.06519,67.78128,0.00025,335.82429,0.0004,0.05217,1.68871,752.77513
"methane_baseline.xmodel","manual_1637345578273",end_to_end,1033,1033,10.70381,250.3983,14.05382,72.77675,0.00053,339.15189,0.00042,0.03986,1.94939,689.07477
"methane_baseline.xmodel","manual_1637345578273",end_to_end,1034,1034,74.75254,276.99073,15.18677,44.981,0.00028,339.18452,0.00062,0.0395,2.02976,753.16572
"methane_baseline.xmodel","manual_1637345578273",end_to_end,1035,1035,69.50899,268.78361,16.53599,48.78522,0.00031,335.7542,0.0004,0.04249,1.73087,741.14208
"methane_baseline.xmodel","manual_1637345578273",end_to_end,1036,1036,47.00032,244.12444,14.01412,79.01015,0.00026,339.56217,0.0005,0.04362,1.82661,725.58219
"methane_baseline.xmodel","manual_1637345578273",end_to_end,1037,1037,50.51839,250.75201,14.2459,69.00961,0.00026,336.27201,0.00054,0.04437,1.72263,722.56572
"methane_baseline.xmodel","manual_1637345578273",end_to_end,1038,1038,81.10649,259.52504,14.56995,63.3721,0.00031,339.55192,0.00043,0.04853,1.91651,760.09128
"methane_baseline.xmodel","manual_1637345578273",end_to_end,1039,1039,70.78906,271.94258,17.08119,45.46852,0.00029,336.63401,0.00062,0.03998,1.82886,743.78511
"methane_baseline.xmodel","manual_1637345578273",end_to_end,1040,1040,65.25184,280.06229,15.37166,42.23685,0.00028,339.56399,0.00051,0.04393,1.99418,744.52553
"methane_baseline.xmodel","manual_1637345578273",end_to_end,1041,1041,47.22214,290.28753,15.80016,28.78003,0.00026,336.53672,0.0007,0.04493,1.75099,720.42346
"methane_baseline.xmodel","manual_1637345578273",end_to_end,1042,1042,44.20517,297.55682,16.73738,23.29229,0.00024,339.44994,0.00035,0.04137,1.98988,723.27344
"methane_baseline.xmodel","manual_1637345578273",end_to_end,1043,1043,30.68492,285.74762,15.63933,33.2453,0.00031,336.12445,0.00036,0.04873,1.79743,703.28845
"methane_baseline.xmodel","manual_1637345578273",end_to_end,1044,1044,25.33862,271.12863,15.03952,51.23593,0.00026,340.2953,0.00046,0.05124,2.11435,705.20431
"methane_baseline.xmodel","manual_1637345578273",end_to_end,1045,1045,35.04183,281.36425,15.70724,37.25022,0.00026,336.71664,0.00032,0.04464,1.77115,707.89655
"methane_baseline.xmodel","manual_1637345578273",end_to_end,1046,1046,74.23969,283.20893,15.52885,36.11289,0.00037,336.47826,0.0005,0.05198,1.80832,747.42979
"methane_baseline.xmodel","manual_1637345578273",end_to_end,1047,1047,18.14879,274.5008,15.22142,48.5335,0.00028,340.3377,0.00033,0.04889,2.02058,698.81229
"methane_baseline.xmodel","manual_1637345578273",end_to_end,1048,1048,50.70244,300.22758,15.05426,22.89034,0.00024,340.16611,0.00029,0.0476,2.12258,731.21144
"methane_baseline.xmodel","manual_1637345578273",end_to_end,1049,1049,37.96299,301.5154,16.20959,16.91315,0.00025,336.62781,0.00056,0.05875,1.75657,711.04507
"methane_baseline.xmodel","manual_1637345578273",end_to_end,1050,1050,24.96676,271.07968,15.38009,51.628,0.00029,340.30249,0.00032,0.04935,2.06745,705.47443
"methane_baseline.xmodel","manual_1637345578273",end_to_end,1051,1051,18.79658,282.39523,15.31217,37.04798,0.00031,337.16822,0.0003,0.04696,1.9117,692.67945
"methane_baseline.xmodel","manual_1637345578273",end_to_end,1052,1052,53.81194,275.24208,16.762,46.11308,0.00026,340.22498,0.00054,0.04204,1.81738,734.0143
"methane_baseline.xmodel","manual_1637345578273",end_to_end,1053,1053,38.87179,290.69437,15.24768,29.41256,0.00024,336.97444,0.00032,0.0286,1.7728,713.0028
"methane_baseline.xmodel","manual_1637345578273",end_to_end,1054,1054,48.22652,285.09729,16.7653,36.2343,0.00025,344.08144,0.00031,0.02528,1.69076,732.12145
"methane_baseline.xmodel","manual_1637345578273",end_to_end,1055,1055,31.36501,309.96335,16.19065,8.86349,0.00045,338.00823,0.0003,0.03611,1.64521,706.0728
"methane_baseline.xmodel","manual_1637345578273",end_to_end,1056,1056,41.80299,273.86843,16.86693,45.47781,0.00024,336.53858,0.00028,1.00306,2.58449,718.14281
"methane_baseline.xmodel","manual_1637345578273",end_to_end,1057,1057,6.94362,261.73502,14.28433,66.1867,0.00027,341.30238,0.00036,0.03265,1.90677,692.3921
"methane_baseline.xmodel","manual_1637345578273",end_to_end,1058,1058,67.90148,285.39426,17.02822,37.15609,0.00053,340.42616,0.00035,0.05651,1.91553,749.87913
"methane_baseline.xmodel","manual_1637345578273",end_to_end,1059,1059,47.18035,253.88261,14.03015,66.91864,0.0003,336.47638,0.00029,0.56211,1.99119,721.04202
"methane_baseline.xmodel","manual_1637345578273",end_to_end,1060,1060,70.54964,254.28226,14.00017,64.56433,0.00025,336.78957,0.00038,0.0453,1.84994,742.08184
"methane_baseline.xmodel","manual_1637345578273",end_to_end,1061,1061,39.07992,286.46644,14.73973,37.29047,0.00026,340.59219,0.00037,0.0414,1.94546,720.15624
"methane_baseline.xmodel","manual_1637345578273",end_to_end,1062,1062,67.11907,292.98712,16.02542,25.21856,0.0003,336.34648,0.00048,0.04723,1.96165,739.70631
"methane_baseline.xmodel","manual_1637345578273",end_to_end,1063,1063,39.26601,295.85776,15.44885,27.3034,0.00029,340.49283,0.00044,0.06361,1.99546,720.42865
"methane_baseline.xmodel","manual_1637345578273",end_to_end,1064,1064,27.12335,267.13854,15.02071,52.2902,0.00026,336.81409,0.00036,0.03986,1.86783,700.2952
"methane_baseline.xmodel","manual_1637345578273",end_to_end,1065,1065,29.29807,269.7756,16.19087,52.53341,0.00027,340.17232,0.00035,0.0576,1.94273,709.97122
"methane_baseline.xmodel","manual_1637345578273",end_to_end,1066,1066,54.27357,285.27793,15.64956,33.86513,0.0003,336.61876,0.00046,0.06349,1.80485,727.55405
"methane_baseline.xmodel","manual_1637345578273",end_to_end,1067,1067,54.61459,277.33667,16.80423,43.95684,0.00029,340.62645,0.00071,0.0643,1.86552,735.2696
"methane_baseline.xmodel","manual_1637345578273",end_to_end,1068,1068,35.76791,310.54536,15.99088,8.16352,0.00029,335.75215,0.00034,0.04994,1.8209,708.09129
"methane_baseline.xmodel","manual_1637345578273",end_to_end,1069,1069,45.96237,300.2775,16.97091,21.37905,0.00026,339.99326,0.00045,0.04575,1.86519,726.49474
"methane_baseline.xmodel","manual_1637345578273",end_to_end,1070,1070,10.03527,263.75536,14.11776,56.01463,0.0003,336.2332,0.0003,0.03969,1.78803,681.98454
"methane_baseline.xmodel","manual_1637345578273",end_to_end,1071,1071,23.30009,260.27043,14.62601,63.16943,0.00028,339.45511,0.00048,0.03327,1.87409,702.72919
"methane_baseline.xmodel","manual_1637345578273",end_to_end,1072,1072,57.87605,246.14303,13.79876,74.41365,0.00023,336.13856,0.00033,0.03984,1.83114,730.24159
"methane_baseline.xmodel","manual_1637345578273",end_to_end,1073,1073,65.07377,257.98422,14.64082,64.9182,0.00026,339.3617,0.00044,0.05646,1.79693,743.8328
"methane_baseline.xmodel","manual_1637345578273",end_to_end,1074,1074,76.24063,266.05695,14.60946,53.6282,0.0003,336.09049,0.00027,0.04299,1.7744,748.44369
"methane_baseline.xmodel","manual_1637345578273",end_to_end,1075,1075,66.81927,276.30765,16.75029,44.40601,0.00029,339.43748,0.00034,0.04804,1.78617,745.55554
"methane_baseline.xmodel","manual_1637345578273",end_to_end,1076,1076,55.48199,250.64731,13.97978,69.5839,0.00024,336.17648,0.0003,0.03962,1.67873,727.58835
"methane_baseline.xmodel","manual_1637345578273",end_to_end,1077,1077,46.24329,255.2966,14.79247,67.50322,0.00026,339.22811,0.00032,0.03831,1.77611,724.87869
"methane_baseline.xmodel","manual_1637345578273",end_to_end,1078,1078,71.4088,257.99987,14.35439,61.9956,0.00051,336.06744,0.00033,0.04273,1.82879,743.69846
"methane_baseline.xmodel","manual_1637345578273",end_to_end,1079,1079,69.35035,255.61872,14.70928,67.05223,0.00026,339.10912,0.00047,0.0389,1.75277,747.6321
"methane_baseline.xmodel","manual_1637345578273",end_to_end,1080,1080,63.70989,258.78486,14.47887,61.0758,0.00026,336.5322,0.00028,0.0667,2.09711,736.74597
"methane_baseline.xmodel","manual_1637345578273",end_to_end,1081,1081,68.85291,260.04898,14.91522,62.32838,0.00032,339.07905,0.00048,0.04591,1.77245,747.0437
"methane_baseline.xmodel","manual_1637345578273",end_to_end,1082,1082,62.95956,291.01795,14.63725,28.99815,0.00029,337.95487,0.00055,0.04208,2.00426,737.61496
"methane_baseline.xmodel","manual_1637345578273",end_to_end,1083,1083,64.12734,272.31515,18.5997,46.36053,0.00031,339.54514,0.00057,0.04809,1.80538,742.80221
"methane_baseline.xmodel","manual_1637345578273",end_to_end,1084,1084,31.16913,223.35983,15.64984,96.7694,0.00024,338.33725,0.00032,0.04542,2.03679,707.36822
"methane_baseline.xmodel","manual_1637345578273",end_to_end,1085,1085,48.17029,251.46909,14.65831,71.59379,0.00027,339.27427,0.00043,0.04276,1.78233,726.99154
"methane_baseline.xmodel","manual_1637345578273",end_to_end,1086,1086,98.84527,232.80257,13.90097,89.56008,0.00025,337.62083,0.00377,0.05341,2.03313,774.82028
"methane_baseline.xmodel","manual_1637345578273",end_to_end,1087,1087,73.44824,247.72287,14.60323,75.08571,0.00031,339.24509,0.00038,0.05193,1.76161,751.91937
"methane_baseline.xmodel","manual_1637345578273",end_to_end,1088,1088,91.65463,233.1887,13.83823,88.50023,0.00025,337.2348,0.00038,0.07116,1.96197,766.45035
"methane_baseline.xmodel","manual_1637345578273",end_to_end,1089,1089,76.91274,262.18734,15.71803,59.52288,0.00028,338.91522,0.00058,0.03889,1.72413,755.02009
"methane_baseline.xmodel","manual_1637345578273",end_to_end,1090,1090,90.60603,281.30694,15.68527,38.15058,0.00025,335.93426,0.0003,0.03683,1.98946,763.70992
"methane_baseline.xmodel","manual_1637345578273",end_to_end,1091,1091,61.33939,269.90049,18.25893,48.93946,0.00028,339.47463,0.00041,0.04205,1.76247,739.71811
"methane_baseline.xmodel","manual_1637345578273",end_to_end,1092,1092,40.19191,234.38024,14.34639,85.16368,0.00027,335.9288,0.00039,0.04194,1.74712,711.80074
"methane_baseline.xmodel","manual_1637345578273",end_to_end,1093,1093,50.72506,239.97201,14.57749,83.1434,0.00023,338.70531,0.00046,0.0469,1.80021,728.97107
"methane_baseline.xmodel","manual_1637345578273",end_to_end,1094,1094,87.2152,229.27011,14.9654,89.64463,0.00027,335.59992,0.00043,0.05148,1.75972,758.50716
"methane_baseline.xmodel","manual_1637345578273",end_to_end,1095,1095,84.96803,249.42452,15.02236,72.4276,0.0003,338.6672,0.00046,0.03846,1.77989,762.32882
"methane_baseline.xmodel","manual_1637345578273",end_to_end,1096,1096,91.38895,295.6612,14.52928,23.62277,0.00025,336.06468,0.00032,0.03714,1.72435,763.02894
"methane_baseline.xmodel","manual_1637345578273",end_to_end,1097,1097,74.29426,284.51021,15.82791,36.45471,0.00024,338.75561,0.00047,0.04069,1.83341,751.71751
"methane_baseline.xmodel","manual_1637345578273",end_to_end,1098,1098,25.43318,239.26424,14.6999,80.27776,0.0003,335.63957,0.00033,0.04519,1.74205,697.10252
"methane_baseline.xmodel","manual_1637345578273",end_to_end,1099,1099,38.288,237.31612,14.30189,85.30798,0.0003,338.5454,0.00033,0.04279,1.83277,715.63558
"methane_baseline.xmodel","manual_1637345578273",end_to_end,1100,1100,82.05167,238.02649,14.75213,81.08578,0.00023,335.58098,0.00042,0.03649,1.78774,753.32193
"methane_baseline.xmodel","manual_1637345578273",end_to_end,1101,1101,87.18686,232.15441,14.54849,89.9567,0.00027,338.40562,0.00042,0.04699,1.76518,764.06494
"methane_baseline.xmodel","manual_1637345578273",end_to_end,1102,1102,82.88131,227.30129,14.50497,91.98194,0.00023,335.56513,0.00038,0.04776,1.7523,754.03531
"methane_baseline.xmodel","manual_1637345578273",end_to_end,1103,1103,91.82143,239.87984,14.90692,81.74621,0.0003,338.75041,0.00044,0.09149,1.80208,768.99912
"methane_baseline.xmodel","manual_1637345578273",end_to_end,1104,1104,93.81859,258.62316,14.22264,60.88377,0.00025,335.21318,0.00038,0.03887,1.79352,764.59436
"methane_baseline.xmodel","manual_1637345578273",end_to_end,1105,1105,83.54987,249.72931,14.88848,72.36621,0.00032,338.50342,0.00043,0.04093,1.80477,760.88374
"methane_baseline.xmodel","manual_1637345578273",end_to_end,1106,1106,62.70858,225.53851,14.94063,92.91319,0.00026,335.61419,0.00053,0.05472,1.77287,733.54348
"methane_baseline.xmodel","manual_1637345578273",end_to_end,1107,1107,74.23043,221.49052,15.05172,100.10132,0.00025,338.82995,0.00033,0.04036,1.78992,751.5348
"methane_baseline.xmodel","manual_1637345578273",end_to_end,1108,1108,173.92595,242.79388,14.73937,79.45114,0.00026,338.76034,0.0006,0.04413,1.75353,851.4692
"methane_baseline.xmodel","manual_1637345578273",end_to_end,1109,1109,22.76521,219.28825,15.08062,99.40134,0.00027,335.33634,0.00044,0.0533,1.80937,693.73514
"methane_baseline.xmodel","manual_1637345578273",end_to_end,1110,1110,101.23403,253.97901,15.49629,64.03825,0.00054,335.42558,0.00041,0.05915,1.73169,771.96495
"methane_baseline.xmodel","manual_1637345578273",end_to_end,1111,1111,81.32317,254.97091,14.83036,67.09368,0.00032,338.35728,0.00044,0.04295,1.86434,758.48345
"methane_baseline.xmodel","manual_1637345578273",end_to_end,1112,1112,65.91699,225.08512,14.94441,93.52196,0.00024,335.5439,0.00033,0.04153,1.72268,736.77716
"methane_baseline.xmodel","manual_1637345578273",end_to_end,1113,1113,68.89506,233.7625,14.86121,87.93114,0.00026,338.40407,0.00031,0.04015,1.81054,745.70524
"methane_baseline.xmodel","manual_1637345578273",end_to_end,1114,1114,184.16185,204.29959,14.72333,117.47309,0.00025,338.38422,0.00047,0.05377,1.79325,860.88982
"methane_baseline.xmodel","manual_1637345578273",end_to_end,1115,1115,0.9907,209.64508,14.63537,109.47683,0.0003,335.57084,0.00035,0.04728,1.73545,672.1022
"methane_baseline.xmodel","manual_1637345578273",end_to_end,1116,1116,111.25221,237.83681,14.5383,81.42119,0.0003,335.68542,0.00048,0.04159,1.69984,782.47614
"methane_baseline.xmodel","manual_1637345578273",end_to_end,1117,1117,119.32906,252.0403,14.7552,69.73264,0.00028,338.54108,0.00044,0.05097,1.79983,796.2498
"methane_baseline.xmodel","manual_1637345578273",end_to_end,1118,1118,83.20766,250.58803,14.16852,69.14363,0.00029,335.76598,0.00037,0.03551,1.7184,754.62839
"methane_baseline.xmodel","manual_1637345578273",end_to_end,1119,1119,71.5922,246.2219,15.06557,75.38677,0.00024,338.3526,0.00047,0.04059,1.85959,748.51993
"methane_baseline.xmodel","manual_1637345578273",end_to_end,1120,1120,70.90269,184.2233,14.08697,135.69111,0.00025,336.88744,0.00038,0.0392,1.76006,743.5914
"methane_baseline.xmodel","manual_1637345578273",end_to_end,1121,1121,77.25059,204.10182,14.81146,117.58273,0.00034,339.11439,0.00044,0.04779,1.84706,754.75662
"methane_baseline.xmodel","manual_1637345578273",end_to_end,1122,1122,137.46957,205.83182,14.35172,114.92313,0.00029,337.43766,0.00047,0.06311,1.78132,811.85909
"methane_baseline.xmodel","manual_1637345578273",end_to_end,1123,1123,119.4845,210.39535,15.05386,111.75329,0.00031,339.60841,0.00037,0.05464,2.03181,798.38254
"methane_baseline.xmodel","manual_1637345578273",end_to_end,1124,1124,116.73151,236.48149,14.09623,85.06059,0.00025,335.54235,0.00038,0.05339,1.84146,789.80765
"methane_baseline.xmodel","manual_1637345578273",end_to_end,1125,1125,113.6497,231.89769,16.13052,89.68738,0.00027,339.37974,0.00041,0.05348,2.0133,792.81249
"methane_baseline.xmodel","manual_1637345578273",end_to_end,1126,1126,86.92364,196.88489,14.42967,122.37172,0.0003,335.63236,0.00031,0.03845,1.7172,757.99854
"methane_baseline.xmodel","manual_1637345578273",end_to_end,1127,1127,91.80706,202.81845,14.98584,119.45501,0.00066,339.17883,0.00072,0.05668,1.90186,770.20511
"methane_baseline.xmodel","manual_1637345578273",end_to_end,1128,1128,124.26493,198.33316,14.29534,121.10017,0.00026,335.63959,0.00033,0.06259,1.73154,795.42791
"methane_baseline.xmodel","manual_1637345578273",end_to_end,1129,1129,121.52998,197.97036,15.03865,124.10071,0.00026,339.38542,0.00046,0.04696,1.93527,800.00807
"methane_baseline.xmodel","manual_1637345578273",end_to_end,1130,1130,122.88053,188.77675,13.8535,131.24126,0.00047,335.57842,0.00046,0.05755,1.71385,794.10279
"methane_baseline.xmodel","manual_1637345578273",end_to_end,1131,1131,126.0631,213.71474,14.87249,108.8234,0.00024,339.20747,0.00083,0.04189,1.99346,804.71762
"methane_baseline.xmodel","manual_1637345578273",end_to_end,1132,1132,133.05622,204.82314,14.04391,114.89591,0.00024,335.52184,0.00055,0.04462,1.72747,804.1139
"methane_baseline.xmodel","manual_1637345578273",end_to_end,1133,1133,110.80945,212.0146,15.91077,109.30061,0.00026,339.45407,0.00076,0.08464,2.00245,789.57761
"methane_baseline.xmodel","manual_1637345578273",end_to_end,1134,1134,116.68882,193.80927,13.9838,125.9357,0.00024,335.78677,0.0003,0.03814,1.76518,788.00822
"methane_baseline.xmodel","manual_1637345578273",end_to_end,1135,1135,111.39987,189.24904,15.06316,133.05075,0.00031,339.67478,0.00066,0.19406,2.37526,791.00789
"methane_baseline.xmodel","manual_1637345578273",end_to_end,1136,1136,127.71791,191.94983,14.25645,127.79425,0.00044,335.75739,0.00069,0.05053,1.74378,799.27127
"methane_baseline.xmodel","manual_1637345578273",end_to_end,1137,1137,135.14104,189.03577,15.26971,133.317,0.00069,340.60355,0.00066,0.1355,2.09401,815.59793
"methane_baseline.xmodel","manual_1637345578273",end_to_end,1138,1138,257.21147,200.377,15.08742,122.58846,0.00029,339.33649,0.00031,0.06625,2.21541,936.8831
"methane_baseline.xmodel","manual_1637345578273",end_to_end,1139,1139,8.23158,192.10788,14.04973,127.79717,0.0003,335.95403,0.00035,0.04683,1.78071,679.96858
"methane_baseline.xmodel","manual_1637345578273",end_to_end,1140,1140,129.62651,211.27184,13.79594,109.05728,0.00026,335.85916,0.00036,0.05311,1.77867,801.44313
"methane_baseline.xmodel","manual_1637345578273",end_to_end,1141,1141,124.857,191.99185,15.00707,130.07449,0.00025,339.05854,0.00059,0.05217,2.24681,803.28877
"methane_baseline.xmodel","manual_1637345578273",end_to_end,1142,1142,110.90674,182.07448,13.92267,138.01093,0.0003,335.59154,0.00038,0.05669,1.72308,782.28681
"methane_baseline.xmodel","manual_1637345578273",end_to_end,1143,1143,132.37713,191.23808,15.01869,130.50271,0.00023,339.08515,0.00043,0.06369,2.0229,810.30901
"methane_baseline.xmodel","manual_1637345578273",end_to_end,1144,1144,139.87722,193.21396,14.14079,126.37183,0.00025,335.53666,0.00046,0.04437,1.81633,811.00187
"methane_baseline.xmodel","manual_1637345578273",end_to_end,1145,1145,132.81878,204.0797,15.25533,117.43899,0.00026,339.40342,0.0006,0.05075,2.16303,811.21086
"methane_baseline.xmodel","manual_1637345578273",end_to_end,1146,1146,128.14855,196.18134,14.21426,123.36265,0.0003,335.58104,0.00042,0.0454,1.77054,799.3045
"methane_baseline.xmodel","manual_1637345578273",end_to_end,1147,1147,119.54476,201.95574,15.69708,119.64362,0.00056,339.38975,0.00043,0.04485,2.04005,798.31684
"methane_baseline.xmodel","manual_1637345578273",end_to_end,1148,1148,125.24274,172.54309,15.37094,145.78247,0.00025,335.96332,0.0003,0.04978,1.77314,796.72603
"methane_baseline.xmodel","manual_1637345578273",end_to_end,1149,1149,121.89883,191.87173,15.521,129.75273,0.00027,339.61857,0.00041,0.04791,2.15423,800.86568
"methane_baseline.xmodel","manual_1637345578273",end_to_end,1150,1150,147.61647,193.65659,14.15342,126.32405,0.00024,337.41123,0.00039,0.04061,1.74521,820.94821
"methane_baseline.xmodel","manual_1637345578273",end_to_end,1151,1151,131.92615,204.10544,14.5421,118.79266,0.00028,339.40968,0.00052,0.0674,2.10056,810.94479
"methane_baseline.xmodel","manual_1637345578273",end_to_end,1152,1152,128.15928,225.63986,14.59673,95.33949,0.00025,336.15611,0.00039,0.0463,2.44724,802.38565
"methane_baseline.xmodel","manual_1637345578273",end_to_end,1153,1153,121.02342,219.0975,14.00328,104.08955,0.00028,340.78892,0.00068,0.04127,1.92708,800.97198
"methane_baseline.xmodel","manual_1637345578273",end_to_end,1154,1154,97.15096,207.31497,13.79792,113.23017,0.00025,336.15791,0.00041,0.04592,1.70054,769.39905
"methane_baseline.xmodel","manual_1637345578273",end_to_end,1155,1155,106.26549,196.51363,14.85381,127.24095,0.00029,339.75865,0.00044,0.05369,1.81007,786.49702
"methane_baseline.xmodel","manual_1637345578273",end_to_end,1156,1156,115.79777,190.19206,14.00303,129.40025,0.00023,335.97503,0.00044,0.0434,1.68861,787.10082
"methane_baseline.xmodel","manual_1637345578273",end_to_end,1157,1157,129.22027,195.17319,14.80575,127.79826,0.00029,339.19709,0.00027,0.04698,1.84446,808.08656
"methane_baseline.xmodel","manual_1637345578273",end_to_end,1158,1158,131.15586,197.6952,14.51489,122.01219,0.00033,336.13556,0.00047,0.04488,1.71466,803.27404
"methane_baseline.xmodel","manual_1637345578273",end_to_end,1159,1159,129.67099,215.95736,13.90648,107.46678,0.00029,339.20966,0.00037,0.04914,1.83296,808.09403
"methane_baseline.xmodel","manual_1637345578273",end_to_end,1160,1160,123.75866,205.24363,14.06082,115.08815,0.00027,336.06061,0.00057,0.07199,1.65476,795.93946
"methane_baseline.xmodel","manual_1637345578273",end_to_end,1161,1161,109.35061,183.90385,15.03764,138.37745,0.00025,339.69718,0.00062,0.05937,1.7313,788.15827
"methane_baseline.xmodel","manual_1637345578273",end_to_end,1162,1162,116.84313,385.32794,12.96832,0.05505,0.00027,335.54224,0.00048,1.12549,1.90938,853.7723
"methane_baseline.xmodel","manual_1637345578273",end_to_end,1163,1163,140.27082,361.34491,14.15414,0.07195,0.00031,339.2134,0.00059,1.15932,1.84653,858.06197
"methane_baseline.xmodel","manual_1637345578273",end_to_end,1164,1164,0.00274,289.0976,15.47714,31.01986,0.00029,337.84758,0.00048,0.53423,1.8373,675.81722
"methane_baseline.xmodel","manual_1637345578273",end_to_end,1165,1165,0.00297,264.44544,13.89455,59.75181,0.0003,342.08474,0.00066,0.04651,2.0404,682.26738
"methane_baseline.xmodel","manual_1637345578273",end_to_end,1166,1166,34.04121,283.35505,15.53947,35.93045,0.00025,336.43916,0.00063,0.04395,2.53949,707.88966
"methane_baseline.xmodel","manual_1637345578273",end_to_end,1167,1167,62.814,273.88494,16.073,49.06565,0.00028,339.89186,0.00063,0.06433,2.3108,744.10549
"methane_baseline.xmodel","manual_1637345578273",end_to_end,1168,1168,38.27704,237.39813,13.81799,82.87413,0.00026,336.99231,0.00037,0.04571,1.74408,711.15002
"methane_baseline.xmodel","manual_1637345578273",end_to_end,1169,1169,51.18988,218.44866,14.05838,105.2585,0.00027,340.39033,0.00053,0.04325,1.82684,731.21664
"methane_baseline.xmodel","manual_1637345578273",end_to_end,1170,1170,85.48125,200.11668,14.25428,120.01104,0.00031,335.77432,0.00035,0.0447,1.77946,757.46239
"methane_baseline.xmodel","manual_1637345578273",end_to_end,1171,1171,107.69848,192.51712,15.0465,130.37761,0.0003,339.07052,0.00051,0.04693,1.77042,786.52839
"methane_baseline.xmodel","manual_1637345578273",end_to_end,1172,1172,121.83009,195.98513,14.52315,123.44989,0.00025,336.0871,0.00048,0.04149,1.82545,793.74303
"methane_baseline.xmodel","manual_1637345578273",end_to_end,1173,1173,132.26505,228.41098,14.13242,94.64885,0.00026,339.10434,0.00028,0.04763,1.81364,810.42345
"methane_baseline.xmodel","manual_1637345578273",end_to_end,1174,1174,125.27205,218.04198,13.9708,102.23151,0.00025,336.32438,0.00052,0.0444,1.74802,797.63391
"methane_baseline.xmodel","manual_1637345578273",end_to_end,1175,1175,96.46936,201.36629,13.98574,121.93504,0.0003,339.59175,0.00046,0.0372,1.79821,775.18435
"methane_baseline.xmodel","manual_1637345578273",end_to_end,1176,1176,104.12328,169.45343,16.3159,148.66116,0.00025,336.41192,0.00051,0.04214,1.75328,776.76187
"methane_baseline.xmodel","manual_1637345578273",end_to_end,1177,1177,123.84065,177.05238,16.3567,144.27346,0.00025,339.50171,0.00047,0.04757,1.89058,802.96377
"methane_baseline.xmodel","manual_1637345578273",end_to_end,1178,1178,150.47983,175.56981,16.05763,142.97026,0.00029,336.6162,0.00064,0.03983,1.69123,823.42572
"methane_baseline.xmodel","manual_1637345578273",end_to_end,1179,1179,146.11783,177.72416,15.91098,144.01441,0.00029,339.14123,0.00058,0.05217,1.88734,824.84899
"methane_baseline.xmodel","manual_1637345578273",end_to_end,1180,1180,144.77831,233.9601,13.58504,87.26578,0.00026,336.88112,0.00044,0.03779,1.94598,818.45482
"methane_baseline.xmodel","manual_1637345578273",end_to_end,1181,1181,145.87179,215.01924,13.51482,108.64511,0.0003,339.47769,0.00045,0.04173,2.67198,825.24311
"methane_baseline.xmodel","manual_1637345578273",end_to_end,1182,1182,89.00836,188.43876,15.09354,131.60719,0.00033,336.67257,0.00043,0.04121,1.83562,762.69801
"methane_baseline.xmodel","manual_1637345578273",end_to_end,1183,1183,110.61787,177.13026,15.94757,144.42481,0.0004,341.93701,0.00038,0.04716,1.8665,791.97196
"methane_baseline.xmodel","manual_1637345578273",end_to_end,1184,1184,133.59904,188.59663,15.08904,130.9958,0.0003,336.43364,0.00035,0.0557,1.79485,806.56535
"methane_baseline.xmodel","manual_1637345578273",end_to_end,1185,1185,147.1463,173.9497,16.10457,149.16562,0.00026,338.91122,0.00042,0.04601,1.92236,827.24646
"methane_baseline.xmodel","manual_1637345578273",end_to_end,1186,1186,132.8972,189.5786,14.64941,130.30902,0.00026,335.96613,0.00052,0.0468,1.91636,805.3643
"methane_baseline.xmodel","manual_1637345578273",end_to_end,1187,1187,151.09296,196.62745,13.75023,126.61407,0.00028,338.63676,0.00042,0.0437,1.8368,828.60267
"methane_baseline.xmodel","manual_1637345578273",end_to_end,1188,1188,132.16496,203.01853,15.15477,115.93529,0.00025,336.22611,0.00034,0.04829,1.931,804.47954
"methane_baseline.xmodel","manual_1637345578273",end_to_end,1189,1189,128.58469,196.27216,13.72536,126.67215,0.00026,338.88083,0.00039,0.03854,1.87802,806.0524
"methane_baseline.xmodel","manual_1637345578273",end_to_end,1190,1190,117.94043,193.37606,15.52266,125.32951,0.00031,336.2932,0.00033,0.04816,1.83954,790.3502
"methane_baseline.xmodel","manual_1637345578273",end_to_end,1191,1191,128.57389,158.77461,15.23608,162.96829,0.00028,338.80707,0.00048,0.05009,1.93842,806.34921
"methane_baseline.xmodel","manual_1637345578273",end_to_end,1192,1192,127.34631,194.47249,15.55133,124.25978,0.00026,336.58635,0.00063,0.03908,1.78204,800.03827
"methane_baseline.xmodel","manual_1637345578273",end_to_end,1193,1193,164.92869,163.5269,14.53444,158.79333,0.00079,338.85967,0.00028,0.04277,1.86176,842.54863
"methane_baseline.xmodel","manual_1637345578273",end_to_end,1194,1194,126.18453,208.1461,14.97632,111.54453,0.00028,336.53675,0.00044,0.04172,1.8163,799.24697
"methane_baseline.xmodel","manual_1637345578273",end_to_end,1195,1195,160.76928,212.82824,13.61366,110.43018,0.0003,339.07376,0.00075,0.04139,1.87103,838.62859
"methane_baseline.xmodel","manual_1637345578273",end_to_end,1196,1196,113.40154,209.22264,14.71064,110.75104,0.00025,336.18038,0.00035,0.06058,1.82467,786.15209
"methane_baseline.xmodel","manual_1637345578273",end_to_end,1197,1197,112.34574,189.80093,13.70492,133.66065,0.00028,338.97891,0.00047,0.04064,1.83493,790.36747
"methane_baseline.xmodel","manual_1637345578273",end_to_end,1198,1198,112.63266,208.02601,14.88394,111.3824,0.00031,336.26431,0.00031,0.04689,1.8631,785.09993
"methane_baseline.xmodel","manual_1637345578273",end_to_end,1199,1199,135.57436,174.67596,14.72933,147.65524,0.00029,338.56653,0.00033,0.04797,1.93972,813.18973
"methane_baseline.xmodel","manual_1637345578273",end_to_end,1200,1200,113.28855,185.30259,14.69337,134.37241,0.00026,336.78486,0.0003,0.04377,1.86681,786.35292
"methane_baseline.xmodel","manual_1637345578273",end_to_end,1201,1201,283.15212,211.08622,14.84834,108.87579,0.00029,336.02557,0.00044,0.04824,2.19005,956.22706
"methane_baseline.xmodel","manual_1637345578273",end_to_end,1202,1202,2.74757,216.02435,13.74317,106.90688,0.00026,339.6513,0.0005,0.04037,1.9759,681.0903
"methane_baseline.xmodel","manual_1637345578273",end_to_end,1203,1203,108.90346,164.36231,13.69563,159.5955,0.0003,338.84926,0.00057,0.06176,1.92367,787.39246
"methane_baseline.xmodel","manual_1637345578273",end_to_end,1204,1204,110.80669,186.32585,15.00888,132.76688,0.00025,336.87379,0.00041,0.0483,2.27919,784.11024
"methane_baseline.xmodel","manual_1637345578273",end_to_end,1205,1205,161.62796,221.46359,14.44668,100.91871,0.00026,339.61827,0.00049,0.04694,1.79564,839.91854
"methane_baseline.xmodel","manual_1637345578273",end_to_end,1206,1206,135.0103,218.64178,15.42218,100.56844,0.00035,336.17431,0.0003,0.05124,1.8997,807.7686
"methane_baseline.xmodel","manual_1637345578273",end_to_end,1207,1207,102.90111,187.18448,13.74001,136.70039,0.00033,338.81584,0.00038,0.04979,1.80726,781.19959
"methane_baseline.xmodel","manual_1637345578273",end_to_end,1208,1208,102.89865,231.01148,14.68172,88.1598,0.00028,336.30235,0.00033,0.03624,1.79477,774.88562
"methane_baseline.xmodel","manual_1637345578273",end_to_end,1209,1209,138.54556,193.28213,13.7534,129.93355,0.00027,339.05396,0.0005,0.04388,1.9061,816.51935
"methane_baseline.xmodel","manual_1637345578273",end_to_end,1210,1210,90.18932,192.87792,14.98199,126.39763,0.00029,336.31346,0.00045,0.04669,1.77929,762.58704
"methane_baseline.xmodel","manual_1637345578273",end_to_end,1211,1211,251.97305,229.05734,14.98916,90.39049,0.00027,336.18542,0.00033,0.04925,1.76119,924.4065
"methane_baseline.xmodel","manual_1637345578273",end_to_end,1212,1212,8.09306,219.38766,15.06353,102.7373,0.00031,339.06285,0.0005,0.07471,1.8005,686.22042
"methane_baseline.xmodel","manual_1637345578273",end_to_end,1213,1213,104.72816,204.94119,13.96248,118.1638,0.00027,339.26317,0.00047,0.05629,1.77067,782.8865
"methane_baseline.xmodel","manual_1637345578273",end_to_end,1214,1214,92.28291,218.63775,16.42394,99.23561,0.0003,336.22157,0.00034,0.04723,1.76815,764.6178
"methane_baseline.xmodel","manual_1637345578273",end_to_end,1215,1215,120.05449,214.27815,14.30809,108.78926,0.00028,338.84569,0.00052,0.05311,1.85599,798.18558
"methane_baseline.xmodel","manual_1637345578273",end_to_end,1216,1216,101.055,220.56996,15.1139,98.70939,0.00025,336.36415,0.00054,0.04169,1.84787,773.70275
"methane_baseline.xmodel","manual_1637345578273",end_to_end,1217,1217,110.65299,206.78921,14.29613,115.89648,0.00058,339.11802,0.00043,0.04609,2.03775,788.83768
"methane_baseline.xmodel","manual_1637345578273",end_to_end,1218,1218,100.56322,219.96033,15.1949,99.35288,0.00026,336.12082,0.00032,0.04374,1.80646,773.04293
"methane_baseline.xmodel","manual_1637345578273",end_to_end,1219,1219,117.84801,220.50227,15.41718,101.24457,0.0003,341.44747,0.00043,0.03583,1.8724,798.36846
"methane_baseline.xmodel","manual_1637345578273",end_to_end,1220,1220,101.26404,236.24438,14.91846,83.04699,0.00025,336.33796,0.00034,0.04804,1.76955,773.63001
"methane_baseline.xmodel","manual_1637345578273",end_to_end,1221,1221,103.33004,210.80807,14.30376,114.24388,0.00024,339.11975,0.0006,0.06136,1.81898,783.68668
"methane_baseline.xmodel","manual_1637345578273",end_to_end,1222,1222,84.92092,225.34981,15.81276,93.30123,0.00031,335.33859,0.00033,0.04151,1.69961,756.46507
"methane_baseline.xmodel","manual_1637345578273",end_to_end,1223,1223,116.18545,232.63379,15.09458,89.46198,0.00025,339.10302,0.00034,0.06118,1.85518,794.39577
"methane_baseline.xmodel","manual_1637345578273",end_to_end,1224,1224,95.13597,222.02919,15.14897,96.32411,0.00025,336.165,0.00034,0.06456,1.67474,766.54313
"methane_baseline.xmodel","manual_1637345578273",end_to_end,1225,1225,188.31921,236.51596,14.54517,83.37644,0.0003,335.59782,0.00035,0.04368,1.67815,860.07708
"methane_baseline.xmodel","manual_1637345578273",end_to_end,1226,1226,1.08004,198.74264,14.43324,124.05939,0.00024,338.70587,0.00041,0.04877,1.78027,678.85087
"methane_baseline.xmodel","manual_1637345578273",end_to_end,1227,1227,125.98077,254.94542,14.02598,67.80646,0.0003,338.89812,0.00036,0.05089,1.83355,803.54185
"methane_baseline.xmodel","manual_1637345578273",end_to_end,1228,1228,85.09705,254.11932,14.62396,65.12781,0.00029,335.60381,0.00058,0.04307,1.68423,756.30012
"methane_baseline.xmodel","manual_1637345578273",end_to_end,1229,1229,69.64377,252.63699,13.8271,70.59522,0.00026,338.8339,0.00041,0.04302,1.85545,747.43612
"methane_baseline.xmodel","manual_1637345578273",end_to_end,1230,1230,66.86355,244.71462,14.77294,74.38367,0.00026,335.3381,0.00034,0.04849,1.70297,737.82494
"methane_baseline.xmodel","manual_1637345578273",end_to_end,1231,1231,72.50262,217.50079,15.75215,103.65806,0.00029,338.54027,0.00033,0.0342,1.81947,749.80818
"methane_baseline.xmodel","manual_1637345578273",end_to_end,1232,1232,76.09437,225.50188,15.19732,92.91857,0.00025,335.82566,0.00059,0.08644,1.85472,747.4798
"methane_baseline.xmodel","manual_1637345578273",end_to_end,1233,1233,189.69717,225.16741,15.07768,93.83482,0.00033,335.56975,0.00032,0.03696,1.73643,861.12087
"methane_baseline.xmodel","manual_1637345578273",end_to_end,1234,1234,10.53697,230.09623,15.39616,91.13151,0.00026,338.55903,0.00028,0.0449,1.78863,687.55397
"methane_baseline.xmodel","manual_1637345578273",end_to_end,1235,1235,93.03926,240.77887,13.63701,82.23324,0.00025,338.62217,0.00047,0.05241,1.97431,770.33799
"methane_baseline.xmodel","manual_1637345578273",end_to_end,1236,1236,95.76244,229.25984,14.7436,89.62671,0.00044,335.35449,0.00049,0.0531,1.73046,766.53157
"methane_baseline.xmodel","manual_1637345578273",end_to_end,1237,1237,84.07987,223.93796,15.61902,97.22556,0.00051,339.07984,0.00045,0.0603,1.92699,761.9305
"methane_baseline.xmodel","manual_1637345578273",end_to_end,1238,1238,91.41057,276.41482,16.80001,40.36045,0.00029,335.45504,0.00038,0.04076,1.71936,762.20168
"methane_baseline.xmodel","manual_1637345578273",end_to_end,1239,1239,99.24771,265.58011,14.48871,56.98881,0.0003,339.08387,0.00031,0.03793,1.84486,777.27261
"methane_baseline.xmodel","manual_1637345578273",end_to_end,1240,1240,42.15298,273.7628,17.35114,42.54961,0.00027,335.34557,0.00034,0.03967,1.70152,712.9039
"methane_baseline.xmodel","manual_1637345578273",end_to_end,1241,1241,58.96206,224.71107,14.55051,97.83397,0.00029,339.04607,0.00046,0.035,1.79595,736.93538
"methane_baseline.xmodel","manual_1637345578273",end_to_end,1242,1242,44.38352,234.24884,14.42848,84.83075,0.00054,335.41572,0.00035,0.03179,1.679,715.01899
"methane_baseline.xmodel","manual_1637345578273",end_to_end,1243,1243,99.72319,218.7891,14.98683,103.37326,0.00029,338.65297,0.00033,0.0548,1.89688,777.47765
"methane_baseline.xmodel","manual_1637345578273",end_to_end,1244,1244,86.61103,220.25449,14.67099,98.70921,0.00025,335.32996,0.00053,0.0399,1.69604,757.3124
"methane_baseline.xmodel","manual_1637345578273",end_to_end,1245,1245,105.21046,288.30025,15.02494,33.48493,0.00025,339.08252,0.00044,0.03562,1.97661,783.11602
"methane_baseline.xmodel","manual_1637345578273",end_to_end,1246,1246,100.4558,297.5451,15.27478,20.76497,0.00024,336.12963,0.0004,0.03743,1.69022,771.89857
"methane_baseline.xmodel","manual_1637345578273",end_to_end,1247,1247,35.43559,250.68759,14.15627,72.28853,0.00029,339.23459,0.00032,0.06624,2.17344,714.04286
"methane_baseline.xmodel","manual_1637345578273",end_to_end,1248,1248,22.50896,255.29858,14.94307,64.14432,0.00053,335.63089,0.00035,0.03629,1.72413,694.28712
"methane_baseline.xmodel","manual_1637345578273",end_to_end,1249,1249,74.31511,230.48307,15.15095,91.58321,0.0003,342.07733,0.00051,0.06758,1.95532,755.63338
"methane_baseline.xmodel","manual_1637345578273",end_to_end,1250,1250,65.87523,249.00546,14.74487,70.14133,0.00029,335.80302,0.00036,0.096,1.72965,737.39621
"methane_baseline.xmodel","manual_1637345578273",end_to_end,1251,1251,147.80694,280.64298,16.87331,36.5126,0.00026,335.84788,0.0003,0.04192,1.68612,819.41231
"methane_baseline.xmodel","manual_1637345578273",end_to_end,1252,1252,17.95927,309.23068,15.12155,15.47138,0.00031,339.44795,0.00033,0.07262,2.0271,699.33119
"methane_baseline.xmodel","manual_1637345578273",end_to_end,1253,1253,17.49613,296.59343,14.3422,26.4951,0.00023,339.51857,0.00055,0.04033,1.90888,696.39542
"methane_baseline.xmodel","manual_1637345578273",end_to_end,1254,1254,38.34574,279.13726,16.82803,38.05134,0.00029,335.64463,0.00047,0.04329,1.76249,709.81354
"methane_baseline.xmodel","manual_1637345578273",end_to_end,1255,1255,28.61446,253.76961,14.07995,69.54676,0.00044,339.28626,0.0005,0.05023,1.87093,707.21914
"methane_baseline.xmodel","manual_1637345578273",end_to_end,1256,1256,39.78705,243.75061,14.14971,76.00595,0.00025,336.03012,0.00043,0.04539,1.75537,711.52488
"methane_baseline.xmodel","manual_1637345578273",end_to_end,1257,1257,112.0349,259.66152,14.44692,60.10953,0.00029,336.48826,0.0004,0.03237,1.70634,784.48053
"methane_baseline.xmodel","manual_1637345578273",end_to_end,1258,1258,37.29229,255.38164,14.28202,67.66693,0.00032,339.49689,0.0004,0.06001,1.85534,716.03584
"methane_baseline.xmodel","manual_1637345578273",end_to_end,1259,1259,69.5912,331.15669,14.71509,0.05193,0.0004,339.78823,0.00047,0.06229,1.87885,757.24515
"methane_baseline.xmodel","manual_1637345578273",end_to_end,1260,1260,61.92403,326.96921,16.50271,0.03582,0.00024,336.10997,0.00034,0.04324,1.68012,743.26568
"methane_baseline.xmodel","manual_1637345578273",end_to_end,1261,1261,0.00157,319.54912,16.56697,3.69982,0.00028,339.58837,0.00036,0.04486,2.00684,681.45819
"methane_baseline.xmodel","manual_1637345578273",end_to_end,1262,1262,0.00161,296.27587,15.537,24.31343,0.00024,336.24816,0.00046,0.04747,1.80292,674.22716
"methane_baseline.xmodel","manual_1637345578273",end_to_end,1263,1263,5.66035,244.72762,13.68914,79.20341,0.00024,339.57453,0.00044,0.0477,1.96476,684.86819
"methane_baseline.xmodel","manual_1637345578273",end_to_end,1264,1264,26.03686,254.38104,14.46573,65.69161,0.00027,336.19849,0.00036,0.03599,1.77544,698.58579
"methane_baseline.xmodel","manual_1637345578273",end_to_end,1265,1265,81.28248,305.12525,17.45129,14.91472,0.00026,340.28304,0.0006,0.06236,1.93575,761.05575
"methane_baseline.xmodel","manual_1637345578273",end_to_end,1266,1266,67.54813,312.45631,16.79818,5.08494,0.00024,336.4465,0.00041,0.05644,1.69231,740.08346
"methane_baseline.xmodel","manual_1637345578273",end_to_end,1267,1267,16.97322,323.38494,15.83807,0.03371,0.00014,339.90457,0.00046,0.05004,2.13989,698.32504
"methane_baseline.xmodel","manual_1637345578273",end_to_end,1268,1268,6.89476,321.97095,16.28505,0.04732,0.00027,336.46382,0.00046,0.05213,1.74832,683.46308
"methane_baseline.xmodel","manual_1637345578273",end_to_end,1269,1269,0.9796,266.1365,13.99132,58.82148,0.00026,340.58228,0.0005,0.04386,2.0856,682.6414
"methane_baseline.xmodel","manual_1637345578273",end_to_end,1270,1270,0.00101,264.58303,14.63644,57.27211,0.00112,336.47878,0.00035,0.04872,1.78975,674.81131
"methane_baseline.xmodel","manual_1637345578273",end_to_end,1271,1271,80.46552,270.9074,16.13472,47.63775,0.00026,336.50214,0.00032,0.05346,1.78026,753.48183
"methane_baseline.xmodel","manual_1637345578273",end_to_end,1272,1272,39.63038,276.81221,15.4586,46.10763,0.0003,340.19798,0.00033,0.03995,2.03364,720.28102
"methane_baseline.xmodel","manual_1637345578273",end_to_end,1273,1273,63.68148,284.20377,14.74512,35.72337,0.00039,336.74092,0.00056,0.05069,1.86677,737.01307
"methane_baseline.xmodel","manual_1637345578273",end_to_end,1274,1274,34.02349,287.71799,16.71064,33.63567,0.00023,340.37178,0.00068,0.04664,2.07438,714.5815
"methane_baseline.xmodel","manual_1637345578273",end_to_end,1275,1275,35.71295,292.23427,15.84659,30.20121,0.00025,340.3554,0.0006,0.04162,3.30513,717.69802
"methane_baseline.xmodel","manual_1637345578273",end_to_end,1276,1276,37.55853,291.31495,14.89941,28.69652,0.0003,337.69715,0.00033,0.02558,1.85809,712.05086
"methane_baseline.xmodel","manual_1637345578273",end_to_end,1277,1277,32.32985,287.26724,16.43981,34.51213,0.00025,341.08405,0.00044,0.04096,1.70704,713.38177
"methane_baseline.xmodel","manual_1637345578273",end_to_end,1278,1278,30.63855,297.77562,15.1327,22.83251,0.00029,337.79909,0.00031,0.02807,1.69978,705.90692
"methane_baseline.xmodel","manual_1637345578273",end_to_end,1279,1279,38.00765,263.60702,14.29438,59.67651,0.00054,342.38896,0.00035,1.03994,1.78412,720.79947
"methane_baseline.xmodel","manual_1637345578273",end_to_end,1280,1280,24.72612,306.40351,16.24826,13.24793,0.00031,339.17071,0.00042,0.04162,1.71023,701.54911
"methane_baseline.xmodel","manual_1637345578273",end_to_end,1281,1281,61.43346,312.07882,17.65503,10.88222,0.00027,340.78776,0.00052,0.02698,1.82195,744.68701
"methane_baseline.xmodel","manual_1637345578273",end_to_end,1282,1282,14.98172,275.90901,17.93253,43.58935,0.00047,337.95556,0.00041,0.03486,1.74266,692.14657
"methane_baseline.xmodel","manual_1637345578273",end_to_end,1283,1283,47.15078,267.85666,16.59816,53.4907,0.00031,340.54122,0.00036,0.03237,1.93996,727.61052
"methane_baseline.xmodel","manual_1637345578273",end_to_end,1284,1284,11.91167,292.05764,14.51216,29.60953,0.00026,336.93038,0.00034,0.0466,1.92288,686.99146
"methane_baseline.xmodel","manual_1637345578273",end_to_end,1285,1285,55.33039,280.30498,16.87687,41.49928,0.00026,340.4406,0.00058,0.03924,1.85224,736.34444
"methane_baseline.xmodel","manual_1637345578273",end_to_end,1286,1286,31.41287,270.67514,17.02335,47.43084,0.00029,336.81168,0.0005,0.07046,1.97472,705.39985
"methane_baseline.xmodel","manual_1637345578273",end_to_end,1287,1287,49.4368,286.91587,16.8122,31.05897,0.00027,337.23166,0.00029,0.06283,1.9489,723.46779
"methane_baseline.xmodel","manual_1637345578273",end_to_end,1288,1288,43.50407,312.07441,16.32884,10.02768,0.00029,340.38117,0.00032,0.06602,1.85914,724.24194
"methane_baseline.xmodel","manual_1637345578273",end_to_end,1289,1289,43.73146,325.70607,15.91352,0.04543,0.00038,340.4642,0.00035,0.05342,1.97133,727.88616
"methane_baseline.xmodel","manual_1637345578273",end_to_end,1290,1290,1.30156,317.63043,16.84994,0.70236,0.00029,337.10141,0.00037,0.04904,1.99635,675.63175
"methane_baseline.xmodel","manual_1637345578273",end_to_end,1291,1291,2.7359,307.05002,15.98447,12.02562,0.00023,337.10035,0.0005,0.06471,1.79512,676.75692
"methane_baseline.xmodel","manual_1637345578273",end_to_end,1292,1292,0.00072,308.42235,16.08722,15.97507,0.00031,340.5431,0.00046,0.0437,1.86145,682.93438
"methane_baseline.xmodel","manual_1637345578273",end_to_end,1293,1293,14.11211,300.40844,16.83575,17.76816,0.00034,336.3378,0.00053,0.04743,1.78782,687.29838
"methane_baseline.xmodel","manual_1637345578273",end_to_end,1294,1294,18.03299,301.95186,15.68215,20.85442,0.00029,340.03783,0.00031,0.05757,2.13271,698.75013
"methane_baseline.xmodel","manual_1637345578273",end_to_end,1295,1295,19.6378,324.48449,15.30934,0.0688,0.00018,337.17199,0.00029,0.05134,1.80763,698.53186
"methane_baseline.xmodel","manual_1637345578273",end_to_end,1296,1296,22.77318,315.69776,15.76719,6.66882,0.00031,340.60043,0.00047,0.06534,1.92466,703.49816
"methane_baseline.xmodel","manual_1637345578273",end_to_end,1297,1297,0.00082,316.78812,16.02399,4.41989,0.0003,336.48457,0.00036,0.08367,1.84188,675.6436
"methane_baseline.xmodel","manual_1637345578273",end_to_end,1298,1298,8.86422,311.25838,15.77586,11.38141,0.00026,340.04578,0.00032,0.03233,1.90779,689.26635
"methane_baseline.xmodel","manual_1637345578273",end_to_end,1299,1299,6.29703,284.56652,14.86482,35.18618,0.0005,336.60787,0.00031,0.07371,1.78971,679.38665
"methane_baseline.xmodel","manual_1637345578273",end_to_end,1300,1300,13.36513,307.83581,15.72808,14.48478,0.0003,339.53615,0.00049,0.0517,1.77308,692.77552
"methane_baseline.xmodel","manual_1637345578273",end_to_end,1301,1301,37.11803,292.9729,14.87393,26.84308,0.00014,336.34009,0.0003,0.055,1.85544,710.05891
"methane_baseline.xmodel","manual_1637345578273",end_to_end,1302,1302,16.42882,305.19008,15.45711,16.95648,0.00025,339.20157,0.00049,0.04295,1.77003,695.04778
"methane_baseline.xmodel","manual_1637345578273",end_to_end,1303,1303,28.69957,283.88303,14.70118,35.88854,0.00025,336.76279,0.00043,0.06159,1.90587,701.90325
"methane_baseline.xmodel","manual_1637345578273",end_to_end,1304,1304,18.78501,297.05665,15.36499,24.9387,0.0003,339.41669,0.00038,0.05085,1.73658,697.35015
"methane_baseline.xmodel","manual_1637345578273",end_to_end,1305,1305,37.81131,273.06771,15.5416,46.24192,0.00029,336.52351,0.0004,0.0615,1.83655,711.08479
"methane_baseline.xmodel","manual_1637345578273",end_to_end,1306,1306,26.7446,286.02908,15.94384,35.6363,0.00024,339.35518,0.00056,0.03586,1.75364,705.4993
"methane_baseline.xmodel","manual_1637345578273",end_to_end,1307,1307,48.22163,278.17767,15.60411,40.77152,0.00031,336.36722,0.00031,0.03749,1.78674,720.967
"methane_baseline.xmodel","manual_1637345578273",end_to_end,1308,1308,37.44003,288.10259,15.38324,34.06189,0.00044,339.22934,0.00042,0.04252,1.81462,716.07509
"methane_baseline.xmodel","manual_1637345578273",end_to_end,1309,1309,42.68637,299.87509,14.85748,19.72042,0.00027,336.37333,0.00044,0.08057,1.86637,715.46034
"methane_baseline.xmodel","manual_1637345578273",end_to_end,1310,1310,35.8789,303.82555,15.62995,17.96153,0.00027,339.21042,0.00036,0.04605,1.788,714.34103
"methane_baseline.xmodel","manual_1637345578273",end_to_end,1311,1311,21.57347,286.37735,14.5706,33.58197,0.00028,336.84388,0.00032,0.07904,1.88385,694.91076
"methane_baseline.xmodel","manual_1637345578273",end_to_end,1312,1312,19.83011,291.70345,15.46343,30.18198,0.00029,339.06429,0.00051,0.05039,1.78403,698.07848
"methane_baseline.xmodel","manual_1637345578273",end_to_end,1313,1313,35.53261,287.36945,14.67319,32.84918,0.0004,337.64276,0.00032,0.04003,2.0303,710.13824
"methane_baseline.xmodel","manual_1637345578273",end_to_end,1314,1314,32.01593,287.87884,15.25889,34.08344,0.00028,339.57576,0.00032,0.03547,1.72489,710.57382
"methane_baseline.xmodel","manual_1637345578273",end_to_end,1315,1315,34.83467,222.83782,15.75333,97.06831,0.00027,338.39738,0.00044,0.08424,1.83866,710.81512
"methane_baseline.xmodel","manual_1637345578273",end_to_end,1316,1316,35.93236,263.35965,15.47692,58.88062,0.00029,339.18156,0.00043,0.03958,1.76044,714.63185
"methane_baseline.xmodel","manual_1637345578273",end_to_end,1317,1317,149.10524,286.85014,15.47198,35.08466,0.00024,339.16616,0.00035,0.04363,1.77324,827.49564
"methane_baseline.xmodel","manual_1637345578273",end_to_end,1318,1318,10.69041,261.37402,14.21651,60.73091,0.00032,338.93436,0.00061,0.05752,1.84766,687.85232
"methane_baseline.xmodel","manual_1637345578273",end_to_end,1319,1319,62.65993,292.33108,14.847,29.82381,0.00025,339.17114,0.00055,0.06044,1.8259,740.7201
"methane_baseline.xmodel","manual_1637345578273",end_to_end,1320,1320,36.88931,294.7883,16.15547,26.41538,0.0003,339.47281,0.00046,0.04,1.80131,715.56334
"methane_baseline.xmodel","manual_1637345578273",end_to_end,1321,1321,31.72976,268.51447,16.4188,52.33475,0.0003,338.50355,0.00034,0.06186,1.83768,709.40151
"methane_baseline.xmodel","manual_1637345578273",end_to_end,1322,1322,28.23975,279.61204,18.22298,39.81752,0.00028,339.48192,0.00043,0.04653,1.79335,707.2148
"methane_baseline.xmodel","manual_1637345578273",end_to_end,1323,1323,54.23227,286.67276,15.18643,34.74483,0.00086,337.61326,0.00032,0.07143,2.04219,730.56435
"methane_baseline.xmodel","manual_1637345578273",end_to_end,1324,1324,41.6771,260.97656,15.58576,61.07035,0.00029,338.72997,0.00043,0.04606,1.77459,719.86111
"methane_baseline.xmodel","manual_1637345578273",end_to_end,1325,1325,36.64917,265.71065,14.61503,55.39435,0.00031,337.30015,0.00033,0.04227,1.86409,711.57635
"methane_baseline.xmodel","manual_1637345578273",end_to_end,1326,1326,62.90315,293.04528,15.69641,28.15413,0.00027,339.04087,0.00044,0.03573,1.73506,740.61134
"methane_baseline.xmodel","manual_1637345578273",end_to_end,1327,1327,57.49825,230.78068,14.75567,89.64028,0.00024,336.17386,0.00044,0.04758,2.04025,730.93725
"methane_baseline.xmodel","manual_1637345578273",end_to_end,1328,1328,29.96887,256.8569,15.52954,64.81908,0.00029,339.46943,0.00117,0.0293,1.81431,708.48889
"methane_baseline.xmodel","manual_1637345578273",end_to_end,1329,1329,91.5632,247.7452,14.12788,72.37462,0.0003,336.18383,0.00026,0.04313,1.74194,763.78036
"methane_baseline.xmodel","manual_1637345578273",end_to_end,1330,1330,66.59374,266.4484,15.61475,55.62247,0.00025,338.71098,0.00032,0.04188,1.84705,744.87984
"methane_baseline.xmodel","manual_1637345578273",end_to_end,1331,1331,74.51333,296.53896,14.64545,22.86339,0.00024,335.91604,0.00044,0.05005,1.75295,746.28085
"methane_baseline.xmodel","manual_1637345578273",end_to_end,1332,1332,57.47714,284.33727,16.17223,36.3477,0.00029,338.63683,0.00043,0.03391,1.78004,734.78584
"methane_baseline.xmodel","manual_1637345578273",end_to_end,1333,1333,24.66799,260.98422,14.1296,59.00502,0.00057,335.83144,0.0004,0.04564,1.75228,696.41716
"methane_baseline.xmodel","manual_1637345578273",end_to_end,1334,1334,38.25295,268.83547,19.06757,48.8335,0.00026,338.54855,0.00044,0.03623,1.77503,715.35
"methane_baseline.xmodel","manual_1637345578273",end_to_end,1335,1335,60.8399,252.75377,14.2342,67.01421,0.00024,335.94238,0.00043,0.047,1.77259,732.60472
"methane_baseline.xmodel","manual_1637345578273",end_to_end,1336,1336,50.65931,254.78915,17.62777,64.29761,0.00031,338.52305,0.00045,0.03787,1.82991,727.76543
"methane_baseline.xmodel","manual_1637345578273",end_to_end,1337,1337,68.81187,252.83857,13.96473,67.33165,0.0003,335.85134,0.0004,0.06482,1.81682,740.6805
"methane_baseline.xmodel","manual_1637345578273",end_to_end,1338,1338,66.13447,259.35403,14.90137,62.43743,0.00028,338.65795,0.00029,0.0314,1.77543,743.29265
"methane_baseline.xmodel","manual_1637345578273",end_to_end,1339,1339,69.16954,257.57993,14.1086,62.3116,0.00025,335.87794,0.00034,0.05697,1.76109,740.86626
"methane_baseline.xmodel","manual_1637345578273",end_to_end,1340,1340,64.31999,255.38994,14.87952,66.508,0.00031,338.80685,0.00033,0.0424,1.78371,741.73105
"methane_baseline.xmodel","manual_1637345578273",end_to_end,1341,1341,64.20454,257.91974,14.17509,61.89047,0.0003,335.7736,0.0005,0.03864,1.76524,735.76812
"methane_baseline.xmodel","manual_1637345578273",end_to_end,1342,1342,68.32869,257.39694,14.70966,64.87092,0.00025,338.45172,0.00031,0.0377,1.82298,745.61917
"methane_baseline.xmodel","manual_1637345578273",end_to_end,1343,1343,63.70868,249.82342,14.88485,69.24355,0.00027,335.72211,0.00056,0.04231,1.74196,735.16771
"methane_baseline.xmodel","manual_1637345578273",end_to_end,1344,1344,66.70187,264.0402,15.7802,56.80098,0.00056,338.69798,0.00041,0.0436,1.81263,743.87843
"methane_baseline.xmodel","manual_1637345578273",end_to_end,1345,1345,71.05386,263.08866,13.98583,56.83899,0.00029,335.94042,0.00033,0.04156,1.71887,742.66881
"methane_baseline.xmodel","manual_1637345578273",end_to_end,1346,1346,58.62732,261.56769,15.50477,59.76203,0.00024,339.02955,0.0005,0.03743,1.74469,736.27422
"methane_baseline.xmodel","manual_1637345578273",end_to_end,1347,1347,58.62228,240.99305,13.79818,79.36517,0.00024,335.64059,0.00041,0.04572,1.80259,730.26823
"methane_baseline.xmodel","manual_1637345578273",end_to_end,1348,1348,61.60531,252.07724,14.61521,70.48433,0.00029,338.74253,0.00032,0.12984,1.79612,739.45119
"methane_baseline.xmodel","manual_1637345578273",end_to_end,1349,1349,81.14737,253.67913,14.88525,65.29233,0.00029,335.59733,0.00032,0.08105,1.73993,752.423
"methane_baseline.xmodel","manual_1637345578273",end_to_end,1350,1350,72.29162,260.31086,15.3772,61.25223,0.00025,338.68126,0.00054,0.04465,1.76443,749.72304
"methane_baseline.xmodel","manual_1637345578273",end_to_end,1351,1351,67.15536,247.93169,13.96757,71.83801,0.00026,335.74913,0.00037,0.04206,1.74141,738.42586
"methane_baseline.xmodel","manual_1637345578273",end_to_end,1352,1352,63.19667,298.70834,14.18346,23.85179,0.00042,338.47823,0.00033,0.03031,1.7258,740.17535
"methane_baseline.xmodel","manual_1637345578273",end_to_end,1353,1353,73.63956,268.02047,16.80179,49.10541,0.0003,335.89594,0.00035,0.05482,1.76761,745.28625
"methane_baseline.xmodel","manual_1637345578273",end_to_end,1354,1354,25.67067,254.2359,15.10574,67.31085,0.00027,338.78881,0.00054,0.04953,1.83615,702.99846
"methane_baseline.xmodel","manual_1637345578273",end_to_end,1355,1355,50.89243,229.92754,14.62987,89.55653,0.00023,335.67955,0.00053,0.05197,1.76191,722.50056
"methane_baseline.xmodel","manual_1637345578273",end_to_end,1356,1356,69.09096,234.4215,14.50442,88.088,0.00024,338.3451,0.00057,0.04388,1.8313,746.32597
"methane_baseline.xmodel","manual_1637345578273",end_to_end,1357,1357,91.40433,260.99513,15.11466,57.72401,0.00056,336.04263,0.00051,0.04406,1.83056,763.15645
"methane_baseline.xmodel","manual_1637345578273",end_to_end,1358,1358,89.99833,254.108,15.29791,67.03483,0.00026,338.88691,0.00046,0.04326,1.78502,767.15498
"methane_baseline.xmodel","manual_1637345578273",end_to_end,1359,1359,59.51611,231.67778,14.19809,88.36209,0.00025,337.52122,0.00034,0.04598,1.74537,733.06723
"methane_baseline.xmodel","manual_1637345578273",end_to_end,1360,1360,68.91944,240.66077,15.35327,80.98596,0.0003,338.95878,0.00047,0.04343,1.89566,746.81808
"methane_baseline.xmodel","manual_1637345578273",end_to_end,1361,1361,90.22796,232.90169,14.21914,88.53731,0.00044,336.84251,0.00055,0.05697,1.74522,764.53179
"methane_baseline.xmodel","manual_1637345578273",end_to_end,1362,1362,82.84311,227.12961,16.80209,93.15805,0.00026,339.48703,0.0006,0.05558,1.9668,761.44313
"methane_baseline.xmodel","manual_1637345578273",end_to_end,1363,1363,90.34237,221.30866,15.46546,98.27364,0.00025,335.84582,0.00048,0.03605,1.91757,763.1903
"methane_baseline.xmodel","manual_1637345578273",end_to_end,1364,1364,95.1003,244.00515,15.06582,78.46909,0.00054,339.36425,0.00061,0.04791,2.01707,774.07074
"methane_baseline.xmodel","manual_1637345578273",end_to_end,1365,1365,100.07998,188.59258,13.83709,131.6141,0.00031,335.87012,0.00046,0.05619,1.71852,771.76935
"methane_baseline.xmodel","manual_1637345578273",end_to_end,1366,1366,80.53402,216.22136,17.00153,104.08531,0.00026,339.40208,0.00045,0.0364,1.96419,759.2456
"methane_baseline.xmodel","manual_1637345578273",end_to_end,1367,1367,133.57768,218.28992,15.12341,100.48995,0.00024,335.46738,0.0003,0.03794,1.72151,804.70833
"methane_baseline.xmodel","manual_1637345578273",end_to_end,1368,1368,106.18461,213.59879,14.88225,108.82612,0.00029,339.11012,0.00053,0.03797,1.94627,784.58695
"methane_baseline.xmodel","manual_1637345578273",end_to_end,1369,1369,102.27267,199.65241,14.2603,119.76713,0.0003,335.2936,0.00036,0.03583,1.71371,772.99631
"methane_baseline.xmodel","manual_1637345578273",end_to_end,1370,1370,110.9051,200.84416,15.36584,120.8259,0.00026,339.38291,0.00083,0.04744,1.87826,789.2507
"methane_baseline.xmodel","manual_1637345578273",end_to_end,1371,1371,237.51305,228.27709,15.75298,93.33501,0.00037,339.15587,0.00047,0.05013,1.77723,915.8622
"methane_baseline.xmodel","manual_1637345578273",end_to_end,1372,1372,6.86611,212.56575,13.8214,107.13077,0.00024,335.64098,0.00035,0.03535,1.72702,677.78797
"methane_baseline.xmodel","manual_1637345578273",end_to_end,1373,1373,108.89054,186.66709,14.2979,132.91471,0.00048,335.68634,0.00031,0.04593,1.75455,780.25785
"methane_baseline.xmodel","manual_1637345578273",end_to_end,1374,1374,95.27339,436.52712,13.70707,0.04093,0.00034,339.33855,0.00047,0.0549,1.83424,886.77701
"methane_baseline.xmodel","manual_1637345578273",end_to_end,1375,1375,134.68578,311.48368,15.2575,7.16689,0.00024,335.51178,0.00045,0.04153,1.74482,805.89267
"methane_baseline.xmodel","manual_1637345578273",end_to_end,1376,1376,0.00127,246.29452,14.88233,78.19958,0.00034,338.89396,0.00036,0.03734,1.86056,680.17026
"methane_baseline.xmodel","manual_1637345578273",end_to_end,1377,1377,8.95375,235.57539,14.5066,83.63116,0.00029,335.49979,0.00041,0.04147,1.72295,679.93181
"methane_baseline.xmodel","manual_1637345578273",end_to_end,1378,1378,80.09787,219.7463,16.1388,101.11056,0.00026,338.95247,0.00035,0.04509,1.77844,757.87014
"methane_baseline.xmodel","manual_1637345578273",end_to_end,1379,1379,85.39803,209.51603,14.39431,109.80633,0.00048,335.46863,0.00045,0.03803,1.76981,756.3921
"methane_baseline.xmodel","manual_1637345578273",end_to_end,1380,1380,103.00453,215.64188,15.80414,105.60423,0.00027,338.74788,0.00043,0.04031,1.78458,780.62825
"methane_baseline.xmodel","manual_1637345578273",end_to_end,1381,1381,111.56034,210.63289,14.06636,109.00918,0.0003,335.63759,0.00033,0.0713,1.69981,782.6781
"methane_baseline.xmodel","manual_1637345578273",end_to_end,1382,1382,107.43746,221.68283,16.02842,99.20806,0.00025,338.53417,0.00029,0.03293,1.80946,784.73387
"methane_baseline.xmodel","manual_1637345578273",end_to_end,1383,1383,110.84639,211.34673,14.29469,108.15199,0.00031,335.79279,0.0006,0.04515,1.73972,782.21837
"methane_baseline.xmodel","manual_1637345578273",end_to_end,1384,1384,186.46847,226.08623,15.31085,92.6346,0.00029,335.5193,0.00031,0.0444,1.71539,857.77984
"methane_baseline.xmodel","manual_1637345578273",end_to_end,1385,1385,24.47324,229.7384,15.70837,91.25565,0.0003,338.55111,0.00037,0.05576,1.81503,701.59823
"methane_baseline.xmodel","manual_1637345578273",end_to_end,1386,1386,175.82653,296.59456,14.76179,22.36891,0.00025,335.67487,0.00033,0.06819,1.78249,847.07792
"methane_baseline.xmodel","manual_1637345578273",end_to_end,1387,1387,11.71523,276.61411,15.99649,44.08965,0.00025,338.71896,0.00035,0.04105,1.82752,689.00361
"methane_baseline.xmodel","manual_1637345578273",end_to_end,1388,1388,45.95718,241.04814,13.67251,82.11802,0.00028,338.73254,0.00032,0.04696,1.85942,723.43537
"methane_baseline.xmodel","manual_1637345578273",end_to_end,1389,1389,24.10989,225.9671,15.07381,92.88034,0.00033,335.50654,0.00034,0.04837,1.74597,695.33269
"methane_baseline.xmodel","manual_1637345578273",end_to_end,1390,1390,83.99474,228.3033,15.51317,93.02762,0.00025,338.61988,0.00028,0.04909,1.82786,761.33619
"methane_baseline.xmodel","manual_1637345578273",end_to_end,1391,1391,94.72617,232.18883,14.52799,86.94045,0.0003,335.59314,0.00049,0.0527,1.76484,765.79491
"methane_baseline.xmodel","manual_1637345578273",end_to_end,1392,1392,94.93417,216.29475,15.82718,104.59881,0.0003,338.91858,0.00037,0.03902,1.82368,772.43686
"methane_baseline.xmodel","manual_1637345578273",end_to_end,1393,1393,88.74597,231.44766,14.33432,88.00553,0.00065,335.62769,0.00046,0.04046,1.71642,759.91916
"methane_baseline.xmodel","manual_1637345578273",end_to_end,1394,1394,106.47379,216.50979,15.08651,105.43191,0.00026,339.07691,0.00076,0.05681,1.83744,784.47418
"methane_baseline.xmodel","manual_1637345578273",end_to_end,1395,1395,89.85457,232.09605,14.14723,87.53833,0.00026,335.27847,0.00053,0.0444,1.71065,760.67049
"methane_baseline.xmodel","manual_1637345578273",end_to_end,1396,1396,107.26124,235.03584,14.88942,87.26665,0.00024,338.76005,0.00042,0.06433,1.88962,785.16781
"methane_baseline.xmodel","manual_1637345578273",end_to_end,1397,1397,89.27904,249.77958,14.79851,68.94599,0.00029,335.31314,0.00033,0.03125,1.72667,759.8748
"methane_baseline.xmodel","manual_1637345578273",end_to_end,1398,1398,152.40997,269.98986,17.98659,45.56999,0.00025,336.3109,0.00049,0.03885,1.69832,824.00522
"methane_baseline.xmodel","manual_1637345578273",end_to_end,1399,1399,7.47587,267.62506,14.85162,54.39143,0.00027,339.18942,0.00048,0.04272,2.36336,685.94023
"methane_baseline.xmodel","manual_1637345578273",end_to_end,1400,1400,56.33652,255.73134,14.35513,67.1552,0.00031,342.04093,0.00047,0.05565,2.15645,737.832
"methane_baseline.xmodel","manual_1637345578273",end_to_end,1401,1401,47.35167,280.91689,16.63155,36.97182,0.0003,335.50685,0.0006,0.04706,1.70923,719.13597
"methane_baseline.xmodel","manual_1637345578273",end_to_end,1402,1402,69.59389,262.84076,14.19304,62.57236,0.00028,339.68829,0.00048,0.04486,2.15587,751.08983
"methane_baseline.xmodel","manual_1637345578273",end_to_end,1403,1403,38.69943,268.82692,19.76898,45.17365,0.00023,335.73294,0.00036,0.03503,1.66249,709.90003
"methane_baseline.xmodel","manual_1637345578273",end_to_end,1404,1404,64.85397,247.13971,14.29877,75.97949,0.00036,339.18803,0.00055,0.04212,1.87347,743.37647
"methane_baseline.xmodel","manual_1637345578273",end_to_end,1405,1405,46.92959,259.00109,14.72834,60.25179,0.0003,335.72665,0.00058,0.04269,1.6779,718.35893
"methane_baseline.xmodel","manual_1637345578273",end_to_end,1406,1406,124.24476,257.71264,14.46267,61.83848,0.00024,335.73592,0.00047,0.03817,1.70583,795.73918
"methane_baseline.xmodel","manual_1637345578273",end_to_end,1407,1407,15.93928,270.55191,15.53123,50.86579,0.00027,339.08772,0.00034,0.0418,1.95952,693.97786
"methane_baseline.xmodel","manual_1637345578273",end_to_end,1408,1408,52.78839,255.17412,14.10176,67.88222,0.00029,339.18688,0.00061,0.04281,1.86309,731.04017
"methane_baseline.xmodel","manual_1637345578273",end_to_end,1409,1409,63.55885,250.53337,14.18432,69.28285,0.00042,335.78277,0.00043,0.04321,1.71351,735.09973
"methane_baseline.xmodel","manual_1637345578273",end_to_end,1410,1410,69.91779,269.66707,15.08293,52.40674,0.00025,339.56233,0.00037,0.03758,2.15876,748.83382
"methane_baseline.xmodel","manual_1637345578273",end_to_end,1411,1411,71.02363,265.97541,15.93056,52.12558,0.00026,335.9413,0.0005,0.03064,1.68419,742.71207
"methane_baseline.xmodel","manual_1637345578273",end_to_end,1412,1412,54.32393,279.58577,15.24536,42.81198,0.00031,339.76584,0.00047,0.05431,1.95639,733.74436
"methane_baseline.xmodel","manual_1637345578273",end_to_end,1413,1413,53.87204,290.28209,16.6046,27.28092,0.0003,335.8226,0.00042,0.03865,1.77587,725.67749
"methane_baseline.xmodel","manual_1637345578273",end_to_end,1414,1414,45.02491,278.21364,15.07376,44.25312,0.00026,339.41415,0.00031,0.04557,2.00388,724.0296
"methane_baseline.xmodel","manual_1637345578273",end_to_end,1415,1415,29.01326,289.89642,15.65845,28.53965,0.00026,336.32099,0.00045,0.04205,1.81946,701.29099
"methane_baseline.xmodel","manual_1637345578273",end_to_end,1416,1416,74.81815,284.31926,15.74361,34.44922,0.00032,336.2365,0.0004,0.05789,1.76829,747.39364
"methane_baseline.xmodel","manual_1637345578273",end_to_end,1417,1417,1.81845,265.08619,14.02803,58.2602,0.00032,339.47879,0.00041,0.03736,1.93708,680.64683
"methane_baseline.xmodel","manual_1637345578273",end_to_end,1418,1418,85.83174,271.21022,16.24566,46.87861,0.00025,336.60569,0.00049,0.04765,1.82211,758.64242
"methane_baseline.xmodel","manual_1637345578273",end_to_end,1419,1419,10.84763,266.91298,14.20602,56.28875,0.00026,339.68596,0.00031,0.0331,2.10772,690.08273
"methane_baseline.xmodel","manual_1637345578273",end_to_end,1420,1420,80.53875,276.37134,16.38985,41.9949,0.0003,336.50226,0.00033,0.05294,1.85924,753.70991
"methane_baseline.xmodel","manual_1637345578273",end_to_end,1421,1421,26.43375,285.87723,15.20745,36.60677,0.0003,340.51212,0.00034,0.04538,2.06167,706.74501
"methane_baseline.xmodel","manual_1637345578273",end_to_end,1422,1422,57.80437,301.3332,16.51325,16.79834,0.00024,336.27702,0.00034,0.03009,1.81532,730.57217
"methane_baseline.xmodel","manual_1637345578273",end_to_end,1423,1423,24.78651,289.51915,16.35064,32.49432,0.00025,340.39818,0.00027,0.04387,2.01149,705.60468
"methane_baseline.xmodel","manual_1637345578273",end_to_end,1424,1424,49.73036,293.84829,15.74675,24.77512,0.00032,336.52569,0.00032,0.02855,1.84568,722.50108
"methane_baseline.xmodel","manual_1637345578273",end_to_end,1425,1425,3.56232,292.0257,17.53863,28.71639,0.00029,340.23095,0.00038,0.04277,2.0282,684.14563
"methane_baseline.xmodel","manual_1637345578273",end_to_end,1426,1426,41.80335,309.69724,16.65999,8.3024,0.00026,336.67754,0.00039,0.03494,1.76615,714.94226
"methane_baseline.xmodel","manual_1637345578273",end_to_end,1427,1427,15.64296,304.11639,15.89895,18.12954,0.00025,340.14466,0.00037,0.03844,1.78988,695.76144
"methane_baseline.xmodel","manual_1637345578273",end_to_end,1428,1428,27.50151,269.61031,16.9567,48.23244,0.00036,337.77258,0.00034,0.03791,1.74904,701.86119
"methane_baseline.xmodel","manual_1637345578273",end_to_end,1429,1429,2.88226,261.36984,14.23897,62.44798,0.00029,344.15173,0.00044,0.02087,1.72211,686.83449
"methane_baseline.xmodel","manual_1637345578273",end_to_end,1430,1430,68.27923,267.2057,16.61583,52.15088,0.00049,336.64977,0.00033,0.04447,2.28956,743.23626
"methane_baseline.xmodel","manual_1637345578273",end_to_end,1431,1431,46.03952,289.11417,14.61293,38.56239,0.00025,341.05369,0.00054,0.04234,1.90109,731.32692
"methane_baseline.xmodel","manual_1637345578273",end_to_end,1432,1432,56.23559,251.05592,13.97485,74.26671,0.00029,340.63238,0.00056,0.05585,1.95908,738.18123
"methane_baseline.xmodel","manual_1637345578273",end_to_end,1433,1433,38.02411,291.10599,14.91157,28.82966,0.00031,336.56997,0.0004,0.05195,1.93481,711.42877
"methane_baseline.xmodel","manual_1637345578273",end_to_end,1434,1434,76.22661,297.72299,15.5627,25.38388,0.00026,340.16048,0.0004,0.04955,1.93868,757.04555
"methane_baseline.xmodel","manual_1637345578273",end_to_end,1435,1435,31.20694,290.70549,15.96884,27.52305,0.00025,337.01374,0.00043,0.04448,1.8038,704.26702
"methane_baseline.xmodel","manual_1637345578273",end_to_end,1436,1436,29.5265,284.83348,16.82821,33.35143,0.0003,336.49571,0.00033,0.04018,1.86763,702.94377
"methane_baseline.xmodel","manual_1637345578273",end_to_end,1437,1437,27.40661,288.76682,14.85205,34.5109,0.00029,340.38496,0.00042,0.05311,1.93483,707.90999
"methane_baseline.xmodel","manual_1637345578273",end_to_end,1438,1438,49.27696,292.53613,15.19685,30.67612,0.00025,340.55166,0.00048,0.06087,1.94547,730.24479
"methane_baseline.xmodel","manual_1637345578273",end_to_end,1439,1439,22.41471,289.97196,16.77503,27.90134,0.00026,336.6366,0.00042,0.05887,1.92078,695.67997
"methane_baseline.xmodel","manual_1637345578273",end_to_end,1440,1440,29.81662,309.48267,15.91651,9.32731,0.0003,336.75579,0.00032,0.05398,1.81955,703.17305
"methane_baseline.xmodel","manual_1637345578273",end_to_end,1441,1441,32.683,306.30248,17.28447,14.96227,0.00031,340.65748,0.00055,0.04782,1.83061,713.76899
"methane_baseline.xmodel","manual_1637345578273",end_to_end,1442,1442,11.34207,302.51285,17.17577,15.05392,0.00025,336.04411,0.00029,0.04886,2.00733,684.18545
"methane_baseline.xmodel","manual_1637345578273",end_to_end,1443,1443,16.98828,296.18647,16.12781,26.32322,0.00028,339.70686,0.00042,0.03559,1.90148,697.27041
"methane_baseline.xmodel","manual_1637345578273",end_to_end,1444,1444,42.57768,295.18733,15.7055,26.93205,0.00025,339.81705,0.00034,0.04418,1.90421,722.16859
"methane_baseline.xmodel","manual_1637345578273",end_to_end,1445,1445,2.55164,288.50545,14.83917,30.82468,0.00029,336.10833,0.00032,0.04704,1.85545,674.73237
"methane_baseline.xmodel","manual_1637345578273",end_to_end,1446,1446,32.87116,299.94094,16.63011,17.48091,0.00024,336.21886,0.00039,0.05011,1.82219,705.01491
"methane_baseline.xmodel","manual_1637345578273",end_to_end,1447,1447,28.87677,317.65597,16.05026,4.17033,0.00025,339.66093,0.00034,0.0573,1.81005,708.2822
"methane_baseline.xmodel","manual_1637345578273",end_to_end,1448,1448,19.39831,308.45753,16.83694,9.00835,0.00051,336.09391,0.0003,0.04325,1.81455,691.65365
"methane_baseline.xmodel","manual_1637345578273",end_to_end,1449,1449,6.14214,310.44523,16.11018,11.12931,0.00029,339.40402,0.00074,0.04171,1.79714,685.07076
"methane_baseline.xmodel","manual_1637345578273",end_to_end,1450,1450,10.90933,236.70622,13.86442,83.60767,0.00026,335.98731,0.00032,0.04026,1.79698,682.91277
"methane_baseline.xmodel","manual_1637345578273",end_to_end,1451,1451,13.00045,242.27199,15.17494,80.09169,0.00027,339.47148,0.00043,0.03949,1.90865,691.95939
"methane_baseline.xmodel","manual_1637345578273",end_to_end,1452,1452,125.2207,236.35016,15.52008,85.76455,0.00029,339.23725,0.00045,0.04985,1.77495,803.91828
"methane_baseline.xmodel","manual_1637345578273",end_to_end,1453,1453,42.16993,236.87864,13.78061,83.46403,0.0003,336.34154,0.00081,0.06141,1.83633,714.5336
"methane_baseline.xmodel","manual_1637345578273",end_to_end,1454,1454,128.65892,274.89737,16.882,45.52117,0.00025,339.07191,0.00049,0.04051,1.77404,806.84666
"methane_baseline.xmodel","manual_1637345578273",end_to_end,1455,1455,44.34935,274.26138,15.96245,44.27646,0.00026,336.34418,0.00056,0.04634,1.97964,717.22062
"methane_baseline.xmodel","manual_1637345578273",end_to_end,1456,1456,92.28513,250.99628,14.75127,71.47759,0.00028,339.50366,0.00047,0.04805,1.74703,770.80976
"methane_baseline.xmodel","manual_1637345578273",end_to_end,1457,1457,1.26741,262.24507,14.25249,57.94499,0.00066,337.82778,0.0003,0.04627,1.9317,675.51667
"methane_baseline.xmodel","manual_1637345578273",end_to_end,1458,1458,59.98584,232.497,13.93041,89.35559,0.00027,338.42053,0.00035,0.03377,1.76316,735.98692
"methane_baseline.xmodel","manual_1637345578273",end_to_end,1459,1459,73.29386,250.89876,14.67489,72.10043,0.00026,339.13995,0.00057,0.04849,1.77738,751.93459
"methane_baseline.xmodel","manual_1637345578273",end_to_end,1460,1460,91.35735,220.90976,15.47264,100.03361,0.00026,338.62497,0.00034,0.05739,1.85293,768.30925
"methane_baseline.xmodel","manual_1637345578273",end_to_end,1461,1461,73.91598,254.68299,15.05981,67.57699,0.00028,339.34081,0.00052,0.04237,1.76406,752.38381
"methane_baseline.xmodel","manual_1637345578273",end_to_end,1462,1462,101.84863,303.03671,15.02055,18.75603,0.00026,337.53257,0.00034,0.03939,1.75292,777.9874
"methane_baseline.xmodel","manual_1637345578273",end_to_end,1463,1463,69.42157,375.18234,13.2869,0.06186,0.00028,339.41942,0.00031,0.06752,1.97867,799.41887
"methane_baseline.xmodel","manual_1637345578273",end_to_end,1464,1464,20.6669,286.89885,14.74814,33.95586,0.00029,335.5398,0.00034,0.04325,1.87079,693.72422
"methane_baseline.xmodel","manual_1637345578273",end_to_end,1465,1465,0.00175,263.47631,14.25027,60.63718,0.00031,339.49559,0.00046,0.03796,1.91808,679.81791
"methane_baseline.xmodel","manual_1637345578273",end_to_end,1466,1466,35.76405,238.13816,14.75939,80.82853,0.00024,335.78749,0.00044,0.04821,2.00203,707.32854
"methane_baseline.xmodel","manual_1637345578273",end_to_end,1467,1467,62.71317,236.90434,14.60866,85.90641,0.00029,339.37135,0.00033,1.07691,2.50182,743.08328
"methane_baseline.xmodel","manual_1637345578273",end_to_end,1468,1468,82.78347,261.73413,14.43772,57.65948,0.00029,335.36866,0.00053,0.96077,1.81305,754.7581
"methane_baseline.xmodel","manual_1637345578273",end_to_end,1469,1469,87.88949,249.1054,14.27853,74.00914,0.00056,338.91729,0.00036,0.04327,1.97506,766.2191
"methane_baseline.xmodel","manual_1637345578273",end_to_end,1470,1470,59.70452,257.62266,14.49067,61.22169,0.00025,335.04625,0.00032,0.04522,1.79705,729.92863
"methane_baseline.xmodel","manual_1637345578273",end_to_end,1471,1471,77.61482,238.77982,14.80459,81.72629,0.00024,339.29409,0.00042,0.05458,2.11307,754.38792
"methane_baseline.xmodel","manual_1637345578273",end_to_end,1472,1472,63.99762,221.66668,14.90693,95.70037,0.00031,335.87887,0.00036,0.04409,1.72879,733.92402
"methane_baseline.xmodel","manual_1637345578273",end_to_end,1473,1473,83.76237,219.93678,15.51849,101.79466,0.00031,339.63423,0.00043,0.05037,2.06411,762.76175
"methane_baseline.xmodel","manual_1637345578273",end_to_end,1474,1474,97.57098,189.68127,13.89602,130.43771,0.00025,336.45892,0.00034,0.04637,1.77613,769.86799
"methane_baseline.xmodel","manual_1637345578273",end_to_end,1475,1475,103.98546,221.1429,15.12594,101.18658,0.00026,339.15753,0.00039,0.04495,2.26075,782.90476
"methane_baseline.xmodel","manual_1637345578273",end_to_end,1476,1476,132.22633,226.82322,14.8114,93.04125,0.00034,335.74589,0.00041,0.04807,1.76878,804.46569
"methane_baseline.xmodel","manual_1637345578273",end_to_end,1477,1477,103.29441,223.88934,15.4196,97.74196,0.0003,340.43603,0.00033,0.05767,2.02394,782.86358
"methane_baseline.xmodel","manual_1637345578273",end_to_end,1478,1478,94.88054,224.53669,14.62265,94.74865,0.00032,335.89131,0.00045,0.0463,1.7851,766.51201
"methane_baseline.xmodel","manual_1637345578273",end_to_end,1479,1479,100.07859,226.96703,15.24074,95.89225,0.00025,339.6108,0.00044,0.1408,2.14,780.0709
"methane_baseline.xmodel","manual_1637345578273",end_to_end,1480,1480,96.56434,187.59247,14.02548,132.45876,0.00029,335.6779,0.00042,0.04091,1.78951,768.15008
"methane_baseline.xmodel","manual_1637345578273",end_to_end,1481,1481,98.00629,206.58375,14.99646,116.02652,0.00028,338.92626,0.00043,0.04931,2.12674,776.71604
"methane_baseline.xmodel","manual_1637345578273",end_to_end,1482,1482,134.30509,204.45333,14.04578,115.33521,0.00025,335.63933,0.00038,0.04278,1.70207,805.52422
"methane_baseline.xmodel","manual_1637345578273",end_to_end,1483,1483,118.23053,204.10672,15.4086,117.21382,0.00031,339.64919,0.00047,0.05202,2.04182,796.70348
"methane_baseline.xmodel","manual_1637345578273",end_to_end,1484,1484,117.19813,186.44092,13.8108,133.52518,0.00029,335.5481,0.00038,0.04373,1.74968,788.31721
"methane_baseline.xmodel","manual_1637345578273",end_to_end,1485,1485,119.44659,200.84362,15.28983,121.29423,0.0003,339.34653,0.00045,0.04208,2.14875,798.41238
"methane_baseline.xmodel","manual_1637345578273",end_to_end,1486,1486,135.2842,193.72909,14.05522,125.99896,0.00026,335.90542,0.00037,0.04265,1.75148,806.76765
"methane_baseline.xmodel","manual_1637345578273",end_to_end,1487,1487,123.43438,213.24338,14.46278,109.50508,0.00025,339.31867,0.00046,0.06052,2.14886,802.17438
"methane_baseline.xmodel","manual_1637345578273",end_to_end,1488,1488,127.80523,192.82776,14.03451,127.23753,0.00031,336.04427,0.00035,0.04798,1.73722,799.73516
"methane_baseline.xmodel","manual_1637345578273",end_to_end,1489,1489,111.72822,201.79491,15.34538,119.97001,0.00029,339.13843,0.00044,0.0538,2.12161,790.15309
"methane_baseline.xmodel","manual_1637345578273",end_to_end,1490,1490,129.05909,194.15634,14.1064,125.95956,0.00026,337.68888,0.00034,0.08317,1.82437,802.87841
"methane_baseline.xmodel","manual_1637345578273",end_to_end,1491,1491,122.21129,197.38518,15.62375,123.89536,0.00026,339.777,0.00027,0.05948,2.06573,801.01832
"methane_baseline.xmodel","manual_1637345578273",end_to_end,1492,1492,127.75229,197.77736,14.23259,123.89592,0.00045,336.39492,0.00068,0.05024,2.72714,802.83159
"methane_baseline.xmodel","manual_1637345578273",end_to_end,1493,1493,126.09693,182.99667,17.3307,137.25234,0.0003,339.70259,0.00054,0.06444,2.36029,805.8048
"methane_baseline.xmodel","manual_1637345578273",end_to_end,1494,1494,125.78482,186.76162,14.41249,133.32858,0.00024,337.13223,0.00034,0.04117,1.74259,799.20408
"methane_baseline.xmodel","manual_1637345578273",end_to_end,1495,1495,139.42008,205.69654,14.4608,117.37681,0.00086,340.42425,0.00042,0.04941,1.7935,819.22267
"methane_baseline.xmodel","manual_1637345578273",end_to_end,1496,1496,136.13696,209.24259,13.70914,111.37262,0.00029,335.79732,0.00054,0.04005,1.78794,808.08745
"methane_baseline.xmodel","manual_1637345578273",end_to_end,1497,1497,119.92846,218.39445,13.94902,105.53979,0.00029,339.14321,0.00046,0.03948,1.7858,798.78096
"methane_baseline.xmodel","manual_1637345578273",end_to_end,1498,1498,113.16507,208.70877,13.90124,111.39787,0.00024,336.03611,0.00046,0.04119,1.76531,785.01626
"methane_baseline.xmodel","manual_1637345578273",end_to_end,1499,1499,107.3739,205.04176,13.96299,118.30006,0.00026,339.10664,0.00032,0.04238,1.77391,785.60222
"methane_baseline.xmodel","manual_1637345578273",end_to_end,1500,1500,113.23326,205.73137,14.18913,114.28155,0.0003,336.114,0.00032,0.04311,1.72531,785.31835
"methane_baseline.xmodel","manual_1637345578273",end_to_end,1501,1501,120.14075,203.27356,13.80321,120.18902,0.00029,339.05259,0.0004,0.0396,1.79279,798.29221
"methane_baseline.xmodel","manual_1637345578273",end_to_end,1502,1502,116.11233,182.36965,14.7236,137.19104,0.00024,336.08925,0.0004,0.04084,1.73203,788.25938
"methane_baseline.xmodel","manual_1637345578273",end_to_end,1503,1503,122.01583,209.02644,13.74419,114.45444,0.00027,339.20251,0.00044,0.04252,1.87118,800.35782
"methane_baseline.xmodel","manual_1637345578273",end_to_end,1504,1504,138.97371,189.71041,14.59784,129.99958,0.0003,336.4162,0.00034,0.04071,1.70524,811.44433
"methane_baseline.xmodel","manual_1637345578273",end_to_end,1505,1505,116.27666,214.922,13.45676,108.99253,0.0003,339.38899,0.00044,0.06259,1.85798,794.95825
"methane_baseline.xmodel","manual_1637345578273",end_to_end,1506,1506,131.78913,187.27553,15.30363,132.04392,0.00026,337.06914,0.0003,0.05268,1.8528,805.38739
"methane_baseline.xmodel","manual_1637345578273",end_to_end,1507,1507,110.89619,186.93446,14.13177,136.41682,0.00029,340.06048,0.00031,0.06072,2.67779,791.17883
"methane_baseline.xmodel","manual_1637345578273",end_to_end,1508,1508,133.77514,181.1885,15.18928,138.94996,0.00032,336.76635,0.00044,0.05589,1.88688,807.81276
"methane_baseline.xmodel","manual_1637345578273",end_to_end,1509,1509,138.41182,173.09744,16.55194,148.42521,0.00044,341.9657,0.00055,0.04135,1.88706,820.38151
"methane_baseline.xmodel","manual_1637345578273",end_to_end,1510,1510,140.87191,175.66802,17.15874,142.02278,0.00025,336.428,0.00047,0.04138,1.84003,814.03158
"methane_baseline.xmodel","manual_1637345578273",end_to_end,1511,1511,151.1528,187.63299,13.93278,137.66611,0.00025,338.93917,0.00053,0.04572,1.88153,831.25188
"methane_baseline.xmodel","manual_1637345578273",end_to_end,1512,1512,143.98566,186.4758,15.11412,132.86327,0.0003,335.95762,0.00043,0.04373,1.85419,816.29512
"methane_baseline.xmodel","manual_1637345578273",end_to_end,1513,1513,139.63407,170.52334,15.92276,150.51951,0.00031,338.62812,0.0006,0.05549,1.86975,817.15395
"methane_baseline.xmodel","manual_1637345578273",end_to_end,1514,1514,134.74416,190.11275,15.18406,128.77466,0.00043,336.39699,0.00037,0.05273,1.89964,807.16579
"methane_baseline.xmodel","manual_1637345578273",end_to_end,1515,1515,152.44431,161.76612,15.11664,159.80429,0.00026,338.90114,0.00042,0.04985,1.84584,829.92887
"methane_baseline.xmodel","manual_1637345578273",end_to_end,1516,1516,130.65742,198.69516,15.43467,120.35679,0.00031,336.42664,0.00036,0.03763,1.86921,803.47819
"methane_baseline.xmodel","manual_1637345578273",end_to_end,1517,1517,161.7533,186.95568,14.01002,135.99217,0.00027,338.73178,0.00033,0.05288,1.93073,839.42716
"methane_baseline.xmodel","manual_1637345578273",end_to_end,1518,1518,122.33687,195.38519,15.53342,123.533,0.00084,336.40709,0.00084,0.04775,1.85112,795.09612
"methane_baseline.xmodel","manual_1637345578273",end_to_end,1519,1519,137.91481,185.73101,14.10859,136.97288,0.00025,338.52544,0.0003,0.05223,1.82399,815.1295
"methane_baseline.xmodel","manual_1637345578273",end_to_end,1520,1520,125.48636,216.82792,14.75038,102.88399,0.0003,336.43116,0.0003,0.04488,1.79436,798.21965
"methane_baseline.xmodel","manual_1637345578273",end_to_end,1521,1521,138.96398,229.48976,14.04744,93.0049,0.00025,338.76468,0.00048,0.04203,1.8764,816.18992
"methane_baseline.xmodel","manual_1637345578273",end_to_end,1522,1522,104.82352,221.21835,14.76898,98.513,0.00025,336.61176,0.00034,0.04553,1.86454,777.84627
"methane_baseline.xmodel","manual_1637345578273",end_to_end,1523,1523,94.89473,231.71968,13.99573,91.15985,0.00027,338.82179,0.00029,0.04194,1.86447,772.49875
"methane_baseline.xmodel","manual_1637345578273",end_to_end,1524,1524,100.37065,236.94408,13.97101,83.84948,0.00026,336.6537,0.00036,0.08318,1.84517,773.71789
"methane_baseline.xmodel","manual_1637345578273",end_to_end,1525,1525,93.10448,219.05271,13.88562,103.94226,0.0003,338.75031,0.0006,0.0495,1.99484,770.78062
"methane_baseline.xmodel","manual_1637345578273",end_to_end,1526,1526,85.78879,205.30919,15.14148,114.27713,0.00028,336.76744,0.00036,0.05336,1.90318,759.24121
"methane_baseline.xmodel","manual_1637345578273",end_to_end,1527,1527,105.8431,212.14036,13.53158,111.17488,0.00026,339.58101,0.00046,0.06636,1.92021,784.25822
"methane_baseline.xmodel","manual_1637345578273",end_to_end,1528,1528,116.18681,209.8956,14.68474,110.26916,0.00066,336.89272,0.00033,0.05453,1.82968,789.81423
"methane_baseline.xmodel","manual_1637345578273",end_to_end,1529,1529,113.22214,223.9124,14.43894,99.18304,0.0003,338.80398,0.00046,0.0453,1.95708,791.56364
"methane_baseline.xmodel","manual_1637345578273",end_to_end,1530,1530,112.23426,201.99088,15.02144,117.92077,0.00058,336.52648,0.00033,0.04952,2.10169,785.84595
"methane_baseline.xmodel","manual_1637345578273",end_to_end,1531,1531,101.19048,211.25423,13.53196,111.96293,0.00025,339.44416,0.00033,0.04473,1.94466,779.37373
"methane_baseline.xmodel","manual_1637345578273",end_to_end,1532,1532,119.84697,212.12555,14.84051,107.62404,0.00029,337.04268,0.00037,0.04721,1.77386,793.30148
"methane_baseline.xmodel","manual_1637345578273",end_to_end,1533,1533,113.98412,208.23227,13.71589,115.47564,0.00091,340.0488,0.00033,0.04592,1.80384,793.30772
"methane_baseline.xmodel","manual_1637345578273",end_to_end,1534,1534,109.86155,212.30693,14.89889,107.59457,0.00025,336.42926,0.00063,0.05087,1.87689,783.01984
"methane_baseline.xmodel","manual_1637345578273",end_to_end,1535,1535,117.50387,225.37035,15.03884,97.61065,0.00026,339.18825,0.00035,0.06645,1.8409,796.61992
"methane_baseline.xmodel","manual_1637345578273",end_to_end,1536,1536,109.43294,205.89779,15.08585,113.60959,0.00029,336.10297,0.00034,0.03445,1.83354,781.99776
"methane_baseline.xmodel","manual_1637345578273",end_to_end,1537,1537,99.4896,204.83729,13.67852,118.80189,0.00029,338.82764,0.00034,0.05144,1.8306,777.51761
"methane_baseline.xmodel","manual_1637345578273",end_to_end,1538,1538,115.54754,207.01724,17.17042,109.97592,0.00029,336.32204,0.00034,0.04054,1.82451,787.89884
"methane_baseline.xmodel","manual_1637345578273",end_to_end,1539,1539,120.72341,219.88547,14.97139,102.05105,0.00027,339.08361,0.00065,0.05078,1.76817,798.5348
"methane_baseline.xmodel","manual_1637345578273",end_to_end,1540,1540,111.85977,221.97059,15.58586,96.88868,0.00031,336.3305,0.00061,0.04476,1.76537,784.44645
"methane_baseline.xmodel","manual_1637345578273",end_to_end,1541,1541,103.94775,220.65587,15.34917,101.18715,0.00028,339.00991,0.00044,0.03857,1.80508,781.99422
"methane_baseline.xmodel","manual_1637345578273",end_to_end,1542,1542,98.7561,231.11411,14.73091,88.60253,0.00026,336.46379,0.00034,0.05136,1.83655,771.55595
"methane_baseline.xmodel","manual_1637345578273",end_to_end,1543,1543,103.00847,208.17291,13.94532,115.0685,0.00024,338.82606,0.00041,0.03921,1.99661,781.05773
"methane_baseline.xmodel","manual_1637345578273",end_to_end,1544,1544,90.4545,229.48122,15.11731,90.02014,0.0003,336.33261,0.00031,0.04813,1.79629,763.25081
"methane_baseline.xmodel","manual_1637345578273",end_to_end,1545,1545,116.94041,222.9009,15.66672,98.38238,0.00035,339.36859,0.00034,0.05613,2.08891,795.40473
"methane_baseline.xmodel","manual_1637345578273",end_to_end,1546,1546,91.96229,235.51259,15.10908,83.77015,0.00025,336.3555,0.00124,0.04225,1.74434,764.49769
"methane_baseline.xmodel","manual_1637345578273",end_to_end,1547,1547,100.42415,223.69439,15.62387,98.01019,0.00025,341.28744,0.00054,0.04771,1.82273,780.91127
"methane_baseline.xmodel","manual_1637345578273",end_to_end,1548,1548,85.63957,238.27419,14.91225,81.30736,0.0003,336.16105,0.00035,0.04082,1.78259,758.11848
"methane_baseline.xmodel","manual_1637345578273",end_to_end,1549,1549,100.15185,181.87346,13.6407,143.63956,0.00029,338.8319,0.00037,0.04272,1.86803,780.04888
"methane_baseline.xmodel","manual_1637345578273",end_to_end,1550,1550,83.11513,214.01505,14.95819,105.38983,0.00025,335.42221,0.00032,0.08781,1.70415,754.69294
"methane_baseline.xmodel","manual_1637345578273",end_to_end,1551,1551,245.85198,239.81657,14.37384,79.4265,0.00029,335.48548,0.00032,0.05836,1.72723,916.74057
"methane_baseline.xmodel","manual_1637345578273",end_to_end,1552,1552,6.84944,241.87285,15.22842,79.85142,0.00023,338.87066,0.00058,0.05063,1.78686,684.51109
"methane_baseline.xmodel","manual_1637345578273",end_to_end,1553,1553,81.75839,255.44484,13.76775,67.73373,0.00029,338.61806,0.00043,0.05134,1.82227,759.1971
"methane_baseline.xmodel","manual_1637345578273",end_to_end,1554,1554,81.20978,258.35613,14.81725,60.52605,0.00025,335.49467,0.00042,0.04878,1.76922,752.22255
"methane_baseline.xmodel","manual_1637345578273",end_to_end,1555,1555,69.57302,242.48411,14.48504,79.79984,0.00026,338.9674,0.00033,0.05021,1.84678,747.20699
"methane_baseline.xmodel","manual_1637345578273",end_to_end,1556,1556,62.31321,252.26819,14.93511,66.51357,0.00029,335.3719,0.0004,0.04598,1.81486,733.26351
"methane_baseline.xmodel","manual_1637345578273",end_to_end,1557,1557,81.68152,235.68449,14.85139,86.55369,0.00025,338.75829,0.00051,0.05031,1.89116,759.47161
"methane_baseline.xmodel","manual_1637345578273",end_to_end,1558,1558,68.33845,241.80261,14.49658,77.25638,0.00048,335.37993,0.00031,0.04775,1.72058,739.04307
"methane_baseline.xmodel","manual_1637345578273",end_to_end,1559,1559,88.44768,227.81127,15.98224,93.06325,0.00027,338.85013,0.00047,0.04024,1.8063,766.00185
"methane_baseline.xmodel","manual_1637345578273",end_to_end,1560,1560,79.11316,240.11811,14.49845,78.90837,0.00029,335.41495,0.00037,0.04014,1.72908,749.82292
"methane_baseline.xmodel","manual_1637345578273",end_to_end,1561,1561,95.02396,247.23014,15.04534,74.60739,0.00031,338.74143,0.0004,0.05047,1.89261,772.59205
"methane_baseline.xmodel","manual_1637345578273",end_to_end,1562,1562,80.6954,259.14035,15.07531,59.41886,0.00025,335.59407,0.00033,0.0321,1.71716,751.67383
"methane_baseline.xmodel","manual_1637345578273",end_to_end,1563,1563,76.44714,262.85121,14.41531,59.61522,0.00027,339.15482,0.00034,0.04943,1.84583,754.37957
"methane_baseline.xmodel","manual_1637345578273",end_to_end,1564,1564,61.18991,238.75188,14.73134,80.32086,0.0003,335.52416,0.00042,0.04606,1.68784,732.25277
"methane_baseline.xmodel","manual_1637345578273",end_to_end,1565,1565,138.31185,244.58552,14.70206,74.47905,0.00024,335.30807,0.00035,0.05379,1.71684,809.15777
"methane_baseline.xmodel","manual_1637345578273",end_to_end,1566,1566,5.33619,272.63509,16.5317,48.03888,0.00031,338.85909,0.00031,0.03587,1.88053,683.31797
"methane_baseline.xmodel","manual_1637345578273",end_to_end,1567,1567,123.08651,215.07115,14.42768,104.06953,0.00028,335.17834,0.00033,0.03814,1.77452,793.64648
"methane_baseline.xmodel","manual_1637345578273",end_to_end,1568,1568,3.0626,207.59788,15.12997,114.24506,0.00025,339.15804,0.0003,0.06115,1.8106,681.06585
"methane_baseline.xmodel","manual_1637345578273",end_to_end,1569,1569,185.76098,258.65617,14.70538,60.06996,0.00025,335.33579,0.00032,0.03801,1.72988,856.29674
"methane_baseline.xmodel","manual_1637345578273",end_to_end,1570,1570,36.22473,239.39241,15.06239,82.78472,0.00029,338.82244,0.00043,0.05465,1.88731,714.22937
"methane_baseline.xmodel","manual_1637345578273",end_to_end,1571,1571,84.67126,256.55304,14.48253,65.93656,0.00031,338.96896,0.00047,0.03841,1.85442,762.50596
"methane_baseline.xmodel","manual_1637345578273",end_to_end,1572,1572,61.88301,258.0836,14.87198,60.57082,0.00031,335.6219,0.00073,0.04318,1.73586,732.81139
"methane_baseline.xmodel","manual_1637345578273",end_to_end,1573,1573,129.97378,244.72784,14.61664,74.48301,0.00025,335.69438,0.00033,0.04175,1.67932,801.2173
"methane_baseline.xmodel","manual_1637345578273",end_to_end,1574,1574,0.21324,241.42581,13.98164,81.65691,0.00029,339.36607,0.00046,0.08187,2.21688,678.94317
"methane_baseline.xmodel","manual_1637345578273",end_to_end,1575,1575,83.56091,239.96388,13.86668,83.64926,0.00026,342.61211,0.00073,0.04875,1.96269,765.66527
"methane_baseline.xmodel","manual_1637345578273",end_to_end,1576,1576,76.29129,264.39176,15.37486,54.11689,0.00029,335.92443,0.00029,0.05148,1.68173,747.83302
"methane_baseline.xmodel","manual_1637345578273",end_to_end,1577,1577,140.59999,297.21061,15.99564,20.99853,0.00025,335.79972,0.00031,0.03764,1.67457,812.31726
"methane_baseline.xmodel","manual_1637345578273",end_to_end,1578,1578,1.16096,281.30517,16.13065,42.88512,0.00029,339.60555,0.00044,0.05352,1.89808,683.03978
"methane_baseline.xmodel","manual_1637345578273",end_to_end,1579,1579,44.91256,259.6224,13.97444,63.98562,0.00026,339.67299,0.00032,0.04191,1.93291,724.14341
"methane_baseline.xmodel","manual_1637345578273",end_to_end,1580,1580,22.73533,281.4503,15.74627,36.86204,0.00029,336.08712,0.00044,0.06889,1.75243,694.70311
"methane_baseline.xmodel","manual_1637345578273",end_to_end,1581,1581,65.96322,268.53127,15.13681,54.02414,0.0003,339.41128,0.00149,0.06831,1.8642,745.00102
"methane_baseline.xmodel","manual_1637345578273",end_to_end,1582,1582,38.59007,270.04045,16.80562,47.53088,0.00045,336.1736,0.00047,0.04451,1.73742,710.92347
"methane_baseline.xmodel","manual_1637345578273",end_to_end,1583,1583,96.98222,315.40373,16.43852,2.50508,0.0008,335.44173,0.00033,0.04064,1.9314,768.74445
"methane_baseline.xmodel","manual_1637345578273",end_to_end,1584,1584,8.36096,323.23887,16.0131,0.047,0.00019,339.59693,0.00045,0.05659,1.84152,689.15561
"methane_baseline.xmodel","manual_1637345578273",end_to_end,1585,1585,0.06019,452.14713,12.67029,0.05001,0.00026,338.92405,0.00049,0.05957,1.97383,805.88582
"methane_baseline.xmodel","manual_1637345578273",end_to_end,1586,1586,4.2797,444.1059,13.55936,0.05236,0.00041,335.87337,0.00048,0.03371,1.7036,799.60889
"methane_baseline.xmodel","manual_1637345578273",end_to_end,1587,1587,0.00158,299.04221,16.23783,23.68235,0.00027,339.99788,0.0005,0.06149,1.98305,681.00716
"methane_baseline.xmodel","manual_1637345578273",end_to_end,1588,1588,0.00339,303.04985,16.50946,16.35304,0.00025,336.36403,0.00031,0.0492,1.79225,674.12178
"methane_baseline.xmodel","manual_1637345578273",end_to_end,1589,1589,25.74003,278.901,15.39956,43.63239,0.00031,340.02415,0.00059,0.05341,2.04248,705.79392
"methane_baseline.xmodel","manual_1637345578273",end_to_end,1590,1590,18.10405,300.1197,16.0924,18.39688,0.00105,336.82923,0.00086,0.07463,1.91902,691.53782
"methane_baseline.xmodel","manual_1637345578273",end_to_end,1591,1591,45.70262,303.11645,16.48714,18.35311,0.00023,340.83536,0.00058,0.08365,2.16342,726.74256
"methane_baseline.xmodel","manual_1637345578273",end_to_end,1592,1592,20.24621,308.91488,16.24576,9.82508,0.00062,337.07811,0.00034,0.05825,1.86042,694.22967
"methane_baseline.xmodel","manual_1637345578273",end_to_end,1593,1593,20.48223,286.96152,15.80227,35.95957,0.00036,340.29909,0.00035,0.04772,2.03531,701.58842
"methane_baseline.xmodel","manual_1637345578273",end_to_end,1594,1594,11.82119,316.68311,17.14447,1.25345,0.00026,336.44802,0.00029,0.02496,1.95443,685.33018
"methane_baseline.xmodel","manual_1637345578273",end_to_end,1595,1595,38.20344,296.37168,16.13658,25.52028,0.00025,340.34364,0.00054,0.06182,2.16625,718.80448
"methane_baseline.xmodel","manual_1637345578273",end_to_end,1596,1596,3.17252,302.35788,16.17546,15.98103,0.00025,336.71336,0.00042,0.04258,1.75311,676.19661
"methane_baseline.xmodel","manual_1637345578273",end_to_end,1597,1597,40.64396,317.87491,16.82133,0.02282,0.00026,337.70355,0.00048,0.04417,1.80115,714.91263
"methane_baseline.xmodel","manual_1637345578273",end_to_end,1598,1598,4.90733,311.58438,16.0071,10.65922,0.00029,340.54116,0.00046,0.07936,3.02435,686.80365
"methane_baseline.xmodel","manual_1637345578273",end_to_end,1599,1599,12.90999,317.40665,16.75614,4.13964,0.00026,340.49825,0.00027,0.0444,2.0395,693.7951
"methane_baseline.xmodel","manual_1637345578273",end_to_end,1600,1600,1.83342,325.30572,17.0884,0.04851,0.00031,336.65091,0.00031,0.03694,1.77323,682.73775
"methane_baseline.xmodel","manual_1637345578273",end_to_end,1601,1601,7.32905,301.4074,15.3769,20.50545,0.00031,340.11847,0.00083,0.05907,2.00941,686.80689
"methane_baseline.xmodel","manual_1637345578273",end_to_end,1602,1602,0.00111,308.57071,16.21787,11.88481,0.00075,337.49066,0.00045,0.02592,1.92989,676.12217
"methane_baseline.xmodel","manual_1637345578273",end_to_end,1603,1603,31.66803,313.05831,16.57805,6.01905,0.0003,336.66762,0.00036,0.02128,1.70171,705.71471
"methane_baseline.xmodel","manual_1637345578273",end_to_end,1604,1604,4.6256,302.04846,14.92203,21.04652,0.00024,340.81808,0.00059,0.03931,1.75822,685.25905
"methane_baseline.xmodel","manual_1637345578273",end_to_end,1605,1605,23.30664,291.94238,15.99531,30.61106,0.00026,344.61208,0.00049,0.02296,1.66838,708.15956
"methane_baseline.xmodel","manual_1637345578273",end_to_end,1606,1606,7.98182,289.29338,15.92877,29.47525,0.00026,340.2309,0.00042,0.04185,1.69893,684.65158
"methane_baseline.xmodel","manual_1637345578273",end_to_end,1607,1607,32.41017,303.11393,14.68239,25.00839,0.00035,340.71371,0.00037,0.28039,2.09433,718.30403
"methane_baseline.xmodel","manual_1637345578273",end_to_end,1608,1608,31.20497,287.75911,15.22456,35.51012,0.00031,337.10287,0.00043,0.04624,1.96476,708.81337
"methane_baseline.xmodel","manual_1637345578273",end_to_end,1609,1609,37.28418,255.99245,14.1713,65.16777,0.00027,337.0622,0.00058,0.06845,1.92671,711.67391
"methane_baseline.xmodel","manual_1637345578273",end_to_end,1610,1610,26.71446,282.77026,15.58519,40.65219,0.00028,340.09091,0.00047,0.03441,2.02136,707.86953
"methane_baseline.xmodel","manual_1637345578273",end_to_end,1611,1611,72.9692,313.90875,16.98399,6.82047,0.00026,340.71853,0.00034,0.05435,1.93385,753.38974
"methane_baseline.xmodel","manual_1637345578273",end_to_end,1612,1612,37.2712,304.1194,15.39687,15.51306,0.00103,336.944,0.00033,0.06616,1.91845,711.2305
"methane_baseline.xmodel","manual_1637345578273",end_to_end,1613,1613,26.03392,310.03179,16.498,12.11409,0.00039,340.18476,0.00047,0.05763,1.95147,706.87252
"methane_baseline.xmodel","manual_1637345578273",end_to_end,1614,1614,0.36598,303.07174,15.88255,16.00282,0.00024,336.96714,0.00185,0.04962,1.8287,674.17064
"methane_baseline.xmodel","manual_1637345578273",end_to_end,1615,1615,30.21594,308.96051,16.12919,13.10583,0.00025,340.50533,0.00052,0.03938,1.89717,710.85412
"methane_baseline.xmodel","manual_1637345578273",end_to_end,1616,1616,1.88294,304.53501,15.80217,14.65105,0.0003,336.62282,0.0006,0.06112,1.99201,675.54802
"methane_baseline.xmodel","manual_1637345578273",end_to_end,1617,1617,16.56145,300.69637,15.62407,18.39839,0.00028,337.04006,0.0003,0.04631,1.8425,690.20973
"methane_baseline.xmodel","manual_1637345578273",end_to_end,1618,1618,15.12211,304.89227,16.07341,17.52984,0.00035,340.812,0.00047,0.07658,1.93878,696.44581
"methane_baseline.xmodel","manual_1637345578273",end_to_end,1619,1619,39.66554,278.59345,16.62351,43.62956,0.00031,340.32164,0.00029,0.04598,1.84011,720.72039
"methane_baseline.xmodel","manual_1637345578273",end_to_end,1620,1620,0.28489,287.32088,16.83447,30.81103,0.00031,336.14746,0.0003,0.05686,1.87676,673.33296
"methane_baseline.xmodel","manual_1637345578273",end_to_end,1621,1621,32.70682,290.38451,15.46201,28.38909,0.00027,336.20797,0.00034,0.05655,1.88063,705.08819
"methane_baseline.xmodel","manual_1637345578273",end_to_end,1622,1622,45.65744,295.39689,18.40546,24.49775,0.00029,339.94312,0.0006,0.04402,1.82485,725.77042
"methane_baseline.xmodel","manual_1637345578273",end_to_end,1623,1623,30.33439,297.55448,16.60598,20.09966,0.00044,336.42226,0.00039,0.05455,1.9446,703.01675
"methane_baseline.xmodel","manual_1637345578273",end_to_end,1624,1624,26.39686,304.64751,18.70072,14.70327,0.00026,339.5266,0.00046,0.04119,1.75646,705.77333
"methane_baseline.xmodel","manual_1637345578273",end_to_end,1625,1625,22.06114,306.3262,17.06314,11.07191,0.00026,336.42567,0.00043,0.06701,1.90051,694.91627
"methane_baseline.xmodel","manual_1637345578273",end_to_end,1626,1626,16.58513,297.72174,17.44839,22.46889,0.00028,339.52837,0.00048,0.04845,1.78968,695.59141
"methane_baseline.xmodel","manual_1637345578273",end_to_end,1627,1627,13.08758,289.45133,14.87853,30.07386,0.00024,336.41136,0.00032,0.06383,1.85694,685.82399
"methane_baseline.xmodel","manual_1637345578273",end_to_end,1628,1628,24.27717,293.77189,15.52729,28.42259,0.00024,339.3742,0.00034,0.04168,1.79701,703.21241
"methane_baseline.xmodel","manual_1637345578273",end_to_end,1629,1629,32.05517,275.14084,15.6609,43.63395,0.00025,336.48599,0.00126,0.0454,1.81335,704.83711
"methane_baseline.xmodel","manual_1637345578273",end_to_end,1630,1630,30.27197,285.50315,15.80032,36.22387,0.00026,339.52287,0.00087,0.03695,1.81522,709.17548
"methane_baseline.xmodel","manual_1637345578273",end_to_end,1631,1631,45.57381,276.93702,15.78585,41.81994,0.0003,336.2161,0.00047,0.04395,1.79743,718.17487
"methane_baseline.xmodel","manual_1637345578273",end_to_end,1632,1632,38.08195,286.04672,17.2976,34.32028,0.00027,339.23493,0.00029,0.05812,1.80785,716.84801
"methane_baseline.xmodel","manual_1637345578273",end_to_end,1633,1633,43.70619,276.50952,15.67925,42.14041,0.00027,336.42801,0.00041,0.04738,1.79756,716.309
"methane_baseline.xmodel","manual_1637345578273",end_to_end,1634,1634,36.19506,282.90768,18.19741,36.25722,0.00029,339.01332,0.00078,0.04485,1.79186,714.40847
"methane_baseline.xmodel","manual_1637345578273",end_to_end,1635,1635,43.98791,262.10315,14.24427,58.22314,0.00032,337.94015,0.00046,0.05327,1.86746,718.42013
"methane_baseline.xmodel","manual_1637345578273",end_to_end,1636,1636,38.13927,262.30196,15.24963,59.58183,0.00026,339.72018,0.00029,0.03486,1.73493,716.76321
"methane_baseline.xmodel","manual_1637345578273",end_to_end,1637,1637,60.08428,264.32412,14.44171,57.31446,0.00027,338.51023,0.00043,0.05491,2.64855,737.37896
"methane_baseline.xmodel","manual_1637345578273",end_to_end,1638,1638,61.40976,296.03138,15.6543,26.20002,0.00029,339.40709,0.00056,0.04492,1.75664,740.50496
"methane_baseline.xmodel","manual_1637345578273",end_to_end,1639,1639,59.23373,289.9921,14.7018,31.88578,0.00028,339.18076,0.00036,0.04347,1.82701,736.86529
"methane_baseline.xmodel","manual_1637345578273",end_to_end,1640,1640,27.98262,289.67102,15.82929,32.12286,0.00026,339.52349,0.00046,0.04054,1.7442,706.91474
"methane_baseline.xmodel","manual_1637345578273",end_to_end,1641,1641,34.61587,284.45877,14.82486,37.17431,0.00026,338.3862,0.00052,0.07459,2.03945,711.57483
"methane_baseline.xmodel","manual_1637345578273",end_to_end,1642,1642,33.93867,276.45231,19.35966,41.88975,0.00027,339.26234,0.00042,0.03476,1.81761,712.75579
"methane_baseline.xmodel","manual_1637345578273",end_to_end,1643,1643,39.07623,267.87328,15.90984,52.69925,0.0003,338.11488,0.00187,0.08486,2.11174,715.87225
"methane_baseline.xmodel","manual_1637345578273",end_to_end,1644,1644,43.68353,293.56501,15.59432,28.29745,0.00027,338.99615,0.00053,0.04135,1.79102,721.96963
"methane_baseline.xmodel","manual_1637345578273",end_to_end,1645,1645,54.82121,286.9394,14.79662,34.28159,0.00104,338.17718,0.00034,0.05733,2.00719,731.0819
"methane_baseline.xmodel","manual_1637345578273",end_to_end,1646,1646,30.14833,284.45554,15.85563,36.82839,0.00028,338.98695,0.00036,0.04044,1.77177,708.08769
"methane_baseline.xmodel","manual_1637345578273",end_to_end,1647,1647,36.51687,271.79972,15.87429,48.27445,0.0003,337.34926,0.00046,0.06811,1.9668,711.85026
"methane_baseline.xmodel","manual_1637345578273",end_to_end,1648,1648,38.66453,265.22685,16.53491,55.38177,0.00026,339.11281,0.00048,0.04499,1.72572,716.69232
"methane_baseline.xmodel","manual_1637345578273",end_to_end,1649,1649,104.40653,280.9947,15.8659,40.4584,0.0003,340.07921,0.00046,0.05071,1.81471,783.67092
"methane_baseline.xmodel","manual_1637345578273",end_to_end,1650,1650,3.09257,262.93432,14.05129,58.3186,0.00036,336.42836,0.00032,0.04517,1.87254,676.74353
"methane_baseline.xmodel","manual_1637345578273",end_to_end,1651,1651,60.38832,263.66983,14.33631,56.35078,0.00027,335.96894,0.00047,0.0536,1.75175,732.52027
"methane_baseline.xmodel","manual_1637345578273",end_to_end,1652,1652,42.22479,282.33142,16.08717,39.89884,0.00023,338.5898,0.00036,0.04085,1.81791,720.99137
"methane_baseline.xmodel","manual_1637345578273",end_to_end,1653,1653,58.33889,267.14474,15.37655,51.46152,0.00024,336.06918,0.00034,0.04105,1.74955,730.18206
"methane_baseline.xmodel","manual_1637345578273",end_to_end,1654,1654,41.72977,294.01068,15.26397,27.46411,0.00029,338.574,0.00034,0.05213,1.84675,718.94204
"methane_baseline.xmodel","manual_1637345578273",end_to_end,1655,1655,53.27009,270.08279,15.63694,48.53056,0.0003,335.90147,0.00033,0.05007,1.73232,725.20487
"methane_baseline.xmodel","manual_1637345578273",end_to_end,1656,1656,29.33386,285.1196,15.73778,35.86367,0.00026,338.62082,0.00077,0.04294,1.79732,706.51702
"methane_baseline.xmodel","manual_1637345578273",end_to_end,1657,1657,50.31562,262.79998,14.27196,57.04057,0.00025,335.82193,0.00055,0.05468,1.78383,722.08937
"methane_baseline.xmodel","manual_1637345578273",end_to_end,1658,1658,37.76721,274.32253,16.34333,46.06588,0.00029,338.42229,0.00033,0.06351,1.80708,714.79245
"methane_baseline.xmodel","manual_1637345578273",end_to_end,1659,1659,58.84578,282.0751,15.24123,36.70528,0.00027,335.90702,0.00032,0.03682,1.80899,730.62081
"methane_baseline.xmodel","manual_1637345578273",end_to_end,1660,1660,47.90569,288.19146,15.16731,33.22422,0.00025,338.55021,0.00055,0.05227,1.75494,724.8469
"methane_baseline.xmodel","manual_1637345578273",end_to_end,1661,1661,38.53019,270.76168,16.44053,46.85967,0.00025,335.55243,0.00033,0.05122,1.76386,709.96016
"methane_baseline.xmodel","manual_1637345578273",end_to_end,1662,1662,35.09896,269.24186,16.22985,51.21003,0.00057,338.4798,0.00076,0.0548,1.82513,712.14176
"methane_baseline.xmodel","manual_1637345578273",end_to_end,1663,1663,48.74205,262.1119,14.06417,57.50181,0.00025,335.61021,0.0003,0.04157,1.75873,719.83099
"methane_baseline.xmodel","manual_1637345578273",end_to_end,1664,1664,53.02325,263.38687,15.21714,58.06523,0.00026,338.738,0.00059,0.04863,1.82807,730.30804
"methane_baseline.xmodel","manual_1637345578273",end_to_end,1665,1665,59.35572,242.82708,14.642,76.28566,0.00024,335.66388,0.0005,0.04522,1.77067,730.59097
"methane_baseline.xmodel","manual_1637345578273",end_to_end,1666,1666,59.93097,270.90154,16.13163,49.82801,0.00059,338.79983,0.0006,0.03681,1.79183,737.42181
"methane_baseline.xmodel","manual_1637345578273",end_to_end,1667,1667,78.08007,268.09595,15.86308,49.88789,0.00029,335.66445,0.00042,0.04993,1.77253,749.41461
"methane_baseline.xmodel","manual_1637345578273",end_to_end,1668,1668,51.69405,264.84638,15.5917,56.49105,0.00026,338.60987,0.00031,0.04206,1.73016,729.00584
"methane_baseline.xmodel","manual_1637345578273",end_to_end,1669,1669,51.70894,247.11634,14.00809,72.71854,0.00026,335.49367,0.00045,0.05809,1.81429,722.91867
"methane_baseline.xmodel","manual_1637345578273",end_to_end,1670,1670,58.34751,258.21647,15.1356,63.40651,0.00031,338.60514,0.00046,0.04577,1.89384,735.65161
"methane_baseline.xmodel","manual_1637345578273",end_to_end,1671,1671,74.53028,231.4429,14.26713,87.94534,0.00025,335.60261,0.00033,0.06935,1.88029,745.73848
"methane_baseline.xmodel","manual_1637345578273",end_to_end,1672,1672,65.19136,244.86488,14.5739,77.37578,0.00026,338.43663,0.00046,0.06501,1.74554,742.25382
"methane_baseline.xmodel","manual_1637345578273",end_to_end,1673,1673,89.82473,254.0335,14.97581,64.7253,0.00029,335.96025,0.00035,0.04008,1.74695,761.30726
"methane_baseline.xmodel","manual_1637345578273",end_to_end,1674,1674,79.32734,256.64764,16.10232,63.73079,0.00029,338.35608,0.00056,0.03756,1.74853,755.95111
"methane_baseline.xmodel","manual_1637345578273",end_to_end,1675,1675,67.84779,240.48254,13.96857,78.32163,0.00028,335.72446,0.00042,0.05348,1.75985,738.15902
"methane_baseline.xmodel","manual_1637345578273",end_to_end,1676,1676,65.55126,253.18824,14.93798,68.41466,0.00027,338.54731,0.00047,0.04318,1.7852,742.46857
"methane_baseline.xmodel","manual_1637345578273",end_to_end,1677,1677,80.09681,226.68257,14.84625,92.40243,0.00026,335.82686,0.00047,0.0491,1.78477,751.68952
"methane_baseline.xmodel","manual_1637345578273",end_to_end,1678,1678,70.2342,235.84529,17.05228,83.8372,0.00026,338.27354,0.00059,0.04043,1.85509,747.13888
"methane_baseline.xmodel","manual_1637345578273",end_to_end,1679,1679,94.23521,217.36088,15.29346,101.34302,0.00031,336.22612,0.00051,0.04687,1.83297,766.33935
"methane_baseline.xmodel","manual_1637345578273",end_to_end,1680,1680,85.67845,255.06953,15.1473,66.214,0.00025,338.83039,0.00059,0.04403,1.85917,762.84371
"methane_baseline.xmodel","manual_1637345578273",end_to_end,1681,1681,103.18698,248.93187,14.21218,71.23719,0.00024,337.48203,0.00043,0.03857,1.74392,776.83341
"methane_baseline.xmodel","manual_1637345578273",end_to_end,1682,1682,68.14014,253.78348,14.94956,68.17683,0.00028,339.14599,0.00047,0.05218,1.89098,746.13991
"methane_baseline.xmodel","manual_1637345578273",end_to_end,1683,1683,73.13006,238.87864,14.33138,82.36961,0.00031,337.16161,0.00032,0.07083,1.77059,747.71335
"methane_baseline.xmodel","manual_1637345578273",end_to_end,1684,1684,70.09546,239.6194,15.05285,82.56521,0.00026,339.33489,0.00047,0.04501,2.10195,748.8155
"methane_baseline.xmodel","manual_1637345578273",end_to_end,1685,1685,84.15506,233.08933,14.41217,87.87792,0.00025,335.85973,0.00076,0.04807,1.89361,757.3369
"methane_baseline.xmodel","manual_1637345578273",end_to_end,1686,1686,84.51703,244.02121,14.86886,78.49906,0.00029,339.26721,0.00061,0.05542,1.90435,763.13404
"methane_baseline.xmodel","manual_1637345578273",end_to_end,1687,1687,89.70229,249.24933,14.29392,70.49342,0.00028,335.79278,0.00047,0.04748,1.69921,761.27918
"methane_baseline.xmodel","manual_1637345578273",end_to_end,1688,1688,80.67692,245.76992,14.73805,76.58501,0.00025,339.51462,0.00039,0.05064,1.93365,759.26945
"methane_baseline.xmodel","manual_1637345578273",end_to_end,1689,1689,72.46812,247.22029,14.2868,72.31048,0.00039,335.46673,0.00037,0.03924,1.74474,743.53716
"methane_baseline.xmodel","manual_1637345578273",end_to_end,1690,1690,78.61544,240.59933,14.97718,81.914,0.00054,339.23348,0.00032,0.03872,1.95187,757.33088
"methane_baseline.xmodel","manual_1637345578273",end_to_end,1691,1691,74.06343,228.27512,15.01813,90.42101,0.00028,335.4037,0.00042,0.04529,1.76591,744.99329
"methane_baseline.xmodel","manual_1637345578273",end_to_end,1692,1692,83.92348,230.0533,15.63092,91.54243,0.00026,339.0985,0.00066,0.05244,1.9774,762.27939
"methane_baseline.xmodel","manual_1637345578273",end_to_end,1693,1693,92.2179,209.28287,13.90553,110.41309,0.00025,335.68988,0.00031,0.0489,1.7583,763.31703
"methane_baseline.xmodel","manual_1637345578273",end_to_end,1694,1694,93.57867,231.65773,14.73567,90.67757,0.00031,339.04002,0.00051,0.0649,1.92857,771.68395
"methane_baseline.xmodel","manual_1637345578273",end_to_end,1695,1695,112.22557,242.66279,14.78194,76.43773,0.00029,336.18623,0.00065,0.04698,1.78612,784.1283
"methane_baseline.xmodel","manual_1637345578273",end_to_end,1696,1696,92.73132,247.70838,13.61144,75.67494,0.00026,339.56451,0.00033,0.04883,2.35859,771.6986
"methane_baseline.xmodel","manual_1637345578273",end_to_end,1697,1697,78.25268,231.27864,14.10227,88.99891,0.00025,335.63245,0.00034,0.04433,1.75338,750.06325
"methane_baseline.xmodel","manual_1637345578273",end_to_end,1698,1698,77.65481,235.81677,14.19926,87.57156,0.0003,340.26392,0.00038,0.05756,2.14501,757.70957
"methane_baseline.xmodel","manual_1637345578273",end_to_end,1699,1699,90.82289,223.68452,14.4439,95.66958,0.00029,335.92495,0.00034,0.04764,1.79177,762.38588
"methane_baseline.xmodel","manual_1637345578273",end_to_end,1700,1700,90.00166,229.41611,14.58389,93.83627,0.00026,339.43981,0.00056,0.05943,2.06073,769.39872
"methane_baseline.xmodel","manual_1637345578273",end_to_end,1701,1701,97.47579,234.40916,13.94579,85.76792,0.00026,335.60022,0.00035,0.05041,1.75824,769.00814
"methane_baseline.xmodel","manual_1637345578273",end_to_end,1702,1702,96.06512,245.20828,13.57804,78.43251,0.00031,339.15631,0.00055,0.06132,2.1013,774.60374
"methane_baseline.xmodel","manual_1637345578273",end_to_end,1703,1703,87.62463,236.38608,14.03789,83.32805,0.00029,335.65327,0.00037,0.04948,1.74783,758.82789
"methane_baseline.xmodel","manual_1637345578273",end_to_end,1704,1704,80.56153,222.42551,14.69248,99.91198,0.00027,339.46203,0.00031,0.03854,2.06714,759.15979
"methane_baseline.xmodel","manual_1637345578273",end_to_end,1705,1705,85.1345,227.38794,14.39275,92.06138,0.00025,335.58334,0.00035,0.04209,2.18567,756.78827
"methane_baseline.xmodel","manual_1637345578273",end_to_end,1706,1706,102.11554,208.16555,15.31149,113.78628,0.0003,339.2857,0.00044,0.05037,2.10229,780.81796
"methane_baseline.xmodel","manual_1637345578273",end_to_end,1707,1707,93.86732,209.5164,13.67685,110.57548,0.00029,335.46596,0.0004,0.04486,1.73927,764.88683
"methane_baseline.xmodel","manual_1637345578273",end_to_end,1708,1708,115.93903,237.32806,13.64233,86.17087,0.00038,339.53694,0.00047,0.03888,2.08716,794.74412
"methane_baseline.xmodel","manual_1637345578273",end_to_end,1709,1709,112.7984,238.15477,13.77529,81.31643,0.00027,335.96559,0.00044,0.04153,1.75014,783.80286
"methane_baseline.xmodel","manual_1637345578273",end_to_end,1710,1710,88.33195,210.90119,14.18017,112.29396,0.00029,339.19516,0.00056,0.0593,2.20071,767.16329
"methane_baseline.xmodel","manual_1637345578273",end_to_end,1711,1711,83.12942,158.57433,14.88151,160.70196,0.00036,337.05003,0.00042,0.03667,1.77368,756.14838
"methane_baseline.xmodel","manual_1637345578273",end_to_end,1712,1712,114.51223,171.8836,18.85246,146.23953,0.00025,339.42395,0.00049,0.05473,2.10586,793.0731
"methane_baseline.xmodel","manual_1637345578273",end_to_end,1713,1713,162.51427,215.55162,13.92419,105.76433,0.00025,335.70166,0.00031,0.04285,2.08539,835.58487
"methane_baseline.xmodel","manual_1637345578273",end_to_end,1714,1714,148.52718,232.58542,13.7517,90.79764,0.0003,341.06228,0.00055,0.05158,1.80509,828.58174
"methane_baseline.xmodel","manual_1637345578273",end_to_end,1715,1715,107.56864,194.42698,14.75472,124.70997,0.00029,336.07333,0.00049,0.04275,1.769,779.34617
"methane_baseline.xmodel","manual_1637345578273",end_to_end,1716,1716,93.00024,224.13593,14.06808,100.65947,0.00036,339.35265,0.00057,0.0546,1.81894,773.09084
"methane_baseline.xmodel","manual_1637345578273",end_to_end,1717,1717,126.91105,183.0647,14.58498,136.22467,0.00023,336.0275,0.00029,0.03865,1.77282,798.62489
"methane_baseline.xmodel","manual_1637345578273",end_to_end,1718,1718,102.52952,194.6484,14.7489,128.08739,0.00026,339.20967,0.00059,0.0423,1.79059,781.05762
"methane_baseline.xmodel","manual_1637345578273",end_to_end,1719,1719,138.04397,215.82141,13.98173,104.40289,0.00031,336.15873,0.00033,0.03698,1.7667,810.21305
"methane_baseline.xmodel","manual_1637345578273",end_to_end,1720,1720,129.99161,185.25217,14.93488,137.12484,0.00025,339.11263,0.00044,0.04736,1.77818,808.24236
"methane_baseline.xmodel","manual_1637345578273",end_to_end,1721,1721,106.21168,181.88527,15.12755,137.32511,0.00033,335.91897,0.00037,0.04361,1.76883,778.28172
"methane_baseline.xmodel","manual_1637345578273",end_to_end,1722,1722,138.98912,220.73433,13.91763,102.60352,0.0003,339.35649,0.00038,0.04088,1.84853,817.49118
"methane_baseline.xmodel","manual_1637345578273",end_to_end,1723,1723,139.12856,186.19149,14.78894,133.12573,0.00061,336.38384,0.00034,0.05027,1.78563,811.45541
"methane_baseline.xmodel","manual_1637345578273",end_to_end,1724,1724,104.44382,216.73733,13.97014,106.80952,0.00026,339.34722,0.00052,0.05092,1.86383,783.22356
"methane_baseline.xmodel","manual_1637345578273",end_to_end,1725,1725,134.92956,187.42418,14.7016,132.44049,0.00025,336.9697,0.00036,0.04963,1.71834,808.23411
"methane_baseline.xmodel","manual_1637345578273",end_to_end,1726,1726,108.71582,146.92459,15.9974,174.52223,0.00029,338.93098,0.00034,0.03656,2.15591,787.28412
"methane_baseline.xmodel","manual_1637345578273",end_to_end,1727,1727,134.2694,157.67132,14.8281,162.63597,0.00031,337.64483,0.0006,0.06759,1.90088,809.019
"methane_baseline.xmodel","manual_1637345578273",end_to_end,1728,1728,336.85619,138.43054,15.63167,181.82571,0.00025,336.57593,0.00034,0.03993,1.88632,1011.24688
"methane_baseline.xmodel","manual_1637345578273",end_to_end,1729,1729,3.97472,199.35768,14.34672,123.30892,0.00027,339.24039,0.00061,0.10049,2.69658,683.02638
"methane_baseline.xmodel","manual_1637345578273",end_to_end,1730,1730,284.63232,195.88481,15.23092,123.4285,0.0003,336.20881,0.00043,0.05168,1.87813,957.3159
"methane_baseline.xmodel","manual_1637345578273",end_to_end,1731,1731,24.77882,150.94869,15.57422,170.46713,0.00081,341.66872,0.00049,0.06043,1.88037,705.37968
"methane_baseline.xmodel","manual_1637345578273",end_to_end,1732,1732,173.28596,129.61144,15.85934,193.38389,0.00026,338.90408,0.00052,0.03997,1.88443,852.96989
"methane_baseline.xmodel","manual_1637345578273",end_to_end,1733,1733,125.37622,193.81945,15.52848,124.91532,0.00025,335.88082,0.00061,0.04964,2.38246,797.95325
"methane_baseline.xmodel","manual_1637345578273",end_to_end,1734,1734,195.31063,180.81172,14.33972,141.81184,0.0003,338.40221,0.00084,0.04003,1.86502,872.58231
"methane_baseline.xmodel","manual_1637345578273",end_to_end,1735,1735,126.86966,135.0842,15.60441,183.24509,0.00029,336.13666,0.00083,0.05055,1.91652,798.90821
"methane_baseline.xmodel","manual_1637345578273",end_to_end,1736,1736,292.40615,210.21702,14.24324,109.22158,0.00024,336.43256,0.00035,0.04986,1.88389,964.45489
"methane_baseline.xmodel","manual_1637345578273",end_to_end,1737,1737,37.03636,197.87755,13.71857,124.86895,0.00025,338.81071,0.00042,0.04972,1.89852,714.26105
"methane_baseline.xmodel","manual_1637345578273",end_to_end,1738,1738,126.79275,257.37739,15.11453,64.39181,0.00023,338.68631,0.00033,0.05548,1.86817,804.287
"methane_baseline.xmodel","manual_1637345578273",end_to_end,1739,1739,111.20145,204.29068,15.24909,114.91689,0.00029,336.36592,0.00029,0.05162,1.8222,783.89843
"methane_baseline.xmodel","manual_1637345578273",end_to_end,1740,1740,66.35075,147.73156,16.05553,172.95076,0.00025,338.66044,0.00044,0.04021,1.79281,743.58275
"methane_baseline.xmodel","manual_1637345578273",end_to_end,1741,1741,116.89583,198.44485,15.73371,120.20717,0.00027,336.35429,0.00064,0.04868,1.9465,789.63194
"methane_baseline.xmodel","manual_1637345578273",end_to_end,1742,1742,174.87958,144.4146,16.10035,176.21587,0.00025,338.83385,0.00069,0.12508,1.85505,852.42532
"methane_baseline.xmodel","manual_1637345578273",end_to_end,1743,1743,122.10113,151.83368,14.67112,167.96045,0.00052,336.41542,0.00037,0.05,1.84071,794.8734
"methane_baseline.xmodel","manual_1637345578273",end_to_end,1744,1744,178.07046,244.69782,14.22427,78.05395,0.00024,338.9046,0.0003,0.0381,1.86518,855.85492
"methane_baseline.xmodel","manual_1637345578273",end_to_end,1745,1745,170.02533,187.54275,16.29344,130.51812,0.00024,336.39397,0.00038,0.04529,1.95165,842.77117
"methane_baseline.xmodel","manual_1637345578273",end_to_end,1746,1746,80.05599,239.83375,14.23552,82.8285,0.0003,338.62478,0.00042,0.03981,1.96038,757.57945
"methane_baseline.xmodel","manual_1637345578273",end_to_end,1747,1747,132.4276,169.38668,15.75029,149.34667,0.0003,336.76854,0.00042,0.04595,1.8075,805.53395
"methane_baseline.xmodel","manual_1637345578273",end_to_end,1748,1748,218.80712,186.2669,14.89579,133.5848,0.00028,336.71586,0.0007,0.04454,1.86545,892.18144
"methane_baseline.xmodel","manual_1637345578273",end_to_end,1749,1749,17.28487,224.53387,14.36703,97.82269,0.00027,339.2796,0.00027,0.03187,1.93401,695.25448
"methane_baseline.xmodel","manual_1637345578273",end_to_end,1750,1750,231.80776,183.30874,14.91841,136.61029,0.00027,336.09738,0.0005,0.0419,1.93034,904.71559
"methane_baseline.xmodel","manual_1637345578273",end_to_end,1751,1751,3.49051,145.48315,16.28723,175.49398,0.0003,338.7574,0.00059,0.03622,1.96072,681.5101
"methane_baseline.xmodel","manual_1637345578273",end_to_end,1752,1752,306.9496,171.19101,15.41072,147.58204,0.00026,336.24672,0.00033,0.0475,1.80122,979.2294
"methane_baseline.xmodel","manual_1637345578273",end_to_end,1753,1753,9.0354,177.28279,14.31511,145.17558,0.00025,339.51122,0.00034,0.03865,1.80004,687.15938
"methane_baseline.xmodel","manual_1637345578273",end_to_end,1754,1754,147.19027,146.33964,15.52965,175.6253,0.00029,338.71106,0.00039,0.0352,1.78091,825.21271
"methane_baseline.xmodel","manual_1637345578273",end_to_end,1755,1755,149.61911,182.66234,14.8064,136.74918,0.0003,336.51101,0.00036,0.04799,1.82155,822.21824
"methane_baseline.xmodel","manual_1637345578273",end_to_end,1756,1756,177.48974,134.07006,16.35667,186.42155,0.00026,338.77113,0.00032,0.0367,1.77086,854.91729
"methane_baseline.xmodel","manual_1637345578273",end_to_end,1757,1757,138.60572,128.53233,15.02985,191.10106,0.00027,336.2031,0.00033,0.04394,1.76688,811.28348
"methane_baseline.xmodel","manual_1637345578273",end_to_end,1758,1758,188.2406,172.09401,14.61193,150.23668,0.0003,338.56945,0.00034,0.03929,1.85716,865.64976
"methane_baseline.xmodel","manual_1637345578273",end_to_end,1759,1759,193.00965,174.75737,15.4421,144.09111,0.00031,336.38206,0.00029,0.03783,1.79202,865.51274
"methane_baseline.xmodel","manual_1637345578273",end_to_end,1760,1760,152.04805,136.27779,15.68077,184.79742,0.00025,338.79164,0.00051,0.04654,1.84757,829.49054
"methane_baseline.xmodel","manual_1637345578273",end_to_end,1761,1761,145.92385,196.17106,15.2175,123.162,0.00027,336.33991,0.00033,0.03613,1.80455,818.6556
"methane_baseline.xmodel","manual_1637345578273",end_to_end,1762,1762,186.69167,201.8877,13.73558,121.2734,0.0003,338.6836,0.00049,0.03794,1.80341,864.11409
"methane_baseline.xmodel","manual_1637345578273",end_to_end,1763,1763,125.00438,209.55927,15.16494,109.76566,0.00029,336.11161,0.00039,0.04198,1.79951,797.44803
"methane_baseline.xmodel","manual_1637345578273",end_to_end,1764,1764,123.17222,215.02429,14.32047,107.43914,0.00026,338.8932,0.00028,0.03612,1.88338,800.76936
"methane_baseline.xmodel","manual_1637345578273",end_to_end,1765,1765,111.66229,233.07113,14.40878,86.73996,0.00024,336.18986,0.00041,0.04327,1.79516,783.9111
"methane_baseline.xmodel","manual_1637345578273",end_to_end,1766,1766,109.23657,190.16631,13.64014,133.21264,0.00031,338.71749,0.00043,0.04635,2.04665,787.06689
"methane_baseline.xmodel","manual_1637345578273",end_to_end,1767,1767,88.6102,182.39899,14.32651,137.59501,0.00029,336.14655,0.00033,0.04088,1.78248,760.90124
"methane_baseline.xmodel","manual_1637345578273",end_to_end,1768,1768,244.0454,201.64659,14.88959,117.76024,0.00025,336.5483,0.00034,0.04803,1.78113,916.71987
"methane_baseline.xmodel","manual_1637345578273",end_to_end,1769,1769,30.55106,131.59961,14.96371,190.21318,0.00026,341.22729,0.00042,0.03357,1.8328,710.4219
"methane_baseline.xmodel","manual_1637345578273",end_to_end,1770,1770,192.32928,203.72586,14.24645,121.13587,0.00029,339.14849,0.00036,0.03652,1.84007,872.46319
"methane_baseline.xmodel","manual_1637345578273",end_to_end,1771,1771,119.61756,192.91677,14.40161,127.37339,0.0003,335.77358,0.00048,0.04082,1.68444,791.80895
"methane_baseline.xmodel","manual_1637345578273",end_to_end,1772,1772,122.99847,159.11687,13.57971,164.57771,0.00028,338.77346,0.00031,0.03763,1.7726,800.85704
"methane_baseline.xmodel","manual_1637345578273",end_to_end,1773,1773,129.29777,143.81877,14.67674,175.34983,0.00025,335.6203,0.00039,0.03994,1.70409,800.50808
"methane_baseline.xmodel","manual_1637345578273",end_to_end,1774,1774,264.72884,203.0164,14.51771,116.29811,0.0003,335.72385,0.00052,0.04694,1.74494,936.07761
"methane_baseline.xmodel","manual_1637345578273",end_to_end,1775,1775,78.88202,187.6571,13.70229,135.52009,0.00029,338.64052,0.0004,0.03476,1.79245,756.22992
"methane_baseline.xmodel","manual_1637345578273",end_to_end,1776,1776,137.34807,138.60129,14.30627,183.90547,0.00025,338.56821,0.00052,0.04119,1.86539,814.63666
"methane_baseline.xmodel","manual_1637345578273",end_to_end,1777,1777,118.04043,210.174,14.46147,109.34706,0.00027,335.4706,0.00065,0.03505,1.75067,789.2802
"methane_baseline.xmodel","manual_1637345578273",end_to_end,1778,1778,278.00682,172.43428,15.11958,146.10966,0.0003,335.56232,0.00028,0.04035,1.71897,948.99256
"methane_baseline.xmodel","manual_1637345578273",end_to_end,1779,1779,18.87744,189.29651,14.15963,133.28291,0.00029,338.52014,0.00063,0.03433,1.80696,695.97884
"methane_baseline.xmodel","manual_1637345578273",end_to_end,1780,1780,224.27639,212.4378,14.20473,107.12163,0.00025,336.09141,0.00035,0.07648,1.74538,895.95442
"methane_baseline.xmodel","manual_1637345578273",end_to_end,1781,1781,58.80116,203.85566,15.60336,117.15825,0.00025,338.61299,0.00051,0.04046,1.80852,735.88116
"methane_baseline.xmodel","manual_1637345578273",end_to_end,1782,1782,205.18898,266.95452,15.8677,51.47645,0.0003,335.56116,0.00033,0.04021,1.75868,876.84833
"methane_baseline.xmodel","manual_1637345578273",end_to_end,1783,1783,22.73303,273.68297,16.10757,46.9621,0.00029,338.60275,0.00059,0.03515,1.82058,699.94503
"methane_baseline.xmodel","manual_1637345578273",end_to_end,1784,1784,48.83313,207.67073,15.72074,113.33352,0.00027,338.84683,0.00212,0.03777,1.80631,726.25142
"methane_baseline.xmodel","manual_1637345578273",end_to_end,1785,1785,53.29916,199.0198,15.18502,119.53657,0.00026,335.41632,0.0004,0.03638,1.73252,724.22643
"methane_baseline.xmodel","manual_1637345578273",end_to_end,1786,1786,115.21145,147.78116,14.01705,175.17304,0.00032,338.42387,0.00047,0.03801,1.77965,792.42502
"methane_baseline.xmodel","manual_1637345578273",end_to_end,1787,1787,121.30679,197.11998,15.5076,120.99501,0.00031,335.12404,0.00034,0.06202,1.75375,791.86984
"methane_baseline.xmodel","manual_1637345578273",end_to_end,1788,1788,254.20779,224.91694,14.61749,93.83472,0.00026,335.41208,0.00034,0.03889,1.68217,924.71068
"methane_baseline.xmodel","manual_1637345578273",end_to_end,1789,1789,45.59356,234.22646,13.74425,88.58155,0.00026,338.43908,0.00028,0.04253,1.85371,722.48168
"methane_baseline.xmodel","manual_1637345578273",end_to_end,1790,1790,164.38978,211.26219,14.27098,108.0523,0.00029,335.49833,0.00033,0.04172,1.72769,835.24361
"methane_baseline.xmodel","manual_1637345578273",end_to_end,1791,1791,21.68134,254.63311,14.04211,67.94246,0.00031,338.79789,0.00032,0.0369,1.83649,698.97093
"methane_baseline.xmodel","manual_1637345578273",end_to_end,1792,1792,69.84901,249.60544,14.21972,73.06549,0.00023,339.25765,0.00053,0.03868,1.81699,747.85374
"methane_baseline.xmodel","manual_1637345578273",end_to_end,1793,1793,109.77935,227.52171,14.46214,91.79304,0.00025,335.48376,0.00057,0.044,1.68191,780.76673
"methane_baseline.xmodel","manual_1637345578273",end_to_end,1794,1794,74.95905,266.97221,15.27622,55.11499,0.0003,338.7164,0.00032,0.05744,1.88068,752.97761
"methane_baseline.xmodel","manual_1637345578273",end_to_end,1795,1795,93.59137,262.39969,16.11403,55.17491,0.00029,335.50814,0.00037,0.06537,1.62138,764.47555
"methane_baseline.xmodel","manual_1637345578273",end_to_end,1796,1796,56.99933,158.51538,14.26983,164.04566,0.00026,338.26761,0.00057,0.05916,1.85616,734.01396
"methane_baseline.xmodel","manual_1637345578273",end_to_end,1797,1797,56.89492,404.88887,13.42283,0.04108,0.00028,336.46361,0.0003,0.03762,1.80641,813.55592
"methane_baseline.xmodel","manual_1637345578273",end_to_end,1798,1798,165.98965,222.02799,14.0625,100.24119,0.0003,338.47213,0.00043,0.04585,2.11421,842.95425
"methane_baseline.xmodel","manual_1637345578273",end_to_end,1799,1799,0.00197,178.04275,15.9008,142.54452,0.0003,336.49553,0.00031,0.05027,1.95735,674.9938
"methane_baseline.xmodel","manual_1637345578273",end_to_end,1800,1800,245.56757,204.25285,15.3314,115.04702,0.00031,336.36021,0.00041,0.05443,1.8099,918.4241
"methane_baseline.xmodel","manual_1637345578273",end_to_end,1801,1801,0.9968,161.74972,14.64606,160.17226,0.00025,338.71849,0.00032,0.03858,1.84956,678.17204
"methane_baseline.xmodel","manual_1637345578273",end_to_end,1802,1802,162.31143,209.39495,13.79642,113.36039,0.00029,338.8766,0.00044,0.04664,1.86965,839.65681
"methane_baseline.xmodel","manual_1637345578273",end_to_end,1803,1803,117.09761,159.03085,14.12163,161.16388,0.00029,336.25257,0.00046,0.05163,1.79581,789.51473
"methane_baseline.xmodel","manual_1637345578273",end_to_end,1804,1804,254.43987,251.23056,13.96115,69.12079,0.00024,336.43002,0.00059,0.047,2.10197,927.33219
"methane_baseline.xmodel","manual_1637345578273",end_to_end,1805,1805,23.93659,128.27542,16.31797,192.37468,0.00026,339.12448,0.00059,0.04488,1.83863,701.9135
"methane_baseline.xmodel","manual_1637345578273",end_to_end,1806,1806,194.31841,142.03092,16.54993,178.60246,0.00032,338.58363,0.00051,0.04885,2.05229,872.18732
"methane_baseline.xmodel","manual_1637345578273",end_to_end,1807,1807,70.97469,193.21323,17.78142,123.57751,0.0003,336.82555,0.00052,0.0515,1.89802,744.32274
"methane_baseline.xmodel","manual_1637345578273",end_to_end,1808,1808,180.52107,222.05531,14.48669,100.13598,0.00027,339.44217,0.00044,0.04527,1.93658,858.62378
"methane_baseline.xmodel","manual_1637345578273",end_to_end,1809,1809,125.71827,193.26102,17.14089,124.26857,0.00025,336.13611,0.00039,0.10126,2.08161,798.70837
"methane_baseline.xmodel","manual_1637345578273",end_to_end,1810,1810,102.26911,222.54234,14.24632,100.53132,0.00029,339.17801,0.00034,0.04626,1.96374,780.77773
"methane_baseline.xmodel","manual_1637345578273",end_to_end,1811,1811,126.22364,224.7457,14.84352,94.62545,0.00043,336.71535,0.00062,0.05353,1.84208,799.05032
"methane_baseline.xmodel","manual_1637345578273",end_to_end,1812,1812,102.52053,217.09202,13.94095,106.15138,0.00029,339.54485,0.00031,0.04779,1.76979,781.06791
"methane_baseline.xmodel","manual_1637345578273",end_to_end,1813,1813,96.79995,177.32142,15.59233,141.63296,0.00026,336.53815,0.00047,0.04052,1.79421,769.72027
"methane_baseline.xmodel","manual_1637345578273",end_to_end,1814,1814,234.40874,176.83625,15.54414,142.22753,0.0003,336.16235,0.00032,0.0443,1.79218,907.01611
"methane_baseline.xmodel","manual_1637345578273",end_to_end,1815,1815,17.33098,198.02114,13.86795,125.62972,0.00025,338.62265,0.0008,0.03761,1.81915,695.33025
"methane_baseline.xmodel","manual_1637345578273",end_to_end,1816,1816,250.80093,216.36398,15.24617,102.69458,0.00032,336.20381,0.00034,0.03647,1.80534,923.15194
"methane_baseline.xmodel","manual_1637345578273",end_to_end,1817,1817,20.72462,225.20805,15.01918,96.57764,0.00025,339.17914,0.00031,0.04227,1.79105,698.54251
"methane_baseline.xmodel","manual_1637345578273",end_to_end,1818,1818,98.47818,128.39536,16.57616,192.30542,0.00031,338.86473,0.00049,0.03695,1.84954,776.50714
"methane_baseline.xmodel","manual_1637345578273",end_to_end,1819,1819,104.53833,129.42447,14.82459,190.11216,0.00046,336.28182,0.00058,0.0429,1.7719,776.99721
"methane_baseline.xmodel","manual_1637345578273",end_to_end,1820,1820,194.15707,123.68306,16.99151,196.33901,0.00025,338.37726,0.00047,0.03053,1.76586,871.34502
"methane_baseline.xmodel","manual_1637345578273",end_to_end,1821,1821,191.97932,171.41499,15.43588,147.56624,0.00026,336.08179,0.00044,0.04803,1.78093,864.30788
"methane_baseline.xmodel","manual_1637345578273",end_to_end,1822,1822,313.4715,201.0351,15.13174,118.09063,0.00026,336.13254,0.00049,0.0403,1.80779,985.71035
"methane_baseline.xmodel","manual_1637345578273",end_to_end,1823,1823,34.15688,143.17657,14.73111,178.56478,0.00025,338.66301,0.00049,0.03914,1.80989,711.14212
"methane_baseline.xmodel","manual_1637345578273",end_to_end,1824,1824,293.42932,187.72594,14.2427,132.31878,0.00049,336.44041,0.00046,0.04136,1.90206,966.10152
"methane_baseline.xmodel","manual_1637345578273",end_to_end,1825,1825,6.88031,178.84594,14.71974,143.28522,0.00028,338.83556,0.00051,0.04346,1.99898,684.61
"methane_baseline.xmodel","manual_1637345578273",end_to_end,1826,1826,255.65369,164.25633,16.4001,153.91323,0.0003,336.1706,0.00051,0.04335,1.80493,928.24304
"methane_baseline.xmodel","manual_1637345578273",end_to_end,1827,1827,23.67272,176.97354,14.58359,145.41431,0.00029,339.34362,0.00032,0.04784,1.94773,701.98396
"methane_baseline.xmodel","manual_1637345578273",end_to_end,1828,1828,147.48375,182.46397,13.66847,141.14752,0.00025,341.02693,0.00032,0.04398,1.87513,827.71032
"methane_baseline.xmodel","manual_1637345578273",end_to_end,1829,1829,155.85702,199.5409,14.92588,119.75616,0.00025,336.29765,0.00033,0.04723,1.78496,828.21038
"methane_baseline.xmodel","manual_1637345578273",end_to_end,1830,1830,247.9354,218.2651,15.31534,100.85114,0.00033,335.5046,0.0004,0.04942,1.68681,919.60854
"methane_baseline.xmodel","manual_1637345578273",end_to_end,1831,1831,16.84892,209.32248,14.38109,115.30489,0.00029,338.69937,0.00033,0.03573,1.77887,696.37197
"methane_baseline.xmodel","manual_1637345578273",end_to_end,1832,1832,217.34828,189.93765,14.34673,129.37087,0.00026,335.94455,0.00041,0.04185,1.74042,888.73102
"methane_baseline.xmodel","manual_1637345578273",end_to_end,1833,1833,2.60297,213.80486,14.7723,108.17593,0.00037,338.84845,0.00054,0.04496,1.77627,680.02665
"methane_baseline.xmodel","manual_1637345578273",end_to_end,1834,1834,206.92343,265.97947,15.11387,53.10488,0.0003,335.42748,0.00031,0.0401,1.70933,878.29917
"methane_baseline.xmodel","manual_1637345578273",end_to_end,1835,1835,34.18686,265.69151,15.70897,55.62056,0.00029,338.55163,0.00049,0.04988,1.8722,711.68239
"methane_baseline.xmodel","manual_1637345578273",end_to_end,1836,1836,57.46924,168.2952,14.63342,153.76743,0.00026,338.75241,0.00061,0.03715,1.81082,734.76654
"methane_baseline.xmodel","manual_1637345578273",end_to_end,1837,1837,54.89139,193.12966,14.41399,126.09902,0.00025,335.38789,0.00037,0.04464,1.7005,725.66771
"methane_baseline.xmodel","manual_1637345578273",end_to_end,1838,1838,246.51203,253.86005,15.2693,64.49103,0.00029,335.43088,0.00047,0.03905,1.63672,917.23982
"methane_baseline.xmodel","manual_1637345578273",end_to_end,1839,1839,37.05239,249.03541,13.74285,74.0397,0.00032,338.76158,0.00038,0.03853,1.79927,714.47043
"methane_baseline.xmodel","manual_1637345578273",end_to_end,1840,1840,75.90735,251.56541,20.50793,64.81434,0.00026,338.57149,0.00062,0.04014,1.80428,753.21182
"methane_baseline.xmodel","manual_1637345578273",end_to_end,1841,1841,66.2337,233.25906,14.55005,85.8777,0.00024,335.73432,0.00055,0.06384,1.70875,737.42821
"methane_baseline.xmodel","manual_1637345578273",end_to_end,1842,1842,150.82671,191.43658,15.71763,126.85502,0.00036,335.72727,0.00043,0.04275,1.73289,822.33964
"methane_baseline.xmodel","manual_1637345578273",end_to_end,1843,1843,3.44849,159.02427,13.60352,164.08328,0.00029,338.44689,0.00052,0.04092,1.80789,680.45607
"methane_baseline.xmodel","manual_1637345578273",end_to_end,1844,1844,165.94288,251.30446,15.02637,70.24991,0.00028,338.6667,0.00033,0.03799,1.79528,843.0242
"methane_baseline.xmodel","manual_1637345578273",end_to_end,1845,1845,128.62732,261.61769,15.0367,57.28759,0.00025,335.66751,0.00033,0.03794,1.6936,799.96893
"methane_baseline.xmodel","manual_1637345578273",end_to_end,1846,1846,72.11961,237.01106,13.66661,86.11042,0.0003,339.02904,0.00046,0.07774,1.90929,749.92453
"methane_baseline.xmodel","manual_1637345578273",end_to_end,1847,1847,59.07555,184.65902,14.32588,134.89945,0.00029,335.31488,0.00033,0.06043,1.78757,730.1234
"methane_baseline.xmodel","manual_1637345578273",end_to_end,1848,1848,87.95958,242.01871,14.90959,80.26426,0.00026,339.14504,0.00042,0.0395,1.8746,766.21196
"methane_baseline.xmodel","manual_1637345578273",end_to_end,1849,1849,136.65233,260.17794,15.41936,57.97213,0.00026,335.37204,0.00032,0.04756,1.77373,807.41567
"methane_baseline.xmodel","manual_1637345578273",end_to_end,1850,1850,82.27001,217.07621,15.34219,104.7125,0.00029,338.89249,0.00035,0.03362,1.83547,760.16313
"methane_baseline.xmodel","manual_1637345578273",end_to_end,1851,1851,59.86995,250.11888,14.72165,68.63608,0.00028,335.38079,0.00036,0.0418,1.68556,730.45535
"methane_baseline.xmodel","manual_1637345578273",end_to_end,1852,1852,174.78871,171.73691,15.02964,146.79355,0.00026,335.63041,0.00034,0.0623,1.68864,845.73076
"methane_baseline.xmodel","manual_1637345578273",end_to_end,1853,1853,2.29402,205.57078,15.61228,115.78317,0.00026,339.0363,0.00033,0.03132,1.80603,680.13449
"methane_baseline.xmodel","manual_1637345578273",end_to_end,1854,1854,117.65678,192.33614,15.44335,129.37182,0.00029,338.83484,0.00045,0.04065,1.88386,795.56818
"methane_baseline.xmodel","manual_1637345578273",end_to_end,1855,1855,148.55855,221.20376,14.62227,98.04793,0.00029,335.87556,0.00034,0.04196,1.72138,820.07204
"methane_baseline.xmodel","manual_1637345578273",end_to_end,1856,1856,192.47569,193.07237,14.2344,126.80684,0.00028,335.65709,0.00047,0.04271,1.72367,864.01352
"methane_baseline.xmodel","manual_1637345578273",end_to_end,1857,1857,38.56346,168.1711,16.39507,152.40747,0.00025,339.23142,0.00065,0.04535,2.17411,716.98888
"methane_baseline.xmodel","manual_1637345578273",end_to_end,1858,1858,154.34794,267.45538,14.69322,55.13892,0.00024,342.25526,0.00045,0.03754,2.0679,835.99685
"methane_baseline.xmodel","manual_1637345578273",end_to_end,1859,1859,128.58063,215.54434,15.61636,102.71835,0.00029,336.01891,0.00041,0.04037,1.6836,800.20326
"methane_baseline.xmodel","manual_1637345578273",end_to_end,1860,1860,57.3433,183.53725,15.25136,141.21622,0.00026,339.15828,0.00035,0.03838,1.9272,738.4726
"methane_baseline.xmodel","manual_1637345578273",end_to_end,1861,1861,104.50087,209.72481,13.8439,110.66514,0.00024,335.77126,0.00033,0.03278,1.67988,776.21921
"methane_baseline.xmodel","manual_1637345578273",end_to_end,1862,1862,143.37014,281.20907,14.92205,40.87168,0.0003,339.36466,0.00045,0.0404,1.88982,821.66857
"methane_baseline.xmodel","manual_1637345578273",end_to_end,1863,1863,112.40943,224.65628,16.25736,93.1071,0.00029,335.80981,0.0008,0.04051,1.71825,783.99983
"methane_baseline.xmodel","manual_1637345578273",end_to_end,1864,1864,94.85129,261.26649,14.74269,58.05911,0.00026,335.84162,0.00034,0.05183,1.6995,766.51313
"methane_baseline.xmodel","manual_1637345578273",end_to_end,1865,1865,42.86905,219.99828,15.76671,101.60295,0.00025,339.15743,0.00029,0.03351,1.89855,721.32702
"methane_baseline.xmodel","manual_1637345578273",end_to_end,1866,1866,103.54667,200.73269,13.91721,122.5603,0.00025,339.24449,0.00044,0.04384,2.09621,782.1421
"methane_baseline.xmodel","manual_1637345578273",end_to_end,1867,1867,59.82768,170.44638,14.86642,148.76575,0.00028,335.70391,0.00046,0.04182,1.71996,731.37266
"methane_baseline.xmodel","manual_1637345578273",end_to_end,1868,1868,124.515,244.88153,14.00513,78.4091,0.00033,339.97177,0.00053,0.05064,1.79752,803.63155
"methane_baseline.xmodel","manual_1637345578273",end_to_end,1869,1869,150.51539,259.38803,14.69286,59.87472,0.00024,336.0502,0.00052,0.04538,1.74011,822.30745
"methane_baseline.xmodel","manual_1637345578273",end_to_end,1870,1870,80.58728,272.79176,15.00375,49.9988,0.00031,339.17136,0.00037,0.04811,1.98313,759.58487
"methane_baseline.xmodel","manual_1637345578273",end_to_end,1871,1871,61.64874,286.61901,18.28677,29.37861,0.0003,335.94316,0.00028,0.04025,1.75502,733.67214
"methane_baseline.xmodel","manual_1637345578273",end_to_end,1872,1872,82.68175,238.18179,14.75474,81.2031,0.00024,336.72189,0.00043,0.09264,1.70799,755.34457
"methane_baseline.xmodel","manual_1637345578273",end_to_end,1873,1873,0.3449,252.02217,14.36066,70.9355,0.00046,339.47844,0.00029,0.03956,1.94134,679.12332
"methane_baseline.xmodel","manual_1637345578273",end_to_end,1874,1874,72.97969,208.2457,14.07278,115.11,0.00027,339.56776,0.00037,0.03914,1.88045,751.89616
"methane_baseline.xmodel","manual_1637345578273",end_to_end,1875,1875,83.00431,277.51825,16.96539,40.44515,0.00031,336.35575,0.00042,0.05198,1.7986,756.14016
"methane_baseline.xmodel","manual_1637345578273",end_to_end,1876,1876,141.8216,205.94892,14.22439,114.3872,0.00024,336.58099,0.00044,0.04991,1.76682,814.78051
"methane_baseline.xmodel","manual_1637345578273",end_to_end,1877,1877,17.53864,196.71473,15.29361,125.56075,0.00026,340.55653,0.00066,0.05057,2.09921,697.81496
"methane_baseline.xmodel","manual_1637345578273",end_to_end,1878,1878,127.49026,309.39937,16.01013,13.2137,0.00037,340.35279,0.00038,0.05798,2.01633,808.54131
"methane_baseline.xmodel","manual_1637345578273",end_to_end,1879,1879,116.2939,309.48607,17.16488,8.02676,0.00029,336.37891,0.00034,0.04819,1.82883,789.22817
"methane_baseline.xmodel","manual_1637345578273",end_to_end,1880,1880,15.40048,239.53254,14.68007,83.93711,0.00027,340.28562,0.00052,0.06512,2.05362,695.95535
"methane_baseline.xmodel","manual_1637345578273",end_to_end,1881,1881,9.85732,255.11478,16.83006,62.61588,0.00035,336.86502,0.00031,0.04833,1.82539,683.15744
"methane_baseline.xmodel","manual_1637345578273",end_to_end,1882,1882,99.59002,309.53914,19.24563,6.19481,0.0003,336.73044,0.00039,0.02831,1.85118,773.18022
"methane_baseline.xmodel","manual_1637345578273",end_to_end,1883,1883,50.93438,301.90238,14.98282,21.31863,0.0003,339.85567,0.00043,0.04111,2.02923,731.06495
"methane_baseline.xmodel","manual_1637345578273",end_to_end,1884,1884,23.43836,251.43658,13.99133,72.29053,0.00025,340.41694,0.00033,0.07928,1.77665,703.43025
"methane_baseline.xmodel","manual_1637345578273",end_to_end,1885,1885,8.10197,240.41729,13.96512,80.43676,0.00024,337.14126,0.00063,0.05374,1.64951,681.76652
"methane_baseline.xmodel","manual_1637345578273",end_to_end,1886,1886,75.32973,305.92412,15.38024,17.02324,0.00034,340.86344,0.00035,0.04819,2.6432,757.21285
"methane_baseline.xmodel","manual_1637345578273",end_to_end,1887,1887,81.43272,321.95502,18.99815,0.0575,0.00029,337.61712,0.00033,0.09869,1.86384,762.02366
"methane_baseline.xmodel","manual_1637345578273",end_to_end,1888,1888,18.8879,266.5347,14.04022,58.42513,0.00026,340.70628,0.00043,0.0427,1.78817,700.42579
"methane_baseline.xmodel","manual_1637345578273",end_to_end,1889,1889,0.00173,213.17978,14.22983,109.73819,0.00047,336.69514,0.00049,0.03041,1.66916,675.5452
"methane_baseline.xmodel","manual_1637345578273",end_to_end,1890,1890,106.0671,202.8269,14.60364,120.42749,0.00032,344.67706,0.00047,0.89342,1.71771,791.21411
"methane_baseline.xmodel","manual_1637345578273",end_to_end,1891,1891,66.85369,261.00129,14.39128,59.38504,0.00029,340.53258,0.00054,0.03723,2.47269,744.67463
"methane_baseline.xmodel","manual_1637345578273",end_to_end,1892,1892,122.25583,275.94567,17.37235,49.52115,0.00037,340.92066,0.00026,0.0311,1.90441,807.9518
"methane_baseline.xmodel","manual_1637345578273",end_to_end,1893,1893,61.09341,210.3166,13.96688,114.53605,0.00025,336.91026,0.0003,0.69205,2.84829,740.36409
"methane_baseline.xmodel","manual_1637345578273",end_to_end,1894,1894,118.7427,319.9582,17.45627,0.88663,0.0003,340.31705,0.00033,0.03829,1.90343,799.3032
"methane_baseline.xmodel","manual_1637345578273",end_to_end,1895,1895,50.40715,308.06882,16.27202,10.05265,0.0003,336.59211,0.0007,0.03735,1.87786,723.30896
"methane_baseline.xmodel","manual_1637345578273",end_to_end,1896,1896,13.63217,244.90886,13.73548,74.35802,0.00026,336.75731,0.00031,0.03541,1.86148,685.2893
"methane_baseline.xmodel","manual_1637345578273",end_to_end,1897,1897,2.82603,197.35564,13.94274,127.08188,0.00028,340.30148,0.00031,0.04629,1.86411,683.41876
"methane_baseline.xmodel","manual_1637345578273",end_to_end,1898,1898,129.04373,275.97761,16.6009,45.76484,0.00035,340.16125,0.00051,0.0388,1.9226,809.51059
"methane_baseline.xmodel","manual_1637345578273",end_to_end,1899,1899,76.28486,248.36444,13.81282,72.64247,0.00018,336.80123,0.00029,0.03873,1.85129,749.79631
"methane_baseline.xmodel","manual_1637345578273",end_to_end,1900,1900,74.56232,303.68712,15.10326,16.08737,0.00029,336.36515,0.00029,0.04839,1.98715,747.84134
"methane_baseline.xmodel","manual_1637345578273",end_to_end,1901,1901,47.59453,261.24837,15.78549,61.21654,0.00026,340.32059,0.00036,0.06066,2.06414,728.29094
"methane_baseline.xmodel","manual_1637345578273",end_to_end,1902,1902,63.16826,223.83978,14.40671,100.10906,0.00054,340.64516,0.00044,0.08373,1.95644,744.21012
"methane_baseline.xmodel","manual_1637345578273",end_to_end,1903,1903,17.99909,234.78536,14.42073,85.24655,0.00026,337.05893,0.00034,0.04282,1.79606,691.35014
"methane_baseline.xmodel","manual_1637345578273",end_to_end,1904,1904,87.29695,290.85225,16.74234,27.4107,0.00026,336.12641,0.00035,0.03454,1.80703,760.27083
"methane_baseline.xmodel","manual_1637345578273",end_to_end,1905,1905,102.24092,285.6381,15.36168,37.52846,0.00041,340.29906,0.00047,0.08486,1.96256,783.11652
"methane_baseline.xmodel","manual_1637345578273",end_to_end,1906,1906,29.25812,297.61753,17.17475,19.47113,0.00031,336.05404,0.00038,0.0412,1.76413,701.38159
"methane_baseline.xmodel","manual_1637345578273",end_to_end,1907,1907,39.56554,279.42796,17.80635,41.03242,0.00031,339.74724,0.00046,0.05455,1.78701,719.42184
"methane_baseline.xmodel","manual_1637345578273",end_to_end,1908,1908,49.53264,210.4686,13.85325,113.37069,0.00027,339.37121,0.00172,0.04177,1.81453,728.45468
"methane_baseline.xmodel","manual_1637345578273",end_to_end,1909,1909,14.85947,232.93619,14.03387,87.23018,0.00025,336.06764,0.00043,0.04433,1.90985,687.08221
"methane_baseline.xmodel","manual_1637345578273",end_to_end,1910,1910,120.78892,203.35628,13.68427,120.48764,0.0003,339.19581,0.00066,0.05869,1.77709,799.34966
"methane_baseline.xmodel","manual_1637345578273",end_to_end,1911,1911,83.46731,202.27233,15.16867,116.81431,0.00029,336.07249,0.00026,0.03817,1.8539,755.68773
"methane_baseline.xmodel","manual_1637345578273",end_to_end,1912,1912,118.77559,273.07187,15.93022,45.10475,0.00028,335.97068,0.00031,0.04523,1.84591,790.74484
"methane_baseline.xmodel","manual_1637345578273",end_to_end,1913,1913,122.34382,244.86235,15.40233,77.08185,0.00032,339.42696,0.00031,0.0448,1.72919,800.89193
"methane_baseline.xmodel","manual_1637345578273",end_to_end,1914,1914,47.0028,256.65179,14.37993,63.04275,0.00027,336.34615,0.00046,0.05125,1.80783,719.28323
"methane_baseline.xmodel","manual_1637345578273",end_to_end,1915,1915,78.93987,267.75345,16.17593,53.63895,0.00029,339.10625,0.00044,0.04222,1.76772,757.42512
"methane_baseline.xmodel","manual_1637345578273",end_to_end,1916,1916,64.92482,224.2423,14.43322,95.77386,0.00025,335.86241,0.00031,0.04584,1.9285,737.21151
"methane_baseline.xmodel","manual_1637345578273",end_to_end,1917,1917,55.39909,268.67373,16.93818,51.71315,0.00023,339.28934,0.00068,0.0465,1.78133,733.84223
"methane_baseline.xmodel","manual_1637345578273",end_to_end,1918,1918,97.64671,235.02836,13.84885,85.11631,0.00028,337.38217,0.0004,0.04635,1.88217,770.9516
"methane_baseline.xmodel","manual_1637345578273",end_to_end,1919,1919,53.53694,216.64167,14.51595,106.3093,0.0003,339.81502,0.00061,0.05701,1.79916,732.67596
"methane_baseline.xmodel","manual_1637345578273",end_to_end,1920,1920,87.1001,155.29304,14.58441,165.51922,0.00026,338.02489,0.00043,0.04067,1.90815,762.47117
"methane_baseline.xmodel","manual_1637345578273",end_to_end,1921,1921,108.13401,223.95377,15.86827,98.17181,0.00027,339.08373,0.0005,0.04547,1.86193,787.11976
"methane_baseline.xmodel","manual_1637345578273",end_to_end,1922,1922,167.4655,211.82329,14.10374,110.1471,0.0003,339.13944,0.00061,0.08957,1.95507,844.72462
"methane_baseline.xmodel","manual_1637345578273",end_to_end,1923,1923,100.04085,212.01863,13.90782,111.29127,0.00026,339.44522,0.00046,0.05365,1.75318,778.51134
"methane_baseline.xmodel","manual_1637345578273",end_to_end,1924,1924,163.37881,287.28281,15.90899,34.32196,0.00028,339.37117,0.00034,0.04413,1.75945,842.06794
"methane_baseline.xmodel","manual_1637345578273",end_to_end,1925,1925,61.95844,236.11046,13.80546,87.27271,0.00027,338.78268,0.00063,0.04299,1.80206,739.7757
"methane_baseline.xmodel","manual_1637345578273",end_to_end,1926,1926,89.31959,221.76206,15.71248,99.26479,0.00031,337.4979,0.00038,0.06698,2.09707,765.72156
"methane_baseline.xmodel","manual_1637345578273",end_to_end,1927,1927,36.14535,240.91528,14.33446,82.29079,0.00031,339.17661,0.00041,0.04301,1.77801,714.68423
"methane_baseline.xmodel","manual_1637345578273",end_to_end,1928,1928,153.24382,239.58442,14.47304,83.30348,0.00025,339.52402,0.00052,0.04974,1.70085,831.88014
"methane_baseline.xmodel","manual_1637345578273",end_to_end,1929,1929,31.96914,184.21082,14.72842,136.70239,0.00023,336.91263,0.00035,0.04902,1.87282,706.44582
"methane_baseline.xmodel","manual_1637345578273",end_to_end,1930,1930,192.3872,235.75076,15.04048,86.90686,0.0003,339.43923,0.0004,0.05991,1.82761,871.41275
"methane_baseline.xmodel","manual_1637345578273",end_to_end,1931,1931,31.62721,187.49738,14.5786,132.66645,0.00052,336.24064,0.00054,0.04651,1.70807,704.36592
"methane_baseline.xmodel","manual_1637345578273",end_to_end,1932,1932,190.87532,229.56002,14.93249,93.20281,0.00025,338.63038,0.00053,0.03964,1.80449,869.04593
"methane_baseline.xmodel","manual_1637345578273",end_to_end,1933,1933,32.37837,188.09998,14.68449,131.5222,0.00028,335.89152,0.00039,0.06456,1.78112,704.42291
"methane_baseline.xmodel","manual_1637345578273",end_to_end,1934,1934,193.09615,263.83421,16.27364,56.61998,0.0003,338.67965,0.00059,0.03782,1.77114,870.31348
"methane_baseline.xmodel","manual_1637345578273",end_to_end,1935,1935,35.31021,242.00295,13.85454,78.25062,0.0003,335.82322,0.00041,0.03717,1.76447,707.04389
"methane_baseline.xmodel","manual_1637345578273",end_to_end,1936,1936,80.11777,214.08856,14.22165,105.64201,0.00026,335.80871,0.00039,0.04503,1.75726,751.68164
"methane_baseline.xmodel","manual_1637345578273",end_to_end,1937,1937,58.47499,236.35965,14.34568,86.09551,0.00026,338.60728,0.00054,0.05916,1.79204,735.73511
"methane_baseline.xmodel","manual_1637345578273",end_to_end,1938,1938,107.44095,241.6805,14.7399,77.58111,0.00032,335.47994,0.00033,0.03845,1.81996,778.78146
"methane_baseline.xmodel","manual_1637345578273",end_to_end,1939,1939,87.92483,229.81923,14.47867,92.48222,0.00033,338.84836,0.00056,0.08223,1.88575,765.52218
"methane_baseline.xmodel","manual_1637345578273",end_to_end,1940,1940,147.52591,205.1775,15.97638,115.83489,0.00029,338.51134,0.00065,0.04669,1.765,824.83865
"methane_baseline.xmodel","manual_1637345578273",end_to_end,1941,1941,26.22499,265.69442,15.23549,52.7383,0.00025,335.55885,0.00039,0.05388,1.79346,697.30003
"methane_baseline.xmodel","manual_1637345578273",end_to_end,1942,1942,54.59837,213.65238,14.52625,105.51211,0.00029,335.12838,0.00035,0.03541,1.74301,725.19655
"methane_baseline.xmodel","manual_1637345578273",end_to_end,1943,1943,117.77164,247.46495,16.20056,72.89855,0.00043,338.48413,0.00064,0.04716,1.86126,794.72932
"methane_baseline.xmodel","manual_1637345578273",end_to_end,1944,1944,181.71814,219.07597,14.92764,102.65673,0.00026,338.75824,0.00041,0.04609,1.83766,859.02114
"methane_baseline.xmodel","manual_1637345578273",end_to_end,1945,1945,0.33073,264.63778,14.77389,53.88072,0.00025,335.47402,0.00033,0.06424,1.74201,670.90397
"methane_baseline.xmodel","manual_1637345578273",end_to_end,1946,1946,133.53199,243.05303,16.01964,77.77428,0.00031,338.56693,0.00057,0.04204,1.85405,810.84284
"methane_baseline.xmodel","manual_1637345578273",end_to_end,1947,1947,26.69095,221.59269,14.91615,97.17046,0.00024,335.57227,0.00034,0.03555,1.73391,697.71256
"methane_baseline.xmodel","manual_1637345578273",end_to_end,1948,1948,98.98938,166.49332,15.04709,152.20633,0.00024,335.41014,0.00047,0.04876,1.7199,769.91563
"methane_baseline.xmodel","manual_1637345578273",end_to_end,1949,1949,79.67037,174.32788,14.75591,147.59349,0.00026,338.63468,0.00047,0.04353,1.75005,756.77664
"methane_baseline.xmodel","manual_1637345578273",end_to_end,1950,1950,153.99547,208.38691,14.7718,110.47056,0.00029,335.4791,0.00034,0.03851,1.76104,824.90402
"methane_baseline.xmodel","manual_1637345578273",end_to_end,1951,1951,149.51368,237.3257,15.27631,84.10912,0.00025,338.69419,0.00049,0.04921,1.82675,826.7957
"methane_baseline.xmodel","manual_1637345578273",end_to_end,1952,1952,112.25262,187.88053,14.18802,131.62423,0.00024,335.5026,0.00043,0.04593,1.77039,783.26499
"methane_baseline.xmodel","manual_1637345578273",end_to_end,1953,1953,85.92224,177.84067,15.70094,143.33273,0.00026,338.45449,0.00043,0.04129,1.73233,763.02538
"methane_baseline.xmodel","manual_1637345578273",end_to_end,1954,1954,133.42124,241.91465,13.8966,77.89486,0.00029,335.59322,0.00034,0.04374,1.77337,804.53831
"methane_baseline.xmodel","manual_1637345578273",end_to_end,1955,1955,145.2091,285.87698,14.42709,36.26504,0.00029,338.40353,0.00064,0.04816,1.85602,822.08685
"methane_baseline.xmodel","manual_1637345578273",end_to_end,1956,1956,79.71298,283.50568,15.01312,35.25491,0.00026,335.60363,0.00035,0.05121,1.77991,750.92205
"methane_baseline.xmodel","manual_1637345578273",end_to_end,1957,1957,38.05093,261.37805,14.81309,60.42681,0.00025,338.55644,0.00027,0.04571,1.75848,715.03003
"methane_baseline.xmodel","manual_1637345578273",end_to_end,1958,1958,37.08741,225.04521,15.14359,93.59491,0.00031,336.60304,0.00034,0.03864,1.76762,709.28107
"methane_baseline.xmodel","manual_1637345578273",end_to_end,1959,1959,62.33493,244.99981,14.93869,76.70317,0.00025,338.94612,0.00047,0.04002,1.77968,739.74314
"methane_baseline.xmodel","manual_1637345578273",end_to_end,1960,1960,95.41602,157.31005,13.88679,163.58102,0.00023,337.59373,0.00049,1.01108,2.04292,770.84233
"methane_baseline.xmodel","manual_1637345578273",end_to_end,1961,1961,78.52395,143.43469,14.06343,179.63449,0.00027,339.08127,0.00056,0.0446,1.87279,756.65605
"methane_baseline.xmodel","manual_1637345578273",end_to_end,1962,1962,266.96511,262.94636,14.32128,59.95577,0.00025,339.27205,0.00051,0.04577,2.08245,945.58955
"methane_baseline.xmodel","manual_1637345578273",end_to_end,1963,1963,79.92044,232.71819,14.10021,88.96282,0.00026,336.65361,0.00036,1.12154,1.90906,755.38649
"methane_baseline.xmodel","manual_1637345578273",end_to_end,1964,1964,92.03786,188.3184,13.96058,131.30828,0.00026,335.46237,0.00047,0.9162,2.01853,764.02295
"methane_baseline.xmodel","manual_1637345578273",end_to_end,1965,1965,61.87825,180.98178,14.73452,141.63564,0.00031,339.72893,0.00057,0.045,2.01775,741.02275
"methane_baseline.xmodel","manual_1637345578273",end_to_end,1966,1966,239.07281,164.79925,16.57782,156.22471,0.00025,339.05481,0.00044,0.04035,1.94936,917.7198
"methane_baseline.xmodel","manual_1637345578273",end_to_end,1967,1967,39.02898,180.82685,14.06977,137.54466,0.00029,335.29496,0.00033,0.92022,1.77013,709.45619
"methane_baseline.xmodel","manual_1637345578273",end_to_end,1968,1968,249.51184,139.29917,14.10993,183.5795,0.00029,339.09924,0.00043,0.04238,1.91413,927.55691
"methane_baseline.xmodel","manual_1637345578273",end_to_end,1969,1969,49.26945,150.43485,14.35131,167.54536,0.00024,335.277,0.0003,0.50908,1.7637,719.15129
"methane_baseline.xmodel","manual_1637345578273",end_to_end,1970,1970,283.2009,241.96687,14.50669,80.62836,0.00029,339.23379,0.0007,0.04786,1.93599,961.52145
"methane_baseline.xmodel","manual_1637345578273",end_to_end,1971,1971,72.62105,221.34213,14.82126,96.42176,0.00031,335.31135,0.00049,0.0531,1.7484,742.31985
"methane_baseline.xmodel","manual_1637345578273",end_to_end,1972,1972,98.70763,250.43841,14.45546,68.13828,0.00024,335.88576,0.00032,0.06839,1.81539,769.50988
"methane_baseline.xmodel","manual_1637345578273",end_to_end,1973,1973,82.61689,241.2813,14.39268,81.58758,0.00054,340.31765,0.00036,0.05976,2.33126,762.58802
"methane_baseline.xmodel","manual_1637345578273",end_to_end,1974,1974,69.95006,181.96438,13.92617,138.19479,0.0003,335.82029,0.00055,0.06026,1.87473,741.79153
"methane_baseline.xmodel","manual_1637345578273",end_to_end,1975,1975,83.59815,211.01749,14.51075,112.79453,0.00027,339.94601,0.00036,0.05562,2.06923,763.99241
"methane_baseline.xmodel","manual_1637345578273",end_to_end,1976,1976,140.07219,123.99877,17.18087,192.76843,0.00024,336.07968,0.00029,0.04288,1.86067,812.00402
"methane_baseline.xmodel","manual_1637345578273",end_to_end,1977,1977,115.21288,199.19398,15.26394,123.0848,0.00027,339.22951,0.00031,0.05757,2.18485,794.22811
"methane_baseline.xmodel","manual_1637345578273",end_to_end,1978,1978,194.69392,199.94145,14.08066,120.11265,0.0003,335.72208,0.0003,0.06018,1.82989,866.44143
"methane_baseline.xmodel","manual_1637345578273",end_to_end,1979,1979,125.21582,187.66202,15.27601,134.16336,0.00026,339.55839,0.00076,0.09581,2.13966,804.11209
"methane_baseline.xmodel","manual_1637345578273",end_to_end,1980,1980,255.54101,199.15282,14.8684,123.24086,0.00029,339.74817,0.00033,0.06274,2.17146,934.78608
"methane_baseline.xmodel","manual_1637345578273",end_to_end,1981,1981,2.96094,210.82501,13.69041,109.29772,0.00024,335.66226,0.00034,0.04993,1.70317,674.19002
"methane_baseline.xmodel","manual_1637345578273",end_to_end,1982,1982,111.17922,209.64203,13.73843,110.38734,0.00029,335.80874,0.00045,0.07301,1.7741,782.60361
"methane_baseline.xmodel","manual_1637345578273",end_to_end,1983,1983,125.49644,184.08109,14.92803,138.4944,0.00029,339.20552,0.00052,0.0665,2.18295,804.45574
"methane_baseline.xmodel","manual_1637345578273",end_to_end,1984,1984,112.17188,154.2611,15.44061,164.3338,0.00033,335.89288,0.00032,0.06152,1.69338,783.85582
"methane_baseline.xmodel","manual_1637345578273",end_to_end,1985,1985,140.76428,191.98067,14.71909,130.25342,0.00029,339.86999,0.00038,0.05698,2.14593,819.79103
"methane_baseline.xmodel","manual_1637345578273",end_to_end,1986,1986,166.2052,207.08183,13.76567,113.17981,0.00026,335.46454,0.00053,0.0455,1.67014,837.41348
"methane_baseline.xmodel","manual_1637345578273",end_to_end,1987,1987,132.51759,187.57774,16.1287,133.90855,0.00029,339.1566,0.00047,0.06189,2.06117,811.413
"methane_baseline.xmodel","manual_1637345578273",end_to_end,1988,1988,114.94817,144.87509,16.56916,172.24719,0.00025,337.30834,0.00043,0.04781,1.75526,787.7517
"methane_baseline.xmodel","manual_1637345578273",end_to_end,1989,1989,136.13361,194.09616,15.70349,127.12208,0.00028,340.12611,0.00028,0.04507,2.04556,815.27264
"methane_baseline.xmodel","manual_1637345578273",end_to_end,1990,1990,173.96373,204.47402,14.07712,117.04179,0.00028,336.02493,0.00031,0.04271,2.36921,847.9941
"methane_baseline.xmodel","manual_1637345578273",end_to_end,1991,1991,129.26212,193.32662,15.15015,129.51102,0.00029,340.92764,0.00059,0.05981,1.83488,810.07312
"methane_baseline.xmodel","manual_1637345578273",end_to_end,1992,1992,118.84726,186.71564,14.33704,133.16372,0.00025,335.85089,0.00044,0.03758,1.75702,790.70984
"methane_baseline.xmodel","manual_1637345578273",end_to_end,1993,1993,131.64282,136.73377,14.96282,187.10574,0.00024,339.66152,0.00048,0.04262,1.80332,811.95333
"methane_baseline.xmodel","manual_1637345578273",end_to_end,1994,1994,135.61425,188.20875,14.27581,130.90897,0.00027,336.01435,0.00035,0.04189,1.74659,806.81123
"methane_baseline.xmodel","manual_1637345578273",end_to_end,1995,1995,189.01775,140.79225,15.13289,181.82489,0.00029,338.83773,0.00039,0.04435,1.80236,867.4529
"methane_baseline.xmodel","manual_1637345578273",end_to_end,1996,1996,132.70798,142.87701,16.44138,174.89828,0.00026,336.05157,0.00034,0.04928,1.77523,804.80133
"methane_baseline.xmodel","manual_1637345578273",end_to_end,1997,1997,355.98214,131.86829,15.94508,186.43352,0.00055,335.79977,0.00038,0.044,1.74362,1027.81735
"methane_baseline.xmodel","manual_1637345578273",end_to_end,1998,1998,4.3775,175.88189,16.51302,144.6065,0.00041,339.41033,0.00052,0.88935,1.95972,683.63924
"methane_baseline.xmodel","manual_1637345578273",end_to_end,1999,1999,146.4534,179.59188,16.32532,141.64206,0.00049,339.00329,0.00033,0.04276,1.87548,824.93501
"methane_baseline.xmodel","manual_1637345578273",end_to_end,2000,2000,188.26486,203.1457,14.22123,116.59763,0.00025,336.38143,0.00044,0.04814,1.73847,860.39815
"methane_baseline.xmodel","manual_1637345578273",end_to_end,2001,2001,144.49405,136.58705,15.41806,184.15109,0.00026,339.68032,0.00043,0.05701,1.88193,822.2702
"methane_baseline.xmodel","manual_1637345578273",end_to_end,2002,2002,454.79041,170.25087,17.61924,147.17875,0.00024,337.15616,0.00029,0.0432,1.74816,1128.78732
"methane_baseline.xmodel","manual_1637345578273",end_to_end,2003,2003,12.86215,139.47238,15.91195,179.21158,0.00033,336.83548,0.00059,0.04489,1.83846,686.17781
"methane_baseline.xmodel","manual_1637345578273",end_to_end,2004,2004,17.79551,192.53701,13.80387,131.41704,0.00029,339.57119,0.00046,0.0449,2.71862,697.88889
"methane_baseline.xmodel","manual_1637345578273",end_to_end,2005,2005,133.32638,121.34499,15.4702,200.82303,0.00025,341.3071,0.00032,0.04547,1.79391,814.11165
"methane_baseline.xmodel","manual_1637345578273",end_to_end,2006,2006,329.13169,197.00461,13.95298,127.49772,0.00032,338.79796,0.00045,0.04296,1.85811,1008.2868
"methane_baseline.xmodel","manual_1637345578273",end_to_end,2007,2007,23.57819,185.36318,15.02081,134.89085,0.00033,336.61897,0.00039,0.04109,1.92521,697.43902
"methane_baseline.xmodel","manual_1637345578273",end_to_end,2008,2008,136.69056,187.16689,15.05066,132.60225,0.00033,334.99485,0.00034,0.04324,1.61019,808.15931
"methane_baseline.xmodel","manual_1637345578273",end_to_end,2009,2009,129.37243,518.96114,12.92638,0.05584,0.00027,340.41907,0.00044,0.04628,2.14521,1003.92706
"methane_baseline.xmodel","manual_1637345578273",end_to_end,2010,2010,134.58224,418.16581,12.88438,0.04532,0.00031,335.71075,0.00031,0.03805,1.73953,903.1667
"methane_baseline.xmodel","manual_1637345578273",end_to_end,2011,2011,0.00244,291.75138,14.4727,33.23617,0.00029,339.14215,0.00043,0.04587,1.81735,680.46878
"methane_baseline.xmodel","manual_1637345578273",end_to_end,2012,2012,0.00124,255.93877,14.7158,65.08086,0.00027,335.8241,0.00052,0.04622,1.7116,673.31938
"methane_baseline.xmodel","manual_1637345578273",end_to_end,2013,2013,82.97847,221.91938,15.72139,96.37437,0.0003,335.79587,0.00143,0.03886,1.6805,754.51057
"methane_baseline.xmodel","manual_1637345578273",end_to_end,2014,2014,19.33721,273.66074,15.73753,47.5444,0.00031,339.40559,0.00031,0.0373,1.95702,697.68041
"methane_baseline.xmodel","manual_1637345578273",end_to_end,2015,2015,98.13332,197.07812,13.89597,123.05929,0.00024,335.93776,0.00027,0.04274,1.71503,769.86274
"methane_baseline.xmodel","manual_1637345578273",end_to_end,2016,2016,49.42724,200.49188,14.14266,122.89101,0.00024,339.18117,0.00036,0.04234,1.99898,728.17588
"methane_baseline.xmodel","manual_1637345578273",end_to_end,2017,2017,124.91042,183.72035,15.16353,138.27447,0.00024,339.36727,0.00032,0.05673,1.9346,803.42793
"methane_baseline.xmodel","manual_1637345578273",end_to_end,2018,2018,124.81518,240.42725,14.70964,79.04138,0.00031,335.77287,0.0003,0.05186,1.87009,796.68888
"methane_baseline.xmodel","manual_1637345578273",end_to_end,2019,2019,140.34098,300.00638,14.84207,22.44696,0.00031,339.51546,0.00032,0.04457,1.8753,819.07235
"methane_baseline.xmodel","manual_1637345578273",end_to_end,2020,2020,80.82653,292.41282,17.01254,24.5677,0.00037,336.05279,0.00034,0.05329,1.7563,752.68268
"methane_baseline.xmodel","manual_1637345578273",end_to_end,2021,2021,24.48608,173.65868,16.68284,147.12935,0.00025,339.48132,0.00031,0.04446,1.98758,703.47087
"methane_baseline.xmodel","manual_1637345578273",end_to_end,2022,2022,26.47643,234.39048,14.42205,85.33638,0.00032,336.62621,0.00032,0.07283,1.92203,699.24705
"methane_baseline.xmodel","manual_1637345578273",end_to_end,2023,2023,179.67134,256.15929,14.38916,64.2716,0.00028,336.19537,0.00034,0.05785,1.78427,852.5295
"methane_baseline.xmodel","manual_1637345578273",end_to_end,2024,2024,56.53254,205.18702,15.33267,117.02551,0.00029,339.35752,0.00215,0.04541,2.01505,735.49816
"methane_baseline.xmodel","manual_1637345578273",end_to_end,2025,2025,119.0777,253.76933,14.67259,68.85938,0.00026,339.58028,0.00037,0.04222,1.92376,797.92589
"methane_baseline.xmodel","manual_1637345578273",end_to_end,2026,2026,66.26117,275.45777,16.86212,41.88956,0.00029,336.54572,0.00057,0.09689,1.84332,738.95741
"methane_baseline.xmodel","manual_1637345578273",end_to_end,2027,2027,70.93472,236.05908,13.91053,87.53828,0.0003,339.90888,0.00046,0.04977,2.10862,750.51064
"methane_baseline.xmodel","manual_1637345578273",end_to_end,2028,2028,43.71359,221.66449,14.04277,99.00984,0.00024,336.78646,0.00037,0.0375,1.7566,717.01186
"methane_baseline.xmodel","manual_1637345578273",end_to_end,2029,2029,89.52457,227.08579,14.81903,96.02526,0.00026,340.48499,0.00029,0.03328,2.02042,769.99389
"methane_baseline.xmodel","manual_1637345578273",end_to_end,2030,2030,100.96421,257.47298,15.26311,62.10275,0.00031,336.33838,0.00034,0.04413,1.81499,774.0012
"methane_baseline.xmodel","manual_1637345578273",end_to_end,2031,2031,116.41619,284.4065,14.90744,35.20951,0.00024,336.43432,0.00116,0.04007,1.756,789.17143
"methane_baseline.xmodel","manual_1637345578273",end_to_end,2032,2032,45.70676,259.72666,13.99757,64.57877,0.0003,340.08281,0.00056,0.04068,2.11539,726.2495
"methane_baseline.xmodel","manual_1637345578273",end_to_end,2033,2033,80.88374,188.53483,14.02171,132.00971,0.00033,336.68367,0.00051,0.03668,1.85128,754.02246
"methane_baseline.xmodel","manual_1637345578273",end_to_end,2034,2034,22.83922,188.99032,15.71327,133.31924,0.00025,340.04274,0.00029,0.04439,2.04908,702.9988
"methane_baseline.xmodel","manual_1637345578273",end_to_end,2035,2035,145.90878,265.68767,16.79624,52.39568,0.00025,336.88385,0.00029,0.02437,1.82953,819.52666
"methane_baseline.xmodel","manual_1637345578273",end_to_end,2036,2036,123.39491,214.34025,14.43554,109.09529,0.00023,340.1352,0.00063,0.03591,1.95642,803.39438
"methane_baseline.xmodel","manual_1637345578273",end_to_end,2037,2037,111.21399,218.70485,14.26241,105.04654,0.00022,341.64584,0.00031,1.17639,1.64637,793.69692
"methane_baseline.xmodel","manual_1637345578273",end_to_end,2038,2038,54.28201,220.90509,14.72692,99.34662,0.0005,338.37919,0.00048,1.94371,1.82686,731.41138
"methane_baseline.xmodel","manual_1637345578273",end_to_end,2039,2039,107.10599,191.00349,13.83226,134.74505,0.00026,342.01386,0.00032,2.10525,1.91604,792.72252
"methane_baseline.xmodel","manual_1637345578273",end_to_end,2040,2040,101.20056,226.07259,14.64798,95.78767,0.00026,339.08903,0.00033,0.03515,4.06974,780.90331
"methane_baseline.xmodel","manual_1637345578273",end_to_end,2041,2041,137.58447,233.9095,13.72905,91.51039,0.00023,340.19847,0.00035,0.28278,1.99935,819.21459
"methane_baseline.xmodel","manual_1637345578273",end_to_end,2042,2042,99.55662,284.45724,14.87746,35.97723,0.00031,337.0728,0.00039,0.04418,1.86488,773.85111
"methane_baseline.xmodel","manual_1637345578273",end_to_end,2043,2043,95.53502,214.30595,14.09927,107.76142,0.00047,340.81277,0.00034,0.07601,1.91116,774.50241
"methane_baseline.xmodel","manual_1637345578273",end_to_end,2044,2044,40.10726,183.01102,13.96134,135.96777,0.00024,336.94483,0.00042,0.07707,1.77107,711.84102
"methane_baseline.xmodel","manual_1637345578273",end_to_end,2045,2045,143.69998,338.04848,14.16102,0.06404,0.00029,340.39019,0.00063,0.07255,1.83528,838.27246
"methane_baseline.xmodel","manual_1637345578273",end_to_end,2046,2046,104.56213,318.8817,18.24662,0.03023,0.00026,336.01231,0.00046,0.04015,1.80183,779.57569
"methane_baseline.xmodel","manual_1637345578273",end_to_end,2047,2047,0.00193,273.53251,15.55897,46.94435,0.00026,335.99571,0.00033,0.03586,1.7996,673.86952
"methane_baseline.xmodel","manual_1637345578273",end_to_end,2048,2048,0.00114,217.03592,13.78093,109.62611,0.00029,339.75693,0.00048,0.0566,1.90099,682.15939
"methane_baseline.xmodel","manual_1637345578273",end_to_end,2049,2049,111.5117,251.21205,15.49689,71.16405,0.00026,339.7265,0.00031,0.04022,1.71565,790.86763
"methane_baseline.xmodel","manual_1637345578273",end_to_end,2050,2050,48.81495,225.32011,14.41583,94.38741,0.00024,336.08371,0.00034,0.03972,1.83886,720.90117
"methane_baseline.xmodel","manual_1637345578273",end_to_end,2051,2051,96.23701,212.94658,13.85548,107.41955,0.00026,336.1755,0.00035,0.03943,1.7533,768.42746
"methane_baseline.xmodel","manual_1637345578273",end_to_end,2052,2052,73.12971,270.57633,16.53123,50.65548,0.00029,339.26713,0.00043,0.03503,1.79532,751.99095
"methane_baseline.xmodel","manual_1637345578273",end_to_end,2053,2053,141.90506,279.99739,17.01583,40.48145,0.00026,339.6529,0.00043,0.21133,1.76237,821.02702
"methane_baseline.xmodel","manual_1637345578273",end_to_end,2054,2054,19.8181,268.63871,15.26322,50.377,0.0003,335.91818,0.00037,0.04235,1.85538,691.91361
"methane_baseline.xmodel","manual_1637345578273",end_to_end,2055,2055,88.01537,178.07057,14.41722,145.3321,0.00032,339.26386,0.00036,0.04836,1.82601,766.97417
"methane_baseline.xmodel","manual_1637345578273",end_to_end,2056,2056,6.46477,190.93733,14.24251,128.93141,0.00025,336.01655,0.00033,0.04513,1.79628,678.43456
"methane_baseline.xmodel","manual_1637345578273",end_to_end,2057,2057,130.85122,259.45746,14.64586,59.9916,0.00031,336.36736,0.00034,0.06223,1.73594,803.11232
"methane_baseline.xmodel","manual_1637345578273",end_to_end,2058,2058,147.30757,267.3536,15.89108,54.04519,0.00027,339.30246,0.00044,0.04637,1.83373,825.78071
"methane_baseline.xmodel","manual_1637345578273",end_to_end,2059,2059,104.68651,287.32674,16.61462,33.46836,0.00029,338.9602,0.00033,0.05148,1.82693,782.93546
"methane_baseline.xmodel","manual_1637345578273",end_to_end,2060,2060,13.09665,284.50501,14.69673,35.3183,0.00026,336.09166,0.00031,0.03932,1.96352,685.71176
"methane_baseline.xmodel","manual_1637345578273",end_to_end,2061,2061,37.12974,175.39213,15.95625,142.9194,0.0003,337.76907,0.00049,0.03597,1.89942,711.10277
"methane_baseline.xmodel","manual_1637345578273",end_to_end,2062,2062,35.3512,213.723,14.48743,108.87367,0.00027,339.66212,0.00033,0.05121,1.74217,713.8914
"methane_baseline.xmodel","manual_1637345578273",end_to_end,2063,2063,144.95096,261.76327,14.52806,59.42874,0.00027,338.26139,0.00041,0.03857,1.97324,820.94491
"methane_baseline.xmodel","manual_1637345578273",end_to_end,2064,2064,110.75175,210.19652,14.70496,112.89488,0.0003,339.14247,0.00042,0.03411,1.77288,789.49829
"methane_baseline.xmodel","manual_1637345578273",end_to_end,2065,2065,64.30861,220.12619,15.2661,100.92829,0.0003,337.78035,0.00036,0.04829,1.95366,740.41215
"methane_baseline.xmodel","manual_1637345578273",end_to_end,2066,2066,111.74224,237.77242,14.40282,85.17548,0.00027,339.54591,0.00033,0.03905,1.743,790.42152
"methane_baseline.xmodel","manual_1637345578273",end_to_end,2067,2067,154.14257,158.45277,13.84223,165.42721,0.0003,338.7575,0.00089,0.0477,1.81113,832.4823
"methane_baseline.xmodel","manual_1637345578273",end_to_end,2068,2068,35.81644,160.34483,14.52779,160.87236,0.0008,336.9362,0.00046,0.04747,1.89598,710.44233
"methane_baseline.xmodel","manual_1637345578273",end_to_end,2069,2069,162.89433,197.32907,14.87615,122.72211,0.00301,336.03259,0.0003,0.02841,1.93995,835.82592
"methane_baseline.xmodel","manual_1637345578273",end_to_end,2070,2070,167.21029,208.36764,14.00135,114.61635,0.00027,339.84035,0.00028,0.05172,1.86119,845.94944
"methane_baseline.xmodel","manual_1637345578273",end_to_end,2071,2071,179.54153,233.82253,14.54222,89.63245,0.00029,338.61022,0.00043,0.04452,1.77587,857.97006
"methane_baseline.xmodel","manual_1637345578273",end_to_end,2072,2072,61.61981,198.7284,14.73425,120.58837,0.00024,335.78062,0.00036,0.05801,1.73862,733.24868
"methane_baseline.xmodel","manual_1637345578273",end_to_end,2073,2073,181.2862,193.2565,13.74256,129.70259,0.00028,338.5988,0.0003,0.03399,1.76798,858.3892
"methane_baseline.xmodel","manual_1637345578273",end_to_end,2074,2074,32.82997,193.10288,14.671,126.0447,0.00093,335.64609,0.00034,0.0408,1.75086,704.08757
"methane_baseline.xmodel","manual_1637345578273",end_to_end,2075,2075,189.47892,181.82146,13.70817,141.22711,0.00026,338.74748,0.00056,0.05735,1.83924,866.88055
"methane_baseline.xmodel","manual_1637345578273",end_to_end,2076,2076,69.89453,200.23273,14.93349,118.68724,0.00025,335.89562,0.00038,0.05482,1.75766,741.45672
"methane_baseline.xmodel","manual_1637345578273",end_to_end,2077,2077,120.50052,234.11055,15.13527,84.8389,0.0003,335.66724,0.00032,0.03486,1.80454,792.0925
"methane_baseline.xmodel","manual_1637345578273",end_to_end,2078,2078,143.10879,229.56858,14.94307,92.35433,0.00026,338.76659,0.0003,0.04881,1.78266,820.57339
"methane_baseline.xmodel","manual_1637345578273",end_to_end,2079,2079,154.14123,222.09467,14.83538,99.9382,0.00029,338.6446,0.00287,0.03373,1.79672,831.48769
"methane_baseline.xmodel","manual_1637345578273",end_to_end,2080,2080,26.78772,146.98873,14.67503,172.1709,0.00024,335.48163,0.0003,0.03634,1.79549,697.93638
"methane_baseline.xmodel","manual_1637345578273",end_to_end,2081,2081,244.50137,174.83463,14.4941,147.4864,0.00027,338.28532,0.00031,0.03647,1.78597,921.42484
"methane_baseline.xmodel","manual_1637345578273",end_to_end,2082,2082,31.29538,168.01776,15.37965,150.22855,0.00032,335.45504,0.00035,0.03527,1.76321,702.17553
"methane_baseline.xmodel","manual_1637345578273",end_to_end,2083,2083,225.75006,218.20785,14.71803,103.48672,0.00029,338.84625,0.00033,0.03091,1.79048,902.83092
"methane_baseline.xmodel","manual_1637345578273",end_to_end,2084,2084,75.65608,232.68884,13.79231,87.14175,0.00025,335.17789,0.00029,0.03656,1.73401,746.22798
"methane_baseline.xmodel","manual_1637345578273",end_to_end,2085,2085,165.4671,268.72359,15.73453,52.55294,0.00026,338.99863,0.00046,0.04171,1.74404,843.26326
"methane_baseline.xmodel","manual_1637345578273",end_to_end,2086,2086,28.79646,274.1145,16.05121,43.21105,0.00033,335.5647,0.00034,0.04532,1.72425,699.50816
"methane_baseline.xmodel","manual_1637345578273",end_to_end,2087,2087,44.99054,258.17696,15.21918,60.39369,0.00028,335.45588,0.00032,0.03176,1.71787,715.98648
"methane_baseline.xmodel","manual_1637345578273",end_to_end,2088,2088,54.38246,257.55446,14.91716,64.68799,0.00027,338.57385,0.00045,0.03988,1.77783,731.93435
"methane_baseline.xmodel","manual_1637345578273",end_to_end,2089,2089,62.18221,228.15738,14.84661,90.6566,0.00029,335.27639,0.00047,0.03538,1.75229,732.90762
"methane_baseline.xmodel","manual_1637345578273",end_to_end,2090,2090,66.42751,206.14992,14.44402,116.18804,0.00027,338.57144,0.00032,0.04309,1.77725,743.60186
"methane_baseline.xmodel","manual_1637345578273",end_to_end,2091,2091,92.41091,246.5793,13.7804,73.15291,0.00024,335.60233,0.00046,0.04476,1.80944,763.38075
"methane_baseline.xmodel","manual_1637345578273",end_to_end,2092,2092,118.02879,226.70261,15.76663,94.26505,0.00029,338.32067,0.00033,0.03414,1.76289,794.8814
"methane_baseline.xmodel","manual_1637345578273",end_to_end,2093,2093,164.98594,240.70013,16.96891,78.8224,0.00025,338.6527,0.00077,0.03967,1.82643,841.9972
"methane_baseline.xmodel","manual_1637345578273",end_to_end,2094,2094,6.03969,193.54909,14.38345,125.88135,0.00033,335.46121,0.00041,0.03853,1.72933,677.08339
"methane_baseline.xmodel","manual_1637345578273",end_to_end,2095,2095,127.73714,207.81778,14.69782,111.08363,0.00026,335.50586,0.00031,0.03778,2.07893,798.95951
"methane_baseline.xmodel","manual_1637345578273",end_to_end,2096,2096,80.65217,210.29871,14.77421,111.75118,0.00029,338.84777,0.0004,0.10452,1.876,758.30525
"methane_baseline.xmodel","manual_1637345578273",end_to_end,2097,2097,112.85848,230.19405,14.27082,89.26025,0.00028,336.71163,0.00032,0.05846,1.81264,785.16693
"methane_baseline.xmodel","manual_1637345578273",end_to_end,2098,2098,113.63333,220.44302,15.72934,100.79139,0.00026,339.28005,0.00056,0.04494,1.80785,791.73074
"methane_baseline.xmodel","manual_1637345578273",end_to_end,2099,2099,190.51369,228.08102,15.37357,93.84292,0.00027,338.99427,0.00045,0.04654,1.83681,868.68954
"methane_baseline.xmodel","manual_1637345578273",end_to_end,2100,2100,3.63426,244.11118,14.15314,76.33637,0.00025,337.58153,0.00034,0.05326,1.80213,677.67246
"methane_baseline.xmodel","manual_1637345578273",end_to_end,2101,2101,78.22935,137.34254,15.82155,182.52903,0.0003,335.81774,0.00086,0.04599,1.88268,751.67004
"methane_baseline.xmodel","manual_1637345578273",end_to_end,2102,2102,95.70113,213.69987,15.23756,108.19743,0.00024,339.03882,0.0006,0.05262,2.00551,773.93378
"methane_baseline.xmodel","manual_1637345578273",end_to_end,2103,2103,184.39273,243.26255,14.33261,76.36368,0.00029,335.60934,0.00039,0.0314,1.66628,855.65927
"methane_baseline.xmodel","manual_1637345578273",end_to_end,2104,2104,110.08302,246.49165,14.44439,76.20044,0.00032,339.52872,0.00052,0.04258,2.03844,788.83008
"methane_baseline.xmodel","manual_1637345578273",end_to_end,2105,2105,78.29871,181.92379,13.93662,137.8072,0.00024,335.33233,0.0003,0.05336,1.72531,749.07786
"methane_baseline.xmodel","manual_1637345578273",end_to_end,2106,2106,78.2572,170.9158,16.87313,149.67509,0.00029,339.21316,0.00047,0.04456,1.9258,756.9055
"methane_baseline.xmodel","manual_1637345578273",end_to_end,2107,2107,250.30142,203.19186,15.56902,118.35644,0.0003,339.21406,0.00032,0.04187,1.91645,928.59174
"methane_baseline.xmodel","manual_1637345578273",end_to_end,2108,2108,41.00621,237.39604,14.55616,81.65666,0.00029,335.30044,0.00042,0.05091,1.76519,711.73232
"methane_baseline.xmodel","manual_1637345578273",end_to_end,2109,2109,197.92878,209.77839,17.24137,110.19614,0.00026,339.37403,0.00061,0.03749,1.88374,876.44081
"methane_baseline.xmodel","manual_1637345578273",end_to_end,2110,2110,5.8704,240.32116,14.76087,78.43598,0.0003,335.46395,0.00044,0.04691,1.76559,676.6656
"methane_baseline.xmodel","manual_1637345578273",end_to_end,2111,2111,80.24929,226.62793,14.96089,92.06074,0.00055,335.59127,0.00035,0.04472,1.77399,751.30973
"methane_baseline.xmodel","manual_1637345578273",end_to_end,2112,2112,112.25223,229.75685,15.22722,92.33934,0.0003,339.55326,0.00068,0.03669,2.33602,791.50259
"methane_baseline.xmodel","manual_1637345578273",end_to_end,2113,2113,93.87935,223.88461,14.64155,95.25195,0.00031,335.48829,0.00043,0.04013,1.72118,764.9078
"methane_baseline.xmodel","manual_1637345578273",end_to_end,2114,2114,94.28605,172.42686,15.81581,149.35833,0.00025,340.07302,0.00099,0.05081,2.05433,774.06645
"methane_baseline.xmodel","manual_1637345578273",end_to_end,2115,2115,97.06842,151.61091,15.14452,166.91615,0.00028,335.73069,0.0003,0.04589,1.72018,768.23734
"methane_baseline.xmodel","manual_1637345578273",end_to_end,2116,2116,151.78169,194.58127,17.63334,125.43431,0.00035,339.41973,0.00047,0.05836,2.11043,831.01995
"methane_baseline.xmodel","manual_1637345578273",end_to_end,2117,2117,168.69799,158.62631,13.94641,161.37335,0.00029,335.44702,0.00052,0.04639,1.77693,839.91521
"methane_baseline.xmodel","manual_1637345578273",end_to_end,2118,2118,127.57562,180.11209,15.75677,141.40892,0.00026,339.36064,0.00047,0.05879,2.18804,806.4616
"methane_baseline.xmodel","manual_1637345578273",end_to_end,2119,2119,297.94153,230.19725,14.51793,92.38208,0.00026,339.2335,0.00088,0.06053,2.11786,976.45182
"methane_baseline.xmodel","manual_1637345578273",end_to_end,2120,2120,8.85025,227.67285,14.30438,91.6849,0.00024,335.78467,0.00062,0.0969,1.77436,680.16917
"methane_baseline.xmodel","manual_1637345578273",end_to_end,2121,2121,93.52673,195.32962,14.0906,124.53266,0.00027,335.64171,0.00039,0.04783,1.91221,765.08202
"methane_baseline.xmodel","manual_1637345578273",end_to_end,2122,2122,94.66857,197.56874,15.20603,124.17594,0.00027,339.33364,0.0004,0.05917,2.08971,773.10247
"methane_baseline.xmodel","manual_1637345578273",end_to_end,2123,2123,126.42986,231.46228,13.73248,88.54493,0.00025,335.5317,0.00048,0.05384,1.78985,797.54567
"methane_baseline.xmodel","manual_1637345578273",end_to_end,2124,2124,126.37975,204.22831,14.85967,118.04832,0.00029,339.42955,0.00048,0.06607,2.02304,805.03548
"methane_baseline.xmodel","manual_1637345578273",end_to_end,2125,2125,90.51807,229.38425,14.11063,90.06313,0.00029,335.81221,0.0004,0.06519,1.78651,761.74068
"methane_baseline.xmodel","manual_1637345578273",end_to_end,2126,2126,120.249,204.9522,15.38759,116.88989,0.00024,339.25873,0.00044,0.04348,2.25983,799.0414
"methane_baseline.xmodel","manual_1637345578273",end_to_end,2127,2127,91.92501,132.59546,17.90823,183.44869,0.00025,337.27133,0.00047,0.05164,1.76483,764.96591
"methane_baseline.xmodel","manual_1637345578273",end_to_end,2128,2128,119.0217,175.23631,17.62292,144.26894,0.00029,339.69918,0.00047,0.04928,2.06967,797.96876
"methane_baseline.xmodel","manual_1637345578273",end_to_end,2129,2129,185.31752,206.69791,13.83547,114.87558,0.00029,335.69475,0.00084,0.04928,1.82335,858.29499
"methane_baseline.xmodel","manual_1637345578273",end_to_end,2130,2130,146.6249,176.91387,17.75936,142.67624,0.00025,341.25618,0.00033,0.0518,1.75239,827.03532
"methane_baseline.xmodel","manual_1637345578273",end_to_end,2131,2131,116.69799,168.13161,15.93223,149.81456,0.00024,335.87945,0.00028,0.04203,1.74517,788.24356
"methane_baseline.xmodel","manual_1637345578273",end_to_end,2132,2132,144.83837,137.47832,15.05738,186.54486,0.00031,339.50004,0.00078,0.04723,1.79055,825.25784
"methane_baseline.xmodel","manual_1637345578273",end_to_end,2133,2133,487.53248,181.72782,14.8859,137.67549,0.00029,336.51934,0.00033,0.91276,1.76547,1161.01988
"methane_baseline.xmodel","manual_1637345578273",end_to_end,2134,2134,27.74564,142.07832,16.5025,175.37478,0.0003,336.09764,0.00043,0.06203,1.72278,699.58442
"methane_baseline.xmodel","manual_1637345578273",end_to_end,2135,2135,2.00048,178.3773,16.53846,142.78101,0.00024,339.34912,0.0003,0.03957,1.77121,680.85769
"methane_baseline.xmodel","manual_1637345578273",end_to_end,2136,2136,144.63854,171.2603,16.07795,150.15691,0.00028,338.89519,0.00037,0.04191,1.82932,822.90077
"methane_baseline.xmodel","manual_1637345578273",end_to_end,2137,2137,139.4903,186.69828,14.64371,133.36598,0.00031,336.14626,0.00032,0.95729,1.84797,813.15042
"methane_baseline.xmodel","manual_1637345578273",end_to_end,2138,2138,151.98582,200.60664,13.84576,122.60899,0.00025,339.3142,0.00035,0.04727,1.86021,830.26949
"methane_baseline.xmodel","manual_1637345578273",end_to_end,2139,2139,136.04758,173.09501,16.08791,144.27875,0.00025,336.24309,0.00033,0.92176,1.91623,808.59091
"methane_baseline.xmodel","manual_1637345578273",end_to_end,2140,2140,124.47602,193.33647,14.2066,129.89652,0.00024,338.9465,0.00034,0.03376,1.84204,802.73849
"methane_baseline.xmodel","manual_1637345578273",end_to_end,2141,2141,147.09382,209.23648,13.90111,110.28998,0.00031,336.57634,0.00046,1.22442,1.85213,820.17505
"methane_baseline.xmodel","manual_1637345578273",end_to_end,2142,2142,131.80979,188.16437,14.30535,134.56355,0.00024,339.29027,0.00045,0.03667,2.20859,810.37928
"methane_baseline.xmodel","manual_1637345578273",end_to_end,2143,2143,113.11735,132.44117,15.67245,185.64884,0.00027,337.58191,0.00065,0.17036,2.00786,786.64086
"methane_baseline.xmodel","manual_1637345578273",end_to_end,2144,2144,476.21451,198.44741,13.91899,126.55224,0.00026,339.67254,0.00038,0.04027,1.80173,1156.64833
"methane_baseline.xmodel","manual_1637345578273",end_to_end,2145,2145,26.75475,145.46157,15.88095,176.05204,0.00032,341.25394,0.00047,0.04276,1.92993,707.37673
"methane_baseline.xmodel","manual_1637345578273",end_to_end,2146,2146,0.56528,195.54734,15.00271,123.98235,0.00037,336.54143,0.00037,0.04191,1.80248,673.48424
"methane_baseline.xmodel","manual_1637345578273",end_to_end,2147,2147,126.19641,194.83148,15.50226,124.00325,0.00026,336.25308,0.00031,0.03065,1.8272,798.6449
"methane_baseline.xmodel","manual_1637345578273",end_to_end,2148,2148,128.54055,163.89912,15.26332,158.51686,0.00031,338.52034,0.00056,1.11655,1.95621,807.81382
"methane_baseline.xmodel","manual_1637345578273",end_to_end,2149,2149,125.8799,163.31046,15.27862,155.79045,0.00031,335.77764,0.00033,0.05684,1.85709,797.95164
"methane_baseline.xmodel","manual_1637345578273",end_to_end,2150,2150,500.15118,131.69818,16.26065,187.37733,0.00028,338.41736,0.00039,1.07913,2.15043,1177.13493
"methane_baseline.xmodel","manual_1637345578273",end_to_end,2151,2151,6.64228,120.63664,15.90927,200.1947,0.00031,338.35549,0.00054,0.9698,1.97208,684.68111
"methane_baseline.xmodel","manual_1637345578273",end_to_end,2152,2152,14.3797,192.13931,15.16757,126.60941,0.00026,336.27951,0.00054,0.04733,1.93076,686.55439
"methane_baseline.xmodel","manual_1637345578273",end_to_end,2153,2153,128.53645,119.64451,18.0315,196.67252,0.00025,336.70191,0.00035,0.06376,1.84213,801.49338
"methane_baseline.xmodel","manual_1637345578273",end_to_end,2154,2154,335.43339,176.35427,15.93348,142.4157,0.00025,336.5941,0.00046,1.02277,2.20365,1009.95807
"methane_baseline.xmodel","manual_1637345578273",end_to_end,2155,2155,53.56252,186.18948,13.71067,135.57371,0.00025,338.6282,0.00035,0.18066,1.85991,729.70575
"methane_baseline.xmodel","manual_1637345578273",end_to_end,2156,2156,281.83449,180.83985,14.77928,139.06609,0.00029,336.22568,0.00059,0.03651,1.91765,954.70043
"methane_baseline.xmodel","manual_1637345578273",end_to_end,2157,2157,1.29632,140.87747,16.01256,178.5154,0.0003,339.10135,0.00043,0.04153,1.88165,677.72701
"methane_baseline.xmodel","manual_1637345578273",end_to_end,2158,2158,180.57735,181.85783,13.78939,141.39032,0.00027,339.19713,0.00044,0.0744,1.89738,858.78451
"methane_baseline.xmodel","manual_1637345578273",end_to_end,2159,2159,142.27689,205.20534,14.96219,112.83998,0.00028,336.35268,0.0004,0.04151,1.925,813.60427
"methane_baseline.xmodel","manual_1637345578273",end_to_end,2160,2160,143.33074,251.28548,14.73872,71.24054,0.00029,339.18088,0.00034,0.05371,1.86443,821.69513
"methane_baseline.xmodel","manual_1637345578273",end_to_end,2161,2161,114.80261,198.4073,15.40497,120.57355,0.00031,336.68817,0.00035,0.08947,2.00347,787.9702
"methane_baseline.xmodel","manual_1637345578273",end_to_end,2162,2162,73.22236,233.65466,14.11462,89.43568,0.00024,338.87685,0.00033,0.041,1.90864,751.25438
"methane_baseline.xmodel","manual_1637345578273",end_to_end,2163,2163,122.54649,195.01022,15.50465,124.21508,0.00026,337.04988,0.00052,0.25445,1.83475,796.4163
"methane_baseline.xmodel","manual_1637345578273",end_to_end,2164,2164,91.38472,134.83124,16.60664,185.47537,0.00029,338.99337,0.00035,0.04377,1.94405,769.2798
"methane_baseline.xmodel","manual_1637345578273",end_to_end,2165,2165,126.33033,176.32967,15.94569,142.6646,0.00025,336.91477,0.00035,0.05732,1.77513,800.01811
"methane_baseline.xmodel","manual_1637345578273",end_to_end,2166,2166,187.46167,146.32894,16.17885,174.50295,0.00026,338.83228,0.00038,0.04523,1.96948,865.32004
"methane_baseline.xmodel","manual_1637345578273",end_to_end,2167,2167,144.75754,182.09374,14.94109,137.77323,0.00024,336.06912,0.00032,0.04436,2.16392,817.84356
"methane_baseline.xmodel","manual_1637345578273",end_to_end,2168,2168,306.57239,156.26398,14.40424,163.54518,0.00042,336.56879,0.00037,0.04461,1.79349,979.19347
"methane_baseline.xmodel","manual_1637345578273",end_to_end,2169,2169,9.5584,146.85074,15.82848,174.15377,0.0003,339.21894,0.00169,0.05049,1.88705,687.54986
"methane_baseline.xmodel","manual_1637345578273",end_to_end,2170,2170,176.17727,130.29431,16.64839,190.26026,0.00026,339.42418,0.00048,0.03898,1.77763,854.62176
"methane_baseline.xmodel","manual_1637345578273",end_to_end,2171,2171,165.89332,165.29557,15.34368,153.57923,0.00026,336.24539,0.00043,0.05205,1.90413,838.31406
"methane_baseline.xmodel","manual_1637345578273",end_to_end,2172,2172,316.89715,230.43471,14.68792,89.26362,0.00033,336.20659,0.0004,0.04448,1.77794,989.31314
"methane_baseline.xmodel","manual_1637345578273",end_to_end,2173,2173,30.73448,222.27096,15.30627,99.88986,0.00031,338.79801,0.00036,0.03762,1.83594,708.87381
"methane_baseline.xmodel","manual_1637345578273",end_to_end,2174,2174,101.73551,248.10434,15.26064,73.58387,0.00026,338.88001,0.00043,0.04781,1.8504,779.46327
"methane_baseline.xmodel","manual_1637345578273",end_to_end,2175,2175,91.22555,190.63393,15.03384,128.58086,0.00024,336.39077,0.00054,0.05252,1.76994,763.68819
"methane_baseline.xmodel","manual_1637345578273",end_to_end,2176,2176,194.47549,212.6904,14.50155,107.34651,0.00032,336.41493,0.00029,0.05239,1.85862,867.3405
"methane_baseline.xmodel","manual_1637345578273",end_to_end,2177,2177,11.41471,205.13756,13.87969,117.97668,0.00029,338.82654,0.00035,0.04298,1.77732,689.05612
"methane_baseline.xmodel","manual_1637345578273",end_to_end,2178,2178,119.88308,191.85129,13.77728,131.28908,0.00025,338.69884,0.00046,0.03937,1.77316,797.31281
"methane_baseline.xmodel","manual_1637345578273",end_to_end,2179,2179,109.15856,197.5734,15.10086,121.91962,0.00026,336.23449,0.00032,0.07942,1.89608,781.96301
"methane_baseline.xmodel","manual_1637345578273",end_to_end,2180,2180,247.35196,152.94708,14.72283,166.66461,0.0004,336.8054,0.0004,0.07653,1.7859,920.35511
"methane_baseline.xmodel","manual_1637345578273",end_to_end,2181,2181,9.6142,148.04632,14.34415,174.46705,0.00023,338.59305,0.00033,0.03763,1.85111,686.95407
"methane_baseline.xmodel","manual_1637345578273",end_to_end,2182,2182,176.29628,168.69552,14.67127,153.39733,0.00025,338.63741,0.00027,0.04088,1.93827,853.67748
"methane_baseline.xmodel","manual_1637345578273",end_to_end,2183,2183,168.64506,185.82316,14.26744,134.748,0.00027,336.42488,0.00039,0.0415,1.85472,841.80542
"methane_baseline.xmodel","manual_1637345578273",end_to_end,2184,2184,265.1845,202.44179,14.97942,117.14755,0.00025,336.26809,0.00039,0.04774,1.70685,937.77658
"methane_baseline.xmodel","manual_1637345578273",end_to_end,2185,2185,26.70358,152.09904,14.09051,170.55533,0.00028,339.50657,0.00036,0.0541,1.87555,704.88532
"methane_baseline.xmodel","manual_1637345578273",end_to_end,2186,2186,280.20555,180.17935,14.38742,139.76978,0.00026,336.47693,0.00035,0.04609,1.77514,952.84087
"methane_baseline.xmodel","manual_1637345578273",end_to_end,2187,2187,11.41809,181.77735,13.66819,142.05611,0.00025,340.5972,0.0003,0.03834,1.82328,691.37911
"methane_baseline.xmodel","manual_1637345578273",end_to_end,2188,2188,248.35795,197.05688,14.67747,122.9294,0.0003,335.52057,0.00049,0.05352,1.71939,920.31597
"methane_baseline.xmodel","manual_1637345578273",end_to_end,2189,2189,37.23661,242.40262,15.01476,81.21716,0.0003,338.6136,0.00048,0.03737,1.80842,716.33132
"methane_baseline.xmodel","manual_1637345578273",end_to_end,2190,2190,83.09735,239.91367,14.95774,81.85466,0.00025,338.79344,0.00031,0.03816,1.81229,760.46787
"methane_baseline.xmodel","manual_1637345578273",end_to_end,2191,2191,124.76291,215.34331,15.19051,103.15862,0.00025,335.60132,0.0004,0.04547,1.71509,795.81788
"methane_baseline.xmodel","manual_1637345578273",end_to_end,2192,2192,180.9135,207.40415,14.40982,112.00713,0.00029,335.58922,0.00031,0.04159,1.68567,852.05168
"methane_baseline.xmodel","manual_1637345578273",end_to_end,2193,2193,7.72791,244.9029,14.7613,77.26142,0.0003,338.4956,0.00033,0.0372,1.85781,685.04477
"methane_baseline.xmodel","manual_1637345578273",end_to_end,2194,2194,173.10295,199.06766,14.41524,120.3473,0.00025,335.46454,0.00046,0.0408,1.72683,844.16603
"methane_baseline.xmodel","manual_1637345578273",end_to_end,2195,2195,19.7472,161.1311,13.65387,161.85917,0.00023,338.729,0.0003,0.03643,1.78231,696.93961
"methane_baseline.xmodel","manual_1637345578273",end_to_end,2196,2196,163.75255,209.01447,15.39591,112.42303,0.00047,338.60528,0.00058,0.04756,1.87305,841.1129
"methane_baseline.xmodel","manual_1637345578273",end_to_end,2197,2197,122.10187,205.18308,14.2446,114.28313,0.00024,335.29116,0.00038,0.04306,1.72626,792.87378
"methane_baseline.xmodel","manual_1637345578273",end_to_end,2198,2198,114.25571,235.18973,14.67417,86.90755,0.00025,338.83116,0.00041,0.04243,1.80516,791.70657
"methane_baseline.xmodel","manual_1637345578273",end_to_end,2199,2199,116.05499,241.14148,14.51876,77.85301,0.00033,335.4551,0.00042,0.0504,1.74179,786.81628
"methane_baseline.xmodel","manual_1637345578273",end_to_end,2200,2200,88.83102,163.67998,13.5277,159.70499,0.0003,338.32845,0.00034,0.0415,1.81142,765.9257
"methane_baseline.xmodel","manual_1637345578273",end_to_end,2201,2201,79.61384,224.49139,15.11515,94.08857,0.0003,335.43466,0.00043,0.0542,1.76425,750.56279
"methane_baseline.xmodel","manual_1637345578273",end_to_end,2202,2202,161.54239,142.35872,14.23695,179.88963,0.00023,338.63096,0.00036,0.04219,1.83406,838.53549
"methane_baseline.xmodel","manual_1637345578273",end_to_end,2203,2203,95.86774,146.88349,15.16832,171.60195,0.00026,335.26702,0.00041,0.0438,1.67124,766.50423
"methane_baseline.xmodel","manual_1637345578273",end_to_end,2204,2204,181.74502,190.59102,14.63722,131.54857,0.00037,338.53789,0.00035,0.03573,1.86384,858.96001
"methane_baseline.xmodel","manual_1637345578273",end_to_end,2205,2205,173.41669,205.88067,14.54534,113.02244,0.00029,335.4576,0.0005,0.05393,1.78427,844.16173
"methane_baseline.xmodel","manual_1637345578273",end_to_end,2206,2206,133.41401,262.29387,14.18163,60.18814,0.00026,338.8672,0.00031,0.03979,1.83052,810.81573
"methane_baseline.xmodel","manual_1637345578273",end_to_end,2207,2207,114.7484,182.73728,14.36437,136.63548,0.00036,335.37842,0.0003,0.04145,1.71661,785.62267
"methane_baseline.xmodel","manual_1637345578273",end_to_end,2208,2208,138.45998,163.79784,14.21463,155.53643,0.00029,335.37997,0.00033,0.04642,1.69964,809.13553
"methane_baseline.xmodel","manual_1637345578273",end_to_end,2209,2209,62.09857,182.89197,14.95926,139.11469,0.00032,338.94614,0.00054,0.04491,1.8539,739.9103
"methane_baseline.xmodel","manual_1637345578273",end_to_end,2210,2210,140.9683,223.06291,14.53839,99.4808,0.00025,338.64462,0.0004,0.03558,1.83084,818.56209
"methane_baseline.xmodel","manual_1637345578273",end_to_end,2211,2211,157.22992,250.12411,14.80882,68.69101,0.00061,335.30982,0.00047,0.04075,1.73176,827.93727
"methane_baseline.xmodel","manual_1637345578273",end_to_end,2212,2212,101.38543,201.98313,15.43171,119.31949,0.0003,339.00383,0.00033,0.03608,1.7751,778.9354
"methane_baseline.xmodel","manual_1637345578273",end_to_end,2213,2213,70.41667,199.23127,14.1206,120.21627,0.00031,335.89293,0.00051,0.04546,1.76514,741.68916
"methane_baseline.xmodel","manual_1637345578273",end_to_end,2214,2214,121.19368,208.34498,14.83503,113.93807,0.00025,339.35796,0.00031,0.0465,2.11959,799.83637
"methane_baseline.xmodel","manual_1637345578273",end_to_end,2215,2215,121.99177,221.32323,15.36928,97.42977,0.00026,335.92909,0.00032,0.04619,1.73553,793.82544
"methane_baseline.xmodel","manual_1637345578273",end_to_end,2216,2216,115.80501,265.05158,14.12073,58.31948,0.00031,342.30673,0.00094,0.03925,2.08556,797.72959
"methane_baseline.xmodel","manual_1637345578273",end_to_end,2217,2217,99.2203,240.4695,14.097,79.56653,0.00029,336.15953,0.00042,0.04377,1.76971,771.32705
"methane_baseline.xmodel","manual_1637345578273",end_to_end,2218,2218,60.504,237.93204,13.96188,88.22783,0.00026,339.1891,0.00031,0.05162,1.99041,741.85745
"methane_baseline.xmodel","manual_1637345578273",end_to_end,2219,2219,81.35419,211.72562,13.81164,108.837,0.00025,335.86397,0.00028,0.03315,1.88559,753.51169
"methane_baseline.xmodel","manual_1637345578273",end_to_end,2220,2220,90.36265,189.8942,15.47733,131.69164,0.00032,339.07625,0.0006,0.04696,1.77765,768.3276
"methane_baseline.xmodel","manual_1637345578273",end_to_end,2221,2221,110.64958,180.33026,14.26048,139.45896,0.0003,335.82698,0.0003,0.03855,1.66131,782.22672
"methane_baseline.xmodel","manual_1637345578273",end_to_end,2222,2222,133.72282,417.42634,12.7778,0.04351,0.00026,340.40189,0.00065,0.04637,2.17412,906.59376
"methane_baseline.xmodel","manual_1637345578273",end_to_end,2223,2223,141.37821,424.78931,12.91599,0.05219,0.00036,335.68865,0.00045,0.04407,1.75391,916.62314
"methane_baseline.xmodel","manual_1637345578273",end_to_end,2224,2224,0.00144,194.64915,15.28744,130.48659,0.00029,338.90156,0.00041,0.04368,1.84786,681.21842
"methane_baseline.xmodel","manual_1637345578273",end_to_end,2225,2225,0.00196,194.45572,13.80401,127.46207,0.0003,335.76363,0.00033,0.03965,1.76005,673.28772
"methane_baseline.xmodel","manual_1637345578273",end_to_end,2226,2226,180.49484,214.82934,14.41932,104.72141,0.00025,335.81035,0.00042,0.05409,1.7497,852.07972
"methane_baseline.xmodel","manual_1637345578273",end_to_end,2227,2227,81.50966,252.95507,14.18996,69.48855,0.00025,339.34751,0.00055,0.04209,1.90384,759.43748
"methane_baseline.xmodel","manual_1637345578273",end_to_end,2228,2228,71.34326,260.23158,14.43095,62.77794,0.0003,339.35017,0.00036,0.04323,1.88571,750.0635
"methane_baseline.xmodel","manual_1637345578273",end_to_end,2229,2229,106.51948,207.02249,14.44218,112.54361,0.0003,335.79399,0.00035,0.0439,1.6931,778.0594
"methane_baseline.xmodel","manual_1637345578273",end_to_end,2230,2230,114.34252,231.11816,14.98339,87.89324,0.00025,335.98464,0.00031,0.05246,1.74781,786.12278
"methane_baseline.xmodel","manual_1637345578273",end_to_end,2231,2231,64.73924,253.41179,13.89535,70.08808,0.00025,339.21504,0.00336,0.04723,2.18011,743.58045
"methane_baseline.xmodel","manual_1637345578273",end_to_end,2232,2232,72.01656,296.33056,14.54824,26.40391,0.00057,339.44035,0.00043,0.04327,1.90343,750.68732
"methane_baseline.xmodel","manual_1637345578273",end_to_end,2233,2233,89.63974,280.67085,16.41812,37.15306,0.0003,336.04583,0.00032,0.05187,1.72224,761.70233
"methane_baseline.xmodel","manual_1637345578273",end_to_end,2234,2234,63.00698,231.20735,14.00855,88.97896,0.00026,335.97882,0.0005,0.04969,1.78359,735.0147
"methane_baseline.xmodel","manual_1637345578273",end_to_end,2235,2235,4.63244,233.74204,14.22832,89.21649,0.00025,339.47085,0.00033,0.04783,1.93448,683.27303
"methane_baseline.xmodel","manual_1637345578273",end_to_end,2236,2236,91.17056,184.7825,14.31369,138.4174,0.00031,339.5283,0.00049,0.06451,2.0641,770.34186
"methane_baseline.xmodel","manual_1637345578273",end_to_end,2237,2237,90.73146,242.70474,14.99731,76.50898,0.00029,336.46161,0.00054,0.05942,1.75301,763.21736
"methane_baseline.xmodel","manual_1637345578273",end_to_end,2238,2238,140.377,312.38563,15.82353,9.32638,0.00026,339.55419,0.00033,0.03838,1.90018,819.40588
"methane_baseline.xmodel","manual_1637345578273",end_to_end,2239,2239,78.34931,304.96707,17.86854,11.78424,0.00025,336.41778,0.00031,0.04898,1.83462,751.2711
"methane_baseline.xmodel","manual_1637345578273",end_to_end,2240,2240,11.45277,262.74727,13.91704,60.74328,0.00023,340.08086,0.00034,0.05188,2.12955,691.12322
"methane_baseline.xmodel","manual_1637345578273",end_to_end,2241,2241,13.59194,225.27017,14.38256,94.94349,0.0003,336.55823,0.0003,0.05569,1.79154,686.59422
"methane_baseline.xmodel","manual_1637345578273",end_to_end,2242,2242,96.85154,266.19738,15.86153,52.60089,0.00071,336.47373,0.00039,0.04269,1.78469,769.81355
"methane_baseline.xmodel","manual_1637345578273",end_to_end,2243,2243,62.69875,256.78127,13.82696,67.52064,0.00029,340.63641,0.00044,0.04753,2.0261,743.53839
"methane_baseline.xmodel","manual_1637345578273",end_to_end,2244,2244,69.72672,279.78867,15.45926,43.18987,0.0003,339.99729,0.00032,0.03685,2.12951,750.32879
"methane_baseline.xmodel","manual_1637345578273",end_to_end,2245,2245,54.45657,272.71572,16.87581,45.00872,0.00075,336.52068,0.00039,0.03435,1.77962,727.39261
"methane_baseline.xmodel","manual_1637345578273",end_to_end,2246,2246,45.26046,232.20696,14.42899,91.28434,0.00024,340.45777,0.00028,0.08669,2.03846,725.76419
"methane_baseline.xmodel","manual_1637345578273",end_to_end,2247,2247,46.84296,236.00218,13.42542,85.24661,0.00025,337.08567,0.00035,0.03309,1.886,720.52253
"methane_baseline.xmodel","manual_1637345578273",end_to_end,2248,2248,103.62104,312.29836,16.43898,6.52059,0.00039,336.73179,0.00032,0.02446,1.77436,777.41029
"methane_baseline.xmodel","manual_1637345578273",end_to_end,2249,2249,76.91946,307.94235,15.78101,14.55374,0.00035,340.91742,0.00045,0.05726,1.85242,758.02446
"methane_baseline.xmodel","manual_1637345578273",end_to_end,2250,2250,23.61685,311.65036,16.55903,6.57866,0.00026,339.90968,0.00032,0.04323,1.73427,700.09266
"methane_baseline.xmodel","manual_1637345578273",end_to_end,2251,2251,1.50586,309.17623,16.14098,13.48682,0.00031,344.6677,0.00054,0.03457,1.70003,686.71304
"methane_baseline.xmodel","manual_1637345578273",end_to_end,2252,2252,18.20566,285.60165,15.38009,37.13105,0.00034,336.80423,0.00028,0.04881,1.9274,695.09951
"methane_baseline.xmodel","manual_1637345578273",end_to_end,2253,2253,5.54457,237.14543,13.74465,91.86385,0.00044,340.20507,0.00035,0.02463,1.91755,690.44654
"methane_baseline.xmodel","manual_1637345578273",end_to_end,2254,2254,93.60805,308.50641,16.95403,12.98882,0.00026,340.09294,0.0003,0.04882,1.90965,774.10928
"methane_baseline.xmodel","manual_1637345578273",end_to_end,2255,2255,38.91625,315.80059,17.25543,1.9579,0.00026,337.09583,0.00033,0.03729,1.82294,712.88682
"methane_baseline.xmodel","manual_1637345578273",end_to_end,2256,2256,14.93603,289.95496,14.9797,33.21141,0.00029,340.28707,0.00035,0.06176,1.87502,695.30659
"methane_baseline.xmodel","manual_1637345578273",end_to_end,2257,2257,3.93232,315.25174,17.01543,2.83236,0.0003,336.60185,0.00028,0.04784,1.89156,677.57368
"methane_baseline.xmodel","manual_1637345578273",end_to_end,2258,2258,35.15937,244.90839,13.99087,79.42794,0.00027,340.2968,0.00046,0.05164,1.88552,715.72126
"methane_baseline.xmodel","manual_1637345578273",end_to_end,2259,2259,4.72841,295.91736,14.87443,23.91404,0.00043,336.78174,0.00034,0.04989,1.80848,678.07512
"methane_baseline.xmodel","manual_1637345578273",end_to_end,2260,2260,81.38272,265.88074,16.42994,56.02649,0.00026,340.62811,0.00048,0.08257,2.00941,762.44072
"methane_baseline.xmodel","manual_1637345578273",end_to_end,2261,2261,25.86178,217.3085,14.4772,103.03337,0.00029,336.38781,0.00034,0.04725,2.02328,699.13982
"methane_baseline.xmodel","manual_1637345578273",end_to_end,2262,2262,120.4226,239.54961,13.79404,85.33388,0.0003,340.73659,0.0005,0.10035,1.99365,801.93152
"methane_baseline.xmodel","manual_1637345578273",end_to_end,2263,2263,42.44587,241.46854,14.04745,78.99721,0.00025,337.16967,0.00043,0.04249,1.8177,715.98961
"methane_baseline.xmodel","manual_1637345578273",end_to_end,2264,2264,81.09036,299.68846,16.99903,18.3936,0.0003,336.13796,0.00043,0.05625,1.87509,754.24148
"methane_baseline.xmodel","manual_1637345578273",end_to_end,2265,2265,87.42587,288.52096,15.6639,34.47914,0.00036,340.12799,0.00033,0.05813,1.8835,768.16018
"methane_baseline.xmodel","manual_1637345578273",end_to_end,2266,2266,20.25582,276.23331,15.90857,42.12201,0.00027,336.53896,0.00039,0.04169,1.82501,692.92603
"methane_baseline.xmodel","manual_1637345578273",end_to_end,2267,2267,36.57299,302.93816,17.63456,17.46119,0.00026,339.90213,0.00047,0.0466,1.84919,716.40555
"methane_baseline.xmodel","manual_1637345578273",end_to_end,2268,2268,44.09315,270.63892,15.3657,48.56455,0.00032,336.25693,0.00047,0.05741,1.97739,716.95484
"methane_baseline.xmodel","manual_1637345578273",end_to_end,2269,2269,19.36486,269.43183,16.31622,52.23797,0.00089,339.39317,0.00052,0.0506,1.84618,698.64224
"methane_baseline.xmodel","manual_1637345578273",end_to_end,2270,2270,81.08851,305.63204,16.13324,15.74403,0.00026,339.70826,0.00052,0.07359,1.81406,760.19451
"methane_baseline.xmodel","manual_1637345578273",end_to_end,2271,2271,23.47002,290.51003,14.73991,29.13306,0.00033,336.53891,0.00035,0.04715,1.73466,696.17442
"methane_baseline.xmodel","manual_1637345578273",end_to_end,2272,2272,31.19732,262.33784,14.47181,57.66212,0.0003,336.07198,0.00027,0.04568,1.76194,703.54926
"methane_baseline.xmodel","manual_1637345578273",end_to_end,2273,2273,17.62994,277.00486,16.77809,44.0336,0.00031,339.61446,0.00043,0.0447,1.7987,696.90509
"methane_baseline.xmodel","manual_1637345578273",end_to_end,2274,2274,96.52964,209.77546,13.82267,114.09166,0.00025,339.21171,0.00034,0.03966,1.78017,775.25156
"methane_baseline.xmodel","manual_1637345578273",end_to_end,2275,2275,8.86707,267.22725,15.07385,51.9815,0.00025,336.42023,0.0004,0.05841,1.76171,681.39067
"methane_baseline.xmodel","manual_1637345578273",end_to_end,2276,2276,115.95311,287.57552,15.43955,34.33504,0.00029,339.08225,0.00041,0.05046,1.76451,794.20114
"methane_baseline.xmodel","manual_1637345578273",end_to_end,2277,2277,53.78269,277.38941,15.71308,41.50939,0.00029,336.37141,0.00032,0.06834,1.75578,726.59071
"methane_baseline.xmodel","manual_1637345578273",end_to_end,2278,2278,43.34612,284.08562,15.02807,35.42425,0.00023,336.11905,0.00047,0.04597,1.86117,715.91095
"methane_baseline.xmodel","manual_1637345578273",end_to_end,2279,2279,36.16146,287.95221,15.16031,34.13999,0.00026,339.0565,0.00054,0.05449,1.81503,714.34079
"methane_baseline.xmodel","manual_1637345578273",end_to_end,2280,2280,37.25627,284.97091,14.43058,34.87461,0.0003,337.81894,0.00034,0.04147,1.95853,711.35195
"methane_baseline.xmodel","manual_1637345578273",end_to_end,2281,2281,35.96367,225.71485,16.25888,95.26842,0.00026,339.34915,0.00043,0.0381,1.80125,714.39501
"methane_baseline.xmodel","manual_1637345578273",end_to_end,2282,2282,48.24399,235.0131,13.96279,86.92138,0.00026,338.20842,0.00053,0.05362,1.96196,724.36605
"methane_baseline.xmodel","manual_1637345578273",end_to_end,2283,2283,85.67269,198.20157,13.76678,125.51551,0.00026,339.20619,0.00043,0.04731,1.74216,764.1529
"methane_baseline.xmodel","manual_1637345578273",end_to_end,2284,2284,88.95431,294.11019,14.5774,27.49047,0.0003,338.51782,0.00036,0.05179,1.94923,765.65187
"methane_baseline.xmodel","manual_1637345578273",end_to_end,2285,2285,127.36011,293.71403,15.86007,27.79746,0.00029,339.55647,0.00036,0.05294,1.75318,806.09491
"methane_baseline.xmodel","manual_1637345578273",end_to_end,2286,2286,29.51585,163.56937,15.78317,157.13528,0.00043,336.77975,0.00038,0.05388,1.96227,704.80038
"methane_baseline.xmodel","manual_1637345578273",end_to_end,2287,2287,29.59534,229.98555,15.70216,92.0718,0.00029,338.85125,0.00032,0.0412,1.74706,707.99497
"methane_baseline.xmodel","manual_1637345578273",end_to_end,2288,2288,159.11131,204.99253,14.60161,115.14535,0.00063,336.48032,0.00058,0.10485,2.11547,832.55265
"methane_baseline.xmodel","manual_1637345578273",end_to_end,2289,2289,93.88687,207.45616,14.11155,115.47248,0.00025,339.70525,0.00042,0.03975,1.80921,772.48194
"methane_baseline.xmodel","manual_1637345578273",end_to_end,2290,2290,171.53293,278.40415,16.05071,43.44807,0.00027,339.15816,0.00064,0.05345,1.85982,850.5082
"methane_baseline.xmodel","manual_1637345578273",end_to_end,2291,2291,62.94236,286.29891,14.9849,33.16838,0.00026,336.58251,0.00031,0.03431,1.77569,735.78763
"methane_baseline.xmodel","manual_1637345578273",end_to_end,2292,2292,35.38629,252.97859,14.08167,67.29473,0.00029,335.7263,0.00035,0.03534,1.76735,707.27091
"methane_baseline.xmodel","manual_1637345578273",end_to_end,2293,2293,45.28926,228.75284,14.88733,93.67213,0.0003,338.48513,0.00052,0.04053,1.79994,722.92798
"methane_baseline.xmodel","manual_1637345578273",end_to_end,2294,2294,69.1136,258.56088,14.21592,61.12552,0.00025,336.07806,0.00056,0.04231,1.76164,740.89874
"methane_baseline.xmodel","manual_1637345578273",end_to_end,2295,2295,95.58513,248.1589,14.98929,73.42384,0.00025,338.52186,0.00041,0.03359,1.77152,772.48479
"methane_baseline.xmodel","manual_1637345578273",end_to_end,2296,2296,62.9379,263.45376,14.47227,56.33812,0.00024,335.86567,0.00032,0.03509,1.80183,734.9052
"methane_baseline.xmodel","manual_1637345578273",end_to_end,2297,2297,75.25643,253.8791,15.51845,67.28036,0.00029,338.89228,0.00056,0.0434,1.81126,752.68213
"methane_baseline.xmodel","manual_1637345578273",end_to_end,2298,2298,123.72506,244.1088,15.07498,77.90074,0.00026,338.70196,0.00056,0.05602,1.75812,801.3265
"methane_baseline.xmodel","manual_1637345578273",end_to_end,2299,2299,3.48296,217.63692,14.582,101.84331,0.00024,335.40575,0.00029,0.03573,1.77692,674.76412
"methane_baseline.xmodel","manual_1637345578273",end_to_end,2300,2300,172.30594,221.43418,14.91737,100.50289,0.00029,339.0812,0.00047,0.03933,1.79766,850.07933
"methane_baseline.xmodel","manual_1637345578273",end_to_end,2301,2301,11.12671,194.70088,15.12149,123.74538,0.00031,335.50255,0.00031,0.04101,1.71719,681.95583
"methane_baseline.xmodel","manual_1637345578273",end_to_end,2302,2302,197.46289,238.20301,15.00251,84.07838,0.00027,338.41396,0.00053,0.0378,1.81712,875.01647
"methane_baseline.xmodel","manual_1637345578273",end_to_end,2303,2303,30.37794,176.70534,15.39783,141.58172,0.00026,335.25043,0.0005,0.04971,1.72378,701.08751
"methane_baseline.xmodel","manual_1637345578273",end_to_end,2304,2304,218.94026,249.56162,16.0167,70.9808,0.00029,338.67371,0.00033,0.04361,1.72604,895.94336
"methane_baseline.xmodel","manual_1637345578273",end_to_end,2305,2305,10.36734,220.32638,15.07604,98.05532,0.00035,335.39844,0.0003,0.03328,1.71199,680.96944
"methane_baseline.xmodel","manual_1637345578273",end_to_end,2306,2306,99.84463,144.15841,15.01466,174.43267,0.00024,335.30559,0.00043,0.0407,1.79477,770.5921
"methane_baseline.xmodel","manual_1637345578273",end_to_end,2307,2307,72.8519,218.29413,15.15543,103.34796,0.00026,338.75478,0.00041,0.03507,1.70998,750.14992
"methane_baseline.xmodel","manual_1637345578273",end_to_end,2308,2308,176.19099,134.80527,14.96627,183.77715,0.00031,335.43324,0.00055,0.05046,1.76052,846.98476
"methane_baseline.xmodel","manual_1637345578273",end_to_end,2309,2309,105.15873,203.80552,14.64794,118.47919,0.00025,338.36317,0.00042,0.05993,2.07156,782.58671
"methane_baseline.xmodel","manual_1637345578273",end_to_end,2310,2310,185.55666,204.27281,14.94795,114.36641,0.00028,335.48882,0.00033,0.0429,1.75755,856.43371
"methane_baseline.xmodel","manual_1637345578273",end_to_end,2311,2311,120.24694,239.97161,17.23212,79.40084,0.00027,338.61498,0.00042,0.04855,1.82962,797.34535
"methane_baseline.xmodel","manual_1637345578273",end_to_end,2312,2312,116.17977,293.61319,14.82767,25.24045,0.0003,335.73238,0.00044,0.05043,1.72046,787.36509
"methane_baseline.xmodel","manual_1637345578273",end_to_end,2313,2313,81.52943,299.93091,14.25043,22.31416,0.00026,338.40553,0.00055,0.04118,1.74425,758.2167
"methane_baseline.xmodel","manual_1637345578273",end_to_end,2314,2314,27.0511,274.93215,16.35314,42.62676,0.00026,335.63802,0.00043,0.03352,1.7005,698.33588
"methane_baseline.xmodel","manual_1637345578273",end_to_end,2315,2315,24.20921,249.72881,14.76163,72.01163,0.00027,338.55506,0.00053,0.03656,1.88885,701.19255
"methane_baseline.xmodel","manual_1637345578273",end_to_end,2316,2316,44.47666,208.50261,14.68374,110.59477,0.0003,335.54186,0.00042,0.03595,1.72384,715.56015
"methane_baseline.xmodel","manual_1637345578273",end_to_end,2317,2317,73.81721,188.96761,14.54088,133.23912,0.00029,338.65296,0.00046,0.04383,1.8473,751.10966
"methane_baseline.xmodel","manual_1637345578273",end_to_end,2318,2318,112.34579,184.32271,14.02103,135.44582,0.00024,336.93151,0.00041,0.04612,1.83471,784.94834
"methane_baseline.xmodel","manual_1637345578273",end_to_end,2319,2319,135.17933,183.60852,15.18624,137.9195,0.00029,338.95363,0.00042,0.03794,1.82572,812.71159
"methane_baseline.xmodel","manual_1637345578273",end_to_end,2320,2320,137.22744,244.76058,14.43707,75.95076,0.0003,337.82772,0.00043,0.03208,1.77005,812.00643
"methane_baseline.xmodel","manual_1637345578273",end_to_end,2321,2321,139.8315,192.72581,14.52811,129.78818,0.00059,339.56483,0.00046,0.03484,1.76074,818.23506
"methane_baseline.xmodel","manual_1637345578273",end_to_end,2322,2322,77.84426,231.41278,14.43039,90.08787,0.00025,335.97452,0.0007,0.03596,1.76855,751.55528
"methane_baseline.xmodel","manual_1637345578273",end_to_end,2323,2323,131.681,247.12741,15.23902,75.30665,0.00027,339.32445,0.00213,0.04243,1.96515,810.68851
"methane_baseline.xmodel","manual_1637345578273",end_to_end,2324,2324,91.90132,180.57731,13.90976,139.6727,0.00029,335.7616,0.00038,0.07399,1.71241,763.60976
"methane_baseline.xmodel","manual_1637345578273",end_to_end,2325,2325,77.14567,201.73738,15.07199,120.68578,0.00029,339.46122,0.00037,0.05162,1.9797,756.13402
"methane_baseline.xmodel","manual_1637345578273",end_to_end,2326,2326,248.97058,252.48015,14.35111,70.62475,0.00025,339.26218,0.00058,0.03356,1.96477,927.68793
"methane_baseline.xmodel","manual_1637345578273",end_to_end,2327,2327,15.22773,243.21735,14.281,76.44017,0.00024,335.62101,0.0003,0.0477,1.77364,686.60914
"methane_baseline.xmodel","manual_1637345578273",end_to_end,2328,2328,78.2362,260.46056,14.45959,58.90921,0.00029,335.56249,0.00033,0.05417,1.83472,749.51756
"methane_baseline.xmodel","manual_1637345578273",end_to_end,2329,2329,72.67443,229.77004,15.48975,91.9468,0.00029,339.14786,0.00034,0.04764,1.90584,750.98299
"methane_baseline.xmodel","manual_1637345578273",end_to_end,2330,2330,60.71424,187.03868,13.83268,132.88422,0.00026,335.68579,0.002,0.05557,1.77298,731.98642
"methane_baseline.xmodel","manual_1637345578273",end_to_end,2331,2331,93.98896,212.24276,14.73207,110.14256,0.00054,339.31001,0.00045,0.03759,1.83403,772.28897
"methane_baseline.xmodel","manual_1637345578273",end_to_end,2332,2332,134.79819,200.00882,14.14584,119.62561,0.00029,335.55693,0.00048,0.0341,1.76742,805.93768
"methane_baseline.xmodel","manual_1637345578273",end_to_end,2333,2333,112.17153,203.0054,15.07444,119.20745,0.00029,339.38091,0.00034,0.04374,2.34549,791.22959
"methane_baseline.xmodel","manual_1637345578273",end_to_end,2334,2334,121.45146,214.76424,14.23663,104.72287,0.00026,335.40736,0.00034,0.03878,1.75771,792.37965
"methane_baseline.xmodel","manual_1637345578273",end_to_end,2335,2335,121.10102,146.86056,16.8442,173.79224,0.00059,339.88433,0.00045,0.04886,2.03975,800.572
"methane_baseline.xmodel","manual_1637345578273",end_to_end,2336,2336,106.52924,211.99859,13.78836,107.80943,0.0003,335.82349,0.00037,0.04011,1.81065,777.80054
"methane_baseline.xmodel","manual_1637345578273",end_to_end,2337,2337,176.19763,177.33291,15.90592,144.23983,0.00029,339.25112,0.00055,0.05391,2.13399,855.11615
"methane_baseline.xmodel","manual_1637345578273",end_to_end,2338,2338,240.0804,182.52289,15.24385,139.36822,0.00057,339.1832,0.00027,0.06605,2.10436,918.56981
"methane_baseline.xmodel","manual_1637345578273",end_to_end,2339,2339,15.90228,209.89899,13.75907,110.3613,0.00058,335.42839,0.00044,0.04509,1.74111,687.13725
"methane_baseline.xmodel","manual_1637345578273",end_to_end,2340,2340,112.23703,219.60355,14.31226,99.63199,0.0003,335.49952,0.00035,0.03823,1.68011,783.00334
"methane_baseline.xmodel","manual_1637345578273",end_to_end,2341,2341,141.55916,163.17353,14.58347,159.2077,0.00029,339.19614,0.00043,0.05568,2.09595,819.87235
"methane_baseline.xmodel","manual_1637345578273",end_to_end,2342,2342,239.14217,157.12832,14.49502,165.39947,0.00026,339.30097,0.00041,0.04815,2.03249,917.54726
"methane_baseline.xmodel","manual_1637345578273",end_to_end,2343,2343,23.65723,150.60278,16.08204,167.01253,0.00046,335.63,0.00033,0.03883,1.7702,694.7944
"methane_baseline.xmodel","manual_1637345578273",end_to_end,2344,2344,310.29208,198.35842,15.61513,123.09047,0.00031,339.17825,0.00039,0.04167,2.03959,988.61631
"methane_baseline.xmodel","manual_1637345578273",end_to_end,2345,2345,26.08296,230.64461,14.01075,89.23844,0.00033,335.69925,0.00029,0.04779,1.69922,697.42364
"methane_baseline.xmodel","manual_1637345578273",end_to_end,2346,2346,91.08001,118.45482,16.50482,198.90836,0.00026,335.40184,0.0003,0.04453,1.73763,762.13257
"methane_baseline.xmodel","manual_1637345578273",end_to_end,2347,2347,125.20239,177.94889,16.1378,142.99139,0.00027,339.53451,0.00053,0.04744,2.15978,804.023
"methane_baseline.xmodel","manual_1637345578273",end_to_end,2348,2348,200.64522,120.53898,16.45675,196.64553,0.00031,337.13879,0.00046,0.04078,1.72408,873.1909
"methane_baseline.xmodel","manual_1637345578273",end_to_end,2349,2349,484.76057,203.37262,15.03353,119.16941,0.00039,341.18185,0.00029,0.03936,1.73561,1165.29363
"methane_baseline.xmodel","manual_1637345578273",end_to_end,2350,2350,11.50884,160.7275,14.94705,161.7661,0.00038,339.77782,0.00048,0.05548,2.14177,690.92542
"methane_baseline.xmodel","manual_1637345578273",end_to_end,2351,2351,11.21487,220.20759,14.05671,101.08978,0.00025,335.82975,0.00049,0.03326,1.99809,684.43079
"methane_baseline.xmodel","manual_1637345578273",end_to_end,2352,2352,102.87413,205.71287,13.87359,114.4531,0.0003,336.12734,0.00039,0.0373,1.72252,774.80154
"methane_baseline.xmodel","manual_1637345578273",end_to_end,2353,2353,121.36801,162.78851,15.33702,160.85354,0.00029,339.35915,0.00055,0.0445,1.80396,801.55553
"methane_baseline.xmodel","manual_1637345578273",end_to_end,2354,2354,452.37476,203.23705,14.38119,116.86076,0.00042,336.11127,0.00043,0.04558,1.70644,1124.7179
"methane_baseline.xmodel","manual_1637345578273",end_to_end,2355,2355,2.59143,120.83366,15.78556,197.43016,0.00026,336.24329,0.00034,0.04602,1.71511,674.64583
"methane_baseline.xmodel","manual_1637345578273",end_to_end,2356,2356,23.4007,191.52361,15.09194,130.95281,0.00041,339.14177,0.0005,0.03992,1.84778,701.99944
"methane_baseline.xmodel","manual_1637345578273",end_to_end,2357,2357,132.81968,165.50984,15.74393,156.02425,0.0003,339.21935,0.00033,0.06233,1.88415,811.26416
"methane_baseline.xmodel","manual_1637345578273",end_to_end,2358,2358,118.639,138.79229,16.09724,179.44714,0.00024,336.18683,0.00046,0.04339,1.71897,790.92556
"methane_baseline.xmodel","manual_1637345578273",end_to_end,2359,2359,327.40545,166.32188,16.01047,152.10967,0.00057,336.51252,0.00035,0.04136,1.78593,1000.1882
"methane_baseline.xmodel","manual_1637345578273",end_to_end,2360,2360,11.64251,198.77824,14.27876,124.28173,0.0003,339.20731,0.00028,0.03207,1.82226,690.04346
"methane_baseline.xmodel","manual_1637345578273",end_to_end,2361,2361,126.21648,195.10287,14.05145,128.09575,0.00031,339.32424,0.00048,0.0467,1.85033,804.68861
"methane_baseline.xmodel","manual_1637345578273",end_to_end,2362,2362,153.87804,141.39427,16.27449,177.07651,0.00025,336.52782,0.00047,0.05322,1.77556,826.98063
"methane_baseline.xmodel","manual_1637345578273",end_to_end,2363,2363,293.89664,170.25226,15.75913,148.67522,0.0003,337.67852,0.00074,0.03544,1.90979,968.20804
"methane_baseline.xmodel","manual_1637345578273",end_to_end,2364,2364,14.98403,190.63267,14.12693,132.6979,0.00025,339.45165,0.00046,0.03512,2.00443,693.93344
"methane_baseline.xmodel","manual_1637345578273",end_to_end,2365,2365,134.5958,195.87736,14.01885,127.64477,0.00029,340.34512,0.00038,0.08625,2.17307,814.74189
"methane_baseline.xmodel","manual_1637345578273",end_to_end,2366,2366,150.49665,194.60096,15.07267,126.18015,0.00024,336.61287,0.0003,0.04272,1.77836,824.78492
"methane_baseline.xmodel","manual_1637345578273",end_to_end,2367,2367,129.83302,186.47316,14.11063,137.59957,0.00043,340.60005,0.00031,0.03797,1.80811,810.46325
"methane_baseline.xmodel","manual_1637345578273",end_to_end,2368,2368,128.17234,186.0715,15.06198,133.49103,0.00038,336.01057,0.00048,0.04765,1.78203,800.63796
"methane_baseline.xmodel","manual_1637345578273",end_to_end,2369,2369,139.85743,188.66931,13.63298,136.0313,0.0003,338.91094,0.00036,0.06741,1.87919,819.04922
"methane_baseline.xmodel","manual_1637345578273",end_to_end,2370,2370,135.32852,132.98185,15.58432,185.61645,0.00025,336.05674,0.00044,0.05291,1.79997,807.42145
"methane_baseline.xmodel","manual_1637345578273",end_to_end,2371,2371,137.89959,186.02151,13.68541,137.34936,0.00028,338.58372,0.00047,0.03997,1.85252,815.43283
"methane_baseline.xmodel","manual_1637345578273",end_to_end,2372,2372,187.44099,187.65513,15.33894,131.22896,0.00029,336.326,0.0003,0.04638,1.84241,859.8794
"methane_baseline.xmodel","manual_1637345578273",end_to_end,2373,2373,139.3234,137.07679,16.17048,183.36024,0.0003,338.65036,0.00048,0.05078,1.86475,816.49758
"methane_baseline.xmodel","manual_1637345578273",end_to_end,2374,2374,133.10636,148.67921,15.00724,170.7497,0.00026,336.47483,0.00037,0.04443,1.82878,805.89118
"methane_baseline.xmodel","manual_1637345578273",end_to_end,2375,2375,331.20904,199.6436,15.47866,119.44689,0.00029,336.34812,0.00046,0.04946,1.83881,1004.01533
"methane_baseline.xmodel","manual_1637345578273",end_to_end,2376,2376,26.71499,178.19097,14.66434,143.89816,0.00026,338.70933,0.00035,0.03292,1.80196,704.01328
"methane_baseline.xmodel","manual_1637345578273",end_to_end,2377,2377,145.82676,188.3681,13.63498,134.77289,0.00029,338.30683,0.00038,0.03532,1.86231,822.80786
"methane_baseline.xmodel","manual_1637345578273",end_to_end,2378,2378,121.35538,159.19723,14.30891,160.94524,0.00025,336.56552,0.00047,0.05151,1.86516,794.28967
"methane_baseline.xmodel","manual_1637345578273",end_to_end,2379,2379,278.12139,162.19725,14.42217,158.00325,0.00044,336.27241,0.00049,0.0545,1.88769,950.95959
"methane_baseline.xmodel","manual_1637345578273",end_to_end,2380,2380,21.40437,148.03336,16.33731,172.07485,0.00026,338.88473,0.00035,0.0403,1.85443,698.62996
"methane_baseline.xmodel","manual_1637345578273",end_to_end,2381,2381,313.67115,140.92366,17.88572,175.53985,0.00025,336.38981,0.00046,0.0467,1.92652,986.38412
"methane_baseline.xmodel","manual_1637345578273",end_to_end,2382,2382,20.24451,131.35567,16.51785,189.09532,0.0003,338.67171,0.00052,0.04319,1.86297,697.79204
"methane_baseline.xmodel","manual_1637345578273",end_to_end,2383,2383,190.99731,155.62966,14.81038,166.32093,0.00026,339.14026,0.00058,0.05203,1.92623,868.87764
"methane_baseline.xmodel","manual_1637345578273",end_to_end,2384,2384,177.50598,213.25689,15.48707,105.68259,0.00029,336.82779,0.00039,0.0431,1.77894,850.58304
"methane_baseline.xmodel","manual_1637345578273",end_to_end,2385,2385,168.26428,267.00108,18.17158,52.025,0.00024,339.20995,0.00038,0.04432,1.93723,846.65406
"methane_baseline.xmodel","manual_1637345578273",end_to_end,2386,2386,107.66467,244.36708,13.8615,76.60358,0.00026,337.3675,0.00043,0.05865,1.80259,781.72626
"methane_baseline.xmodel","manual_1637345578273",end_to_end,2387,2387,54.00834,233.91938,14.34144,88.9545,0.00028,338.80246,0.00032,0.04223,1.93496,732.00391
"methane_baseline.xmodel","manual_1637345578273",end_to_end,2388,2388,78.43665,238.04906,13.78775,83.70127,0.00031,336.20919,0.00031,0.05238,2.18649,752.42341
"methane_baseline.xmodel","manual_1637345578273",end_to_end,2389,2389,90.93855,190.38935,13.67025,132.75318,0.00031,339.3134,0.00069,0.08402,1.94637,769.09612
"methane_baseline.xmodel","manual_1637345578273",end_to_end,2390,2390,85.58356,167.59832,15.50663,151.2246,0.00024,336.67379,0.00032,0.05255,1.89285,758.53286
"methane_baseline.xmodel","manual_1637345578273",end_to_end,2391,2391,134.74312,224.31767,14.41132,98.60404,0.00025,339.91372,0.00048,0.04636,1.79457,813.83153
"methane_baseline.xmodel","manual_1637345578273",end_to_end,2392,2392,153.49357,209.34583,14.87023,110.18958,0.00031,336.26505,0.00046,0.04582,1.84418,826.05503
"methane_baseline.xmodel","manual_1637345578273",end_to_end,2393,2393,100.63474,145.1683,15.52914,177.19273,0.00029,339.01012,0.00044,0.03391,1.79518,779.36485
"methane_baseline.xmodel","manual_1637345578273",end_to_end,2394,2394,112.14547,204.70625,14.92102,114.68334,0.00025,336.29151,0.00035,0.0506,1.87844,784.67723
"methane_baseline.xmodel","manual_1637345578273",end_to_end,2395,2395,179.0725,246.58158,15.42599,75.12452,0.00028,339.18487,0.0003,0.03956,1.81726,857.24686
"methane_baseline.xmodel","manual_1637345578273",end_to_end,2396,2396,116.58685,228.06394,15.02398,91.30189,0.00031,336.32096,0.0005,0.0478,1.84306,789.18929
"methane_baseline.xmodel","manual_1637345578273",end_to_end,2397,2397,76.96518,178.67768,14.4706,144.18734,0.00283,338.82553,0.00043,0.0618,1.87173,755.06312
"methane_baseline.xmodel","manual_1637345578273",end_to_end,2398,2398,93.2705,194.03657,15.10915,125.21393,0.00025,336.21898,0.00032,0.04554,1.8842,765.77944
"methane_baseline.xmodel","manual_1637345578273",end_to_end,2399,2399,146.05218,194.71308,13.69291,128.56837,0.00026,338.75297,0.00034,0.03363,1.76175,823.57549
"methane_baseline.xmodel","manual_1637345578273",end_to_end,2400,2400,127.10742,215.16905,16.17638,102.97635,0.0003,336.15027,0.00051,0.05159,1.83038,799.46225
"methane_baseline.xmodel","manual_1637345578273",end_to_end,2401,2401,130.49594,136.20131,14.72944,185.89248,0.00025,338.29571,0.00042,0.04844,1.8098,807.47379
"methane_baseline.xmodel","manual_1637345578273",end_to_end,2402,2402,104.9183,200.40375,15.11985,118.69362,0.00026,335.48203,0.00028,0.04663,1.63766,776.30238
"methane_baseline.xmodel","manual_1637345578273",end_to_end,2403,2403,187.69806,489.28882,12.67056,0.04549,0.00026,338.95951,0.00029,0.038,1.93377,1030.63476
"methane_baseline.xmodel","manual_1637345578273",end_to_end,2404,2404,120.57236,402.69629,13.5195,0.04632,0.00032,336.02991,0.00048,0.05378,1.76794,874.6869
"methane_baseline.xmodel","manual_1637345578273",end_to_end,2405,2405,0.0014,240.02955,13.69224,85.26178,0.00026,339.66517,0.00034,0.04971,2.13066,680.83111
"methane_baseline.xmodel","manual_1637345578273",end_to_end,2406,2406,0.00097,230.47641,14.04753,91.54815,0.0003,336.27209,0.00045,0.04854,1.78647,674.18091
"methane_baseline.xmodel","manual_1637345578273",end_to_end,2407,2407,87.23687,290.89678,16.48038,30.30178,0.00027,340.7416,0.00055,0.03687,1.8826,767.5777
"methane_baseline.xmodel","manual_1637345578273",end_to_end,2408,2408,93.39105,294.49234,15.94571,23.98565,0.00105,336.26207,0.00038,0.04406,1.67407,765.79638
"methane_baseline.xmodel","manual_1637345578273",end_to_end,2409,2409,51.11001,335.09693,13.98407,0.04879,0.00028,339.37146,0.0005,0.0231,1.67722,741.31236
"methane_baseline.xmodel","manual_1637345578273",end_to_end,2410,2410,7.19997,351.31441,12.95646,0.06744,0.00029,340.50554,0.00048,0.03403,1.72998,713.8086
"methane_baseline.xmodel","manual_1637345578273",end_to_end,2411,2411,0.00124,296.18899,14.65749,29.69776,0.00026,344.22039,0.00052,0.42217,1.82107,687.00989
"methane_baseline.xmodel","manual_1637345578273",end_to_end,2412,2412,0.00143,309.64916,15.96034,12.63787,0.00029,340.59278,0.00054,0.04218,1.70205,680.58664
"methane_baseline.xmodel","manual_1637345578273",end_to_end,2413,2413,31.46663,247.81721,13.68985,80.92396,0.00029,340.64522,0.00033,0.0293,1.96959,716.54238
"methane_baseline.xmodel","manual_1637345578273",end_to_end,2414,2414,14.35022,280.42615,18.06445,40.3812,0.00025,337.06581,0.00037,0.04033,1.87333,692.20211
"methane_baseline.xmodel","manual_1637345578273",end_to_end,2415,2415,81.35212,273.49354,16.74413,45.04433,0.00031,336.89388,0.00028,0.05543,1.8642,755.44822
"methane_baseline.xmodel","manual_1637345578273",end_to_end,2416,2416,43.97533,232.51983,15.01439,90.85792,0.00026,340.34406,0.00043,0.05234,1.96056,724.72512
"methane_baseline.xmodel","manual_1637345578273",end_to_end,2417,2417,87.8871,294.6791,14.95615,25.31682,0.00025,337.01442,0.00039,0.03864,1.87442,761.76729
"methane_baseline.xmodel","manual_1637345578273",end_to_end,2418,2418,52.01599,310.19414,16.39653,11.70646,0.00028,340.64498,0.00038,0.04283,1.86365,732.86524
"methane_baseline.xmodel","manual_1637345578273",end_to_end,2419,2419,35.70304,253.8075,14.16749,70.64674,0.00025,340.31793,0.00044,0.04449,1.88831,716.57619
"methane_baseline.xmodel","manual_1637345578273",end_to_end,2420,2420,5.25174,206.56176,14.20526,114.32421,0.00027,336.64795,0.00027,0.04525,1.82,678.85671
"methane_baseline.xmodel","manual_1637345578273",end_to_end,2421,2421,128.25107,252.7803,14.48783,71.12559,0.00026,340.58022,0.00113,0.05805,1.90429,809.18874
"methane_baseline.xmodel","manual_1637345578273",end_to_end,2422,2422,60.57751,296.75468,15.02168,22.94495,0.00024,336.45183,0.00034,0.05103,1.95766,733.75992
"methane_baseline.xmodel","manual_1637345578273",end_to_end,2423,2423,57.28348,209.25837,14.01549,111.30942,0.0003,337.04679,0.00031,0.0458,1.82735,730.78731
"methane_baseline.xmodel","manual_1637345578273",end_to_end,2424,2424,40.5847,232.98175,13.65511,91.9738,0.00028,340.39895,0.00032,0.09677,1.9626,721.65428
"methane_baseline.xmodel","manual_1637345578273",end_to_end,2425,2425,133.07609,270.20676,16.17975,52.05542,0.0003,340.22629,0.00036,0.04192,1.88133,813.66822
"methane_baseline.xmodel","manual_1637345578273",end_to_end,2426,2426,74.20707,219.05396,14.68327,101.28484,0.00025,336.26935,0.00043,0.05071,1.80171,747.35159
"methane_baseline.xmodel","manual_1637345578273",end_to_end,2427,2427,103.17445,287.1303,14.99549,32.24939,0.0003,335.95123,0.00044,0.03854,1.72374,775.26388
"methane_baseline.xmodel","manual_1637345578273",end_to_end,2428,2428,54.13084,294.0074,18.36035,25.7817,0.00066,339.89149,0.00033,0.03584,1.81984,734.02845
"methane_baseline.xmodel","manual_1637345578273",end_to_end,2429,2429,61.28401,270.08356,16.36251,51.52168,0.00026,339.21603,0.00045,0.05257,1.76856,740.28963
"methane_baseline.xmodel","manual_1637345578273",end_to_end,2430,2430,0.49456,251.54888,14.3407,68.22422,0.00025,336.29113,0.00036,0.04391,1.83522,672.77923
"methane_baseline.xmodel","manual_1637345578273",end_to_end,2431,2431,101.15954,259.51081,14.63848,63.19506,0.00026,339.50538,0.00045,0.04806,1.7573,779.81534
"methane_baseline.xmodel","manual_1637345578273",end_to_end,2432,2432,22.2293,246.3411,13.89422,74.28758,0.00029,336.24985,0.00033,0.04324,1.84542,694.89133
"methane_baseline.xmodel","manual_1637345578273",end_to_end,2433,2433,76.1632,230.63154,13.98069,89.75281,0.00025,336.25967,0.00029,0.04123,1.8138,748.64348
"methane_baseline.xmodel","manual_1637345578273",end_to_end,2434,2434,65.00292,282.74516,16.48954,38.45586,0.0003,339.29431,0.00049,0.03794,1.76942,743.79594
"methane_baseline.xmodel","manual_1637345578273",end_to_end,2435,2435,91.64532,182.45223,14.59135,137.31635,0.00031,336.03157,0.00032,0.04142,1.74366,763.82253
"methane_baseline.xmodel","manual_1637345578273",end_to_end,2436,2436,40.26204,248.25188,14.30831,74.92663,0.00027,339.31355,0.00049,0.04277,1.78725,718.89319
"methane_baseline.xmodel","manual_1637345578273",end_to_end,2437,2437,139.16756,197.86592,14.30643,122.00232,0.00025,336.27996,0.00037,0.03915,1.83326,811.49522
"methane_baseline.xmodel","manual_1637345578273",end_to_end,2438,2438,76.75031,217.04102,14.11401,106.35082,0.0003,339.1022,0.00042,0.042,1.82077,755.22185
"methane_baseline.xmodel","manual_1637345578273",end_to_end,2439,2439,123.79846,195.72141,14.50928,124.24901,0.0003,336.29683,0.00034,0.04274,2.01236,796.63073
"methane_baseline.xmodel","manual_1637345578273",end_to_end,2440,2440,108.16436,208.31395,13.84451,115.13011,0.00025,338.94121,0.0004,0.05215,1.73551,786.18245
"methane_baseline.xmodel","manual_1637345578273",end_to_end,2441,2441,126.1334,277.41326,16.30231,40.68919,0.00026,338.13907,0.00049,0.08689,1.96141,800.72628
"methane_baseline.xmodel","manual_1637345578273",end_to_end,2442,2442,116.99945,223.96737,16.55295,96.54824,0.00027,339.48339,0.00047,0.042,1.75232,795.34646
"methane_baseline.xmodel","manual_1637345578273",end_to_end,2443,2443,98.32243,288.87755,15.35771,33.46102,0.00026,339.20848,0.00055,0.03452,1.73732,776.99984
"methane_baseline.xmodel","manual_1637345578273",end_to_end,2444,2444,42.79076,285.73714,15.04971,35.26242,0.00025,338.26222,0.00034,0.03781,1.93999,719.08064
"methane_baseline.xmodel","manual_1637345578273",end_to_end,2445,2445,37.3031,284.11762,14.77875,37.31643,0.00027,338.74581,0.00034,0.05,1.81294,714.12526
"methane_baseline.xmodel","manual_1637345578273",end_to_end,2446,2446,35.24024,255.59232,15.13857,66.68043,0.00028,339.61304,0.00037,0.03734,1.77174,714.07433
"methane_baseline.xmodel","manual_1637345578273",end_to_end,2447,2447,39.30958,232.58315,14.30665,89.86387,0.00029,337.25467,0.00041,0.04912,2.06463,715.43237
"methane_baseline.xmodel","manual_1637345578273",end_to_end,2448,2448,68.4637,259.23833,15.47428,63.1073,0.00027,338.88419,0.00031,0.05003,1.78383,747.00224
"methane_baseline.xmodel","manual_1637345578273",end_to_end,2449,2449,91.72903,293.33711,14.64085,27.4099,0.00065,336.65255,0.00033,0.04007,1.85575,765.66624
"methane_baseline.xmodel","manual_1637345578273",end_to_end,2450,2450,64.93433,287.70637,15.99782,33.35473,0.00029,339.314,0.00048,0.04153,1.75034,743.09989
"methane_baseline.xmodel","manual_1637345578273",end_to_end,2451,2451,29.55196,154.89277,14.63253,164.96641,0.00028,336.08476,0.00042,0.04059,1.72594,701.89566
"methane_baseline.xmodel","manual_1637345578273",end_to_end,2452,2452,35.20637,222.70732,15.84929,98.90096,0.00029,339.66759,0.00035,0.05921,1.75755,714.14893
"methane_baseline.xmodel","manual_1637345578273",end_to_end,2453,2453,166.8872,228.66715,15.11725,90.37899,0.00026,335.78185,0.0005,0.03494,1.7345,838.60264
"methane_baseline.xmodel","manual_1637345578273",end_to_end,2454,2454,100.69462,231.27394,14.71947,91.88471,0.00029,338.83147,0.0005,0.04585,1.79856,779.24941
"methane_baseline.xmodel","manual_1637345578273",end_to_end,2455,2455,92.15351,168.62111,15.53711,149.85308,0.00025,336.30456,0.00036,0.07323,1.75598,764.29919
"methane_baseline.xmodel","manual_1637345578273",end_to_end,2456,2456,93.71407,202.89505,14.01516,120.08355,0.00027,338.5282,0.00032,0.04524,1.87546,771.15732
"methane_baseline.xmodel","manual_1637345578273",end_to_end,2457,2457,214.85051,271.04094,17.59312,48.0263,0.00032,338.48059,0.00033,0.04019,1.8021,891.8344
"methane_baseline.xmodel","manual_1637345578273",end_to_end,2458,2458,58.73862,294.84577,14.70227,24.98319,0.00024,336.31721,0.00033,0.04374,1.7754,731.40677
"methane_baseline.xmodel","manual_1637345578273",end_to_end,2459,2459,26.82356,218.27521,14.39095,101.80664,0.00028,335.99741,0.00044,0.04498,1.75905,699.09852
"methane_baseline.xmodel","manual_1637345578273",end_to_end,2460,2460,49.9323,247.53906,15.24937,73.77305,0.00027,338.76372,0.00032,0.03752,1.789,727.08461
"methane_baseline.xmodel","manual_1637345578273",end_to_end,2461,2461,103.63442,278.59012,16.02299,39.56561,0.00038,335.59257,0.0004,0.03464,1.79336,775.23449
"methane_baseline.xmodel","manual_1637345578273",end_to_end,2462,2462,75.61044,286.62802,15.2473,35.01286,0.0003,338.42083,0.00045,0.03762,1.99588,752.9537
"methane_baseline.xmodel","manual_1637345578273",end_to_end,2463,2463,41.38401,245.46506,14.83295,73.47997,0.00031,335.44462,0.00054,0.03446,1.70442,712.34634
"methane_baseline.xmodel","manual_1637345578273",end_to_end,2464,2464,36.86007,214.95342,14.41599,107.21068,0.00025,338.86025,0.00047,0.03748,1.7489,714.08751
"methane_baseline.xmodel","manual_1637345578273",end_to_end,2465,2465,75.31794,293.33188,15.32251,24.9394,0.00033,335.27369,0.00086,0.03288,1.73989,745.95938
"methane_baseline.xmodel","manual_1637345578273",end_to_end,2466,2466,109.23412,232.45634,14.87287,89.48731,0.0003,338.58268,0.00045,0.0419,1.79324,786.46921
"methane_baseline.xmodel","manual_1637345578273",end_to_end,2467,2467,26.69032,210.71418,14.13342,108.66689,0.0003,335.34138,0.00028,0.0553,1.70867,697.31074
"methane_baseline.xmodel","manual_1637345578273",end_to_end,2468,2468,91.27073,193.49381,15.28453,128.01897,0.00026,338.73964,0.00043,0.04266,1.77236,768.62339
"methane_baseline.xmodel","manual_1637345578273",end_to_end,2469,2469,190.31724,222.22772,15.18009,99.48388,0.00066,338.57988,0.00045,0.04687,1.74972,867.58651
"methane_baseline.xmodel","manual_1637345578273",end_to_end,2470,2470,49.99345,156.62827,13.91621,163.01376,0.00033,335.16776,0.00033,0.03624,1.79834,720.55469
"methane_baseline.xmodel","manual_1637345578273",end_to_end,2471,2471,248.03471,182.4073,15.09993,139.25966,0.00028,338.49175,0.00037,0.04056,1.72225,925.05681
"methane_baseline.xmodel","manual_1637345578273",end_to_end,2472,2472,18.01754,211.07779,14.22558,108.11149,0.00031,335.40885,0.00034,0.03517,1.75275,688.62982
"methane_baseline.xmodel","manual_1637345578273",end_to_end,2473,2473,109.95408,218.88655,14.97949,99.68907,0.00026,335.58545,0.00034,0.0333,1.7269,780.85544
"methane_baseline.xmodel","manual_1637345578273",end_to_end,2474,2474,141.07355,186.25978,15.47705,134.93322,0.00034,338.33547,0.00045,0.04457,1.82415,817.94858
"methane_baseline.xmodel","manual_1637345578273",end_to_end,2475,2475,101.47,237.44712,14.26002,82.08432,0.00032,335.66805,0.00034,0.03694,1.7021,772.66921
"methane_baseline.xmodel","manual_1637345578273",end_to_end,2476,2476,136.72834,220.83291,15.5046,100.20474,0.00026,338.24035,0.00039,0.04128,1.76983,813.3227
"methane_baseline.xmodel","manual_1637345578273",end_to_end,2477,2477,83.87732,241.46098,14.16382,78.24987,0.00025,335.6141,0.00034,0.0376,1.6705,755.07478
"methane_baseline.xmodel","manual_1637345578273",end_to_end,2478,2478,102.07992,249.01093,14.93839,72.4185,0.0003,338.28864,0.00039,0.04364,1.96228,778.74299
"methane_baseline.xmodel","manual_1637345578273",end_to_end,2479,2479,80.00147,185.86863,14.03176,133.96277,0.00029,335.75257,0.00035,0.03759,1.78219,751.43762
"methane_baseline.xmodel","manual_1637345578273",end_to_end,2480,2480,74.22557,193.16243,14.60389,128.70217,0.00027,338.61665,0.00044,0.03401,1.804,751.14943
"methane_baseline.xmodel","manual_1637345578273",end_to_end,2481,2481,233.66984,202.7525,14.65932,119.19762,0.00031,339.04696,0.0004,0.0433,1.79774,911.16799
"methane_baseline.xmodel","manual_1637345578273",end_to_end,2482,2482,32.70316,144.44557,15.00172,174.57617,0.00025,337.24638,0.00036,0.03898,1.80606,705.81865
"methane_baseline.xmodel","manual_1637345578273",end_to_end,2483,2483,276.99367,241.97662,15.03776,80.18476,0.0003,339.62363,0.00066,0.03884,1.97811,955.83435
"methane_baseline.xmodel","manual_1637345578273",end_to_end,2484,2484,20.43334,207.64391,14.11691,113.66862,0.00058,337.24872,0.00037,0.03672,1.77081,694.91998
"methane_baseline.xmodel","manual_1637345578273",end_to_end,2485,2485,115.50885,133.10776,15.55473,186.73965,0.00025,335.53444,0.00032,0.0357,2.15625,788.63795
"methane_baseline.xmodel","manual_1637345578273",end_to_end,2486,2486,82.0399,175.05372,16.6768,146.04576,0.00025,339.52019,0.0004,0.0384,1.94577,761.32119
"methane_baseline.xmodel","manual_1637345578273",end_to_end,2487,2487,188.56704,214.47097,14.41927,104.8095,0.0003,335.78575,0.00031,0.04614,1.7549,859.85418
"methane_baseline.xmodel","manual_1637345578273",end_to_end,2488,2488,148.10629,174.01738,16.75451,146.68488,0.00026,339.33953,0.00047,0.0469,1.98835,826.93857
"methane_baseline.xmodel","manual_1637345578273",end_to_end,2489,2489,215.54758,240.61815,14.86469,81.87114,0.00031,339.06011,0.00042,0.05212,1.98399,893.99851
"methane_baseline.xmodel","manual_1637345578273",end_to_end,2490,2490,40.13129,255.29646,14.50927,63.78053,0.00027,335.60193,0.00053,0.05212,1.77945,711.15185
"methane_baseline.xmodel","manual_1637345578273",end_to_end,2491,2491,65.58472,235.83977,14.48679,83.47244,0.0003,335.08627,0.00029,0.04815,1.68389,736.20262
"methane_baseline.xmodel","manual_1637345578273",end_to_end,2492,2492,83.89934,210.75397,14.73085,111.55181,0.00027,339.26198,0.00034,0.04408,1.93005,762.17269
"methane_baseline.xmodel","manual_1637345578273",end_to_end,2493,2493,85.31173,246.2463,14.19947,72.80494,0.00073,335.75518,0.00058,0.037,1.72225,756.07818
"methane_baseline.xmodel","manual_1637345578273",end_to_end,2494,2494,113.60675,238.24436,14.52007,84.45046,0.0003,339.27343,0.00044,0.04782,1.97879,792.12242
"methane_baseline.xmodel","manual_1637345578273",end_to_end,2495,2495,74.54716,220.96185,14.60867,98.43761,0.00029,335.98015,0.00039,0.04341,1.77989,746.35942
"methane_baseline.xmodel","manual_1637345578273",end_to_end,2496,2496,86.56371,183.59016,14.97539,138.60937,0.00028,339.21295,0.0004,0.0387,2.35683,765.34779
"methane_baseline.xmodel","manual_1637345578273",end_to_end,2497,2497,223.94902,134.88228,14.27165,188.01672,0.0003,340.73526,0.00043,0.0638,2.12101,904.04047
"methane_baseline.xmodel","manual_1637345578273",end_to_end,2498,2498,16.91113,157.71454,13.94264,162.55489,0.00026,335.76095,0.00036,0.04754,1.73582,688.66813
"methane_baseline.xmodel","manual_1637345578273",end_to_end,2499,2499,164.39555,224.60812,14.58512,94.73499,0.00029,336.24828,0.00064,0.0369,1.74654,836.35643
"methane_baseline.xmodel","manual_1637345578273",end_to_end,2500,2500,190.44834,213.23253,15.0127,110.06893,0.00027,339.64241,0.00045,0.04973,2.12827,870.58363
"methane_baseline.xmodel","manual_1637345578273",end_to_end,2501,2501,96.52645,128.47542,17.11918,188.86936,0.00024,335.44785,0.00043,0.03318,1.76783,768.23994
"methane_baseline.xmodel","manual_1637345578273",end_to_end,2502,2502,112.29127,149.47559,15.97722,171.97928,0.0003,338.84357,0.00049,0.0575,2.13995,790.76517
"methane_baseline.xmodel","manual_1637345578273",end_to_end,2503,2503,190.65626,145.50564,16.85586,171.29007,0.00032,335.46748,0.00034,0.0373,1.67552,861.48879
"methane_baseline.xmodel","manual_1637345578273",end_to_end,2504,2504,174.1768,140.21883,16.84763,179.5797,0.0016,339.43072,0.00046,0.05068,2.16517,852.47159
"methane_baseline.xmodel","manual_1637345578273",end_to_end,2505,2505,173.10297,161.15819,14.50129,157.99641,0.00026,335.54692,0.00032,0.02952,1.74474,844.08062
"methane_baseline.xmodel","manual_1637345578273",end_to_end,2506,2506,181.80227,152.81326,14.72239,169.68133,0.00029,339.55089,0.00045,0.08636,2.24352,860.90076
"methane_baseline.xmodel","manual_1637345578273",end_to_end,2507,2507,159.71954,179.83889,14.12983,139.85501,0.00029,335.64033,0.00044,0.10092,1.72788,831.01313
"methane_baseline.xmodel","manual_1637345578273",end_to_end,2508,2508,171.88832,154.4489,14.73151,168.16914,0.00026,339.70164,0.00049,0.07426,2.17902,851.19354
"methane_baseline.xmodel","manual_1637345578273",end_to_end,2509,2509,288.68185,188.00048,15.26347,134.115,0.00028,340.10347,0.00278,0.05656,2.08605,968.30994
"methane_baseline.xmodel","manual_1637345578273",end_to_end,2510,2510,23.46358,230.63889,13.76745,89.51766,0.00058,336.51038,0.00032,0.05104,1.72364,695.67354
"methane_baseline.xmodel","manual_1637345578273",end_to_end,2511,2511,91.30711,147.1934,16.44683,171.08429,0.0003,337.85997,0.00033,0.06527,1.75933,765.71683
"methane_baseline.xmodel","manual_1637345578273",end_to_end,2512,2512,136.37456,146.4341,15.36542,176.04802,0.00035,339.80061,0.00318,0.06944,2.33118,816.42686
"methane_baseline.xmodel","manual_1637345578273",end_to_end,2513,2513,327.35406,165.0182,16.43181,156.15263,0.00031,340.80163,0.00053,0.03726,1.79323,1007.58966
"methane_baseline.xmodel","manual_1637345578273",end_to_end,2514,2514,23.75779,193.87024,14.46106,127.74073,0.00033,335.7272,0.00034,0.05609,1.78619,697.39997
"methane_baseline.xmodel","manual_1637345578273",end_to_end,2515,2515,286.22669,191.57731,15.11239,131.65475,0.00025,339.38375,0.00057,0.04358,1.81761,965.8169
"methane_baseline.xmodel","manual_1637345578273",end_to_end,2516,2516,1.93323,143.09979,18.59163,172.20243,0.00029,336.03002,0.00035,0.04159,1.85894,673.75827
"methane_baseline.xmodel","manual_1637345578273",end_to_end,2517,2517,174.0623,167.42989,16.27597,150.46636,0.00026,335.7897,0.00069,0.0464,1.79422,845.86579
"methane_baseline.xmodel","manual_1637345578273",end_to_end,2518,2518,133.50902,137.24289,14.91158,185.38026,0.0003,339.22352,0.00044,0.03649,1.77847,812.08297
"methane_baseline.xmodel","manual_1637345578273",end_to_end,2519,2519,152.37643,206.53368,13.9784,113.36872,0.00059,335.87603,0.0003,0.04688,1.71888,823.89991
"methane_baseline.xmodel","manual_1637345578273",end_to_end,2520,2520,187.24998,173.63562,16.49537,147.2159,0.00046,339.23009,0.00035,0.03114,1.7358,865.59471
"methane_baseline.xmodel","manual_1637345578273",end_to_end,2521,2521,115.22911,132.27242,15.82011,185.92733,0.00097,336.16379,0.00042,0.04687,1.73823,787.19925
"methane_baseline.xmodel","manual_1637345578273",end_to_end,2522,2522,317.01645,131.68494,15.68442,187.00377,0.0003,336.39836,0.00051,0.03883,1.70156,989.52914
"methane_baseline.xmodel","manual_1637345578273",end_to_end,2523,2523,19.74803,202.16256,13.77333,121.46439,0.00029,339.22669,0.00051,0.04068,1.85119,698.26767
"methane_baseline.xmodel","manual_1637345578273",end_to_end,2524,2524,123.23751,183.46694,14.75294,139.22205,0.00027,339.2316,0.00056,0.04706,1.90493,801.86386
"methane_baseline.xmodel","manual_1637345578273",end_to_end,2525,2525,188.86729,186.60423,15.11055,132.80114,0.00026,337.17687,0.00032,0.03798,1.92618,862.52482
"methane_baseline.xmodel","manual_1637345578273",end_to_end,2526,2526,141.12425,135.10562,15.54454,186.68804,0.00029,339.59597,0.00053,0.04024,2.71519,820.81467
"methane_baseline.xmodel","manual_1637345578273",end_to_end,2527,2527,134.54978,164.52184,16.09689,154.81267,0.00029,336.7378,0.001,0.04255,1.79029,808.55311
"methane_baseline.xmodel","manual_1637345578273",end_to_end,2528,2528,188.66693,199.85994,13.89545,123.85172,0.00028,341.82904,0.0003,0.03903,1.8203,869.96299
"methane_baseline.xmodel","manual_1637345578273",end_to_end,2529,2529,156.7748,188.40344,14.83327,131.52227,0.00031,336.38261,0.00044,0.04134,1.86243,829.82091
"methane_baseline.xmodel","manual_1637345578273",end_to_end,2530,2530,126.6078,204.15448,13.66835,121.24821,0.00029,338.68856,0.00049,0.05465,1.92355,806.34638
"methane_baseline.xmodel","manual_1637345578273",end_to_end,2531,2531,133.36343,137.72392,15.27718,181.5338,0.00047,335.92321,0.00034,0.04974,1.90399,805.77608
"methane_baseline.xmodel","manual_1637345578273",end_to_end,2532,2532,123.12667,212.08477,13.66861,111.05931,0.00028,338.65453,0.00044,0.03318,1.84586,800.47365
"methane_baseline.xmodel","manual_1637345578273",end_to_end,2533,2533,183.41759,219.41466,14.30258,100.29721,0.00024,336.54118,0.00045,1.05396,2.18163,857.2095
"methane_baseline.xmodel","manual_1637345578273",end_to_end,2534,2534,113.05777,164.35161,15.55346,156.74942,0.0003,338.71379,0.00039,0.05585,1.90226,790.38485
"methane_baseline.xmodel","manual_1637345578273",end_to_end,2535,2535,102.25316,169.32839,15.79139,149.46957,0.00056,336.32122,0.00052,1.02779,2.15184,776.34444
"methane_baseline.xmodel","manual_1637345578273",end_to_end,2536,2536,306.89255,177.28262,15.47608,140.30254,0.00026,336.04246,0.00032,1.00965,2.13211,979.13859
"methane_baseline.xmodel","manual_1637345578273",end_to_end,2537,2537,4.44491,190.35678,13.81043,132.67302,0.00025,338.52017,0.00053,0.04006,1.85937,681.70552
"methane_baseline.xmodel","manual_1637345578273",end_to_end,2538,2538,134.65409,182.09418,13.86478,140.58425,0.00031,338.62612,0.00055,0.04554,1.87679,811.74661
"methane_baseline.xmodel","manual_1637345578273",end_to_end,2539,2539,143.49106,137.19243,16.37223,179.30152,0.0003,336.24775,0.00061,0.58891,2.94003,816.13484
"methane_baseline.xmodel","manual_1637345578273",end_to_end,2540,2540,142.48837,198.30676,13.70918,124.70989,0.00027,339.0952,0.00039,0.04953,1.84536,820.20495
"methane_baseline.xmodel","manual_1637345578273",end_to_end,2541,2541,182.43431,201.99858,15.33618,115.78502,0.00025,336.34753,0.00036,0.04835,2.02019,853.97077
"methane_baseline.xmodel","manual_1637345578273",end_to_end,2542,2542,126.62854,182.03921,13.7365,141.39607,0.00025,339.04033,0.00046,0.05044,1.84812,804.73992
"methane_baseline.xmodel","manual_1637345578273",end_to_end,2543,2543,119.32255,170.64958,15.73189,146.43848,0.00031,336.54041,0.0003,0.05395,1.93319,790.67066
"methane_baseline.xmodel","manual_1637345578273",end_to_end,2544,2544,143.30545,137.81074,16.02869,183.29601,0.00028,338.91611,0.00048,0.04921,1.95066,821.35763
"methane_baseline.xmodel","manual_1637345578273",end_to_end,2545,2545,148.53823,198.73328,16.93267,118.77431,0.00025,336.9884,0.00056,0.04777,1.83701,821.85248
"methane_baseline.xmodel","manual_1637345578273",end_to_end,2546,2546,185.20333,166.04032,14.45491,156.49771,0.00031,339.68149,0.00033,0.04871,1.94958,863.87669
"methane_baseline.xmodel","manual_1637345578273",end_to_end,2547,2547,120.76252,210.07793,14.93197,109.98518,0.0003,336.92367,0.00038,0.05598,1.77622,794.51415
"methane_baseline.xmodel","manual_1637345578273",end_to_end,2548,2548,158.48501,136.19079,16.20348,185.27026,0.00026,339.07926,0.00037,0.04336,1.96705,837.23984
"methane_baseline.xmodel","manual_1637345578273",end_to_end,2549,2549,111.89568,187.61026,14.80976,132.60704,0.00024,336.19794,0.00054,0.05744,1.83101,785.00991
"methane_baseline.xmodel","manual_1637345578273",end_to_end,2550,2550,316.8529,188.72149,15.20493,130.43937,0.0003,336.14962,0.0004,0.04797,1.75777,989.17475
"methane_baseline.xmodel","manual_1637345578273",end_to_end,2551,2551,4.86639,135.12651,16.62513,185.32279,0.00031,339.65409,0.00042,0.05385,1.81872,683.46821
"methane_baseline.xmodel","manual_1637345578273",end_to_end,2552,2552,187.33248,225.36718,14.7538,97.52482,0.00029,339.08637,0.00055,0.05713,1.77029,865.89291
"methane_baseline.xmodel","manual_1637345578273",end_to_end,2553,2553,132.39329,238.07296,14.03493,82.08291,0.00026,336.50802,0.00032,0.05312,1.83452,804.98033
"methane_baseline.xmodel","manual_1637345578273",end_to_end,2554,2554,99.44649,185.57855,13.69892,137.89567,0.00029,338.70413,0.00036,0.05864,1.78422,777.16727
"methane_baseline.xmodel","manual_1637345578273",end_to_end,2555,2555,83.9175,203.19455,14.89248,116.59552,0.00078,336.08433,0.00031,0.04835,1.78623,756.52005
"methane_baseline.xmodel","manual_1637345578273",end_to_end,2556,2556,139.72502,145.84763,14.91623,176.1036,0.00027,338.92297,0.00034,0.03955,1.8039,817.35951
"methane_baseline.xmodel","manual_1637345578273",end_to_end,2557,2557,118.52901,170.84454,15.30473,148.00324,0.00026,336.58845,0.00045,0.08047,1.87657,791.22772
"methane_baseline.xmodel","manual_1637345578273",end_to_end,2558,2558,296.157,165.76597,15.57498,153.37467,0.0003,336.36642,0.00031,0.04673,1.83174,969.11812
"methane_baseline.xmodel","manual_1637345578273",end_to_end,2559,2559,31.68828,148.02373,14.54875,174.49853,0.00035,338.77975,0.0004,0.03586,1.7836,709.35925
"methane_baseline.xmodel","manual_1637345578273",end_to_end,2560,2560,292.31004,155.00878,15.5155,163.88769,0.00026,336.49025,0.00034,0.04644,1.85808,965.11738
"methane_baseline.xmodel","manual_1637345578273",end_to_end,2561,2561,39.38308,182.49266,13.75316,140.6751,0.00031,338.89978,0.00048,0.04979,1.77176,717.02612
"methane_baseline.xmodel","manual_1637345578273",end_to_end,2562,2562,142.5112,227.42418,15.81118,93.83056,0.00025,338.99735,0.00033,0.04993,1.99664,820.62162
"methane_baseline.xmodel","manual_1637345578273",end_to_end,2563,2563,165.77682,224.39988,15.33233,94.86645,0.00039,336.16725,0.00041,0.04346,1.85044,838.43743
"methane_baseline.xmodel","manual_1637345578273",end_to_end,2564,2564,95.67874,159.78646,13.688,163.67341,0.00025,339.2871,0.00051,0.04837,2.0068,774.16964
"methane_baseline.xmodel","manual_1637345578273",end_to_end,2565,2565,96.77392,205.88578,15.01263,113.36458,0.00028,336.11535,0.00039,0.0406,1.74324,768.93677
"methane_baseline.xmodel","manual_1637345578273",end_to_end,2566,2566,273.75814,210.85045,14.52804,108.84672,0.00033,336.6719,0.00048,0.04028,1.77496,946.4713
"methane_baseline.xmodel","manual_1637345578273",end_to_end,2567,2567,7.21772,205.37533,14.21093,117.63926,0.0003,340.87082,0.00049,0.04178,1.88282,687.23945
"methane_baseline.xmodel","manual_1637345578273",end_to_end,2568,2568,119.69903,225.97493,15.94975,96.88899,0.00025,339.0943,0.00031,0.06871,1.84344,799.51971
"methane_baseline.xmodel","manual_1637345578273",end_to_end,2569,2569,110.62484,208.38409,14.63258,111.87421,0.00023,335.62897,0.00043,0.03938,1.71256,782.89729
"methane_baseline.xmodel","manual_1637345578273",end_to_end,2570,2570,199.55427,236.34091,14.70065,82.76793,0.00031,335.43751,0.00048,0.05143,1.75805,870.61154
"methane_baseline.xmodel","manual_1637345578273",end_to_end,2571,2571,12.95627,237.53596,15.02052,84.62091,0.00012,338.8361,0.00035,0.03449,1.76294,690.76766
"methane_baseline.xmodel","manual_1637345578273",end_to_end,2572,2572,86.51896,160.27372,13.5035,163.14471,0.00027,338.72804,0.00047,0.0594,1.82395,764.05302
"methane_baseline.xmodel","manual_1637345578273",end_to_end,2573,2573,84.53124,146.09275,14.52385,173.05801,0.00033,335.45568,0.00039,0.05269,1.75579,755.47073
"methane_baseline.xmodel","manual_1637345578273",end_to_end,2574,2574,164.93256,238.22737,14.89684,83.80912,0.00027,338.6453,0.00043,0.03487,1.85925,842.40601
"methane_baseline.xmodel","manual_1637345578273",end_to_end,2575,2575,174.86953,239.17986,15.75121,78.71548,0.00029,335.54315,0.00049,0.03713,1.76771,845.86485
"methane_baseline.xmodel","manual_1637345578273",end_to_end,2576,2576,85.70524,236.35745,14.9615,85.42338,0.00027,338.6185,0.00047,0.0398,1.77677,762.88338
"methane_baseline.xmodel","manual_1637345578273",end_to_end,2577,2577,80.52701,227.98887,14.95584,90.77573,0.00023,335.52335,0.00042,0.0462,1.79289,751.61054
"methane_baseline.xmodel","manual_1637345578273",end_to_end,2578,2578,87.31794,160.41995,13.58555,162.71794,0.00029,338.7572,0.00043,0.03892,1.84135,764.67957
"methane_baseline.xmodel","manual_1637345578273",end_to_end,2579,2579,92.59095,199.19666,14.52723,119.98155,0.0003,335.40994,0.00033,0.04815,1.68266,763.43777
"methane_baseline.xmodel","manual_1637345578273",end_to_end,2580,2580,249.06482,264.42927,15.7338,53.40822,0.00026,335.23988,0.0003,0.04064,1.69008,919.60727
"methane_baseline.xmodel","manual_1637345578273",end_to_end,2581,2581,37.31742,259.8759,15.4075,61.63278,0.00028,338.87181,0.00047,0.06101,1.82662,714.99379
"methane_baseline.xmodel","manual_1637345578273",end_to_end,2582,2582,63.53165,262.23662,14.43028,60.30392,0.00029,338.48319,0.00031,0.04114,1.72624,740.75364
"methane_baseline.xmodel","manual_1637345578273",end_to_end,2583,2583,55.1365,250.8512,14.79459,67.85639,0.00028,334.43408,0.00039,0.04259,1.6515,724.76752
"methane_baseline.xmodel","manual_1637345578273",end_to_end,2584,2584,62.21055,563.19792,12.73727,0.04797,0.00025,338.57768,0.00037,0.03446,1.81254,978.61901
"methane_baseline.xmodel","manual_1637345578273",end_to_end,2585,2585,69.56895,550.75482,12.8985,0.05413,0.00035,335.1564,0.00035,0.04662,1.71382,970.19394
"methane_baseline.xmodel","manual_1637345578273",end_to_end,2586,2586,0.0018,224.21158,14.18384,100.20457,0.00029,338.59802,0.00051,0.03694,1.86337,679.10092
"methane_baseline.xmodel","manual_1637345578273",end_to_end,2587,2587,0.00167,215.48053,15.4946,104.21854,0.00029,335.74196,0.00037,0.04426,1.71264,672.69486
"methane_baseline.xmodel","manual_1637345578273",end_to_end,2588,2588,163.62176,234.35722,14.05744,85.57926,0.00027,335.91056,0.00029,0.04842,1.71632,835.29154
"methane_baseline.xmodel","manual_1637345578273",end_to_end,2589,2589,44.42208,226.45549,15.21609,95.05657,0.00025,339.3642,0.00028,0.05019,2.18062,722.74577
"methane_baseline.xmodel","manual_1637345578273",end_to_end,2590,2590,155.63927,218.7829,15.70713,99.65937,0.0003,335.94807,0.00028,0.03674,1.73813,827.51219
"methane_baseline.xmodel","manual_1637345578273",end_to_end,2591,2591,28.68389,228.57843,15.5473,93.32476,0.00053,342.74706,0.00042,0.05216,1.92387,710.85842
"methane_baseline.xmodel","manual_1637345578273",end_to_end,2592,2592,150.45455,268.74502,19.06212,46.38113,0.00024,335.78271,0.00041,0.04286,1.68847,822.15751
"methane_baseline.xmodel","manual_1637345578273",end_to_end,2593,2593,46.54079,271.90925,15.85305,52.75005,0.00026,339.35455,0.00043,0.0371,1.91728,728.36276
"methane_baseline.xmodel","manual_1637345578273",end_to_end,2594,2594,54.75462,188.26762,15.18171,133.89708,0.0003,339.23161,0.00074,0.04096,1.94468,733.31932
"methane_baseline.xmodel","manual_1637345578273",end_to_end,2595,2595,48.17244,231.51668,15.19133,87.28201,0.0003,335.86726,0.00041,0.04001,1.69584,719.76628
"methane_baseline.xmodel","manual_1637345578273",end_to_end,2596,2596,180.60552,243.22509,14.09004,76.8253,0.00027,335.99664,0.00036,0.0371,1.69469,852.47501
"methane_baseline.xmodel","manual_1637345578273",end_to_end,2597,2597,44.2817,197.15834,14.50486,125.57506,0.00025,339.5875,0.00045,0.05608,1.89819,723.06243
"methane_baseline.xmodel","manual_1637345578273",end_to_end,2598,2598,168.94582,261.60633,15.01993,57.63103,0.00025,336.13432,0.0003,0.03901,1.71558,841.09257
"methane_baseline.xmodel","manual_1637345578273",end_to_end,2599,2599,37.19432,286.59876,14.63346,36.36309,0.0003,339.73669,0.00053,0.05614,2.07437,716.65766
"methane_baseline.xmodel","manual_1637345578273",end_to_end,2600,2600,76.11965,297.80044,15.39101,21.21034,0.00025,336.01751,0.0004,0.03922,1.74382,748.32264
"methane_baseline.xmodel","manual_1637345578273",end_to_end,2601,2601,21.53492,281.62139,15.0957,41.06941,0.00028,339.89993,0.00058,0.05519,2.05173,701.32913
"methane_baseline.xmodel","manual_1637345578273",end_to_end,2602,2602,43.21232,302.05493,16.48824,19.21846,0.00024,339.83407,0.00053,0.05574,2.41379,723.27832
"methane_baseline.xmodel","manual_1637345578273",end_to_end,2603,2603,22.98501,299.25309,16.06494,18.92403,0.00026,336.53793,0.00032,0.07223,1.79562,695.63343
"methane_baseline.xmodel","manual_1637345578273",end_to_end,2604,2604,21.32821,285.38326,14.68429,37.65123,0.0003,339.62671,0.00035,0.04174,1.94848,700.66457
"methane_baseline.xmodel","manual_1637345578273",end_to_end,2605,2605,20.71302,303.71784,16.33329,14.71224,0.00026,336.65826,0.0005,0.06497,1.86309,694.06347
"methane_baseline.xmodel","manual_1637345578273",end_to_end,2606,2606,40.12301,300.06631,17.23722,19.84908,0.0003,339.39616,0.00081,0.0429,1.93662,718.65241
"methane_baseline.xmodel","manual_1637345578273",end_to_end,2607,2607,16.57527,283.83175,15.83768,35.11988,0.00023,336.51622,0.00044,0.07695,1.91806,689.87648
"methane_baseline.xmodel","manual_1637345578273",end_to_end,2608,2608,21.82428,285.7546,14.80232,36.84449,0.00024,340.38342,0.00052,0.03132,2.11901,701.7602
"methane_baseline.xmodel","manual_1637345578273",end_to_end,2609,2609,37.05117,292.09567,15.81708,26.67555,0.00034,336.64703,0.00041,0.05413,1.78141,710.12279
"methane_baseline.xmodel","manual_1637345578273",end_to_end,2610,2610,38.81821,208.69154,14.02942,115.67101,0.0003,340.20564,0.00035,0.04004,2.05982,719.51633
"methane_baseline.xmodel","manual_1637345578273",end_to_end,2611,2611,28.66203,220.00458,13.90224,100.75844,0.00029,336.17451,0.00033,0.08773,1.79148,701.38163
"methane_baseline.xmodel","manual_1637345578273",end_to_end,2612,2612,135.1833,262.87498,15.32383,56.19027,0.00026,336.72752,0.00037,0.03847,1.7673,808.1063
"methane_baseline.xmodel","manual_1637345578273",end_to_end,2613,2613,85.23488,238.54753,14.01034,85.48696,0.00023,340.13765,0.00042,0.03934,2.10482,765.56217
"methane_baseline.xmodel","manual_1637345578273",end_to_end,2614,2614,101.03125,262.18989,15.29201,57.39058,0.00032,336.7682,0.00032,0.03362,1.82462,774.53081
"methane_baseline.xmodel","manual_1637345578273",end_to_end,2615,2615,44.56705,265.10423,14.34886,58.59666,0.0003,340.01513,0.00036,0.04452,2.06675,724.74386
"methane_baseline.xmodel","manual_1637345578273",end_to_end,2616,2616,60.72509,205.3023,14.20541,118.38007,0.00025,341.28315,0.00065,0.10471,1.73333,741.73496
"methane_baseline.xmodel","manual_1637345578273",end_to_end,2617,2617,59.2045,209.87784,13.88247,111.18824,0.00024,336.61816,0.00028,0.02407,1.65752,732.45332
"methane_baseline.xmodel","manual_1637345578273",end_to_end,2618,2618,120.49625,332.06544,15.30312,0.04764,0.00027,340.37492,0.00033,0.04239,1.91841,810.24877
"methane_baseline.xmodel","manual_1637345578273",end_to_end,2619,2619,113.03741,314.44441,18.08174,2.23564,0.00035,336.35302,0.00028,0.04266,1.93295,786.12846
"methane_baseline.xmodel","manual_1637345578273",end_to_end,2620,2620,1.72383,270.75311,15.82917,60.20811,0.00025,340.48953,0.00042,0.03277,1.88895,690.92614
"methane_baseline.xmodel","manual_1637345578273",end_to_end,2621,2621,0.00092,274.54146,17.83645,38.10775,0.00028,336.70207,0.00049,0.04157,1.82216,669.05315
"methane_baseline.xmodel","manual_1637345578273",end_to_end,2622,2622,62.14982,157.11742,15.05137,166.36294,0.00029,340.72235,0.00035,0.05683,1.92302,743.38439
"methane_baseline.xmodel","manual_1637345578273",end_to_end,2623,2623,40.08969,238.78779,13.95839,81.98103,0.00031,336.82282,0.00031,0.04165,1.84635,713.52834
"methane_baseline.xmodel","manual_1637345578273",end_to_end,2624,2624,168.29996,284.0491,16.32581,38.42269,0.00028,340.49736,0.00578,0.07842,2.00986,849.68926
"methane_baseline.xmodel","manual_1637345578273",end_to_end,2625,2625,83.8511,261.02523,14.18961,59.73643,0.00038,336.58219,0.00046,0.03816,1.94087,757.36443
"methane_baseline.xmodel","manual_1637345578273",end_to_end,2626,2626,79.3396,218.37221,14.0335,106.12021,0.00024,340.67201,0.00038,0.04389,1.86751,760.44955
"methane_baseline.xmodel","manual_1637345578273",end_to_end,2627,2627,22.71135,200.88956,14.31734,119.4645,0.0003,336.67926,0.00035,0.04536,1.76537,695.87339
"methane_baseline.xmodel","manual_1637345578273",end_to_end,2628,2628,143.10376,218.11181,14.08089,106.3948,0.00026,339.57813,0.00082,0.04799,1.87545,823.19391
"methane_baseline.xmodel","manual_1637345578273",end_to_end,2629,2629,86.57526,275.67484,15.95013,43.04734,0.00027,336.01213,0.00044,0.03444,1.74293,759.03778
"methane_baseline.xmodel","manual_1637345578273",end_to_end,2630,2630,108.29906,234.38022,14.22375,89.07932,0.00029,339.90981,0.00046,0.08423,1.84184,787.81898
"methane_baseline.xmodel","manual_1637345578273",end_to_end,2631,2631,44.87122,287.47181,14.79573,31.92026,0.0003,336.27142,0.0003,0.0579,1.80797,717.19691
"methane_baseline.xmodel","manual_1637345578273",end_to_end,2632,2632,90.98272,299.30539,15.15712,23.56867,0.00026,339.69144,0.00047,0.04315,1.82333,770.57255
"methane_baseline.xmodel","manual_1637345578273",end_to_end,2633,2633,33.7145,278.86908,15.75019,39.86332,0.00026,336.16726,0.00034,0.03303,1.8784,706.27638
"methane_baseline.xmodel","manual_1637345578273",end_to_end,2634,2634,41.72976,266.78063,15.04033,52.45891,0.00029,336.18701,0.0003,0.05863,1.91532,714.17118
"methane_baseline.xmodel","manual_1637345578273",end_to_end,2635,2635,25.48609,279.35313,16.8087,41.60654,0.0003,339.38362,0.00046,0.04006,1.77298,704.45188
"methane_baseline.xmodel","manual_1637345578273",end_to_end,2636,2636,90.61368,293.11766,15.6167,28.78984,0.00027,339.32977,0.00035,0.03844,1.76595,769.27266
"methane_baseline.xmodel","manual_1637345578273",end_to_end,2637,2637,7.23727,290.55534,14.80694,28.87925,0.00042,336.09263,0.00042,0.03756,1.77536,679.38519
"methane_baseline.xmodel","manual_1637345578273",end_to_end,2638,2638,30.86411,213.23381,14.98813,105.8836,0.00025,336.18926,0.00045,0.08782,1.87882,703.12625
"methane_baseline.xmodel","manual_1637345578273",end_to_end,2639,2639,30.61662,261.04088,14.70827,61.75373,0.00029,339.24559,0.00061,0.04036,1.76,709.16635
"methane_baseline.xmodel","manual_1637345578273",end_to_end,2640,2640,150.41909,292.34155,17.52691,27.57242,0.00025,339.06869,0.00041,0.04887,1.89223,828.87042
"methane_baseline.xmodel","manual_1637345578273",end_to_end,2641,2641,20.84016,290.25317,14.62265,29.50702,0.00025,336.70509,0.0005,0.08683,2.05305,694.06872
"methane_baseline.xmodel","manual_1637345578273",end_to_end,2642,2642,31.4749,291.84859,14.50813,28.39168,0.00025,337.38569,0.00033,0.03912,1.79144,705.44013
"methane_baseline.xmodel","manual_1637345578273",end_to_end,2643,2643,29.38667,288.38512,16.24471,32.62171,0.00029,339.4135,0.00058,0.04155,1.7963,707.89043
"methane_baseline.xmodel","manual_1637345578273",end_to_end,2644,2644,30.55621,208.60719,13.89246,112.72447,0.00025,338.22994,0.00038,0.0339,2.00095,706.04575
"methane_baseline.xmodel","manual_1637345578273",end_to_end,2645,2645,34.54712,233.73834,14.88146,88.85419,0.00023,339.44202,0.00053,0.04228,1.77647,713.28264
"methane_baseline.xmodel","manual_1637345578273",end_to_end,2646,2646,164.71743,214.75715,14.07913,108.77123,0.0003,339.09228,0.00037,0.04658,1.76523,843.2297
"methane_baseline.xmodel","manual_1637345578273",end_to_end,2647,2647,40.53653,165.97843,15.85793,154.54668,0.00025,338.58751,0.00029,0.04044,1.82717,717.37523
"methane_baseline.xmodel","manual_1637345578273",end_to_end,2648,2648,156.59262,198.81681,14.87407,122.84427,0.00025,337.54864,0.00034,0.03563,2.0922,832.80483
"methane_baseline.xmodel","manual_1637345578273",end_to_end,2649,2649,110.57713,200.23207,13.87021,123.17071,0.00029,339.13899,0.00049,0.0337,1.73264,788.75623
"methane_baseline.xmodel","manual_1637345578273",end_to_end,2650,2650,124.748,274.74855,16.48861,44.4132,0.00034,337.05081,0.0005,0.05039,2.02995,799.53035
"methane_baseline.xmodel","manual_1637345578273",end_to_end,2651,2651,125.00713,235.55313,14.712,87.03548,0.00034,338.83257,0.00096,0.04649,1.8618,803.0499
"methane_baseline.xmodel","manual_1637345578273",end_to_end,2652,2652,46.54704,286.95252,14.81246,33.15606,0.00025,336.29333,0.00044,0.03391,1.9691,719.76511
"methane_baseline.xmodel","manual_1637345578273",end_to_end,2653,2653,88.78866,273.49049,18.11432,45.46335,0.00025,339.65294,0.00035,0.03982,1.80187,767.35205
"methane_baseline.xmodel","manual_1637345578273",end_to_end,2654,2654,35.27083,218.95827,14.48889,100.72138,0.00031,336.0875,0.00038,0.04662,1.73385,707.30803
"methane_baseline.xmodel","manual_1637345578273",end_to_end,2655,2655,47.37291,223.08358,16.03582,98.62923,0.00029,338.5732,0.00043,0.04359,1.83127,725.57032
"methane_baseline.xmodel","manual_1637345578273",end_to_end,2656,2656,161.17121,262.05067,15.95973,58.7214,0.00042,338.89402,0.00033,0.03591,1.76918,838.60287
"methane_baseline.xmodel","manual_1637345578273",end_to_end,2657,2657,42.05308,284.31171,15.43089,34.30984,0.00028,335.93856,0.00034,0.03745,1.75098,713.83313
"methane_baseline.xmodel","manual_1637345578273",end_to_end,2658,2658,36.11391,203.44798,14.66707,116.00891,0.00029,335.81767,0.00034,0.04006,1.7226,707.81883
"methane_baseline.xmodel","manual_1637345578273",end_to_end,2659,2659,60.59122,245.75192,14.92881,76.33839,0.00029,338.60844,0.00047,0.05369,1.83529,738.10852
"methane_baseline.xmodel","manual_1637345578273",end_to_end,2660,2660,181.86286,190.23321,13.89313,132.67333,0.00025,338.64108,0.00031,0.05571,1.76861,859.12849
"methane_baseline.xmodel","manual_1637345578273",end_to_end,2661,2661,14.09509,104.25727,14.48601,215.2671,0.00025,335.43092,0.0005,0.0416,1.75148,685.33022
"methane_baseline.xmodel","manual_1637345578273",end_to_end,2662,2662,217.02676,198.68349,14.72729,120.25111,0.00025,335.50851,0.00036,0.03859,1.83983,888.07619
"methane_baseline.xmodel","manual_1637345578273",end_to_end,2663,2663,134.5733,191.95848,13.97663,130.81524,0.0003,338.4456,0.0004,0.03491,1.80987,811.61473
"methane_baseline.xmodel","manual_1637345578273",end_to_end,2664,2664,122.05373,174.45698,15.81207,143.4351,0.00052,335.46525,0.00032,0.04308,1.77187,793.03892
"methane_baseline.xmodel","manual_1637345578273",end_to_end,2665,2665,132.64665,218.51727,15.03808,103.05749,0.00026,338.69945,0.00044,0.05767,1.80215,809.81946
"methane_baseline.xmodel","manual_1637345578273",end_to_end,2666,2666,218.28311,234.15633,14.91928,87.77405,0.00029,338.62812,0.00033,0.0425,1.78061,895.58462
"methane_baseline.xmodel","manual_1637345578273",end_to_end,2667,2667,31.9516,235.42201,13.78198,84.36582,0.00222,335.32207,0.00045,0.04492,1.75137,702.64244
"methane_baseline.xmodel","manual_1637345578273",end_to_end,2668,2668,86.17295,231.44921,13.9732,88.08197,0.0003,335.59791,0.00041,0.0372,1.71106,757.02421
"methane_baseline.xmodel","manual_1637345578273",end_to_end,2669,2669,89.6424,239.70456,15.03563,82.02016,0.00026,338.82854,0.0005,0.03847,1.74733,767.01785
"methane_baseline.xmodel","manual_1637345578273",end_to_end,2670,2670,89.90708,214.66215,14.61874,104.49138,0.00029,335.67093,0.00034,0.04541,1.75136,761.14768
"methane_baseline.xmodel","manual_1637345578273",end_to_end,2671,2671,83.8635,195.67659,16.03734,125.26939,0.00029,338.6856,0.00051,0.04917,1.80401,761.3864
"methane_baseline.xmodel","manual_1637345578273",end_to_end,2672,2672,106.23729,268.2275,15.82029,49.85807,0.00026,335.45819,0.00045,0.03791,1.71429,777.35425
"methane_baseline.xmodel","manual_1637345578273",end_to_end,2673,2673,127.06601,263.56018,15.35139,57.9728,0.00023,338.6981,0.00029,0.03964,1.7769,804.46554
"methane_baseline.xmodel","manual_1637345578273",end_to_end,2674,2674,51.65289,225.41242,14.81116,93.43908,0.0003,335.75846,0.00053,0.05261,1.7542,722.88165
"methane_baseline.xmodel","manual_1637345578273",end_to_end,2675,2675,59.82419,236.11491,17.2747,83.45463,0.0003,338.5662,0.00037,0.04471,1.86099,737.141
"methane_baseline.xmodel","manual_1637345578273",end_to_end,2676,2676,95.20037,264.02415,15.54838,54.42212,0.00036,335.69505,0.00034,0.03175,1.73618,766.6587
"methane_baseline.xmodel","manual_1637345578273",end_to_end,2677,2677,85.32596,245.27172,14.66714,76.75989,0.00024,338.34846,0.00044,0.04791,1.76565,762.18741
"methane_baseline.xmodel","manual_1637345578273",end_to_end,2678,2678,56.2507,138.30556,14.8995,180.64793,0.0003,335.642,0.00042,0.03387,1.70153,727.48181
"methane_baseline.xmodel","manual_1637345578273",end_to_end,2679,2679,78.68756,194.74237,14.60918,127.06402,0.0003,338.38856,0.00046,0.05228,1.77585,755.32058
"methane_baseline.xmodel","manual_1637345578273",end_to_end,2680,2680,276.96389,214.5939,15.10769,106.86544,0.00026,338.58801,0.00037,0.05307,1.8272,953.99983
"methane_baseline.xmodel","manual_1637345578273",end_to_end,2681,2681,34.33565,234.40299,14.30357,85.15523,0.00026,335.5121,0.00033,0.03913,1.82376,705.57302
"methane_baseline.xmodel","manual_1637345578273",end_to_end,2682,2682,86.90197,244.37461,14.29989,75.0923,0.00029,337.03379,0.00029,0.04026,1.78063,759.52403
"methane_baseline.xmodel","manual_1637345578273",end_to_end,2683,2683,108.77851,205.73931,14.87543,116.06174,0.00027,339.04323,0.00061,0.05058,1.91164,786.46132
"methane_baseline.xmodel","manual_1637345578273",end_to_end,2684,2684,76.95804,182.69008,14.00303,138.47362,0.00024,337.3736,0.00045,0.03849,1.74354,751.28109
"methane_baseline.xmodel","manual_1637345578273",end_to_end,2685,2685,117.94622,215.01072,16.50448,105.63808,0.00029,339.59308,0.00058,0.04157,2.04554,796.78056
"methane_baseline.xmodel","manual_1637345578273",end_to_end,2686,2686,140.31857,180.55028,13.92319,141.05368,0.00031,335.57649,0.00042,0.05258,1.80308,813.2786
"methane_baseline.xmodel","manual_1637345578273",end_to_end,2687,2687,107.53775,206.27276,14.99615,116.35385,0.00029,339.43831,0.00045,0.0477,1.93912,786.58638
"methane_baseline.xmodel","manual_1637345578273",end_to_end,2688,2688,247.73221,211.90572,15.41631,110.00809,0.00026,339.5054,0.00045,0.05575,1.91339,926.53758
"methane_baseline.xmodel","manual_1637345578273",end_to_end,2689,2689,13.56706,240.22517,14.66282,78.89368,0.00024,335.81764,0.00042,0.04431,1.73128,684.94262
"methane_baseline.xmodel","manual_1637345578273",end_to_end,2690,2690,189.35343,208.84458,15.27998,113.35814,0.00031,339.1435,0.00057,0.04413,2.02236,868.047
"methane_baseline.xmodel","manual_1637345578273",end_to_end,2691,2691,3.43724,200.16021,14.14149,119.64493,0.00031,335.44729,0.00035,0.03759,1.71925,674.58866
"methane_baseline.xmodel","manual_1637345578273",end_to_end,2692,2692,233.77831,192.25871,15.04983,129.82372,0.00025,339.44088,0.00037,0.03997,1.86664,912.25868
"methane_baseline.xmodel","manual_1637345578273",end_to_end,2693,2693,3.0022,146.77001,15.27682,171.62502,0.00025,335.69633,0.00056,0.0408,1.73195,674.14394
"methane_baseline.xmodel","manual_1637345578273",end_to_end,2694,2694,289.56595,206.50436,15.45064,115.3559,0.00029,339.54081,0.00066,0.08443,1.99747,968.50051
"methane_baseline.xmodel","manual_1637345578273",end_to_end,2695,2695,15.75709,207.69189,13.97452,112.26006,0.0003,335.38975,0.00034,0.02921,1.74439,686.84755
"methane_baseline.xmodel","manual_1637345578273",end_to_end,2696,2696,114.03959,169.93239,14.79478,148.86361,0.00025,336.29247,0.00044,0.05836,1.72382,785.70571
"methane_baseline.xmodel","manual_1637345578273",end_to_end,2697,2697,117.28207,142.56001,14.29227,180.77568,0.00026,339.50505,0.00058,0.0937,2.28804,796.79766
"methane_baseline.xmodel","manual_1637345578273",end_to_end,2698,2698,150.63421,123.20336,17.52077,193.79413,0.0003,335.77849,0.00054,0.04645,1.7793,822.75755
"methane_baseline.xmodel","manual_1637345578273",end_to_end,2699,2699,182.91487,195.01585,16.57843,125.79617,0.00028,340.13515,0.00056,0.04613,2.15326,862.6407
"methane_baseline.xmodel","manual_1637345578273",end_to_end,2700,2700,323.13002,195.23099,16.37774,126.15657,0.00224,339.37859,0.00059,0.07139,2.14584,1002.49397
"methane_baseline.xmodel","manual_1637345578273",end_to_end,2701,2701,0.61131,144.19453,16.48303,173.31349,0.00025,335.8286,0.00032,0.03522,1.74022,672.20697
"methane_baseline.xmodel","manual_1637345578273",end_to_end,2702,2702,175.17238,136.70218,17.38845,179.87887,0.0003,335.4889,0.00045,0.04249,1.75396,846.42798
"methane_baseline.xmodel","manual_1637345578273",end_to_end,2703,2703,128.40524,152.73179,14.68236,169.74855,0.00028,339.3103,0.00047,0.07262,2.17717,807.12878
"methane_baseline.xmodel","manual_1637345578273",end_to_end,2704,2704,181.65305,230.86366,14.03627,88.79991,0.00028,336.02944,0.00048,0.07398,1.79295,853.25002
"methane_baseline.xmodel","manual_1637345578273",end_to_end,2705,2705,171.96285,206.38781,15.16483,115.55182,0.00026,339.29661,0.00075,0.04805,2.02959,850.44257
"methane_baseline.xmodel","manual_1637345578273",end_to_end,2706,2706,90.6038,129.32353,18.56343,186.34087,0.0005,335.51122,0.00034,0.03404,1.8111,762.18883
"methane_baseline.xmodel","manual_1637345578273",end_to_end,2707,2707,117.80748,194.74753,14.86053,127.43564,0.0003,339.46743,0.0005,0.07117,2.13429,796.52487
"methane_baseline.xmodel","manual_1637345578273",end_to_end,2708,2708,188.22228,236.6804,14.00929,82.93034,0.00025,335.61013,0.00063,0.03767,1.79129,859.28228
"methane_baseline.xmodel","manual_1637345578273",end_to_end,2709,2709,129.53165,160.46733,14.59862,162.30786,0.00035,339.46377,0.00051,0.05225,2.07799,808.50033
"methane_baseline.xmodel","manual_1637345578273",end_to_end,2710,2710,231.16231,195.18497,15.60186,126.42638,0.0003,339.65762,0.0006,0.05193,2.06391,910.14988
"methane_baseline.xmodel","manual_1637345578273",end_to_end,2711,2711,18.19088,131.7913,16.8206,185.14164,0.00032,336.05189,0.00057,0.04516,1.79347,689.83583
"methane_baseline.xmodel","manual_1637345578273",end_to_end,2712,2712,186.97873,158.75176,14.93727,160.5262,0.00026,337.30501,0.00034,0.03407,1.78218,860.31582
"methane_baseline.xmodel","manual_1637345578273",end_to_end,2713,2713,128.56723,175.81477,19.26334,142.4503,0.00023,339.40091,0.00059,0.04383,2.08608,807.62728
"methane_baseline.xmodel","manual_1637345578273",end_to_end,2714,2714,162.38012,186.16848,14.40436,134.8693,0.0003,335.96403,0.00049,0.04077,1.91908,835.74693
"methane_baseline.xmodel","manual_1637345578273",end_to_end,2715,2715,144.60819,188.51967,15.50123,133.2267,0.0012,341.04299,0.00036,0.03612,1.7792,824.71566
"methane_baseline.xmodel","manual_1637345578273",end_to_end,2716,2716,136.71106,192.40421,14.53327,127.17863,0.00025,336.12962,0.00034,0.03943,1.73721,808.73402
"methane_baseline.xmodel","manual_1637345578273",end_to_end,2717,2717,135.37412,187.63811,14.73885,136.51536,0.00026,339.40342,0.00053,0.04017,1.77204,815.48286
"methane_baseline.xmodel","manual_1637345578273",end_to_end,2718,2718,129.19177,131.39576,16.24653,186.46322,0.0003,336.02484,0.00035,0.03766,1.7624,801.12283
"methane_baseline.xmodel","manual_1637345578273",end_to_end,2719,2719,138.32151,155.16755,15.58828,166.81325,0.0003,338.95239,0.00033,0.04423,1.81256,816.7004
"methane_baseline.xmodel","manual_1637345578273",end_to_end,2720,2720,352.17468,176.0277,16.23039,144.88211,0.00027,339.20974,0.00055,0.04246,1.83837,1030.40627
"methane_baseline.xmodel","manual_1637345578273",end_to_end,2721,2721,4.68631,196.66124,14.45851,123.10944,0.00027,336.13979,0.00041,0.04276,1.71645,676.81518
"methane_baseline.xmodel","manual_1637345578273",end_to_end,2722,2722,124.90941,136.01093,16.04922,182.27193,0.0003,335.86428,0.00036,0.03376,1.71443,796.85462
"methane_baseline.xmodel","manual_1637345578273",end_to_end,2723,2723,146.7063,139.83067,15.51179,182.01385,0.00027,339.04505,0.00048,0.05378,1.83539,824.99758
"methane_baseline.xmodel","manual_1637345578273",end_to_end,2724,2724,184.03454,196.73011,14.95771,122.40109,0.00026,336.45481,0.00047,0.04188,1.72862,856.34949
"methane_baseline.xmodel","manual_1637345578273",end_to_end,2725,2725,183.899,220.36309,13.93599,102.8589,0.0004,339.25462,0.00041,0.03768,1.80675,862.15684
"methane_baseline.xmodel","manual_1637345578273",end_to_end,2726,2726,124.16592,230.00585,13.74732,90.94502,0.0003,336.77767,0.00046,0.06624,1.73404,797.44282
"methane_baseline.xmodel","manual_1637345578273",end_to_end,2727,2727,104.78657,178.91374,15.97189,142.44287,0.00041,338.94922,0.00043,0.05418,1.93441,783.05372
"methane_baseline.xmodel","manual_1637345578273",end_to_end,2728,2728,92.73109,154.09674,15.30903,165.59132,0.0005,337.591,0.0007,0.03635,2.03319,767.38992
"methane_baseline.xmodel","manual_1637345578273",end_to_end,2729,2729,305.16602,188.1822,15.11895,132.49061,0.0003,336.65312,0.00033,0.04516,1.81387,979.47056
"methane_baseline.xmodel","manual_1637345578273",end_to_end,2730,2730,6.53181,150.4042,15.60596,171.08007,0.00028,341.41038,0.00075,0.08155,1.8798,686.9948
"methane_baseline.xmodel","manual_1637345578273",end_to_end,2731,2731,173.13224,176.51965,15.76512,147.10141,0.00044,339.83152,0.00047,0.05078,1.83517,854.2368
"methane_baseline.xmodel","manual_1637345578273",end_to_end,2732,2732,134.56697,198.85358,15.1505,120.56505,0.00026,336.04034,0.00046,0.04372,1.86218,807.08306
"methane_baseline.xmodel","manual_1637345578273",end_to_end,2733,2733,149.05518,170.60951,15.67112,151.60833,0.00025,338.82899,0.00059,0.04701,1.82666,827.64764
"methane_baseline.xmodel","manual_1637345578273",end_to_end,2734,2734,122.44262,194.19885,15.24418,124.72712,0.00029,336.03007,0.00042,0.04251,1.81375,794.49981
"methane_baseline.xmodel","manual_1637345578273",end_to_end,2735,2735,153.51595,202.21261,13.67776,121.03232,0.17638,338.4316,0.00046,0.0439,1.92213,831.01311
"methane_baseline.xmodel","manual_1637345578273",end_to_end,2736,2736,126.64805,211.26102,14.22581,108.62377,0.00037,336.46796,0.00097,0.06793,1.83944,799.13532
"methane_baseline.xmodel","manual_1637345578273",end_to_end,2737,2737,122.9164,151.2681,16.1339,169.32067,0.00026,338.57274,0.00044,0.0342,1.88773,800.13444
"methane_baseline.xmodel","manual_1637345578273",end_to_end,2738,2738,110.49663,210.73039,17.63289,106.25138,0.00032,336.47366,0.00031,0.04282,1.94276,783.57116
"methane_baseline.xmodel","manual_1637345578273",end_to_end,2739,2739,171.30852,213.24078,13.58257,109.76316,0.00031,338.58307,0.0005,0.04374,1.85954,848.38219
"methane_baseline.xmodel","manual_1637345578273",end_to_end,2740,2740,108.19378,215.33044,14.54342,104.65844,0.00025,336.42452,0.00056,0.05249,1.84023,781.04413
"methane_baseline.xmodel","manual_1637345578273",end_to_end,2741,2741,111.71006,227.72468,14.0098,94.90369,0.00025,339.05694,0.00029,0.04139,1.8528,789.2999
"methane_baseline.xmodel","manual_1637345578273",end_to_end,2742,2742,106.70348,198.80947,15.10199,120.47505,0.00031,336.47927,0.00034,0.05118,1.79505,779.41614
"methane_baseline.xmodel","manual_1637345578273",end_to_end,2743,2743,96.81974,182.62797,13.6312,140.87303,0.00031,338.67001,0.00035,0.03994,1.85483,774.51738
"methane_baseline.xmodel","manual_1637345578273",end_to_end,2744,2744,122.36088,173.14525,16.14202,145.29783,0.00026,336.32725,0.00072,0.08144,1.88858,795.24423
"methane_baseline.xmodel","manual_1637345578273",end_to_end,2745,2745,282.03317,157.42058,14.04139,162.95613,0.00061,336.49678,0.00046,0.04877,1.87489,954.87278
"methane_baseline.xmodel","manual_1637345578273",end_to_end,2746,2746,7.94332,129.49257,16.30839,190.97593,0.00024,338.80243,0.00031,0.04906,1.82296,685.39521
"methane_baseline.xmodel","manual_1637345578273",end_to_end,2747,2747,192.88513,214.58134,13.4828,108.83664,0.00029,338.71679,0.00047,0.03331,1.97513,870.5119
"methane_baseline.xmodel","manual_1637345578273",end_to_end,2748,2748,164.93772,215.85688,14.86363,103.79435,0.00025,336.83119,0.00035,0.03879,1.88843,838.21159
"methane_baseline.xmodel","manual_1637345578273",end_to_end,2749,2749,110.71689,160.94732,14.05781,161.82799,0.00026,339.18031,0.00062,0.04958,1.95436,788.73514
"methane_baseline.xmodel","manual_1637345578273",end_to_end,2750,2750,105.71819,141.40119,18.27046,175.22113,0.00032,336.93575,0.00031,0.03609,1.75067,779.33411
"methane_baseline.xmodel","manual_1637345578273",end_to_end,2751,2751,163.86011,221.24158,14.22504,101.68345,0.00025,338.81107,0.00039,0.03997,1.95622,841.81808
"methane_baseline.xmodel","manual_1637345578273",end_to_end,2752,2752,177.17741,221.63569,15.13323,98.2043,0.00027,336.09519,0.00031,0.05702,2.21481,850.51823
"methane_baseline.xmodel","manual_1637345578273",end_to_end,2753,2753,103.69253,173.06009,14.63842,149.10487,0.00024,339.09334,0.00031,0.04171,1.91302,781.54453
"methane_baseline.xmodel","manual_1637345578273",end_to_end,2754,2754,100.02419,140.45622,17.88505,175.94452,0.0003,336.99254,0.00047,0.05575,1.80367,773.16271
"methane_baseline.xmodel","manual_1637345578273",end_to_end,2755,2755,279.18399,216.97787,15.40835,102.29477,0.00028,336.40351,0.00034,0.0445,1.8609,952.17451
"methane_baseline.xmodel","manual_1637345578273",end_to_end,2756,2756,50.2033,194.66302,13.6835,128.73225,0.00025,339.79232,0.00036,0.03606,1.79651,728.90757
"methane_baseline.xmodel","manual_1637345578273",end_to_end,2757,2757,130.69061,129.03231,16.2809,192.5131,0.00028,339.14838,0.0003,0.04129,1.80347,809.51064
"methane_baseline.xmodel","manual_1637345578273",end_to_end,2758,2758,104.17727,191.81469,15.12808,127.5882,0.00035,336.29841,0.00043,0.04449,1.81125,776.86317
"methane_baseline.xmodel","manual_1637345578273",end_to_end,2759,2759,316.68909,218.83492,15.43336,100.11514,0.00028,336.17016,0.00045,0.04483,1.85636,989.14459
"methane_baseline.xmodel","manual_1637345578273",end_to_end,2760,2760,7.13762,201.83065,13.70902,121.76835,0.00024,338.93063,0.00035,0.03616,1.86527,685.27829
"methane_baseline.xmodel","manual_1637345578273",end_to_end,2761,2761,123.62578,130.5143,15.88951,190.66792,0.00028,338.86205,0.00048,0.04443,1.79054,801.39529
"methane_baseline.xmodel","manual_1637345578273",end_to_end,2762,2762,101.99195,145.94448,15.14889,173.20389,0.00031,336.28615,0.00044,0.04902,1.85325,774.47838
"methane_baseline.xmodel","manual_1637345578273",end_to_end,2763,2763,192.5764,225.46014,15.32689,96.16421,0.0003,338.56945,0.00033,0.03827,1.81147,869.94746
"methane_baseline.xmodel","manual_1637345578273",end_to_end,2764,2764,175.10184,210.91156,14.69528,108.77279,0.00025,336.17536,0.00034,0.04261,1.87732,847.57735
"methane_baseline.xmodel","manual_1637345578273",end_to_end,2765,2765,98.02073,150.78204,14.08414,171.84173,0.00025,338.97943,0.00074,0.04923,1.917,775.67529
"methane_baseline.xmodel","manual_1637345578273",end_to_end,2766,2766,110.71398,201.62564,15.18034,117.42936,0.00062,336.17584,0.00033,0.04956,1.87629,783.05196
"methane_baseline.xmodel","manual_1637345578273",end_to_end,2767,2767,285.46767,217.29728,15.17741,101.79068,0.00026,336.10519,0.00029,0.04929,1.90123,957.7893
"methane_baseline.xmodel","manual_1637345578273",end_to_end,2768,2768,7.57186,188.42752,13.57554,135.11647,0.0003,339.03918,0.00053,0.05292,1.98724,685.77156
"methane_baseline.xmodel","manual_1637345578273",end_to_end,2769,2769,137.13266,138.65226,14.15454,184.20997,0.00027,341.31124,0.00038,0.03856,1.88772,817.3876
"methane_baseline.xmodel","manual_1637345578273",end_to_end,2770,2770,103.75648,194.57536,14.61389,124.95752,0.00031,336.56971,0.0005,0.75923,1.92705,777.16005
"methane_baseline.xmodel","manual_1637345578273",end_to_end,2771,2771,186.26582,129.19351,14.82278,195.20339,0.00023,338.88427,0.00047,0.05252,1.82908,866.25207
"methane_baseline.xmodel","manual_1637345578273",end_to_end,2772,2772,126.9088,177.27119,15.78668,141.54612,0.00024,335.48983,0.00046,0.05746,1.82395,798.88473
"methane_baseline.xmodel","manual_1637345578273",end_to_end,2773,2773,197.13318,236.33841,14.96863,85.646,0.00026,338.84148,0.00093,0.04317,1.75551,874.72757
"methane_baseline.xmodel","manual_1637345578273",end_to_end,2774,2774,144.24045,193.56361,14.46763,124.76383,0.00031,335.60594,0.00036,0.0531,1.74362,814.43885
"methane_baseline.xmodel","manual_1637345578273",end_to_end,2775,2775,87.52614,246.55829,14.54476,75.85543,0.0003,338.62383,0.00034,0.04204,1.83797,764.9891
"methane_baseline.xmodel","manual_1637345578273",end_to_end,2776,2776,126.65097,254.40583,15.14743,64.16341,0.00024,335.73142,0.00046,0.04147,1.74327,797.8845
"methane_baseline.xmodel","manual_1637345578273",end_to_end,2777,2777,77.65568,136.46113,14.27457,186.07641,0.00028,338.68312,0.00034,0.08425,1.82089,755.05667
"methane_baseline.xmodel","manual_1637345578273",end_to_end,2778,2778,66.028,167.5801,14.95836,151.33519,0.0003,335.59155,0.00044,0.04739,1.78818,737.32951
"methane_baseline.xmodel","manual_1637345578273",end_to_end,2779,2779,279.60964,264.37159,15.3874,54.02609,0.00025,335.32284,0.00039,0.04757,1.76484,950.53061
"methane_baseline.xmodel","manual_1637345578273",end_to_end,2780,2780,61.48314,285.804,14.8829,36.12816,0.0003,338.62608,0.00049,0.04293,1.82292,738.79092
"methane_baseline.xmodel","manual_1637345578273",end_to_end,2781,2781,38.0289,167.4735,14.77368,154.47592,0.00267,338.59735,0.00043,0.03944,1.78424,715.17613
"methane_baseline.xmodel","manual_1637345578273",end_to_end,2782,2782,55.91375,216.22448,14.75508,102.46377,0.00031,335.69674,0.00032,0.04626,1.77276,726.87347
"methane_baseline.xmodel","manual_1637345578273",end_to_end,2783,2783,241.66302,181.05943,14.22336,138.55422,0.00025,335.60135,0.00031,0.04643,1.74805,912.89642
"methane_baseline.xmodel","manual_1637345578273",end_to_end,2784,2784,18.9985,134.12456,14.18045,188.42626,0.00029,338.7439,0.00037,0.04387,1.84993,696.36813
"methane_baseline.xmodel","manual_1637345578273",end_to_end,2785,2785,190.27599,175.60781,14.98802,146.2968,0.00027,338.60238,0.00407,0.04138,1.78464,867.60136
"methane_baseline.xmodel","manual_1637345578273",end_to_end,2786,2786,140.38313,209.07921,14.16653,110.52101,0.0003,335.3723,0.0003,0.04778,1.72129,811.29185
"methane_baseline.xmodel","manual_1637345578273",end_to_end,2787,2787,227.39449,141.0373,15.79424,176.73293,0.00027,335.25269,0.00051,0.04193,1.70205,897.95641
"methane_baseline.xmodel","manual_1637345578273",end_to_end,2788,2788,33.12375,131.08604,14.19381,191.42777,0.00029,338.67978,0.00033,0.04108,1.84151,710.39436
"methane_baseline.xmodel","manual_1637345578273",end_to_end,2789,2789,269.26138,230.82327,14.34333,88.30311,0.0003,335.26437,0.00037,0.03972,1.75032,939.78617
"methane_baseline.xmodel","manual_1637345578273",end_to_end,2790,2790,102.51315,255.67682,14.3157,66.84532,0.00025,338.86213,0.00047,0.03698,1.88394,780.13476
"methane_baseline.xmodel","manual_1637345578273",end_to_end,2791,2791,141.23328,224.02207,14.95582,94.53011,0.0003,335.15689,0.00033,0.04934,1.98834,811.93648
"methane_baseline.xmodel","manual_1637345578273",end_to_end,2792,2792,17.56441,286.29783,15.52296,35.13206,0.00027,338.94175,0.00035,0.04373,2.02906,695.53242
"methane_baseline.xmodel","manual_1637345578273",end_to_end,2793,2793,105.94264,226.24737,14.67719,92.43641,0.00028,334.60579,0.00041,0.04249,1.62,775.57258
"methane_baseline.xmodel","manual_1637345578273",end_to_end,2794,2794,27.43917,244.06184,15.00196,77.9412,0.00025,338.69617,0.00046,0.03386,1.87808,705.05299
"methane_baseline.xmodel","manual_1637345578273",end_to_end,2795,2795,80.02568,659.1649,12.81768,0.05035,0.00021,339.96928,0.00035,0.05005,2.0724,1094.1509
"methane_baseline.xmodel","manual_1637345578273",end_to_end,2796,2796,94.48203,603.67232,14.4832,0.07495,0.00026,336.48314,0.00058,0.06133,1.8796,1051.13741
"methane_baseline.xmodel","manual_1637345578273",end_to_end,2797,2797,0.00119,218.86738,14.16567,106.96772,0.00026,340.54348,0.00034,0.04943,2.1264,682.72187
"methane_baseline.xmodel","manual_1637345578273",end_to_end,2798,2798,0.0016,247.2962,13.95566,74.15837,0.00028,337.11197,0.00032,0.03168,1.78755,674.34363
"methane_baseline.xmodel","manual_1637345578273",end_to_end,2799,2799,109.0974,296.88869,15.86843,25.63138,0.00031,341.12484,0.00033,0.0406,1.66804,790.32002
"methane_baseline.xmodel","manual_1637345578273",end_to_end,2800,2800,76.11876,300.50195,15.79087,18.85516,0.00025,338.64638,0.00033,0.10334,1.73924,751.75628
"methane_baseline.xmodel","manual_1637345578273",end_to_end,2801,2801,27.87277,312.46896,16.18384,10.21617,0.00027,343.60335,0.00053,0.03259,1.68552,712.064
"methane_baseline.xmodel","manual_1637345578273",end_to_end,2802,2802,20.68401,281.88941,16.49203,38.42265,0.00028,338.67074,0.0005,0.06697,1.68434,697.91093
"methane_baseline.xmodel","manual_1637345578273",end_to_end,2803,2803,38.12051,326.64701,18.4303,0.0346,0.00025,340.08262,0.0004,0.02605,1.89656,725.2383
"methane_baseline.xmodel","manual_1637345578273",end_to_end,2804,2804,14.06917,307.12957,16.68485,13.0267,0.00028,336.76464,0.00051,0.05109,1.93231,689.65912
"methane_baseline.xmodel","manual_1637345578273",end_to_end,2805,2805,14.76747,289.0258,15.31659,30.67273,0.00024,336.62627,0.00032,0.04761,1.89471,688.35174
"methane_baseline.xmodel","manual_1637345578273",end_to_end,2806,2806,0.00046,251.70797,14.27032,74.11866,0.00026,340.14703,0.00031,0.04318,1.90631,682.1945
"methane_baseline.xmodel","manual_1637345578273",end_to_end,2807,2807,76.05321,272.02447,16.94214,49.25255,0.00029,340.46321,0.00037,0.04239,1.92084,756.69947
"methane_baseline.xmodel","manual_1637345578273",end_to_end,2808,2808,32.65977,265.91817,15.26811,53.44075,0.00025,336.54339,0.00036,0.04872,1.86987,705.74939
"methane_baseline.xmodel","manual_1637345578273",end_to_end,2809,2809,55.37392,211.85597,13.98725,108.77001,0.0003,336.81851,0.00043,1.20917,2.16111,730.17667
"methane_baseline.xmodel","manual_1637345578273",end_to_end,2810,2810,51.20784,260.09042,15.48707,62.91914,0.00026,340.39978,0.0005,0.07035,1.95628,732.13164
"methane_baseline.xmodel","manual_1637345578273",end_to_end,2811,2811,110.67144,303.65485,15.35542,15.89703,0.00026,336.92896,0.00058,0.98962,1.89132,785.38948
"methane_baseline.xmodel","manual_1637345578273",end_to_end,2812,2812,64.89741,308.76894,16.8885,12.77484,0.00032,340.81574,0.00067,0.08147,1.92121,746.1491
"methane_baseline.xmodel","manual_1637345578273",end_to_end,2813,2813,19.28203,230.06758,13.74768,89.71932,0.00029,336.00827,0.00037,1.00635,1.96036,691.79225
"methane_baseline.xmodel","manual_1637345578273",end_to_end,2814,2814,14.81113,254.32355,15.55564,68.92138,0.00026,340.45009,0.00043,0.05219,1.88812,696.00279
"methane_baseline.xmodel","manual_1637345578273",end_to_end,2815,2815,92.63246,259.82316,14.18508,59.09121,0.00025,335.71782,0.00036,1.009,1.82457,764.28391
"methane_baseline.xmodel","manual_1637345578273",end_to_end,2816,2816,70.88572,287.60665,15.79501,35.07702,0.00029,340.01149,0.00033,0.04091,1.81113,751.22855
"methane_baseline.xmodel","manual_1637345578273",end_to_end,2817,2817,89.81034,199.88548,14.00674,124.19485,0.00029,339.271,0.00046,0.04487,1.77766,768.99169
"methane_baseline.xmodel","manual_1637345578273",end_to_end,2818,2818,9.23526,275.89107,15.24312,41.63224,0.00029,336.31807,0.00033,1.02567,1.90423,681.25028
"methane_baseline.xmodel","manual_1637345578273",end_to_end,2819,2819,126.04996,306.6308,15.61312,15.17066,0.00029,339.40479,0.00044,0.03978,1.79658,804.70642
"methane_baseline.xmodel","manual_1637345578273",end_to_end,2820,2820,44.46403,296.51818,15.08371,21.88678,0.00027,336.10942,0.00033,0.97949,2.07263,717.11484
"methane_baseline.xmodel","manual_1637345578273",end_to_end,2821,2821,24.81137,256.8686,14.40068,61.91896,0.00031,336.00508,0.00038,0.97977,1.97144,696.95659
"methane_baseline.xmodel","manual_1637345578273",end_to_end,2822,2822,16.97387,268.02418,15.72767,53.82925,0.00027,339.17009,0.0004,0.03675,1.78656,695.54904
"methane_baseline.xmodel","manual_1637345578273",end_to_end,2823,2823,64.96529,179.74097,14.61034,138.60745,0.00024,335.80685,0.00038,0.99617,2.00053,736.72822
"methane_baseline.xmodel","manual_1637345578273",end_to_end,2824,2824,55.6762,243.16023,14.3539,79.803,0.0003,339.11764,0.00044,0.03433,1.80724,733.95328
"methane_baseline.xmodel","manual_1637345578273",end_to_end,2825,2825,182.91202,241.21689,14.98893,81.09031,0.00027,339.0437,0.00053,0.05329,2.03572,861.34166
"methane_baseline.xmodel","manual_1637345578273",end_to_end,2826,2826,40.2799,277.13706,15.82844,39.88106,0.00029,335.97015,0.00034,1.03032,1.97838,712.10594
"methane_baseline.xmodel","manual_1637345578273",end_to_end,2827,2827,42.87846,207.73994,13.87015,111.35585,0.00024,337.72715,0.00045,0.43262,1.81322,715.81808
"methane_baseline.xmodel","manual_1637345578273",end_to_end,2828,2828,82.93216,231.74215,15.65387,89.82361,0.00031,339.36374,0.00046,0.0434,1.75982,761.31952
"methane_baseline.xmodel","manual_1637345578273",end_to_end,2829,2829,114.34898,210.92496,13.7814,110.00771,0.00029,338.27364,0.00048,0.04598,1.78553,789.16897
"methane_baseline.xmodel","manual_1637345578273",end_to_end,2830,2830,91.89038,235.50088,14.62334,87.16774,0.00025,339.20216,0.00028,0.04191,1.7384,770.16534
"methane_baseline.xmodel","manual_1637345578273",end_to_end,2831,2831,112.25323,202.55146,14.72896,118.74638,0.00026,338.69363,0.00045,0.03989,1.85224,788.8665
"methane_baseline.xmodel","manual_1637345578273",end_to_end,2832,2832,88.99666,194.88682,13.71988,128.76263,0.0003,339.44048,0.0005,0.03444,1.7694,767.61111
"methane_baseline.xmodel","manual_1637345578273",end_to_end,2833,2833,120.59117,263.64468,14.0875,59.1204,0.00031,338.09759,0.0003,0.05775,2.03685,797.63655
"methane_baseline.xmodel","manual_1637345578273",end_to_end,2834,2834,130.56526,292.26866,15.64095,29.73063,0.00027,339.18402,0.00051,0.03326,1.75964,809.1832
"methane_baseline.xmodel","manual_1637345578273",end_to_end,2835,2835,61.01837,230.20718,14.95027,91.04162,0.00333,337.14775,0.00053,0.07233,1.93054,736.37192
"methane_baseline.xmodel","manual_1637345578273",end_to_end,2836,2836,31.53095,235.55539,14.60161,87.21474,0.00031,338.82422,0.00059,0.05023,1.85399,709.63203
"methane_baseline.xmodel","manual_1637345578273",end_to_end,2837,2837,146.11506,201.00124,13.87032,122.162,0.00026,339.56167,0.00049,0.05212,1.79281,824.55597
"methane_baseline.xmodel","manual_1637345578273",end_to_end,2838,2838,36.04956,198.74436,15.01194,121.3283,0.00172,336.05434,0.00054,0.03206,2.01321,709.23603
"methane_baseline.xmodel","manual_1637345578273",end_to_end,2839,2839,178.15131,225.10415,15.68989,96.86842,0.00084,338.77688,0.00044,0.03644,1.76625,856.39462
"methane_baseline.xmodel","manual_1637345578273",end_to_end,2840,2840,69.24504,157.00591,14.3348,162.71881,0.00025,336.46813,0.00034,0.03339,1.72766,741.53433
"methane_baseline.xmodel","manual_1637345578273",end_to_end,2841,2841,164.79166,231.62753,14.95999,87.80385,0.00031,335.81174,0.00033,0.03612,1.7255,836.75703
"methane_baseline.xmodel","manual_1637345578273",end_to_end,2842,2842,98.70567,244.24217,14.51075,78.19025,0.00026,338.79522,0.0004,0.03548,1.78729,776.26749
"methane_baseline.xmodel","manual_1637345578273",end_to_end,2843,2843,150.34812,176.14294,14.67163,146.1668,0.0003,338.54153,0.00044,0.03165,1.83219,827.7356
"methane_baseline.xmodel","manual_1637345578273",end_to_end,2844,2844,19.21558,206.88146,14.44822,112.70085,0.00025,335.79524,0.00034,0.03254,1.73187,690.80635
"methane_baseline.xmodel","manual_1637345578273",end_to_end,2845,2845,178.27407,207.57621,15.31921,113.79617,0.00026,338.47223,0.00044,0.0403,1.7832,855.26209
"methane_baseline.xmodel","manual_1637345578273",end_to_end,2846,2846,84.2253,173.2803,15.68378,145.04599,0.00029,335.62931,0.00035,0.04054,1.82168,755.72754
"methane_baseline.xmodel","manual_1637345578273",end_to_end,2847,2847,146.81489,127.67552,15.11762,191.05766,0.00026,335.5445,0.00036,0.06034,1.84681,818.11796
"methane_baseline.xmodel","manual_1637345578273",end_to_end,2848,2848,115.67829,219.37237,14.96227,102.24956,0.0003,338.36965,0.00044,0.03595,1.81247,792.4813
"methane_baseline.xmodel","manual_1637345578273",end_to_end,2849,2849,192.92518,255.32784,14.03155,64.32386,0.0003,335.72225,0.00034,0.04854,1.77375,864.15361
"methane_baseline.xmodel","manual_1637345578273",end_to_end,2850,2850,104.07402,274.7512,16.53634,45.24554,0.00025,338.83835,0.00052,0.03468,1.81037,781.29127
"methane_baseline.xmodel","manual_1637345578273",end_to_end,2851,2851,66.2291,277.64129,17.11849,39.04481,0.00031,335.59434,0.00046,0.05859,1.77948,737.46687
"methane_baseline.xmodel","manual_1637345578273",end_to_end,2852,2852,47.08682,273.09886,16.71082,47.17892,0.00024,338.42249,0.00052,0.03909,1.78593,724.32369
"methane_baseline.xmodel","manual_1637345578273",end_to_end,2853,2853,40.86718,193.67844,15.29331,124.81005,0.00031,335.43835,0.00036,0.04308,1.75439,711.88547
"methane_baseline.xmodel","manual_1637345578273",end_to_end,2854,2854,49.01744,233.34214,15.00122,88.2341,0.00026,338.65774,0.00032,0.04974,1.81733,726.12029
"methane_baseline.xmodel","manual_1637345578273",end_to_end,2855,2855,126.65469,208.90738,14.35021,110.33392,0.00026,335.43583,0.00069,0.03307,1.72256,797.43861
"methane_baseline.xmodel","manual_1637345578273",end_to_end,2856,2856,90.06501,211.86305,14.31881,110.63869,0.0003,338.61733,0.00043,0.04727,1.86031,767.4112
"methane_baseline.xmodel","manual_1637345578273",end_to_end,2857,2857,112.14733,157.99478,13.53755,162.0871,0.0003,335.33209,0.00035,0.02698,1.72642,782.8529
"methane_baseline.xmodel","manual_1637345578273",end_to_end,2858,2858,112.51946,219.62686,15.23213,101.87979,0.00025,338.50369,0.00031,0.03389,1.73194,789.52832
"methane_baseline.xmodel","manual_1637345578273",end_to_end,2859,2859,163.85073,168.1087,15.01257,150.43924,0.00024,335.27711,0.00034,0.04096,1.69775,834.42764
"methane_baseline.xmodel","manual_1637345578273",end_to_end,2860,2860,103.78068,213.82101,14.49217,108.28074,0.0003,338.49813,0.00055,0.05035,1.80874,780.73267
"methane_baseline.xmodel","manual_1637345578273",end_to_end,2861,2861,152.20365,204.41351,14.80447,114.28577,0.00031,335.49692,0.00032,0.04598,1.88259,823.13352
"methane_baseline.xmodel","manual_1637345578273",end_to_end,2862,2862,110.16138,167.53244,14.93354,154.15313,0.00028,338.87121,0.00047,0.04483,1.74506,787.44234
"methane_baseline.xmodel","manual_1637345578273",end_to_end,2863,2863,116.02862,236.01642,14.41848,83.31777,0.00027,335.6955,0.00033,0.03724,1.71654,787.23117
"methane_baseline.xmodel","manual_1637345578273",end_to_end,2864,2864,156.00877,251.24929,15.08141,70.68215,0.00029,338.36186,0.0004,0.04296,1.88329,833.31042
"methane_baseline.xmodel","manual_1637345578273",end_to_end,2865,2865,85.24732,131.57963,15.31708,186.8693,0.00031,335.70809,0.00034,0.04273,1.81831,756.58311
"methane_baseline.xmodel","manual_1637345578273",end_to_end,2866,2866,72.50379,131.04337,14.97038,190.53291,0.00027,338.54958,0.00047,0.04518,1.8746,749.52055
"methane_baseline.xmodel","manual_1637345578273",end_to_end,2867,2867,188.61834,171.59459,14.88572,147.47047,0.00026,336.9408,0.00034,0.03518,1.79286,861.33856
"methane_baseline.xmodel","manual_1637345578273",end_to_end,2868,2868,192.50312,213.94904,15.13719,107.48984,0.00029,339.18678,0.00057,0.05106,1.90958,870.22747
"methane_baseline.xmodel","manual_1637345578273",end_to_end,2869,2869,149.33577,159.2222,13.55189,162.29571,0.00029,337.67672,0.00029,0.03623,1.76888,823.88798
"methane_baseline.xmodel","manual_1637345578273",end_to_end,2870,2870,109.39167,175.20728,16.85842,145.208,0.00026,339.53608,0.00043,0.03508,1.85945,788.09667
"methane_baseline.xmodel","manual_1637345578273",end_to_end,2871,2871,266.29052,212.92306,15.75268,108.88744,0.00029,339.48438,0.00032,0.04553,1.98227,945.36649
"methane_baseline.xmodel","manual_1637345578273",end_to_end,2872,2872,45.01718,172.16643,14.85874,148.81319,0.00027,335.53912,0.00034,0.04935,1.71216,718.15678
"methane_baseline.xmodel","manual_1637345578273",end_to_end,2873,2873,254.63639,167.62797,16.97042,152.94649,0.00026,339.35697,0.00057,1.10174,2.40972,935.05053
"methane_baseline.xmodel","manual_1637345578273",end_to_end,2874,2874,6.80606,163.4984,14.1688,156.0755,0.00032,335.73951,0.00053,0.04801,1.70908,678.04621
"methane_baseline.xmodel","manual_1637345578273",end_to_end,2875,2875,265.91661,138.76698,14.33502,184.1958,0.00032,338.84667,0.00046,0.47838,2.15636,944.6966
"methane_baseline.xmodel","manual_1637345578273",end_to_end,2876,2876,46.88292,148.89206,14.91869,170.15403,0.00027,335.53526,0.00037,0.91682,1.76625,719.06667
"methane_baseline.xmodel","manual_1637345578273",end_to_end,2877,2877,171.92464,179.91636,13.89457,139.95351,0.00026,335.38673,0.00048,0.06556,1.76205,842.90416
"methane_baseline.xmodel","manual_1637345578273",end_to_end,2878,2878,187.72085,181.18629,14.3726,139.76625,0.00024,339.26586,0.00033,0.04406,1.97753,864.33401
"methane_baseline.xmodel","manual_1637345578273",end_to_end,2879,2879,142.65222,269.08284,15.78256,47.8211,0.00025,335.63394,0.00032,0.04759,1.75092,812.77174
"methane_baseline.xmodel","manual_1637345578273",end_to_end,2880,2880,142.40419,219.45343,15.14963,102.02928,0.0003,339.1374,0.0005,0.04417,1.85919,820.07809
"methane_baseline.xmodel","manual_1637345578273",end_to_end,2881,2881,49.64928,205.18395,14.11317,114.49608,0.00029,335.93793,0.00033,0.05403,1.8061,721.24116
"methane_baseline.xmodel","manual_1637345578273",end_to_end,2882,2882,104.06716,228.39109,15.3122,93.39258,0.00029,339.52613,0.00086,0.04202,2.4807,783.21303
"methane_baseline.xmodel","manual_1637345578273",end_to_end,2883,2883,116.31711,229.40619,14.45776,90.25516,0.00025,336.26067,0.00034,0.03974,1.81009,788.54731
"methane_baseline.xmodel","manual_1637345578273",end_to_end,2884,2884,95.38445,201.61931,14.91112,121.01085,0.00029,339.53657,0.00049,0.05426,2.05338,774.57072
"methane_baseline.xmodel","manual_1637345578273",end_to_end,2885,2885,92.12107,144.70173,16.15886,173.53169,0.00025,335.59809,0.00035,0.03817,1.76151,763.91172
"methane_baseline.xmodel","manual_1637345578273",end_to_end,2886,2886,123.63782,186.51604,15.23333,135.17226,0.00025,339.28401,0.00043,0.05966,2.14372,802.04752
"methane_baseline.xmodel","manual_1637345578273",end_to_end,2887,2887,304.71436,142.44627,16.74826,177.94329,0.00025,339.35449,0.00037,0.04559,2.13529,983.38817
"methane_baseline.xmodel","manual_1637345578273",end_to_end,2888,2888,8.0043,137.85647,17.08486,178.79278,0.00028,335.99678,0.00043,0.08106,1.74543,679.56239
"methane_baseline.xmodel","manual_1637345578273",end_to_end,2889,2889,313.81133,200.40361,15.11014,121.55098,0.00025,339.21627,0.00055,0.06047,2.09645,992.25005
"methane_baseline.xmodel","manual_1637345578273",end_to_end,2890,2890,47.01798,220.6814,14.26343,99.26202,0.00031,336.01278,0.00048,0.06023,1.81724,719.11587
"methane_baseline.xmodel","manual_1637345578273",end_to_end,2891,2891,101.10458,145.04181,16.75082,172.38503,0.00026,335.58856,0.00036,0.03868,1.756,772.6661
"methane_baseline.xmodel","manual_1637345578273",end_to_end,2892,2892,123.73055,191.91648,15.19304,129.93173,0.00029,339.30696,0.00055,0.06692,2.13677,802.28329
"methane_baseline.xmodel","manual_1637345578273",end_to_end,2893,2893,174.29602,153.42486,15.50201,164.75231,0.0003,335.45173,0.00039,0.03913,1.79054,845.25729
"methane_baseline.xmodel","manual_1637345578273",end_to_end,2894,2894,132.11925,172.18474,16.43624,148.50745,0.00076,339.45564,0.00053,0.04823,2.15013,810.90297
"methane_baseline.xmodel","manual_1637345578273",end_to_end,2895,2895,309.9829,172.13865,16.59706,148.50427,0.0003,339.09007,0.00056,0.04803,2.08363,988.44547
"methane_baseline.xmodel","manual_1637345578273",end_to_end,2896,2896,7.28503,185.11827,14.12864,134.40776,0.00027,335.34732,0.00033,0.04041,1.78228,678.11031
"methane_baseline.xmodel","manual_1637345578273",end_to_end,2897,2897,136.24372,139.99666,20.01807,173.49094,0.0003,336.62867,0.00043,0.03658,1.7071,808.12247
"methane_baseline.xmodel","manual_1637345578273",end_to_end,2898,2898,150.73259,192.5903,15.52741,128.74748,0.00027,340.1228,0.00043,0.04625,2.06962,829.83715
"methane_baseline.xmodel","manual_1637345578273",end_to_end,2899,2899,175.3238,200.99769,14.22265,119.56702,0.00025,336.82284,0.00084,0.134,2.14799,849.21708
"methane_baseline.xmodel","manual_1637345578273",end_to_end,2900,2900,130.90323,153.48063,15.14975,169.3461,0.0003,339.601,0.00194,0.05307,2.3124,810.84842
"methane_baseline.xmodel","manual_1637345578273",end_to_end,2901,2901,276.00441,164.52556,18.10844,154.80658,0.00026,341.0573,0.00046,0.05047,1.75637,956.30985
"methane_baseline.xmodel","manual_1637345578273",end_to_end,2902,2902,16.83306,195.96052,14.32256,124.81881,0.0003,336.75421,0.00032,0.05604,1.80995,690.55577
"methane_baseline.xmodel","manual_1637345578273",end_to_end,2903,2903,284.21163,177.5745,16.1805,144.92134,0.00031,339.17644,0.00078,0.05414,1.80178,963.92142
"methane_baseline.xmodel","manual_1637345578273",end_to_end,2904,2904,0.03126,173.3631,15.93527,145.21226,0.00031,336.22481,0.00032,0.04019,1.76049,672.56801
"methane_baseline.xmodel","manual_1637345578273",end_to_end,2905,2905,147.10353,190.29464,14.29061,129.7474,0.00031,335.81447,0.00044,0.04992,1.70898,819.0103
"methane_baseline.xmodel","manual_1637345578273",end_to_end,2906,2906,146.73521,154.61674,18.38738,164.35763,0.00023,339.10766,0.00032,0.04417,1.77494,825.02428
"methane_baseline.xmodel","manual_1637345578273",end_to_end,2907,2907,131.57101,212.70193,13.63653,107.65429,0.00026,336.0089,0.00031,0.05163,1.72576,803.35062
"methane_baseline.xmodel","manual_1637345578273",end_to_end,2908,2908,166.22565,217.92357,13.88319,105.4318,0.00025,339.11639,0.00056,0.04841,1.81978,844.4496
"methane_baseline.xmodel","manual_1637345578273",end_to_end,2909,2909,109.41874,186.10789,14.63803,133.50137,0.00029,336.24399,0.00046,0.04351,1.7467,781.70098
"methane_baseline.xmodel","manual_1637345578273",end_to_end,2910,2910,107.25015,160.58092,14.98757,161.71285,0.00026,339.38179,0.00051,0.04077,1.84552,785.80034
"methane_baseline.xmodel","manual_1637345578273",end_to_end,2911,2911,135.28361,175.54616,16.23277,142.68168,0.00026,336.5909,0.00059,0.07973,1.70584,808.12154
"methane_baseline.xmodel","manual_1637345578273",end_to_end,2912,2912,163.58285,189.78885,14.13574,133.58554,0.00029,339.27664,0.00038,0.048,1.84103,842.25932
"methane_baseline.xmodel","manual_1637345578273",end_to_end,2913,2913,144.47088,106.49385,16.63715,211.68813,0.00075,336.86825,0.00037,0.04855,1.8361,818.04403
"methane_baseline.xmodel","manual_1637345578273",end_to_end,2914,2914,298.19311,190.7846,15.20293,129.08555,0.00041,337.70624,0.00087,0.05598,1.93992,972.96961
"methane_baseline.xmodel","manual_1637345578273",end_to_end,2915,2915,50.76837,162.02815,14.81115,160.53771,0.00029,339.18325,0.00049,0.03903,2.45651,729.82495
"methane_baseline.xmodel","manual_1637345578273",end_to_end,2916,2916,162.5244,126.91653,15.54967,194.72124,0.00029,341.008,0.00037,0.05174,1.91109,842.68333
"methane_baseline.xmodel","manual_1637345578273",end_to_end,2917,2917,468.88384,137.1945,15.52723,182.07756,0.00027,336.37396,0.00044,0.05371,1.75326,1141.86477
"methane_baseline.xmodel","manual_1637345578273",end_to_end,2918,2918,17.81225,124.86295,15.90493,195.05118,0.0003,336.84708,0.00035,0.06975,1.80149,692.35028
"methane_baseline.xmodel","manual_1637345578273",end_to_end,2919,2919,38.68351,144.54389,17.50264,176.3906,0.00028,339.92784,0.00027,0.03811,1.86395,718.95109
"methane_baseline.xmodel","manual_1637345578273",end_to_end,2920,2920,333.13637,123.40045,18.27335,192.74549,0.00031,336.02288,0.00029,0.05204,1.81284,1005.44402
"methane_baseline.xmodel","manual_1637345578273",end_to_end,2921,2921,29.25943,152.58079,15.55373,169.80878,0.00029,338.44526,0.00037,0.04269,1.86827,707.55961
"methane_baseline.xmodel","manual_1637345578273",end_to_end,2922,2922,171.7148,199.9776,13.87166,122.68517,0.00025,338.41721,0.0005,0.03616,1.84405,848.5474
"methane_baseline.xmodel","manual_1637345578273",end_to_end,2923,2923,194.5773,163.43445,15.98095,154.76841,0.00025,336.27798,0.00045,0.04653,1.83432,866.92064
"methane_baseline.xmodel","manual_1637345578273",end_to_end,2924,2924,124.61735,153.87846,16.00047,166.60351,0.00033,338.42284,0.00037,0.0376,1.88878,801.44971
"methane_baseline.xmodel","manual_1637345578273",end_to_end,2925,2925,156.60048,146.44487,15.24084,172.72132,0.00041,336.16636,0.00031,0.04511,1.8146,829.0343
"methane_baseline.xmodel","manual_1637345578273",end_to_end,2926,2926,168.51078,125.80684,16.96282,193.74877,0.00025,338.65692,0.00043,0.04111,1.85019,845.57811
"methane_baseline.xmodel","manual_1637345578273",end_to_end,2927,2927,510.7931,211.58928,14.47305,108.53156,0.00025,336.73412,0.00027,0.06476,1.88667,1184.07306
"methane_baseline.xmodel","manual_1637345578273",end_to_end,2928,2928,3.87808,149.4439,15.10458,169.71084,0.00029,336.47336,0.00029,0.05208,1.83411,676.49753
"methane_baseline.xmodel","manual_1637345578273",end_to_end,2929,2929,27.2328,195.58008,13.77278,127.36329,0.00029,338.61525,0.00035,0.03697,1.8634,704.46521
"methane_baseline.xmodel","manual_1637345578273",end_to_end,2930,2930,129.26997,143.11769,16.33563,177.25393,0.00026,338.47527,0.00033,0.04082,1.84142,806.33532
"methane_baseline.xmodel","manual_1637345578273",end_to_end,2931,2931,110.45448,161.31545,14.20983,159.2933,0.00027,336.3002,0.00054,0.04427,1.88266,783.501
"methane_baseline.xmodel","manual_1637345578273",end_to_end,2932,2932,319.60255,158.2227,14.1189,161.9789,0.00033,336.51121,0.00064,0.04173,1.81032,992.28728
"methane_baseline.xmodel","manual_1637345578273",end_to_end,2933,2933,20.82952,134.316,16.22682,186.01542,0.0003,338.8983,0.00034,0.03732,1.85435,698.17837
"methane_baseline.xmodel","manual_1637345578273",end_to_end,2934,2934,326.18897,190.12551,15.0924,129.31667,0.00026,336.31385,0.00031,0.04304,1.78581,998.86682
"methane_baseline.xmodel","manual_1637345578273",end_to_end,2935,2935,25.66372,215.54019,13.8754,107.59394,0.00025,338.93789,0.00042,0.06581,1.90788,703.5855
"methane_baseline.xmodel","manual_1637345578273",end_to_end,2936,2936,109.5088,183.17391,13.66343,140.1974,0.00033,338.8255,0.00169,0.05298,1.98235,787.40639
"methane_baseline.xmodel","manual_1637345578273",end_to_end,2937,2937,131.19346,191.89847,14.99001,127.54903,0.00031,336.65216,0.00031,0.04975,1.81868,804.15218
"methane_baseline.xmodel","manual_1637345578273",end_to_end,2938,2938,142.18297,164.52798,13.86206,158.45795,0.00026,339.31802,0.00038,0.05638,1.98042,820.38642
"methane_baseline.xmodel","manual_1637345578273",end_to_end,2939,2939,129.39732,208.17637,14.88295,111.7539,0.00026,336.2004,0.00032,0.04587,2.07399,802.53138
"methane_baseline.xmodel","manual_1637345578273",end_to_end,2940,2940,160.51017,214.39052,13.70692,109.17872,0.00025,339.4329,0.00069,0.05178,1.92733,839.19928
"methane_baseline.xmodel","manual_1637345578273",end_to_end,2941,2941,113.67738,209.51017,14.79494,109.98108,0.0003,336.42335,0.00036,0.04081,1.79692,786.22531
"methane_baseline.xmodel","manual_1637345578273",end_to_end,2942,2942,111.25842,213.43435,13.72397,110.19966,0.00026,339.34533,0.00034,0.037,1.78571,789.78504
"methane_baseline.xmodel","manual_1637345578273",end_to_end,2943,2943,112.12908,222.31758,15.0018,96.92687,0.00025,336.13547,0.00036,0.04677,1.83139,784.38957
"methane_baseline.xmodel","manual_1637345578273",end_to_end,2944,2944,112.17626,143.87476,15.5141,177.9805,0.00029,338.6491,0.00034,0.03984,1.81705,790.05224
"methane_baseline.xmodel","manual_1637345578273",end_to_end,2945,2945,98.80822,161.36421,14.14343,158.75209,0.00065,336.13693,0.00037,0.04428,1.76998,771.02016
"methane_baseline.xmodel","manual_1637345578273",end_to_end,2946,2946,301.52107,168.46638,15.20273,150.58938,0.0003,336.47136,0.00034,0.04853,1.8085,974.10859
"methane_baseline.xmodel","manual_1637345578273",end_to_end,2947,2947,38.92162,216.95009,14.52253,105.3483,0.00026,338.91998,0.00037,0.03711,1.78039,716.48065
"methane_baseline.xmodel","manual_1637345578273",end_to_end,2948,2948,107.21175,122.72598,17.11707,197.20804,0.0003,338.79611,0.00036,0.03977,1.80505,784.90443
"methane_baseline.xmodel","manual_1637345578273",end_to_end,2949,2949,152.51624,173.64216,15.40474,145.49123,0.00029,336.31592,0.00036,0.03925,1.90261,825.3128
"methane_baseline.xmodel","manual_1637345578273",end_to_end,2950,2950,199.02044,202.58132,13.77669,120.61785,0.00024,339.07388,0.00026,0.04186,1.79635,876.90889
"methane_baseline.xmodel","manual_1637345578273",end_to_end,2951,2951,147.36774,200.3486,15.21923,118.87004,0.00042,336.35511,0.00064,0.04393,1.88889,820.0946
"methane_baseline.xmodel","manual_1637345578273",end_to_end,2952,2952,122.46314,132.90655,15.16014,189.16322,0.00028,338.77096,0.00063,0.04148,1.87288,800.37928
"methane_baseline.xmodel","manual_1637345578273",end_to_end,2953,2953,120.83845,207.26023,14.67159,112.45891,0.00028,336.07964,0.0003,0.05204,1.87345,793.23489
"methane_baseline.xmodel","manual_1637345578273",end_to_end,2954,2954,190.98129,219.66663,14.79442,102.47932,0.00024,339.54198,0.00046,0.07998,2.06103,869.60535
"methane_baseline.xmodel","manual_1637345578273",end_to_end,2955,2955,114.41617,239.11093,14.68959,80.32658,0.00025,336.12635,0.0006,0.03893,1.82277,786.53217
"methane_baseline.xmodel","manual_1637345578273",end_to_end,2956,2956,104.38744,234.93906,14.96691,87.74063,0.00031,340.93581,0.00031,0.03557,1.89173,784.89777
"methane_baseline.xmodel","manual_1637345578273",end_to_end,2957,2957,82.28064,226.5032,15.06973,92.60457,0.00028,336.64936,0.00042,0.03856,1.72451,754.87127
"methane_baseline.xmodel","manual_1637345578273",end_to_end,2958,2958,89.85446,214.86339,14.35207,109.59277,0.00027,339.14377,0.00032,0.03718,1.86775,769.71198
"methane_baseline.xmodel","manual_1637345578273",end_to_end,2959,2959,94.46406,171.58395,16.21543,146.98787,0.00024,336.00367,0.00049,0.04461,1.75791,767.05823
"methane_baseline.xmodel","manual_1637345578273",end_to_end,2960,2960,111.49556,207.94506,14.35436,114.90107,0.00029,338.85916,0.00036,0.03692,1.8149,789.40768
"methane_baseline.xmodel","manual_1637345578273",end_to_end,2961,2961,148.76902,244.51543,15.05989,74.64348,0.0003,335.55905,0.00029,0.04503,1.74018,820.33267
"methane_baseline.xmodel","manual_1637345578273",end_to_end,2962,2962,116.82102,163.96137,13.64996,159.32537,0.00026,338.95379,0.00054,0.04368,1.80999,794.56598
"methane_baseline.xmodel","manual_1637345578273",end_to_end,2963,2963,76.46982,211.95081,14.43381,107.35655,0.00026,335.5128,0.00051,0.04856,1.77955,747.55267
"methane_baseline.xmodel","manual_1637345578273",end_to_end,2964,2964,161.17153,254.30465,14.1609,68.63421,0.00025,338.85363,0.0006,0.06268,1.86204,839.05049
"methane_baseline.xmodel","manual_1637345578273",end_to_end,2965,2965,109.14437,240.42857,14.80358,78.49542,0.00035,335.36243,0.00033,0.04306,1.77315,780.05126
"methane_baseline.xmodel","manual_1637345578273",end_to_end,2966,2966,70.52391,246.96401,13.9431,76.05512,0.00026,338.56481,0.00035,0.04674,1.80871,747.90701
"methane_baseline.xmodel","manual_1637345578273",end_to_end,2967,2967,80.32267,234.80507,14.52985,84.19251,0.00024,335.54046,0.00037,0.045,1.74486,751.18103
"methane_baseline.xmodel","manual_1637345578273",end_to_end,2968,2968,78.01241,256.5573,14.86548,65.19031,0.00028,338.5425,0.00032,0.04312,1.79582,755.00754
"methane_baseline.xmodel","manual_1637345578273",end_to_end,2969,2969,86.03602,213.94197,14.24541,105.51445,0.0003,335.58091,0.00045,0.04677,1.73909,757.10537
"methane_baseline.xmodel","manual_1637345578273",end_to_end,2970,2970,151.68281,227.31169,15.2831,91.20077,0.00024,335.49197,0.0003,0.04597,1.71272,822.72957
"methane_baseline.xmodel","manual_1637345578273",end_to_end,2971,2971,22.6432,234.07825,14.63975,87.96176,0.00026,338.77902,0.00044,0.03909,1.84759,699.98936
"methane_baseline.xmodel","manual_1637345578273",end_to_end,2972,2972,89.81095,174.51658,15.01655,147.39217,0.0003,338.73274,0.00052,0.05069,1.86693,767.38743
"methane_baseline.xmodel","manual_1637345578273",end_to_end,2973,2973,93.02939,230.18242,15.07564,88.40092,0.00029,335.41302,0.00038,0.04711,1.68077,763.82994
"methane_baseline.xmodel","manual_1637345578273",end_to_end,2974,2974,149.26955,271.44153,15.91689,49.49491,0.00027,338.89818,0.00031,0.03456,1.8497,826.9059
"methane_baseline.xmodel","manual_1637345578273",end_to_end,2975,2975,90.15005,265.27745,16.47297,51.90452,0.00027,335.30079,0.00031,0.04439,1.68056,760.83131
"methane_baseline.xmodel","manual_1637345578273",end_to_end,2976,2976,51.39759,250.56521,15.02516,71.39661,0.00029,338.78536,0.00058,0.05171,1.90501,729.12752
"methane_baseline.xmodel","manual_1637345578273",end_to_end,2977,2977,53.65679,230.40317,14.45031,88.69857,0.00027,335.26188,0.00034,0.05838,1.78087,724.31058
"methane_baseline.xmodel","manual_1637345578273",end_to_end,2978,2978,73.27843,264.3178,14.59454,57.98627,0.00025,339.22353,0.00028,0.03313,1.87065,751.30488
"methane_baseline.xmodel","manual_1637345578273",end_to_end,2979,2979,90.41849,271.06454,16.71521,45.76884,0.00026,335.76759,0.00048,0.04849,1.73808,761.52198
"methane_baseline.xmodel","manual_1637345578273",end_to_end,2980,2980,59.93188,234.25723,14.90872,88.10419,0.0003,338.66031,0.00033,0.04443,1.82871,737.7361
"methane_baseline.xmodel","manual_1637345578273",end_to_end,2981,2981,47.58134,249.89302,14.95456,69.10035,0.00034,335.44905,0.0004,0.0463,1.73515,718.76051
"methane_baseline.xmodel","manual_1637345578273",end_to_end,2982,2982,90.00921,161.68451,14.03297,161.03953,0.00666,338.81012,0.00033,0.04056,1.77976,767.40365
"methane_baseline.xmodel","manual_1637345578273",end_to_end,2983,2983,70.88363,163.24834,14.31319,156.1031,0.00025,336.04364,0.00063,0.10832,1.77678,742.47788
"methane_baseline.xmodel","manual_1637345578273",end_to_end,2984,2984,162.90743,221.28783,14.23943,101.4163,0.00031,339.37597,0.00187,0.05696,2.17753,841.46363
"methane_baseline.xmodel","manual_1637345578273",end_to_end,2985,2985,157.83189,224.12504,14.85814,95.31069,0.00047,335.87283,0.00052,0.04791,1.75593,829.80342
"methane_baseline.xmodel","manual_1637345578273",end_to_end,2986,2986,103.27492,182.97356,15.85564,138.69215,0.00026,342.48269,0.00039,0.04164,2.1048,785.42605
"methane_baseline.xmodel","manual_1637345578273",end_to_end,2987,2987,97.16634,244.44371,14.43217,75.13239,0.00025,336.14334,0.00031,0.04711,1.74048,769.1061
"methane_baseline.xmodel","manual_1637345578273",end_to_end,2988,2988,140.94252,220.80907,15.18291,104.23624,0.0003,338.94798,0.00034,0.04214,1.93932,822.10082
"methane_baseline.xmodel","manual_1637345578273",end_to_end,2989,2989,76.94024,216.79969,15.71038,101.82945,0.0003,335.93301,0.00036,0.05555,1.71913,748.98811
"methane_baseline.xmodel","manual_1637345578273",end_to_end,2990,2990,106.40321,163.12978,15.293,158.35963,0.00027,339.3241,0.00028,0.04131,1.95073,784.50231
"methane_baseline.xmodel","manual_1637345578273",end_to_end,2991,2991,103.61731,182.09426,14.03524,138.02528,0.00025,335.85018,0.00034,0.05145,1.74623,775.42054
"methane_baseline.xmodel","manual_1637345578273",end_to_end,2992,2992,160.34626,170.5108,16.99766,149.81734,0.00027,338.95593,0.00033,0.04066,2.04484,838.71409
"methane_baseline.xmodel","manual_1637345578273",end_to_end,2993,2993,139.79311,229.28374,15.3059,89.49611,0.0003,335.81711,0.00041,0.05586,1.71558,811.46812
"methane_baseline.xmodel","manual_1637345578273",end_to_end,2994,2994,151.8164,200.88787,13.85316,122.20041,0.00027,339.06173,0.0003,0.04272,2.05085,829.91371
"methane_baseline.xmodel","manual_1637345578273",end_to_end,2995,2995,91.29389,244.95302,14.11771,74.94926,0.00036,335.93846,0.00034,0.0528,1.76675,763.07259
"methane_baseline.xmodel","manual_1637345578273",end_to_end,2996,2996,124.29673,219.58959,14.36658,103.00628,0.00026,339.31881,0.00033,0.04462,2.20855,802.83175
"methane_baseline.xmodel","manual_1637345578273",end_to_end,2997,2997,76.7116,263.23705,14.60173,56.33989,0.0003,335.75949,0.00033,0.05107,1.72907,748.43053
"methane_baseline.xmodel","manual_1637345578273",end_to_end,2998,2998,105.10041,167.84628,16.71884,152.6442,0.00025,339.68641,0.0006,0.03642,1.83604,783.86945
"methane_baseline.xmodel","manual_1637345578273",end_to_end,2999,2999,58.15856,236.94738,14.9293,82.06155,0.00025,335.69656,0.00036,0.03241,1.77433,729.6007
"methane_baseline.xmodel","manual_1637345578273",end_to_end,3000,3000,154.90877,258.2304,14.75086,64.4324,0.0003,339.36478,0.00034,0.03214,1.90124,833.62123
"methane_baseline.xmodel","manual_1637345578273",end_to_end,3001,3001,83.86104,236.62226,14.3363,82.93692,0.00024,336.16613,0.00042,0.04424,1.81908,755.78663
"methane_baseline.xmodel","manual_1637345578273",end_to_end,3002,3002,66.3121,238.75888,13.96874,84.7434,0.00025,339.76765,0.00052,0.04258,1.88587,745.47999
"methane_baseline.xmodel","manual_1637345578273",end_to_end,3003,3003,84.73766,212.34505,13.89194,108.12623,0.00026,336.20797,0.00046,0.05415,1.85579,757.21951
"methane_baseline.xmodel","manual_1637345578273",end_to_end,3004,3004,86.68731,183.69159,13.71489,140.41403,0.00026,339.77205,0.00043,0.05048,1.9792,766.31024
"methane_baseline.xmodel","manual_1637345578273",end_to_end,3005,3005,110.01628,184.84811,13.8667,135.62339,0.00032,335.58988,0.00038,0.02615,1.61175,781.58296
"methane_baseline.xmodel","manual_1637345578273",end_to_end,3006,3006,142.36635,592.69522,13.50351,0.05831,0.00212,340.03499,0.00034,1.13533,1.79887,1091.59504
"methane_baseline.xmodel","manual_1637345578273",end_to_end,3007,3007,137.53057,561.53574,12.85697,0.0567,0.00026,336.6833,0.00139,0.06524,1.77262,1050.50279
"methane_baseline.xmodel","manual_1637345578273",end_to_end,3008,3008,0.00122,317.33465,17.50299,15.25855,0.00033,340.43378,0.00032,0.09941,1.99913,692.63038
"methane_baseline.xmodel","manual_1637345578273",end_to_end,3009,3009,0.00141,324.22447,14.05226,0.06812,0.00051,337.26337,0.00031,0.03897,1.75124,677.40066
"methane_baseline.xmodel","manual_1637345578273",end_to_end,3010,3010,3.69902,300.47164,15.25186,31.34496,0.00026,336.98372,0.00038,1.05178,1.97912,690.78274
"methane_baseline.xmodel","manual_1637345578273",end_to_end,3011,3011,4.72541,298.0064,15.05219,24.40926,0.00027,340.59294,0.00031,0.05502,2.04563,684.88743
"methane_baseline.xmodel","manual_1637345578273",end_to_end,3012,3012,38.33858,176.52426,15.1166,146.86336,0.00024,340.31393,0.00033,0.06436,2.01404,719.2357
"methane_baseline.xmodel","manual_1637345578273",end_to_end,3013,3013,21.31964,214.57981,14.17554,106.41989,0.0003,336.47937,0.00027,0.04098,1.85688,694.87268
"methane_baseline.xmodel","manual_1637345578273",end_to_end,3014,3014,148.94724,216.91952,14.38191,106.94027,0.00025,340.12987,0.00037,0.05387,1.92293,829.29623
"methane_baseline.xmodel","manual_1637345578273",end_to_end,3015,3015,109.44564,273.60227,16.56821,43.28209,0.00026,336.73635,0.00032,0.04656,1.88378,781.56548
"methane_baseline.xmodel","manual_1637345578273",end_to_end,3016,3016,109.01492,234.71674,13.75786,89.58136,0.00029,340.68371,0.00072,0.09038,2.03607,789.88205
"methane_baseline.xmodel","manual_1637345578273",end_to_end,3017,3017,45.21185,280.48425,16.5124,37.78938,0.0003,336.3729,0.00034,0.04899,2.00723,718.42764
"methane_baseline.xmodel","manual_1637345578273",end_to_end,3018,3018,91.56667,184.05568,14.28764,140.36949,0.00037,340.52986,0.00055,0.08953,1.98945,772.88924
"methane_baseline.xmodel","manual_1637345578273",end_to_end,3019,3019,39.69503,252.02095,13.7084,68.71152,0.00026,337.38521,0.00033,0.04077,1.74949,713.31196
"methane_baseline.xmodel","manual_1637345578273",end_to_end,3020,3020,142.51338,285.41999,15.41857,37.56916,0.0003,340.56622,0.00038,0.04357,1.91575,823.44732
"methane_baseline.xmodel","manual_1637345578273",end_to_end,3021,3021,70.78687,292.99333,17.04888,25.26591,0.00025,336.53432,0.00045,0.06505,1.80281,744.49787
"methane_baseline.xmodel","manual_1637345578273",end_to_end,3022,3022,27.0632,292.54436,16.63737,25.56795,0.00027,336.06235,0.00034,0.03521,1.75675,699.6678
"methane_baseline.xmodel","manual_1637345578273",end_to_end,3023,3023,39.64001,309.77377,17.00214,11.70551,0.00025,339.59325,0.00072,0.03606,1.79195,719.54366
"methane_baseline.xmodel","manual_1637345578273",end_to_end,3024,3024,27.38149,211.70186,13.94298,108.53808,0.00029,336.32098,0.0007,1.1075,2.05427,701.04815
"methane_baseline.xmodel","manual_1637345578273",end_to_end,3025,3025,13.66718,199.85724,14.30391,123.45033,0.00029,339.80163,0.00047,0.04983,1.7968,692.92768
"methane_baseline.xmodel","manual_1637345578273",end_to_end,3026,3026,110.34724,291.92328,14.99706,27.59499,0.00026,336.40955,0.00028,1.02122,1.98206,784.27594
"methane_baseline.xmodel","manual_1637345578273",end_to_end,3027,3027,125.29392,299.18203,15.67881,23.09672,0.00032,339.4696,0.0008,0.0429,1.79107,804.55617
"methane_baseline.xmodel","manual_1637345578273",end_to_end,3028,3028,30.76706,315.99079,16.90781,0.34135,0.00031,336.66534,0.00031,1.09011,2.09587,703.85895
"methane_baseline.xmodel","manual_1637345578273",end_to_end,3029,3029,24.96028,308.95264,16.01273,12.63426,0.00033,339.40809,0.00043,0.04034,1.81706,703.82616
"methane_baseline.xmodel","manual_1637345578273",end_to_end,3030,3030,3.32052,270.43175,15.47443,47.78915,0.00024,336.20853,0.00031,1.06701,1.81839,676.11033
"methane_baseline.xmodel","manual_1637345578273",end_to_end,3031,3031,14.49328,285.25126,15.93181,36.36397,0.00025,339.50478,0.00044,0.04374,1.82745,693.41698
"methane_baseline.xmodel","manual_1637345578273",end_to_end,3032,3032,50.98169,269.92006,15.84678,47.2538,0.00029,335.86677,0.0003,1.02416,2.00116,722.89501
"methane_baseline.xmodel","manual_1637345578273",end_to_end,3033,3033,38.22919,260.21177,14.55748,62.8764,0.0003,339.01621,0.00051,0.04712,1.77212,716.7111
"methane_baseline.xmodel","manual_1637345578273",end_to_end,3034,3034,50.11249,257.53688,14.11268,61.34997,0.00025,336.27487,0.00044,0.87137,2.24222,722.50117
"methane_baseline.xmodel","manual_1637345578273",end_to_end,3035,3035,64.75662,256.52796,14.5656,66.03703,0.00027,339.04274,0.00055,0.99402,1.76425,743.68904
"methane_baseline.xmodel","manual_1637345578273",end_to_end,3036,3036,109.67129,189.02236,13.73471,134.45102,0.00029,339.41088,0.00041,0.14097,1.77173,788.20366
"methane_baseline.xmodel","manual_1637345578273",end_to_end,3037,3037,22.57361,159.50467,14.79835,158.94685,0.00029,338.08228,0.00035,0.05094,1.94296,695.9003
"methane_baseline.xmodel","manual_1637345578273",end_to_end,3038,3038,162.0713,271.69566,16.45892,46.79798,0.00025,338.45374,0.0004,1.05457,1.76181,838.29463
"methane_baseline.xmodel","manual_1637345578273",end_to_end,3039,3039,137.21702,260.95291,15.4414,60.25446,0.00028,339.35653,0.00194,0.04212,1.78195,815.04861
"methane_baseline.xmodel","manual_1637345578273",end_to_end,3040,3040,99.30951,289.98661,15.65631,31.80343,0.0003,339.25465,0.00042,0.96381,1.83722,778.81226
"methane_baseline.xmodel","manual_1637345578273",end_to_end,3041,3041,11.67474,294.58806,14.81215,27.04211,0.00206,339.95782,0.00041,0.28909,1.79344,690.15988
"methane_baseline.xmodel","manual_1637345578273",end_to_end,3042,3042,29.87054,215.13893,13.94129,108.05044,0.00026,338.43767,0.00033,0.04058,1.84588,707.32592
"methane_baseline.xmodel","manual_1637345578273",end_to_end,3043,3043,33.61556,264.35316,15.96189,57.11444,0.00024,339.14112,0.0006,0.82608,2.69049,713.70358
"methane_baseline.xmodel","manual_1637345578273",end_to_end,3044,3044,161.62782,229.62342,15.37957,91.35621,0.00031,339.36508,0.0005,0.98877,1.79251,840.13419
"methane_baseline.xmodel","manual_1637345578273",end_to_end,3045,3045,8.41177,220.39785,15.4211,100.52958,0.00028,338.59152,0.00044,0.05558,1.9326,685.34072
"methane_baseline.xmodel","manual_1637345578273",end_to_end,3046,3046,155.54368,240.73626,14.58739,80.53344,0.00026,339.04581,0.00062,0.1116,1.8844,832.44346
"methane_baseline.xmodel","manual_1637345578273",end_to_end,3047,3047,41.74371,197.26357,14.78674,124.66067,0.00036,338.07496,0.0005,0.11604,2.06329,718.70984
"methane_baseline.xmodel","manual_1637345578273",end_to_end,3048,3048,126.65917,284.47036,14.9725,36.64991,0.00029,337.82321,0.00049,0.07511,2.16828,802.81932
"methane_baseline.xmodel","manual_1637345578273",end_to_end,3049,3049,83.32378,271.32405,17.41412,47.52415,0.0003,338.51643,0.00056,0.0413,1.84886,759.99355
"methane_baseline.xmodel","manual_1637345578273",end_to_end,3050,3050,38.82656,249.33733,14.03198,72.29309,0.00063,337.0168,0.00033,0.0588,1.84437,713.40989
"methane_baseline.xmodel","manual_1637345578273",end_to_end,3051,3051,49.53062,268.73559,16.85825,50.91881,0.00026,339.05243,0.00059,0.04483,1.73553,726.87691
"methane_baseline.xmodel","manual_1637345578273",end_to_end,3052,3052,74.56381,245.23025,13.92766,75.59578,0.00043,336.00958,0.00035,0.04541,1.79569,747.16896
"methane_baseline.xmodel","manual_1637345578273",end_to_end,3053,3053,52.81625,237.26865,14.43421,85.44195,0.00024,339.52508,0.00065,0.03848,1.77193,731.29744
"methane_baseline.xmodel","manual_1637345578273",end_to_end,3054,3054,77.49355,202.18906,14.83787,117.07688,0.00024,336.20662,0.00042,0.07733,1.82373,749.7057
"methane_baseline.xmodel","manual_1637345578273",end_to_end,3055,3055,87.21727,203.79928,14.08384,119.86066,0.00025,338.63952,0.00033,0.03056,1.8028,765.43451
"methane_baseline.xmodel","manual_1637345578273",end_to_end,3056,3056,178.36571,275.14788,17.31404,44.33405,0.0003,338.7092,0.00063,0.05393,1.80116,855.7269
"methane_baseline.xmodel","manual_1637345578273",end_to_end,3057,3057,62.28203,263.84452,14.17898,56.32313,0.0003,335.98895,0.00039,0.0545,1.73161,734.40441
"methane_baseline.xmodel","manual_1637345578273",end_to_end,3058,3058,58.24207,267.31139,15.23755,51.51862,0.00026,335.9027,0.00039,0.04396,1.74005,729.99699
"methane_baseline.xmodel","manual_1637345578273",end_to_end,3059,3059,46.19496,282.77321,16.97243,37.10323,0.00026,338.44544,0.00076,0.03896,1.80641,723.33566
"methane_baseline.xmodel","manual_1637345578273",end_to_end,3060,3060,53.33274,140.70327,14.77659,178.59497,0.00045,335.52288,0.00035,0.04139,1.74478,724.71742
"methane_baseline.xmodel","manual_1637345578273",end_to_end,3061,3061,38.96296,161.66556,14.05517,160.86392,0.00031,338.58735,0.00033,0.03743,1.78555,715.95858
"methane_baseline.xmodel","manual_1637345578273",end_to_end,3062,3062,247.57751,270.4388,16.17913,50.11404,0.00024,338.61389,0.00053,0.04146,1.85519,924.82079
"methane_baseline.xmodel","manual_1637345578273",end_to_end,3063,3063,95.52503,262.64224,14.32929,56.75122,0.00026,335.57328,0.00044,0.0562,1.77545,766.65341
"methane_baseline.xmodel","manual_1637345578273",end_to_end,3064,3064,58.55164,236.32753,14.54685,82.90269,0.0003,335.44981,0.00037,0.03624,1.71417,729.5296
"methane_baseline.xmodel","manual_1637345578273",end_to_end,3065,3065,51.98244,248.76706,16.11982,71.85612,0.0003,338.54415,0.00046,0.0458,1.75449,729.07064
"methane_baseline.xmodel","manual_1637345578273",end_to_end,3066,3066,157.99294,231.78718,15.00482,89.85439,0.00026,338.69385,0.00047,0.04813,1.81165,835.19369
"methane_baseline.xmodel","manual_1637345578273",end_to_end,3067,3067,0.43743,236.24842,14.0026,83.37243,0.00026,335.12967,0.00037,0.04447,1.71959,670.95524
"methane_baseline.xmodel","manual_1637345578273",end_to_end,3068,3068,161.52783,188.14362,14.42483,134.29638,0.00029,338.7617,0.00044,0.04969,1.82038,839.02516
"methane_baseline.xmodel","manual_1637345578273",end_to_end,3069,3069,15.29382,200.23931,15.19631,117.93072,0.00025,335.38553,0.00031,0.04427,1.76286,685.85338
"methane_baseline.xmodel","manual_1637345578273",end_to_end,3070,3070,119.70218,185.5877,14.29303,133.72891,0.00026,335.25957,0.00034,0.04827,1.85579,790.47605
"methane_baseline.xmodel","manual_1637345578273",end_to_end,3071,3071,136.1413,217.9868,15.00016,103.9108,0.00027,338.53804,0.00053,0.04645,1.73986,813.36421
"methane_baseline.xmodel","manual_1637345578273",end_to_end,3072,3072,135.52682,230.75509,14.27463,88.42451,0.0003,335.28908,0.00032,0.0379,1.7524,806.06105
"methane_baseline.xmodel","manual_1637345578273",end_to_end,3073,3073,105.77403,253.66824,15.01839,67.97721,0.00029,338.33347,0.00033,0.05087,1.82821,782.65104
"methane_baseline.xmodel","manual_1637345578273",end_to_end,3074,3074,90.35439,235.43028,14.06907,83.85973,0.00027,335.65174,0.00035,0.03197,1.70268,761.10048
"methane_baseline.xmodel","manual_1637345578273",end_to_end,3075,3075,69.7676,253.72953,14.70662,68.11046,0.00026,338.60371,0.00031,0.04018,1.73364,746.69231
"methane_baseline.xmodel","manual_1637345578273",end_to_end,3076,3076,85.65248,247.30109,13.92184,72.63189,0.0003,335.51154,0.00045,0.04476,1.73396,756.79831
"methane_baseline.xmodel","manual_1637345578273",end_to_end,3077,3077,70.00418,214.81987,14.9017,106.98686,0.00029,338.37941,0.00049,0.04231,1.82055,746.95566
"methane_baseline.xmodel","manual_1637345578273",end_to_end,3078,3078,74.37155,253.53896,13.89615,66.32644,0.00026,335.46768,0.00033,0.0423,1.68671,745.33038
"methane_baseline.xmodel","manual_1637345578273",end_to_end,3079,3079,108.773,228.88392,15.12791,92.58354,0.00197,338.46342,0.00045,0.04442,1.86841,785.74704
"methane_baseline.xmodel","manual_1637345578273",end_to_end,3080,3080,68.13304,190.25766,14.07367,129.32752,0.0003,335.9567,0.00045,0.04034,1.73324,739.52292
"methane_baseline.xmodel","manual_1637345578273",end_to_end,3081,3081,94.47814,215.82663,15.74314,105.00665,0.0003,338.77738,0.00044,0.04797,1.84149,771.72214
"methane_baseline.xmodel","manual_1637345578273",end_to_end,3082,3082,131.06657,134.55738,15.41977,184.22349,0.00024,337.93792,0.0003,0.08148,1.82829,805.11544
"methane_baseline.xmodel","manual_1637345578273",end_to_end,3083,3083,106.93973,157.49632,13.93218,165.40238,0.00027,339.57886,0.00032,0.04434,1.82865,785.22305
"methane_baseline.xmodel","manual_1637345578273",end_to_end,3084,3084,185.99984,230.78406,14.16046,91.21975,0.00013,336.7722,0.00028,0.05611,1.81915,860.81198
"methane_baseline.xmodel","manual_1637345578273",end_to_end,3085,3085,167.29297,234.71202,15.84775,87.13101,0.00029,339.11893,0.00047,0.05134,1.98059,846.13537
"methane_baseline.xmodel","manual_1637345578273",end_to_end,3086,3086,93.11475,249.08933,14.30745,71.46827,0.00029,335.62704,0.00032,0.03368,1.89932,765.54045
"methane_baseline.xmodel","manual_1637345578273",end_to_end,3087,3087,89.02125,251.6982,14.60082,70.91718,0.00027,339.98735,0.00053,0.05209,1.95204,768.22973
"methane_baseline.xmodel","manual_1637345578273",end_to_end,3088,3088,73.33707,148.47462,14.70669,170.57292,0.00025,335.65576,0.0003,0.16025,1.80995,744.71781
"methane_baseline.xmodel","manual_1637345578273",end_to_end,3089,3089,72.97928,171.43145,16.65735,149.832,0.00031,339.47487,0.0005,0.04584,1.92261,752.34421
"methane_baseline.xmodel","manual_1637345578273",end_to_end,3090,3090,172.52292,221.80146,15.69937,96.20732,0.00027,335.33321,0.00028,0.03717,1.69714,843.29914
"methane_baseline.xmodel","manual_1637345578273",end_to_end,3091,3091,151.95844,247.91743,14.31045,75.11493,0.00026,339.29359,0.00047,0.03616,1.96324,830.59497
"methane_baseline.xmodel","manual_1637345578273",end_to_end,3092,3092,98.17866,198.34081,14.22878,120.78591,0.0003,335.4781,0.00057,0.03962,1.72209,768.77484
"methane_baseline.xmodel","manual_1637345578273",end_to_end,3093,3093,77.16605,200.84417,15.37836,121.02555,0.0003,339.13751,0.00043,0.04159,2.17547,755.76943
"methane_baseline.xmodel","manual_1637345578273",end_to_end,3094,3094,240.24211,203.60558,17.82609,115.62638,0.00025,339.41562,0.00054,0.04399,1.96559,918.72615
"methane_baseline.xmodel","manual_1637345578273",end_to_end,3095,3095,5.39718,206.02499,13.92225,113.77697,0.00026,335.53642,0.00034,0.03611,1.7053,676.39982
"methane_baseline.xmodel","manual_1637345578273",end_to_end,3096,3096,115.53469,146.08657,15.64546,172.03686,0.0003,336.03176,0.00033,0.03655,1.70186,787.07438
"methane_baseline.xmodel","manual_1637345578273",end_to_end,3097,3097,117.85371,178.41595,15.70311,143.07224,0.00041,339.4544,0.00054,0.07077,2.07691,796.64804
"methane_baseline.xmodel","manual_1637345578273",end_to_end,3098,3098,299.09582,178.65207,16.01357,142.66711,0.00024,339.90972,0.00044,0.08775,2.18564,978.61236
"methane_baseline.xmodel","manual_1637345578273",end_to_end,3099,3099,19.88729,137.59987,16.97303,179.70734,0.00041,335.76215,0.00034,0.0448,1.73488,691.71011
"methane_baseline.xmodel","manual_1637345578273",end_to_end,3100,3100,310.22632,240.69976,13.54532,83.52286,0.00075,339.12038,0.0007,0.04793,2.05421,989.21823
"methane_baseline.xmodel","manual_1637345578273",end_to_end,3101,3101,16.05004,267.08381,16.87492,50.05661,0.0003,335.65769,0.00043,0.03981,1.74336,687.50697
"methane_baseline.xmodel","manual_1637345578273",end_to_end,3102,3102,51.85883,207.2503,13.82781,112.77398,0.00107,335.42396,0.00034,0.0606,1.71483,722.91172
"methane_baseline.xmodel","manual_1637345578273",end_to_end,3103,3103,85.79802,220.89305,15.05826,100.87955,0.00025,339.57106,0.00031,0.04317,2.00618,764.24985
"methane_baseline.xmodel","manual_1637345578273",end_to_end,3104,3104,114.57324,230.14912,13.93981,89.55769,0.00032,335.43725,0.00043,0.04227,1.78892,785.48905
"methane_baseline.xmodel","manual_1637345578273",end_to_end,3105,3105,102.99534,167.4388,15.80947,154.20814,0.00029,339.16781,0.00068,0.05315,2.11156,781.78524
"methane_baseline.xmodel","manual_1637345578273",end_to_end,3106,3106,231.74989,199.5798,15.4937,122.01854,0.00026,339.37157,0.00058,0.04695,2.15493,910.41622
"methane_baseline.xmodel","manual_1637345578273",end_to_end,3107,3107,15.83128,199.28853,13.94848,120.44501,0.00024,335.88538,0.00034,0.04149,1.77223,687.21298
"methane_baseline.xmodel","manual_1637345578273",end_to_end,3108,3108,122.2901,198.39056,14.01096,121.64094,0.0003,335.46177,0.00031,0.0455,1.79003,793.63047
"methane_baseline.xmodel","manual_1637345578273",end_to_end,3109,3109,124.26015,194.70607,15.04729,127.38967,0.00033,339.12191,0.00048,0.04346,2.07943,802.64879
"methane_baseline.xmodel","manual_1637345578273",end_to_end,3110,3110,123.46875,195.25477,14.17108,124.21525,0.00027,336.89577,0.00043,0.0601,1.70909,795.77551
"methane_baseline.xmodel","manual_1637345578273",end_to_end,3111,3111,129.6129,225.41942,13.94082,97.53561,0.00024,340.27964,0.00057,0.05851,2.13644,808.98415
"methane_baseline.xmodel","manual_1637345578273",end_to_end,3112,3112,126.04855,189.98492,14.23259,130.85166,0.00033,337.3859,0.00083,0.1712,2.0991,800.77508
"methane_baseline.xmodel","manual_1637345578273",end_to_end,3113,3113,99.76646,171.31552,17.13203,149.61306,0.00029,339.70044,0.00052,0.05876,2.30001,779.88709
"methane_baseline.xmodel","manual_1637345578273",end_to_end,3114,3114,132.63359,202.98033,13.8962,118.79192,0.00057,336.78544,0.0004,0.0717,1.95292,807.11307
"methane_baseline.xmodel","manual_1637345578273",end_to_end,3115,3115,151.83973,183.10591,15.05417,139.32796,0.00026,341.22427,0.00054,0.04676,1.77805,832.37765
"methane_baseline.xmodel","manual_1637345578273",end_to_end,3116,3116,121.03535,168.187,16.10664,150.26478,0.00032,336.32171,0.00044,0.04557,1.81149,793.7733
"methane_baseline.xmodel","manual_1637345578273",end_to_end,3117,3117,141.72764,169.6743,16.6742,152.48035,0.00025,339.37136,0.00044,0.0537,1.85238,821.83462
"methane_baseline.xmodel","manual_1637345578273",end_to_end,3118,3118,152.34314,164.81193,16.29498,153.13487,0.00025,335.93058,0.00035,0.04402,1.72728,824.2874
"methane_baseline.xmodel","manual_1637345578273",end_to_end,3119,3119,154.30492,190.67644,15.10109,131.76086,0.00026,339.26851,0.00047,0.03708,1.75535,832.90498
"methane_baseline.xmodel","manual_1637345578273",end_to_end,3120,3120,154.97336,154.15906,15.26429,164.64638,0.0003,336.1822,0.00034,0.03625,1.71873,826.98091
"methane_baseline.xmodel","manual_1637345578273",end_to_end,3121,3121,133.69553,178.30107,16.04094,142.9939,0.00029,339.30609,0.00046,0.04578,1.77713,812.16119
"methane_baseline.xmodel","manual_1637345578273",end_to_end,3122,3122,166.42649,197.68976,14.42663,122.29091,0.00026,336.08992,0.00039,0.04025,1.77026,838.73487
"methane_baseline.xmodel","manual_1637345578273",end_to_end,3123,3123,144.79822,148.81013,15.73361,172.94976,0.00027,339.72383,0.00031,0.05853,1.79297,823.86763
"methane_baseline.xmodel","manual_1637345578273",end_to_end,3124,3124,124.06575,163.23012,14.9696,156.11601,0.00029,336.60321,0.00038,0.0489,1.74507,796.77933
"methane_baseline.xmodel","manual_1637345578273",end_to_end,3125,3125,174.79005,178.24911,16.12079,143.51573,0.0003,339.09971,0.00034,0.03389,1.84112,853.65104
"methane_baseline.xmodel","manual_1637345578273",end_to_end,3126,3126,157.88622,168.17706,16.98526,149.62807,0.00026,336.76317,0.00031,0.03697,1.80755,831.28487
"methane_baseline.xmodel","manual_1637345578273",end_to_end,3127,3127,145.42023,193.90294,13.85818,129.43746,0.00025,339.1899,0.00048,0.05801,2.74621,824.61366
"methane_baseline.xmodel","manual_1637345578273",end_to_end,3128,3128,151.42681,104.01105,20.81692,210.13057,0.00025,337.13338,0.00034,0.0409,1.84239,825.40261
"methane_baseline.xmodel","manual_1637345578273",end_to_end,3129,3129,131.32867,132.86753,15.51843,188.92276,0.00057,341.24921,0.00046,0.04686,1.84093,811.77542
"methane_baseline.xmodel","manual_1637345578273",end_to_end,3130,3130,211.96473,182.08618,14.93657,138.26183,0.00063,336.73285,0.00041,0.04156,1.78754,885.8123
"methane_baseline.xmodel","manual_1637345578273",end_to_end,3131,3131,191.88153,173.25329,15.52192,149.51319,0.00026,338.9878,0.0004,0.03628,1.84833,871.043
"methane_baseline.xmodel","manual_1637345578273",end_to_end,3132,3132,140.17743,197.35454,15.34439,122.12188,0.00031,335.92257,0.00045,0.04618,1.8033,812.77105
"methane_baseline.xmodel","manual_1637345578273",end_to_end,3133,3133,151.4177,160.34889,15.08279,161.64822,0.0003,338.72269,0.00033,0.06132,1.902,829.18424
"methane_baseline.xmodel","manual_1637345578273",end_to_end,3134,3134,123.97942,143.57905,15.72255,174.77309,0.00024,335.95008,0.00043,0.05375,1.84512,795.90373
"methane_baseline.xmodel","manual_1637345578273",end_to_end,3135,3135,313.91579,184.93762,14.90357,134.25971,0.0003,336.04155,0.00038,0.0375,1.8288,985.92522
"methane_baseline.xmodel","manual_1637345578273",end_to_end,3136,3136,26.24688,191.76161,13.93346,131.13968,0.00025,338.95664,0.0004,0.0563,1.83778,703.933
"methane_baseline.xmodel","manual_1637345578273",end_to_end,3137,3137,133.11682,198.23543,13.68477,125.06672,0.0003,338.47806,0.00039,0.04063,1.89381,810.51693
"methane_baseline.xmodel","manual_1637345578273",end_to_end,3138,3138,136.18264,212.44522,14.26895,107.40333,0.00025,336.17623,0.00033,0.05619,1.83779,808.37093
"methane_baseline.xmodel","manual_1637345578273",end_to_end,3139,3139,126.951,109.8469,15.09161,211.64956,0.00027,338.52845,0.00052,0.04126,1.85941,803.96898
"methane_baseline.xmodel","manual_1637345578273",end_to_end,3140,3140,109.31027,150.85708,14.90518,168.51564,0.0003,336.50538,0.00033,0.04977,1.83904,781.98299
"methane_baseline.xmodel","manual_1637345578273",end_to_end,3141,3141,213.57197,187.14008,13.65217,135.79885,0.00026,338.64898,0.00051,0.03069,1.85675,890.70026
"methane_baseline.xmodel","manual_1637345578273",end_to_end,3142,3142,170.46091,212.5472,14.32814,107.69148,0.00026,336.48274,0.00046,0.05359,1.85428,843.41906
"methane_baseline.xmodel","manual_1637345578273",end_to_end,3143,3143,137.71803,157.91871,14.93979,163.86814,0.00024,338.64045,0.00031,0.04284,1.84578,814.97429
"methane_baseline.xmodel","manual_1637345578273",end_to_end,3144,3144,109.60422,168.9751,15.82662,149.77538,0.0003,336.38408,0.00032,0.05691,1.81846,782.44139
"methane_baseline.xmodel","manual_1637345578273",end_to_end,3145,3145,165.77747,132.14088,16.33423,188.25613,0.00032,338.56299,0.00037,0.03892,1.87497,842.98628
"methane_baseline.xmodel","manual_1637345578273",end_to_end,3146,3146,151.71622,175.80722,16.2013,142.437,0.00027,336.45932,0.0003,0.0451,1.83865,824.50538
"methane_baseline.xmodel","manual_1637345578273",end_to_end,3147,3147,190.15911,166.8382,14.76868,155.05535,0.00025,338.61824,0.00033,0.04168,1.90438,867.38622
"methane_baseline.xmodel","manual_1637345578273",end_to_end,3148,3148,144.31574,181.33902,14.87695,138.3578,0.00026,337.35666,0.0005,0.07094,1.83537,818.15324
"methane_baseline.xmodel","manual_1637345578273",end_to_end,3149,3149,290.85492,181.40789,15.04779,139.01778,0.00027,337.07094,0.00054,0.05699,1.91167,965.36879
"methane_baseline.xmodel","manual_1637345578273",end_to_end,3150,3150,6.35961,164.96783,13.6904,158.04597,0.0003,339.44269,0.00032,0.03589,1.89605,684.43906
"methane_baseline.xmodel","manual_1637345578273",end_to_end,3151,3151,292.63564,190.20269,14.87749,130.07152,0.0003,336.12101,0.00032,0.04656,1.99258,965.94811
"methane_baseline.xmodel","manual_1637345578273",end_to_end,3152,3152,8.32151,130.51076,16.09248,190.8733,0.00026,339.16487,0.00037,0.05346,2.00037,687.01738
"methane_baseline.xmodel","manual_1637345578273",end_to_end,3153,3153,323.14951,197.40912,15.23046,121.50434,0.00074,336.08162,0.00046,0.04862,1.73098,995.15585
"methane_baseline.xmodel","manual_1637345578273",end_to_end,3154,3154,1.72089,166.28807,14.46905,156.46438,0.00029,339.86034,0.00033,0.04199,1.81886,680.6642
"methane_baseline.xmodel","manual_1637345578273",end_to_end,3155,3155,158.47483,145.66082,15.67788,176.44248,0.00024,338.77955,0.00038,0.03504,1.80619,836.87741
"methane_baseline.xmodel","manual_1637345578273",end_to_end,3156,3156,123.61571,194.77373,15.02411,124.18137,0.0006,336.22537,0.00038,0.05104,1.81219,795.6845
"methane_baseline.xmodel","manual_1637345578273",end_to_end,3157,3157,301.72539,169.78737,15.28669,149.35964,0.0007,336.54349,0.00052,0.04123,1.79779,974.54282
"methane_baseline.xmodel","manual_1637345578273",end_to_end,3158,3158,2.56727,216.82176,14.30926,105.77095,0.00025,338.93418,0.00034,0.0624,1.79618,680.26259
"methane_baseline.xmodel","manual_1637345578273",end_to_end,3159,3159,228.55518,215.68285,15.38211,103.61689,0.00038,336.18561,0.0004,0.05027,1.80804,901.28173
"methane_baseline.xmodel","manual_1637345578273",end_to_end,3160,3160,30.27222,199.4742,13.80653,123.81148,0.00027,339.01099,0.00049,0.03635,1.77079,708.18332
"methane_baseline.xmodel","manual_1637345578273",end_to_end,3161,3161,125.69217,134.98464,15.80034,186.34251,0.00028,338.79931,0.00057,0.04173,1.83195,803.4935
"methane_baseline.xmodel","manual_1637345578273",end_to_end,3162,3162,105.47798,146.17923,15.25395,172.8956,0.00034,336.78847,0.00039,0.03698,1.8045,778.43744
"methane_baseline.xmodel","manual_1637345578273",end_to_end,3163,3163,303.91996,237.95368,14.60246,82.37408,0.00031,336.15235,0.00034,0.04485,1.77421,976.82224
"methane_baseline.xmodel","manual_1637345578273",end_to_end,3164,3164,58.98164,246.87296,15.19654,74.91643,0.00024,338.65602,0.00034,0.03714,1.7691,736.43041
"methane_baseline.xmodel","manual_1637345578273",end_to_end,3165,3165,76.79232,155.47106,14.2797,167.01688,0.00029,338.63755,0.00034,0.03544,1.83944,754.07302
"methane_baseline.xmodel","manual_1637345578273",end_to_end,3166,3166,84.25138,202.18015,15.11992,116.97515,0.00031,336.21512,0.00031,0.0355,1.86158,756.63942
"methane_baseline.xmodel","manual_1637345578273",end_to_end,3167,3167,280.06375,194.88535,15.01617,124.48121,0.0003,336.19266,0.00031,0.04402,1.88416,952.56793
"methane_baseline.xmodel","manual_1637345578273",end_to_end,3168,3168,7.57448,154.22154,13.78956,168.80851,0.00026,338.80411,0.00043,0.04399,1.98918,685.23206
"methane_baseline.xmodel","manual_1637345578273",end_to_end,3169,3169,170.71968,217.07005,14.67261,105.15607,0.00046,341.27247,0.00035,0.03221,1.84474,850.76864
"methane_baseline.xmodel","manual_1637345578273",end_to_end,3170,3170,126.39608,174.61412,16.07352,143.58396,0.00025,336.71308,0.00045,0.04352,1.73494,799.15992
"methane_baseline.xmodel","manual_1637345578273",end_to_end,3171,3171,107.17688,187.71374,13.61849,137.90452,0.00028,339.42085,0.00033,0.0342,1.8552,787.72449
"methane_baseline.xmodel","manual_1637345578273",end_to_end,3172,3172,145.51389,155.00991,14.20526,165.56044,0.0003,335.85191,0.00031,0.04282,1.77946,817.9643
"methane_baseline.xmodel","manual_1637345578273",end_to_end,3173,3173,139.80566,211.89197,14.19687,111.42527,0.0003,338.71758,0.00085,0.03555,1.83257,817.90662
"methane_baseline.xmodel","manual_1637345578273",end_to_end,3174,3174,167.34094,199.99644,14.6108,119.45443,0.00025,335.60441,0.00033,0.04406,1.71456,838.76622
"methane_baseline.xmodel","manual_1637345578273",end_to_end,3175,3175,113.32326,173.46962,14.68966,148.65697,0.00028,338.51216,0.00035,0.04496,1.74722,790.44448
"methane_baseline.xmodel","manual_1637345578273",end_to_end,3176,3176,121.28547,179.99551,15.54068,138.23464,0.00028,335.45904,0.00034,0.04821,1.72921,792.29338
"methane_baseline.xmodel","manual_1637345578273",end_to_end,3177,3177,150.53272,237.01249,15.14353,84.47582,0.00029,338.47687,0.00041,0.04189,1.85338,827.5374
"methane_baseline.xmodel","manual_1637345578273",end_to_end,3178,3178,140.00453,208.40726,14.27516,111.00439,0.00025,335.36285,0.00071,0.03645,1.77026,810.86186
"methane_baseline.xmodel","manual_1637345578273",end_to_end,3179,3179,86.27078,171.71396,14.72639,150.233,0.00027,338.73589,0.00043,0.03555,1.88627,763.60254
"methane_baseline.xmodel","manual_1637345578273",end_to_end,3180,3180,112.86176,223.14097,15.22875,95.12881,0.00025,335.38783,0.00041,0.05121,1.76643,783.56642
"methane_baseline.xmodel","manual_1637345578273",end_to_end,3181,3181,152.13006,238.79979,14.39202,83.63821,0.0003,338.8221,0.00033,0.03533,1.81689,829.63503
"methane_baseline.xmodel","manual_1637345578273",end_to_end,3182,3182,96.9347,226.71796,15.26077,91.58726,0.00024,335.4958,0.00043,0.04793,1.84448,767.88957
"methane_baseline.xmodel","manual_1637345578273",end_to_end,3183,3183,85.58241,167.0037,14.8117,155.05982,0.00026,338.61423,0.00032,0.04708,1.78132,762.90084
"methane_baseline.xmodel","manual_1637345578273",end_to_end,3184,3184,93.41559,210.92682,13.98773,108.75631,0.0003,335.67312,0.00058,0.07622,1.79705,764.63372
"methane_baseline.xmodel","manual_1637345578273",end_to_end,3185,3185,156.93248,153.30456,13.801,169.64133,0.00031,338.5065,0.00034,0.03625,1.83809,834.06086
"methane_baseline.xmodel","manual_1637345578273",end_to_end,3186,3186,110.64608,159.80753,13.49273,160.49285,0.00034,335.44735,0.00043,0.0426,1.74546,781.67537
"methane_baseline.xmodel","manual_1637345578273",end_to_end,3187,3187,171.45218,247.90073,14.90494,73.86936,0.00026,338.8134,0.00057,1.01378,1.92066,849.87588
"methane_baseline.xmodel","manual_1637345578273",end_to_end,3188,3188,162.36012,238.76205,14.64984,80.16535,0.00029,335.17785,0.00043,0.04551,1.66015,832.82159
"methane_baseline.xmodel","manual_1637345578273",end_to_end,3189,3189,75.73538,261.39976,14.14208,61.40784,0.0003,338.97716,0.00034,0.96044,1.89955,754.52285
"methane_baseline.xmodel","manual_1637345578273",end_to_end,3190,3190,82.0026,248.71794,14.72624,69.89343,0.00026,335.24197,0.00044,0.04227,1.71767,752.34282
"methane_baseline.xmodel","manual_1637345578273",end_to_end,3191,3191,135.60048,225.43675,14.67462,93.4316,0.00029,335.46391,0.00046,0.04304,1.75958,806.41073
"methane_baseline.xmodel","manual_1637345578273",end_to_end,3192,3192,0.32957,181.05642,14.831,140.16494,0.00026,338.9602,0.00045,0.81118,1.83341,677.98743
"methane_baseline.xmodel","manual_1637345578273",end_to_end,3193,3193,143.02451,188.84983,15.30116,131.95608,0.00025,338.63986,0.00048,0.03856,1.83586,819.64659
"methane_baseline.xmodel","manual_1637345578273",end_to_end,3194,3194,95.20618,213.5617,14.73747,105.38454,0.00026,335.20912,0.00043,0.04758,1.7469,765.89418
"methane_baseline.xmodel","manual_1637345578273",end_to_end,3195,3195,134.59982,199.40619,15.51066,121.06243,0.00025,338.81953,0.00029,0.041,1.79346,811.23363
"methane_baseline.xmodel","manual_1637345578273",end_to_end,3196,3196,107.1906,201.97125,14.69525,116.7355,0.00039,335.78144,0.00046,0.04476,1.7453,778.16495
"methane_baseline.xmodel","manual_1637345578273",end_to_end,3197,3197,122.94152,234.85051,15.11288,86.96107,0.00145,339.38386,0.00045,0.04396,2.13868,801.43438
"methane_baseline.xmodel","manual_1637345578273",end_to_end,3198,3198,118.52223,256.98655,14.91359,62.09749,0.00025,335.78654,0.00037,0.0488,1.75809,790.11391
"methane_baseline.xmodel","manual_1637345578273",end_to_end,3199,3199,88.81843,191.23579,15.47658,130.81344,0.0003,342.60272,0.00035,0.04922,2.10326,771.10009
"methane_baseline.xmodel","manual_1637345578273",end_to_end,3200,3200,63.88189,220.3398,15.50176,98.16082,0.0003,335.95911,0.00033,0.05071,1.74301,735.63773
"methane_baseline.xmodel","manual_1637345578273",end_to_end,3201,3201,187.83007,237.68789,14.21276,82.25227,0.00026,336.04573,0.0004,0.03625,1.72133,859.78696
"methane_baseline.xmodel","manual_1637345578273",end_to_end,3202,3202,45.1645,278.26712,16.2342,45.88156,0.00026,339.0453,0.00043,0.04873,1.95968,726.60178
"methane_baseline.xmodel","manual_1637345578273",end_to_end,3203,3203,48.04444,265.19879,14.49307,57.19824,0.00026,339.6909,0.00042,0.04307,1.90908,726.57827
"methane_baseline.xmodel","manual_1637345578273",end_to_end,3204,3204,84.0623,295.66064,16.27682,22.29944,0.00026,335.80492,0.00047,0.04697,1.77495,755.92677
"methane_baseline.xmodel","manual_1637345578273",end_to_end,3205,3205,59.20407,177.37198,16.84348,143.45218,0.00029,339.46822,0.0004,0.05834,2.04879,738.44775
"methane_baseline.xmodel","manual_1637345578273",end_to_end,3206,3206,24.06727,182.1281,14.33518,137.581,0.00024,335.894,0.00033,0.04401,1.7698,695.81993
"methane_baseline.xmodel","manual_1637345578273",end_to_end,3207,3207,145.43351,275.46086,15.32397,46.70927,0.00027,339.41259,0.0003,0.04152,1.85096,824.23325
"methane_baseline.xmodel","manual_1637345578273",end_to_end,3208,3208,139.38969,283.53522,15.92471,34.62037,0.00027,335.70703,0.00041,0.03646,1.81187,811.02603
"methane_baseline.xmodel","manual_1637345578273",end_to_end,3209,3209,48.84581,268.44545,14.62986,54.20388,0.00026,339.69763,0.00043,0.0397,1.98784,727.85086
"methane_baseline.xmodel","manual_1637345578273",end_to_end,3210,3210,36.4317,277.79081,16.87255,39.22155,0.00031,335.92437,0.00034,0.05396,1.79538,708.09097
"methane_baseline.xmodel","manual_1637345578273",end_to_end,3211,3211,90.41443,229.25634,14.62831,90.18756,0.00029,336.52212,0.00039,0.06967,1.84659,762.9257
"methane_baseline.xmodel","manual_1637345578273",end_to_end,3212,3212,6.72061,267.43143,14.36105,56.00997,0.00025,339.48951,0.00047,0.04073,2.02687,686.08089
"methane_baseline.xmodel","manual_1637345578273",end_to_end,3213,3213,61.62236,293.3765,14.5357,29.51949,0.00028,339.50502,0.00045,0.0524,2.0447,740.6569
"methane_baseline.xmodel","manual_1637345578273",end_to_end,3214,3214,88.48756,310.46069,16.54519,7.66559,0.00028,336.99996,0.00035,0.03751,1.76909,761.96622
"methane_baseline.xmodel","manual_1637345578273",end_to_end,3215,3215,31.63963,274.36198,15.4085,47.61198,0.00034,339.3659,0.00074,0.04561,1.79398,710.22866
"methane_baseline.xmodel","manual_1637345578273",end_to_end,3216,3216,9.59544,286.3768,15.82229,32.8619,0.00012,335.48058,0.0004,0.03534,1.62878,681.80165
"methane_baseline.xmodel","manual_1637345578273",end_to_end,3217,3217,49.70265,501.07596,12.98172,0.05758,0.00027,339.09522,0.00035,0.04702,2.13529,905.09606
"methane_baseline.xmodel","manual_1637345578273",end_to_end,3218,3218,34.66281,526.57046,13.04565,0.0467,0.00027,335.74165,0.00032,0.04145,1.69009,911.7994
"methane_baseline.xmodel","manual_1637345578273",end_to_end,3219,3219,0.00182,223.91967,15.89305,98.76066,0.00053,339.49355,0.00029,0.04175,1.96507,680.07639
"methane_baseline.xmodel","manual_1637345578273",end_to_end,3220,3220,0.00131,190.3881,13.80059,131.58129,0.0003,335.88381,0.00044,0.04649,1.69223,673.39456
"methane_baseline.xmodel","manual_1637345578273",end_to_end,3221,3221,100.9618,170.61231,17.28458,149.40454,0.0003,339.15048,0.00033,0.04507,2.02376,779.48317
"methane_baseline.xmodel","manual_1637345578273",end_to_end,3222,3222,133.34575,180.06948,14.4736,139.58158,0.00029,335.73818,0.00085,0.03384,1.7278,804.97137
"methane_baseline.xmodel","manual_1637345578273",end_to_end,3223,3223,151.40933,175.15054,16.99118,145.00239,0.00024,339.57246,0.00045,0.05584,1.97232,830.15475
"methane_baseline.xmodel","manual_1637345578273",end_to_end,3224,3224,141.32367,225.88451,15.09103,93.02065,0.00034,336.04662,0.00048,0.049,1.66938,813.08568
"methane_baseline.xmodel","manual_1637345578273",end_to_end,3225,3225,147.08706,285.53568,14.52014,37.43541,0.00029,339.27286,0.0005,0.03995,2.11607,826.00796
"methane_baseline.xmodel","manual_1637345578273",end_to_end,3226,3226,94.80647,289.44597,15.66825,29.15609,0.00026,335.88778,0.00042,0.05699,1.73561,766.75784
"methane_baseline.xmodel","manual_1637345578273",end_to_end,3227,3227,39.50179,229.67692,14.73418,92.79181,0.00025,339.2971,0.00032,0.04022,2.09031,718.1329
"methane_baseline.xmodel","manual_1637345578273",end_to_end,3228,3228,30.86685,231.27891,14.25113,88.6224,0.00029,336.77403,0.00047,0.08221,1.74984,703.62613
"methane_baseline.xmodel","manual_1637345578273",end_to_end,3229,3229,127.71871,241.81437,15.08902,78.08123,0.00024,336.70519,0.00047,0.06987,1.83032,801.30942
"methane_baseline.xmodel","manual_1637345578273",end_to_end,3230,3230,57.69014,236.04672,14.13519,86.90442,0.0003,339.27277,0.00063,0.04402,1.96931,736.0635
"methane_baseline.xmodel","manual_1637345578273",end_to_end,3231,3231,89.0635,267.38278,14.21868,55.51042,0.00024,339.52673,0.00027,0.03576,2.05629,767.79467
"methane_baseline.xmodel","manual_1637345578273",end_to_end,3232,3232,79.93826,217.05534,14.29571,103.50313,0.00031,336.5716,0.0003,0.05279,1.76925,753.18669
"methane_baseline.xmodel","manual_1637345578273",end_to_end,3233,3233,105.42453,210.247,13.78807,110.6235,0.00029,336.97174,0.00034,0.07469,1.86125,778.99141
"methane_baseline.xmodel","manual_1637345578273",end_to_end,3234,3234,57.51954,201.61023,15.32224,120.56321,0.00029,339.46435,0.00059,0.04702,1.90146,736.42893
"methane_baseline.xmodel","manual_1637345578273",end_to_end,3235,3235,122.67474,262.30264,13.96182,61.09302,0.00026,339.74499,0.00034,0.05008,2.05698,801.88487
"methane_baseline.xmodel","manual_1637345578273",end_to_end,3236,3236,112.4569,284.83745,15.52254,34.7825,0.00031,336.57173,0.00036,0.04949,1.81145,786.03273
"methane_baseline.xmodel","manual_1637345578273",end_to_end,3237,3237,63.06302,256.66787,13.92401,67.17612,0.00032,340.40864,0.00033,0.04205,2.10599,743.38835
"methane_baseline.xmodel","manual_1637345578273",end_to_end,3238,3238,36.7435,285.7248,15.4251,33.46299,0.00025,336.67659,0.00037,0.05097,1.78669,709.87126
"methane_baseline.xmodel","manual_1637345578273",end_to_end,3239,3239,69.30521,249.34061,13.84552,75.07367,0.00027,340.18293,0.00049,0.03983,1.99938,749.78791
"methane_baseline.xmodel","manual_1637345578273",end_to_end,3240,3240,35.37311,270.8034,16.69576,47.27697,0.00035,336.47595,0.00051,0.0491,1.81984,708.49499
"methane_baseline.xmodel","manual_1637345578273",end_to_end,3241,3241,77.23398,257.76341,14.10655,66.15681,0.00023,340.10556,0.00034,0.0472,2.1061,757.52018
"methane_baseline.xmodel","manual_1637345578273",end_to_end,3242,3242,49.12225,255.51094,15.13792,63.97372,0.00026,336.64639,0.00032,0.04571,1.87284,722.31035
"methane_baseline.xmodel","manual_1637345578273",end_to_end,3243,3243,68.20788,274.57268,15.36199,48.13147,0.00025,340.36007,0.00046,0.04871,3.57661,750.26012
"methane_baseline.xmodel","manual_1637345578273",end_to_end,3244,3244,65.84984,278.94026,16.23694,39.59545,0.00036,338.04874,0.00035,0.02504,1.81863,740.51561
"methane_baseline.xmodel","manual_1637345578273",end_to_end,3245,3245,50.29404,274.26163,16.85804,47.07915,0.0003,340.97213,0.00034,0.04782,1.71828,731.23173
"methane_baseline.xmodel","manual_1637345578273",end_to_end,3246,3246,41.51388,293.55111,15.11581,27.45477,0.00028,337.46558,0.0003,0.03396,1.77397,716.90966
"methane_baseline.xmodel","manual_1637345578273",end_to_end,3247,3247,50.82905,234.31158,13.67058,89.21895,0.00026,342.68257,0.00043,2.27929,1.80475,734.79746
"methane_baseline.xmodel","manual_1637345578273",end_to_end,3248,3248,29.31748,190.88061,14.32552,130.39199,0.0003,339.18883,0.00039,1.18455,1.82799,707.11766
"methane_baseline.xmodel","manual_1637345578273",end_to_end,3249,3249,132.20881,267.47507,15.50212,54.39013,0.00042,337.65936,0.00033,0.71778,4.28833,812.24235
"methane_baseline.xmodel","manual_1637345578273",end_to_end,3250,3250,90.99762,234.72574,13.75388,92.40751,0.0003,340.40125,0.00053,1.53626,1.99298,775.81607
"methane_baseline.xmodel","manual_1637345578273",end_to_end,3251,3251,96.49134,275.41595,17.1023,43.78527,0.00028,340.46329,0.00043,0.75863,1.98349,776.00098
"methane_baseline.xmodel","manual_1637345578273",end_to_end,3252,3252,57.39334,219.36834,14.62031,100.64001,0.00029,336.584,0.00037,0.08101,1.79931,730.48698
"methane_baseline.xmodel","manual_1637345578273",end_to_end,3253,3253,107.64095,277.54613,16.81662,42.57708,0.00013,340.08884,0.00044,0.05731,1.97586,786.70336
"methane_baseline.xmodel","manual_1637345578273",end_to_end,3254,3254,45.31566,308.13069,16.61647,6.86366,0.00026,336.62464,0.00034,0.04424,1.89968,715.49564
"methane_baseline.xmodel","manual_1637345578273",end_to_end,3255,3255,45.32273,227.95057,14.62436,94.76972,0.00028,340.38563,0.00048,0.05921,1.90772,725.0207
"methane_baseline.xmodel","manual_1637345578273",end_to_end,3256,3256,8.76021,277.84978,17.30217,39.57404,0.00024,336.78564,0.00036,0.04583,1.8074,682.12567
"methane_baseline.xmodel","manual_1637345578273",end_to_end,3257,3257,85.94072,280.936,16.90526,36.98304,0.00024,336.37802,0.00033,0.03561,1.90421,759.08343
"methane_baseline.xmodel","manual_1637345578273",end_to_end,3258,3258,52.43612,225.37705,14.1899,98.74929,0.00029,340.29906,0.00033,0.04334,1.92595,733.02133
"methane_baseline.xmodel","manual_1637345578273",end_to_end,3259,3259,86.21385,237.9526,14.13243,82.42593,0.0003,336.71589,0.00033,0.03969,1.92642,759.40744
"methane_baseline.xmodel","manual_1637345578273",end_to_end,3260,3260,53.3399,260.65687,15.64309,62.02865,0.00025,340.90468,0.0005,0.0831,1.90104,734.55808
"methane_baseline.xmodel","manual_1637345578273",end_to_end,3261,3261,102.72683,201.20733,14.48386,123.2544,0.00076,339.95416,0.00059,0.04642,1.84241,783.51676
"methane_baseline.xmodel","manual_1637345578273",end_to_end,3262,3262,45.67109,241.03759,14.17148,79.54005,0.00026,336.49686,0.00033,0.04169,1.84924,718.80859
"methane_baseline.xmodel","manual_1637345578273",end_to_end,3263,3263,125.22439,257.75083,15.9114,64.32959,0.00027,339.51246,0.00029,0.04532,1.83679,804.61134
"methane_baseline.xmodel","manual_1637345578273",end_to_end,3264,3264,81.53652,269.54944,15.86273,49.08789,0.00054,336.05831,0.00031,0.04756,1.82006,753.96336
"methane_baseline.xmodel","manual_1637345578273",end_to_end,3265,3265,50.97479,313.60669,16.74475,3.80613,0.00027,336.11691,0.00043,0.04313,1.87446,723.16756
"methane_baseline.xmodel","manual_1637345578273",end_to_end,3266,3266,66.21946,295.55919,18.27417,23.78943,0.00026,339.83163,0.00044,0.03365,1.7732,745.48143
"methane_baseline.xmodel","manual_1637345578273",end_to_end,3267,3267,5.65596,265.68262,14.9123,53.6515,0.00028,335.9706,0.00035,0.03549,1.81782,677.72692
"methane_baseline.xmodel","manual_1637345578273",end_to_end,3268,3268,25.69005,248.59356,15.47292,73.86049,0.00027,339.39554,0.0006,0.04435,1.77315,704.83093
"methane_baseline.xmodel","manual_1637345578273",end_to_end,3269,3269,88.62617,271.6047,17.05273,48.91689,0.00029,339.52624,0.0004,0.03779,1.81783,767.58304
"methane_baseline.xmodel","manual_1637345578273",end_to_end,3270,3270,42.61616,309.57212,17.10107,7.37674,0.00051,336.07852,0.00037,0.0355,1.85516,714.63615
"methane_baseline.xmodel","manual_1637345578273",end_to_end,3271,3271,50.73878,262.01713,15.12144,60.55195,0.00025,339.52577,0.00046,0.03683,1.79684,729.78945
"methane_baseline.xmodel","manual_1637345578273",end_to_end,3272,3272,9.20432,231.25604,13.92916,89.02788,0.00029,336.07656,0.00061,0.0409,1.76565,681.30141
"methane_baseline.xmodel","manual_1637345578273",end_to_end,3273,3273,130.92805,242.13885,14.63088,80.89924,0.0003,339.30033,0.0007,0.04156,1.85741,809.79732
"methane_baseline.xmodel","manual_1637345578273",end_to_end,3274,3274,22.41621,238.854,13.99188,81.32879,0.00026,336.10418,0.0003,0.04468,1.89843,694.63873
"methane_baseline.xmodel","manual_1637345578273",end_to_end,3275,3275,126.64186,243.21031,14.60224,79.65008,0.00024,338.8048,0.00037,0.04075,1.73424,804.68489
"methane_baseline.xmodel","manual_1637345578273",end_to_end,3276,3276,39.21859,190.17371,14.54191,129.5858,0.00029,336.42222,0.00039,0.03838,1.81052,711.79181
"methane_baseline.xmodel","manual_1637345578273",end_to_end,3277,3277,131.53522,192.79928,14.63998,127.0207,0.00026,337.98253,0.00057,0.04469,2.00783,806.03106
"methane_baseline.xmodel","manual_1637345578273",end_to_end,3278,3278,81.54495,231.09551,15.90278,89.90538,0.00031,339.47751,0.0004,0.05504,1.75708,759.73896
"methane_baseline.xmodel","manual_1637345578273",end_to_end,3279,3279,128.88838,274.52858,16.53715,45.04404,0.0003,338.26324,0.00044,0.04472,1.83716,805.14401
"methane_baseline.xmodel","manual_1637345578273",end_to_end,3280,3280,91.70049,250.60065,14.94803,72.13678,0.00028,339.06522,0.00055,0.04091,1.77274,770.26565
"methane_baseline.xmodel","manual_1637345578273",end_to_end,3281,3281,47.1109,197.76542,14.77617,123.65067,0.00023,337.9465,0.00046,0.0754,2.05753,723.38328
"methane_baseline.xmodel","manual_1637345578273",end_to_end,3282,3282,73.95553,250.51251,14.70951,72.01265,0.00031,339.46273,0.00041,0.04342,1.80803,752.5051
"methane_baseline.xmodel","manual_1637345578273",end_to_end,3283,3283,125.56705,256.72432,14.05803,65.26561,0.00028,338.11708,0.00027,0.03606,2.03859,801.80729
"methane_baseline.xmodel","manual_1637345578273",end_to_end,3284,3284,73.83199,291.61585,15.77162,30.26331,0.00038,338.77251,0.00034,0.04873,1.74781,752.05254
"methane_baseline.xmodel","manual_1637345578273",end_to_end,3285,3285,67.40327,254.41525,14.15285,67.41278,0.00022,337.04623,0.00032,0.05639,1.90828,742.39559
"methane_baseline.xmodel","manual_1637345578273",end_to_end,3286,3286,32.10787,249.47776,14.84847,72.59584,0.00031,338.9044,0.00049,0.04953,1.74621,709.73088
"methane_baseline.xmodel","manual_1637345578273",end_to_end,3287,3287,69.50175,298.20125,14.73088,22.02539,0.0005,335.91906,0.00037,0.04356,1.85666,742.27942
"methane_baseline.xmodel","manual_1637345578273",end_to_end,3288,3288,74.39035,266.44987,19.67042,50.98347,0.00026,339.86424,0.00031,0.03545,1.79172,753.18609
"methane_baseline.xmodel","manual_1637345578273",end_to_end,3289,3289,24.01471,291.64336,14.50605,27.77659,0.00026,335.84354,0.00051,0.04313,1.72823,695.55638
"methane_baseline.xmodel","manual_1637345578273",end_to_end,3290,3290,52.80069,262.89293,18.3747,56.78282,0.00028,338.64119,0.00051,0.03847,1.89589,731.42748
"methane_baseline.xmodel","manual_1637345578273",end_to_end,3291,3291,29.70852,240.9937,13.81135,79.10373,0.00033,335.92231,0.00028,0.03769,1.7311,701.30901
"methane_baseline.xmodel","manual_1637345578273",end_to_end,3292,3292,58.58954,263.3927,18.60875,54.80693,0.00026,338.70254,0.00037,0.03832,1.82153,735.96094
"methane_baseline.xmodel","manual_1637345578273",end_to_end,3293,3293,80.89618,169.56812,15.54014,149.01637,0.00024,335.84692,0.00032,0.04085,1.74172,752.65086
"methane_baseline.xmodel","manual_1637345578273",end_to_end,3294,3294,56.76269,168.29326,14.73589,153.7199,0.0003,339.93287,0.00052,0.06089,1.839,735.34532
"methane_baseline.xmodel","manual_1637345578273",end_to_end,3295,3295,150.79756,246.35889,13.99376,73.71481,0.00026,335.47453,0.00034,0.03039,1.79417,822.16471
"methane_baseline.xmodel","manual_1637345578273",end_to_end,3296,3296,155.57179,280.29451,16.98575,40.79129,0.00027,339.18654,0.00048,0.03358,1.78106,834.64527
"methane_baseline.xmodel","manual_1637345578273",end_to_end,3297,3297,75.50821,194.29488,15.14265,124.24228,0.00023,335.66597,0.00047,0.03573,1.72365,746.61407
"methane_baseline.xmodel","manual_1637345578273",end_to_end,3298,3298,42.67189,217.80383,14.86981,104.61673,0.00029,338.34934,0.00047,0.04905,1.82668,720.18809
"methane_baseline.xmodel","manual_1637345578273",end_to_end,3299,3299,126.06854,194.11585,15.10339,124.61149,0.0003,335.13072,0.0004,0.03471,1.79115,796.85655
"methane_baseline.xmodel","manual_1637345578273",end_to_end,3300,3300,106.44297,187.88022,14.36425,134.28051,0.00024,338.59349,0.00042,0.04235,1.82978,783.43423
"methane_baseline.xmodel","manual_1637345578273",end_to_end,3301,3301,126.38085,198.73275,15.26027,119.36453,0.00028,335.58658,0.00044,0.06078,1.76587,797.15235
"methane_baseline.xmodel","manual_1637345578273",end_to_end,3302,3302,136.15663,169.59792,14.63578,152.47333,0.00031,338.72908,0.00046,0.03724,1.73609,813.36684
"methane_baseline.xmodel","manual_1637345578273",end_to_end,3303,3303,200.12139,251.5062,15.78788,69.54107,0.00025,339.06023,0.00058,0.04987,1.77282,877.84029
"methane_baseline.xmodel","manual_1637345578273",end_to_end,3304,3304,75.46333,233.22029,14.04988,86.47272,0.00032,335.48647,0.00038,0.03707,1.78704,746.5175
"methane_baseline.xmodel","manual_1637345578273",end_to_end,3305,3305,88.29305,129.59393,15.30081,188.76103,0.00026,335.03873,0.00033,0.03689,1.73292,758.75795
"methane_baseline.xmodel","manual_1637345578273",end_to_end,3306,3306,71.33331,135.35686,15.00302,186.90849,0.00029,338.73002,0.00048,0.04152,1.81836,749.19235
"methane_baseline.xmodel","manual_1637345578273",end_to_end,3307,3307,276.16788,201.28693,14.86905,120.73912,0.00026,338.62037,0.00066,0.04216,1.77366,953.50009
"methane_baseline.xmodel","manual_1637345578273",end_to_end,3308,3308,103.16221,248.48373,14.14561,70.57108,0.00031,335.74169,0.00029,0.0344,1.6942,773.83352
"methane_baseline.xmodel","manual_1637345578273",end_to_end,3309,3309,72.34665,214.03928,15.00512,104.91699,0.00025,335.53811,0.0003,0.03869,1.6969,743.58229
"methane_baseline.xmodel","manual_1637345578273",end_to_end,3310,3310,122.62526,188.60494,15.83709,132.28674,0.0003,338.45187,0.00048,1.21473,2.08966,801.11107
"methane_baseline.xmodel","manual_1637345578273",end_to_end,3311,3311,106.64086,158.86545,13.70726,161.23651,0.00031,335.64,0.00034,0.93173,1.79998,778.82244
"methane_baseline.xmodel","manual_1637345578273",end_to_end,3312,3312,134.13182,149.24411,14.18381,173.17828,0.00025,338.26407,0.00056,1.05193,2.08375,812.13858
"methane_baseline.xmodel","manual_1637345578273",end_to_end,3313,3313,259.61295,150.67125,13.80811,170.48649,0.00031,338.96973,0.00045,0.27758,2.56852,936.39539
"methane_baseline.xmodel","manual_1637345578273",end_to_end,3314,3314,79.85634,137.38784,15.16768,181.34732,0.00025,335.59699,0.00036,0.92923,1.87387,752.15988
"methane_baseline.xmodel","manual_1637345578273",end_to_end,3315,3315,282.16738,183.5554,14.8909,137.39642,0.00025,339.07177,0.00048,1.26736,2.33395,960.68391
"methane_baseline.xmodel","manual_1637345578273",end_to_end,3316,3316,75.52013,239.94064,14.36911,78.55603,0.0003,337.13962,0.00034,0.9417,1.95655,748.42442
"methane_baseline.xmodel","manual_1637345578273",end_to_end,3317,3317,182.47417,183.79715,14.40347,138.04456,0.0003,339.12832,0.00034,0.42587,2.0847,860.35888
"methane_baseline.xmodel","manual_1637345578273",end_to_end,3318,3318,39.1227,135.73126,15.49109,183.10614,0.00024,336.11797,0.00034,1.12879,1.93812,712.63665
"methane_baseline.xmodel","manual_1637345578273",end_to_end,3319,3319,289.72772,153.74107,14.33242,167.43988,0.00026,339.6218,0.00031,0.03993,1.97838,966.88177
"methane_baseline.xmodel","manual_1637345578273",end_to_end,3320,3320,37.90613,144.63913,14.84962,173.74009,0.00029,335.37219,0.0003,0.03414,1.74209,708.28398
"methane_baseline.xmodel","manual_1637345578273",end_to_end,3321,3321,282.30854,152.0771,14.07051,170.94545,0.00029,339.24073,0.0006,0.04799,2.03256,960.72377
"methane_baseline.xmodel","manual_1637345578273",end_to_end,3322,3322,64.47078,240.51872,14.35553,77.43016,0.00026,335.44997,0.00039,0.03891,1.71996,733.98468
"methane_baseline.xmodel","manual_1637345578273",end_to_end,3323,3323,79.23981,192.36637,14.4357,126.82642,0.00029,335.65087,0.00033,0.05066,1.75452,750.32497
"methane_baseline.xmodel","manual_1637345578273",end_to_end,3324,3324,172.97753,173.85996,15.95006,147.40028,0.00027,339.20268,0.00035,0.05004,1.88545,851.32662
"methane_baseline.xmodel","manual_1637345578273",end_to_end,3325,3325,243.01734,212.69664,14.88066,109.51901,0.00035,339.29085,0.00043,0.05044,2.03934,921.49506
"methane_baseline.xmodel","manual_1637345578273",end_to_end,3326,3326,35.07739,203.42973,14.10308,116.36515,0.00028,335.62283,0.00064,0.04601,1.73909,706.3842
"methane_baseline.xmodel","manual_1637345578273",end_to_end,3327,3327,118.18908,246.34696,14.39141,73.06232,0.00028,335.31408,0.00036,0.0423,1.76726,789.11405
"methane_baseline.xmodel","manual_1637345578273",end_to_end,3328,3328,111.44788,233.28794,15.22526,88.84177,0.00025,339.37662,0.00066,0.03863,2.25491,790.47392
"methane_baseline.xmodel","manual_1637345578273",end_to_end,3329,3329,74.85424,159.5631,13.94276,160.00908,0.00025,336.31592,0.00033,0.04401,1.78083,746.51052
"methane_baseline.xmodel","manual_1637345578273",end_to_end,3330,3330,90.95883,153.32167,16.89757,167.04525,0.0003,339.78386,0.00049,0.04674,2.06091,770.11562
"methane_baseline.xmodel","manual_1637345578273",end_to_end,3331,3331,287.70743,224.1896,15.28456,97.97012,0.00025,339.51467,0.00035,0.05846,2.13102,966.85646
"methane_baseline.xmodel","manual_1637345578273",end_to_end,3332,3332,43.49951,216.49521,14.31175,103.69713,0.00031,335.75931,0.00044,0.03661,1.78932,715.58959
"methane_baseline.xmodel","manual_1637345578273",end_to_end,3333,3333,105.52043,222.21347,14.61778,97.09803,0.00026,335.6164,0.0004,0.0516,1.8059,776.92427
"methane_baseline.xmodel","manual_1637345578273",end_to_end,3334,3334,100.09658,159.04542,14.81368,163.53107,0.0003,339.16715,0.00105,0.05374,2.12521,778.8342
"methane_baseline.xmodel","manual_1637345578273",end_to_end,3335,3335,98.92064,148.9464,16.14342,168.70998,0.0003,335.72311,0.0005,0.05669,1.81401,770.31505
"methane_baseline.xmodel","manual_1637345578273",end_to_end,3336,3336,165.72999,189.38406,14.94275,132.64,0.00027,339.36388,0.00031,0.06825,2.14816,844.27767
"methane_baseline.xmodel","manual_1637345578273",end_to_end,3337,3337,170.56463,143.80013,17.30221,172.77591,0.00067,335.68977,0.00032,0.03648,1.80985,841.97997
"methane_baseline.xmodel","manual_1637345578273",end_to_end,3338,3338,134.85536,189.79687,14.93674,132.42471,0.00029,339.62412,0.00034,0.06696,2.28005,813.98544
"methane_baseline.xmodel","manual_1637345578273",end_to_end,3339,3339,174.65632,180.78897,14.19305,138.82763,0.00054,335.57077,0.00057,0.044,1.75923,845.84108
"methane_baseline.xmodel","manual_1637345578273",end_to_end,3340,3340,134.63657,154.8884,14.63927,167.86152,0.00027,339.59242,0.00079,0.05579,2.05948,813.73451
"methane_baseline.xmodel","manual_1637345578273",end_to_end,3341,3341,140.68557,137.21595,17.12686,179.37222,0.00064,335.41793,0.00032,0.04348,1.70948,811.57245
"methane_baseline.xmodel","manual_1637345578273",end_to_end,3342,3342,170.23046,211.86982,14.73208,110.63437,0.0003,339.30662,0.00048,0.05519,2.09401,848.92333
"methane_baseline.xmodel","manual_1637345578273",end_to_end,3343,3343,181.19407,151.90138,16.24956,165.45311,0.00049,337.32413,0.00029,0.0434,1.76365,853.93008
"methane_baseline.xmodel","manual_1637345578273",end_to_end,3344,3344,112.77195,190.44461,15.32957,131.3986,0.00026,340.30284,0.00027,0.04282,2.04548,792.3364
"methane_baseline.xmodel","manual_1637345578273",end_to_end,3345,3345,167.16026,193.70769,14.28888,127.57615,0.00026,337.71817,0.00035,0.11585,1.87276,842.44037
"methane_baseline.xmodel","manual_1637345578273",end_to_end,3346,3346,133.59345,190.216,15.32598,132.56681,0.00029,339.42072,0.00108,0.04297,2.28318,813.45048
"methane_baseline.xmodel","manual_1637345578273",end_to_end,3347,3347,129.37497,127.1615,16.41204,192.37887,0.00129,336.03436,0.00053,0.05733,1.75233,803.17322
"methane_baseline.xmodel","manual_1637345578273",end_to_end,3348,3348,134.69528,168.0799,16.46351,152.75535,0.00027,340.92245,0.00048,0.05136,1.72462,814.69322
"methane_baseline.xmodel","manual_1637345578273",end_to_end,3349,3349,194.33592,199.49864,14.27853,120.31352,0.00026,336.34604,0.00047,0.04636,1.79903,866.61877
"methane_baseline.xmodel","manual_1637345578273",end_to_end,3350,3350,155.15282,196.51756,14.99524,127.00719,0.00031,339.37219,0.00034,0.04684,1.79668,834.88917
"methane_baseline.xmodel","manual_1637345578273",end_to_end,3351,3351,122.10967,169.07609,16.33846,149.131,0.00031,335.8728,0.00051,0.04203,1.74332,794.31419
"methane_baseline.xmodel","manual_1637345578273",end_to_end,3352,3352,128.80065,185.29403,15.2153,137.07516,0.00026,339.25996,0.00053,0.03226,1.77334,807.45149
"methane_baseline.xmodel","manual_1637345578273",end_to_end,3353,3353,150.98035,206.00606,14.1732,113.84673,0.00025,336.0163,0.00043,0.03521,1.73064,822.78917
"methane_baseline.xmodel","manual_1637345578273",end_to_end,3354,3354,138.93948,186.12304,15.04695,136.22472,0.0005,339.02196,0.00037,0.03963,1.8006,817.19725
"methane_baseline.xmodel","manual_1637345578273",end_to_end,3355,3355,115.63591,205.42158,14.15289,114.64311,0.0003,335.94853,0.0003,0.03633,1.70723,787.54618
"methane_baseline.xmodel","manual_1637345578273",end_to_end,3356,3356,138.03979,144.87956,15.90538,176.41711,0.00026,339.36736,0.00027,0.04672,1.88204,816.53849
"methane_baseline.xmodel","manual_1637345578273",end_to_end,3357,3357,116.4168,127.11477,15.76476,191.2862,0.00057,336.28131,0.00034,0.03688,1.71135,788.61298
"methane_baseline.xmodel","manual_1637345578273",end_to_end,3358,3358,517.74397,130.25803,15.31293,191.5929,0.00026,339.06651,0.00042,0.05784,2.34139,1196.37425
"methane_baseline.xmodel","manual_1637345578273",end_to_end,3359,3359,27.72869,139.65698,15.74704,182.11736,0.00029,339.11153,0.00041,0.03605,1.8572,706.25555
"methane_baseline.xmodel","manual_1637345578273",end_to_end,3360,3360,9.87458,184.31279,15.32309,134.88431,0.00032,337.00033,0.00052,0.05812,1.84227,683.29633
"methane_baseline.xmodel","manual_1637345578273",end_to_end,3361,3361,136.64123,144.78316,16.08817,174.36429,0.00026,337.93084,0.00049,0.04349,1.89056,811.74249
"methane_baseline.xmodel","manual_1637345578273",end_to_end,3362,3362,353.70761,183.5653,14.97033,137.48582,0.00029,336.65987,0.00035,0.03728,1.83227,1028.25912
"methane_baseline.xmodel","manual_1637345578273",end_to_end,3363,3363,16.06535,188.72853,13.86228,134.58864,0.00032,341.27772,0.00066,0.0637,1.9296,696.5168
"methane_baseline.xmodel","manual_1637345578273",end_to_end,3364,3364,137.0849,192.57472,14.06095,132.14422,0.00026,339.70594,0.00029,0.03947,1.80065,817.4114
"methane_baseline.xmodel","manual_1637345578273",end_to_end,3365,3365,139.45446,195.70884,15.20795,123.76706,0.00025,336.05008,0.00034,1.08122,2.20539,813.47559
"methane_baseline.xmodel","manual_1637345578273",end_to_end,3366,3366,134.14033,183.12272,14.36561,140.21294,0.00031,338.48617,0.00044,1.0188,1.89631,813.24363
"methane_baseline.xmodel","manual_1637345578273",end_to_end,3367,3367,125.67097,210.31921,14.16338,109.66773,0.00029,335.74719,0.00031,1.09952,2.15519,798.82379
"methane_baseline.xmodel","manual_1637345578273",end_to_end,3368,3368,142.4644,163.29714,15.29544,157.64759,0.00026,340.24161,0.00055,1.1945,2.03751,822.179
"methane_baseline.xmodel","manual_1637345578273",end_to_end,3369,3369,112.97403,192.64947,15.70438,124.09418,0.00062,336.17791,0.00043,0.04451,1.80764,783.45317
"methane_baseline.xmodel","manual_1637345578273",end_to_end,3370,3370,160.51631,196.55216,13.71813,127.05537,0.00025,338.30481,0.00065,0.03027,1.91967,838.09762
"methane_baseline.xmodel","manual_1637345578273",end_to_end,3371,3371,127.40332,186.54469,15.02255,131.30948,0.0003,336.60643,0.0004,0.0464,1.75873,798.6923
"methane_baseline.xmodel","manual_1637345578273",end_to_end,3372,3372,130.2822,163.85193,15.31906,155.9021,0.00024,338.65506,0.00046,0.04813,1.85038,805.90956
"methane_baseline.xmodel","manual_1637345578273",end_to_end,3373,3373,133.18442,152.0939,14.77124,167.86927,0.00024,336.72603,0.00047,0.10475,2.03336,806.78368
"methane_baseline.xmodel","manual_1637345578273",end_to_end,3374,3374,157.83216,160.84719,14.5202,161.33723,0.00029,338.75239,0.00044,0.04438,1.9807,835.31498
"methane_baseline.xmodel","manual_1637345578273",end_to_end,3375,3375,169.67338,198.94812,17.04037,118.92808,0.0004,336.67958,0.00084,0.19606,1.82055,843.28738
"methane_baseline.xmodel","manual_1637345578273",end_to_end,3376,3376,163.26009,206.73623,14.05617,116.03438,0.00026,338.92969,0.0007,0.0518,1.83961,840.90893
"methane_baseline.xmodel","manual_1637345578273",end_to_end,3377,3377,121.09667,215.63726,15.00454,103.8824,0.00034,336.18308,0.00058,0.05232,1.98749,793.84468
"methane_baseline.xmodel","manual_1637345578273",end_to_end,3378,3378,118.07149,203.55102,13.86035,119.48199,0.0003,338.99455,0.00036,0.0356,1.95577,795.95143
"methane_baseline.xmodel","manual_1637345578273",end_to_end,3379,3379,105.90316,207.08816,15.0679,112.01642,0.00029,336.27749,0.0003,0.03721,1.87385,778.26478
"methane_baseline.xmodel","manual_1637345578273",end_to_end,3380,3380,121.39273,182.68135,18.31248,136.08659,0.00031,338.75098,0.00093,0.04358,1.90196,799.17091
"methane_baseline.xmodel","manual_1637345578273",end_to_end,3381,3381,114.07959,159.35166,13.96486,160.90377,0.00026,336.92291,0.00042,0.03743,1.80109,787.06199
"methane_baseline.xmodel","manual_1637345578273",end_to_end,3382,3382,270.85836,235.02478,13.9789,85.98181,0.0003,336.23948,0.00044,0.04546,2.24568,944.37521
"methane_baseline.xmodel","manual_1637345578273",end_to_end,3383,3383,30.07182,230.70332,14.26539,91.77536,0.00029,339.07001,0.00049,0.04127,1.95108,707.87903
"methane_baseline.xmodel","manual_1637345578273",end_to_end,3384,3384,93.7486,216.32434,13.84246,106.93504,0.00024,339.13654,0.00096,0.03417,1.94033,771.96268
"methane_baseline.xmodel","manual_1637345578273",end_to_end,3385,3385,87.8932,211.98904,14.8943,107.44416,0.00025,336.63217,0.00042,0.04853,1.74263,760.6447
"methane_baseline.xmodel","manual_1637345578273",end_to_end,3386,3386,108.94625,160.5558,13.70653,162.86022,0.0003,339.47376,0.00047,0.0576,1.85108,787.45201
"methane_baseline.xmodel","manual_1637345578273",end_to_end,3387,3387,109.7507,158.75302,14.26015,161.31805,0.0003,336.32222,0.00044,0.05249,1.88803,782.3454
"methane_baseline.xmodel","manual_1637345578273",end_to_end,3388,3388,164.84569,204.79515,13.66254,119.04022,0.00026,338.94159,0.00046,0.0491,1.76673,843.10174
"methane_baseline.xmodel","manual_1637345578273",end_to_end,3389,3389,163.1295,201.50894,15.35221,117.64615,0.00027,336.21439,0.00032,0.04619,1.75779,835.65576
"methane_baseline.xmodel","manual_1637345578273",end_to_end,3390,3390,120.951,175.81523,14.65354,146.56384,0.0003,338.68649,0.00032,0.03369,1.75039,798.4548
"methane_baseline.xmodel","manual_1637345578273",end_to_end,3391,3391,119.63398,204.50322,14.83834,114.89129,0.0003,336.26114,0.00042,0.04906,1.88234,792.06009
"methane_baseline.xmodel","manual_1637345578273",end_to_end,3392,3392,148.40591,132.61296,16.18407,188.04758,0.00025,339.04922,0.00032,0.05712,1.834,826.19143
"methane_baseline.xmodel","manual_1637345578273",end_to_end,3393,3393,116.7598,186.24137,14.61255,133.54197,0.00036,336.31052,0.00031,0.05297,1.85135,789.3712
"methane_baseline.xmodel","manual_1637345578273",end_to_end,3394,3394,189.84103,212.65648,13.96272,110.64315,0.00029,338.74212,0.00052,0.05075,1.82098,867.71804
"methane_baseline.xmodel","manual_1637345578273",end_to_end,3395,3395,135.47266,209.43995,15.8941,109.03495,0.00034,336.09527,0.00042,0.05178,1.84678,807.83625
"methane_baseline.xmodel","manual_1637345578273",end_to_end,3396,3396,112.54622,158.09107,13.80122,164.95315,0.00028,338.81421,0.00049,0.04281,1.76388,790.01333
"methane_baseline.xmodel","manual_1637345578273",end_to_end,3397,3397,110.94566,208.40164,17.11025,108.68094,0.00025,336.40844,0.0006,0.04148,1.89818,783.48744
"methane_baseline.xmodel","manual_1637345578273",end_to_end,3398,3398,166.82615,213.36979,14.11245,109.45871,0.00026,338.64617,0.00071,0.03588,2.00097,844.45109
"methane_baseline.xmodel","manual_1637345578273",end_to_end,3399,3399,110.60459,238.13053,14.92324,81.4346,0.0003,336.21237,0.00033,0.05173,1.86426,783.22195
"methane_baseline.xmodel","manual_1637345578273",end_to_end,3400,3400,111.27468,141.5874,14.27834,180.96168,0.00026,340.25969,0.00033,0.0415,1.82872,790.2326
"methane_baseline.xmodel","manual_1637345578273",end_to_end,3401,3401,83.40222,201.44768,15.04794,117.75546,0.00037,336.22339,0.00044,0.05141,1.86421,755.79312
"methane_baseline.xmodel","manual_1637345578273",end_to_end,3402,3402,183.02231,194.53593,13.85728,129.79926,0.00028,339.83626,0.00033,0.04041,1.81935,862.91141
"methane_baseline.xmodel","manual_1637345578273",end_to_end,3403,3403,119.69356,191.74335,14.49781,128.05016,0.00028,336.14202,0.00046,0.05144,1.80035,791.97943
"methane_baseline.xmodel","manual_1637345578273",end_to_end,3404,3404,131.68175,187.24827,13.64229,137.0646,0.00087,338.61289,0.00054,0.04275,1.8089,810.10286
"methane_baseline.xmodel","manual_1637345578273",end_to_end,3405,3405,129.95833,182.41477,14.67996,137.13605,0.00028,335.50433,0.00046,0.04718,1.85598,801.59734
"methane_baseline.xmodel","manual_1637345578273",end_to_end,3406,3406,138.91993,244.76181,14.91303,77.07733,0.00029,339.18385,0.00036,0.06303,1.82177,816.7414
"methane_baseline.xmodel","manual_1637345578273",end_to_end,3407,3407,138.98738,171.49492,16.54971,145.60782,0.00033,335.40311,0.00035,0.04582,1.8544,809.94384
"methane_baseline.xmodel","manual_1637345578273",end_to_end,3408,3408,78.92614,209.05402,15.06008,113.23157,0.00025,338.82496,0.00045,0.03427,1.8528,756.98454
"methane_baseline.xmodel","manual_1637345578273",end_to_end,3409,3409,147.51758,238.61692,15.85994,79.01929,0.00024,335.30102,0.00056,0.05102,1.7733,818.13987
"methane_baseline.xmodel","manual_1637345578273",end_to_end,3410,3410,115.12262,167.26155,14.86876,154.80213,0.00024,338.78398,0.00034,0.03785,1.83903,792.7165
"methane_baseline.xmodel","manual_1637345578273",end_to_end,3411,3411,80.93639,202.2845,14.60626,116.49893,0.00031,335.25588,0.0009,0.0506,1.74982,751.38359
"methane_baseline.xmodel","manual_1637345578273",end_to_end,3412,3412,156.69046,160.22388,13.55481,163.11659,0.00025,338.78944,0.00042,0.04821,1.86397,834.28803
"methane_baseline.xmodel","manual_1637345578273",end_to_end,3413,3413,118.34137,173.27721,15.02056,145.11791,0.00024,335.79126,0.00054,0.05105,1.81252,789.41266
"methane_baseline.xmodel","manual_1637345578273",end_to_end,3414,3414,164.99613,233.21066,14.65112,89.04578,0.00027,338.74409,0.00042,0.04757,1.81895,842.51499
"methane_baseline.xmodel","manual_1637345578273",end_to_end,3415,3415,146.9317,258.3003,15.07318,60.6008,0.00033,335.47759,0.00046,0.04735,1.68599,818.1177
"methane_baseline.xmodel","manual_1637345578273",end_to_end,3416,3416,90.97654,281.91727,15.70865,39.18992,0.00023,338.88323,0.00039,0.03685,1.78282,768.4959
"methane_baseline.xmodel","manual_1637345578273",end_to_end,3417,3417,62.50715,260.02402,15.21941,58.33338,0.00024,335.35999,0.00043,0.04858,1.70269,733.19589
"methane_baseline.xmodel","manual_1637345578273",end_to_end,3418,3418,41.06367,173.08875,15.10993,148.80208,0.00029,338.91501,0.00051,0.04737,1.89474,718.92235
"methane_baseline.xmodel","manual_1637345578273",end_to_end,3419,3419,60.06351,200.4293,15.87592,117.32057,0.00031,335.6488,0.00026,0.06087,1.71466,731.1142
"methane_baseline.xmodel","manual_1637345578273",end_to_end,3420,3420,150.62803,252.05986,15.28608,69.72711,0.00027,338.62023,0.00042,0.04591,1.8295,828.19741
"methane_baseline.xmodel","manual_1637345578273",end_to_end,3421,3421,119.08578,247.6888,16.92503,69.27689,0.00025,335.55923,0.00046,0.08063,1.81317,790.43024
"methane_baseline.xmodel","manual_1637345578273",end_to_end,3422,3422,71.66089,198.26473,15.51744,122.89519,0.00024,338.77865,0.00058,0.03426,1.81426,748.96624
"methane_baseline.xmodel","manual_1637345578273",end_to_end,3423,3423,71.05861,177.00453,14.87306,141.92006,0.00037,335.15557,0.00054,0.03132,1.66711,741.71117
"methane_baseline.xmodel","manual_1637345578273",end_to_end,3424,3424,124.7752,157.99548,13.53947,165.35903,0.00027,337.08825,0.00031,0.02984,1.62243,800.41028
