modelo,id,dificuldade,tp,fp,fn,tn,precision,recall,f1,iou,fpr,acuracia
"methane_baseline.xmodel","ang20190922t192642_r0_c256_w512_h512",sem_pluma,0,0,0,262144,0,0,0,0,0,1
"methane_baseline.xmodel","ang20190922t192642_r10752_c0_w512_h512",sem_pluma,0,0,0,262144,0,0,0,0,0,1
"methane_baseline.xmodel","ang20190922t192642_r512_c256_w512_h512",sem_pluma,0,0,0,262144,0,0,0,0,0,1
"methane_baseline.xmodel","ang20190922t192642_r9472_c0_w512_h512",sem_pluma,0,0,0,262144,0,0,0,0,0,1
"methane_baseline.xmodel","ang20190922t192642_r2048_c0_w512_h512",sem_pluma,0,0,0,262144,0,0,0,0,0,1
"methane_baseline.xmodel","ang20190922t192642_r10240_c0_w512_h512",sem_pluma,0,0,0,262144,0,0,0,0,0,1
"methane_baseline.xmodel","ang20190922t192642_r7680_c0_w512_h512",sem_pluma,0,0,0,262144,0,0,0,0,0,1
"methane_baseline.xmodel","ang20190922t194340_r0_c256_w512_h512",sem_pluma,0,0,0,262144,0,0,0,0,0,1
"methane_baseline.xmodel","ang20190922t194340_r9984_c0_w512_h512",sem_pluma,0,0,0,262144,0,0,0,0,0,1
"methane_baseline.xmodel","ang20190922t194340_r9472_c0_w512_h512",sem_pluma,0,0,0,262144,0,0,0,0,0,1
"methane_baseline.xmodel","ang20190922t194340_r3328_c0_w512_h512",sem_pluma,0,0,0,262144,0,0,0,0,0,1
"methane_baseline.xmodel","ang20190922t194340_r7936_c0_w512_h512",sem_pluma,0,0,0,262144,0,0,0,0,0,1
"methane_baseline.xmodel","ang20190922t194340_r8448_c0_w512_h512",sem_pluma,0,0,0,262144,0,0,0,0,0,1
"methane_baseline.xmodel","ang20190922t194340_r6144_c0_w512_h512",sem_pluma,0,0,0,262144,0,0,0,0,0,1
"methane_baseline.xmodel","ang20190922t203229_r256_c512_w512_h512",sem_pluma,0,0,0,262144,0,0,0,0,0,1
"methane_baseline.xmodel","ang20190922t203229_r8192_c256_w512_h512",sem_pluma,0,0,0,262144,0,0,0,0,0,1
"methane_baseline.xmodel","ang20190922t203229_r768_c512_w512_h512",sem_pluma,0,0,0,262144,0,0,0,0,0,1
"methane_baseline.xmodel","ang20190922t203229_r3328_c512_w512_h512",sem_pluma,0,0,0,262144,0,0,0,0,0,1
"methane_baseline.xmodel","ang20190922t203229_r10752_c512_w512_h512",sem_pluma,0,0,0,262144,0,0,0,0,0,1
"methane_baseline.xmodel","ang20190922t203229_r5632_c256_w512_h512",sem_pluma,0,0,0,262144,0,0,0,0,0,1
"methane_baseline.xmodel","ang20190922t203229_r1280_c768_w512_h512",sem_pluma,0,0,0,262144,0,0,0,0,0,1
"methane_baseline.xmodel","ang20190923t163307_r0_c0_w512_h512",sem_pluma,0,0,0,262144,0,0,0,0,0,1
"methane_baseline.xmodel","ang20190923t163307_r10752_c0_w512_h512",sem_pluma,0,0,0,262144,0,0,0,0,0,1
"methane_baseline.xmodel","ang20190923t163307_r1024_c0_w512_h512",sem_pluma,0,0,0,262144,0,0,0,0,0,1
"methane_baseline.xmodel","ang20190923t163307_r5120_c256_w512_h512",sem_pluma,0,0,0,262144,0,0,0,0,0,1
"methane_baseline.xmodel","ang20190923t163307_r7936_c256_w512_h512",sem_pluma,0,0,0,262144,0,0,0,0,0,1
"methane_baseline.xmodel","ang20190923t163307_r7168_c256_w512_h512",sem_pluma,0,20,0,262124,0,0,0,0,7.62939453125e-05,0.999923706055
"methane_baseline.xmodel","ang20190923t163307_r1536_c0_w512_h512",sem_pluma,0,0,0,262144,0,0,0,0,0,1
"methane_baseline.xmodel","ang20190923t170747_r15616_c256_w512_h512",sem_pluma,0,0,0,262144,0,0,0,0,0,1
"methane_baseline.xmodel","ang20190923t170747_r0_c0_w512_h512",sem_pluma,0,0,0,262144,0,0,0,0,0,1
"methane_baseline.xmodel","ang20190923t170747_r512_c0_w512_h512",sem_pluma,0,0,0,262144,0,0,0,0,0,1
"methane_baseline.xmodel","ang20190923t170747_r12288_c256_w512_h512",sem_pluma,0,0,0,262144,0,0,0,0,0,1
"methane_baseline.xmodel","ang20190923t170747_r5120_c256_w512_h512",sem_pluma,0,0,0,262144,0,0,0,0,0,1
"methane_baseline.xmodel","ang20190923t170747_r10752_c256_w512_h512",sem_pluma,0,0,0,262144,0,0,0,0,0,1
"methane_baseline.xmodel","ang20190923t170747_r10240_c256_w512_h512",sem_pluma,0,0,0,262144,0,0,0,0,0,1
"methane_baseline.xmodel","ang20190923t172416_r0_c0_w512_h512",sem_pluma,0,0,0,262144,0,0,0,0,0,1
"methane_baseline.xmodel","ang20190923t172416_r13824_c256_w512_h512",sem_pluma,0,0,0,262144,0,0,0,0,0,1
"methane_baseline.xmodel","ang20190923t172416_r4608_c0_w512_h512",sem_pluma,0,0,0,262144,0,0,0,0,0,1
"methane_baseline.xmodel","ang20190923t172416_r13312_c256_w512_h512",sem_pluma,0,0,0,262144,0,0,0,0,0,1
"methane_baseline.xmodel","ang20190923t172416_r9472_c0_w512_h512",sem_pluma,0,0,0,262144,0,0,0,0,0,1
"methane_baseline.xmodel","ang20190923t172416_r2048_c0_w512_h512",sem_pluma,0,0,0,262144,0,0,0,0,0,1
"methane_baseline.xmodel","ang20190923t172416_r3584_c0_w512_h512",sem_pluma,0,0,0,262144,0,0,0,0,0,1
"methane_baseline.xmodel","ang20190923t174142_r0_c0_w512_h512",sem_pluma,0,0,0,262144,0,0,0,0,0,1
"methane_baseline.xmodel","ang20190923t174142_r4096_c0_w512_h512",sem_pluma,0,0,0,262144,0,0,0,0,0,1
"methane_baseline.xmodel","ang20190923t174142_r512_c0_w512_h512",sem_pluma,0,0,0,262144,0,0,0,0,0,1
"methane_baseline.xmodel","ang20190923t174142_r7936_c0_w512_h512",sem_pluma,0,0,0,262144,0,0,0,0,0,1
"methane_baseline.xmodel","ang20190923t174142_r11776_c256_w512_h512",sem_pluma,0,0,0,262144,0,0,0,0,0,1
"methane_baseline.xmodel","ang20190923t174142_r11264_c256_w512_h512",sem_pluma,0,0,0,262144,0,0,0,0,0,1
"methane_baseline.xmodel","ang20190923t174142_r12544_c256_w512_h512",sem_pluma,0,0,0,262144,0,0,0,0,0,1
"methane_baseline.xmodel","ang20190923t181729_r0_c256_w512_h512",sem_pluma,0,0,0,262144,0,0,0,0,0,1
"methane_baseline.xmodel","ang20190923t181729_r512_c256_w512_h512",sem_pluma,0,0,0,262144,0,0,0,0,0,1
"methane_baseline.xmodel","ang20190923t181729_r11776_c0_w512_h512",sem_pluma,0,0,0,262144,0,0,0,0,0,1
"methane_baseline.xmodel","ang20190923t181729_r10752_c0_w512_h512",sem_pluma,0,0,0,262144,0,0,0,0,0,1
"methane_baseline.xmodel","ang20190923t181729_r8192_c256_w512_h512",sem_pluma,0,0,0,262144,0,0,0,0,0,1
"methane_baseline.xmodel","ang20190923t181729_r8704_c256_w512_h512",sem_pluma,0,0,0,262144,0,0,0,0,0,1
"methane_baseline.xmodel","ang20190923t181729_r4864_c256_w512_h512",sem_pluma,0,0,0,262144,0,0,0,0,0,1
"methane_baseline.xmodel","ang20190923t183439_r0_c0_w512_h512",sem_pluma,0,0,0,262144,0,0,0,0,0,1
"methane_baseline.xmodel","ang20190923t183439_r512_c0_w512_h512",sem_pluma,0,0,0,262144,0,0,0,0,0,1
"methane_baseline.xmodel","ang20190923t183439_r1792_c0_w512_h512",sem_pluma,0,0,0,262144,0,0,0,0,0,1
"methane_baseline.xmodel","ang20190923t183439_r10240_c0_w512_h512",sem_pluma,0,0,0,262144,0,0,0,0,0,1
"methane_baseline.xmodel","ang20190923t183439_r3840_c0_w512_h512",sem_pluma,0,0,0,262144,0,0,0,0,0,1
"methane_baseline.xmodel","ang20190923t183439_r10752_c256_w512_h512",sem_pluma,0,0,0,262144,0,0,0,0,0,1
"methane_baseline.xmodel","ang20190923t183439_r11264_c0_w512_h512",sem_pluma,0,0,0,262144,0,0,0,0,0,1
"methane_baseline.xmodel","ang20190923t185208_r12032_c0_w512_h512",sem_pluma,0,536,0,261608,0,0,0,0,0.00204467773438,0.997955322266
"methane_baseline.xmodel","ang20190923t185208_r0_c0_w512_h512",sem_pluma,0,0,0,262144,0,0,0,0,0,1
"methane_baseline.xmodel","ang20190923t185208_r768_c0_w512_h512",sem_pluma,0,0,0,262144,0,0,0,0,0,1
"methane_baseline.xmodel","ang20190923t185208_r5632_c0_w512_h512",sem_pluma,0,0,0,262144,0,0,0,0,0,1
"methane_baseline.xmodel","ang20190923t185208_r7936_c256_w512_h512",sem_pluma,0,0,0,262144,0,0,0,0,0,1
"methane_baseline.xmodel","ang20190923t185208_r1536_c0_w512_h512",sem_pluma,0,0,0,262144,0,0,0,0,0,1
"methane_baseline.xmodel","ang20190923t185208_r3584_c0_w512_h512",sem_pluma,0,0,0,262144,0,0,0,0,0,1
"methane_baseline.xmodel","ang20190923t190921_r12288_c256_w512_h512",sem_pluma,0,180,0,261964,0,0,0,0,0.000686645507812,0.999313354492
"methane_baseline.xmodel","ang20190923t190921_r11776_c256_w512_h512",sem_pluma,0,343,0,261801,0,0,0,0,0.00130844116211,0.998691558838
"methane_baseline.xmodel","ang20190923t190921_r1024_c0_w512_h512",sem_pluma,0,0,0,262144,0,0,0,0,0,1
"methane_baseline.xmodel","ang20190923t190921_r9984_c256_w512_h512",sem_pluma,0,0,0,262144,0,0,0,0,0,1
"methane_baseline.xmodel","ang20190923t190921_r5376_c0_w512_h512",sem_pluma,0,0,0,262144,0,0,0,0,0,1
"methane_baseline.xmodel","ang20190923t190921_r0_c0_w512_h512",sem_pluma,0,0,0,262144,0,0,0,0,0,1
"methane_baseline.xmodel","ang20190923t190921_r5888_c256_w512_h512",sem_pluma,0,0,0,262144,0,0,0,0,0,1
"methane_baseline.xmodel","ang20190923t192543_r11008_c0_w512_h512",sem_pluma,0,0,0,262144,0,0,0,0,0,1
"methane_baseline.xmodel","ang20190923t192543_r11520_c256_w512_h512",sem_pluma,0,0,0,262144,0,0,0,0,0,1
"methane_baseline.xmodel","ang20190923t192543_r12032_c256_w512_h512",sem_pluma,0,0,0,262144,0,0,0,0,0,1
"methane_baseline.xmodel","ang20190923t192543_r9216_c0_w512_h512",sem_pluma,0,0,0,262144,0,0,0,0,0,1
"methane_baseline.xmodel","ang20190923t192543_r5376_c256_w512_h512",sem_pluma,0,0,0,262144,0,0,0,0,0,1
"methane_baseline.xmodel","ang20190923t192543_r13056_c256_w512_h512",sem_pluma,0,0,0,262144,0,0,0,0,0,1
"methane_baseline.xmodel","ang20190923t192543_r768_c0_w512_h512",sem_pluma,0,0,0,262144,0,0,0,0,0,1
"methane_baseline.xmodel","ang20190923t194235_r3072_c0_w512_h512",sem_pluma,0,0,0,262144,0,0,0,0,0,1
"methane_baseline.xmodel","ang20190923t194235_r2560_c0_w512_h512",sem_pluma,0,0,0,262144,0,0,0,0,0,1
"methane_baseline.xmodel","ang20190923t194235_r3584_c0_w512_h512",sem_pluma,0,0,0,262144,0,0,0,0,0,1
"methane_baseline.xmodel","ang20190923t194235_r256_c0_w512_h512",sem_pluma,0,0,0,262144,0,0,0,0,0,1
"methane_baseline.xmodel","ang20190923t194235_r1280_c0_w512_h512",sem_pluma,0,0,0,262144,0,0,0,0,0,1
"methane_baseline.xmodel","ang20190923t194235_r13312_c0_w512_h512",sem_pluma,0,43,0,262101,0,0,0,0,0.000164031982422,0.999835968018
"methane_baseline.xmodel","ang20190923t194235_r11520_c0_w512_h512",sem_pluma,0,0,0,262144,0,0,0,0,0,1
"methane_baseline.xmodel","ang20190923t195907_r8704_c0_w512_h512",sem_pluma,0,146,0,261998,0,0,0,0,0.000556945800781,0.999443054199
"methane_baseline.xmodel","ang20190923t195907_r3840_c0_w512_h512",sem_pluma,0,0,0,262144,0,0,0,0,0,1
"methane_baseline.xmodel","ang20190923t195907_r5376_c256_w512_h512",sem_pluma,0,22,0,262122,0,0,0,0,8.39233398438e-05,0.99991607666
"methane_baseline.xmodel","ang20190923t195907_r4864_c0_w512_h512",sem_pluma,0,0,0,262144,0,0,0,0,0,1
"methane_baseline.xmodel","ang20190923t195907_r6144_c0_w512_h512",sem_pluma,0,0,0,262144,0,0,0,0,0,1
"methane_baseline.xmodel","ang20190923t195907_r10752_c256_w512_h512",sem_pluma,0,0,0,262144,0,0,0,0,0,1
"methane_baseline.xmodel","ang20190923t195907_r9216_c0_w512_h512",sem_pluma,0,0,0,262144,0,0,0,0,0,1
"methane_baseline.xmodel","ang20190924t165509_r0_c0_w512_h512",sem_pluma,0,0,0,262144,0,0,0,0,0,1
"methane_baseline.xmodel","ang20190924t165509_r512_c0_w512_h512",sem_pluma,0,0,0,262144,0,0,0,0,0,1
"methane_baseline.xmodel","ang20190924t165509_r2048_c0_w512_h512",sem_pluma,0,0,0,262144,0,0,0,0,0,1
"methane_baseline.xmodel","ang20190924t165836_r2560_c0_w512_h512",sem_pluma,0,0,0,262144,0,0,0,0,0,1
"methane_baseline.xmodel","ang20190924t165836_r3328_c0_w512_h512",sem_pluma,0,0,0,262144,0,0,0,0,0,1
"methane_baseline.xmodel","ang20190924t165836_r256_c0_w512_h512",sem_pluma,0,0,0,262144,0,0,0,0,0,1
"methane_baseline.xmodel","ang20190924t165836_r4608_c0_w512_h512",sem_pluma,0,0,0,262144,0,0,0,0,0,1
"methane_baseline.xmodel","ang20190924t165836_r15360_c0_w512_h512",sem_pluma,0,0,0,262144,0,0,0,0,0,1
"methane_baseline.xmodel","ang20190924t165836_r10496_c0_w512_h512",sem_pluma,0,0,0,262144,0,0,0,0,0,1
"methane_baseline.xmodel","ang20190924t165836_r5888_c0_w512_h512",sem_pluma,0,0,0,262144,0,0,0,0,0,1
"methane_baseline.xmodel","ang20190924t172057_r7424_c0_w512_h512",sem_pluma,0,0,0,262144,0,0,0,0,0,1
"methane_baseline.xmodel","ang20190924t172057_r0_c0_w512_h512",sem_pluma,0,0,0,262144,0,0,0,0,0,1
"methane_baseline.xmodel","ang20190924t172057_r1280_c0_w512_h512",sem_pluma,0,0,0,262144,0,0,0,0,0,1
"methane_baseline.xmodel","ang20190924t172057_r10752_c0_w512_h512",sem_pluma,0,0,0,262144,0,0,0,0,0,1
"methane_baseline.xmodel","ang20190924t172057_r19200_c0_w512_h512",sem_pluma,0,0,0,262144,0,0,0,0,0,1
"methane_baseline.xmodel","ang20190924t172057_r15360_c256_w512_h512",sem_pluma,0,0,0,262144,0,0,0,0,0,1
"methane_baseline.xmodel","ang20190924t172057_r16896_c0_w512_h512",sem_pluma,0,0,0,262144,0,0,0,0,0,1
"methane_baseline.xmodel","ang20190924t174538_r0_c0_w512_h512",sem_pluma,0,0,0,262144,0,0,0,0,0,1
"methane_baseline.xmodel","ang20190924t174538_r1280_c0_w512_h512",sem_pluma,0,0,0,262144,0,0,0,0,0,1
"methane_baseline.xmodel","ang20190924t174538_r512_c0_w512_h512",sem_pluma,0,0,0,262144,0,0,0,0,0,1
"methane_baseline.xmodel","ang20190924t174538_r15104_c0_w512_h512",sem_pluma,0,0,0,262144,0,0,0,0,0,1
"methane_baseline.xmodel","ang20190924t174538_r16384_c0_w512_h512",sem_pluma,0,0,0,262144,0,0,0,0,0,1
"methane_baseline.xmodel","ang20190924t174538_r22272_c0_w512_h512",sem_pluma,0,0,0,262144,0,0,0,0,0,1
"methane_baseline.xmodel","ang20190924t174538_r13312_c256_w512_h512",sem_pluma,0,0,0,262144,0,0,0,0,0,1
"methane_baseline.xmodel","ang20190924t181121_r768_c0_w512_h512",sem_pluma,0,0,0,262144,0,0,0,0,0,1
"methane_baseline.xmodel","ang20190924t181121_r18176_c256_w512_h512",sem_pluma,0,0,0,262144,0,0,0,0,0,1
"methane_baseline.xmodel","ang20190924t181121_r4864_c0_w512_h512",sem_pluma,0,0,0,262144,0,0,0,0,0,1
"methane_baseline.xmodel","ang20190924t181121_r20480_c256_w512_h512",sem_pluma,0,0,0,262144,0,0,0,0,0,1
"methane_baseline.xmodel","ang20190924t181121_r19712_c0_w512_h512",sem_pluma,0,0,0,262144,0,0,0,0,0,1
"methane_baseline.xmodel","ang20190924t181121_r2560_c0_w512_h512",sem_pluma,0,0,0,262144,0,0,0,0,0,1
"methane_baseline.xmodel","ang20190924t181121_r22784_c0_w512_h512",sem_pluma,0,0,0,262144,0,0,0,0,0,1
"methane_baseline.xmodel","ang20190924t183641_r13312_c0_w512_h512",sem_pluma,0,0,0,262144,0,0,0,0,0,1
"methane_baseline.xmodel","ang20190924t183641_r2304_c0_w512_h512",sem_pluma,0,0,0,262144,0,0,0,0,0,1
"methane_baseline.xmodel","ang20190924t183641_r4608_c0_w512_h512",sem_pluma,0,0,0,262144,0,0,0,0,0,1
"methane_baseline.xmodel","ang20190924t183641_r7168_c0_w512_h512",sem_pluma,0,0,0,262144,0,0,0,0,0,1
"methane_baseline.xmodel","ang20190924t183641_r10496_c0_w512_h512",sem_pluma,0,0,0,262144,0,0,0,0,0,1
"methane_baseline.xmodel","ang20190924t183641_r9984_c256_w512_h512",sem_pluma,0,0,0,262144,0,0,0,0,0,1
"methane_baseline.xmodel","ang20190924t183641_r7936_c0_w512_h512",sem_pluma,0,0,0,262144,0,0,0,0,0,1
"methane_baseline.xmodel","ang20190924t193726_r3072_c0_w512_h512",sem_pluma,0,0,0,262144,0,0,0,0,0,1
"methane_baseline.xmodel","ang20190924t193726_r1024_c0_w512_h512",sem_pluma,0,0,0,262144,0,0,0,0,0,1
"methane_baseline.xmodel","ang20190924t193726_r1536_c0_w512_h512",sem_pluma,0,0,0,262144,0,0,0,0,0,1
"methane_baseline.xmodel","ang20190924t193726_r4352_c0_w512_h512",sem_pluma,0,0,0,262144,0,0,0,0,0,1
"methane_baseline.xmodel","ang20190924t193726_r512_c0_w512_h512",sem_pluma,0,0,0,262144,0,0,0,0,0,1
"methane_baseline.xmodel","ang20190924t193726_r5120_c0_w512_h512",sem_pluma,0,0,0,262144,0,0,0,0,0,1
"methane_baseline.xmodel","ang20190924t193726_r3584_c0_w512_h512",sem_pluma,0,0,0,262144,0,0,0,0,0,1
"methane_baseline.xmodel","ang20190926t152524_r0_c256_w512_h512",sem_pluma,0,0,0,262144,0,0,0,0,0,1
"methane_baseline.xmodel","ang20190926t152524_r7680_c0_w512_h512",sem_pluma,0,0,0,262144,0,0,0,0,0,1
"methane_baseline.xmodel","ang20190926t152524_r512_c256_w512_h512",sem_pluma,0,0,0,262144,0,0,0,0,0,1
"methane_baseline.xmodel","ang20190926t152524_r13312_c0_w512_h512",sem_pluma,0,0,0,262144,0,0,0,0,0,1
"methane_baseline.xmodel","ang20190926t152524_r10240_c0_w512_h512",sem_pluma,0,0,0,262144,0,0,0,0,0,1
"methane_baseline.xmodel","ang20190926t152524_r5888_c256_w512_h512",sem_pluma,0,0,0,262144,0,0,0,0,0,1
"methane_baseline.xmodel","ang20190926t152524_r12800_c0_w512_h512",sem_pluma,0,0,0,262144,0,0,0,0,0,1
"methane_baseline.xmodel","ang20190926t154314_r13568_c256_w512_h512",sem_pluma,0,0,0,262144,0,0,0,0,0,1
"methane_baseline.xmodel","ang20190926t154314_r7936_c256_w512_h512",sem_pluma,0,0,0,262144,0,0,0,0,0,1
"methane_baseline.xmodel","ang20190926t154314_r11776_c0_w512_h512",sem_pluma,0,0,0,262144,0,0,0,0,0,1
"methane_baseline.xmodel","ang20190926t154314_r3840_c0_w512_h512",sem_pluma,0,0,0,262144,0,0,0,0,0,1
"methane_baseline.xmodel","ang20190926t154314_r11008_c0_w512_h512",sem_pluma,0,0,0,262144,0,0,0,0,0,1
"methane_baseline.xmodel","ang20190926t154314_r10240_c256_w512_h512",sem_pluma,0,0,0,262144,0,0,0,0,0,1
"methane_baseline.xmodel","ang20190926t154314_r5376_c0_w512_h512",sem_pluma,0,0,0,262144,0,0,0,0,0,1
"methane_baseline.xmodel","ang20190926t160016_r10240_c0_w512_h512",sem_pluma,0,0,0,262144,0,0,0,0,0,1
"methane_baseline.xmodel","ang20190926t160016_r7680_c256_w512_h512",sem_pluma,0,0,0,262144,0,0,0,0,0,1
"methane_baseline.xmodel","ang20190926t160016_r8448_c0_w512_h512",sem_pluma,0,0,0,262144,0,0,0,0,0,1
"methane_baseline.xmodel","ang20190926t160016_r5632_c256_w512_h512",sem_pluma,0,0,0,262144,0,0,0,0,0,1
"methane_baseline.xmodel","ang20190926t160016_r4096_c256_w512_h512",sem_pluma,0,0,0,262144,0,0,0,0,0,1
"methane_baseline.xmodel","ang20190926t160016_r4608_c0_w512_h512",sem_pluma,0,0,0,262144,0,0,0,0,0,1
"methane_baseline.xmodel","ang20190926t160016_r6400_c0_w512_h512",sem_pluma,0,0,0,262144,0,0,0,0,0,1
"methane_baseline.xmodel","ang20190926t161748_r8960_c256_w512_h512",sem_pluma,0,0,0,262144,0,0,0,0,0,1
"methane_baseline.xmodel","ang20190926t161748_r10752_c256_w512_h512",sem_pluma,0,0,0,262144,0,0,0,0,0,1
"methane_baseline.xmodel","ang20190926t161748_r5376_c0_w512_h512",sem_pluma,0,0,0,262144,0,0,0,0,0,1
"methane_baseline.xmodel","ang20190926t161748_r9984_c256_w512_h512",sem_pluma,0,0,0,262144,0,0,0,0,0,1
"methane_baseline.xmodel","ang20190926t161748_r13312_c256_w512_h512",sem_pluma,0,0,0,262144,0,0,0,0,0,1
"methane_baseline.xmodel","ang20190926t161748_r12544_c256_w512_h512",sem_pluma,0,0,0,262144,0,0,0,0,0,1
"methane_baseline.xmodel","ang20190926t161748_r7936_c256_w512_h512",sem_pluma,0,0,0,262144,0,0,0,0,0,1
"methane_baseline.xmodel","ang20190926t163428_r8960_c256_w512_h512",sem_pluma,0,0,0,262144,0,0,0,0,0,1
"methane_baseline.xmodel","ang20190926t163428_r2048_c0_w512_h512",sem_pluma,0,0,0,262144,0,0,0,0,0,1
"methane_baseline.xmodel","ang20190926t163428_r0_c0_w512_h512",sem_pluma,0,0,0,262144,0,0,0,0,0,1
"methane_baseline.xmodel","ang20190926t163428_r11520_c256_w512_h512",sem_pluma,0,0,0,262144,0,0,0,0,0,1
"methane_baseline.xmodel","ang20190926t163428_r12544_c0_w512_h512",sem_pluma,0,0,0,262144,0,0,0,0,0,1
"methane_baseline.xmodel","ang20190926t163428_r4352_c0_w512_h512",sem_pluma,0,0,0,262144,0,0,0,0,0,1
"methane_baseline.xmodel","ang20190926t163428_r8448_c0_w512_h512",sem_pluma,0,0,0,262144,0,0,0,0,0,1
"methane_baseline.xmodel","ang20190926t165202_r1024_c0_w512_h512",sem_pluma,0,0,0,262144,0,0,0,0,0,1
"methane_baseline.xmodel","ang20190926t165202_r4608_c0_w512_h512",sem_pluma,0,0,0,262144,0,0,0,0,0,1
"methane_baseline.xmodel","ang20190926t165202_r512_c0_w512_h512",sem_pluma,0,0,0,262144,0,0,0,0,0,1
"methane_baseline.xmodel","ang20190926t165202_r3584_c0_w512_h512",sem_pluma,0,0,0,262144,0,0,0,0,0,1
"methane_baseline.xmodel","ang20190926t165202_r7680_c256_w512_h512",sem_pluma,0,0,0,262144,0,0,0,0,0,1
"methane_baseline.xmodel","ang20190926t165202_r8192_c256_w512_h512",sem_pluma,0,0,0,262144,0,0,0,0,0,1
"methane_baseline.xmodel","ang20190926t165202_r6144_c0_w512_h512",sem_pluma,0,0,0,262144,0,0,0,0,0,1
"methane_baseline.xmodel","ang20190926t171159_r0_c0_w512_h512",sem_pluma,0,0,0,262144,0,0,0,0,0,1
"methane_baseline.xmodel","ang20190926t171159_r5120_c256_w512_h512",sem_pluma,0,0,0,262144,0,0,0,0,0,1
"methane_baseline.xmodel","ang20190926t171159_r7168_c256_w512_h512",sem_pluma,0,0,0,262144,0,0,0,0,0,1
"methane_baseline.xmodel","ang20190926t171159_r11264_c256_w512_h512",sem_pluma,0,0,0,262144,0,0,0,0,0,1
"methane_baseline.xmodel","ang20190926t171159_r11776_c0_w512_h512",sem_pluma,0,0,0,262144,0,0,0,0,0,1
"methane_baseline.xmodel","ang20190926t171159_r9728_c256_w512_h512",sem_pluma,0,0,0,262144,0,0,0,0,0,1
"methane_baseline.xmodel","ang20190926t171159_r8448_c256_w512_h512",sem_pluma,0,0,0,262144,0,0,0,0,0,1
"methane_baseline.xmodel","ang20190926t172904_r0_c0_w512_h512",sem_pluma,0,0,0,262144,0,0,0,0,0,1
"methane_baseline.xmodel","ang20190926t172904_r3840_c0_w512_h512",sem_pluma,0,0,0,262144,0,0,0,0,0,1
"methane_baseline.xmodel","ang20190926t172904_r2560_c0_w512_h512",sem_pluma,0,0,0,262144,0,0,0,0,0,1
"methane_baseline.xmodel","ang20190926t172904_r1792_c0_w512_h512",sem_pluma,0,0,0,262144,0,0,0,0,0,1
"methane_baseline.xmodel","ang20190926t172904_r9984_c256_w512_h512",sem_pluma,0,0,0,262144,0,0,0,0,0,1
"methane_baseline.xmodel","ang20190926t172904_r11264_c256_w512_h512",sem_pluma,0,0,0,262144,0,0,0,0,0,1
"methane_baseline.xmodel","ang20190926t172904_r7168_c256_w512_h512",sem_pluma,0,0,0,262144,0,0,0,0,0,1
"methane_baseline.xmodel","ang20190926t174644_r8192_c0_w512_h512",sem_pluma,0,0,0,262144,0,0,0,0,0,1
"methane_baseline.xmodel","ang20190926t174644_r3840_c0_w512_h512",sem_pluma,0,0,0,262144,0,0,0,0,0,1
"methane_baseline.xmodel","ang20190926t174644_r0_c0_w512_h512",sem_pluma,0,0,0,262144,0,0,0,0,0,1
"methane_baseline.xmodel","ang20190926t174644_r7680_c0_w512_h512",sem_pluma,0,0,0,262144,0,0,0,0,0,1
"methane_baseline.xmodel","ang20190926t174644_r10496_c0_w512_h512",sem_pluma,0,0,0,262144,0,0,0,0,0,1
"methane_baseline.xmodel","ang20190926t174644_r6912_c256_w512_h512",sem_pluma,0,0,0,262144,0,0,0,0,0,1
"methane_baseline.xmodel","ang20190926t174644_r8704_c0_w512_h512",sem_pluma,0,0,0,262144,0,0,0,0,0,1
"methane_baseline.xmodel","ang20190926t180335_r3584_c0_w512_h512",sem_pluma,0,0,0,262144,0,0,0,0,0,1
"methane_baseline.xmodel","ang20190926t180335_r5632_c0_w512_h512",sem_pluma,0,0,0,262144,0,0,0,0,0,1
"methane_baseline.xmodel","ang20190926t180335_r0_c0_w512_h512",sem_pluma,0,0,0,262144,0,0,0,0,0,1
"methane_baseline.xmodel","ang20190926t180335_r4352_c0_w512_h512",sem_pluma,0,0,0,262144,0,0,0,0,0,1
"methane_baseline.xmodel","ang20190926t180335_r8448_c0_w512_h512",sem_pluma,0,0,0,262144,0,0,0,0,0,1
"methane_baseline.xmodel","ang20190926t180335_r10240_c0_w512_h512",sem_pluma,0,0,0,262144,0,0,0,0,0,1
"methane_baseline.xmodel","ang20190926t180335_r7680_c0_w512_h512",sem_pluma,0,0,0,262144,0,0,0,0,0,1
"methane_baseline.xmodel","ang20190926t182043_r4096_c0_w512_h512",sem_pluma,0,0,0,262144,0,0,0,0,0,1
"methane_baseline.xmodel","ang20190926t182043_r0_c256_w512_h512",sem_pluma,0,0,0,262144,0,0,0,0,0,1
"methane_baseline.xmodel","ang20190926t182043_r6656_c0_w512_h512",sem_pluma,0,0,0,262144,0,0,0,0,0,1
"methane_baseline.xmodel","ang20190926t182043_r4864_c256_w512_h512",sem_pluma,0,0,0,262144,0,0,0,0,0,1
"methane_baseline.xmodel","ang20190926t182043_r8960_c0_w512_h512",sem_pluma,0,0,0,262144,0,0,0,0,0,1
"methane_baseline.xmodel","ang20190926t182043_r8192_c0_w512_h512",sem_pluma,0,0,0,262144,0,0,0,0,0,1
"methane_baseline.xmodel","ang20190926t182043_r768_c256_w512_h512",sem_pluma,0,0,0,262144,0,0,0,0,0,1
"methane_baseline.xmodel","ang20190926t184029_r12800_c256_w512_h512",sem_pluma,0,0,0,262144,0,0,0,0,0,1
"methane_baseline.xmodel","ang20190926t184029_r9216_c256_w512_h512",sem_pluma,0,0,0,262144,0,0,0,0,0,1
"methane_baseline.xmodel","ang20190926t184029_r8192_c256_w512_h512",sem_pluma,0,0,0,262144,0,0,0,0,0,1
"methane_baseline.xmodel","ang20190926t184029_r8704_c256_w512_h512",sem_pluma,0,0,0,262144,0,0,0,0,0,1
"methane_baseline.xmodel","ang20190926t184029_r3328_c0_w512_h512",sem_pluma,0,0,0,262144,0,0,0,0,0,1
"methane_baseline.xmodel","ang20190926t184029_r6912_c256_w512_h512",sem_pluma,0,0,0,262144,0,0,0,0,0,1
"methane_baseline.xmodel","ang20190926t184029_r7424_c0_w512_h512",sem_pluma,0,0,0,262144,0,0,0,0,0,1
"methane_baseline.xmodel","ang20190926t185727_r8704_c0_w512_h512",sem_pluma,0,0,0,262144,0,0,0,0,0,1
"methane_baseline.xmodel","ang20190926t185727_r13056_c256_w512_h512",sem_pluma,0,0,0,262144,0,0,0,0,0,1
"methane_baseline.xmodel","ang20190926t185727_r7680_c256_w512_h512",sem_pluma,0,0,0,262144,0,0,0,0,0,1
"methane_baseline.xmodel","ang20190926t185727_r9984_c256_w512_h512",sem_pluma,0,0,0,262144,0,0,0,0,0,1
"methane_baseline.xmodel","ang20190926t185727_r12032_c0_w512_h512",sem_pluma,0,0,0,262144,0,0,0,0,0,1
"methane_baseline.xmodel","ang20190926t185727_r5632_c0_w512_h512",sem_pluma,0,0,0,262144,0,0,0,0,0,1
"methane_baseline.xmodel","ang20190926t185727_r3072_c0_w512_h512",sem_pluma,0,0,0,262144,0,0,0,0,0,1
"methane_baseline.xmodel","ang20190926t191417_r0_c0_w512_h512",sem_pluma,0,0,0,262144,0,0,0,0,0,1
"methane_baseline.xmodel","ang20190926t191417_r7936_c256_w512_h512",sem_pluma,0,0,0,262144,0,0,0,0,0,1
"methane_baseline.xmodel","ang20190926t191417_r8448_c256_w512_h512",sem_pluma,0,0,0,262144,0,0,0,0,0,1
"methane_baseline.xmodel","ang20190926t191417_r11776_c0_w512_h512",sem_pluma,0,0,0,262144,0,0,0,0,0,1
"methane_baseline.xmodel","ang20190926t191417_r1024_c0_w512_h512",sem_pluma,0,0,0,262144,0,0,0,0,0,1
"methane_baseline.xmodel","ang20190926t191417_r9216_c0_w512_h512",sem_pluma,0,0,0,262144,0,0,0,0,0,1
"methane_baseline.xmodel","ang20190926t191417_r6144_c256_w512_h512",sem_pluma,0,0,0,262144,0,0,0,0,0,1
"methane_baseline.xmodel","ang20190926t193117_r0_c0_w512_h512",sem_pluma,0,0,0,262144,0,0,0,0,0,1
"methane_baseline.xmodel","ang20190926t193117_r11008_c256_w512_h512",sem_pluma,0,0,0,262144,0,0,0,0,0,1
"methane_baseline.xmodel","ang20190926t193117_r9472_c0_w512_h512",sem_pluma,0,0,0,262144,0,0,0,0,0,1
"methane_baseline.xmodel","ang20190926t193117_r3328_c0_w512_h512",sem_pluma,0,0,0,262144,0,0,0,0,0,1
"methane_baseline.xmodel","ang20190926t193117_r4352_c0_w512_h512",sem_pluma,0,0,0,262144,0,0,0,0,0,1
"methane_baseline.xmodel","ang20190926t193117_r3840_c0_w512_h512",sem_pluma,0,0,0,262144,0,0,0,0,0,1
"methane_baseline.xmodel","ang20190926t193117_r6656_c0_w512_h512",sem_pluma,0,0,0,262144,0,0,0,0,0,1
"methane_baseline.xmodel","ang20190926t213844_r6144_c256_w512_h512",sem_pluma,0,0,0,262144,0,0,0,0,0,1
"methane_baseline.xmodel","ang20190926t213844_r1280_c256_w512_h512",sem_pluma,0,0,0,262144,0,0,0,0,0,1
"methane_baseline.xmodel","ang20190926t213844_r3584_c256_w512_h512",sem_pluma,0,0,0,262144,0,0,0,0,0,1
"methane_baseline.xmodel","ang20190926t213844_r5632_c256_w512_h512",sem_pluma,0,0,0,262144,0,0,0,0,0,1
"methane_baseline.xmodel","ang20190926t213844_r2560_c256_w512_h512",sem_pluma,0,0,0,262144,0,0,0,0,0,1
"methane_baseline.xmodel","ang20190926t213844_r4864_c256_w512_h512",sem_pluma,0,0,0,262144,0,0,0,0,0,1
"methane_baseline.xmodel","ang20190926t213844_r256_c256_w512_h512",sem_pluma,0,0,0,262144,0,0,0,0,0,1
"methane_baseline.xmodel","ang20190926t220008_r8704_c256_w512_h512",sem_pluma,0,0,0,262144,0,0,0,0,0,1
"methane_baseline.xmodel","ang20190926t220008_r7936_c256_w512_h512",sem_pluma,0,0,0,262144,0,0,0,0,0,1
"methane_baseline.xmodel","ang20190926t220008_r7424_c256_w512_h512",sem_pluma,0,0,0,262144,0,0,0,0,0,1
"methane_baseline.xmodel","ang20190926t220008_r768_c0_w512_h512",sem_pluma,0,0,0,262144,0,0,0,0,0,1
"methane_baseline.xmodel","ang20190926t220008_r2304_c256_w512_h512",sem_pluma,0,0,0,262144,0,0,0,0,0,1
"methane_baseline.xmodel","ang20190926t220008_r2816_c0_w512_h512",sem_pluma,0,0,0,262144,0,0,0,0,0,1
"methane_baseline.xmodel","ang20190926t220008_r256_c0_w512_h512",sem_pluma,0,0,0,262144,0,0,0,0,0,1
"methane_baseline.xmodel","ang20190926t221757_r5376_c0_w512_h512",sem_pluma,0,0,0,262144,0,0,0,0,0,1
"methane_baseline.xmodel","ang20190926t221757_r1792_c0_w512_h512",sem_pluma,0,0,0,262144,0,0,0,0,0,1
"methane_baseline.xmodel","ang20190926t221757_r4864_c0_w512_h512",sem_pluma,0,0,0,262144,0,0,0,0,0,1
"methane_baseline.xmodel","ang20190926t221757_r10240_c256_w512_h512",sem_pluma,0,0,0,262144,0,0,0,0,0,1
"methane_baseline.xmodel","ang20190926t221757_r3840_c0_w512_h512",sem_pluma,0,0,0,262144,0,0,0,0,0,1
"methane_baseline.xmodel","ang20190926t221757_r10752_c0_w512_h512",sem_pluma,0,0,0,262144,0,0,0,0,0,1
"methane_baseline.xmodel","ang20190926t221757_r0_c0_w512_h512",sem_pluma,0,0,0,262144,0,0,0,0,0,1
"methane_baseline.xmodel","ang20190926t223557_r12288_c256_w512_h512",sem_pluma,0,287,0,261857,0,0,0,0,0.00109481811523,0.998905181885
"methane_baseline.xmodel","ang20190926t223557_r7168_c0_w512_h512",sem_pluma,0,0,0,262144,0,0,0,0,0,1
"methane_baseline.xmodel","ang20190926t223557_r8704_c0_w512_h512",sem_pluma,0,0,0,262144,0,0,0,0,0,1
"methane_baseline.xmodel","ang20190926t223557_r1536_c0_w512_h512",sem_pluma,0,0,0,262144,0,0,0,0,0,1
"methane_baseline.xmodel","ang20190926t223557_r11520_c256_w512_h512",sem_pluma,0,0,0,262144,0,0,0,0,0,1
"methane_baseline.xmodel","ang20190926t223557_r5120_c0_w512_h512",sem_pluma,0,0,0,262144,0,0,0,0,0,1
"methane_baseline.xmodel","ang20190926t223557_r6656_c0_w512_h512",sem_pluma,0,0,0,262144,0,0,0,0,0,1
"methane_baseline.xmodel","ang20190927t145113_r0_c0_w512_h512",sem_pluma,0,0,0,262144,0,0,0,0,0,1
"methane_baseline.xmodel","ang20190927t145113_r1280_c0_w512_h512",sem_pluma,0,0,0,262144,0,0,0,0,0,1
"methane_baseline.xmodel","ang20190927t145113_r6144_c0_w512_h512",sem_pluma,0,0,0,262144,0,0,0,0,0,1
"methane_baseline.xmodel","ang20190927t145113_r3328_c0_w512_h512",sem_pluma,0,0,0,262144,0,0,0,0,0,1
"methane_baseline.xmodel","ang20190927t145113_r4864_c0_w512_h512",sem_pluma,0,0,0,262144,0,0,0,0,0,1
"methane_baseline.xmodel","ang20190927t145113_r4352_c0_w512_h512",sem_pluma,0,0,0,262144,0,0,0,0,0,1
"methane_baseline.xmodel","ang20190927t145113_r3840_c0_w512_h512",sem_pluma,0,0,0,262144,0,0,0,0,0,1
"methane_baseline.xmodel","ang20190927t151239_r0_c0_w512_h512",sem_pluma,0,0,0,262144,0,0,0,0,0,1
"methane_baseline.xmodel","ang20190927t151239_r512_c0_w512_h512",sem_pluma,0,0,0,262144,0,0,0,0,0,1
"methane_baseline.xmodel","ang20190927t151239_r7680_c0_w512_h512",sem_pluma,0,0,0,262144,0,0,0,0,0,1
"methane_baseline.xmodel","ang20190927t151239_r2304_c0_w512_h512",sem_pluma,0,0,0,262144,0,0,0,0,0,1
"methane_baseline.xmodel","ang20190927t151239_r3584_c0_w512_h512",sem_pluma,0,0,0,262144,0,0,0,0,0,1
"methane_baseline.xmodel","ang20190927t151239_r10240_c0_w512_h512",sem_pluma,0,0,0,262144,0,0,0,0,0,1
"methane_baseline.xmodel","ang20190927t151239_r9728_c256_w512_h512",sem_pluma,0,0,0,262144,0,0,0,0,0,1
"methane_baseline.xmodel","ang20190927t153023_r13056_c256_w512_h512",sem_pluma,0,0,0,262144,0,0,0,0,0,1
"methane_baseline.xmodel","ang20190927t153023_r9472_c256_w512_h512",sem_pluma,0,0,0,262144,0,0,0,0,0,1
"methane_baseline.xmodel","ang20190927t153023_r7680_c0_w512_h512",sem_pluma,0,0,0,262144,0,0,0,0,0,1
"methane_baseline.xmodel","ang20190927t153023_r5120_c0_w512_h512",sem_pluma,0,0,0,262144,0,0,0,0,0,1
"methane_baseline.xmodel","ang20190927t153023_r11776_c256_w512_h512",sem_pluma,0,0,0,262144,0,0,0,0,0,1
"methane_baseline.xmodel","ang20190927t153023_r10496_c256_w512_h512",sem_pluma,0,0,0,262144,0,0,0,0,0,1
"methane_baseline.xmodel","ang20190927t153023_r2560_c0_w512_h512",sem_pluma,0,0,0,262144,0,0,0,0,0,1
"methane_baseline.xmodel","ang20190927t154855_r9984_c0_w512_h512",sem_pluma,0,0,0,262144,0,0,0,0,0,1
"methane_baseline.xmodel","ang20190927t154855_r7168_c256_w512_h512",sem_pluma,0,0,0,262144,0,0,0,0,0,1
"methane_baseline.xmodel","ang20190927t154855_r7680_c0_w512_h512",sem_pluma,0,0,0,262144,0,0,0,0,0,1
"methane_baseline.xmodel","ang20190927t154855_r11520_c0_w512_h512",sem_pluma,0,0,0,262144,0,0,0,0,0,1
"methane_baseline.xmodel","ang20190927t154855_r5632_c256_w512_h512",sem_pluma,0,0,0,262144,0,0,0,0,0,1
"methane_baseline.xmodel","ang20190927t154855_r4096_c256_w512_h512",sem_pluma,0,0,0,262144,0,0,0,0,0,1
"methane_baseline.xmodel","ang20190927t154855_r8448_c256_w512_h512",sem_pluma,0,0,0,262144,0,0,0,0,0,1
"methane_baseline.xmodel","ang20190927t160700_r9472_c0_w512_h512",sem_pluma,0,0,0,262144,0,0,0,0,0,1
"methane_baseline.xmodel","ang20190927t160700_r9984_c0_w512_h512",sem_pluma,0,0,0,262144,0,0,0,0,0,1
"methane_baseline.xmodel","ang20190927t160700_r7168_c0_w512_h512",sem_pluma,0,0,0,262144,0,0,0,0,0,1
"methane_baseline.xmodel","ang20190927t160700_r12800_c0_w512_h512",sem_pluma,0,0,0,262144,0,0,0,0,0,1
"methane_baseline.xmodel","ang20190927t160700_r3072_c0_w512_h512",sem_pluma,0,0,0,262144,0,0,0,0,0,1
"methane_baseline.xmodel","ang20190927t160700_r8960_c256_w512_h512",sem_pluma,0,0,0,262144,0,0,0,0,0,1
"methane_baseline.xmodel","ang20190927t160700_r8192_c0_w512_h512",sem_pluma,0,0,0,262144,0,0,0,0,0,1
"methane_baseline.xmodel","ang20190927t162514_r8704_c0_w512_h512",sem_pluma,0,0,0,262144,0,0,0,0,0,1
"methane_baseline.xmodel","ang20190927t162514_r6400_c256_w512_h512",sem_pluma,0,0,0,262144,0,0,0,0,0,1
"methane_baseline.xmodel","ang20190927t162514_r4096_c0_w512_h512",sem_pluma,0,0,0,262144,0,0,0,0,0,1
"methane_baseline.xmodel","ang20190927t162514_r2560_c256_w512_h512",sem_pluma,0,0,0,262144,0,0,0,0,0,1
"methane_baseline.xmodel","ang20190927t162514_r12544_c0_w512_h512",sem_pluma,0,0,0,262144,0,0,0,0,0,1
"methane_baseline.xmodel","ang20190927t162514_r11008_c0_w512_h512",sem_pluma,0,0,0,262144,0,0,0,0,0,1
"methane_baseline.xmodel","ang20190927t162514_r1536_c256_w512_h512",sem_pluma,0,0,0,262144,0,0,0,0,0,1
"methane_baseline.xmodel","ang20190927t164322_r9472_c0_w512_h512",sem_pluma,0,0,0,262144,0,0,0,0,0,1
"methane_baseline.xmodel","ang20190927t164322_r5120_c0_w512_h512",sem_pluma,0,0,0,262144,0,0,0,0,0,1
"methane_baseline.xmodel","ang20190927t164322_r10752_c0_w512_h512",sem_pluma,0,0,0,262144,0,0,0,0,0,1
"methane_baseline.xmodel","ang20190927t164322_r1536_c0_w512_h512",sem_pluma,0,0,0,262144,0,0,0,0,0,1
"methane_baseline.xmodel","ang20190927t164322_r7424_c0_w512_h512",sem_pluma,0,0,0,262144,0,0,0,0,0,1
"methane_baseline.xmodel","ang20190927t164322_r768_c0_w512_h512",sem_pluma,0,0,0,262144,0,0,0,0,0,1
"methane_baseline.xmodel","ang20190927t164322_r7936_c0_w512_h512",sem_pluma,0,0,0,262144,0,0,0,0,0,1
"methane_baseline.xmodel","ang20190927t170107_r10240_c0_w512_h512",sem_pluma,0,0,0,262144,0,0,0,0,0,1
"methane_baseline.xmodel","ang20190927t170107_r7424_c0_w512_h512",sem_pluma,0,0,0,262144,0,0,0,0,0,1
"methane_baseline.xmodel","ang20190927t170107_r4864_c0_w512_h512",sem_pluma,0,0,0,262144,0,0,0,0,0,1
"methane_baseline.xmodel","ang20190927t170107_r1536_c256_w512_h512",sem_pluma,0,0,0,262144,0,0,0,0,0,1
"methane_baseline.xmodel","ang20190927t170107_r11520_c0_w512_h512",sem_pluma,0,0,0,262144,0,0,0,0,0,1
"methane_baseline.xmodel","ang20190927t170107_r3072_c256_w512_h512",sem_pluma,0,0,0,262144,0,0,0,0,0,1
"methane_baseline.xmodel","ang20190927t170107_r6144_c256_w512_h512",sem_pluma,0,0,0,262144,0,0,0,0,0,1
"methane_baseline.xmodel","ang20190927t171836_r11008_c256_w512_h512",sem_pluma,0,0,0,262144,0,0,0,0,0,1
"methane_baseline.xmodel","ang20190927t171836_r10496_c256_w512_h512",sem_pluma,0,0,0,262144,0,0,0,0,0,1
"methane_baseline.xmodel","ang20190927t171836_r8704_c256_w512_h512",sem_pluma,0,0,0,262144,0,0,0,0,0,1
"methane_baseline.xmodel","ang20190927t171836_r9472_c0_w512_h512",sem_pluma,0,0,0,262144,0,0,0,0,0,1
"methane_baseline.xmodel","ang20190927t171836_r4608_c0_w512_h512",sem_pluma,0,0,0,262144,0,0,0,0,0,1
"methane_baseline.xmodel","ang20190927t171836_r12288_c256_w512_h512",sem_pluma,0,0,0,262144,0,0,0,0,0,1
"methane_baseline.xmodel","ang20190927t171836_r9984_c256_w512_h512",sem_pluma,0,0,0,262144,0,0,0,0,0,1
"methane_baseline.xmodel","ang20190927t173620_r9216_c256_w512_h512",sem_pluma,0,0,0,262144,0,0,0,0,0,1
"methane_baseline.xmodel","ang20190927t173620_r8704_c256_w512_h512",sem_pluma,0,0,0,262144,0,0,0,0,0,1
"methane_baseline.xmodel","ang20190927t173620_r9984_c256_w512_h512",sem_pluma,0,0,0,262144,0,0,0,0,0,1
"methane_baseline.xmodel","ang20190927t173620_r12544_c256_w512_h512",sem_pluma,0,0,0,262144,0,0,0,0,0,1
"methane_baseline.xmodel","ang20190927t173620_r7936_c256_w512_h512",sem_pluma,0,0,0,262144,0,0,0,0,0,1
"methane_baseline.xmodel","ang20190927t173620_r4608_c256_w512_h512",sem_pluma,0,0,0,262144,0,0,0,0,0,1
"methane_baseline.xmodel","ang20190927t173620_r5888_c256_w512_h512",sem_pluma,0,0,0,262144,0,0,0,0,0,1
"methane_baseline.xmodel","ang20190927t175410_r10496_c256_w512_h512",sem_pluma,0,0,0,262144,0,0,0,0,0,1
"methane_baseline.xmodel","ang20190927t175410_r7424_c0_w512_h512",sem_pluma,0,0,0,262144,0,0,0,0,0,1
"methane_baseline.xmodel","ang20190927t175410_r256_c0_w512_h512",sem_pluma,0,0,0,262144,0,0,0,0,0,1
"methane_baseline.xmodel","ang20190927t175410_r5376_c0_w512_h512",sem_pluma,0,0,0,262144,0,0,0,0,0,1
"methane_baseline.xmodel","ang20190927t175410_r6656_c256_w512_h512",sem_pluma,0,0,0,262144,0,0,0,0,0,1
"methane_baseline.xmodel","ang20190927t175410_r2048_c0_w512_h512",sem_pluma,0,0,0,262144,0,0,0,0,0,1
"methane_baseline.xmodel","ang20190927t175410_r3072_c0_w512_h512",sem_pluma,0,0,0,262144,0,0,0,0,0,1
"methane_baseline.xmodel","ang20190927t181142_r9472_c0_w512_h512",sem_pluma,0,0,0,262144,0,0,0,0,0,1
"methane_baseline.xmodel","ang20190927t181142_r8960_c0_w512_h512",sem_pluma,0,0,0,262144,0,0,0,0,0,1
"methane_baseline.xmodel","ang20190927t181142_r11776_c0_w512_h512",sem_pluma,0,0,0,262144,0,0,0,0,0,1
"methane_baseline.xmodel","ang20190927t181142_r6912_c0_w512_h512",sem_pluma,0,0,0,262144,0,0,0,0,0,1
"methane_baseline.xmodel","ang20190927t181142_r2304_c256_w512_h512",sem_pluma,0,0,0,262144,0,0,0,0,0,1
"methane_baseline.xmodel","ang20190927t181142_r6144_c256_w512_h512",sem_pluma,0,0,0,262144,0,0,0,0,0,1
"methane_baseline.xmodel","ang20190927t181142_r3328_c0_w512_h512",sem_pluma,0,0,0,262144,0,0,0,0,0,1
"methane_baseline.xmodel","ang20190927t182905_r10240_c0_w512_h512",sem_pluma,0,0,0,262144,0,0,0,0,0,1
"methane_baseline.xmodel","ang20190927t182905_r9728_c0_w512_h512",sem_pluma,0,0,0,262144,0,0,0,0,0,1
"methane_baseline.xmodel","ang20190927t182905_r11776_c256_w512_h512",sem_pluma,0,0,0,262144,0,0,0,0,0,1
"methane_baseline.xmodel","ang20190927t182905_r768_c256_w512_h512",sem_pluma,0,0,0,262144,0,0,0,0,0,1
"methane_baseline.xmodel","ang20190927t182905_r5632_c256_w512_h512",sem_pluma,0,0,0,262144,0,0,0,0,0,1
"methane_baseline.xmodel","ang20190927t182905_r12800_c0_w512_h512",sem_pluma,0,0,0,262144,0,0,0,0,0,1
"methane_baseline.xmodel","ang20190927t182905_r11264_c0_w512_h512",sem_pluma,0,0,0,262144,0,0,0,0,0,1
"methane_baseline.xmodel","ang20190927t184620_r9472_c0_w512_h512",sem_pluma,0,0,0,262144,0,0,0,0,0,1
"methane_baseline.xmodel","ang20190927t184620_r8960_c0_w512_h512",sem_pluma,0,0,0,262144,0,0,0,0,0,1
"methane_baseline.xmodel","ang20190927t184620_r256_c256_w512_h512",sem_pluma,0,0,0,262144,0,0,0,0,0,1
"methane_baseline.xmodel","ang20190927t184620_r4352_c0_w512_h512",sem_pluma,0,0,0,262144,0,0,0,0,0,1
"methane_baseline.xmodel","ang20190927t184620_r6400_c0_w512_h512",sem_pluma,0,0,0,262144,0,0,0,0,0,1
"methane_baseline.xmodel","ang20190927t184620_r12800_c0_w512_h512",sem_pluma,0,0,0,262144,0,0,0,0,0,1
"methane_baseline.xmodel","ang20190927t184620_r768_c256_w512_h512",sem_pluma,0,0,0,262144,0,0,0,0,0,1
"methane_baseline.xmodel","ang20190927t190436_r8960_c0_w512_h512",sem_pluma,0,0,0,262144,0,0,0,0,0,1
"methane_baseline.xmodel","ang20190927t190436_r9472_c0_w512_h512",sem_pluma,0,0,0,262144,0,0,0,0,0,1
"methane_baseline.xmodel","ang20190927t190436_r12032_c256_w512_h512",sem_pluma,0,0,0,262144,0,0,0,0,0,1
"methane_baseline.xmodel","ang20190927t190436_r10496_c256_w512_h512",sem_pluma,0,0,0,262144,0,0,0,0,0,1
"methane_baseline.xmodel","ang20190927t190436_r1280_c0_w512_h512",sem_pluma,0,0,0,262144,0,0,0,0,0,1
"methane_baseline.xmodel","ang20190927t190436_r11264_c0_w512_h512",sem_pluma,0,0,0,262144,0,0,0,0,0,1
"methane_baseline.xmodel","ang20190927t190436_r4096_c0_w512_h512",sem_pluma,0,0,0,262144,0,0,0,0,0,1
"methane_baseline.xmodel","ang20190927t192237_r12288_c256_w512_h512",sem_pluma,0,0,0,262144,0,0,0,0,0,1
"methane_baseline.xmodel","ang20190927t192237_r8960_c0_w512_h512",sem_pluma,0,0,0,262144,0,0,0,0,0,1
"methane_baseline.xmodel","ang20190927t192237_r13056_c256_w512_h512",sem_pluma,0,0,0,262144,0,0,0,0,0,1
"methane_baseline.xmodel","ang20190927t192237_r10240_c0_w512_h512",sem_pluma,0,0,0,262144,0,0,0,0,0,1
"methane_baseline.xmodel","ang20190927t192237_r2304_c0_w512_h512",sem_pluma,0,0,0,262144,0,0,0,0,0,1
"methane_baseline.xmodel","ang20190927t192237_r6656_c0_w512_h512",sem_pluma,0,0,0,262144,0,0,0,0,0,1
"methane_baseline.xmodel","ang20190927t192237_r256_c0_w512_h512",sem_pluma,0,0,0,262144,0,0,0,0,0,1
"methane_baseline.xmodel","ang20190927t194104_r11776_c0_w512_h512",sem_pluma,0,0,0,262144,0,0,0,0,0,1
"methane_baseline.xmodel","ang20190927t194104_r7936_c256_w512_h512",sem_pluma,0,0,0,262144,0,0,0,0,0,1
"methane_baseline.xmodel","ang20190927t194104_r8448_c0_w512_h512",sem_pluma,0,0,0,262144,0,0,0,0,0,1
"methane_baseline.xmodel","ang20190927t194104_r12288_c256_w512_h512",sem_pluma,0,0,0,262144,0,0,0,0,0,1
"methane_baseline.xmodel","ang20190927t194104_r9728_c0_w512_h512",sem_pluma,0,0,0,262144,0,0,0,0,0,1
"methane_baseline.xmodel","ang20190927t194104_r9216_c0_w512_h512",sem_pluma,0,0,0,262144,0,0,0,0,0,1
"methane_baseline.xmodel","ang20190927t194104_r1024_c0_w512_h512",sem_pluma,0,0,0,262144,0,0,0,0,0,1
"methane_baseline.xmodel","ang20190928t175550_r3328_c0_w512_h512",sem_pluma,0,0,0,262144,0,0,0,0,0,1
"methane_baseline.xmodel","ang20190928t175550_r2816_c0_w512_h512",sem_pluma,0,0,0,262144,0,0,0,0,0,1
"methane_baseline.xmodel","ang20190928t175550_r7424_c0_w512_h512",sem_pluma,0,0,0,262144,0,0,0,0,0,1
"methane_baseline.xmodel","ang20190928t175550_r1792_c0_w512_h512",sem_pluma,0,0,0,262144,0,0,0,0,0,1
"methane_baseline.xmodel","ang20190928t175550_r12800_c0_w512_h512",sem_pluma,0,0,0,262144,0,0,0,0,0,1
"methane_baseline.xmodel","ang20190928t175550_r11776_c256_w512_h512",sem_pluma,0,0,0,262144,0,0,0,0,0,1
"methane_baseline.xmodel","ang20190928t175550_r3840_c0_w512_h512",sem_pluma,0,0,0,262144,0,0,0,0,0,1
"methane_baseline.xmodel","ang20190928t181405_r3840_c0_w512_h512",sem_pluma,0,0,0,262144,0,0,0,0,0,1
"methane_baseline.xmodel","ang20190928t181405_r7936_c256_w512_h512",sem_pluma,0,0,0,262144,0,0,0,0,0,1
"methane_baseline.xmodel","ang20190928t181405_r13312_c256_w512_h512",sem_pluma,0,0,0,262144,0,0,0,0,0,1
"methane_baseline.xmodel","ang20190928t181405_r9472_c256_w512_h512",sem_pluma,0,0,0,262144,0,0,0,0,0,1
"methane_baseline.xmodel","ang20190928t181405_r11008_c256_w512_h512",sem_pluma,0,0,0,262144,0,0,0,0,0,1
"methane_baseline.xmodel","ang20190928t181405_r1024_c0_w512_h512",sem_pluma,0,0,0,262144,0,0,0,0,0,1
"methane_baseline.xmodel","ang20190928t181405_r10496_c0_w512_h512",sem_pluma,0,0,0,262144,0,0,0,0,0,1
"methane_baseline.xmodel","ang20190928t183313_r13056_c0_w512_h512",sem_pluma,0,0,0,262144,0,0,0,0,0,1
"methane_baseline.xmodel","ang20190928t183313_r3840_c0_w512_h512",sem_pluma,0,0,0,262144,0,0,0,0,0,1
"methane_baseline.xmodel","ang20190928t183313_r7424_c0_w512_h512",sem_pluma,0,0,0,262144,0,0,0,0,0,1
"methane_baseline.xmodel","ang20190928t183313_r7936_c0_w512_h512",sem_pluma,0,0,0,262144,0,0,0,0,0,1
"methane_baseline.xmodel","ang20190928t183313_r5632_c0_w512_h512",sem_pluma,0,0,0,262144,0,0,0,0,0,1
"methane_baseline.xmodel","ang20190928t183313_r12288_c256_w512_h512",sem_pluma,0,0,0,262144,0,0,0,0,0,1
"methane_baseline.xmodel","ang20190928t183313_r11264_c0_w512_h512",sem_pluma,0,0,0,262144,0,0,0,0,0,1
"methane_baseline.xmodel","ang20190928t185111_r13312_c0_w512_h512",sem_pluma,0,0,0,262144,0,0,0,0,0,1
"methane_baseline.xmodel","ang20190928t185111_r8960_c0_w512_h512",sem_pluma,0,0,0,262144,0,0,0,0,0,1
"methane_baseline.xmodel","ang20190928t185111_r12800_c0_w512_h512",sem_pluma,0,0,0,262144,0,0,0,0,0,1
"methane_baseline.xmodel","ang20190928t185111_r9472_c0_w512_h512",sem_pluma,0,0,0,262144,0,0,0,0,0,1
"methane_baseline.xmodel","ang20190928t185111_r7936_c0_w512_h512",sem_pluma,0,0,0,262144,0,0,0,0,0,1
"methane_baseline.xmodel","ang20190928t185111_r2304_c256_w512_h512",sem_pluma,0,0,0,262144,0,0,0,0,0,1
"methane_baseline.xmodel","ang20190928t185111_r3840_c0_w512_h512",sem_pluma,0,0,0,262144,0,0,0,0,0,1
"methane_baseline.xmodel","ang20190928t190948_r12800_c256_w512_h512",sem_pluma,0,0,0,262144,0,0,0,0,0,1
"methane_baseline.xmodel","ang20190928t190948_r0_c0_w512_h512",sem_pluma,0,0,0,262144,0,0,0,0,0,1
"methane_baseline.xmodel","ang20190928t190948_r2560_c0_w512_h512",sem_pluma,0,0,0,262144,0,0,0,0,0,1
"methane_baseline.xmodel","ang20190928t190948_r11520_c0_w512_h512",sem_pluma,0,0,0,262144,0,0,0,0,0,1
"methane_baseline.xmodel","ang20190928t190948_r4096_c0_w512_h512",sem_pluma,0,0,0,262144,0,0,0,0,0,1
"methane_baseline.xmodel","ang20190928t190948_r10752_c256_w512_h512",sem_pluma,0,0,0,262144,0,0,0,0,0,1
"methane_baseline.xmodel","ang20190928t190948_r8960_c256_w512_h512",sem_pluma,0,0,0,262144,0,0,0,0,0,1
"methane_baseline.xmodel","ang20190928t192731_r0_c256_w512_h512",sem_pluma,0,0,0,262144,0,0,0,0,0,1
"methane_baseline.xmodel","ang20190928t192731_r512_c256_w512_h512",sem_pluma,0,0,0,262144,0,0,0,0,0,1
"methane_baseline.xmodel","ang20190928t192731_r3584_c256_w512_h512",sem_pluma,0,0,0,262144,0,0,0,0,0,1
"methane_baseline.xmodel","ang20190928t192731_r8192_c0_w512_h512",sem_pluma,0,0,0,262144,0,0,0,0,0,1
"methane_baseline.xmodel","ang20190928t192731_r1024_c256_w512_h512",sem_pluma,0,0,0,262144,0,0,0,0,0,1
"methane_baseline.xmodel","ang20190928t192731_r2816_c256_w512_h512",sem_pluma,0,0,0,262144,0,0,0,0,0,1
"methane_baseline.xmodel","ang20190928t192731_r6912_c256_w512_h512",sem_pluma,0,0,0,262144,0,0,0,0,0,1
"methane_baseline.xmodel","ang20190928t193847_r256_c0_w512_h512",sem_pluma,0,0,0,262144,0,0,0,0,0,1
"methane_baseline.xmodel","ang20190928t193847_r11008_c512_w512_h512",sem_pluma,0,0,0,262144,0,0,0,0,0,1
"methane_baseline.xmodel","ang20190928t193847_r11520_c512_w512_h512",sem_pluma,0,0,0,262144,0,0,0,0,0,1
"methane_baseline.xmodel","ang20190928t193847_r1792_c256_w512_h512",sem_pluma,0,0,0,262144,0,0,0,0,0,1
"methane_baseline.xmodel","ang20190928t193847_r6912_c256_w512_h512",sem_pluma,0,0,0,262144,0,0,0,0,0,1
"methane_baseline.xmodel","ang20190928t193847_r12800_c768_w512_h512",sem_pluma,0,0,0,262144,0,0,0,0,0,1
"methane_baseline.xmodel","ang20190928t193847_r12288_c768_w512_h512",sem_pluma,0,0,0,262144,0,0,0,0,0,1
"methane_baseline.xmodel","ang20191005t210402_r15872_c256_w512_h512",sem_pluma,0,0,0,262144,0,0,0,0,0,1
"methane_baseline.xmodel","ang20191005t210402_r12032_c0_w512_h512",sem_pluma,0,33,0,262111,0,0,0,0,0.000125885009766,0.99987411499
"methane_baseline.xmodel","ang20191005t210402_r16640_c256_w512_h512",sem_pluma,0,0,0,262144,0,0,0,0,0,1
"methane_baseline.xmodel","ang20191005t210402_r19712_c0_w512_h512",sem_pluma,0,0,0,262144,0,0,0,0,0,1
"methane_baseline.xmodel","ang20191005t210402_r18176_c256_w512_h512",sem_pluma,0,0,0,262144,0,0,0,0,0,1
"methane_baseline.xmodel","ang20191005t210402_r14592_c256_w512_h512",sem_pluma,0,0,0,262144,0,0,0,0,0,1
"methane_baseline.xmodel","ang20191005t210402_r13056_c0_w512_h512",sem_pluma,0,0,0,262144,0,0,0,0,0,1
"methane_baseline.xmodel","ang20191005t215301_r14336_c0_w512_h512",sem_pluma,0,0,0,262144,0,0,0,0,0,1
"methane_baseline.xmodel","ang20191005t215301_r11520_c0_w512_h512",sem_pluma,0,0,0,262144,0,0,0,0,0,1
"methane_baseline.xmodel","ang20191005t215301_r15872_c256_w512_h512",sem_pluma,0,0,0,262144,0,0,0,0,0,1
"methane_baseline.xmodel","ang20191005t215301_r19712_c256_w512_h512",sem_pluma,0,0,0,262144,0,0,0,0,0,1
"methane_baseline.xmodel","ang20191005t215301_r12544_c0_w512_h512",sem_pluma,0,0,0,262144,0,0,0,0,0,1
"methane_baseline.xmodel","ang20191005t215301_r1024_c0_w512_h512",sem_pluma,0,0,0,262144,0,0,0,0,0,1
"methane_baseline.xmodel","ang20191005t215301_r17408_c256_w512_h512",sem_pluma,0,0,0,262144,0,0,0,0,0,1
"methane_baseline.xmodel","ang20191005t221554_r0_c0_w512_h512",sem_pluma,0,0,0,262144,0,0,0,0,0,1
"methane_baseline.xmodel","ang20191005t221554_r5632_c0_w512_h512",sem_pluma,0,86,0,262058,0,0,0,0,0.000328063964844,0.999671936035
"methane_baseline.xmodel","ang20191005t221554_r14080_c0_w512_h512",sem_pluma,0,41,0,262103,0,0,0,0,0.000156402587891,0.999843597412
"methane_baseline.xmodel","ang20191005t221554_r3840_c0_w512_h512",sem_pluma,0,0,0,262144,0,0,0,0,0,1
"methane_baseline.xmodel","ang20191005t221554_r15616_c0_w512_h512",sem_pluma,0,0,0,262144,0,0,0,0,0,1
"methane_baseline.xmodel","ang20191005t221554_r8704_c0_w512_h512",sem_pluma,0,0,0,262144,0,0,0,0,0,1
"methane_baseline.xmodel","ang20191005t221554_r768_c0_w512_h512",sem_pluma,0,0,0,262144,0,0,0,0,0,1
"methane_baseline.xmodel","ang20191006t150453_r0_c256_w512_h512",sem_pluma,0,0,0,262144,0,0,0,0,0,1
"methane_baseline.xmodel","ang20191006t150453_r6400_c256_w512_h512",sem_pluma,0,0,0,262144,0,0,0,0,0,1
"methane_baseline.xmodel","ang20191006t150453_r512_c256_w512_h512",sem_pluma,0,0,0,262144,0,0,0,0,0,1
"methane_baseline.xmodel","ang20191006t150453_r10240_c0_w512_h512",sem_pluma,0,0,0,262144,0,0,0,0,0,1
"methane_baseline.xmodel","ang20191006t150453_r8704_c0_w512_h512",sem_pluma,0,0,0,262144,0,0,0,0,0,1
"methane_baseline.xmodel","ang20191006t150453_r8192_c0_w512_h512",sem_pluma,0,0,0,262144,0,0,0,0,0,1
"methane_baseline.xmodel","ang20191006t150453_r6912_c0_w512_h512",sem_pluma,0,0,0,262144,0,0,0,0,0,1
"methane_baseline.xmodel","ang20191006t152009_r6400_c0_w512_h512",sem_pluma,0,0,0,262144,0,0,0,0,0,1
"methane_baseline.xmodel","ang20191006t152009_r5888_c0_w512_h512",sem_pluma,0,0,0,262144,0,0,0,0,0,1
"methane_baseline.xmodel","ang20191006t152009_r7936_c0_w512_h512",sem_pluma,0,0,0,262144,0,0,0,0,0,1
"methane_baseline.xmodel","ang20191006t152009_r11008_c0_w512_h512",sem_pluma,0,0,0,262144,0,0,0,0,0,1
"methane_baseline.xmodel","ang20191006t152009_r3840_c0_w512_h512",sem_pluma,0,0,0,262144,0,0,0,0,0,1
"methane_baseline.xmodel","ang20191006t152009_r4864_c0_w512_h512",sem_pluma,0,0,0,262144,0,0,0,0,0,1
"methane_baseline.xmodel","ang20191006t152009_r9984_c0_w512_h512",sem_pluma,0,0,0,262144,0,0,0,0,0,1
"methane_baseline.xmodel","ang20191006t153731_r6144_c0_w512_h512",sem_pluma,0,0,0,262144,0,0,0,0,0,1
"methane_baseline.xmodel","ang20191006t153731_r1792_c256_w512_h512",sem_pluma,0,0,0,262144,0,0,0,0,0,1
"methane_baseline.xmodel","ang20191006t153731_r3584_c256_w512_h512",sem_pluma,0,0,0,262144,0,0,0,0,0,1
"methane_baseline.xmodel","ang20191006t153731_r8960_c0_w512_h512",sem_pluma,0,0,0,262144,0,0,0,0,0,1
"methane_baseline.xmodel","ang20191006t153731_r0_c256_w512_h512",sem_pluma,0,0,0,262144,0,0,0,0,0,1
"methane_baseline.xmodel","ang20191006t153731_r8192_c0_w512_h512",sem_pluma,0,0,0,262144,0,0,0,0,0,1
"methane_baseline.xmodel","ang20191006t153731_r9984_c0_w512_h512",sem_pluma,0,0,0,262144,0,0,0,0,0,1
"methane_baseline.xmodel","ang20191006t155231_r6400_c256_w512_h512",sem_pluma,0,0,0,262144,0,0,0,0,0,1
"methane_baseline.xmodel","ang20191006t155231_r5888_c0_w512_h512",sem_pluma,0,0,0,262144,0,0,0,0,0,1
"methane_baseline.xmodel","ang20191006t155231_r11008_c0_w512_h512",sem_pluma,0,0,0,262144,0,0,0,0,0,1
"methane_baseline.xmodel","ang20191006t155231_r512_c0_w512_h512",sem_pluma,0,0,0,262144,0,0,0,0,0,1
"methane_baseline.xmodel","ang20191006t155231_r4096_c0_w512_h512",sem_pluma,0,0,0,262144,0,0,0,0,0,1
"methane_baseline.xmodel","ang20191006t155231_r3584_c0_w512_h512",sem_pluma,0,0,0,262144,0,0,0,0,0,1
"methane_baseline.xmodel","ang20191006t155231_r1792_c0_w512_h512",sem_pluma,0,0,0,262144,0,0,0,0,0,1
"methane_baseline.xmodel","ang20191006t160931_r5376_c256_w512_h512",sem_pluma,0,0,0,262144,0,0,0,0,0,1
"methane_baseline.xmodel","ang20191006t160931_r4864_c0_w512_h512",sem_pluma,0,0,0,262144,0,0,0,0,0,1
"methane_baseline.xmodel","ang20191006t160931_r256_c0_w512_h512",sem_pluma,0,0,0,262144,0,0,0,0,0,1
"methane_baseline.xmodel","ang20191006t160931_r8704_c0_w512_h512",sem_pluma,0,0,0,262144,0,0,0,0,0,1
"methane_baseline.xmodel","ang20191006t160931_r3072_c0_w512_h512",sem_pluma,0,0,0,262144,0,0,0,0,0,1
"methane_baseline.xmodel","ang20191006t160931_r1280_c0_w512_h512",sem_pluma,0,0,0,262144,0,0,0,0,0,1
"methane_baseline.xmodel","ang20191006t160931_r1792_c0_w512_h512",sem_pluma,0,0,0,262144,0,0,0,0,0,1
"methane_baseline.xmodel","ang20191006t162415_r4096_c0_w512_h512",sem_pluma,0,0,0,262144,0,0,0,0,0,1
"methane_baseline.xmodel","ang20191006t162415_r4608_c0_w512_h512",sem_pluma,0,0,0,262144,0,0,0,0,0,1
"methane_baseline.xmodel","ang20191006t162415_r3584_c0_w512_h512",sem_pluma,0,0,0,262144,0,0,0,0,0,1
"methane_baseline.xmodel","ang20191006t162415_r9472_c256_w512_h512",sem_pluma,0,0,0,262144,0,0,0,0,0,1
"methane_baseline.xmodel","ang20191006t162415_r512_c0_w512_h512",sem_pluma,0,0,0,262144,0,0,0,0,0,1
"methane_baseline.xmodel","ang20191006t162415_r5376_c0_w512_h512",sem_pluma,0,0,0,262144,0,0,0,0,0,1
"methane_baseline.xmodel","ang20191006t162415_r10240_c0_w512_h512",sem_pluma,0,0,0,262144,0,0,0,0,0,1
"methane_baseline.xmodel","ang20191006t164135_r4864_c0_w512_h512",sem_pluma,0,0,0,262144,0,0,0,0,0,1
"methane_baseline.xmodel","ang20191006t164135_r3840_c256_w512_h512",sem_pluma,0,0,0,262144,0,0,0,0,0,1
"methane_baseline.xmodel","ang20191006t164135_r4352_c0_w512_h512",sem_pluma,0,0,0,262144,0,0,0,0,0,1
"methane_baseline.xmodel","ang20191006t164135_r6912_c0_w512_h512",sem_pluma,0,0,0,262144,0,0,0,0,0,1
"methane_baseline.xmodel","ang20191006t164135_r8704_c0_w512_h512",sem_pluma,0,0,0,262144,0,0,0,0,0,1
"methane_baseline.xmodel","ang20191006t164135_r8192_c0_w512_h512",sem_pluma,0,0,0,262144,0,0,0,0,0,1
"methane_baseline.xmodel","ang20191006t164135_r7424_c0_w512_h512",sem_pluma,0,0,0,262144,0,0,0,0,0,1
"methane_baseline.xmodel","ang20191006t165608_r5120_c0_w512_h512",sem_pluma,0,0,0,262144,0,0,0,0,0,1
"methane_baseline.xmodel","ang20191006t165608_r8960_c0_w512_h512",sem_pluma,0,0,0,262144,0,0,0,0,0,1
"methane_baseline.xmodel","ang20191006t165608_r6656_c256_w512_h512",sem_pluma,0,0,0,262144,0,0,0,0,0,1
"methane_baseline.xmodel","ang20191006t171344_r8704_c0_w512_h512",sem_pluma,0,0,0,262144,0,0,0,0,0,1
"methane_baseline.xmodel","ang20191006t171344_r3584_c256_w512_h512",sem_pluma,0,0,0,262144,0,0,0,0,0,1
"methane_baseline.xmodel","ang20191006t171344_r4096_c256_w512_h512",sem_pluma,0,0,0,262144,0,0,0,0,0,1
"methane_baseline.xmodel","ang20191006t171344_r9984_c0_w512_h512",sem_pluma,0,0,0,262144,0,0,0,0,0,1
"methane_baseline.xmodel","ang20191006t171344_r10496_c0_w512_h512",sem_pluma,0,0,0,262144,0,0,0,0,0,1
"methane_baseline.xmodel","ang20191006t172739_r11008_c0_w512_h512",sem_pluma,0,0,0,262144,0,0,0,0,0,1
"methane_baseline.xmodel","ang20191006t172739_r8192_c0_w512_h512",sem_pluma,0,0,0,262144,0,0,0,0,0,1
"methane_baseline.xmodel","ang20191006t172739_r4096_c0_w512_h512",sem_pluma,0,0,0,262144,0,0,0,0,0,1
"methane_baseline.xmodel","ang20191006t172739_r9216_c256_w512_h512",sem_pluma,0,0,0,262144,0,0,0,0,0,1
"methane_baseline.xmodel","ang20191006t172739_r10496_c0_w512_h512",sem_pluma,0,0,0,262144,0,0,0,0,0,1
"methane_baseline.xmodel","ang20191006t172739_r9728_c256_w512_h512",sem_pluma,0,0,0,262144,0,0,0,0,0,1
"methane_baseline.xmodel","ang20191006t172739_r0_c0_w512_h512",sem_pluma,0,0,0,262144,0,0,0,0,0,1
"methane_baseline.xmodel","ang20191006t174505_r6144_c0_w512_h512",sem_pluma,0,0,0,262144,0,0,0,0,0,1
"methane_baseline.xmodel","ang20191006t174505_r8704_c0_w512_h512",sem_pluma,0,0,0,262144,0,0,0,0,0,1
"methane_baseline.xmodel","ang20191006t174505_r0_c0_w512_h512",sem_pluma,0,0,0,262144,0,0,0,0,0,1
"methane_baseline.xmodel","ang20191006t174505_r9472_c0_w512_h512",sem_pluma,0,0,0,262144,0,0,0,0,0,1
"methane_baseline.xmodel","ang20191006t174505_r10496_c0_w512_h512",sem_pluma,0,0,0,262144,0,0,0,0,0,1
"methane_baseline.xmodel","ang20191006t174505_r1280_c0_w512_h512",sem_pluma,0,0,0,262144,0,0,0,0,0,1
"methane_baseline.xmodel","ang20191006t174505_r9984_c0_w512_h512",sem_pluma,0,0,0,262144,0,0,0,0,0,1
"methane_baseline.xmodel","ang20191006t180341_r5888_c0_w512_h512",sem_pluma,0,0,0,262144,0,0,0,0,0,1
"methane_baseline.xmodel","ang20191006t180341_r8448_c0_w512_h512",sem_pluma,0,0,0,262144,0,0,0,0,0,1
"methane_baseline.xmodel","ang20191006t180341_r6400_c256_w512_h512",sem_pluma,0,0,0,262144,0,0,0,0,0,1
"methane_baseline.xmodel","ang20191006t180341_r10496_c256_w512_h512",sem_pluma,0,0,0,262144,0,0,0,0,0,1
"methane_baseline.xmodel","ang20191006t180341_r2560_c0_w512_h512",sem_pluma,0,0,0,262144,0,0,0,0,0,1
"methane_baseline.xmodel","ang20191006t180341_r12032_c0_w512_h512",sem_pluma,0,0,0,262144,0,0,0,0,0,1
"methane_baseline.xmodel","ang20191006t180341_r7936_c256_w512_h512",sem_pluma,0,0,0,262144,0,0,0,0,0,1
"methane_baseline.xmodel","ang20191006t182329_r3328_c256_w512_h512",sem_pluma,0,0,0,262144,0,0,0,0,0,1
"methane_baseline.xmodel","ang20191006t182329_r8704_c256_w512_h512",sem_pluma,0,0,0,262144,0,0,0,0,0,1
"methane_baseline.xmodel","ang20191006t182329_r6400_c256_w512_h512",sem_pluma,0,0,0,262144,0,0,0,0,0,1
"methane_baseline.xmodel","ang20191006t182329_r12544_c256_w512_h512",sem_pluma,0,0,0,262144,0,0,0,0,0,1
"methane_baseline.xmodel","ang20191006t182329_r8192_c256_w512_h512",sem_pluma,0,0,0,262144,0,0,0,0,0,1
"methane_baseline.xmodel","ang20191006t182329_r11776_c512_w512_h512",sem_pluma,0,0,0,262144,0,0,0,0,0,1
"methane_baseline.xmodel","ang20191006t182329_r2560_c256_w512_h512",sem_pluma,0,0,0,262144,0,0,0,0,0,1
"methane_baseline.xmodel","ang20191006t183904_r6656_c0_w512_h512",sem_pluma,0,0,0,262144,0,0,0,0,0,1
"methane_baseline.xmodel","ang20191006t183904_r3584_c0_w512_h512",sem_pluma,0,0,0,262144,0,0,0,0,0,1
"methane_baseline.xmodel","ang20191006t183904_r2816_c0_w512_h512",sem_pluma,0,0,0,262144,0,0,0,0,0,1
"methane_baseline.xmodel","ang20191006t183904_r1280_c0_w512_h512",sem_pluma,0,0,0,262144,0,0,0,0,0,1
"methane_baseline.xmodel","ang20191006t183904_r12288_c0_w512_h512",sem_pluma,0,0,0,262144,0,0,0,0,0,1
"methane_baseline.xmodel","ang20191006t183904_r4352_c0_w512_h512",sem_pluma,0,0,0,262144,0,0,0,0,0,1
"methane_baseline.xmodel","ang20191006t183904_r12800_c256_w512_h512",sem_pluma,0,0,0,262144,0,0,0,0,0,1
"methane_baseline.xmodel","ang20191006t185838_r2816_c0_w512_h512",sem_pluma,0,0,0,262144,0,0,0,0,0,1
"methane_baseline.xmodel","ang20191006t185838_r7424_c256_w512_h512",sem_pluma,0,0,0,262144,0,0,0,0,0,1
"methane_baseline.xmodel","ang20191006t185838_r4096_c0_w512_h512",sem_pluma,0,0,0,262144,0,0,0,0,0,1
"methane_baseline.xmodel","ang20191006t185838_r12288_c256_w512_h512",sem_pluma,0,0,0,262144,0,0,0,0,0,1
"methane_baseline.xmodel","ang20191006t185838_r11520_c256_w512_h512",sem_pluma,0,0,0,262144,0,0,0,0,0,1
"methane_baseline.xmodel","ang20191006t185838_r5376_c0_w512_h512",sem_pluma,0,0,0,262144,0,0,0,0,0,1
"methane_baseline.xmodel","ang20191006t185838_r9984_c0_w512_h512",sem_pluma,0,0,0,262144,0,0,0,0,0,1
"methane_baseline.xmodel","ang20191006t191332_r7936_c256_w512_h512",sem_pluma,0,0,0,262144,0,0,0,0,0,1
"methane_baseline.xmodel","ang20191006t191332_r6144_c256_w512_h512",sem_pluma,0,0,0,262144,0,0,0,0,0,1
"methane_baseline.xmodel","ang20191006t191332_r7424_c0_w512_h512",sem_pluma,0,0,0,262144,0,0,0,0,0,1
"methane_baseline.xmodel","ang20191006t191332_r12032_c0_w512_h512",sem_pluma,0,0,0,262144,0,0,0,0,0,1
"methane_baseline.xmodel","ang20191006t191332_r9472_c0_w512_h512",sem_pluma,0,0,0,262144,0,0,0,0,0,1
"methane_baseline.xmodel","ang20191006t191332_r1280_c0_w512_h512",sem_pluma,0,0,0,262144,0,0,0,0,0,1
"methane_baseline.xmodel","ang20191006t191332_r10752_c0_w512_h512",sem_pluma,0,0,0,262144,0,0,0,0,0,1
"methane_baseline.xmodel","ang20191007t175016_r2816_c0_w512_h512",sem_pluma,0,0,0,262144,0,0,0,0,0,1
"methane_baseline.xmodel","ang20191007t175016_r3328_c0_w512_h512",sem_pluma,0,0,0,262144,0,0,0,0,0,1
"methane_baseline.xmodel","ang20191007t175016_r0_c0_w512_h512",sem_pluma,0,0,0,262144,0,0,0,0,0,1
"methane_baseline.xmodel","ang20191007t175016_r7168_c0_w512_h512",sem_pluma,0,0,0,262144,0,0,0,0,0,1
"methane_baseline.xmodel","ang20191007t175016_r9728_c0_w512_h512",sem_pluma,0,0,0,262144,0,0,0,0,0,1
"methane_baseline.xmodel","ang20191007t175016_r3840_c0_w512_h512",sem_pluma,0,0,0,262144,0,0,0,0,0,1
"methane_baseline.xmodel","ang20191007t180411_r4864_c0_w512_h512",sem_pluma,0,0,0,262144,0,0,0,0,0,1
"methane_baseline.xmodel","ang20191007t180411_r8704_c0_w512_h512",sem_pluma,0,0,0,262144,0,0,0,0,0,1
"methane_baseline.xmodel","ang20191007t180411_r9216_c0_w512_h512",sem_pluma,0,0,0,262144,0,0,0,0,0,1
"methane_baseline.xmodel","ang20191007t180411_r6400_c0_w512_h512",sem_pluma,0,0,0,262144,0,0,0,0,0,1
"methane_baseline.xmodel","ang20191007t180411_r1792_c0_w512_h512",sem_pluma,0,0,0,262144,0,0,0,0,0,1
"methane_baseline.xmodel","ang20191007t180411_r2304_c0_w512_h512",sem_pluma,0,0,0,262144,0,0,0,0,0,1
"methane_baseline.xmodel","ang20191007t180411_r9728_c0_w512_h512",sem_pluma,0,0,0,262144,0,0,0,0,0,1
"methane_baseline.xmodel","ang20191007t182352_r0_c0_w512_h512",sem_pluma,0,0,0,262144,0,0,0,0,0,1
"methane_baseline.xmodel","ang20191007t182352_r11008_c0_w512_h512",sem_pluma,0,0,0,262144,0,0,0,0,0,1
"methane_baseline.xmodel","ang20191007t182352_r1536_c0_w512_h512",sem_pluma,0,0,0,262144,0,0,0,0,0,1
"methane_baseline.xmodel","ang20191007t182352_r9472_c256_w512_h512",sem_pluma,0,0,0,262144,0,0,0,0,0,1
"methane_baseline.xmodel","ang20191007t182352_r5120_c0_w512_h512",sem_pluma,0,0,0,262144,0,0,0,0,0,1
"methane_baseline.xmodel","ang20191007t182352_r8960_c256_w512_h512",sem_pluma,0,0,0,262144,0,0,0,0,0,1
"methane_baseline.xmodel","ang20191007t182352_r10496_c256_w512_h512",sem_pluma,0,0,0,262144,0,0,0,0,0,1
"methane_baseline.xmodel","ang20191007t184008_r256_c0_w512_h512",sem_pluma,0,0,0,262144,0,0,0,0,0,1
"methane_baseline.xmodel","ang20191007t184008_r11264_c256_w512_h512",sem_pluma,0,0,0,262144,0,0,0,0,0,1
"methane_baseline.xmodel","ang20191007t184008_r1536_c0_w512_h512",sem_pluma,0,0,0,262144,0,0,0,0,0,1
"methane_baseline.xmodel","ang20191007t184008_r7936_c0_w512_h512",sem_pluma,0,0,0,262144,0,0,0,0,0,1
"methane_baseline.xmodel","ang20191007t184008_r6144_c256_w512_h512",sem_pluma,0,0,0,262144,0,0,0,0,0,1
"methane_baseline.xmodel","ang20191007t184008_r9216_c0_w512_h512",sem_pluma,0,0,0,262144,0,0,0,0,0,1
"methane_baseline.xmodel","ang20191007t184008_r10752_c256_w512_h512",sem_pluma,0,0,0,262144,0,0,0,0,0,1
"methane_baseline.xmodel","ang20191007t185303_r1280_c0_w512_h512",sem_pluma,0,0,0,262144,0,0,0,0,0,1
"methane_baseline.xmodel","ang20191007t185303_r768_c0_w512_h512",sem_pluma,0,0,0,262144,0,0,0,0,0,1
"methane_baseline.xmodel","ang20191007t185303_r11264_c0_w512_h512",sem_pluma,0,0,0,262144,0,0,0,0,0,1
"methane_baseline.xmodel","ang20191007t185303_r9984_c0_w512_h512",sem_pluma,0,0,0,262144,0,0,0,0,0,1
"methane_baseline.xmodel","ang20191007t185303_r7424_c0_w512_h512",sem_pluma,0,0,0,262144,0,0,0,0,0,1
"methane_baseline.xmodel","ang20191007t185303_r5376_c0_w512_h512",sem_pluma,0,0,0,262144,0,0,0,0,0,1
"methane_baseline.xmodel","ang20191007t185303_r6912_c256_w512_h512",sem_pluma,0,0,0,262144,0,0,0,0,0,1
"methane_baseline.xmodel","ang20191007t190840_r0_c0_w512_h512",sem_pluma,0,0,0,262144,0,0,0,0,0,1
"methane_baseline.xmodel","ang20191007t190840_r512_c0_w512_h512",sem_pluma,0,0,0,262144,0,0,0,0,0,1
"methane_baseline.xmodel","ang20191007t190840_r1792_c0_w512_h512",sem_pluma,0,0,0,262144,0,0,0,0,0,1
"methane_baseline.xmodel","ang20191007t190840_r9472_c0_w512_h512",sem_pluma,0,0,0,262144,0,0,0,0,0,1
"methane_baseline.xmodel","ang20191007t190840_r3840_c0_w512_h512",sem_pluma,0,0,0,262144,0,0,0,0,0,1
"methane_baseline.xmodel","ang20191007t190840_r3328_c256_w512_h512",sem_pluma,0,0,0,262144,0,0,0,0,0,1
"methane_baseline.xmodel","ang20191007t190840_r2304_c0_w512_h512",sem_pluma,0,0,0,262144,0,0,0,0,0,1
"methane_baseline.xmodel","ang20191007t193705_r512_c0_w512_h512",sem_pluma,0,0,0,262144,0,0,0,0,0,1
"methane_baseline.xmodel","ang20191007t193705_r10752_c256_w512_h512",sem_pluma,0,0,0,262144,0,0,0,0,0,1
"methane_baseline.xmodel","ang20191007t193705_r3328_c0_w512_h512",sem_pluma,0,0,0,262144,0,0,0,0,0,1
"methane_baseline.xmodel","ang20191007t193705_r10240_c0_w512_h512",sem_pluma,0,0,0,262144,0,0,0,0,0,1
"methane_baseline.xmodel","ang20191007t193705_r4352_c0_w512_h512",sem_pluma,0,0,0,262144,0,0,0,0,0,1
"methane_baseline.xmodel","ang20191007t193705_r8960_c256_w512_h512",sem_pluma,0,0,0,262144,0,0,0,0,0,1
"methane_baseline.xmodel","ang20191007t193705_r8448_c0_w512_h512",sem_pluma,0,0,0,262144,0,0,0,0,0,1
"methane_baseline.xmodel","ang20191007t195115_r0_c0_w512_h512",sem_pluma,0,0,0,262144,0,0,0,0,0,1
"methane_baseline.xmodel","ang20191007t195115_r6144_c256_w512_h512",sem_pluma,0,0,0,262144,0,0,0,0,0,1
"methane_baseline.xmodel","ang20191007t195115_r2816_c0_w512_h512",sem_pluma,0,0,0,262144,0,0,0,0,0,1
"methane_baseline.xmodel","ang20191007t195115_r9216_c0_w512_h512",sem_pluma,0,0,0,262144,0,0,0,0,0,1
"methane_baseline.xmodel","ang20191007t195115_r6656_c0_w512_h512",sem_pluma,0,0,0,262144,0,0,0,0,0,1
"methane_baseline.xmodel","ang20191007t195115_r8704_c0_w512_h512",sem_pluma,0,0,0,262144,0,0,0,0,0,1
"methane_baseline.xmodel","ang20191007t195115_r4608_c0_w512_h512",sem_pluma,0,0,0,262144,0,0,0,0,0,1
"methane_baseline.xmodel","ang20191007t200647_r11264_c256_w512_h512",sem_pluma,0,0,0,262144,0,0,0,0,0,1
"methane_baseline.xmodel","ang20191007t200647_r2560_c0_w512_h512",sem_pluma,0,0,0,262144,0,0,0,0,0,1
"methane_baseline.xmodel","ang20191007t200647_r9472_c0_w512_h512",sem_pluma,0,0,0,262144,0,0,0,0,0,1
"methane_baseline.xmodel","ang20191007t200647_r7680_c256_w512_h512",sem_pluma,0,0,0,262144,0,0,0,0,0,1
"methane_baseline.xmodel","ang20191007t200647_r8448_c0_w512_h512",sem_pluma,0,0,0,262144,0,0,0,0,0,1
"methane_baseline.xmodel","ang20191007t200647_r3072_c0_w512_h512",sem_pluma,0,0,0,262144,0,0,0,0,0,1
"methane_baseline.xmodel","ang20191007t200647_r8960_c256_w512_h512",sem_pluma,0,0,0,262144,0,0,0,0,0,1
"methane_baseline.xmodel","ang20191007t201917_r0_c1536_w512_h512",sem_pluma,0,0,0,262144,0,0,0,0,0,1
"methane_baseline.xmodel","ang20191007t201917_r2560_c1536_w512_h512",sem_pluma,0,0,0,262144,0,0,0,0,0,1
"methane_baseline.xmodel","ang20191007t201917_r512_c1536_w512_h512",sem_pluma,0,0,0,262144,0,0,0,0,0,1
"methane_baseline.xmodel","ang20191007t201917_r7424_c1536_w512_h512",sem_pluma,0,0,0,262144,0,0,0,0,0,1
"methane_baseline.xmodel","ang20191007t201917_r7936_c1536_w512_h512",sem_pluma,0,0,0,262144,0,0,0,0,0,1
"methane_baseline.xmodel","ang20191007t201917_r2048_c1536_w512_h512",sem_pluma,0,0,0,262144,0,0,0,0,0,1
"methane_baseline.xmodel","ang20191007t201917_r1280_c1536_w512_h512",sem_pluma,0,0,0,262144,0,0,0,0,0,1
"methane_baseline.xmodel","ang20191008t151045_r3328_c0_w512_h512",sem_pluma,0,0,0,262144,0,0,0,0,0,1
"methane_baseline.xmodel","ang20191008t151045_r2048_c0_w512_h512",sem_pluma,0,0,0,262144,0,0,0,0,0,1
"methane_baseline.xmodel","ang20191008t151045_r5888_c0_w512_h512",sem_pluma,0,0,0,262144,0,0,0,0,0,1
"methane_baseline.xmodel","ang20191008t151045_r12544_c256_w512_h512",sem_pluma,0,0,0,262144,0,0,0,0,0,1
"methane_baseline.xmodel","ang20191008t151045_r15104_c0_w512_h512",sem_pluma,0,0,0,262144,0,0,0,0,0,1
"methane_baseline.xmodel","ang20191008t151045_r16896_c256_w512_h512",sem_pluma,0,0,0,262144,0,0,0,0,0,1
"methane_baseline.xmodel","ang20191008t151045_r0_c0_w512_h512",sem_pluma,0,0,0,262144,0,0,0,0,0,1
"methane_baseline.xmodel","ang20191008t153517_r18176_c0_w512_h512",sem_pluma,0,0,0,262144,0,0,0,0,0,1
"methane_baseline.xmodel","ang20191008t153517_r16896_c0_w512_h512",sem_pluma,0,0,0,262144,0,0,0,0,0,1
"methane_baseline.xmodel","ang20191008t153517_r20224_c0_w512_h512",sem_pluma,0,0,0,262144,0,0,0,0,0,1
"methane_baseline.xmodel","ang20191008t153517_r15616_c256_w512_h512",sem_pluma,0,0,0,262144,0,0,0,0,0,1
"methane_baseline.xmodel","ang20191008t153517_r13312_c0_w512_h512",sem_pluma,0,0,0,262144,0,0,0,0,0,1
"methane_baseline.xmodel","ang20191008t153517_r512_c0_w512_h512",sem_pluma,0,0,0,262144,0,0,0,0,0,1
"methane_baseline.xmodel","ang20191008t153517_r10752_c0_w512_h512",sem_pluma,0,0,0,262144,0,0,0,0,0,1
"methane_baseline.xmodel","ang20191008t160209_r1024_c0_w512_h512",sem_pluma,0,0,0,262144,0,0,0,0,0,1
"methane_baseline.xmodel","ang20191008t160209_r4352_c0_w512_h512",sem_pluma,0,0,0,262144,0,0,0,0,0,1
"methane_baseline.xmodel","ang20191008t160209_r2048_c0_w512_h512",sem_pluma,0,0,0,262144,0,0,0,0,0,1
"methane_baseline.xmodel","ang20191008t160209_r11008_c256_w512_h512",sem_pluma,0,0,0,262144,0,0,0,0,0,1
"methane_baseline.xmodel","ang20191008t160209_r17664_c0_w512_h512",sem_pluma,0,0,0,262144,0,0,0,0,0,1
"methane_baseline.xmodel","ang20191008t160209_r14848_c0_w512_h512",sem_pluma,0,0,0,262144,0,0,0,0,0,1
"methane_baseline.xmodel","ang20191008t160209_r3072_c0_w512_h512",sem_pluma,0,0,0,262144,0,0,0,0,0,1
"methane_baseline.xmodel","ang20191008t165855_r15360_c256_w512_h512",sem_pluma,0,0,0,262144,0,0,0,0,0,1
"methane_baseline.xmodel","ang20191008t165855_r15872_c256_w512_h512",sem_pluma,0,0,0,262144,0,0,0,0,0,1
"methane_baseline.xmodel","ang20191008t165855_r1536_c0_w512_h512",sem_pluma,0,0,0,262144,0,0,0,0,0,1
"methane_baseline.xmodel","ang20191008t165855_r19200_c0_w512_h512",sem_pluma,0,0,0,262144,0,0,0,0,0,1
"methane_baseline.xmodel","ang20191008t165855_r17664_c0_w512_h512",sem_pluma,0,0,0,262144,0,0,0,0,0,1
"methane_baseline.xmodel","ang20191008t165855_r14080_c0_w512_h512",sem_pluma,0,0,0,262144,0,0,0,0,0,1
"methane_baseline.xmodel","ang20191008t165855_r12032_c256_w512_h512",sem_pluma,0,0,0,262144,0,0,0,0,0,1
"methane_baseline.xmodel","ang20191008t172458_r1536_c0_w512_h512",sem_pluma,0,0,0,262144,0,0,0,0,0,1
"methane_baseline.xmodel","ang20191008t172458_r768_c0_w512_h512",sem_pluma,0,0,0,262144,0,0,0,0,0,1
"methane_baseline.xmodel","ang20191008t172458_r3840_c0_w512_h512",sem_pluma,0,0,0,262144,0,0,0,0,0,1
"methane_baseline.xmodel","ang20191008t172458_r16640_c0_w512_h512",sem_pluma,0,0,0,262144,0,0,0,0,0,1
"methane_baseline.xmodel","ang20191008t172458_r11264_c0_w512_h512",sem_pluma,0,0,0,262144,0,0,0,0,0,1
"methane_baseline.xmodel","ang20191008t172458_r19456_c256_w512_h512",sem_pluma,0,0,0,262144,0,0,0,0,0,1
"methane_baseline.xmodel","ang20191008t172458_r13312_c0_w512_h512",sem_pluma,0,0,0,262144,0,0,0,0,0,1
"methane_baseline.xmodel","ang20191008t182150_r13312_c256_w512_h512",sem_pluma,0,1114,0,261030,0,0,0,0,0.00424957275391,0.995750427246
"methane_baseline.xmodel","ang20191008t182150_r7424_c256_w512_h512",sem_pluma,0,0,0,262144,0,0,0,0,0,1
"methane_baseline.xmodel","ang20191008t182150_r12800_c256_w512_h512",sem_pluma,0,0,0,262144,0,0,0,0,0,1
"methane_baseline.xmodel","ang20191008t182150_r7936_c256_w512_h512",sem_pluma,0,0,0,262144,0,0,0,0,0,1
"methane_baseline.xmodel","ang20191008t182150_r1792_c256_w512_h512",sem_pluma,0,0,0,262144,0,0,0,0,0,1
"methane_baseline.xmodel","ang20191008t182150_r3072_c256_w512_h512",sem_pluma,0,0,0,262144,0,0,0,0,0,1
"methane_baseline.xmodel","ang20191008t182150_r0_c0_w512_h512",sem_pluma,0,0,0,262144,0,0,0,0,0,1
"methane_baseline.xmodel","ang20191008t183946_r6656_c0_w512_h512",sem_pluma,0,0,0,262144,0,0,0,0,0,1
"methane_baseline.xmodel","ang20191008t183946_r7424_c0_w512_h512",sem_pluma,0,0,0,262144,0,0,0,0,0,1
"methane_baseline.xmodel","ang20191008t183946_r8192_c0_w512_h512",sem_pluma,0,0,0,262144,0,0,0,0,0,1
"methane_baseline.xmodel","ang20191008t183946_r3328_c256_w512_h512",sem_pluma,0,0,0,262144,0,0,0,0,0,1
"methane_baseline.xmodel","ang20191008t183946_r4864_c0_w512_h512",sem_pluma,0,0,0,262144,0,0,0,0,0,1
"methane_baseline.xmodel","ang20191008t183946_r1280_c256_w512_h512",sem_pluma,0,0,0,262144,0,0,0,0,0,1
"methane_baseline.xmodel","ang20191008t183946_r768_c0_w512_h512",sem_pluma,0,0,0,262144,0,0,0,0,0,1
"methane_baseline.xmodel","ang20191008t190449_r6400_c0_w512_h512",sem_pluma,0,0,0,262144,0,0,0,0,0,1
"methane_baseline.xmodel","ang20191008t190449_r7168_c256_w512_h512",sem_pluma,0,0,0,262144,0,0,0,0,0,1
"methane_baseline.xmodel","ang20191008t190449_r5888_c0_w512_h512",sem_pluma,0,0,0,262144,0,0,0,0,0,1
"methane_baseline.xmodel","ang20191008t190449_r12800_c256_w512_h512",sem_pluma,0,0,0,262144,0,0,0,0,0,1
"methane_baseline.xmodel","ang20191008t190449_r11776_c256_w512_h512",sem_pluma,0,0,0,262144,0,0,0,0,0,1
"methane_baseline.xmodel","ang20191008t190449_r11264_c256_w512_h512",sem_pluma,0,0,0,262144,0,0,0,0,0,1
"methane_baseline.xmodel","ang20191008t190449_r9728_c256_w512_h512",sem_pluma,0,0,0,262144,0,0,0,0,0,1
"methane_baseline.xmodel","ang20191008t194115_r11776_c256_w512_h512",sem_pluma,0,0,0,262144,0,0,0,0,0,1
"methane_baseline.xmodel","ang20191008t194115_r0_c0_w512_h512",sem_pluma,0,124,0,262020,0,0,0,0,0.000473022460938,0.999526977539
"methane_baseline.xmodel","ang20191008t194115_r6144_c256_w512_h512",sem_pluma,0,0,0,262144,0,0,0,0,0,1
"methane_baseline.xmodel","ang20191008t194115_r13056_c256_w512_h512",sem_pluma,0,0,0,262144,0,0,0,0,0,1
"methane_baseline.xmodel","ang20191008t194115_r7424_c256_w512_h512",sem_pluma,0,0,0,262144,0,0,0,0,0,1
"methane_baseline.xmodel","ang20191008t194115_r4096_c0_w512_h512",sem_pluma,0,0,0,262144,0,0,0,0,0,1
"methane_baseline.xmodel","ang20191008t194115_r8704_c256_w512_h512",sem_pluma,0,0,0,262144,0,0,0,0,0,1
"methane_baseline.xmodel","ang20191008t195936_r12800_c256_w512_h512",sem_pluma,0,0,0,262144,0,0,0,0,0,1
"methane_baseline.xmodel","ang20191008t195936_r13312_c0_w512_h512",sem_pluma,0,0,0,262144,0,0,0,0,0,1
"methane_baseline.xmodel","ang20191008t195936_r6144_c256_w512_h512",sem_pluma,0,0,0,262144,0,0,0,0,0,1
"methane_baseline.xmodel","ang20191008t195936_r9728_c256_w512_h512",sem_pluma,0,0,0,262144,0,0,0,0,0,1
"methane_baseline.xmodel","ang20191008t195936_r11776_c0_w512_h512",sem_pluma,0,0,0,262144,0,0,0,0,0,1
"methane_baseline.xmodel","ang20191008t195936_r8960_c256_w512_h512",sem_pluma,0,0,0,262144,0,0,0,0,0,1
"methane_baseline.xmodel","ang20191008t195936_r2560_c256_w512_h512",sem_pluma,0,0,0,262144,0,0,0,0,0,1
"methane_baseline.xmodel","ang20191010t152203_r768_c0_w512_h512",sem_pluma,0,0,0,262144,0,0,0,0,0,1
"methane_baseline.xmodel","ang20191010t152203_r256_c0_w512_h512",sem_pluma,0,0,0,262144,0,0,0,0,0,1
"methane_baseline.xmodel","ang20191010t152203_r8448_c0_w512_h512",sem_pluma,0,0,0,262144,0,0,0,0,0,1
"methane_baseline.xmodel","ang20191010t152203_r6144_c0_w512_h512",sem_pluma,0,0,0,262144,0,0,0,0,0,1
"methane_baseline.xmodel","ang20191010t152203_r1280_c0_w512_h512",sem_pluma,0,0,0,262144,0,0,0,0,0,1
"methane_baseline.xmodel","ang20191010t152203_r11776_c0_w512_h512",sem_pluma,0,0,0,262144,0,0,0,0,0,1
"methane_baseline.xmodel","ang20191010t152203_r10240_c0_w512_h512",sem_pluma,0,0,0,262144,0,0,0,0,0,1
"methane_baseline.xmodel","ang20191010t155034_r3840_c0_w512_h512",sem_pluma,0,0,0,262144,0,0,0,0,0,1
"methane_baseline.xmodel","ang20191010t155034_r20224_c256_w512_h512",sem_pluma,0,0,0,262144,0,0,0,0,0,1
"methane_baseline.xmodel","ang20191010t155034_r256_c0_w512_h512",sem_pluma,0,0,0,262144,0,0,0,0,0,1
"methane_baseline.xmodel","ang20191010t155034_r12288_c0_w512_h512",sem_pluma,0,0,0,262144,0,0,0,0,0,1
"methane_baseline.xmodel","ang20191010t155034_r17920_c256_w512_h512",sem_pluma,0,0,0,262144,0,0,0,0,0,1
"methane_baseline.xmodel","ang20191010t155034_r14848_c0_w512_h512",sem_pluma,0,0,0,262144,0,0,0,0,0,1
"methane_baseline.xmodel","ang20191010t155034_r10240_c0_w512_h512",sem_pluma,0,0,0,262144,0,0,0,0,0,1
"methane_baseline.xmodel","ang20191010t161700_r4352_c0_w512_h512",sem_pluma,0,0,0,262144,0,0,0,0,0,1
"methane_baseline.xmodel","ang20191010t161700_r5632_c0_w512_h512",sem_pluma,0,0,0,262144,0,0,0,0,0,1
"methane_baseline.xmodel","ang20191010t161700_r4864_c0_w512_h512",sem_pluma,0,0,0,262144,0,0,0,0,0,1
"methane_baseline.xmodel","ang20191010t161700_r13056_c0_w512_h512",sem_pluma,0,0,0,262144,0,0,0,0,0,1
"methane_baseline.xmodel","ang20191010t161700_r17408_c0_w512_h512",sem_pluma,0,0,0,262144,0,0,0,0,0,1
"methane_baseline.xmodel","ang20191010t161700_r6656_c0_w512_h512",sem_pluma,0,0,0,262144,0,0,0,0,0,1
"methane_baseline.xmodel","ang20191010t161700_r18944_c0_w512_h512",sem_pluma,0,0,0,262144,0,0,0,0,0,1
"methane_baseline.xmodel","ang20191010t174755_r19712_c1024_w512_h512",sem_pluma,0,0,0,262144,0,0,0,0,0,1
"methane_baseline.xmodel","ang20191010t174755_r1536_c256_w512_h512",sem_pluma,0,0,0,262144,0,0,0,0,0,1
"methane_baseline.xmodel","ang20191010t174755_r9216_c256_w512_h512",sem_pluma,0,0,0,262144,0,0,0,0,0,1
"methane_baseline.xmodel","ang20191010t174755_r18688_c512_w512_h512",sem_pluma,0,0,0,262144,0,0,0,0,0,1
"methane_baseline.xmodel","ang20191010t174755_r15360_c512_w512_h512",sem_pluma,0,0,0,262144,0,0,0,0,0,1
"methane_baseline.xmodel","ang20191010t174755_r13056_c512_w512_h512",sem_pluma,0,0,0,262144,0,0,0,0,0,1
"methane_baseline.xmodel","ang20191010t174755_r18176_c512_w512_h512",sem_pluma,0,0,0,262144,0,0,0,0,0,1
"methane_baseline.xmodel","ang20191010t182147_r7168_c0_w512_h512",sem_pluma,0,0,0,262144,0,0,0,0,0,1
"methane_baseline.xmodel","ang20191010t182147_r13312_c0_w512_h512",sem_pluma,0,0,0,262144,0,0,0,0,0,1
"methane_baseline.xmodel","ang20191010t182147_r7680_c0_w512_h512",sem_pluma,0,0,0,262144,0,0,0,0,0,1
"methane_baseline.xmodel","ang20191010t182147_r10752_c0_w512_h512",sem_pluma,0,0,0,262144,0,0,0,0,0,1
"methane_baseline.xmodel","ang20191010t182147_r10240_c256_w512_h512",sem_pluma,0,0,0,262144,0,0,0,0,0,1
"methane_baseline.xmodel","ang20191010t182147_r12544_c0_w512_h512",sem_pluma,0,0,0,262144,0,0,0,0,0,1
"methane_baseline.xmodel","ang20191010t182147_r2304_c0_w512_h512",sem_pluma,0,0,0,262144,0,0,0,0,0,1
"methane_baseline.xmodel","ang20191010t184216_r13568_c256_w512_h512",sem_pluma,0,0,0,262144,0,0,0,0,0,1
"methane_baseline.xmodel","ang20191010t184216_r8192_c256_w512_h512",sem_pluma,0,0,0,262144,0,0,0,0,0,1
"methane_baseline.xmodel","ang20191010t184216_r13056_c256_w512_h512",sem_pluma,0,0,0,262144,0,0,0,0,0,1
"methane_baseline.xmodel","ang20191010t184216_r768_c0_w512_h512",sem_pluma,0,0,0,262144,0,0,0,0,0,1
"methane_baseline.xmodel","ang20191010t184216_r0_c0_w512_h512",sem_pluma,0,0,0,262144,0,0,0,0,0,1
"methane_baseline.xmodel","ang20191010t184216_r5376_c0_w512_h512",sem_pluma,0,0,0,262144,0,0,0,0,0,1
"methane_baseline.xmodel","ang20191010t184216_r6400_c256_w512_h512",sem_pluma,0,0,0,262144,0,0,0,0,0,1
"methane_baseline.xmodel","ang20191010t185941_r7424_c0_w512_h512",sem_pluma,0,0,0,262144,0,0,0,0,0,1
"methane_baseline.xmodel","ang20191010t185941_r9216_c0_w512_h512",sem_pluma,0,0,0,262144,0,0,0,0,0,1
"methane_baseline.xmodel","ang20191010t185941_r12800_c0_w512_h512",sem_pluma,0,0,0,262144,0,0,0,0,0,1
"methane_baseline.xmodel","ang20191010t185941_r4096_c256_w512_h512",sem_pluma,0,0,0,262144,0,0,0,0,0,1
"methane_baseline.xmodel","ang20191010t185941_r512_c256_w512_h512",sem_pluma,0,0,0,262144,0,0,0,0,0,1
"methane_baseline.xmodel","ang20191010t185941_r5120_c0_w512_h512",sem_pluma,0,0,0,262144,0,0,0,0,0,1
"methane_baseline.xmodel","ang20191010t185941_r9984_c0_w512_h512",sem_pluma,0,0,0,262144,0,0,0,0,0,1
"methane_baseline.xmodel","ang20191010t192008_r6656_c256_w512_h512",sem_pluma,0,0,0,262144,0,0,0,0,0,1
"methane_baseline.xmodel","ang20191010t192008_r13312_c256_w512_h512",sem_pluma,0,0,0,262144,0,0,0,0,0,1
"methane_baseline.xmodel","ang20191010t192008_r3840_c0_w512_h512",sem_pluma,0,0,0,262144,0,0,0,0,0,1
"methane_baseline.xmodel","ang20191010t192008_r9984_c256_w512_h512",sem_pluma,0,0,0,262144,0,0,0,0,0,1
"methane_baseline.xmodel","ang20191010t192008_r2560_c0_w512_h512",sem_pluma,0,0,0,262144,0,0,0,0,0,1
"methane_baseline.xmodel","ang20191010t192008_r10496_c256_w512_h512",sem_pluma,0,0,0,262144,0,0,0,0,0,1
"methane_baseline.xmodel","ang20191010t192008_r5888_c256_w512_h512",sem_pluma,0,0,0,262144,0,0,0,0,0,1
"methane_baseline.xmodel","ang20191010t193818_r6400_c0_w512_h512",sem_pluma,0,0,0,262144,0,0,0,0,0,1
"methane_baseline.xmodel","ang20191010t193818_r9984_c256_w512_h512",sem_pluma,0,0,0,262144,0,0,0,0,0,1
"methane_baseline.xmodel","ang20191010t193818_r1280_c0_w512_h512",sem_pluma,0,0,0,262144,0,0,0,0,0,1
"methane_baseline.xmodel","ang20191010t193818_r11520_c0_w512_h512",sem_pluma,0,0,0,262144,0,0,0,0,0,1
"methane_baseline.xmodel","ang20191010t193818_r8704_c0_w512_h512",sem_pluma,0,0,0,262144,0,0,0,0,0,1
"methane_baseline.xmodel","ang20191010t193818_r9472_c256_w512_h512",sem_pluma,0,0,0,262144,0,0,0,0,0,1
"methane_baseline.xmodel","ang20191010t193818_r10752_c256_w512_h512",sem_pluma,0,0,0,262144,0,0,0,0,0,1
"methane_baseline.xmodel","ang20191010t195717_r6144_c0_w512_h512",sem_pluma,0,0,0,262144,0,0,0,0,0,1
"methane_baseline.xmodel","ang20191010t195717_r12544_c0_w512_h512",sem_pluma,0,0,0,262144,0,0,0,0,0,1
"methane_baseline.xmodel","ang20191010t195717_r4608_c0_w512_h512",sem_pluma,0,0,0,262144,0,0,0,0,0,1
"methane_baseline.xmodel","ang20191010t195717_r8448_c0_w512_h512",sem_pluma,0,0,0,262144,0,0,0,0,0,1
"methane_baseline.xmodel","ang20191010t195717_r6656_c256_w512_h512",sem_pluma,0,0,0,262144,0,0,0,0,0,1
"methane_baseline.xmodel","ang20191010t195717_r2304_c256_w512_h512",sem_pluma,0,0,0,262144,0,0,0,0,0,1
"methane_baseline.xmodel","ang20191010t195717_r11008_c0_w512_h512",sem_pluma,0,0,0,262144,0,0,0,0,0,1
"methane_baseline.xmodel","ang20191011t152413_r7168_c0_w512_h512",sem_pluma,0,0,0,262144,0,0,0,0,0,1
"methane_baseline.xmodel","ang20191011t152413_r0_c0_w512_h512",sem_pluma,0,0,0,262144,0,0,0,0,0,1
"methane_baseline.xmodel","ang20191011t152413_r3584_c0_w512_h512",sem_pluma,0,0,0,262144,0,0,0,0,0,1
"methane_baseline.xmodel","ang20191011t152413_r11520_c0_w512_h512",sem_pluma,0,0,0,262144,0,0,0,0,0,1
"methane_baseline.xmodel","ang20191011t152413_r2304_c0_w512_h512",sem_pluma,0,0,0,262144,0,0,0,0,0,1
"methane_baseline.xmodel","ang20191011t152413_r12800_c256_w512_h512",sem_pluma,0,0,0,262144,0,0,0,0,0,1
"methane_baseline.xmodel","ang20191011t152413_r6656_c256_w512_h512",sem_pluma,0,0,0,262144,0,0,0,0,0,1
"methane_baseline.xmodel","ang20191011t154103_r0_c0_w512_h512",sem_pluma,0,0,0,262144,0,0,0,0,0,1
"methane_baseline.xmodel","ang20191011t154103_r13056_c256_w512_h512",sem_pluma,0,0,0,262144,0,0,0,0,0,1
"methane_baseline.xmodel","ang20191011t154103_r6144_c0_w512_h512",sem_pluma,0,0,0,262144,0,0,0,0,0,1
"methane_baseline.xmodel","ang20191011t154103_r1280_c0_w512_h512",sem_pluma,0,0,0,262144,0,0,0,0,0,1
"methane_baseline.xmodel","ang20191011t154103_r10496_c256_w512_h512",sem_pluma,0,0,0,262144,0,0,0,0,0,1
"methane_baseline.xmodel","ang20191011t154103_r7936_c0_w512_h512",sem_pluma,0,0,0,262144,0,0,0,0,0,1
"methane_baseline.xmodel","ang20191011t154103_r11520_c0_w512_h512",sem_pluma,0,0,0,262144,0,0,0,0,0,1
"methane_baseline.xmodel","ang20191011t160043_r6912_c256_w512_h512",sem_pluma,0,0,0,262144,0,0,0,0,0,1
"methane_baseline.xmodel","ang20191011t160043_r6400_c0_w512_h512",sem_pluma,0,0,0,262144,0,0,0,0,0,1
"methane_baseline.xmodel","ang20191011t160043_r7424_c256_w512_h512",sem_pluma,0,0,0,262144,0,0,0,0,0,1
"methane_baseline.xmodel","ang20191011t160043_r0_c0_w512_h512",sem_pluma,0,0,0,262144,0,0,0,0,0,1
"methane_baseline.xmodel","ang20191011t160043_r5888_c256_w512_h512",sem_pluma,0,12,0,262132,0,0,0,0,4.57763671875e-05,0.999954223633
"methane_baseline.xmodel","ang20191011t160043_r10752_c0_w512_h512",sem_pluma,0,0,0,262144,0,0,0,0,0,1
"methane_baseline.xmodel","ang20191011t160043_r10240_c256_w512_h512",sem_pluma,0,0,0,262144,0,0,0,0,0,1
"methane_baseline.xmodel","ang20191011t161719_r13056_c256_w512_h512",sem_pluma,0,0,0,262144,0,0,0,0,0,1
"methane_baseline.xmodel","ang20191011t161719_r11776_c256_w512_h512",sem_pluma,0,0,0,262144,0,0,0,0,0,1
"methane_baseline.xmodel","ang20191011t161719_r6912_c0_w512_h512",sem_pluma,0,0,0,262144,0,0,0,0,0,1
"methane_baseline.xmodel","ang20191011t161719_r9216_c256_w512_h512",sem_pluma,0,0,0,262144,0,0,0,0,0,1
"methane_baseline.xmodel","ang20191011t161719_r256_c0_w512_h512",sem_pluma,0,0,0,262144,0,0,0,0,0,1
"methane_baseline.xmodel","ang20191011t161719_r10496_c0_w512_h512",sem_pluma,0,0,0,262144,0,0,0,0,0,1
"methane_baseline.xmodel","ang20191011t161719_r3072_c0_w512_h512",sem_pluma,0,0,0,262144,0,0,0,0,0,1
"methane_baseline.xmodel","ang20191011t163647_r7680_c256_w512_h512",sem_pluma,0,0,0,262144,0,0,0,0,0,1
"methane_baseline.xmodel","ang20191011t163647_r6912_c0_w512_h512",sem_pluma,0,0,0,262144,0,0,0,0,0,1
"methane_baseline.xmodel","ang20191011t163647_r9216_c256_w512_h512",sem_pluma,0,0,0,262144,0,0,0,0,0,1
"methane_baseline.xmodel","ang20191011t163647_r12800_c256_w512_h512",sem_pluma,0,0,0,262144,0,0,0,0,0,1
"methane_baseline.xmodel","ang20191011t163647_r11264_c256_w512_h512",sem_pluma,0,0,0,262144,0,0,0,0,0,1
"methane_baseline.xmodel","ang20191011t163647_r13312_c256_w512_h512",sem_pluma,0,0,0,262144,0,0,0,0,0,1
"methane_baseline.xmodel","ang20191011t163647_r12032_c256_w512_h512",sem_pluma,0,0,0,262144,0,0,0,0,0,1
"methane_baseline.xmodel","ang20191011t165345_r11520_c0_w512_h512",sem_pluma,0,0,0,262144,0,0,0,0,0,1
"methane_baseline.xmodel","ang20191011t165345_r0_c0_w512_h512",sem_pluma,0,0,0,262144,0,0,0,0,0,1
"methane_baseline.xmodel","ang20191011t165345_r11008_c256_w512_h512",sem_pluma,0,0,0,262144,0,0,0,0,0,1
"methane_baseline.xmodel","ang20191011t165345_r13056_c256_w512_h512",sem_pluma,0,0,0,262144,0,0,0,0,0,1
"methane_baseline.xmodel","ang20191011t165345_r8960_c256_w512_h512",sem_pluma,0,0,0,262144,0,0,0,0,0,1
"methane_baseline.xmodel","ang20191011t165345_r7936_c0_w512_h512",sem_pluma,0,0,0,262144,0,0,0,0,0,1
"methane_baseline.xmodel","ang20191011t165345_r9984_c256_w512_h512",sem_pluma,0,0,0,262144,0,0,0,0,0,1
"methane_baseline.xmodel","ang20191011t171218_r7936_c0_w512_h512",sem_pluma,0,0,0,262144,0,0,0,0,0,1
"methane_baseline.xmodel","ang20191011t171218_r7424_c0_w512_h512",sem_pluma,0,0,0,262144,0,0,0,0,0,1
"methane_baseline.xmodel","ang20191011t171218_r6912_c256_w512_h512",sem_pluma,0,0,0,262144,0,0,0,0,0,1
"methane_baseline.xmodel","ang20191011t171218_r9216_c0_w512_h512",sem_pluma,0,0,0,262144,0,0,0,0,0,1
"methane_baseline.xmodel","ang20191011t171218_r6400_c0_w512_h512",sem_pluma,0,0,0,262144,0,0,0,0,0,1
"methane_baseline.xmodel","ang20191011t171218_r9984_c0_w512_h512",sem_pluma,0,0,0,262144,0,0,0,0,0,1
"methane_baseline.xmodel","ang20191011t171218_r11008_c0_w512_h512",sem_pluma,0,0,0,262144,0,0,0,0,0,1
"methane_baseline.xmodel","ang20191011t172641_r4864_c0_w512_h512",sem_pluma,0,0,0,262144,0,0,0,0,0,1
"methane_baseline.xmodel","ang20191011t172641_r3584_c0_w512_h512",sem_pluma,0,0,0,262144,0,0,0,0,0,1
"methane_baseline.xmodel","ang20191011t172641_r8192_c0_w512_h512",sem_pluma,0,0,0,262144,0,0,0,0,0,1
"methane_baseline.xmodel","ang20191011t172641_r9472_c0_w512_h512",sem_pluma,0,0,0,262144,0,0,0,0,0,1
"methane_baseline.xmodel","ang20191011t172641_r1280_c0_w512_h512",sem_pluma,0,0,0,262144,0,0,0,0,0,1
"methane_baseline.xmodel","ang20191011t172641_r9984_c256_w512_h512",sem_pluma,0,0,0,262144,0,0,0,0,0,1
"methane_baseline.xmodel","ang20191011t172641_r6912_c256_w512_h512",sem_pluma,0,0,0,262144,0,0,0,0,0,1
"methane_baseline.xmodel","ang20191011t174241_r2816_c0_w512_h512",sem_pluma,0,0,0,262144,0,0,0,0,0,1
"methane_baseline.xmodel","ang20191011t174241_r6400_c256_w512_h512",sem_pluma,0,0,0,262144,0,0,0,0,0,1
"methane_baseline.xmodel","ang20191011t174241_r3840_c0_w512_h512",sem_pluma,0,0,0,262144,0,0,0,0,0,1
"methane_baseline.xmodel","ang20191011t174241_r8448_c0_w512_h512",sem_pluma,0,0,0,262144,0,0,0,0,0,1
"methane_baseline.xmodel","ang20191011t174241_r9472_c0_w512_h512",sem_pluma,0,0,0,262144,0,0,0,0,0,1
"methane_baseline.xmodel","ang20191011t174241_r7936_c256_w512_h512",sem_pluma,0,0,0,262144,0,0,0,0,0,1
"methane_baseline.xmodel","ang20191011t174241_r10240_c0_w512_h512",sem_pluma,0,0,0,262144,0,0,0,0,0,1
"methane_baseline.xmodel","ang20191011t175712_r256_c0_w512_h512",sem_pluma,0,0,0,262144,0,0,0,0,0,1
"methane_baseline.xmodel","ang20191011t175712_r2048_c0_w512_h512",sem_pluma,0,0,0,262144,0,0,0,0,0,1
"methane_baseline.xmodel","ang20191011t175712_r1536_c0_w512_h512",sem_pluma,0,0,0,262144,0,0,0,0,0,1
"methane_baseline.xmodel","ang20191011t175712_r8448_c256_w512_h512",sem_pluma,0,0,0,262144,0,0,0,0,0,1
"methane_baseline.xmodel","ang20191011t175712_r9728_c0_w512_h512",sem_pluma,0,0,0,262144,0,0,0,0,0,1
"methane_baseline.xmodel","ang20191011t175712_r9216_c0_w512_h512",sem_pluma,0,0,0,262144,0,0,0,0,0,1
"methane_baseline.xmodel","ang20191011t175712_r7424_c0_w512_h512",sem_pluma,0,0,0,262144,0,0,0,0,0,1
"methane_baseline.xmodel","ang20191011t181301_r2304_c0_w512_h512",sem_pluma,0,0,0,262144,0,0,0,0,0,1
"methane_baseline.xmodel","ang20191011t181301_r1024_c0_w512_h512",sem_pluma,0,0,0,262144,0,0,0,0,0,1
"methane_baseline.xmodel","ang20191011t181301_r9728_c256_w512_h512",sem_pluma,0,0,0,262144,0,0,0,0,0,1
"methane_baseline.xmodel","ang20191011t181301_r7168_c0_w512_h512",sem_pluma,0,0,0,262144,0,0,0,0,0,1
"methane_baseline.xmodel","ang20191011t181301_r7936_c0_w512_h512",sem_pluma,0,0,0,262144,0,0,0,0,0,1
"methane_baseline.xmodel","ang20191011t181301_r8704_c0_w512_h512",sem_pluma,0,0,0,262144,0,0,0,0,0,1
"methane_baseline.xmodel","ang20191011t181301_r3584_c0_w512_h512",sem_pluma,0,0,0,262144,0,0,0,0,0,1
"methane_baseline.xmodel","ang20191011t182731_r512_c0_w512_h512",sem_pluma,0,0,0,262144,0,0,0,0,0,1
"methane_baseline.xmodel","ang20191011t182731_r11008_c0_w512_h512",sem_pluma,0,0,0,262144,0,0,0,0,0,1
"methane_baseline.xmodel","ang20191011t182731_r9984_c256_w512_h512",sem_pluma,0,0,0,262144,0,0,0,0,0,1
"methane_baseline.xmodel","ang20191011t182731_r9216_c0_w512_h512",sem_pluma,0,0,0,262144,0,0,0,0,0,1
"methane_baseline.xmodel","ang20191011t182731_r4608_c0_w512_h512",sem_pluma,0,0,0,262144,0,0,0,0,0,1
"methane_baseline.xmodel","ang20191011t182731_r5376_c0_w512_h512",sem_pluma,0,0,0,262144,0,0,0,0,0,1
"methane_baseline.xmodel","ang20191011t182731_r7168_c0_w512_h512",sem_pluma,0,0,0,262144,0,0,0,0,0,1
"methane_baseline.xmodel","ang20191011t184311_r1280_c0_w512_h512",sem_pluma,0,0,0,262144,0,0,0,0,0,1
"methane_baseline.xmodel","ang20191011t184311_r256_c0_w512_h512",sem_pluma,0,0,0,262144,0,0,0,0,0,1
"methane_baseline.xmodel","ang20191011t184311_r10240_c0_w512_h512",sem_pluma,0,0,0,262144,0,0,0,0,0,1
"methane_baseline.xmodel","ang20191011t184311_r9728_c256_w512_h512",sem_pluma,0,0,0,262144,0,0,0,0,0,1
"methane_baseline.xmodel","ang20191011t184311_r7168_c256_w512_h512",sem_pluma,0,0,0,262144,0,0,0,0,0,1
"methane_baseline.xmodel","ang20191011t184311_r2304_c0_w512_h512",sem_pluma,0,0,0,262144,0,0,0,0,0,1
"methane_baseline.xmodel","ang20191011t184311_r3328_c0_w512_h512",sem_pluma,0,0,0,262144,0,0,0,0,0,1
"methane_baseline.xmodel","ang20191011t185825_r0_c0_w512_h512",sem_pluma,0,0,0,262144,0,0,0,0,0,1
"methane_baseline.xmodel","ang20191011t185825_r512_c0_w512_h512",sem_pluma,0,0,0,262144,0,0,0,0,0,1
"methane_baseline.xmodel","ang20191011t185825_r4352_c0_w512_h512",sem_pluma,0,0,0,262144,0,0,0,0,0,1
"methane_baseline.xmodel","ang20191011t185825_r11264_c256_w512_h512",sem_pluma,0,0,0,262144,0,0,0,0,0,1
"methane_baseline.xmodel","ang20191011t185825_r2048_c0_w512_h512",sem_pluma,0,0,0,262144,0,0,0,0,0,1
"methane_baseline.xmodel","ang20191011t185825_r8704_c0_w512_h512",sem_pluma,0,0,0,262144,0,0,0,0,0,1
"methane_baseline.xmodel","ang20191011t185825_r3840_c0_w512_h512",sem_pluma,0,0,0,262144,0,0,0,0,0,1
"methane_baseline.xmodel","ang20191011t191345_r768_c0_w512_h512",sem_pluma,0,0,0,262144,0,0,0,0,0,1
"methane_baseline.xmodel","ang20191011t191345_r0_c0_w512_h512",sem_pluma,0,0,0,262144,0,0,0,0,0,1
"methane_baseline.xmodel","ang20191011t191345_r1280_c0_w512_h512",sem_pluma,0,0,0,262144,0,0,0,0,0,1
"methane_baseline.xmodel","ang20191011t191345_r9216_c256_w512_h512",sem_pluma,0,0,0,262144,0,0,0,0,0,1
"methane_baseline.xmodel","ang20191011t191345_r6912_c256_w512_h512",sem_pluma,0,0,0,262144,0,0,0,0,0,1
"methane_baseline.xmodel","ang20191011t191345_r7936_c256_w512_h512",sem_pluma,0,0,0,262144,0,0,0,0,0,1
"methane_baseline.xmodel","ang20191011t191345_r11008_c0_w512_h512",sem_pluma,0,0,0,262144,0,0,0,0,0,1
"methane_baseline.xmodel","ang20191011t192741_r256_c0_w512_h512",sem_pluma,0,0,0,262144,0,0,0,0,0,1
"methane_baseline.xmodel","ang20191011t192741_r11264_c256_w512_h512",sem_pluma,0,0,0,262144,0,0,0,0,0,1
"methane_baseline.xmodel","ang20191011t192741_r1792_c0_w512_h512",sem_pluma,0,0,0,262144,0,0,0,0,0,1
"methane_baseline.xmodel","ang20191011t192741_r6144_c0_w512_h512",sem_pluma,0,0,0,262144,0,0,0,0,0,1
"methane_baseline.xmodel","ang20191011t192741_r4864_c0_w512_h512",sem_pluma,0,0,0,262144,0,0,0,0,0,1
"methane_baseline.xmodel","ang20191011t192741_r8704_c0_w512_h512",sem_pluma,0,0,0,262144,0,0,0,0,0,1
"methane_baseline.xmodel","ang20191011t192741_r7936_c0_w512_h512",sem_pluma,0,0,0,262144,0,0,0,0,0,1
"methane_baseline.xmodel","ang20191011t194308_r0_c0_w512_h512",sem_pluma,0,0,0,262144,0,0,0,0,0,1
"methane_baseline.xmodel","ang20191011t194308_r11520_c256_w512_h512",sem_pluma,0,0,0,262144,0,0,0,0,0,1
"methane_baseline.xmodel","ang20191011t194308_r512_c0_w512_h512",sem_pluma,0,0,0,262144,0,0,0,0,0,1
"methane_baseline.xmodel","ang20191011t194308_r1280_c0_w512_h512",sem_pluma,0,0,0,262144,0,0,0,0,0,1
"methane_baseline.xmodel","ang20191011t194308_r10240_c0_w512_h512",sem_pluma,0,0,0,262144,0,0,0,0,0,1
"methane_baseline.xmodel","ang20191011t194308_r9216_c0_w512_h512",sem_pluma,0,0,0,262144,0,0,0,0,0,1
"methane_baseline.xmodel","ang20191011t194308_r10752_c256_w512_h512",sem_pluma,0,0,0,262144,0,0,0,0,0,1
"methane_baseline.xmodel","ang20191012t154407_r2304_c256_w512_h512",sem_pluma,0,0,0,262144,0,0,0,0,0,1
"methane_baseline.xmodel","ang20191012t154407_r2816_c256_w512_h512",sem_pluma,0,0,0,262144,0,0,0,0,0,1
"methane_baseline.xmodel","ang20191012t154407_r512_c256_w512_h512",sem_pluma,0,0,0,262144,0,0,0,0,0,1
"methane_baseline.xmodel","ang20191012t154407_r1024_c256_w512_h512",sem_pluma,0,0,0,262144,0,0,0,0,0,1
"methane_baseline.xmodel","ang20191012t154800_r0_c512_w512_h512",sem_pluma,0,0,0,262144,0,0,0,0,0,1
"methane_baseline.xmodel","ang20191012t154800_r4352_c1280_w512_h512",sem_pluma,0,0,0,262144,0,0,0,0,0,1
"methane_baseline.xmodel","ang20191012t154800_r512_c512_w512_h512",sem_pluma,0,0,0,262144,0,0,0,0,0,1
"methane_baseline.xmodel","ang20191012t154800_r1536_c768_w512_h512",sem_pluma,0,23,0,262121,0,0,0,0,8.77380371094e-05,0.999912261963
"methane_baseline.xmodel","ang20191012t154800_r256_c1280_w512_h512",sem_pluma,0,0,0,262144,0,0,0,0,0,1
"methane_baseline.xmodel","ang20191012t154800_r768_c0_w512_h512",sem_pluma,0,0,0,262144,0,0,0,0,0,1
"methane_baseline.xmodel","ang20191012t154800_r5632_c1536_w512_h512",sem_pluma,0,0,0,262144,0,0,0,0,0,1
"methane_baseline.xmodel","ang20191012t155942_r2048_c0_w512_h512",sem_pluma,0,0,0,262144,0,0,0,0,0,1
"methane_baseline.xmodel","ang20191012t155942_r512_c0_w512_h512",sem_pluma,0,0,0,262144,0,0,0,0,0,1
"methane_baseline.xmodel","ang20191012t155942_r0_c0_w512_h512",sem_pluma,0,0,0,262144,0,0,0,0,0,1
"methane_baseline.xmodel","ang20191012t155942_r3072_c0_w512_h512",sem_pluma,0,0,0,262144,0,0,0,0,0,1
"methane_baseline.xmodel","ang20191012t155942_r2560_c0_w512_h512",sem_pluma,0,0,0,262144,0,0,0,0,0,1
"methane_baseline.xmodel","ang20191012t162223_r1024_c0_w512_h512",sem_pluma,0,0,0,262144,0,0,0,0,0,1
"methane_baseline.xmodel","ang20191012t162223_r1536_c256_w512_h512",sem_pluma,0,0,0,262144,0,0,0,0,0,1
"methane_baseline.xmodel","ang20191012t162223_r2048_c0_w512_h512",sem_pluma,0,0,0,262144,0,0,0,0,0,1
"methane_baseline.xmodel","ang20191012t162223_r3840_c0_w512_h512",sem_pluma,0,0,0,262144,0,0,0,0,0,1
"methane_baseline.xmodel","ang20191012t162223_r2560_c0_w512_h512",sem_pluma,0,0,0,262144,0,0,0,0,0,1
"methane_baseline.xmodel","ang20191012t162223_r0_c0_w512_h512",sem_pluma,0,0,0,262144,0,0,0,0,0,1
"methane_baseline.xmodel","ang20191012t162223_r4608_c0_w512_h512",sem_pluma,0,0,0,262144,0,0,0,0,0,1
"methane_baseline.xmodel","ang20191013t144828_r2048_c0_w512_h512",sem_pluma,0,0,0,262144,0,0,0,0,0,1
"methane_baseline.xmodel","ang20191013t145516_r7936_c256_w512_h512",sem_pluma,0,0,0,262144,0,0,0,0,0,1
"methane_baseline.xmodel","ang20191013t145516_r13056_c0_w512_h512",sem_pluma,0,0,0,262144,0,0,0,0,0,1
"methane_baseline.xmodel","ang20191013t145516_r6912_c256_w512_h512",sem_pluma,0,0,0,262144,0,0,0,0,0,1
"methane_baseline.xmodel","ang20191013t145516_r1024_c256_w512_h512",sem_pluma,0,0,0,262144,0,0,0,0,0,1
"methane_baseline.xmodel","ang20191013t145516_r13568_c0_w512_h512",sem_pluma,0,0,0,262144,0,0,0,0,0,1
"methane_baseline.xmodel","ang20191013t145516_r16384_c0_w512_h512",sem_pluma,0,0,0,262144,0,0,0,0,0,1
"methane_baseline.xmodel","ang20191013t145516_r8704_c0_w512_h512",sem_pluma,0,0,0,262144,0,0,0,0,0,1
"methane_baseline.xmodel","ang20191013t151222_r3584_c0_w512_h512",sem_pluma,0,0,0,262144,0,0,0,0,0,1
"methane_baseline.xmodel","ang20191013t151222_r3072_c0_w512_h512",sem_pluma,0,0,0,262144,0,0,0,0,0,1
"methane_baseline.xmodel","ang20191013t151222_r4096_c0_w512_h512",sem_pluma,0,0,0,262144,0,0,0,0,0,1
"methane_baseline.xmodel","ang20191013t151222_r9728_c0_w512_h512",sem_pluma,0,0,0,262144,0,0,0,0,0,1
"methane_baseline.xmodel","ang20191013t151222_r11264_c256_w512_h512",sem_pluma,0,0,0,262144,0,0,0,0,0,1
"methane_baseline.xmodel","ang20191013t151222_r15872_c0_w512_h512",sem_pluma,0,0,0,262144,0,0,0,0,0,1
"methane_baseline.xmodel","ang20191013t151222_r9216_c0_w512_h512",sem_pluma,0,0,0,262144,0,0,0,0,0,1
"methane_baseline.xmodel","ang20191013t152730_r15104_c0_w512_h512",sem_pluma,0,0,0,262144,0,0,0,0,0,1
"methane_baseline.xmodel","ang20191013t152730_r4864_c0_w512_h512",sem_pluma,0,0,0,262144,0,0,0,0,0,1
"methane_baseline.xmodel","ang20191013t152730_r13568_c0_w512_h512",sem_pluma,0,0,0,262144,0,0,0,0,0,1
"methane_baseline.xmodel","ang20191013t152730_r5632_c0_w512_h512",sem_pluma,0,0,0,262144,0,0,0,0,0,1
"methane_baseline.xmodel","ang20191013t152730_r512_c256_w512_h512",sem_pluma,0,0,0,262144,0,0,0,0,0,1
"methane_baseline.xmodel","ang20191013t152730_r3072_c256_w512_h512",sem_pluma,0,0,0,262144,0,0,0,0,0,1
"methane_baseline.xmodel","ang20191013t152730_r8192_c0_w512_h512",sem_pluma,0,0,0,262144,0,0,0,0,0,1
"methane_baseline.xmodel","ang20191013t154421_r5376_c0_w512_h512",sem_pluma,0,0,0,262144,0,0,0,0,0,1
"methane_baseline.xmodel","ang20191013t154421_r4864_c0_w512_h512",sem_pluma,0,0,0,262144,0,0,0,0,0,1
"methane_baseline.xmodel","ang20191013t154421_r4352_c256_w512_h512",sem_pluma,0,0,0,262144,0,0,0,0,0,1
"methane_baseline.xmodel","ang20191013t154421_r17664_c0_w512_h512",sem_pluma,0,0,0,262144,0,0,0,0,0,1
"methane_baseline.xmodel","ang20191013t154421_r13824_c0_w512_h512",sem_pluma,0,0,0,262144,0,0,0,0,0,1
"methane_baseline.xmodel","ang20191013t154421_r18944_c0_w512_h512",sem_pluma,0,0,0,262144,0,0,0,0,0,1
"methane_baseline.xmodel","ang20191013t154421_r12288_c0_w512_h512",sem_pluma,0,0,0,262144,0,0,0,0,0,1
"methane_baseline.xmodel","ang20191013t155909_r6912_c0_w512_h512",sem_pluma,0,0,0,262144,0,0,0,0,0,1
"methane_baseline.xmodel","ang20191013t155909_r6400_c256_w512_h512",sem_pluma,0,0,0,262144,0,0,0,0,0,1
"methane_baseline.xmodel","ang20191013t155909_r5888_c0_w512_h512",sem_pluma,0,0,0,262144,0,0,0,0,0,1
"methane_baseline.xmodel","ang20191013t155909_r2816_c0_w512_h512",sem_pluma,0,0,0,262144,0,0,0,0,0,1
"methane_baseline.xmodel","ang20191013t155909_r16128_c0_w512_h512",sem_pluma,0,0,0,262144,0,0,0,0,0,1
"methane_baseline.xmodel","ang20191013t155909_r14592_c0_w512_h512",sem_pluma,0,0,0,262144,0,0,0,0,0,1
"methane_baseline.xmodel","ang20191013t155909_r16640_c0_w512_h512",sem_pluma,0,0,0,262144,0,0,0,0,0,1
"methane_baseline.xmodel","ang20191013t161540_r6912_c256_w512_h512",sem_pluma,0,0,0,262144,0,0,0,0,0,1
"methane_baseline.xmodel","ang20191013t161540_r6144_c0_w512_h512",sem_pluma,0,0,0,262144,0,0,0,0,0,1
"methane_baseline.xmodel","ang20191013t161540_r5376_c0_w512_h512",sem_pluma,0,0,0,262144,0,0,0,0,0,1
"methane_baseline.xmodel","ang20191013t161540_r16896_c0_w512_h512",sem_pluma,0,0,0,262144,0,0,0,0,0,1
"methane_baseline.xmodel","ang20191013t161540_r14336_c0_w512_h512",sem_pluma,0,0,0,262144,0,0,0,0,0,1
"methane_baseline.xmodel","ang20191013t161540_r10752_c0_w512_h512",sem_pluma,0,0,0,262144,0,0,0,0,0,1
"methane_baseline.xmodel","ang20191013t161540_r9472_c0_w512_h512",sem_pluma,0,0,0,262144,0,0,0,0,0,1
"methane_baseline.xmodel","ang20191013t164602_r6656_c256_w512_h512",sem_pluma,0,0,0,262144,0,0,0,0,0,1
"methane_baseline.xmodel","ang20191013t164602_r5888_c256_w512_h512",sem_pluma,0,0,0,262144,0,0,0,0,0,1
"methane_baseline.xmodel","ang20191013t164602_r4864_c0_w512_h512",sem_pluma,0,0,0,262144,0,0,0,0,0,1
"methane_baseline.xmodel","ang20191013t164602_r10496_c0_w512_h512",sem_pluma,0,0,0,262144,0,0,0,0,0,1
"methane_baseline.xmodel","ang20191013t164602_r1024_c256_w512_h512",sem_pluma,0,0,0,262144,0,0,0,0,0,1
"methane_baseline.xmodel","ang20191013t164602_r12800_c0_w512_h512",sem_pluma,0,0,0,262144,0,0,0,0,0,1
"methane_baseline.xmodel","ang20191013t164602_r2560_c256_w512_h512",sem_pluma,0,0,0,262144,0,0,0,0,0,1
"methane_baseline.xmodel","ang20191013t170032_r5632_c256_w512_h512",sem_pluma,0,0,0,262144,0,0,0,0,0,1
"methane_baseline.xmodel","ang20191013t170032_r6144_c256_w512_h512",sem_pluma,0,0,0,262144,0,0,0,0,0,1
"methane_baseline.xmodel","ang20191013t170032_r5120_c256_w512_h512",sem_pluma,0,0,0,262144,0,0,0,0,0,1
"methane_baseline.xmodel","ang20191013t170032_r3328_c0_w512_h512",sem_pluma,0,0,0,262144,0,0,0,0,0,1
"methane_baseline.xmodel","ang20191013t170032_r13824_c0_w512_h512",sem_pluma,0,0,0,262144,0,0,0,0,0,1
"methane_baseline.xmodel","ang20191013t170032_r1536_c256_w512_h512",sem_pluma,0,0,0,262144,0,0,0,0,0,1
"methane_baseline.xmodel","ang20191013t170032_r11264_c0_w512_h512",sem_pluma,0,0,0,262144,0,0,0,0,0,1
"methane_baseline.xmodel","ang20191013t171742_r9728_c256_w512_h512",sem_pluma,0,0,0,262144,0,0,0,0,0,1
"methane_baseline.xmodel","ang20191013t171742_r8960_c0_w512_h512",sem_pluma,0,0,0,262144,0,0,0,0,0,1
"methane_baseline.xmodel","ang20191013t171742_r7936_c256_w512_h512",sem_pluma,0,0,0,262144,0,0,0,0,0,1
"methane_baseline.xmodel","ang20191013t171742_r4864_c0_w512_h512",sem_pluma,0,0,0,262144,0,0,0,0,0,1
"methane_baseline.xmodel","ang20191013t171742_r7424_c256_w512_h512",sem_pluma,0,0,0,262144,0,0,0,0,0,1
"methane_baseline.xmodel","ang20191013t171742_r4352_c256_w512_h512",sem_pluma,0,0,0,262144,0,0,0,0,0,1
"methane_baseline.xmodel","ang20191013t171742_r2560_c256_w512_h512",sem_pluma,0,0,0,262144,0,0,0,0,0,1
"methane_baseline.xmodel","ang20191013t173258_r11776_c0_w512_h512",sem_pluma,0,0,0,262144,0,0,0,0,0,1
"methane_baseline.xmodel","ang20191013t173258_r8960_c0_w512_h512",sem_pluma,0,0,0,262144,0,0,0,0,0,1
"methane_baseline.xmodel","ang20191013t173258_r12288_c0_w512_h512",sem_pluma,0,0,0,262144,0,0,0,0,0,1
"methane_baseline.xmodel","ang20191013t173258_r13056_c0_w512_h512",sem_pluma,0,0,0,262144,0,0,0,0,0,1
"methane_baseline.xmodel","ang20191013t173258_r2048_c0_w512_h512",sem_pluma,0,0,0,262144,0,0,0,0,0,1
"methane_baseline.xmodel","ang20191013t173258_r18432_c0_w512_h512",sem_pluma,0,0,0,262144,0,0,0,0,0,1
"methane_baseline.xmodel","ang20191013t173258_r7168_c256_w512_h512",sem_pluma,0,0,0,262144,0,0,0,0,0,1
"methane_baseline.xmodel","ang20191013t174928_r12800_c0_w512_h512",sem_pluma,0,0,0,262144,0,0,0,0,0,1
"methane_baseline.xmodel","ang20191013t174928_r13312_c0_w512_h512",sem_pluma,0,0,0,262144,0,0,0,0,0,1
"methane_baseline.xmodel","ang20191013t174928_r9728_c256_w512_h512",sem_pluma,0,0,0,262144,0,0,0,0,0,1
"methane_baseline.xmodel","ang20191013t174928_r8960_c0_w512_h512",sem_pluma,0,0,0,262144,0,0,0,0,0,1
"methane_baseline.xmodel","ang20191013t174928_r7424_c256_w512_h512",sem_pluma,0,0,0,262144,0,0,0,0,0,1
"methane_baseline.xmodel","ang20191013t174928_r17408_c0_w512_h512",sem_pluma,0,0,0,262144,0,0,0,0,0,1
"methane_baseline.xmodel","ang20191013t174928_r4608_c256_w512_h512",sem_pluma,0,0,0,262144,0,0,0,0,0,1
"methane_baseline.xmodel","ang20191013t180441_r13056_c0_w512_h512",sem_pluma,0,0,0,262144,0,0,0,0,0,1
"methane_baseline.xmodel","ang20191013t180441_r13568_c0_w512_h512",sem_pluma,0,0,0,262144,0,0,0,0,0,1
"methane_baseline.xmodel","ang20191013t180441_r8448_c0_w512_h512",sem_pluma,0,0,0,262144,0,0,0,0,0,1
"methane_baseline.xmodel","ang20191013t180441_r5888_c0_w512_h512",sem_pluma,0,0,0,262144,0,0,0,0,0,1
"methane_baseline.xmodel","ang20191013t180441_r1024_c0_w512_h512",sem_pluma,0,0,0,262144,0,0,0,0,0,1
"methane_baseline.xmodel","ang20191013t180441_r14592_c0_w512_h512",sem_pluma,0,0,0,262144,0,0,0,0,0,1
"methane_baseline.xmodel","ang20191013t180441_r6400_c0_w512_h512",sem_pluma,0,0,0,262144,0,0,0,0,0,1
"methane_baseline.xmodel","ang20191013t182140_r14336_c0_w512_h512",sem_pluma,0,0,0,262144,0,0,0,0,0,1
"methane_baseline.xmodel","ang20191013t182140_r9472_c256_w512_h512",sem_pluma,0,0,0,262144,0,0,0,0,0,1
"methane_baseline.xmodel","ang20191013t182140_r11264_c0_w512_h512",sem_pluma,0,0,0,262144,0,0,0,0,0,1
"methane_baseline.xmodel","ang20191013t182140_r7168_c0_w512_h512",sem_pluma,0,140,0,262004,0,0,0,0,0.000534057617188,0.999465942383
"methane_baseline.xmodel","ang20191013t182140_r17408_c0_w512_h512",sem_pluma,0,0,0,262144,0,0,0,0,0,1
"methane_baseline.xmodel","ang20191013t182140_r2560_c0_w512_h512",sem_pluma,0,0,0,262144,0,0,0,0,0,1
"methane_baseline.xmodel","ang20191013t182140_r15104_c0_w512_h512",sem_pluma,0,0,0,262144,0,0,0,0,0,1
"methane_baseline.xmodel","ang20191013t185356_r256_c256_w512_h512",sem_pluma,0,0,0,262144,0,0,0,0,0,1
"methane_baseline.xmodel","ang20191013t185356_r3072_c256_w512_h512",sem_pluma,0,0,0,262144,0,0,0,0,0,1
"methane_baseline.xmodel","ang20191013t185356_r768_c256_w512_h512",sem_pluma,0,0,0,262144,0,0,0,0,0,1
"methane_baseline.xmodel","ang20191013t185356_r11520_c0_w512_h512",sem_pluma,0,0,0,262144,0,0,0,0,0,1
"methane_baseline.xmodel","ang20191013t185356_r13312_c0_w512_h512",sem_pluma,0,0,0,262144,0,0,0,0,0,1
"methane_baseline.xmodel","ang20191013t185356_r6656_c256_w512_h512",sem_pluma,0,0,0,262144,0,0,0,0,0,1
"methane_baseline.xmodel","ang20191013t185356_r2304_c256_w512_h512",sem_pluma,0,0,0,262144,0,0,0,0,0,1
"methane_baseline.xmodel","ang20191013t192848_r6144_c256_w512_h512",sem_pluma,0,0,0,262144,0,0,0,0,0,1
"methane_baseline.xmodel","ang20191013t192848_r3584_c256_w512_h512",sem_pluma,0,0,0,262144,0,0,0,0,0,1
"methane_baseline.xmodel","ang20191013t192848_r6656_c256_w512_h512",sem_pluma,0,0,0,262144,0,0,0,0,0,1
"methane_baseline.xmodel","ang20191013t192848_r19200_c0_w512_h512",sem_pluma,0,0,0,262144,0,0,0,0,0,1
"methane_baseline.xmodel","ang20191013t192848_r8448_c256_w512_h512",sem_pluma,0,0,0,262144,0,0,0,0,0,1
"methane_baseline.xmodel","ang20191013t192848_r9728_c256_w512_h512",sem_pluma,0,0,0,262144,0,0,0,0,0,1
"methane_baseline.xmodel","ang20191013t192848_r7680_c256_w512_h512",sem_pluma,0,0,0,262144,0,0,0,0,0,1
"methane_baseline.xmodel","ang20191016t143714_r4608_c256_w512_h512",sem_pluma,0,0,0,262144,0,0,0,0,0,1
"methane_baseline.xmodel","ang20191016t143714_r3584_c256_w512_h512",sem_pluma,0,0,0,262144,0,0,0,0,0,1
"methane_baseline.xmodel","ang20191016t143714_r5632_c256_w512_h512",sem_pluma,0,0,0,262144,0,0,0,0,0,1
"methane_baseline.xmodel","ang20191016t143714_r1792_c256_w512_h512",sem_pluma,0,0,0,262144,0,0,0,0,0,1
"methane_baseline.xmodel","ang20191016t143714_r8704_c256_w512_h512",sem_pluma,0,0,0,262144,0,0,0,0,0,1
"methane_baseline.xmodel","ang20191016t143714_r768_c0_w512_h512",sem_pluma,0,0,0,262144,0,0,0,0,0,1
"methane_baseline.xmodel","ang20191016t143714_r8192_c512_w512_h512",sem_pluma,0,0,0,262144,0,0,0,0,0,1
"methane_baseline.xmodel","ang20191016t145145_r7168_c256_w512_h512",sem_pluma,0,0,0,262144,0,0,0,0,0,1
"methane_baseline.xmodel","ang20191016t145145_r7936_c256_w512_h512",sem_pluma,0,0,0,262144,0,0,0,0,0,1
"methane_baseline.xmodel","ang20191016t145145_r10752_c256_w512_h512",sem_pluma,0,0,0,262144,0,0,0,0,0,1
"methane_baseline.xmodel","ang20191016t145145_r11264_c256_w512_h512",sem_pluma,0,0,0,262144,0,0,0,0,0,1
"methane_baseline.xmodel","ang20191016t145145_r2048_c0_w512_h512",sem_pluma,0,0,0,262144,0,0,0,0,0,1
"methane_baseline.xmodel","ang20191016t150743_r0_c0_w512_h512",sem_pluma,0,0,0,262144,0,0,0,0,0,1
"methane_baseline.xmodel","ang20191016t150743_r512_c0_w512_h512",sem_pluma,0,0,0,262144,0,0,0,0,0,1
"methane_baseline.xmodel","ang20191016t150743_r2048_c0_w512_h512",sem_pluma,0,0,0,262144,0,0,0,0,0,1
"methane_baseline.xmodel","ang20191016t150743_r5632_c0_w512_h512",sem_pluma,0,0,0,262144,0,0,0,0,0,1
"methane_baseline.xmodel","ang20191016t150743_r4864_c0_w512_h512",sem_pluma,0,0,0,262144,0,0,0,0,0,1
"methane_baseline.xmodel","ang20191016t150743_r6656_c0_w512_h512",sem_pluma,0,0,0,262144,0,0,0,0,0,1
"methane_baseline.xmodel","ang20191016t150743_r6144_c0_w512_h512",sem_pluma,0,0,0,262144,0,0,0,0,0,1
"methane_baseline.xmodel","ang20191016t152245_r7680_c0_w512_h512",sem_pluma,0,0,0,262144,0,0,0,0,0,1
"methane_baseline.xmodel","ang20191016t152245_r256_c0_w512_h512",sem_pluma,0,0,0,262144,0,0,0,0,0,1
"methane_baseline.xmodel","ang20191016t152245_r768_c0_w512_h512",sem_pluma,0,0,0,262144,0,0,0,0,0,1
"methane_baseline.xmodel","ang20191016t152245_r11008_c256_w512_h512",sem_pluma,0,0,0,262144,0,0,0,0,0,1
"methane_baseline.xmodel","ang20191016t152245_r2560_c0_w512_h512",sem_pluma,0,0,0,262144,0,0,0,0,0,1
"methane_baseline.xmodel","ang20191016t152245_r4608_c0_w512_h512",sem_pluma,0,0,0,262144,0,0,0,0,0,1
"methane_baseline.xmodel","ang20191016t152245_r1280_c0_w512_h512",sem_pluma,0,0,0,262144,0,0,0,0,0,1
"methane_baseline.xmodel","ang20191016t153826_r0_c0_w512_h512",sem_pluma,0,0,0,262144,0,0,0,0,0,1
"methane_baseline.xmodel","ang20191016t153826_r512_c0_w512_h512",sem_pluma,0,0,0,262144,0,0,0,0,0,1
"methane_baseline.xmodel","ang20191016t153826_r6400_c256_w512_h512",sem_pluma,0,0,0,262144,0,0,0,0,0,1
"methane_baseline.xmodel","ang20191016t153826_r10752_c0_w512_h512",sem_pluma,0,0,0,262144,0,0,0,0,0,1
"methane_baseline.xmodel","ang20191016t153826_r3840_c0_w512_h512",sem_pluma,0,0,0,262144,0,0,0,0,0,1
"methane_baseline.xmodel","ang20191016t153826_r5888_c256_w512_h512",sem_pluma,0,0,0,262144,0,0,0,0,0,1
"methane_baseline.xmodel","ang20191016t153826_r8960_c0_w512_h512",sem_pluma,0,0,0,262144,0,0,0,0,0,1
"methane_baseline.xmodel","ang20191016t155337_r5376_c0_w512_h512",sem_pluma,0,0,0,262144,0,0,0,0,0,1
"methane_baseline.xmodel","ang20191016t155337_r768_c0_w512_h512",sem_pluma,0,0,0,262144,0,0,0,0,0,1
"methane_baseline.xmodel","ang20191016t155337_r4864_c0_w512_h512",sem_pluma,0,0,0,262144,0,0,0,0,0,1
"methane_baseline.xmodel","ang20191016t155337_r9472_c256_w512_h512",sem_pluma,0,0,0,262144,0,0,0,0,0,1
"methane_baseline.xmodel","ang20191016t155337_r8960_c0_w512_h512",sem_pluma,0,0,0,262144,0,0,0,0,0,1
"methane_baseline.xmodel","ang20191016t155337_r1536_c0_w512_h512",sem_pluma,0,0,0,262144,0,0,0,0,0,1
"methane_baseline.xmodel","ang20191016t155337_r10752_c0_w512_h512",sem_pluma,0,0,0,262144,0,0,0,0,0,1
"methane_baseline.xmodel","ang20191016t160914_r256_c0_w512_h512",sem_pluma,0,0,0,262144,0,0,0,0,0,1
"methane_baseline.xmodel","ang20191016t160914_r6912_c0_w512_h512",sem_pluma,0,0,0,262144,0,0,0,0,0,1
"methane_baseline.xmodel","ang20191016t160914_r7424_c256_w512_h512",sem_pluma,0,0,0,262144,0,0,0,0,0,1
"methane_baseline.xmodel","ang20191016t160914_r8192_c256_w512_h512",sem_pluma,0,0,0,262144,0,0,0,0,0,1
"methane_baseline.xmodel","ang20191016t160914_r10240_c0_w512_h512",sem_pluma,0,0,0,262144,0,0,0,0,0,1
"methane_baseline.xmodel","ang20191016t160914_r9472_c0_w512_h512",sem_pluma,0,0,0,262144,0,0,0,0,0,1
"methane_baseline.xmodel","ang20191016t160914_r5120_c0_w512_h512",sem_pluma,0,0,0,262144,0,0,0,0,0,1
"methane_baseline.xmodel","ang20191016t162417_r5632_c0_w512_h512",sem_pluma,0,0,0,262144,0,0,0,0,0,1
"methane_baseline.xmodel","ang20191016t162417_r9728_c256_w512_h512",sem_pluma,0,0,0,262144,0,0,0,0,0,1
"methane_baseline.xmodel","ang20191016t162417_r10240_c256_w512_h512",sem_pluma,0,0,0,262144,0,0,0,0,0,1
"methane_baseline.xmodel","ang20191016t162417_r6400_c0_w512_h512",sem_pluma,0,0,0,262144,0,0,0,0,0,1
"methane_baseline.xmodel","ang20191016t162417_r8704_c0_w512_h512",sem_pluma,0,0,0,262144,0,0,0,0,0,1
"methane_baseline.xmodel","ang20191016t162417_r7680_c0_w512_h512",sem_pluma,0,0,0,262144,0,0,0,0,0,1
"methane_baseline.xmodel","ang20191016t162417_r3840_c0_w512_h512",sem_pluma,0,0,0,262144,0,0,0,0,0,1
"methane_baseline.xmodel","ang20191016t163955_r256_c0_w512_h512",sem_pluma,0,0,0,262144,0,0,0,0,0,1
"methane_baseline.xmodel","ang20191016t163955_r9216_c256_w512_h512",sem_pluma,0,0,0,262144,0,0,0,0,0,1
"methane_baseline.xmodel","ang20191016t163955_r11008_c0_w512_h512",sem_pluma,0,0,0,262144,0,0,0,0,0,1
"methane_baseline.xmodel","ang20191016t163955_r9728_c256_w512_h512",sem_pluma,0,0,0,262144,0,0,0,0,0,1
"methane_baseline.xmodel","ang20191016t163955_r8192_c256_w512_h512",sem_pluma,0,0,0,262144,0,0,0,0,0,1
"methane_baseline.xmodel","ang20191016t163955_r8704_c0_w512_h512",sem_pluma,0,0,0,262144,0,0,0,0,0,1
"methane_baseline.xmodel","ang20191016t163955_r7680_c256_w512_h512",sem_pluma,0,0,0,262144,0,0,0,0,0,1
"methane_baseline.xmodel","ang20191016t165454_r4608_c0_w512_h512",sem_pluma,0,0,0,262144,0,0,0,0,0,1
"methane_baseline.xmodel","ang20191016t165454_r1024_c0_w512_h512",sem_pluma,0,0,0,262144,0,0,0,0,0,1
"methane_baseline.xmodel","ang20191016t165454_r10752_c256_w512_h512",sem_pluma,0,0,0,262144,0,0,0,0,0,1
"methane_baseline.xmodel","ang20191016t165454_r8192_c0_w512_h512",sem_pluma,0,0,0,262144,0,0,0,0,0,1
"methane_baseline.xmodel","ang20191016t165454_r8960_c256_w512_h512",sem_pluma,0,0,0,262144,0,0,0,0,0,1
"methane_baseline.xmodel","ang20191016t165454_r9472_c256_w512_h512",sem_pluma,0,0,0,262144,0,0,0,0,0,1
"methane_baseline.xmodel","ang20191016t165454_r2560_c0_w512_h512",sem_pluma,0,0,0,262144,0,0,0,0,0,1
"methane_baseline.xmodel","ang20191016t171023_r3584_c0_w512_h512",sem_pluma,0,0,0,262144,0,0,0,0,0,1
"methane_baseline.xmodel","ang20191016t171023_r768_c0_w512_h512",sem_pluma,0,0,0,262144,0,0,0,0,0,1
"methane_baseline.xmodel","ang20191016t171023_r9984_c256_w512_h512",sem_pluma,0,0,0,262144,0,0,0,0,0,1
"methane_baseline.xmodel","ang20191016t171023_r9216_c0_w512_h512",sem_pluma,0,0,0,262144,0,0,0,0,0,1
"methane_baseline.xmodel","ang20191016t171023_r0_c0_w512_h512",sem_pluma,0,0,0,262144,0,0,0,0,0,1
"methane_baseline.xmodel","ang20191016t171023_r11264_c0_w512_h512",sem_pluma,0,0,0,262144,0,0,0,0,0,1
"methane_baseline.xmodel","ang20191016t171023_r8704_c256_w512_h512",sem_pluma,0,0,0,262144,0,0,0,0,0,1
"methane_baseline.xmodel","ang20191016t172526_r7936_c0_w512_h512",sem_pluma,0,0,0,262144,0,0,0,0,0,1
"methane_baseline.xmodel","ang20191016t172526_r2560_c0_w512_h512",sem_pluma,0,0,0,262144,0,0,0,0,0,1
"methane_baseline.xmodel","ang20191016t172526_r0_c0_w512_h512",sem_pluma,0,0,0,262144,0,0,0,0,0,1
"methane_baseline.xmodel","ang20191016t172526_r9728_c0_w512_h512",sem_pluma,0,0,0,262144,0,0,0,0,0,1
"methane_baseline.xmodel","ang20191016t172526_r6400_c256_w512_h512",sem_pluma,0,0,0,262144,0,0,0,0,0,1
"methane_baseline.xmodel","ang20191016t172526_r2048_c0_w512_h512",sem_pluma,0,0,0,262144,0,0,0,0,0,1
"methane_baseline.xmodel","ang20191016t172526_r10752_c256_w512_h512",sem_pluma,0,0,0,262144,0,0,0,0,0,1
"methane_baseline.xmodel","ang20191016t174016_r3840_c0_w512_h512",sem_pluma,0,0,0,262144,0,0,0,0,0,1
"methane_baseline.xmodel","ang20191016t174016_r2560_c0_w512_h512",sem_pluma,0,0,0,262144,0,0,0,0,0,1
"methane_baseline.xmodel","ang20191016t174016_r4864_c0_w512_h512",sem_pluma,0,0,0,262144,0,0,0,0,0,1
"methane_baseline.xmodel","ang20191016t174016_r6400_c0_w512_h512",sem_pluma,0,0,0,262144,0,0,0,0,0,1
"methane_baseline.xmodel","ang20191016t174016_r9728_c0_w512_h512",sem_pluma,0,0,0,262144,0,0,0,0,0,1
"methane_baseline.xmodel","ang20191016t174016_r6912_c256_w512_h512",sem_pluma,0,0,0,262144,0,0,0,0,0,1
"methane_baseline.xmodel","ang20191016t174016_r12288_c256_w512_h512",sem_pluma,0,0,0,262144,0,0,0,0,0,1
"methane_baseline.xmodel","ang20191016t175642_r4864_c0_w512_h512",sem_pluma,0,0,0,262144,0,0,0,0,0,1
"methane_baseline.xmodel","ang20191016t175642_r2048_c0_w512_h512",sem_pluma,0,0,0,262144,0,0,0,0,0,1
"methane_baseline.xmodel","ang20191016t175642_r6400_c0_w512_h512",sem_pluma,0,0,0,262144,0,0,0,0,0,1
"methane_baseline.xmodel","ang20191016t175642_r13056_c0_w512_h512",sem_pluma,0,0,0,262144,0,0,0,0,0,1
"methane_baseline.xmodel","ang20191016t175642_r8704_c0_w512_h512",sem_pluma,0,0,0,262144,0,0,0,0,0,1
"methane_baseline.xmodel","ang20191016t175642_r12032_c256_w512_h512",sem_pluma,0,0,0,262144,0,0,0,0,0,1
"methane_baseline.xmodel","ang20191016t175642_r12544_c0_w512_h512",sem_pluma,0,0,0,262144,0,0,0,0,0,1
"methane_baseline.xmodel","ang20191016t181351_r3840_c0_w512_h512",sem_pluma,0,0,0,262144,0,0,0,0,0,1
"methane_baseline.xmodel","ang20191016t181351_r6656_c0_w512_h512",sem_pluma,0,0,0,262144,0,0,0,0,0,1
"methane_baseline.xmodel","ang20191016t181351_r8960_c0_w512_h512",sem_pluma,0,0,0,262144,0,0,0,0,0,1
"methane_baseline.xmodel","ang20191016t181351_r7680_c256_w512_h512",sem_pluma,0,0,0,262144,0,0,0,0,0,1
"methane_baseline.xmodel","ang20191016t181351_r10240_c256_w512_h512",sem_pluma,0,0,0,262144,0,0,0,0,0,1
"methane_baseline.xmodel","ang20191016t181351_r11008_c0_w512_h512",sem_pluma,0,0,0,262144,0,0,0,0,0,1
"methane_baseline.xmodel","ang20191016t181351_r9472_c0_w512_h512",sem_pluma,0,0,0,262144,0,0,0,0,0,1
"methane_baseline.xmodel","ang20191016t183045_r4096_c0_w512_h512",sem_pluma,0,0,0,262144,0,0,0,0,0,1
"methane_baseline.xmodel","ang20191016t183045_r7680_c0_w512_h512",sem_pluma,0,0,0,262144,0,0,0,0,0,1
"methane_baseline.xmodel","ang20191016t183045_r9216_c256_w512_h512",sem_pluma,0,0,0,262144,0,0,0,0,0,1
"methane_baseline.xmodel","ang20191016t183045_r9728_c0_w512_h512",sem_pluma,0,0,0,262144,0,0,0,0,0,1
"methane_baseline.xmodel","ang20191016t183045_r11776_c0_w512_h512",sem_pluma,0,0,0,262144,0,0,0,0,0,1
"methane_baseline.xmodel","ang20191016t183045_r10496_c256_w512_h512",sem_pluma,0,0,0,262144,0,0,0,0,0,1
"methane_baseline.xmodel","ang20191016t183045_r11264_c0_w512_h512",sem_pluma,0,0,0,262144,0,0,0,0,0,1
"methane_baseline.xmodel","ang20191016t184817_r8192_c256_w512_h512",sem_pluma,0,0,0,262144,0,0,0,0,0,1
"methane_baseline.xmodel","ang20191016t184817_r6400_c256_w512_h512",sem_pluma,0,0,0,262144,0,0,0,0,0,1
"methane_baseline.xmodel","ang20191016t184817_r5632_c0_w512_h512",sem_pluma,0,0,0,262144,0,0,0,0,0,1
"methane_baseline.xmodel","ang20191016t184817_r10496_c0_w512_h512",sem_pluma,0,0,0,262144,0,0,0,0,0,1
"methane_baseline.xmodel","ang20191016t184817_r12288_c256_w512_h512",sem_pluma,0,0,0,262144,0,0,0,0,0,1
"methane_baseline.xmodel","ang20191016t184817_r11520_c256_w512_h512",sem_pluma,0,0,0,262144,0,0,0,0,0,1
"methane_baseline.xmodel","ang20191016t184817_r11008_c256_w512_h512",sem_pluma,0,0,0,262144,0,0,0,0,0,1
"methane_baseline.xmodel","ang20191016t190528_r6912_c0_w512_h512",sem_pluma,0,0,0,262144,0,0,0,0,0,1
"methane_baseline.xmodel","ang20191016t190528_r7424_c0_w512_h512",sem_pluma,0,0,0,262144,0,0,0,0,0,1
"methane_baseline.xmodel","ang20191016t190528_r3584_c0_w512_h512",sem_pluma,0,0,0,262144,0,0,0,0,0,1
"methane_baseline.xmodel","ang20191016t190528_r9472_c256_w512_h512",sem_pluma,0,0,0,262144,0,0,0,0,0,1
"methane_baseline.xmodel","ang20191016t190528_r2816_c0_w512_h512",sem_pluma,0,0,0,262144,0,0,0,0,0,1
"methane_baseline.xmodel","ang20191016t190528_r1280_c0_w512_h512",sem_pluma,0,0,0,262144,0,0,0,0,0,1
"methane_baseline.xmodel","ang20191016t190528_r256_c0_w512_h512",sem_pluma,0,0,0,262144,0,0,0,0,0,1
"methane_baseline.xmodel","ang20191016t193637_r512_c0_w512_h512",sem_pluma,0,0,0,262144,0,0,0,0,0,1
"methane_baseline.xmodel","ang20191016t193637_r0_c0_w512_h512",sem_pluma,0,0,0,262144,0,0,0,0,0,1
"methane_baseline.xmodel","ang20191016t193637_r3584_c0_w512_h512",sem_pluma,0,0,0,262144,0,0,0,0,0,1
"methane_baseline.xmodel","ang20191016t193637_r4352_c0_w512_h512",sem_pluma,0,0,0,262144,0,0,0,0,0,1
"methane_baseline.xmodel","ang20191016t193637_r9984_c0_w512_h512",sem_pluma,0,0,0,262144,0,0,0,0,0,1
"methane_baseline.xmodel","ang20191016t193637_r4864_c0_w512_h512",sem_pluma,0,0,0,262144,0,0,0,0,0,1
"methane_baseline.xmodel","ang20191016t193637_r6144_c0_w512_h512",sem_pluma,0,0,0,262144,0,0,0,0,0,1
"methane_baseline.xmodel","ang20191016t195058_r5888_c256_w512_h512",sem_pluma,0,0,0,262144,0,0,0,0,0,1
"methane_baseline.xmodel","ang20191016t195058_r5376_c256_w512_h512",sem_pluma,0,0,0,262144,0,0,0,0,0,1
"methane_baseline.xmodel","ang20191016t195058_r3584_c256_w512_h512",sem_pluma,0,0,0,262144,0,0,0,0,0,1
"methane_baseline.xmodel","ang20191016t195058_r2304_c512_w512_h512",sem_pluma,0,0,0,262144,0,0,0,0,0,1
"methane_baseline.xmodel","ang20191016t195058_r3072_c512_w512_h512",sem_pluma,0,0,0,262144,0,0,0,0,0,1
"methane_baseline.xmodel","ang20191016t195058_r1792_c512_w512_h512",sem_pluma,0,0,0,262144,0,0,0,0,0,1
"methane_baseline.xmodel","ang20191016t195058_r1024_c512_w512_h512",sem_pluma,0,0,0,262144,0,0,0,0,0,1
"methane_baseline.xmodel","ang20191016t200430_r1280_c0_w512_h512",sem_pluma,0,0,0,262144,0,0,0,0,0,1
"methane_baseline.xmodel","ang20191016t200430_r2048_c0_w512_h512",sem_pluma,0,0,0,262144,0,0,0,0,0,1
"methane_baseline.xmodel","ang20191016t200430_r7680_c0_w512_h512",sem_pluma,0,0,0,262144,0,0,0,0,0,1
"methane_baseline.xmodel","ang20191016t200430_r2560_c0_w512_h512",sem_pluma,0,0,0,262144,0,0,0,0,0,1
"methane_baseline.xmodel","ang20191016t200430_r3328_c0_w512_h512",sem_pluma,0,0,0,262144,0,0,0,0,0,1
"methane_baseline.xmodel","ang20191016t200430_r8960_c0_w512_h512",sem_pluma,0,0,0,262144,0,0,0,0,0,1
"methane_baseline.xmodel","ang20191016t200430_r8448_c0_w512_h512",sem_pluma,0,0,0,262144,0,0,0,0,0,1
"methane_baseline.xmodel","ang20191017t143318_r0_c0_w512_h512",sem_pluma,0,0,0,262144,0,0,0,0,0,1
"methane_baseline.xmodel","ang20191017t143318_r3328_c0_w512_h512",sem_pluma,0,0,0,262144,0,0,0,0,0,1
"methane_baseline.xmodel","ang20191017t143318_r7168_c0_w512_h512",sem_pluma,0,0,0,262144,0,0,0,0,0,1
"methane_baseline.xmodel","ang20191017t143318_r11264_c0_w512_h512",sem_pluma,0,0,0,262144,0,0,0,0,0,1
"methane_baseline.xmodel","ang20191017t143318_r10496_c0_w512_h512",sem_pluma,0,0,0,262144,0,0,0,0,0,1
"methane_baseline.xmodel","ang20191017t143318_r11776_c256_w512_h512",sem_pluma,0,0,0,262144,0,0,0,0,0,1
"methane_baseline.xmodel","ang20191017t143318_r7680_c0_w512_h512",sem_pluma,0,0,0,262144,0,0,0,0,0,1
"methane_baseline.xmodel","ang20191017t144928_r512_c0_w512_h512",sem_pluma,0,0,0,262144,0,0,0,0,0,1
"methane_baseline.xmodel","ang20191017t144928_r0_c0_w512_h512",sem_pluma,0,0,0,262144,0,0,0,0,0,1
"methane_baseline.xmodel","ang20191017t144928_r12288_c0_w512_h512",sem_pluma,0,0,0,262144,0,0,0,0,0,1
"methane_baseline.xmodel","ang20191017t144928_r11264_c256_w512_h512",sem_pluma,0,0,0,262144,0,0,0,0,0,1
"methane_baseline.xmodel","ang20191017t144928_r4608_c0_w512_h512",sem_pluma,0,0,0,262144,0,0,0,0,0,1
"methane_baseline.xmodel","ang20191017t144928_r7680_c0_w512_h512",sem_pluma,0,0,0,262144,0,0,0,0,0,1
"methane_baseline.xmodel","ang20191017t144928_r4096_c0_w512_h512",sem_pluma,0,0,0,262144,0,0,0,0,0,1
"methane_baseline.xmodel","ang20191017t150903_r7680_c0_w512_h512",sem_pluma,0,0,0,262144,0,0,0,0,0,1
"methane_baseline.xmodel","ang20191017t150903_r0_c0_w512_h512",sem_pluma,0,0,0,262144,0,0,0,0,0,1
"methane_baseline.xmodel","ang20191017t150903_r4096_c0_w512_h512",sem_pluma,0,0,0,262144,0,0,0,0,0,1
"methane_baseline.xmodel","ang20191017t150903_r9728_c256_w512_h512",sem_pluma,0,0,0,262144,0,0,0,0,0,1
"methane_baseline.xmodel","ang20191017t150903_r11520_c0_w512_h512",sem_pluma,0,0,0,262144,0,0,0,0,0,1
"methane_baseline.xmodel","ang20191017t150903_r1024_c0_w512_h512",sem_pluma,0,0,0,262144,0,0,0,0,0,1
"methane_baseline.xmodel","ang20191017t150903_r10240_c0_w512_h512",sem_pluma,0,0,0,262144,0,0,0,0,0,1
"methane_baseline.xmodel","ang20191017t152518_r512_c0_w512_h512",sem_pluma,0,0,0,262144,0,0,0,0,0,1
"methane_baseline.xmodel","ang20191017t152518_r5376_c0_w512_h512",sem_pluma,0,0,0,262144,0,0,0,0,0,1
"methane_baseline.xmodel","ang20191017t152518_r0_c0_w512_h512",sem_pluma,0,0,0,262144,0,0,0,0,0,1
"methane_baseline.xmodel","ang20191017t152518_r7936_c0_w512_h512",sem_pluma,0,0,0,262144,0,0,0,0,0,1
"methane_baseline.xmodel","ang20191017t152518_r4864_c0_w512_h512",sem_pluma,0,0,0,262144,0,0,0,0,0,1
"methane_baseline.xmodel","ang20191017t152518_r10496_c0_w512_h512",sem_pluma,0,0,0,262144,0,0,0,0,0,1
"methane_baseline.xmodel","ang20191017t152518_r9216_c256_w512_h512",sem_pluma,0,0,0,262144,0,0,0,0,0,1
"methane_baseline.xmodel","ang20191017t154425_r13312_c0_w512_h512",sem_pluma,0,0,0,262144,0,0,0,0,0,1
"methane_baseline.xmodel","ang20191017t154425_r0_c256_w512_h512",sem_pluma,0,0,0,262144,0,0,0,0,0,1
"methane_baseline.xmodel","ang20191017t154425_r9216_c256_w512_h512",sem_pluma,0,0,0,262144,0,0,0,0,0,1
"methane_baseline.xmodel","ang20191017t154425_r2560_c256_w512_h512",sem_pluma,0,0,0,262144,0,0,0,0,0,1
"methane_baseline.xmodel","ang20191017t154425_r1280_c256_w512_h512",sem_pluma,0,0,0,262144,0,0,0,0,0,1
"methane_baseline.xmodel","ang20191017t154425_r11776_c0_w512_h512",sem_pluma,0,0,0,262144,0,0,0,0,0,1
"methane_baseline.xmodel","ang20191017t154425_r9728_c256_w512_h512",sem_pluma,0,0,0,262144,0,0,0,0,0,1
"methane_baseline.xmodel","ang20191017t160033_r512_c0_w512_h512",sem_pluma,0,0,0,262144,0,0,0,0,0,1
"methane_baseline.xmodel","ang20191017t160033_r11776_c0_w512_h512",sem_pluma,0,0,0,262144,0,0,0,0,0,1
"methane_baseline.xmodel","ang20191017t160033_r8448_c256_w512_h512",sem_pluma,0,0,0,262144,0,0,0,0,0,1
"methane_baseline.xmodel","ang20191017t160033_r2304_c0_w512_h512",sem_pluma,0,0,0,262144,0,0,0,0,0,1
"methane_baseline.xmodel","ang20191017t160033_r1792_c0_w512_h512",sem_pluma,0,0,0,262144,0,0,0,0,0,1
"methane_baseline.xmodel","ang20191017t161837_r6656_c256_w512_h512",sem_pluma,0,0,0,262144,0,0,0,0,0,1
"methane_baseline.xmodel","ang20191017t161837_r7424_c0_w512_h512",sem_pluma,0,0,0,262144,0,0,0,0,0,1
"methane_baseline.xmodel","ang20191017t161837_r2560_c256_w512_h512",sem_pluma,0,0,0,262144,0,0,0,0,0,1
"methane_baseline.xmodel","ang20191017t161837_r1792_c256_w512_h512",sem_pluma,0,0,0,262144,0,0,0,0,0,1
"methane_baseline.xmodel","ang20191017t161837_r1024_c256_w512_h512",sem_pluma,0,0,0,262144,0,0,0,0,0,1
"methane_baseline.xmodel","ang20191017t161837_r9216_c0_w512_h512",sem_pluma,0,0,0,262144,0,0,0,0,0,1
"methane_baseline.xmodel","ang20191017t161837_r9728_c0_w512_h512",sem_pluma,0,0,0,262144,0,0,0,0,0,1
"methane_baseline.xmodel","ang20191017t163235_r6912_c0_w512_h512",sem_pluma,0,0,0,262144,0,0,0,0,0,1
"methane_baseline.xmodel","ang20191017t163235_r4096_c0_w512_h512",sem_pluma,0,0,0,262144,0,0,0,0,0,1
"methane_baseline.xmodel","ang20191017t163235_r3584_c0_w512_h512",sem_pluma,0,0,0,262144,0,0,0,0,0,1
"methane_baseline.xmodel","ang20191017t163235_r1024_c0_w512_h512",sem_pluma,0,0,0,262144,0,0,0,0,0,1
"methane_baseline.xmodel","ang20191017t163235_r9472_c256_w512_h512",sem_pluma,0,0,0,262144,0,0,0,0,0,1
"methane_baseline.xmodel","ang20191017t163235_r512_c0_w512_h512",sem_pluma,0,0,0,262144,0,0,0,0,0,1
"methane_baseline.xmodel","ang20191017t163235_r8960_c0_w512_h512",sem_pluma,0,0,0,262144,0,0,0,0,0,1
"methane_baseline.xmodel","ang20191017t164928_r5888_c0_w512_h512",sem_pluma,0,0,0,262144,0,0,0,0,0,1
"methane_baseline.xmodel","ang20191017t164928_r2816_c0_w512_h512",sem_pluma,0,0,0,262144,0,0,0,0,0,1
"methane_baseline.xmodel","ang20191017t164928_r3584_c0_w512_h512",sem_pluma,0,0,0,262144,0,0,0,0,0,1
"methane_baseline.xmodel","ang20191017t164928_r8704_c0_w512_h512",sem_pluma,0,0,0,262144,0,0,0,0,0,1
"methane_baseline.xmodel","ang20191017t164928_r9216_c256_w512_h512",sem_pluma,0,0,0,262144,0,0,0,0,0,1
"methane_baseline.xmodel","ang20191017t164928_r4864_c0_w512_h512",sem_pluma,0,0,0,262144,0,0,0,0,0,1
"methane_baseline.xmodel","ang20191017t164928_r8192_c256_w512_h512",sem_pluma,0,0,0,262144,0,0,0,0,0,1
"methane_baseline.xmodel","ang20191017t170330_r5120_c0_w512_h512",sem_pluma,0,0,0,262144,0,0,0,0,0,1
"methane_baseline.xmodel","ang20191017t170330_r7424_c0_w512_h512",sem_pluma,0,0,0,262144,0,0,0,0,0,1
"methane_baseline.xmodel","ang20191017t170330_r7936_c256_w512_h512",sem_pluma,0,0,0,262144,0,0,0,0,0,1
"methane_baseline.xmodel","ang20191017t170330_r8448_c256_w512_h512",sem_pluma,0,0,0,262144,0,0,0,0,0,1
"methane_baseline.xmodel","ang20191017t171949_r1024_c0_w512_h512",sem_pluma,0,0,0,262144,0,0,0,0,0,1
"methane_baseline.xmodel","ang20191017t171949_r2816_c0_w512_h512",sem_pluma,0,0,0,262144,0,0,0,0,0,1
"methane_baseline.xmodel","ang20191017t171949_r512_c0_w512_h512",sem_pluma,0,0,0,262144,0,0,0,0,0,1
"methane_baseline.xmodel","ang20191017t171949_r7424_c256_w512_h512",sem_pluma,0,0,0,262144,0,0,0,0,0,1
"methane_baseline.xmodel","ang20191017t171949_r3840_c0_w512_h512",sem_pluma,0,0,0,262144,0,0,0,0,0,1
"methane_baseline.xmodel","ang20191017t171949_r7936_c0_w512_h512",sem_pluma,0,0,0,262144,0,0,0,0,0,1
"methane_baseline.xmodel","ang20191017t171949_r8704_c0_w512_h512",sem_pluma,0,0,0,262144,0,0,0,0,0,1
"methane_baseline.xmodel","ang20191017t173348_r1280_c0_w512_h512",sem_pluma,0,0,0,262144,0,0,0,0,0,1
"methane_baseline.xmodel","ang20191017t173348_r0_c0_w512_h512",sem_pluma,0,0,0,262144,0,0,0,0,0,1
"methane_baseline.xmodel","ang20191017t173348_r10496_c256_w512_h512",sem_pluma,0,0,0,262144,0,0,0,0,0,1
"methane_baseline.xmodel","ang20191017t173348_r7936_c0_w512_h512",sem_pluma,0,0,0,262144,0,0,0,0,0,1
"methane_baseline.xmodel","ang20191017t173348_r8960_c256_w512_h512",sem_pluma,0,0,0,262144,0,0,0,0,0,1
"methane_baseline.xmodel","ang20191017t173348_r3584_c0_w512_h512",sem_pluma,0,0,0,262144,0,0,0,0,0,1
"methane_baseline.xmodel","ang20191017t173348_r8448_c0_w512_h512",sem_pluma,0,0,0,262144,0,0,0,0,0,1
"methane_baseline.xmodel","ang20191017t174946_r1024_c0_w512_h512",sem_pluma,0,0,0,262144,0,0,0,0,0,1
"methane_baseline.xmodel","ang20191017t174946_r256_c0_w512_h512",sem_pluma,0,0,0,262144,0,0,0,0,0,1
"methane_baseline.xmodel","ang20191017t174946_r8448_c256_w512_h512",sem_pluma,0,0,0,262144,0,0,0,0,0,1
"methane_baseline.xmodel","ang20191017t174946_r3584_c0_w512_h512",sem_pluma,0,0,0,262144,0,0,0,0,0,1
"methane_baseline.xmodel","ang20191017t174946_r4864_c256_w512_h512",sem_pluma,0,0,0,262144,0,0,0,0,0,1
"methane_baseline.xmodel","ang20191017t174946_r3072_c0_w512_h512",sem_pluma,0,0,0,262144,0,0,0,0,0,1
"methane_baseline.xmodel","ang20191017t174946_r4096_c0_w512_h512",sem_pluma,0,0,0,262144,0,0,0,0,0,1
"methane_baseline.xmodel","ang20191017t180347_r0_c0_w512_h512",sem_pluma,0,0,0,262144,0,0,0,0,0,1
"methane_baseline.xmodel","ang20191017t180347_r512_c0_w512_h512",sem_pluma,0,0,0,262144,0,0,0,0,0,1
"methane_baseline.xmodel","ang20191017t180347_r1024_c0_w512_h512",sem_pluma,0,0,0,262144,0,0,0,0,0,1
"methane_baseline.xmodel","ang20191017t180347_r4096_c0_w512_h512",sem_pluma,0,0,0,262144,0,0,0,0,0,1
"methane_baseline.xmodel","ang20191017t180347_r8704_c256_w512_h512",sem_pluma,0,0,0,262144,0,0,0,0,0,1
"methane_baseline.xmodel","ang20191017t180347_r10752_c0_w512_h512",sem_pluma,0,0,0,262144,0,0,0,0,0,1
"methane_baseline.xmodel","ang20191017t180347_r1536_c0_w512_h512",sem_pluma,0,0,0,262144,0,0,0,0,0,1
"methane_baseline.xmodel","ang20191017t182024_r1024_c0_w512_h512",sem_pluma,0,0,0,262144,0,0,0,0,0,1
"methane_baseline.xmodel","ang20191017t182024_r512_c0_w512_h512",sem_pluma,0,0,0,262144,0,0,0,0,0,1
"methane_baseline.xmodel","ang20191017t182024_r0_c0_w512_h512",sem_pluma,0,0,0,262144,0,0,0,0,0,1
"methane_baseline.xmodel","ang20191017t182024_r9728_c0_w512_h512",sem_pluma,0,0,0,262144,0,0,0,0,0,1
"methane_baseline.xmodel","ang20191017t182024_r8960_c256_w512_h512",sem_pluma,0,0,0,262144,0,0,0,0,0,1
"methane_baseline.xmodel","ang20191017t182024_r7936_c0_w512_h512",sem_pluma,0,0,0,262144,0,0,0,0,0,1
"methane_baseline.xmodel","ang20191017t182024_r10240_c256_w512_h512",sem_pluma,0,0,0,262144,0,0,0,0,0,1
"methane_baseline.xmodel","ang20191017t183448_r1536_c0_w512_h512",sem_pluma,0,0,0,262144,0,0,0,0,0,1
"methane_baseline.xmodel","ang20191017t183448_r11264_c0_w512_h512",sem_pluma,0,0,0,262144,0,0,0,0,0,1
"methane_baseline.xmodel","ang20191017t183448_r10752_c0_w512_h512",sem_pluma,0,0,0,262144,0,0,0,0,0,1
"methane_baseline.xmodel","ang20191017t183448_r4864_c0_w512_h512",sem_pluma,0,0,0,262144,0,0,0,0,0,1
"methane_baseline.xmodel","ang20191017t183448_r6400_c0_w512_h512",sem_pluma,0,0,0,262144,0,0,0,0,0,1
"methane_baseline.xmodel","ang20191017t183448_r10240_c0_w512_h512",sem_pluma,0,0,0,262144,0,0,0,0,0,1
"methane_baseline.xmodel","ang20191017t183448_r3328_c0_w512_h512",sem_pluma,0,0,0,262144,0,0,0,0,0,1
"methane_baseline.xmodel","ang20191017t185057_r0_c0_w512_h512",sem_pluma,0,0,0,262144,0,0,0,0,0,1
"methane_baseline.xmodel","ang20191017t185057_r512_c0_w512_h512",sem_pluma,0,0,0,262144,0,0,0,0,0,1
"methane_baseline.xmodel","ang20191017t185057_r11520_c256_w512_h512",sem_pluma,0,0,0,262144,0,0,0,0,0,1
"methane_baseline.xmodel","ang20191017t185057_r10496_c0_w512_h512",sem_pluma,0,0,0,262144,0,0,0,0,0,1
"methane_baseline.xmodel","ang20191017t185057_r9472_c256_w512_h512",sem_pluma,0,0,0,262144,0,0,0,0,0,1
"methane_baseline.xmodel","ang20191017t185057_r11008_c0_w512_h512",sem_pluma,0,0,0,262144,0,0,0,0,0,1
"methane_baseline.xmodel","ang20191017t185057_r8704_c256_w512_h512",sem_pluma,0,0,0,262144,0,0,0,0,0,1
"methane_baseline.xmodel","ang20191017t191119_r9728_c0_w512_h512",sem_pluma,0,0,0,262144,0,0,0,0,0,1
"methane_baseline.xmodel","ang20191019t145204_r4608_c0_w512_h512",sem_pluma,0,0,0,262144,0,0,0,0,0,1
"methane_baseline.xmodel","ang20191019t145204_r5120_c0_w512_h512",sem_pluma,0,0,0,262144,0,0,0,0,0,1
"methane_baseline.xmodel","ang20191019t145204_r7168_c0_w512_h512",sem_pluma,0,0,0,262144,0,0,0,0,0,1
"methane_baseline.xmodel","ang20191019t145204_r768_c0_w512_h512",sem_pluma,0,0,0,262144,0,0,0,0,0,1
"methane_baseline.xmodel","ang20191019t145204_r1280_c0_w512_h512",sem_pluma,0,0,0,262144,0,0,0,0,0,1
"methane_baseline.xmodel","ang20191019t145204_r2048_c0_w512_h512",sem_pluma,0,0,0,262144,0,0,0,0,0,1
"methane_baseline.xmodel","ang20191019t145204_r6144_c0_w512_h512",sem_pluma,0,0,0,262144,0,0,0,0,0,1
"methane_baseline.xmodel","ang20191019t150925_r4608_c0_w512_h512",sem_pluma,0,0,0,262144,0,0,0,0,0,1
"methane_baseline.xmodel","ang20191019t150925_r5120_c0_w512_h512",sem_pluma,0,0,0,262144,0,0,0,0,0,1
"methane_baseline.xmodel","ang20191019t150925_r7424_c0_w512_h512",sem_pluma,0,0,0,262144,0,0,0,0,0,1
"methane_baseline.xmodel","ang20191019t150925_r1792_c0_w512_h512",sem_pluma,0,0,0,262144,0,0,0,0,0,1
"methane_baseline.xmodel","ang20191019t150925_r5632_c0_w512_h512",sem_pluma,0,0,0,262144,0,0,0,0,0,1
"methane_baseline.xmodel","ang20191019t150925_r1024_c0_w512_h512",sem_pluma,0,0,0,262144,0,0,0,0,0,1
"methane_baseline.xmodel","ang20191019t150925_r6912_c0_w512_h512",sem_pluma,0,0,0,262144,0,0,0,0,0,1
"methane_baseline.xmodel","ang20191019t151749_r4608_c0_w512_h512",sem_pluma,0,0,0,262144,0,0,0,0,0,1
"methane_baseline.xmodel","ang20191019t151749_r5120_c0_w512_h512",sem_pluma,0,0,0,262144,0,0,0,0,0,1
"methane_baseline.xmodel","ang20191019t151749_r7168_c0_w512_h512",sem_pluma,0,0,0,262144,0,0,0,0,0,1
"methane_baseline.xmodel","ang20191019t151749_r5632_c0_w512_h512",sem_pluma,0,0,0,262144,0,0,0,0,0,1
"methane_baseline.xmodel","ang20191019t151749_r6656_c0_w512_h512",sem_pluma,0,0,0,262144,0,0,0,0,0,1
"methane_baseline.xmodel","ang20191019t151749_r2816_c0_w512_h512",sem_pluma,0,0,0,262144,0,0,0,0,0,1
"methane_baseline.xmodel","ang20191019t151749_r1536_c0_w512_h512",sem_pluma,0,0,0,262144,0,0,0,0,0,1
"methane_baseline.xmodel","ang20191019t152610_r4608_c0_w512_h512",sem_pluma,0,0,0,262144,0,0,0,0,0,1
"methane_baseline.xmodel","ang20191019t152610_r5120_c0_w512_h512",sem_pluma,0,0,0,262144,0,0,0,0,0,1
"methane_baseline.xmodel","ang20191019t152610_r7424_c0_w512_h512",sem_pluma,0,0,0,262144,0,0,0,0,0,1
"methane_baseline.xmodel","ang20191019t152610_r2560_c0_w512_h512",sem_pluma,0,0,0,262144,0,0,0,0,0,1
"methane_baseline.xmodel","ang20191019t152610_r3072_c0_w512_h512",sem_pluma,0,0,0,262144,0,0,0,0,0,1
"methane_baseline.xmodel","ang20191019t152610_r1280_c0_w512_h512",sem_pluma,0,0,0,262144,0,0,0,0,0,1
"methane_baseline.xmodel","ang20191019t152610_r0_c0_w512_h512",sem_pluma,0,0,0,262144,0,0,0,0,0,1
"methane_baseline.xmodel","ang20191019t153454_r4608_c0_w512_h512",sem_pluma,0,0,0,262144,0,0,0,0,0,1
"methane_baseline.xmodel","ang20191019t153454_r5120_c0_w512_h512",sem_pluma,0,0,0,262144,0,0,0,0,0,1
"methane_baseline.xmodel","ang20191019t153454_r7168_c0_w512_h512",sem_pluma,0,0,0,262144,0,0,0,0,0,1
"methane_baseline.xmodel","ang20191019t153454_r1024_c0_w512_h512",sem_pluma,0,0,0,262144,0,0,0,0,0,1
"methane_baseline.xmodel","ang20191019t153454_r256_c0_w512_h512",sem_pluma,0,0,0,262144,0,0,0,0,0,1
"methane_baseline.xmodel","ang20191019t153454_r2560_c0_w512_h512",sem_pluma,0,0,0,262144,0,0,0,0,0,1
"methane_baseline.xmodel","ang20191019t153454_r6400_c0_w512_h512",sem_pluma,0,0,0,262144,0,0,0,0,0,1
"methane_baseline.xmodel","ang20191019t155740_r4096_c256_w512_h512",sem_pluma,0,0,0,262144,0,0,0,0,0,1
"methane_baseline.xmodel","ang20191019t155740_r0_c256_w512_h512",sem_pluma,0,0,0,262144,0,0,0,0,0,1
"methane_baseline.xmodel","ang20191019t155740_r3584_c256_w512_h512",sem_pluma,0,0,0,262144,0,0,0,0,0,1
"methane_baseline.xmodel","ang20191019t155740_r5888_c256_w512_h512",sem_pluma,0,0,0,262144,0,0,0,0,0,1
"methane_baseline.xmodel","ang20191019t155740_r1792_c0_w512_h512",sem_pluma,0,0,0,262144,0,0,0,0,0,1
"methane_baseline.xmodel","ang20191019t155740_r512_c0_w512_h512",sem_pluma,0,0,0,262144,0,0,0,0,0,1
"methane_baseline.xmodel","ang20191019t155740_r2816_c256_w512_h512",sem_pluma,0,0,0,262144,0,0,0,0,0,1
"methane_baseline.xmodel","ang20191019t160518_r3328_c0_w512_h512",sem_pluma,0,0,0,262144,0,0,0,0,0,1
"methane_baseline.xmodel","ang20191019t160518_r5888_c0_w512_h512",sem_pluma,0,0,0,262144,0,0,0,0,0,1
"methane_baseline.xmodel","ang20191019t160518_r4864_c0_w512_h512",sem_pluma,0,0,0,262144,0,0,0,0,0,1
"methane_baseline.xmodel","ang20191019t160518_r5376_c0_w512_h512",sem_pluma,0,0,0,262144,0,0,0,0,0,1
"methane_baseline.xmodel","ang20191019t160518_r2304_c0_w512_h512",sem_pluma,0,0,0,262144,0,0,0,0,0,1
"methane_baseline.xmodel","ang20191019t160518_r2816_c0_w512_h512",sem_pluma,0,0,0,262144,0,0,0,0,0,1
"methane_baseline.xmodel","ang20191019t160518_r7168_c0_w512_h512",sem_pluma,0,0,0,262144,0,0,0,0,0,1
"methane_baseline.xmodel","ang20191019t161418_r3328_c0_w512_h512",sem_pluma,0,0,0,262144,0,0,0,0,0,1
"methane_baseline.xmodel","ang20191019t161418_r5120_c0_w512_h512",sem_pluma,0,0,0,262144,0,0,0,0,0,1
"methane_baseline.xmodel","ang20191019t161418_r5632_c0_w512_h512",sem_pluma,0,0,0,262144,0,0,0,0,0,1
"methane_baseline.xmodel","ang20191019t161418_r2560_c0_w512_h512",sem_pluma,0,0,0,262144,0,0,0,0,0,1
"methane_baseline.xmodel","ang20191019t161418_r7424_c0_w512_h512",sem_pluma,0,0,0,262144,0,0,0,0,0,1
"methane_baseline.xmodel","ang20191019t161418_r4608_c0_w512_h512",sem_pluma,0,0,0,262144,0,0,0,0,0,1
"methane_baseline.xmodel","ang20191019t161418_r2048_c0_w512_h512",sem_pluma,0,0,0,262144,0,0,0,0,0,1
"methane_baseline.xmodel","ang20191019t162211_r5120_c0_w512_h512",sem_pluma,0,0,0,262144,0,0,0,0,0,1
"methane_baseline.xmodel","ang20191019t162211_r5888_c0_w512_h512",sem_pluma,0,0,0,262144,0,0,0,0,0,1
"methane_baseline.xmodel","ang20191019t162211_r4608_c0_w512_h512",sem_pluma,0,0,0,262144,0,0,0,0,0,1
"methane_baseline.xmodel","ang20191019t162211_r2048_c0_w512_h512",sem_pluma,0,0,0,262144,0,0,0,0,0,1
"methane_baseline.xmodel","ang20191019t162211_r7168_c0_w512_h512",sem_pluma,0,0,0,262144,0,0,0,0,0,1
"methane_baseline.xmodel","ang20191019t163936_r4864_c0_w512_h512",sem_pluma,0,0,0,262144,0,0,0,0,0,1
"methane_baseline.xmodel","ang20191019t163936_r5888_c0_w512_h512",sem_pluma,0,0,0,262144,0,0,0,0,0,1
"methane_baseline.xmodel","ang20191019t163936_r5376_c0_w512_h512",sem_pluma,0,0,0,262144,0,0,0,0,0,1
"methane_baseline.xmodel","ang20191019t163936_r2560_c0_w512_h512",sem_pluma,0,0,0,262144,0,0,0,0,0,1
"methane_baseline.xmodel","ang20191019t163936_r1792_c0_w512_h512",sem_pluma,0,0,0,262144,0,0,0,0,0,1
"methane_baseline.xmodel","ang20191019t163936_r3328_c0_w512_h512",sem_pluma,0,0,0,262144,0,0,0,0,0,1
"methane_baseline.xmodel","ang20191019t163936_r7168_c0_w512_h512",sem_pluma,0,0,0,262144,0,0,0,0,0,1
"methane_baseline.xmodel","ang20191019t164827_r3584_c0_w512_h512",sem_pluma,0,0,0,262144,0,0,0,0,0,1
"methane_baseline.xmodel","ang20191019t164827_r5120_c0_w512_h512",sem_pluma,0,0,0,262144,0,0,0,0,0,1
"methane_baseline.xmodel","ang20191019t164827_r6144_c0_w512_h512",sem_pluma,0,0,0,262144,0,0,0,0,0,1
"methane_baseline.xmodel","ang20191019t164827_r1792_c0_w512_h512",sem_pluma,0,0,0,262144,0,0,0,0,0,1
"methane_baseline.xmodel","ang20191019t164827_r7424_c0_w512_h512",sem_pluma,0,0,0,262144,0,0,0,0,0,1
"methane_baseline.xmodel","ang20191019t164827_r5632_c0_w512_h512",sem_pluma,0,0,0,262144,0,0,0,0,0,1
"methane_baseline.xmodel","ang20191019t164827_r2560_c0_w512_h512",sem_pluma,0,0,0,262144,0,0,0,0,0,1
"methane_baseline.xmodel","ang20191019t170014_r4608_c256_w512_h512",sem_pluma,0,0,0,262144,0,0,0,0,0,1
"methane_baseline.xmodel","ang20191019t170014_r1280_c0_w512_h512",sem_pluma,0,0,0,262144,0,0,0,0,0,1
"methane_baseline.xmodel","ang20191019t170014_r4096_c256_w512_h512",sem_pluma,0,0,0,262144,0,0,0,0,0,1
"methane_baseline.xmodel","ang20191019t170014_r512_c0_w512_h512",sem_pluma,0,0,0,262144,0,0,0,0,0,1
"methane_baseline.xmodel","ang20191019t170014_r0_c0_w512_h512",sem_pluma,0,0,0,262144,0,0,0,0,0,1
"methane_baseline.xmodel","ang20191019t170014_r3584_c256_w512_h512",sem_pluma,0,0,0,262144,0,0,0,0,0,1
"methane_baseline.xmodel","ang20191019t170014_r8192_c256_w512_h512",sem_pluma,0,0,0,262144,0,0,0,0,0,1
"methane_baseline.xmodel","ang20191019t171416_r4864_c256_w512_h512",sem_pluma,0,0,0,262144,0,0,0,0,0,1
"methane_baseline.xmodel","ang20191019t171416_r2816_c0_w512_h512",sem_pluma,0,0,0,262144,0,0,0,0,0,1
"methane_baseline.xmodel","ang20191019t171416_r4352_c0_w512_h512",sem_pluma,0,0,0,262144,0,0,0,0,0,1
"methane_baseline.xmodel","ang20191019t171416_r9728_c0_w512_h512",sem_pluma,0,0,0,262144,0,0,0,0,0,1
"methane_baseline.xmodel","ang20191019t171416_r3328_c0_w512_h512",sem_pluma,0,0,0,262144,0,0,0,0,0,1
"methane_baseline.xmodel","ang20191019t171416_r8192_c256_w512_h512",sem_pluma,0,0,0,262144,0,0,0,0,0,1
"methane_baseline.xmodel","ang20191019t171416_r8704_c0_w512_h512",sem_pluma,0,0,0,262144,0,0,0,0,0,1
"methane_baseline.xmodel","ang20191019t172500_r4352_c256_w512_h512",sem_pluma,0,0,0,262144,0,0,0,0,0,1
"methane_baseline.xmodel","ang20191019t172500_r5888_c256_w512_h512",sem_pluma,0,0,0,262144,0,0,0,0,0,1
"methane_baseline.xmodel","ang20191019t172500_r3840_c256_w512_h512",sem_pluma,0,0,0,262144,0,0,0,0,0,1
"methane_baseline.xmodel","ang20191019t172500_r9216_c256_w512_h512",sem_pluma,0,0,0,262144,0,0,0,0,0,1
"methane_baseline.xmodel","ang20191019t172500_r9728_c0_w512_h512",sem_pluma,0,0,0,262144,0,0,0,0,0,1
"methane_baseline.xmodel","ang20191019t172500_r12032_c256_w512_h512",sem_pluma,0,0,0,262144,0,0,0,0,0,1
"methane_baseline.xmodel","ang20191019t172500_r3328_c256_w512_h512",sem_pluma,0,0,0,262144,0,0,0,0,0,1
"methane_baseline.xmodel","ang20191019t173905_r5632_c256_w512_h512",sem_pluma,0,0,0,262144,0,0,0,0,0,1
"methane_baseline.xmodel","ang20191019t173905_r4864_c256_w512_h512",sem_pluma,0,0,0,262144,0,0,0,0,0,1
"methane_baseline.xmodel","ang20191019t173905_r6144_c0_w512_h512",sem_pluma,0,0,0,262144,0,0,0,0,0,1
"methane_baseline.xmodel","ang20191019t173905_r12800_c256_w512_h512",sem_pluma,0,0,0,262144,0,0,0,0,0,1
"methane_baseline.xmodel","ang20191019t173905_r8960_c256_w512_h512",sem_pluma,0,0,0,262144,0,0,0,0,0,1
"methane_baseline.xmodel","ang20191019t173905_r4352_c256_w512_h512",sem_pluma,0,0,0,262144,0,0,0,0,0,1
"methane_baseline.xmodel","ang20191019t173905_r8192_c0_w512_h512",sem_pluma,0,0,0,262144,0,0,0,0,0,1
"methane_baseline.xmodel","ang20191019t175004_r5888_c256_w512_h512",sem_pluma,0,0,0,262144,0,0,0,0,0,1
"methane_baseline.xmodel","ang20191019t175004_r4608_c256_w512_h512",sem_pluma,0,0,0,262144,0,0,0,0,0,1
"methane_baseline.xmodel","ang20191019t175004_r8192_c256_w512_h512",sem_pluma,0,0,0,262144,0,0,0,0,0,1
"methane_baseline.xmodel","ang20191019t175004_r10240_c0_w512_h512",sem_pluma,0,0,0,262144,0,0,0,0,0,1
"methane_baseline.xmodel","ang20191019t175004_r11776_c256_w512_h512",sem_pluma,0,0,0,262144,0,0,0,0,0,1
"methane_baseline.xmodel","ang20191019t175004_r7680_c256_w512_h512",sem_pluma,0,0,0,262144,0,0,0,0,0,1
"methane_baseline.xmodel","ang20191019t175004_r512_c0_w512_h512",sem_pluma,0,0,0,262144,0,0,0,0,0,1
"methane_baseline.xmodel","ang20191019t181857_r0_c0_w512_h512",sem_pluma,0,0,0,262144,0,0,0,0,0,1
"methane_baseline.xmodel","ang20191019t181857_r3840_c0_w512_h512",sem_pluma,0,0,0,262144,0,0,0,0,0,1
"methane_baseline.xmodel","ang20191019t181857_r4608_c0_w512_h512",sem_pluma,0,0,0,262144,0,0,0,0,0,1
"methane_baseline.xmodel","ang20191019t181857_r8192_c0_w512_h512",sem_pluma,0,0,0,262144,0,0,0,0,0,1
"methane_baseline.xmodel","ang20191019t181857_r8704_c0_w512_h512",sem_pluma,0,0,0,262144,0,0,0,0,0,1
"methane_baseline.xmodel","ang20191019t181857_r768_c0_w512_h512",sem_pluma,0,0,0,262144,0,0,0,0,0,1
"methane_baseline.xmodel","ang20191019t181857_r1536_c0_w512_h512",sem_pluma,0,0,0,262144,0,0,0,0,0,1
"methane_baseline.xmodel","ang20191019t182848_r0_c0_w512_h512",sem_pluma,0,0,0,262144,0,0,0,0,0,1
"methane_baseline.xmodel","ang20191019t182848_r3840_c256_w512_h512",sem_pluma,0,0,0,262144,0,0,0,0,0,1
"methane_baseline.xmodel","ang20191019t182848_r4352_c0_w512_h512",sem_pluma,0,0,0,262144,0,0,0,0,0,1
"methane_baseline.xmodel","ang20191019t182848_r1024_c256_w512_h512",sem_pluma,0,0,0,262144,0,0,0,0,0,1
"methane_baseline.xmodel","ang20191019t182848_r1536_c256_w512_h512",sem_pluma,0,0,0,262144,0,0,0,0,0,1
"methane_baseline.xmodel","ang20191019t182848_r5120_c0_w512_h512",sem_pluma,0,0,0,262144,0,0,0,0,0,1
"methane_baseline.xmodel","ang20191019t182848_r512_c256_w512_h512",sem_pluma,0,0,0,262144,0,0,0,0,0,1
"methane_baseline.xmodel","ang20191019t183727_r0_c0_w512_h512",sem_pluma,0,0,0,262144,0,0,0,0,0,1
"methane_baseline.xmodel","ang20191019t183727_r4096_c0_w512_h512",sem_pluma,0,0,0,262144,0,0,0,0,0,1
"methane_baseline.xmodel","ang20191019t183727_r2560_c0_w512_h512",sem_pluma,0,0,0,262144,0,0,0,0,0,1
"methane_baseline.xmodel","ang20191019t183727_r8704_c0_w512_h512",sem_pluma,0,0,0,262144,0,0,0,0,0,1
"methane_baseline.xmodel","ang20191019t183727_r5120_c0_w512_h512",sem_pluma,0,0,0,262144,0,0,0,0,0,1
"methane_baseline.xmodel","ang20191019t183727_r2048_c256_w512_h512",sem_pluma,0,0,0,262144,0,0,0,0,0,1
"methane_baseline.xmodel","ang20191019t183727_r512_c0_w512_h512",sem_pluma,0,0,0,262144,0,0,0,0,0,1
"methane_baseline.xmodel","ang20191019t184718_r2048_c256_w512_h512",sem_pluma,0,0,0,262144,0,0,0,0,0,1
"methane_baseline.xmodel","ang20191019t184718_r0_c0_w512_h512",sem_pluma,0,0,0,262144,0,0,0,0,0,1
"methane_baseline.xmodel","ang20191019t184718_r2560_c0_w512_h512",sem_pluma,0,0,0,262144,0,0,0,0,0,1
"methane_baseline.xmodel","ang20191019t184718_r7680_c0_w512_h512",sem_pluma,0,0,0,262144,0,0,0,0,0,1
"methane_baseline.xmodel","ang20191019t184718_r4608_c0_w512_h512",sem_pluma,0,0,0,262144,0,0,0,0,0,1
"methane_baseline.xmodel","ang20191019t184718_r3840_c0_w512_h512",sem_pluma,0,0,0,262144,0,0,0,0,0,1
"methane_baseline.xmodel","ang20191019t184718_r5120_c0_w512_h512",sem_pluma,0,0,0,262144,0,0,0,0,0,1
"methane_baseline.xmodel","ang20191019t185452_r17152_c0_w512_h512",sem_pluma,0,0,0,262144,0,0,0,0,0,1
"methane_baseline.xmodel","ang20191019t185452_r18176_c0_w512_h512",sem_pluma,0,0,0,262144,0,0,0,0,0,1
"methane_baseline.xmodel","ang20191019t185452_r26368_c0_w512_h512",sem_pluma,0,0,0,262144,0,0,0,0,0,1
"methane_baseline.xmodel","ang20191019t185452_r24832_c0_w512_h512",sem_pluma,0,0,0,262144,0,0,0,0,0,1
"methane_baseline.xmodel","ang20191019t185452_r10496_c0_w512_h512",sem_pluma,0,0,0,262144,0,0,0,0,0,1
"methane_baseline.xmodel","ang20191019t185452_r21760_c0_w512_h512",sem_pluma,0,0,0,262144,0,0,0,0,0,1
"methane_baseline.xmodel","ang20191019t185452_r22272_c0_w512_h512",sem_pluma,0,0,0,262144,0,0,0,0,0,1
"methane_baseline.xmodel","ang20191022t143154_r12800_c512_w512_h512",sem_pluma,0,0,0,262144,0,0,0,0,0,1
"methane_baseline.xmodel","ang20191022t143154_r24064_c768_w512_h512",sem_pluma,0,0,0,262144,0,0,0,0,0,1
"methane_baseline.xmodel","ang20191022t143154_r23552_c768_w512_h512",sem_pluma,0,0,0,262144,0,0,0,0,0,1
"methane_baseline.xmodel","ang20191022t143154_r14592_c512_w512_h512",sem_pluma,0,0,0,262144,0,0,0,0,0,1
"methane_baseline.xmodel","ang20191022t143154_r11008_c256_w512_h512",sem_pluma,0,0,0,262144,0,0,0,0,0,1
"methane_baseline.xmodel","ang20191022t143154_r21248_c768_w512_h512",sem_pluma,0,0,0,262144,0,0,0,0,0,1
"methane_baseline.xmodel","ang20191022t143154_r9472_c512_w512_h512",sem_pluma,0,0,0,262144,0,0,0,0,0,1
"methane_baseline.xmodel","ang20191022t150110_r5888_c0_w512_h512",sem_pluma,0,0,0,262144,0,0,0,0,0,1
"methane_baseline.xmodel","ang20191022t150110_r768_c0_w512_h512",sem_pluma,0,0,0,262144,0,0,0,0,0,1
"methane_baseline.xmodel","ang20191022t150110_r5376_c0_w512_h512",sem_pluma,0,0,0,262144,0,0,0,0,0,1
"methane_baseline.xmodel","ang20191022t150110_r2560_c0_w512_h512",sem_pluma,0,0,0,262144,0,0,0,0,0,1
"methane_baseline.xmodel","ang20191022t150110_r3328_c0_w512_h512",sem_pluma,0,0,0,262144,0,0,0,0,0,1
"methane_baseline.xmodel","ang20191022t150110_r4608_c0_w512_h512",sem_pluma,0,0,0,262144,0,0,0,0,0,1
"methane_baseline.xmodel","ang20191022t150110_r2048_c0_w512_h512",sem_pluma,0,20,0,262124,0,0,0,0,7.62939453125e-05,0.999923706055
"methane_baseline.xmodel","ang20191022t151202_r0_c0_w512_h512",sem_pluma,0,0,0,262144,0,0,0,0,0,1
"methane_baseline.xmodel","ang20191022t151202_r1024_c0_w512_h512",sem_pluma,0,0,0,262144,0,0,0,0,0,1
"methane_baseline.xmodel","ang20191022t151202_r512_c0_w512_h512",sem_pluma,0,0,0,262144,0,0,0,0,0,1
"methane_baseline.xmodel","ang20191022t151202_r5888_c256_w512_h512",sem_pluma,0,0,0,262144,0,0,0,0,0,1
"methane_baseline.xmodel","ang20191022t151202_r8960_c0_w512_h512",sem_pluma,0,0,0,262144,0,0,0,0,0,1
"methane_baseline.xmodel","ang20191022t151202_r11008_c0_w512_h512",sem_pluma,0,0,0,262144,0,0,0,0,0,1
"methane_baseline.xmodel","ang20191022t151202_r8448_c256_w512_h512",sem_pluma,0,0,0,262144,0,0,0,0,0,1
"methane_baseline.xmodel","ang20191022t152357_r3840_c0_w512_h512",sem_pluma,0,10990,0,251154,0,0,0,0,0.0419235229492,0.958076477051
"methane_baseline.xmodel","ang20191022t152357_r6400_c0_w512_h512",sem_pluma,0,0,0,262144,0,0,0,0,0,1
"methane_baseline.xmodel","ang20191022t152357_r2304_c256_w512_h512",sem_pluma,0,0,0,262144,0,0,0,0,0,1
"methane_baseline.xmodel","ang20191022t152357_r8192_c256_w512_h512",sem_pluma,0,0,0,262144,0,0,0,0,0,1
"methane_baseline.xmodel","ang20191022t152357_r9728_c0_w512_h512",sem_pluma,0,0,0,262144,0,0,0,0,0,1
"methane_baseline.xmodel","ang20191022t152357_r11520_c0_w512_h512",sem_pluma,0,0,0,262144,0,0,0,0,0,1
"methane_baseline.xmodel","ang20191022t152357_r10752_c256_w512_h512",sem_pluma,0,0,0,262144,0,0,0,0,0,1
"methane_baseline.xmodel","ang20191022t153425_r3328_c0_w512_h512",sem_pluma,0,0,0,262144,0,0,0,0,0,1
"methane_baseline.xmodel","ang20191022t153425_r2816_c0_w512_h512",sem_pluma,0,0,0,262144,0,0,0,0,0,1
"methane_baseline.xmodel","ang20191022t153425_r5632_c0_w512_h512",sem_pluma,0,0,0,262144,0,0,0,0,0,1
"methane_baseline.xmodel","ang20191022t153425_r4608_c0_w512_h512",sem_pluma,0,0,0,262144,0,0,0,0,0,1
"methane_baseline.xmodel","ang20191022t153425_r3840_c0_w512_h512",sem_pluma,0,0,0,262144,0,0,0,0,0,1
"methane_baseline.xmodel","ang20191022t153425_r2048_c0_w512_h512",sem_pluma,0,0,0,262144,0,0,0,0,0,1
"methane_baseline.xmodel","ang20191022t153425_r5120_c0_w512_h512",sem_pluma,0,0,0,262144,0,0,0,0,0,1
"methane_baseline.xmodel","ang20191022t154405_r1280_c0_w512_h512",sem_pluma,0,0,0,262144,0,0,0,0,0,1
"methane_baseline.xmodel","ang20191022t154405_r0_c0_w512_h512",sem_pluma,0,0,0,262144,0,0,0,0,0,1
"methane_baseline.xmodel","ang20191022t154405_r1792_c0_w512_h512",sem_pluma,0,0,0,262144,0,0,0,0,0,1
"methane_baseline.xmodel","ang20191022t154405_r4352_c0_w512_h512",sem_pluma,0,0,0,262144,0,0,0,0,0,1
"methane_baseline.xmodel","ang20191022t154405_r9984_c256_w512_h512",sem_pluma,0,0,0,262144,0,0,0,0,0,1
"methane_baseline.xmodel","ang20191022t154405_r11776_c256_w512_h512",sem_pluma,0,0,0,262144,0,0,0,0,0,1
"methane_baseline.xmodel","ang20191022t154405_r8960_c0_w512_h512",sem_pluma,0,0,0,262144,0,0,0,0,0,1
"methane_baseline.xmodel","ang20191022t162321_r2560_c0_w512_h512",sem_pluma,0,0,0,262144,0,0,0,0,0,1
"methane_baseline.xmodel","ang20191022t162321_r8192_c0_w512_h512",sem_pluma,0,0,0,262144,0,0,0,0,0,1
"methane_baseline.xmodel","ang20191022t162321_r5632_c0_w512_h512",sem_pluma,0,0,0,262144,0,0,0,0,0,1
"methane_baseline.xmodel","ang20191022t162321_r2048_c0_w512_h512",sem_pluma,0,0,0,262144,0,0,0,0,0,1
"methane_baseline.xmodel","ang20191022t162321_r256_c0_w512_h512",sem_pluma,0,0,0,262144,0,0,0,0,0,1
"methane_baseline.xmodel","ang20191022t162321_r7424_c256_w512_h512",sem_pluma,0,0,0,262144,0,0,0,0,0,1
"methane_baseline.xmodel","ang20191022t162321_r3840_c0_w512_h512",sem_pluma,0,0,0,262144,0,0,0,0,0,1
"methane_baseline.xmodel","ang20191022t163722_r3328_c0_w512_h512",sem_pluma,0,0,0,262144,0,0,0,0,0,1
"methane_baseline.xmodel","ang20191022t163722_r1024_c0_w512_h512",sem_pluma,0,0,0,262144,0,0,0,0,0,1
"methane_baseline.xmodel","ang20191022t163722_r1536_c0_w512_h512",sem_pluma,0,0,0,262144,0,0,0,0,0,1
"methane_baseline.xmodel","ang20191022t163722_r4096_c0_w512_h512",sem_pluma,0,0,0,262144,0,0,0,0,0,1
"methane_baseline.xmodel","ang20191022t163722_r4608_c0_w512_h512",sem_pluma,0,0,0,262144,0,0,0,0,0,1
"methane_baseline.xmodel","ang20191022t163722_r6656_c0_w512_h512",sem_pluma,0,0,0,262144,0,0,0,0,0,1
"methane_baseline.xmodel","ang20191022t163722_r2048_c0_w512_h512",sem_pluma,0,0,0,262144,0,0,0,0,0,1
"methane_baseline.xmodel","ang20191022t164918_r2560_c0_w512_h512",sem_pluma,0,0,0,262144,0,0,0,0,0,1
"methane_baseline.xmodel","ang20191022t164918_r768_c0_w512_h512",sem_pluma,0,0,0,262144,0,0,0,0,0,1
"methane_baseline.xmodel","ang20191022t164918_r2048_c0_w512_h512",sem_pluma,0,0,0,262144,0,0,0,0,0,1
"methane_baseline.xmodel","ang20191022t164918_r4608_c0_w512_h512",sem_pluma,0,0,0,262144,0,0,0,0,0,1
"methane_baseline.xmodel","ang20191022t164918_r5120_c0_w512_h512",sem_pluma,0,0,0,262144,0,0,0,0,0,1
"methane_baseline.xmodel","ang20191022t165908_r2048_c0_w512_h512",sem_pluma,0,0,0,262144,0,0,0,0,0,1
"methane_baseline.xmodel","ang20191022t165908_r3072_c0_w512_h512",sem_pluma,0,0,0,262144,0,0,0,0,0,1
"methane_baseline.xmodel","ang20191022t165908_r2560_c0_w512_h512",sem_pluma,0,0,0,262144,0,0,0,0,0,1
"methane_baseline.xmodel","ang20191022t171226_r3328_c0_w512_h512",sem_pluma,0,0,0,262144,0,0,0,0,0,1
"methane_baseline.xmodel","ang20191022t171226_r3840_c0_w512_h512",sem_pluma,0,0,0,262144,0,0,0,0,0,1
"methane_baseline.xmodel","ang20191022t171226_r1280_c0_w512_h512",sem_pluma,0,0,0,262144,0,0,0,0,0,1
"methane_baseline.xmodel","ang20191022t171226_r2048_c0_w512_h512",sem_pluma,0,0,0,262144,0,0,0,0,0,1
"methane_baseline.xmodel","ang20191022t171226_r2560_c0_w512_h512",sem_pluma,0,0,0,262144,0,0,0,0,0,1
"methane_baseline.xmodel","ang20191022t171226_r0_c0_w512_h512",sem_pluma,0,0,0,262144,0,0,0,0,0,1
"methane_baseline.xmodel","ang20191022t172245_r3584_c0_w512_h512",sem_pluma,0,0,0,262144,0,0,0,0,0,1
"methane_baseline.xmodel","ang20191022t172245_r0_c0_w512_h512",sem_pluma,0,0,0,262144,0,0,0,0,0,1
"methane_baseline.xmodel","ang20191022t173357_r0_c0_w512_h512",sem_pluma,0,0,0,262144,0,0,0,0,0,1
"methane_baseline.xmodel","ang20191022t173357_r6144_c256_w512_h512",sem_pluma,0,10,0,262134,0,0,0,0,3.81469726562e-05,0.999961853027
"methane_baseline.xmodel","ang20191022t173357_r4608_c0_w512_h512",sem_pluma,0,0,0,262144,0,0,0,0,0,1
"methane_baseline.xmodel","ang20191022t173357_r5376_c0_w512_h512",sem_pluma,0,0,0,262144,0,0,0,0,0,1
"methane_baseline.xmodel","ang20191022t173357_r6912_c0_w512_h512",sem_pluma,0,0,0,262144,0,0,0,0,0,1
"methane_baseline.xmodel","ang20191022t175031_r1024_c256_w512_h512",sem_pluma,0,0,0,262144,0,0,0,0,0,1
"methane_baseline.xmodel","ang20191022t175031_r3584_c0_w512_h512",sem_pluma,0,0,0,262144,0,0,0,0,0,1
"methane_baseline.xmodel","ang20191022t175031_r2304_c0_w512_h512",sem_pluma,0,0,0,262144,0,0,0,0,0,1
"methane_baseline.xmodel","ang20191022t175031_r1536_c256_w512_h512",sem_pluma,0,0,0,262144,0,0,0,0,0,1
"methane_baseline.xmodel","ang20191022t175031_r4096_c0_w512_h512",sem_pluma,0,0,0,262144,0,0,0,0,0,1
"methane_baseline.xmodel","ang20191022t180237_r5120_c256_w512_h512",sem_pluma,0,0,0,262144,0,0,0,0,0,1
"methane_baseline.xmodel","ang20191022t180237_r2816_c256_w512_h512",sem_pluma,0,0,0,262144,0,0,0,0,0,1
"methane_baseline.xmodel","ang20191022t180237_r4352_c256_w512_h512",sem_pluma,0,0,0,262144,0,0,0,0,0,1
"methane_baseline.xmodel","ang20191022t180237_r256_c0_w512_h512",sem_pluma,0,0,0,262144,0,0,0,0,0,1
"methane_baseline.xmodel","ang20191022t180237_r768_c0_w512_h512",sem_pluma,0,0,0,262144,0,0,0,0,0,1
"methane_baseline.xmodel","ang20191022t181138_r1792_c0_w512_h512",sem_pluma,0,0,0,262144,0,0,0,0,0,1
"methane_baseline.xmodel","ang20191022t181138_r2304_c0_w512_h512",sem_pluma,0,0,0,262144,0,0,0,0,0,1
"methane_baseline.xmodel","ang20191022t181138_r3072_c0_w512_h512",sem_pluma,0,0,0,262144,0,0,0,0,0,1
"methane_baseline.xmodel","ang20191022t182432_r3840_c0_w512_h512",sem_pluma,0,0,0,262144,0,0,0,0,0,1
"methane_baseline.xmodel","ang20191022t182432_r3072_c0_w512_h512",sem_pluma,0,0,0,262144,0,0,0,0,0,1
"methane_baseline.xmodel","ang20191022t182432_r1536_c0_w512_h512",sem_pluma,0,0,0,262144,0,0,0,0,0,1
"methane_baseline.xmodel","ang20191022t182432_r0_c0_w512_h512",sem_pluma,0,0,0,262144,0,0,0,0,0,1
"methane_baseline.xmodel","ang20191022t182432_r2304_c0_w512_h512",sem_pluma,0,0,0,262144,0,0,0,0,0,1
"methane_baseline.xmodel","ang20191022t183431_r0_c0_w512_h512",sem_pluma,0,0,0,262144,0,0,0,0,0,1
"methane_baseline.xmodel","ang20191022t183431_r512_c0_w512_h512",sem_pluma,0,0,0,262144,0,0,0,0,0,1
"methane_baseline.xmodel","ang20191022t184525_r3072_c256_w512_h512",sem_pluma,0,0,0,262144,0,0,0,0,0,1
"methane_baseline.xmodel","ang20191022t184525_r3584_c0_w512_h512",sem_pluma,0,0,0,262144,0,0,0,0,0,1
"methane_baseline.xmodel","ang20191022t184525_r4096_c0_w512_h512",sem_pluma,0,0,0,262144,0,0,0,0,0,1
"methane_baseline.xmodel","ang20191022t184525_r5632_c0_w512_h512",sem_pluma,0,0,0,262144,0,0,0,0,0,1
"methane_baseline.xmodel","ang20191022t184525_r4608_c0_w512_h512",sem_pluma,0,0,0,262144,0,0,0,0,0,1
"methane_baseline.xmodel","ang20191022t184525_r6912_c0_w512_h512",sem_pluma,0,0,0,262144,0,0,0,0,0,1
"methane_baseline.xmodel","ang20191022t184525_r0_c0_w512_h512",sem_pluma,0,0,0,262144,0,0,0,0,0,1
"methane_baseline.xmodel","ang20191022t190019_r3584_c0_w512_h512",sem_pluma,0,0,0,262144,0,0,0,0,0,1
"methane_baseline.xmodel","ang20191022t190019_r4352_c0_w512_h512",sem_pluma,0,0,0,262144,0,0,0,0,0,1
"methane_baseline.xmodel","ang20191022t190019_r1024_c0_w512_h512",sem_pluma,0,0,0,262144,0,0,0,0,0,1
"methane_baseline.xmodel","ang20191022t190019_r5120_c0_w512_h512",sem_pluma,0,0,0,262144,0,0,0,0,0,1
"methane_baseline.xmodel","ang20191022t190019_r1536_c0_w512_h512",sem_pluma,0,0,0,262144,0,0,0,0,0,1
"methane_baseline.xmodel","ang20191022t190019_r256_c0_w512_h512",sem_pluma,0,0,0,262144,0,0,0,0,0,1
"methane_baseline.xmodel","ang20191022t190019_r2304_c0_w512_h512",sem_pluma,0,0,0,262144,0,0,0,0,0,1
"methane_baseline.xmodel","ang20191022t191141_r1280_c0_w512_h512",sem_pluma,0,0,0,262144,0,0,0,0,0,1
"methane_baseline.xmodel","ang20191022t191141_r4096_c0_w512_h512",sem_pluma,0,0,0,262144,0,0,0,0,0,1
"methane_baseline.xmodel","ang20191022t191141_r2304_c0_w512_h512",sem_pluma,0,0,0,262144,0,0,0,0,0,1
"methane_baseline.xmodel","ang20191022t191141_r4864_c0_w512_h512",sem_pluma,0,0,0,262144,0,0,0,0,0,1
"methane_baseline.xmodel","ang20191022t191141_r1792_c0_w512_h512",sem_pluma,0,0,0,262144,0,0,0,0,0,1
"methane_baseline.xmodel","ang20191022t191141_r768_c256_w512_h512",sem_pluma,0,0,0,262144,0,0,0,0,0,1
"methane_baseline.xmodel","ang20191022t192048_r2304_c0_w512_h512",sem_pluma,0,0,0,262144,0,0,0,0,0,1
"methane_baseline.xmodel","ang20191022t192048_r1792_c0_w512_h512",sem_pluma,0,0,0,262144,0,0,0,0,0,1
"methane_baseline.xmodel","ang20191022t192048_r3072_c0_w512_h512",sem_pluma,0,0,0,262144,0,0,0,0,0,1
"methane_baseline.xmodel","ang20191022t193257_r3584_c0_w512_h512",sem_pluma,0,0,0,262144,0,0,0,0,0,1
"methane_baseline.xmodel","ang20191022t193257_r3072_c0_w512_h512",sem_pluma,0,0,0,262144,0,0,0,0,0,1
"methane_baseline.xmodel","ang20191022t193257_r1792_c0_w512_h512",sem_pluma,0,0,0,262144,0,0,0,0,0,1
"methane_baseline.xmodel","ang20191022t193257_r2560_c0_w512_h512",sem_pluma,0,0,0,262144,0,0,0,0,0,1
"methane_baseline.xmodel","ang20191022t193257_r1280_c0_w512_h512",sem_pluma,0,0,0,262144,0,0,0,0,0,1
"methane_baseline.xmodel","ang20191022t194233_r3840_c0_w512_h512",sem_pluma,0,0,0,262144,0,0,0,0,0,1
"methane_baseline.xmodel","ang20191022t194233_r3328_c0_w512_h512",sem_pluma,0,0,0,262144,0,0,0,0,0,1
"methane_baseline.xmodel","ang20191022t194233_r0_c0_w512_h512",sem_pluma,0,0,0,262144,0,0,0,0,0,1
"methane_baseline.xmodel","ang20191022t194233_r768_c0_w512_h512",sem_pluma,0,0,0,262144,0,0,0,0,0,1
"methane_baseline.xmodel","ang20191022t194943_r18688_c256_w512_h512",sem_pluma,0,0,0,262144,0,0,0,0,0,1
"methane_baseline.xmodel","ang20191022t194943_r18176_c256_w512_h512",sem_pluma,0,0,0,262144,0,0,0,0,0,1
"methane_baseline.xmodel","ang20191022t194943_r15104_c512_w512_h512",sem_pluma,0,0,0,262144,0,0,0,0,0,1
"methane_baseline.xmodel","ang20191022t194943_r11008_c768_w512_h512",sem_pluma,0,0,0,262144,0,0,0,0,0,1
"methane_baseline.xmodel","ang20191022t194943_r16640_c256_w512_h512",sem_pluma,0,0,0,262144,0,0,0,0,0,1
"methane_baseline.xmodel","ang20191022t194943_r12800_c512_w512_h512",sem_pluma,0,0,0,262144,0,0,0,0,0,1
"methane_baseline.xmodel","ang20191022t194943_r10496_c768_w512_h512",sem_pluma,0,0,0,262144,0,0,0,0,0,1
"methane_baseline.xmodel","ang20191023t142135_r8192_c256_w512_h512",sem_pluma,0,0,0,262144,0,0,0,0,0,1
"methane_baseline.xmodel","ang20191023t142135_r10240_c0_w512_h512",sem_pluma,0,0,0,262144,0,0,0,0,0,1
"methane_baseline.xmodel","ang20191023t142135_r9728_c256_w512_h512",sem_pluma,0,0,0,262144,0,0,0,0,0,1
"methane_baseline.xmodel","ang20191023t142135_r12544_c256_w512_h512",sem_pluma,0,0,0,262144,0,0,0,0,0,1
"methane_baseline.xmodel","ang20191023t142135_r13056_c256_w512_h512",sem_pluma,0,0,0,262144,0,0,0,0,0,1
"methane_baseline.xmodel","ang20191023t142135_r19456_c256_w512_h512",sem_pluma,0,0,0,262144,0,0,0,0,0,1
"methane_baseline.xmodel","ang20191023t142135_r11008_c0_w512_h512",sem_pluma,0,0,0,262144,0,0,0,0,0,1
"methane_baseline.xmodel","ang20191023t145837_r10496_c0_w512_h512",sem_pluma,0,0,0,262144,0,0,0,0,0,1
"methane_baseline.xmodel","ang20191023t145837_r9984_c0_w512_h512",sem_pluma,0,0,0,262144,0,0,0,0,0,1
"methane_baseline.xmodel","ang20191023t145837_r1536_c0_w512_h512",sem_pluma,0,0,0,262144,0,0,0,0,0,1
"methane_baseline.xmodel","ang20191023t145837_r4608_c0_w512_h512",sem_pluma,0,0,0,262144,0,0,0,0,0,1
"methane_baseline.xmodel","ang20191023t145837_r7424_c0_w512_h512",sem_pluma,0,0,0,262144,0,0,0,0,0,1
"methane_baseline.xmodel","ang20191023t145837_r4096_c0_w512_h512",sem_pluma,0,0,0,262144,0,0,0,0,0,1
"methane_baseline.xmodel","ang20191023t145837_r256_c0_w512_h512",sem_pluma,0,0,0,262144,0,0,0,0,0,1
"methane_baseline.xmodel","ang20191023t151141_r768_c0_w512_h512",sem_pluma,0,0,0,262144,0,0,0,0,0,1
"methane_baseline.xmodel","ang20191023t151141_r1280_c0_w512_h512",sem_pluma,0,0,0,262144,0,0,0,0,0,1
"methane_baseline.xmodel","ang20191023t151141_r0_c0_w512_h512",sem_pluma,0,0,0,262144,0,0,0,0,0,1
"methane_baseline.xmodel","ang20191023t151141_r4096_c0_w512_h512",sem_pluma,0,0,0,262144,0,0,0,0,0,1
"methane_baseline.xmodel","ang20191023t151141_r3072_c0_w512_h512",sem_pluma,0,0,0,262144,0,0,0,0,0,1
"methane_baseline.xmodel","ang20191023t151141_r1792_c0_w512_h512",sem_pluma,0,3,0,262141,0,0,0,0,1.14440917969e-05,0.999988555908
"methane_baseline.xmodel","ang20191023t151141_r10496_c0_w512_h512",sem_pluma,0,0,0,262144,0,0,0,0,0,1
"methane_baseline.xmodel","ang20191023t152801_r9472_c0_w512_h512",sem_pluma,0,0,0,262144,0,0,0,0,0,1
"methane_baseline.xmodel","ang20191023t152801_r9984_c0_w512_h512",sem_pluma,0,0,0,262144,0,0,0,0,0,1
"methane_baseline.xmodel","ang20191023t152801_r1280_c0_w512_h512",sem_pluma,0,0,0,262144,0,0,0,0,0,1
"methane_baseline.xmodel","ang20191023t152801_r4864_c0_w512_h512",sem_pluma,0,0,0,262144,0,0,0,0,0,1
"methane_baseline.xmodel","ang20191023t152801_r3840_c0_w512_h512",sem_pluma,0,0,0,262144,0,0,0,0,0,1
"methane_baseline.xmodel","ang20191023t152801_r2816_c0_w512_h512",sem_pluma,0,0,0,262144,0,0,0,0,0,1
"methane_baseline.xmodel","ang20191023t152801_r2304_c0_w512_h512",sem_pluma,0,0,0,262144,0,0,0,0,0,1
"methane_baseline.xmodel","ang20191023t154154_r0_c0_w512_h512",sem_pluma,0,0,0,262144,0,0,0,0,0,1
"methane_baseline.xmodel","ang20191023t154154_r512_c0_w512_h512",sem_pluma,0,0,0,262144,0,0,0,0,0,1
"methane_baseline.xmodel","ang20191023t154154_r1280_c0_w512_h512",sem_pluma,0,0,0,262144,0,0,0,0,0,1
"methane_baseline.xmodel","ang20191023t154154_r2560_c0_w512_h512",sem_pluma,0,0,0,262144,0,0,0,0,0,1
"methane_baseline.xmodel","ang20191023t154154_r3840_c0_w512_h512",sem_pluma,0,0,0,262144,0,0,0,0,0,1
"methane_baseline.xmodel","ang20191023t154154_r4608_c0_w512_h512",sem_pluma,0,0,0,262144,0,0,0,0,0,1
"methane_baseline.xmodel","ang20191023t154154_r9472_c0_w512_h512",sem_pluma,0,0,0,262144,0,0,0,0,0,1
"methane_baseline.xmodel","ang20191023t155808_r8192_c0_w512_h512",sem_pluma,0,18,0,262126,0,0,0,0,6.86645507812e-05,0.999931335449
"methane_baseline.xmodel","ang20191023t155808_r8704_c0_w512_h512",sem_pluma,0,0,0,262144,0,0,0,0,0,1
"methane_baseline.xmodel","ang20191023t155808_r5888_c256_w512_h512",sem_pluma,0,0,0,262144,0,0,0,0,0,1
"methane_baseline.xmodel","ang20191023t155808_r7680_c0_w512_h512",sem_pluma,0,0,0,262144,0,0,0,0,0,1
"methane_baseline.xmodel","ang20191023t155808_r2816_c0_w512_h512",sem_pluma,0,0,0,262144,0,0,0,0,0,1
"methane_baseline.xmodel","ang20191023t155808_r4096_c256_w512_h512",sem_pluma,0,0,0,262144,0,0,0,0,0,1
"methane_baseline.xmodel","ang20191023t155808_r3584_c0_w512_h512",sem_pluma,0,0,0,262144,0,0,0,0,0,1
"methane_baseline.xmodel","ang20191023t161300_r0_c0_w512_h512",sem_pluma,0,0,0,262144,0,0,0,0,0,1
"methane_baseline.xmodel","ang20191023t161300_r7680_c0_w512_h512",sem_pluma,0,0,0,262144,0,0,0,0,0,1
"methane_baseline.xmodel","ang20191023t161300_r5888_c0_w512_h512",sem_pluma,0,0,0,262144,0,0,0,0,0,1
"methane_baseline.xmodel","ang20191023t161300_r1024_c0_w512_h512",sem_pluma,0,0,0,262144,0,0,0,0,0,1
"methane_baseline.xmodel","ang20191023t161300_r3328_c0_w512_h512",sem_pluma,0,0,0,262144,0,0,0,0,0,1
"methane_baseline.xmodel","ang20191023t161300_r4608_c0_w512_h512",sem_pluma,0,0,0,262144,0,0,0,0,0,1
"methane_baseline.xmodel","ang20191023t161300_r512_c0_w512_h512",sem_pluma,0,0,0,262144,0,0,0,0,0,1
"methane_baseline.xmodel","ang20191023t162847_r4864_c0_w512_h512",sem_pluma,0,0,0,262144,0,0,0,0,0,1
"methane_baseline.xmodel","ang20191023t162847_r10752_c0_w512_h512",sem_pluma,0,0,0,262144,0,0,0,0,0,1
"methane_baseline.xmodel","ang20191023t162847_r6144_c0_w512_h512",sem_pluma,0,0,0,262144,0,0,0,0,0,1
"methane_baseline.xmodel","ang20191023t162847_r6656_c0_w512_h512",sem_pluma,0,0,0,262144,0,0,0,0,0,1
"methane_baseline.xmodel","ang20191023t162847_r8192_c0_w512_h512",sem_pluma,0,0,0,262144,0,0,0,0,0,1
"methane_baseline.xmodel","ang20191023t162847_r256_c0_w512_h512",sem_pluma,0,0,0,262144,0,0,0,0,0,1
"methane_baseline.xmodel","ang20191023t162847_r1536_c0_w512_h512",sem_pluma,0,0,0,262144,0,0,0,0,0,1
"methane_baseline.xmodel","ang20191023t164221_r6656_c0_w512_h512",sem_pluma,0,0,0,262144,0,0,0,0,0,1
"methane_baseline.xmodel","ang20191023t164221_r0_c0_w512_h512",sem_pluma,0,0,0,262144,0,0,0,0,0,1
"methane_baseline.xmodel","ang20191023t164221_r1280_c0_w512_h512",sem_pluma,0,0,0,262144,0,0,0,0,0,1
"methane_baseline.xmodel","ang20191023t164221_r3840_c0_w512_h512",sem_pluma,0,0,0,262144,0,0,0,0,0,1
"methane_baseline.xmodel","ang20191023t164221_r3328_c0_w512_h512",sem_pluma,0,0,0,262144,0,0,0,0,0,1
"methane_baseline.xmodel","ang20191023t164221_r9216_c0_w512_h512",sem_pluma,0,0,0,262144,0,0,0,0,0,1
"methane_baseline.xmodel","ang20191023t164221_r4864_c0_w512_h512",sem_pluma,0,0,0,262144,0,0,0,0,0,1
"methane_baseline.xmodel","ang20191023t165811_r1280_c0_w512_h512",sem_pluma,0,0,0,262144,0,0,0,0,0,1
"methane_baseline.xmodel","ang20191023t165811_r9728_c0_w512_h512",sem_pluma,0,0,0,262144,0,0,0,0,0,1
"methane_baseline.xmodel","ang20191023t165811_r512_c0_w512_h512",sem_pluma,0,0,0,262144,0,0,0,0,0,1
"methane_baseline.xmodel","ang20191023t165811_r0_c0_w512_h512",sem_pluma,0,0,0,262144,0,0,0,0,0,1
"methane_baseline.xmodel","ang20191023t165811_r3840_c0_w512_h512",sem_pluma,0,0,0,262144,0,0,0,0,0,1
"methane_baseline.xmodel","ang20191023t165811_r3328_c0_w512_h512",sem_pluma,0,0,0,262144,0,0,0,0,0,1
"methane_baseline.xmodel","ang20191023t172753_r10496_c0_w512_h512",sem_pluma,0,0,0,262144,0,0,0,0,0,1
"methane_baseline.xmodel","ang20191023t172753_r7168_c0_w512_h512",sem_pluma,0,0,0,262144,0,0,0,0,0,1
"methane_baseline.xmodel","ang20191023t172753_r8448_c0_w512_h512",sem_pluma,0,0,0,262144,0,0,0,0,0,1
"methane_baseline.xmodel","ang20191023t172753_r1792_c0_w512_h512",sem_pluma,0,0,0,262144,0,0,0,0,0,1
"methane_baseline.xmodel","ang20191023t172753_r3840_c0_w512_h512",sem_pluma,0,0,0,262144,0,0,0,0,0,1
"methane_baseline.xmodel","ang20191023t172753_r3328_c0_w512_h512",sem_pluma,0,0,0,262144,0,0,0,0,0,1
"methane_baseline.xmodel","ang20191023t172753_r512_c0_w512_h512",sem_pluma,0,0,0,262144,0,0,0,0,0,1
"methane_baseline.xmodel","ang20191023t174017_r9216_c0_w512_h512",sem_pluma,0,0,0,262144,0,0,0,0,0,1
"methane_baseline.xmodel","ang20191023t174017_r256_c0_w512_h512",sem_pluma,0,0,0,262144,0,0,0,0,0,1
"methane_baseline.xmodel","ang20191023t174017_r3584_c0_w512_h512",sem_pluma,0,0,0,262144,0,0,0,0,0,1
"methane_baseline.xmodel","ang20191023t174017_r4608_c0_w512_h512",sem_pluma,0,0,0,262144,0,0,0,0,0,1
"methane_baseline.xmodel","ang20191023t174017_r5376_c0_w512_h512",sem_pluma,0,0,0,262144,0,0,0,0,0,1
"methane_baseline.xmodel","ang20191023t174017_r1024_c0_w512_h512",sem_pluma,0,0,0,262144,0,0,0,0,0,1
"methane_baseline.xmodel","ang20191023t174017_r2304_c0_w512_h512",sem_pluma,0,0,0,262144,0,0,0,0,0,1
"methane_baseline.xmodel","ang20191023t175603_r9728_c0_w512_h512",sem_pluma,0,0,0,262144,0,0,0,0,0,1
"methane_baseline.xmodel","ang20191023t175603_r7168_c0_w512_h512",sem_pluma,0,0,0,262144,0,0,0,0,0,1
"methane_baseline.xmodel","ang20191023t175603_r6656_c0_w512_h512",sem_pluma,0,0,0,262144,0,0,0,0,0,1
"methane_baseline.xmodel","ang20191023t175603_r768_c0_w512_h512",sem_pluma,0,0,0,262144,0,0,0,0,0,1
"methane_baseline.xmodel","ang20191023t175603_r3328_c0_w512_h512",sem_pluma,0,0,0,262144,0,0,0,0,0,1
"methane_baseline.xmodel","ang20191023t175603_r3840_c0_w512_h512",sem_pluma,0,0,0,262144,0,0,0,0,0,1
"methane_baseline.xmodel","ang20191023t175603_r2048_c0_w512_h512",sem_pluma,0,0,0,262144,0,0,0,0,0,1
"methane_baseline.xmodel","ang20191023t180821_r10240_c0_w512_h512",sem_pluma,0,0,0,262144,0,0,0,0,0,1
"methane_baseline.xmodel","ang20191023t180821_r1536_c0_w512_h512",sem_pluma,0,0,0,262144,0,0,0,0,0,1
"methane_baseline.xmodel","ang20191023t180821_r2304_c0_w512_h512",sem_pluma,0,0,0,262144,0,0,0,0,0,1
"methane_baseline.xmodel","ang20191023t180821_r0_c0_w512_h512",sem_pluma,0,0,0,262144,0,0,0,0,0,1
"methane_baseline.xmodel","ang20191023t180821_r6400_c0_w512_h512",sem_pluma,0,0,0,262144,0,0,0,0,0,1
"methane_baseline.xmodel","ang20191023t180821_r512_c0_w512_h512",sem_pluma,0,0,0,262144,0,0,0,0,0,1
"methane_baseline.xmodel","ang20191023t180821_r4352_c0_w512_h512",sem_pluma,0,0,0,262144,0,0,0,0,0,1
"methane_baseline.xmodel","ang20191023t182357_r10496_c0_w512_h512",sem_pluma,0,0,0,262144,0,0,0,0,0,1
"methane_baseline.xmodel","ang20191023t182357_r9984_c0_w512_h512",sem_pluma,0,0,0,262144,0,0,0,0,0,1
"methane_baseline.xmodel","ang20191023t182357_r1536_c0_w512_h512",sem_pluma,0,0,0,262144,0,0,0,0,0,1
"methane_baseline.xmodel","ang20191023t182357_r7424_c0_w512_h512",sem_pluma,0,0,0,262144,0,0,0,0,0,1
"methane_baseline.xmodel","ang20191023t182357_r5888_c0_w512_h512",sem_pluma,0,0,0,262144,0,0,0,0,0,1
"methane_baseline.xmodel","ang20191023t182357_r6912_c0_w512_h512",sem_pluma,0,0,0,262144,0,0,0,0,0,1
"methane_baseline.xmodel","ang20191023t182357_r4352_c0_w512_h512",sem_pluma,0,0,0,262144,0,0,0,0,0,1
"methane_baseline.xmodel","ang20191023t183654_r2816_c0_w512_h512",sem_pluma,0,0,0,262144,0,0,0,0,0,1
"methane_baseline.xmodel","ang20191023t183654_r8960_c0_w512_h512",sem_pluma,0,0,0,262144,0,0,0,0,0,1
"methane_baseline.xmodel","ang20191023t183654_r5632_c0_w512_h512",sem_pluma,0,0,0,262144,0,0,0,0,0,1
"methane_baseline.xmodel","ang20191023t183654_r4352_c0_w512_h512",sem_pluma,0,0,0,262144,0,0,0,0,0,1
"methane_baseline.xmodel","ang20191023t183654_r9472_c0_w512_h512",sem_pluma,0,0,0,262144,0,0,0,0,0,1
"methane_baseline.xmodel","ang20191023t183654_r512_c0_w512_h512",sem_pluma,0,0,0,262144,0,0,0,0,0,1
"methane_baseline.xmodel","ang20191023t183654_r0_c0_w512_h512",sem_pluma,0,0,0,262144,0,0,0,0,0,1
"methane_baseline.xmodel","ang20191023t185210_r5632_c0_w512_h512",sem_pluma,0,0,0,262144,0,0,0,0,0,1
"methane_baseline.xmodel","ang20191023t185210_r3840_c0_w512_h512",sem_pluma,0,0,0,262144,0,0,0,0,0,1
"methane_baseline.xmodel","ang20191023t185210_r4352_c0_w512_h512",sem_pluma,0,0,0,262144,0,0,0,0,0,1
"methane_baseline.xmodel","ang20191023t185210_r7168_c0_w512_h512",sem_pluma,0,0,0,262144,0,0,0,0,0,1
"methane_baseline.xmodel","ang20191023t185210_r7936_c0_w512_h512",sem_pluma,0,0,0,262144,0,0,0,0,0,1
"methane_baseline.xmodel","ang20191023t185210_r2048_c0_w512_h512",sem_pluma,0,0,0,262144,0,0,0,0,0,1
"methane_baseline.xmodel","ang20191023t185210_r6144_c0_w512_h512",sem_pluma,0,0,0,262144,0,0,0,0,0,1
"methane_baseline.xmodel","ang20191023t190429_r5376_c0_w512_h512",sem_pluma,0,0,0,262144,0,0,0,0,0,1
"methane_baseline.xmodel","ang20191023t190429_r3840_c0_w512_h512",sem_pluma,0,0,0,262144,0,0,0,0,0,1
"methane_baseline.xmodel","ang20191023t190429_r4864_c0_w512_h512",sem_pluma,0,8,0,262136,0,0,0,0,3.0517578125e-05,0.999969482422
"methane_baseline.xmodel","ang20191023t190429_r4352_c0_w512_h512",sem_pluma,0,0,0,262144,0,0,0,0,0,1
"methane_baseline.xmodel","ang20191023t190429_r512_c0_w512_h512",sem_pluma,0,0,0,262144,0,0,0,0,0,1
"methane_baseline.xmodel","ang20191023t190429_r0_c0_w512_h512",sem_pluma,0,0,0,262144,0,0,0,0,0,1
"methane_baseline.xmodel","ang20191023t190429_r7936_c0_w512_h512",sem_pluma,0,0,0,262144,0,0,0,0,0,1
"methane_baseline.xmodel","ang20191023t191942_r4352_c0_w512_h512",sem_pluma,0,0,0,262144,0,0,0,0,0,1
"methane_baseline.xmodel","ang20191023t191942_r5376_c0_w512_h512",sem_pluma,0,0,0,262144,0,0,0,0,0,1
"methane_baseline.xmodel","ang20191023t191942_r4864_c0_w512_h512",sem_pluma,0,0,0,262144,0,0,0,0,0,1
"methane_baseline.xmodel","ang20191023t191942_r6656_c0_w512_h512",sem_pluma,0,0,0,262144,0,0,0,0,0,1
"methane_baseline.xmodel","ang20191023t191942_r10240_c0_w512_h512",sem_pluma,0,0,0,262144,0,0,0,0,0,1
"methane_baseline.xmodel","ang20191023t191942_r1792_c0_w512_h512",sem_pluma,0,0,0,262144,0,0,0,0,0,1
"methane_baseline.xmodel","ang20191023t191942_r6144_c0_w512_h512",sem_pluma,0,0,0,262144,0,0,0,0,0,1
"methane_baseline.xmodel","ang20191023t193139_r4864_c0_w512_h512",sem_pluma,0,0,0,262144,0,0,0,0,0,1
"methane_baseline.xmodel","ang20191023t193139_r4352_c0_w512_h512",sem_pluma,0,0,0,262144,0,0,0,0,0,1
"methane_baseline.xmodel","ang20191023t193139_r2816_c0_w512_h512",sem_pluma,0,0,0,262144,0,0,0,0,0,1
"methane_baseline.xmodel","ang20191023t193139_r1536_c0_w512_h512",sem_pluma,0,0,0,262144,0,0,0,0,0,1
"methane_baseline.xmodel","ang20191023t193139_r1024_c0_w512_h512",sem_pluma,0,0,0,262144,0,0,0,0,0,1
"methane_baseline.xmodel","ang20191023t193139_r0_c0_w512_h512",sem_pluma,0,0,0,262144,0,0,0,0,0,1
"methane_baseline.xmodel","ang20191023t193139_r512_c0_w512_h512",sem_pluma,0,0,0,262144,0,0,0,0,0,1
"methane_baseline.xmodel","ang20191023t194035_r1792_c512_w512_h512",sem_pluma,0,0,0,262144,0,0,0,0,0,1
"methane_baseline.xmodel","ang20191023t194035_r1024_c512_w512_h512",sem_pluma,0,0,0,262144,0,0,0,0,0,1
"methane_baseline.xmodel","ang20191023t194035_r5376_c256_w512_h512",sem_pluma,0,0,0,262144,0,0,0,0,0,1
"methane_baseline.xmodel","ang20191023t194035_r4608_c256_w512_h512",sem_pluma,0,0,0,262144,0,0,0,0,0,1
"methane_baseline.xmodel","ang20191023t194035_r3328_c512_w512_h512",sem_pluma,0,0,0,262144,0,0,0,0,0,1
"methane_baseline.xmodel","ang20191011t165345_r4367_c196_w151_h151",forte,0,0,975,261169,0,0,0,0,0,0.996280670166
"methane_baseline.xmodel","ang20190924t183641_r14137_c154_w151_h151",forte,66,112,9396,252570,0.370786516854,0.00697526949905,0.0136929460581,0.00689367035722,0.000443244869045,0.963729858398
"methane_baseline.xmodel","ang20191008t151045_r5097_c477_w151_h151",forte,0,0,693,261451,0,0,0,0,0,0.997356414795
"methane_baseline.xmodel","ang20191010t155034_r16931_c325_w151_h151",forte,0,97,163,261884,0,0,0,0,0.000370255858249,0.999008178711
"methane_baseline.xmodel","ang20191005t210402_r9366_c472_w151_h151",forte,0,0,1902,260242,0,0,0,0,0,0.992744445801
"methane_baseline.xmodel","ang20190923t174142_r5826_c168_w151_h151",forte,859,1289,899,259097,0.39990689013,0.488623435722,0.439836149514,0.281916639317,0.00495034295239,0.991653442383
"methane_baseline.xmodel","ang20191011t174241_r4837_c234_w151_h151",forte,1287,1057,1050,258750,0.549061433447,0.550706033376,0.549882503739,0.37919858574,0.00406840462343,0.991962432861
"methane_baseline.xmodel","ang20191005t221554_r5023_c432_w151_h151",forte,0,3511,2322,256311,0,0,0,0,0.0135130974282,0.97774887085
"methane_baseline.xmodel","ang20191011t165345_r5135_c169_w151_h151",forte,0,0,366,261778,0,0,0,0,0,0.998603820801
"methane_baseline.xmodel","ang20190922t203229_r7396_c411_w151_h151",forte,3255,18707,2445,237737,0.148210545488,0.571052631579,0.235340900875,0.133363379358,0.0729477000827,0.919311523438
"methane_baseline.xmodel","ang20191008t151045_r4379_c101_w151_h151",forte,0,16658,1622,243864,0,0,0,0,0.0639408572021,0.930267333984
"methane_baseline.xmodel","ang20191013t145516_r15455_c176_w151_h151",forte,6876,3727,3395,248146,0.648495708762,0.669457696427,0.658810002874,0.491213030433,0.0147971398284,0.972831726074
"methane_baseline.xmodel","ang20191017t152518_r12492_c121_w151_h151",forte,32190,73,16135,213746,0.997737346186,0.666114847387,0.7988782449,0.665110128518,0.000341410258209,0.938171386719
"methane_baseline.xmodel","ang20191022t152357_r4993_c33_w151_h151",forte,544,7334,870,253396,0.0690530591521,0.384724186704,0.117089969867,0.0621856424326,0.0281287155295,0.968704223633
"methane_baseline.xmodel","ang20190926t152524_r7081_c116_w151_h151",forte,0,2,1209,260933,0,0,0,0,7.66474409336e-06,0.995380401611
"methane_baseline.xmodel","ang20190928t185111_r3501_c600_w151_h151",forte,0,0,465,261679,0,0,0,0,0,0.998226165771
"methane_baseline.xmodel","ang20191011t181301_r3081_c240_w151_h151",forte,2277,6,4977,254884,0.997371879106,0.313895781638,0.477508650519,0.313636363636,2.35395660873e-05,0.980991363525
"methane_baseline.xmodel","ang20191017t154425_r4708_c381_w151_h151",forte,0,2670,2686,256788,0,0,0,0,0.0102906828851,0.979568481445
"methane_baseline.xmodel","ang20191016t155337_r8132_c506_w151_h151",forte,3915,2,2868,255359,0.999489405157,0.577178239717,0.731775700935,0.577008106116,7.83204952988e-06,0.989051818848
"methane_baseline.xmodel","ang20191008t172458_r14826_c583_w151_h151",forte,4207,15,1379,256543,0.996447181431,0.75313283208,0.857871125612,0.751115872166,5.84663117112e-05,0.994682312012
"methane_baseline.xmodel","ang20190924t172057_r4159_c297_w151_h151",forte,0,12,884,261248,0,0,0,0,4.59312562199e-05,0.99658203125
"methane_baseline.xmodel","ang20191011t152413_r9254_c440_w151_h151",forte,0,0,465,261679,0,0,0,0,0,0.998226165771
"methane_baseline.xmodel","ang20191011t191345_r10180_c27_w151_h151",forte,0,0,113,262031,0,0,0,0,0,0.999568939209
"methane_baseline.xmodel","ang20190924t165836_r1962_c318_w151_h151",forte,184,52,497,261411,0.779661016949,0.270190895742,0.401308615049,0.25102319236,0.000198880912404,0.997905731201
"methane_baseline.xmodel","ang20190923t172416_r10579_c413_w151_h151",forte,0,0,174,261970,0,0,0,0,0,0.999336242676
"methane_baseline.xmodel","ang20190927t162514_r3685_c352_w151_h151",forte,517,266,777,260584,0.660280970626,0.399536321484,0.497833413577,0.33141025641,0.0010197431474,0.996021270752
"methane_baseline.xmodel","ang20191011t163647_r6575_c122_w151_h151",forte,0,0,282,261862,0,0,0,0,0,0.998924255371
"methane_baseline.xmodel","ang20191016t175642_r7289_c521_w151_h151",forte,173,0,2361,259610,1,0.068271507498,0.127816771334,0.068271507498,0,0.990993499756
"methane_baseline.xmodel","ang20190926t154314_r6804_c307_w151_h151",forte,0,0,2880,259264,0,0,0,0,0,0.989013671875
"methane_baseline.xmodel","ang20191011t152413_r8823_c513_w151_h151",forte,0,0,725,261419,0,0,0,0,0,0.997234344482
"methane_baseline.xmodel","ang20190923t183439_r2497_c25_w151_h151",forte,0,239,681,261224,0,0,0,0,0.000914087270474,0.996490478516
"methane_baseline.xmodel","ang20191010t193818_r7868_c337_w151_h151",forte,29,0,558,261557,1,0.0494037478705,0.0941558441558,0.0494037478705,0,0.997871398926
"methane_baseline.xmodel","ang20191023t145837_r8341_c489_w151_h151",forte,4,0,5131,257009,1,0.000778967867575,0.00155672309788,0.000778967867575,0,0.98042678833
"methane_baseline.xmodel","ang20191022t192048_r1361_c265_w151_h151",forte,0,0,1171,260973,0,0,0,0,0,0.995532989502
"methane_baseline.xmodel","ang20190927t153023_r7067_c8_w151_h151",forte,114,17546,120,244364,0.00645526613817,0.487179487179,0.0127417011289,0.00641169853768,0.0669924783323,0.932609558105
"methane_baseline.xmodel","ang20190924t181121_r3294_c442_w151_h151",forte,479,3620,0,258045,0.116857770188,1,0.209261686326,0.116857770188,0.0138344830222,0.986190795898
"methane_baseline.xmodel","ang20191007t195115_r11116_c285_w151_h151",forte,310,1,445,261388,0.996784565916,0.41059602649,0.581613508443,0.410052910053,3.82571569576e-06,0.99829864502
"methane_baseline.xmodel","ang20190922t192642_r4578_c217_w151_h151",forte,205,3134,79,258726,0.0613956274334,0.721830985915,0.113165884626,0.0599765944997,0.011968227297,0.987743377686
"methane_baseline.xmodel","ang20191006t191332_r8705_c82_w151_h151",forte,0,0,249,261895,0,0,0,0,0,0.999050140381
"methane_baseline.xmodel","ang20191022t163722_r6202_c430_w151_h151",forte,0,82,432,261630,0,0,0,0,0.000313321513725,0.998039245605
"methane_baseline.xmodel","ang20191016t152245_r8626_c460_w151_h151",forte,0,0,562,261582,0,0,0,0,0,0.997856140137
"methane_baseline.xmodel","ang20191022t194943_r17610_c210_w151_h151",forte,0,0,1312,260832,0,0,0,0,0,0.994995117188
"methane_baseline.xmodel","ang20191007t182352_r8520_c196_w151_h151",forte,0,0,149,261995,0,0,0,0,0,0.999431610107
"methane_baseline.xmodel","ang20191016t165454_r5517_c18_w151_h151",forte,0,0,514,261630,0,0,0,0,0,0.998039245605
"methane_baseline.xmodel","ang20190927t151239_r7121_c584_w151_h151",forte,77,115,989,260963,0.401041666667,0.0722326454034,0.122416534181,0.0651989839119,0.000440481388704,0.995788574219
"methane_baseline.xmodel","ang20191005t210402_r1854_c108_w151_h151",forte,312,2189,371,259272,0.12475009996,0.456808199122,0.195979899497,0.108635097493,0.00837218552671,0.990234375
"methane_baseline.xmodel","ang20190927t192237_r6043_c457_w151_h151",forte,0,0,926,261218,0,0,0,0,0,0.996467590332
"methane_baseline.xmodel","ang20191010t155034_r9423_c4_w151_h151",forte,5,0,253,261886,1,0.0193798449612,0.0380228136882,0.0193798449612,0,0.999034881592
"methane_baseline.xmodel","ang20191017t185057_r4474_c267_w151_h151",forte,212,3,334,261595,0.986046511628,0.388278388278,0.557161629435,0.386156648452,1.14679775839e-05,0.998714447021
"methane_baseline.xmodel","ang20191010t193818_r2146_c142_w151_h151",forte,215,4,257,261668,0.981735159817,0.455508474576,0.622286541245,0.451680672269,1.52863126357e-05,0.999004364014
"methane_baseline.xmodel","ang20191016t174016_r5893_c405_w151_h151",forte,18,1,1186,260939,0.947368421053,0.014950166113,0.0294358135732,0.0149377593361,3.83229861271e-06,0.995471954346
"methane_baseline.xmodel","ang20191023t162847_r9887_c159_w151_h151",forte,13524,7,1635,246978,0.999482669426,0.892143281219,0.942767514814,0.891731504682,2.83418021337e-05,0.99373626709
"methane_baseline.xmodel","ang20190923t195907_r1434_c324_w151_h151",forte,0,0,1271,260873,0,0,0,0,0,0.995151519775
"methane_baseline.xmodel","ang20191007t200647_r1009_c453_w151_h151",forte,0,0,8307,253837,0,0,0,0,0,0.968311309814
"methane_baseline.xmodel","ang20191010t155034_r2710_c421_w151_h151",forte,161,168,130,261685,0.489361702128,0.553264604811,0.51935483871,0.350762527233,0.000641581345259,0.998863220215
"methane_baseline.xmodel","ang20191017t150903_r12514_c392_w151_h151",forte,3646,2929,741,254828,0.554524714829,0.83109186232,0.665207079,0.498359759431,0.0113634159305,0.986000061035
"methane_baseline.xmodel","ang20191011t185825_r6531_c549_w151_h151",forte,0,0,557,261587,0,0,0,0,0,0.997875213623
"methane_baseline.xmodel","ang20190926t184029_r1661_c357_w151_h151",forte,0,508,541,261095,0,0,0,0,0.00194187375527,0.995998382568
"methane_baseline.xmodel","ang20191011t185825_r10104_c497_w151_h151",forte,0,0,3211,258933,0,0,0,0,0,0.98775100708
"methane_baseline.xmodel","ang20191016t162417_r4834_c50_w151_h151",forte,0,0,3006,259138,0,0,0,0,0,0.98853302002
"methane_baseline.xmodel","ang20190927t151239_r8689_c582_w151_h151",forte,1424,1012,6,259702,0.584564860427,0.995804195804,0.736678737713,0.583128583129,0.00388164808948,0.996116638184
"methane_baseline.xmodel","ang20191010t155034_r2711_c421_w151_h151",forte,293,1,487,261363,0.996598639456,0.375641025641,0.545623836127,0.375160051216,3.82608163328e-06,0.998138427734
"methane_baseline.xmodel","ang20190926t184029_r12122_c485_w151_h151",forte,122,0,2451,259571,1,0.0474154683249,0.0905380333952,0.0474154683249,0,0.990650177002
"methane_baseline.xmodel","ang20191023t161300_r9825_c527_w151_h151",forte,2412,5,2911,256816,0.997931319818,0.453127935375,0.623255813953,0.452702702703,1.94688129086e-05,0.988876342773
"methane_baseline.xmodel","ang20191016t163955_r5575_c321_w151_h151",forte,0,0,2915,259229,0,0,0,0,0,0.988880157471
"methane_baseline.xmodel","ang20191011t161719_r6484_c552_w151_h151",forte,0,0,914,261230,0,0,0,0,0,0.996513366699
"methane_baseline.xmodel","ang20191008t172458_r9631_c119_w151_h151",forte,0,154,1339,260651,0,0,0,0,0.000590479477004,0.994304656982
"methane_baseline.xmodel","ang20191008t172458_r12658_c123_w151_h151",forte,0,0,3792,258352,0,0,0,0,0,0.985534667969
"methane_baseline.xmodel","ang20191007t200647_r3927_c109_w151_h151",forte,0,0,2116,260028,0,0,0,0,0,0.991928100586
"methane_baseline.xmodel","ang20191016t175642_r3709_c249_w151_h151",forte,0,0,642,261502,0,0,0,0,0,0.997550964355
"methane_baseline.xmodel","ang20191023t152801_r9013_c303_w151_h151",forte,2137,0,9721,250286,1,0.180215888008,0.305394783851,0.180215888008,0,0.962917327881
"methane_baseline.xmodel","ang20191016t163955_r4756_c462_w151_h151",forte,14077,12,12046,236009,0.999148271701,0.538873789381,0.700139261912,0.538626363115,5.08429334678e-05,0.954002380371
"methane_baseline.xmodel","ang20190923t170747_r2291_c472_w151_h151",forte,29,0,3604,258511,1,0.00798238370493,0.0158383397051,0.00798238370493,0,0.986251831055
"methane_baseline.xmodel","ang20191010t155034_r9423_c1_w151_h151",forte,0,0,258,261886,0,0,0,0,0,0.999015808105
"methane_baseline.xmodel","ang20191016t145145_r5805_c177_w151_h151",forte,1466,1,1170,259507,0.999318336742,0.556145675266,0.714599073848,0.555934774365,3.85344575119e-06,0.995532989502
"methane_baseline.xmodel","ang20191010t185941_r6888_c147_w151_h151",forte,0,0,6068,256076,0,0,0,0,0,0.976852416992
"methane_baseline.xmodel","ang20190927t153023_r7101_c126_w151_h151",forte,829,11406,924,248985,0.0677564364528,0.472903593839,0.118530168716,0.0629987081085,0.0438033572589,0.952964782715
"methane_baseline.xmodel","ang20190923t192543_r10448_c55_w151_h151",forte,0,0,2885,259259,0,0,0,0,0,0.988994598389
"methane_baseline.xmodel","ang20190926t180335_r5137_c294_w151_h151",forte,0,0,1609,260535,0,0,0,0,0,0.9938621521
"methane_baseline.xmodel","ang20191017t150903_r6794_c173_w151_h151",forte,11098,171,15366,235509,0.984825627829,0.419362152358,0.588238412,0.416669795382,0.000725560081466,0.940731048584
"methane_baseline.xmodel","ang20191016t145145_r6177_c468_w151_h151",forte,34,0,122,261988,1,0.217948717949,0.357894736842,0.217948717949,0,0.999534606934
"methane_baseline.xmodel","ang20191010t192008_r3365_c296_w151_h151",forte,0,0,19,262125,0,0,0,0,0,0.999927520752
"methane_baseline.xmodel","ang20191007t190840_r8232_c229_w151_h151",forte,0,0,237,261907,0,0,0,0,0,0.999095916748
"methane_baseline.xmodel","ang20191022t194943_r11945_c1020_w151_h151",forte,0,0,726,261418,0,0,0,0,0,0.997230529785
"methane_baseline.xmodel","ang20190926t185727_r2249_c72_w151_h151",forte,1254,7,187,260696,0.994448850119,0.870229007634,0.928201332346,0.866022099448,2.68504773631e-05,0.99925994873
"methane_baseline.xmodel","ang20191016t155337_r3781_c466_w151_h151",forte,32,0,14,262098,1,0.695652173913,0.820512820513,0.695652173913,0,0.999946594238
"methane_baseline.xmodel","ang20190926t160016_r9568_c98_w151_h151",forte,0,0,1663,260481,0,0,0,0,0,0.993656158447
"methane_baseline.xmodel","ang20191011t181301_r11383_c341_w151_h151",forte,19,0,162,261963,1,0.104972375691,0.19,0.104972375691,0,0.999382019043
"methane_baseline.xmodel","ang20190928t192731_r10149_c226_w151_h151",forte,267,34,275,261568,0.887043189369,0.492619926199,0.633451957295,0.463541666667,0.000129968425318,0.998821258545
"methane_baseline.xmodel","ang20191008t165855_r11317_c252_w151_h151",forte,5,0,473,261666,1,0.010460251046,0.0207039337474,0.010460251046,0,0.998195648193
"methane_baseline.xmodel","ang20191023t145837_r9154_c520_w151_h151",forte,0,0,4096,258048,0,0,0,0,0,0.984375
"methane_baseline.xmodel","ang20190926t172904_r6111_c198_w151_h151",forte,521,0,9158,252465,1,0.0538278747805,0.102156862745,0.0538278747805,0,0.965065002441
"methane_baseline.xmodel","ang20191007t175016_r5614_c544_w151_h151",forte,166,2,96,261880,0.988095238095,0.63358778626,0.772093023256,0.628787878788,7.63702736347e-06,0.999626159668
"methane_baseline.xmodel","ang20190927t173620_r11953_c121_w151_h151",forte,0,0,1401,260743,0,0,0,0,0,0.994655609131
"methane_baseline.xmodel","ang20191022t181138_r1385_c251_w151_h151",forte,6339,190,2820,252795,0.970899065707,0.692106125123,0.808133605303,0.678040432132,0.000751032669921,0.98851776123
"methane_baseline.xmodel","ang20191011t154103_r4577_c309_w151_h151",forte,0,0,1438,260706,0,0,0,0,0,0.994514465332
"methane_baseline.xmodel","ang20191016t153826_r4970_c126_w151_h151",forte,0,0,517,261627,0,0,0,0,0,0.998027801514
"methane_baseline.xmodel","ang20191016t181351_r8382_c309_w151_h151",forte,247,0,39,261858,1,0.863636363636,0.926829268293,0.863636363636,0,0.999851226807
"methane_baseline.xmodel","ang20191011t182731_r1569_c198_w151_h151",forte,0,0,248,261896,0,0,0,0,0,0.999053955078
"methane_baseline.xmodel","ang20190926t193117_r8967_c212_w151_h151",forte,0,0,1124,261020,0,0,0,0,0,0.995712280273
"methane_baseline.xmodel","ang20190924t165836_r12262_c48_w151_h151",forte,266,3,6,261869,0.988847583643,0.977941176471,0.983364140481,0.967272727273,1.14559784933e-05,0.999965667725
"methane_baseline.xmodel","ang20190924t174538_r9525_c70_w151_h151",forte,1140,2,258,260744,0.998248686515,0.815450643777,0.897637795276,0.814285714286,7.67029983202e-06,0.999008178711
"methane_baseline.xmodel","ang20191016t145145_r9988_c209_w151_h151",forte,0,0,73,262071,0,0,0,0,0,0.9997215271
"methane_baseline.xmodel","ang20190922t194340_r1953_c438_w151_h151",forte,0,0,2742,259402,0,0,0,0,0,0.989540100098
"methane_baseline.xmodel","ang20191010t155034_r17229_c293_w151_h151",forte,515,4,255,261370,0.992292870906,0.668831168831,0.799069045772,0.665374677003,1.53037409995e-05,0.999011993408
"methane_baseline.xmodel","ang20191011t154103_r8882_c570_w151_h151",forte,0,0,262,261882,0,0,0,0,0,0.999000549316
"methane_baseline.xmodel","ang20190927t160700_r2050_c493_w151_h151",forte,0,0,218,261926,0,0,0,0,0,0.999168395996
"methane_baseline.xmodel","ang20191016t190528_r8841_c607_w151_h151",forte,0,0,785,261359,0,0,0,0,0,0.997005462646
"methane_baseline.xmodel","ang20190927t194104_r2687_c139_w151_h151",forte,7,0,118,262019,1,0.056,0.106060606061,0.056,0,0.999549865723
"methane_baseline.xmodel","ang20191011t172641_r6360_c318_w151_h151",forte,11,0,700,261433,1,0.0154711673699,0.0304709141274,0.0154711673699,0,0.997329711914
"methane_baseline.xmodel","ang20191017t144928_r8472_c569_w151_h151",forte,0,0,11465,250679,0,0,0,0,0,0.95626449585
"methane_baseline.xmodel","ang20191022t154405_r2909_c406_w151_h151",forte,70,0,1673,260401,1,0.0401606425703,0.0772200772201,0.0401606425703,0,0.993618011475
"methane_baseline.xmodel","ang20191008t151045_r912_c452_w151_h151",forte,0,0,1619,260525,0,0,0,0,0,0.993824005127
"methane_baseline.xmodel","ang20190923t190921_r4784_c487_w151_h151",forte,0,0,2270,259874,0,0,0,0,0,0.991340637207
"methane_baseline.xmodel","ang20191016t145145_r9252_c461_w151_h151",forte,89,0,243,261812,1,0.268072289157,0.422802850356,0.268072289157,0,0.999073028564
"methane_baseline.xmodel","ang20191010t152203_r12659_c122_w151_h151",forte,0,0,682,261462,0,0,0,0,0,0.997398376465
"methane_baseline.xmodel","ang20190927t192237_r9728_c425_w151_h151",forte,0,0,947,261197,0,0,0,0,0,0.996387481689
"methane_baseline.xmodel","ang20190927t154855_r6809_c182_w151_h151",forte,1035,1,12854,248254,0.999034749035,0.0745194038448,0.138693467337,0.0745140388769,4.02811625144e-06,0.95096206665
"methane_baseline.xmodel","ang20190926t223557_r4461_c372_w151_h151",forte,502,0,132,261510,1,0.791798107256,0.883802816901,0.791798107256,0,0.999496459961
"methane_baseline.xmodel","ang20191006t153731_r2984_c74_w151_h151",forte,0,0,2056,260088,0,0,0,0,0,0.992156982422
"methane_baseline.xmodel","ang20191011t194308_r4290_c195_w151_h151",forte,0,0,868,261276,0,0,0,0,0,0.996688842773
"methane_baseline.xmodel","ang20190927t160700_r6815_c355_w151_h151",forte,0,0,4095,258049,0,0,0,0,0,0.984378814697
"methane_baseline.xmodel","ang20191010t155034_r17231_c293_w151_h151",forte,547,4,223,261370,0.992740471869,0.71038961039,0.828160484481,0.706718346253,1.53037409995e-05,0.999134063721
"methane_baseline.xmodel","ang20190927t182905_r2258_c142_w151_h151",forte,0,0,1066,261078,0,0,0,0,0,0.995933532715
"methane_baseline.xmodel","ang20190923t170747_r3502_c419_w151_h151",forte,0,0,1958,260186,0,0,0,0,0,0.992530822754
"methane_baseline.xmodel","ang20190928t190948_r3706_c242_w151_h151",forte,0,0,711,261433,0,0,0,0,0,0.997287750244
"methane_baseline.xmodel","ang20191008t172458_r15248_c287_w151_h151",forte,80,0,242,261822,1,0.248447204969,0.398009950249,0.248447204969,0,0.999076843262
"methane_baseline.xmodel","ang20191010t182147_r9145_c341_w151_h151",forte,0,0,229,261915,0,0,0,0,0,0.999126434326
"methane_baseline.xmodel","ang20191022t151202_r2901_c413_w151_h151",forte,0,0,3347,258797,0,0,0,0,0,0.987232208252
"methane_baseline.xmodel","ang20191022t175031_r6400_c441_w151_h151",forte,15,0,10217,251912,1,0.00146598905395,0.00292768615204,0.00146598905395,0,0.961025238037
"methane_baseline.xmodel","ang20190927t153023_r2097_c16_w151_h151",forte,2960,3,2670,256511,0.998987512656,0.525754884547,0.688932852322,0.52547488017,1.16952680945e-05,0.989803314209
"methane_baseline.xmodel","ang20191011t154103_r2173_c178_w151_h151",forte,87,25,1729,260303,0.776785714286,0.0479074889868,0.0902489626556,0.0472569255839,9.60326972127e-05,0.993309020996
"methane_baseline.xmodel","ang20191010t193818_r5258_c337_w151_h151",forte,18,0,617,261509,1,0.0283464566929,0.0551301684533,0.0283464566929,0,0.997646331787
"methane_baseline.xmodel","ang20191012t162223_r5562_c349_w151_h151",forte,0,0,239,261905,0,0,0,0,0,0.999088287354
"methane_baseline.xmodel","ang20190928t190948_r8008_c591_w151_h151",forte,0,0,610,261534,0,0,0,0,0,0.997673034668
"methane_baseline.xmodel","ang20191022t150110_r6897_c137_w151_h151",forte,0,0,1076,261068,0,0,0,0,0,0.995895385742
"methane_baseline.xmodel","ang20191022t190019_r6346_c386_w151_h151",forte,1065,9,33416,227654,0.991620111732,0.0308865752153,0.0599071860498,0.0308785155117,3.95321154513e-05,0.872493743896
"methane_baseline.xmodel","ang20191023t151141_r9647_c396_w151_h151",forte,259,0,1980,259905,1,0.115676641358,0.207365892714,0.115676641358,0,0.992446899414
"methane_baseline.xmodel","ang20191011t181301_r526_c290_w151_h151",forte,0,0,908,261236,0,0,0,0,0,0.996536254883
"methane_baseline.xmodel","ang20191006t171344_r8193_c581_w151_h151",forte,0,0,70,262074,0,0,0,0,0,0.999732971191
"methane_baseline.xmodel","ang20191022t162321_r1260_c408_w151_h151",forte,0,0,1350,260794,0,0,0,0,0,0.994850158691
"methane_baseline.xmodel","ang20190923t194235_r10418_c544_w151_h151",forte,0,0,3725,258419,0,0,0,0,0,0.985790252686
"methane_baseline.xmodel","ang20190928t175550_r9174_c405_w151_h151",forte,2801,4,1342,257997,0.998573975045,0.676080135168,0.806275187104,0.675428020256,1.55038158767e-05,0.99486541748
"methane_baseline.xmodel","ang20191022t162321_r4946_c446_w151_h151",forte,547,0,1912,259685,1,0.222448149654,0.363938789088,0.222448149654,0,0.992706298828
"methane_baseline.xmodel","ang20191022t183431_r1386_c516_w151_h151",forte,2,0,419,261723,1,0.00475059382423,0.00945626477541,0.00475059382423,0,0.998401641846
"methane_baseline.xmodel","ang20191022t184525_r6382_c291_w151_h151",forte,220,672,13,261239,0.2466367713,0.944206008584,0.391111111111,0.243093922652,0.00256575707015,0.997386932373
"methane_baseline.xmodel","ang20191022t172245_r1376_c518_w151_h151",forte,0,0,396,261748,0,0,0,0,0,0.998489379883
"methane_baseline.xmodel","ang20191011t160043_r12279_c108_w151_h151",forte,0,0,873,261271,0,0,0,0,0,0.996669769287
"methane_baseline.xmodel","ang20191006t182329_r9636_c338_w151_h151",forte,0,0,692,261452,0,0,0,0,0,0.997360229492
"methane_baseline.xmodel","ang20191016t183045_r7208_c234_w151_h151",forte,0,0,117,262027,0,0,0,0,0,0.99955368042
"methane_baseline.xmodel","ang20191011t154103_r12233_c585_w151_h151",forte,0,0,1495,260649,0,0,0,0,0,0.994297027588
"methane_baseline.xmodel","ang20190923t181729_r1984_c475_w151_h151",forte,0,0,1191,260953,0,0,0,0,0,0.995456695557
"methane_baseline.xmodel","ang20191007t184008_r7400_c506_w151_h151",forte,57,1,546,261540,0.98275862069,0.0945273631841,0.172465960666,0.0943708609272,3.8234923014e-06,0.997913360596
"methane_baseline.xmodel","ang20191017t170330_r3852_c44_w151_h151",forte,0,0,1767,260377,0,0,0,0,0,0.993259429932
"methane_baseline.xmodel","ang20191017t161837_r104_c95_w151_h151",forte,0,0,531,261613,0,0,0,0,0,0.997974395752
"methane_baseline.xmodel","ang20191011t174241_r403_c405_w151_h151",forte,0,0,208,261936,0,0,0,0,0,0.999206542969
"methane_baseline.xmodel","ang20190923t170747_r3144_c180_w151_h151",forte,0,0,136,262008,0,0,0,0,0,0.999481201172
"methane_baseline.xmodel","ang20191019t163936_r6711_c134_w151_h151",forte,0,0,2328,259816,0,0,0,0,0,0.991119384766
"methane_baseline.xmodel","ang20191011t171218_r8732_c384_w151_h151",forte,0,0,401,261743,0,0,0,0,0,0.998470306396
"methane_baseline.xmodel","ang20191010t193818_r13416_c120_w151_h151",forte,5,0,870,261269,1,0.00571428571429,0.0113636363636,0.00571428571429,0,0.996681213379
"methane_baseline.xmodel","ang20191007t190840_r9101_c215_w151_h151",forte,0,0,188,261956,0,0,0,0,0,0.999282836914
"methane_baseline.xmodel","ang20190923t174142_r15306_c621_w151_h151",forte,246,0,360,261538,1,0.405940594059,0.577464788732,0.405940594059,0,0.998626708984
"methane_baseline.xmodel","ang20190927t181142_r11202_c266_w151_h151",forte,117,0,2530,259497,1,0.044200982244,0.0846599131693,0.044200982244,0,0.990348815918
"methane_baseline.xmodel","ang20191008t165855_r9654_c48_w151_h151",forte,712,3,21,261408,0.995804195804,0.971350613915,0.983425414365,0.967391304348,1.14761811859e-05,0.999908447266
"methane_baseline.xmodel","ang20191017t183448_r4279_c65_w151_h151",forte,0,0,2365,259779,0,0,0,0,0,0.990978240967
"methane_baseline.xmodel","ang20191011t174241_r2478_c244_w151_h151",forte,364,1,120,261659,0.997260273973,0.752066115702,0.857479387515,0.750515463918,3.82175342047e-06,0.999538421631
"methane_baseline.xmodel","ang20191019t160518_r1073_c233_w151_h151",forte,0,0,1401,260743,0,0,0,0,0,0.994655609131
"methane_baseline.xmodel","ang20191007t175016_r742_c418_w151_h151",forte,649,5,40,261450,0.992354740061,0.941944847605,0.966492926284,0.935158501441,1.91237497849e-05,0.999828338623
"methane_baseline.xmodel","ang20190927t184620_r7541_c401_w151_h151",forte,0,0,495,261649,0,0,0,0,0,0.998111724854
"methane_baseline.xmodel","ang20191023t151141_r9205_c186_w151_h151",forte,3854,6,3093,255191,0.998445595855,0.554771843961,0.7132414176,0.554293110887,2.3511248173e-05,0.988178253174
"methane_baseline.xmodel","ang20191010t192008_r8444_c339_w151_h151",forte,347,5,52,261740,0.985795454545,0.869674185464,0.924101198402,0.858910891089,1.91025616535e-05,0.999782562256
"methane_baseline.xmodel","ang20190926t174644_r3404_c97_w151_h151",forte,0,0,1384,260760,0,0,0,0,0,0.994720458984
"methane_baseline.xmodel","ang20191006t182329_r9777_c254_w151_h151",forte,0,0,409,261735,0,0,0,0,0,0.998439788818
"methane_baseline.xmodel","ang20191019t162211_r1073_c232_w151_h151",forte,0,0,1426,260718,0,0,0,0,0,0.994560241699
"methane_baseline.xmodel","ang20191019t145204_r3787_c202_w151_h151",forte,0,0,537,261607,0,0,0,0,0,0.997951507568
"methane_baseline.xmodel","ang20191006t183904_r9558_c232_w151_h151",forte,0,0,164,261980,0,0,0,0,0,0.999374389648
"methane_baseline.xmodel","ang20191011t174241_r1369_c499_w151_h151",forte,103,0,563,261478,1,0.154654654655,0.267880364109,0.154654654655,0,0.997852325439
"methane_baseline.xmodel","ang20190927t151239_r8627_c19_w151_h151",forte,27,0,5249,256868,1,0.00511751326763,0.0101829153309,0.00511751326763,0,0.979976654053
"methane_baseline.xmodel","ang20191019t164827_r7007_c179_w151_h151",forte,0,0,1983,260161,0,0,0,0,0,0.992435455322
"methane_baseline.xmodel","ang20191011t175712_r2748_c214_w151_h151",forte,0,0,566,261578,0,0,0,0,0,0.997840881348
"methane_baseline.xmodel","ang20191006t191332_r8717_c568_w151_h151",forte,0,0,188,261956,0,0,0,0,0,0.999282836914
"methane_baseline.xmodel","ang20191006t185838_r6877_c192_w151_h151",forte,69,0,153,261922,1,0.310810810811,0.474226804124,0.310810810811,0,0.999416351318
"methane_baseline.xmodel","ang20191019t162211_r6712_c129_w151_h151",forte,0,0,2901,259243,0,0,0,0,0,0.988933563232
"methane_baseline.xmodel","ang20191016t152245_r10397_c218_w151_h151",forte,0,0,187,261957,0,0,0,0,0,0.999286651611
"methane_baseline.xmodel","ang20191016t143714_r3056_c87_w151_h151",forte,0,0,1541,260603,0,0,0,0,0,0.994121551514
"methane_baseline.xmodel","ang20191022t190019_r6904_c397_w151_h151",forte,0,0,5369,256775,0,0,0,0,0,0.979518890381
"methane_baseline.xmodel","ang20191023t142135_r14078_c478_w151_h151",forte,36,0,807,261301,1,0.0427046263345,0.0819112627986,0.0427046263345,0,0.996921539307
"methane_baseline.xmodel","ang20191011t163647_r3757_c310_w151_h151",forte,28,0,5824,256292,1,0.00478468899522,0.00952380952381,0.00478468899522,0,0.977783203125
"methane_baseline.xmodel","ang20191022t163722_r2878_c451_w151_h151",forte,0,0,2072,260072,0,0,0,0,0,0.992095947266
"methane_baseline.xmodel","ang20191017t143318_r8763_c581_w151_h151",forte,0,0,1158,260986,0,0,0,0,0,0.995582580566
"methane_baseline.xmodel","ang20191011t185825_r1311_c79_w151_h151",forte,0,0,975,261169,0,0,0,0,0,0.996280670166
"methane_baseline.xmodel","ang20191017t182024_r2581_c205_w151_h151",forte,0,0,192,261952,0,0,0,0,0,0.999267578125
"methane_baseline.xmodel","ang20191007t200647_r3963_c159_w151_h151",forte,16,0,2100,260028,1,0.00756143667297,0.015009380863,0.00756143667297,0,0.991989135742
"methane_baseline.xmodel","ang20191011t152413_r9481_c326_w151_h151",forte,226,0,239,261679,1,0.486021505376,0.654124457308,0.486021505376,0,0.999088287354
"methane_baseline.xmodel","ang20191011t175712_r6672_c132_w151_h151",forte,0,0,144,262000,0,0,0,0,0,0.999450683594
"methane_baseline.xmodel","ang20190926t154314_r9475_c592_w151_h151",forte,0,0,891,261253,0,0,0,0,0,0.996601104736
"methane_baseline.xmodel","ang20191022t190019_r3031_c431_w151_h151",forte,0,0,3954,258190,0,0,0,0,0,0.984916687012
"methane_baseline.xmodel","ang20191011t160043_r8918_c91_w151_h151",forte,0,0,211,261933,0,0,0,0,0,0.999195098877
"methane_baseline.xmodel","ang20191008t160209_r5898_c517_w151_h151",forte,71,0,93,261980,1,0.432926829268,0.604255319149,0.432926829268,0,0.999645233154
"methane_baseline.xmodel","ang20191016t165454_r6700_c187_w151_h151",forte,0,0,6124,256020,0,0,0,0,0,0.976638793945
"methane_baseline.xmodel","ang20191022t162321_r3494_c460_w151_h151",forte,0,0,361,261783,0,0,0,0,0,0.998622894287
"methane_baseline.xmodel","ang20191011t185825_r1553_c386_w151_h151",forte,67,0,241,261836,1,0.217532467532,0.357333333333,0.217532467532,0,0.999080657959
"methane_baseline.xmodel","ang20191019t161418_r6978_c183_w151_h151",forte,0,0,2231,259913,0,0,0,0,0,0.9914894104
"methane_baseline.xmodel","ang20191016t152245_r2093_c108_w151_h151",forte,0,0,601,261543,0,0,0,0,0,0.997707366943
"methane_baseline.xmodel","ang20191006t180341_r5236_c208_w151_h151",forte,0,0,3426,258718,0,0,0,0,0,0.986930847168
"methane_baseline.xmodel","ang20191011t172641_r5907_c414_w151_h151",forte,199,0,373,261572,1,0.347902097902,0.516212710765,0.347902097902,0,0.99857711792
"methane_baseline.xmodel","ang20190927t173620_r3817_c258_w151_h151",forte,0,0,333,261811,0,0,0,0,0,0.998729705811
"methane_baseline.xmodel","ang20191016t165454_r3889_c557_w151_h151",forte,205,0,505,261434,1,0.288732394366,0.448087431694,0.288732394366,0,0.998073577881
"methane_baseline.xmodel","ang20191019t163936_r1070_c236_w151_h151",forte,0,0,1714,260430,0,0,0,0,0,0.993461608887
"methane_baseline.xmodel","ang20191016t184817_r8999_c125_w151_h151",forte,0,0,1060,261084,0,0,0,0,0,0.995956420898
"methane_baseline.xmodel","ang20191023t162847_r7610_c492_w151_h151",forte,14,0,1961,260169,1,0.00708860759494,0.0140774258421,0.00708860759494,0,0.992519378662
"methane_baseline.xmodel","ang20191016t162417_r1290_c217_w151_h151",forte,7164,36,907,254037,0.995,0.887622351629,0.938248968633,0.883680769705,0.000141691561087,0.996402740479
"methane_baseline.xmodel","ang20191011t185825_r8204_c158_w151_h151",forte,0,0,1475,260669,0,0,0,0,0,0.994373321533
"methane_baseline.xmodel","ang20191017t170330_r3895_c90_w151_h151",forte,0,0,1767,260377,0,0,0,0,0,0.993259429932
"methane_baseline.xmodel","ang20191022t172245_r2610_c395_w151_h151",forte,1909,8,3634,256593,0.995826812728,0.344398340249,0.511796246649,0.34390199964,3.11768075728e-05,0.986106872559
"methane_baseline.xmodel","ang20191019t155740_r7062_c414_w151_h151",forte,0,0,1543,260601,0,0,0,0,0,0.994113922119
"methane_baseline.xmodel","ang20191017t164928_r389_c481_w151_h151",forte,385,0,493,261266,1,0.438496583144,0.609659540776,0.438496583144,0,0.998119354248
"methane_baseline.xmodel","ang20191022t151202_r1965_c338_w151_h151",forte,0,0,382,261762,0,0,0,0,0,0.998542785645
"methane_baseline.xmodel","ang20191022t154405_r6601_c531_w151_h151",forte,0,0,1482,260662,0,0,0,0,0,0.994346618652
"methane_baseline.xmodel","ang20191016t153826_r8208_c199_w151_h151",forte,0,0,668,261476,0,0,0,0,0,0.997451782227
"methane_baseline.xmodel","ang20190923t174142_r9431_c547_w151_h151",forte,0,0,878,261266,0,0,0,0,0,0.996650695801
"methane_baseline.xmodel","ang20191019t161418_r1203_c286_w151_h151",forte,0,0,1164,260980,0,0,0,0,0,0.995559692383
"methane_baseline.xmodel","ang20191006t191332_r4222_c393_w151_h151",forte,0,0,1194,260950,0,0,0,0,0,0.995445251465
"methane_baseline.xmodel","ang20190926t184029_r11413_c159_w151_h151",forte,0,0,1269,260875,0,0,0,0,0,0.99515914917
"methane_baseline.xmodel","ang20190926t191417_r11115_c421_w151_h151",forte,0,0,1514,260630,0,0,0,0,0,0.99422454834
"methane_baseline.xmodel","ang20191019t160518_r6709_c134_w151_h151",forte,0,0,3658,258486,0,0,0,0,0,0.986045837402
"methane_baseline.xmodel","ang20191022t181138_r3978_c64_w151_h151",forte,0,0,641,261503,0,0,0,0,0,0.997554779053
"methane_baseline.xmodel","ang20190928t190948_r3463_c508_w151_h151",forte,0,0,213,261931,0,0,0,0,0,0.999187469482
"methane_baseline.xmodel","ang20191019t155740_r1286_c317_w151_h151",forte,0,0,1238,260906,0,0,0,0,0,0.995277404785
"methane_baseline.xmodel","ang20190922t194340_r5074_c444_w151_h151",forte,0,0,208,261936,0,0,0,0,0,0.999206542969
"methane_baseline.xmodel","ang20191007t175016_r1376_c245_w151_h151",forte,0,0,132,262012,0,0,0,0,0,0.999496459961
"methane_baseline.xmodel","ang20191022t172245_r3222_c491_w151_h151",forte,456,0,394,261294,1,0.536470588235,0.698315467075,0.536470588235,0,0.998497009277
"methane_baseline.xmodel","ang20191006t183904_r8739_c281_w151_h151",forte,0,0,661,261483,0,0,0,0,0,0.997478485107
"methane_baseline.xmodel","ang20191022t172245_r2296_c338_w151_h151",forte,52,0,858,261234,1,0.0571428571429,0.108108108108,0.0571428571429,0,0.996726989746
"methane_baseline.xmodel","ang20191007t180411_r242_c360_w151_h151",forte,212,1,213,261718,0.995305164319,0.498823529412,0.664576802508,0.49765258216,3.82089187258e-06,0.999183654785
"methane_baseline.xmodel","ang20191011t174241_r7242_c516_w151_h151",forte,0,0,409,261735,0,0,0,0,0,0.998439788818
"methane_baseline.xmodel","ang20191023t155808_r10511_c37_w151_h151",forte,0,0,1306,260838,0,0,0,0,0,0.995018005371
"methane_baseline.xmodel","ang20191011t172641_r2908_c427_w151_h151",forte,123,28,0,261993,0.814569536424,1,0.897810218978,0.814569536424,0.00010686166376,0.999893188477
"methane_baseline.xmodel","ang20191019t152610_r3873_c193_w151_h151",forte,0,0,565,261579,0,0,0,0,0,0.997844696045
"methane_baseline.xmodel","ang20191008t165855_r13182_c90_w151_h151",forte,0,0,1096,261048,0,0,0,0,0,0.995819091797
"methane_baseline.xmodel","ang20191011t175712_r6346_c50_w151_h151",forte,0,0,126,262018,0,0,0,0,0,0.999519348145
"methane_baseline.xmodel","ang20190926t193117_r8100_c232_w151_h151",forte,0,0,971,261173,0,0,0,0,0,0.996295928955
"methane_baseline.xmodel","ang20191007t193705_r7017_c270_w151_h151",forte,3231,8,4830,254075,0.997530101883,0.400818756978,0.57185840708,0.400421365721,3.14857743336e-05,0.981544494629
"methane_baseline.xmodel","ang20190923t190921_r7029_c212_w151_h151",forte,0,0,8529,253615,0,0,0,0,0,0.967464447021
"methane_baseline.xmodel","ang20191017t185057_r4238_c210_w151_h151",forte,130,1,849,261164,0.992366412214,0.132788559755,0.234234234234,0.132653061224,3.82899699424e-06,0.996757507324
"methane_baseline.xmodel","ang20191022t184525_r851_c152_w151_h151",forte,0,0,596,261548,0,0,0,0,0,0.99772644043
"methane_baseline.xmodel","ang20191019t151749_r3851_c242_w151_h151",forte,0,0,879,261265,0,0,0,0,0,0.996646881104
"methane_baseline.xmodel","ang20191017t160033_r9358_c86_w151_h151",forte,5832,3,3758,252551,0.999485861183,0.608133472367,0.756175040519,0.607943291984,1.18786477347e-05,0.985652923584
"methane_baseline.xmodel","ang20191022t194943_r16197_c776_w151_h151",forte,0,0,557,261587,0,0,0,0,0,0.997875213623
"methane_baseline.xmodel","ang20190922t203229_r7371_c312_w151_h151",forte,22295,56,6767,233026,0.997494519261,0.767152983277,0.86729037403,0.765677587746,0.000240258793043,0.973972320557
"methane_baseline.xmodel","ang20190928t181405_r6351_c299_w151_h151",forte,582,1,124,261437,0.998284734134,0.824362606232,0.903025601241,0.823196605375,3.82499866125e-06,0.999523162842
"methane_baseline.xmodel","ang20190922t192642_r6423_c113_w151_h151",forte,0,0,380,261764,0,0,0,0,0,0.998550415039
"methane_baseline.xmodel","ang20191008t153517_r7561_c474_w151_h151",forte,44,0,0,262100,1,1,1,1,0,1
"methane_baseline.xmodel","ang20191006t183904_r9884_c569_w151_h151",forte,0,0,163,261981,0,0,0,0,0,0.999378204346
"methane_baseline.xmodel","ang20191022t190019_r6299_c84_w151_h151",forte,0,0,30215,231929,0,0,0,0,0,0.884738922119
"methane_baseline.xmodel","ang20191008t160209_r5967_c574_w151_h151",forte,0,0,164,261980,0,0,0,0,0,0.999374389648
"methane_baseline.xmodel","ang20190927t190436_r6480_c506_w151_h151",forte,103,0,66,261975,1,0.609467455621,0.757352941176,0.609467455621,0,0.99974822998
"methane_baseline.xmodel","ang20191008t172458_r8804_c224_w151_h151",forte,0,0,81,262063,0,0,0,0,0,0.999691009521
"methane_baseline.xmodel","ang20191016t145145_r5096_c300_w151_h151",forte,0,0,224,261920,0,0,0,0,0,0.999145507812
"methane_baseline.xmodel","ang20191006t150453_r4168_c237_w151_h151",forte,1258,3,4665,256218,0.997620935765,0.212392368732,0.350222717149,0.212284846439,1.17086421488e-05,0.982192993164
"methane_baseline.xmodel","ang20191023t145837_r9504_c353_w151_h151",forte,0,0,6075,256069,0,0,0,0,0,0.976825714111
"methane_baseline.xmodel","ang20190923t163307_r5958_c123_w151_h151",forte,0,0,157,261987,0,0,0,0,0,0.999401092529
"methane_baseline.xmodel","ang20191006t164135_r11198_c363_w151_h151",forte,31,0,564,261549,1,0.0521008403361,0.0990415335463,0.0521008403361,0,0.997848510742
"methane_baseline.xmodel","ang20191016t184817_r9016_c619_w151_h151",forte,0,0,544,261600,0,0,0,0,0,0.997924804688
"methane_baseline.xmodel","ang20190923t185208_r3001_c276_w151_h151",forte,1496,1,7396,253251,0.999331997328,0.16824111561,0.287996919819,0.168222197234,3.94863614108e-06,0.971782684326
"methane_baseline.xmodel","ang20191016t172526_r1632_c333_w151_h151",forte,0,0,59,262085,0,0,0,0,0,0.999774932861
"methane_baseline.xmodel","ang20190928t183313_r6764_c114_w151_h151",forte,17,0,1842,260285,1,0.00914470145239,0.0181236673774,0.00914470145239,0,0.992973327637
"methane_baseline.xmodel","ang20191017t163235_r5863_c421_w151_h151",forte,0,0,173,261971,0,0,0,0,0,0.999340057373
"methane_baseline.xmodel","ang20190926t174644_r4660_c175_w151_h151",forte,609,2,323,261210,0.996726677578,0.653433476395,0.789371354504,0.652034261242,7.65661608196e-06,0.998760223389
"methane_baseline.xmodel","ang20191019t164827_r1228_c285_w151_h151",forte,0,0,1629,260515,0,0,0,0,0,0.993785858154
"methane_baseline.xmodel","ang20191006t183904_r5785_c464_w151_h151",forte,0,0,56,262088,0,0,0,0,0,0.999786376953
"methane_baseline.xmodel","ang20191019t155740_r6736_c262_w151_h151",forte,0,0,901,261243,0,0,0,0,0,0.996562957764
"methane_baseline.xmodel","ang20190926t185727_r1703_c372_w151_h151",forte,81,0,115,261948,1,0.413265306122,0.584837545126,0.413265306122,0,0.999561309814
"methane_baseline.xmodel","ang20191019t182848_r3423_c266_w151_h151",fraca,0,0,789,261355,0,0,0,0,0,0.996990203857
"methane_baseline.xmodel","ang20191022t165908_r1361_c422_w151_h151",fraca,0,0,207,261937,0,0,0,0,0,0.999210357666
"methane_baseline.xmodel","ang20191012t155942_r1395_c500_w151_h151",fraca,2,0,89,262053,1,0.021978021978,0.0430107526882,0.021978021978,0,0.999660491943
"methane_baseline.xmodel","ang20191017t173348_r6534_c221_w151_h151",fraca,0,0,209,261935,0,0,0,0,0,0.999202728271
"methane_baseline.xmodel","ang20191019t150925_r3870_c199_w151_h151",fraca,0,0,437,261707,0,0,0,0,0,0.998332977295
"methane_baseline.xmodel","ang20191023t154154_r2212_c386_w151_h151",fraca,0,0,4674,257470,0,0,0,0,0,0.98217010498
"methane_baseline.xmodel","ang20191022t173357_r1714_c356_w151_h151",fraca,0,0,776,261368,0,0,0,0,0,0.997039794922
"methane_baseline.xmodel","ang20191017t150903_r13213_c599_w151_h151",fraca,2004,2,302,259836,0.999002991027,0.869037294016,0.929499072356,0.868284228769,7.69710357992e-06,0.998840332031
"methane_baseline.xmodel","ang20191016t181351_r2486_c336_w151_h151",fraca,0,0,740,261404,0,0,0,0,0,0.997177124023
"methane_baseline.xmodel","ang20191007t182352_r7110_c565_w151_h151",fraca,11,532,964,260637,0.0202578268877,0.0112820512821,0.0144927536232,0.00729927007299,0.00203699520234,0.994293212891
"methane_baseline.xmodel","ang20191010t155034_r9718_c40_w151_h151",fraca,67,0,112,261965,1,0.374301675978,0.544715447154,0.374301675978,0,0.999572753906
"methane_baseline.xmodel","ang20191016t183045_r8868_c31_w151_h151",fraca,0,0,393,261751,0,0,0,0,0,0.998500823975
"methane_baseline.xmodel","ang20190928t181405_r7180_c179_w151_h151",fraca,62,0,443,261639,1,0.122772277228,0.218694885362,0.122772277228,0,0.998310089111
"methane_baseline.xmodel","ang20190926t180335_r12854_c434_w151_h151",fraca,2,1,103,262038,0.666666666667,0.0190476190476,0.037037037037,0.0188679245283,3.81622582898e-06,0.999603271484
"methane_baseline.xmodel","ang20191008t172458_r2271_c325_w151_h151",fraca,0,0,86,262058,0,0,0,0,0,0.999671936035
"methane_baseline.xmodel","ang20190927t153023_r6716_c561_w151_h151",fraca,16,0,6849,255279,1,0.00233066278223,0.00465048684784,0.00233066278223,0,0.973873138428
"methane_baseline.xmodel","ang20191011t175712_r4190_c93_w151_h151",fraca,0,0,460,261684,0,0,0,0,0,0.998245239258
"methane_baseline.xmodel","ang20191016t171023_r5662_c534_w151_h151",fraca,0,0,930,261214,0,0,0,0,0,0.996452331543
"methane_baseline.xmodel","ang20190926t220008_r4696_c281_w151_h151",fraca,0,0,200,261944,0,0,0,0,0,0.999237060547
"methane_baseline.xmodel","ang20191022t143154_r3356_c748_w151_h151",fraca,0,0,1378,260766,0,0,0,0,0,0.994743347168
"methane_baseline.xmodel","ang20191016t152245_r5541_c285_w151_h151",fraca,259,0,688,261197,1,0.273495248152,0.42951907131,0.273495248152,0,0.997375488281
"methane_baseline.xmodel","ang20191006t160931_r7395_c398_w151_h151",fraca,0,0,817,261327,0,0,0,0,0,0.996883392334
"methane_baseline.xmodel","ang20190926t180335_r1642_c349_w151_h151",fraca,0,0,503,261641,0,0,0,0,0,0.998081207275
"methane_baseline.xmodel","ang20190923t163307_r4113_c198_w151_h151",fraca,44,0,940,261160,1,0.0447154471545,0.0856031128405,0.0447154471545,0,0.99641418457
"methane_baseline.xmodel","ang20190927t192237_r8612_c512_w151_h151",fraca,0,0,4804,257340,0,0,0,0,0,0.981674194336
"methane_baseline.xmodel","ang20191016t162417_r11186_c275_w151_h151",fraca,280,1,201,261662,0.996441281139,0.582120582121,0.734908136483,0.580912863071,3.82170960357e-06,0.999229431152
"methane_baseline.xmodel","ang20191006t165608_r673_c64_w151_h151",fraca,21,0,364,261759,1,0.0545454545455,0.103448275862,0.0545454545455,0,0.998611450195
"methane_baseline.xmodel","ang20191023t165811_r10555_c522_w151_h151",fraca,1077,2,1794,259271,0.998146431881,0.37513061651,0.545316455696,0.374869474417,7.71387687881e-06,0.993148803711
"methane_baseline.xmodel","ang20191017t143318_r9047_c228_w151_h151",fraca,0,0,2847,259297,0,0,0,0,0,0.989139556885
"methane_baseline.xmodel","ang20191007t195115_r11516_c181_w151_h151",fraca,0,0,119,262025,0,0,0,0,0,0.999546051025
"methane_baseline.xmodel","ang20191006t183904_r5393_c97_w151_h151",fraca,178,0,32,261934,1,0.847619047619,0.917525773196,0.847619047619,0,0.999877929688
"methane_baseline.xmodel","ang20190928t183313_r6715_c41_w151_h151",fraca,39,0,1820,260285,1,0.020979020979,0.041095890411,0.020979020979,0,0.993057250977
"methane_baseline.xmodel","ang20190926t182043_r12429_c322_w151_h151",fraca,80,0,15,262049,1,0.842105263158,0.914285714286,0.842105263158,0,0.999942779541
"methane_baseline.xmodel","ang20191016t193637_r1311_c205_w151_h151",fraca,0,0,549,261595,0,0,0,0,0,0.997905731201
"methane_baseline.xmodel","ang20190926t182043_r2258_c245_w151_h151",fraca,4,46,264,261830,0.08,0.0149253731343,0.0251572327044,0.0127388535032,0.000175655653821,0.998817443848
"methane_baseline.xmodel","ang20190926t184029_r2205_c535_w151_h151",fraca,82,0,3022,259040,1,0.0264175257732,0.0514752040176,0.0264175257732,0,0.988471984863
"methane_baseline.xmodel","ang20191017t182024_r2076_c173_w151_h151",fraca,40,0,282,261822,1,0.124223602484,0.220994475138,0.124223602484,0,0.998924255371
"methane_baseline.xmodel","ang20191012t154800_r3870_c1399_w151_h151",fraca,0,0,101,262043,0,0,0,0,0,0.999614715576
"methane_baseline.xmodel","ang20191016t162417_r2337_c13_w151_h151",fraca,837,3,1191,260113,0.996428571429,0.412721893491,0.583682008368,0.41211225997,1.15333159052e-05,0.995445251465
"methane_baseline.xmodel","ang20191016t153826_r7748_c125_w151_h151",fraca,0,0,1387,260757,0,0,0,0,0,0.994709014893
"methane_baseline.xmodel","ang20191017t143318_r9463_c250_w151_h151",fraca,0,0,1165,260979,0,0,0,0,0,0.995555877686
"methane_baseline.xmodel","ang20190927t151239_r8891_c128_w151_h151",fraca,6759,4,18920,236461,0.999408546503,0.263211184236,0.416682078787,0.263170190398,1.69158226376e-05,0.927810668945
"methane_baseline.xmodel","ang20191006t155231_r3026_c497_w151_h151",fraca,283,0,3662,258199,1,0.0717363751584,0.133869441816,0.0717363751584,0,0.986030578613
"methane_baseline.xmodel","ang20191007t195115_r10270_c37_w151_h151",fraca,563,6,416,261159,0.989455184534,0.575076608784,0.727390180879,0.571573604061,2.29739819654e-05,0.998390197754
"methane_baseline.xmodel","ang20190927t173620_r10796_c542_w151_h151",fraca,0,0,599,261545,0,0,0,0,0,0.997714996338
"methane_baseline.xmodel","ang20191016t153826_r1379_c184_w151_h151",fraca,0,0,388,261756,0,0,0,0,0,0.998519897461
"methane_baseline.xmodel","ang20191016t155337_r434_c90_w151_h151",fraca,118,0,2432,259594,1,0.0462745098039,0.0884557721139,0.0462745098039,0,0.99072265625
"methane_baseline.xmodel","ang20191016t162417_r2247_c531_w151_h151",fraca,564,0,1622,259958,1,0.258005489478,0.410181818182,0.258005489478,0,0.993812561035
"methane_baseline.xmodel","ang20191007t200647_r10915_c606_w151_h151",fraca,0,0,282,261862,0,0,0,0,0,0.998924255371
"methane_baseline.xmodel","ang20190926t184029_r1824_c307_w151_h151",fraca,804,2,1192,260146,0.997518610422,0.402805611222,0.573875802998,0.402402402402,7.68793148515e-06,0.995445251465
"methane_baseline.xmodel","ang20191013t192848_r3233_c79_w151_h151",fraca,0,0,2474,259670,0,0,0,0,0,0.990562438965
"methane_baseline.xmodel","ang20190926t152524_r7296_c498_w151_h151",fraca,0,0,310,261834,0,0,0,0,0,0.998817443848
"methane_baseline.xmodel","ang20191013t192848_r3231_c76_w151_h151",fraca,381,1,2093,259669,0.997382198953,0.154001616815,0.266806722689,0.153939393939,3.85104170678e-06,0.992012023926
"methane_baseline.xmodel","ang20191011t175712_r4487_c553_w151_h151",fraca,0,0,193,261951,0,0,0,0,0,0.999263763428
"methane_baseline.xmodel","ang20190926t191417_r12888_c186_w151_h151",fraca,485,1,983,260675,0.997942386831,0.33038147139,0.496417604913,0.330156569095,3.83617977873e-06,0.996246337891
"methane_baseline.xmodel","ang20190924t165509_r1701_c451_w151_h151",fraca,183,1,1166,260794,0.994565217391,0.135656041512,0.238747553816,0.135555555556,3.83442934105e-06,0.995548248291
"methane_baseline.xmodel","ang20190922t194340_r2642_c324_w151_h151",fraca,0,0,628,261516,0,0,0,0,0,0.997604370117
"methane_baseline.xmodel","ang20191016t160914_r2265_c52_w151_h151",fraca,0,0,1670,260474,0,0,0,0,0,0.993629455566
"methane_baseline.xmodel","ang20191011t191345_r10576_c621_w151_h151",fraca,0,0,1581,260563,0,0,0,0,0,0.993968963623
"methane_baseline.xmodel","ang20191016t153826_r8086_c273_w151_h151",fraca,0,0,921,261223,0,0,0,0,0,0.996486663818
"methane_baseline.xmodel","ang20191022t183431_r2737_c338_w151_h151",fraca,0,0,1098,261046,0,0,0,0,0,0.995811462402
"methane_baseline.xmodel","ang20191019t153454_r3851_c253_w151_h151",fraca,0,0,729,261415,0,0,0,0,0,0.997219085693
"methane_baseline.xmodel","ang20191017t144928_r8854_c566_w151_h151",fraca,0,0,1281,260863,0,0,0,0,0,0.995113372803
"methane_baseline.xmodel","ang20191011t182731_r7883_c390_w151_h151",fraca,0,0,452,261692,0,0,0,0,0,0.998275756836
"methane_baseline.xmodel","ang20190926t160016_r9206_c85_w151_h151",fraca,0,0,234,261910,0,0,0,0,0,0.99910736084
"methane_baseline.xmodel","ang20191017t150903_r3099_c488_w151_h151",fraca,87,0,785,261272,1,0.0997706422018,0.181438998957,0.0997706422018,0,0.997005462646
"methane_baseline.xmodel","ang20190926t193117_r7793_c333_w151_h151",fraca,0,0,892,261252,0,0,0,0,0,0.996597290039
"methane_baseline.xmodel","ang20191016t163955_r6769_c182_w151_h151",fraca,354,0,69,261721,1,0.836879432624,0.911196911197,0.836879432624,0,0.999736785889
"methane_baseline.xmodel","ang20191016t190528_r9072_c384_w151_h151",fraca,0,0,670,261474,0,0,0,0,0,0.997444152832
"methane_baseline.xmodel","ang20190926t171159_r775_c533_w151_h151",fraca,78,0,248,261818,1,0.239263803681,0.386138613861,0.239263803681,0,0.999053955078
"methane_baseline.xmodel","ang20191022t151202_r6600_c534_w151_h151",fraca,0,0,2175,259969,0,0,0,0,0,0.991703033447
"methane_baseline.xmodel","ang20191007t193705_r8017_c464_w151_h151",fraca,0,0,52,262092,0,0,0,0,0,0.999801635742
"methane_baseline.xmodel","ang20191006t182329_r9647_c559_w151_h151",fraca,0,0,295,261849,0,0,0,0,0,0.998874664307
"methane_baseline.xmodel","ang20191007t182352_r2873_c280_w151_h151",fraca,0,0,343,261801,0,0,0,0,0,0.998691558838
"methane_baseline.xmodel","ang20190926t180335_r6486_c221_w151_h151",fraca,0,0,378,261766,0,0,0,0,0,0.998558044434
"methane_baseline.xmodel","ang20191016t171023_r4585_c535_w151_h151",fraca,0,0,581,261563,0,0,0,0,0,0.997783660889
"methane_baseline.xmodel","ang20191017t143318_r4889_c126_w151_h151",fraca,0,0,183,261961,0,0,0,0,0,0.9993019104
"methane_baseline.xmodel","ang20191010t182147_r3340_c343_w151_h151",fraca,0,0,164,261980,0,0,0,0,0,0.999374389648
"methane_baseline.xmodel","ang20190927t153023_r9123_c574_w151_h151",fraca,19563,7,15978,226596,0.999642309658,0.550434709209,0.709949011994,0.550326319343,3.08910296863e-05,0.939022064209
"methane_baseline.xmodel","ang20190926t221757_r7279_c469_w151_h151",fraca,0,0,559,261585,0,0,0,0,0,0.997867584229
"methane_baseline.xmodel","ang20191007t182352_r4062_c150_w151_h151",fraca,243,1,276,261624,0.995901639344,0.468208092486,0.636959370904,0.467307692308,3.82226469183e-06,0.998943328857
"methane_baseline.xmodel","ang20191016t165454_r11626_c190_w151_h151",fraca,0,0,119,262025,0,0,0,0,0,0.999546051025
"methane_baseline.xmodel","ang20191017t163235_r2177_c515_w151_h151",fraca,32,0,74,262038,1,0.301886792453,0.463768115942,0.301886792453,0,0.999717712402
"methane_baseline.xmodel","ang20191022t173357_r1586_c16_w151_h151",fraca,0,0,1490,260654,0,0,0,0,0,0.994316101074
"methane_baseline.xmodel","ang20191022t154405_r5330_c81_w151_h151",fraca,0,0,1383,260761,0,0,0,0,0,0.994724273682
"methane_baseline.xmodel","ang20191023t151141_r8386_c150_w151_h151",fraca,30,0,7102,255012,1,0.00420639371845,0.0083775481709,0.00420639371845,0,0.97290802002
"methane_baseline.xmodel","ang20190926t180335_r2957_c57_w151_h151",fraca,3,0,110,262031,1,0.0265486725664,0.051724137931,0.0265486725664,0,0.999580383301
"methane_baseline.xmodel","ang20191022t175031_r6343_c57_w151_h151",fraca,0,0,1555,260589,0,0,0,0,0,0.994068145752
"methane_baseline.xmodel","ang20190926t154314_r9104_c74_w151_h151",fraca,0,0,862,261282,0,0,0,0,0,0.996711730957
"methane_baseline.xmodel","ang20191022t143154_r7282_c503_w151_h151",fraca,0,0,361,261783,0,0,0,0,0,0.998622894287
"methane_baseline.xmodel","ang20191023t191942_r3519_c447_w151_h151",fraca,804,3,32,261305,0.996282527881,0.961722488038,0.978697504565,0.958283671037,1.14807047622e-05,0.999866485596
"methane_baseline.xmodel","ang20190926t191417_r10036_c194_w151_h151",fraca,0,0,891,261253,0,0,0,0,0,0.996601104736
"methane_baseline.xmodel","ang20191011t163647_r354_c83_w151_h151",fraca,52,0,200,261892,1,0.206349206349,0.342105263158,0.206349206349,0,0.999237060547
"methane_baseline.xmodel","ang20191006t191332_r2114_c180_w151_h151",fraca,422,1,586,261135,0.997635933806,0.418650793651,0.589797344514,0.418235877106,3.82942221678e-06,0.997760772705
"methane_baseline.xmodel","ang20191007t200647_r10362_c627_w151_h151",fraca,0,0,706,261438,0,0,0,0,0,0.99730682373
"methane_baseline.xmodel","ang20191011t185825_r8145_c97_w151_h151",fraca,0,0,1475,260669,0,0,0,0,0,0.994373321533
"methane_baseline.xmodel","ang20191005t215301_r8757_c532_w151_h151",fraca,117,1,33,261993,0.991525423729,0.78,0.873134328358,0.774834437086,3.81688130263e-06,0.999870300293
"methane_baseline.xmodel","ang20190928t181405_r8846_c135_w151_h151",fraca,0,0,755,261389,0,0,0,0,0,0.997119903564
"methane_baseline.xmodel","ang20191022t143154_r5314_c1047_w151_h151",fraca,0,0,379,261765,0,0,0,0,0,0.998554229736
"methane_baseline.xmodel","ang20190927t153023_r2162_c181_w151_h151",fraca,2810,7,2820,256507,0.997515086972,0.499111900533,0.665324967444,0.49849210573,2.72889588872e-05,0.98921585083
"methane_baseline.xmodel","ang20191007t190840_r1369_c202_w151_h151",fraca,0,0,484,261660,0,0,0,0,0,0.998153686523
"methane_baseline.xmodel","ang20191011t165345_r3599_c176_w151_h151",fraca,0,0,758,261386,0,0,0,0,0,0.997108459473
"methane_baseline.xmodel","ang20191022t164918_r1507_c358_w151_h151",fraca,0,0,997,261147,0,0,0,0,0,0.996196746826
"methane_baseline.xmodel","ang20191016t162417_r2322_c147_w151_h151",fraca,1633,3,395,260113,0.998166259169,0.805226824458,0.891375545852,0.80403741999,1.15333159052e-05,0.998481750488
"methane_baseline.xmodel","ang20191017t150903_r8845_c81_w151_h151",fraca,0,0,3734,258410,0,0,0,0,0,0.98575592041
"methane_baseline.xmodel","ang20191019t171416_r11067_c328_w151_h151",fraca,558,0,75,261511,1,0.881516587678,0.937027707809,0.881516587678,0,0.999713897705
"methane_baseline.xmodel","ang20190927t194104_r7290_c459_w151_h151",fraca,0,0,681,261463,0,0,0,0,0,0.997402191162
"methane_baseline.xmodel","ang20190926t160016_r12847_c313_w151_h151",fraca,63,0,855,261226,1,0.0686274509804,0.128440366972,0.0686274509804,0,0.996738433838
"methane_baseline.xmodel","ang20191016t195058_r346_c638_w151_h151",fraca,5,0,3052,259087,1,0.00163559044815,0.00326583932071,0.00163559044815,0,0.988357543945
"methane_baseline.xmodel","ang20191017t143318_r9514_c463_w151_h151",fraca,0,0,1165,260979,0,0,0,0,0,0.995555877686
"methane_baseline.xmodel","ang20190927t145113_r835_c88_w151_h151",fraca,857,3,793,260491,0.996511627907,0.519393939394,0.682868525896,0.518451300665,1.15165800364e-05,0.996963500977
"methane_baseline.xmodel","ang20191013t164602_r3340_c231_w151_h151",fraca,0,0,2858,259286,0,0,0,0,0,0.989097595215
"methane_baseline.xmodel","ang20190928t185111_r6871_c424_w151_h151",fraca,0,0,177,261967,0,0,0,0,0,0.999324798584
"methane_baseline.xmodel","ang20191016t163955_r3985_c131_w151_h151",fraca,0,95,415,261634,0,0,0,0,0.000362970859171,0.998054504395
"methane_baseline.xmodel","ang20191022t162321_r6674_c142_w151_h151",fraca,416,0,407,261321,1,0.505467800729,0.671509281679,0.505467800729,0,0.998447418213
"methane_baseline.xmodel","ang20191012t154407_r1807_c59_w151_h151",fraca,0,0,153,261991,0,0,0,0,0,0.999416351318
"methane_baseline.xmodel","ang20190926t193117_r1329_c205_w151_h151",fraca,0,0,177,261967,0,0,0,0,0,0.999324798584
"methane_baseline.xmodel","ang20191011t165345_r5573_c276_w151_h151",fraca,0,0,124,262020,0,0,0,0,0,0.999526977539
"methane_baseline.xmodel","ang20190927t153023_r6341_c268_w151_h151",fraca,182,0,4747,257215,1,0.036924325421,0.0712189395422,0.036924325421,0,0.98189163208
"methane_baseline.xmodel","ang20191011t181301_r3141_c49_w151_h151",fraca,530,2,6724,254888,0.996240601504,0.0730631375793,0.136141792962,0.0730429988975,7.84652202911e-06,0.974342346191
"methane_baseline.xmodel","ang20190923t170747_r8630_c560_w151_h151",fraca,190,0,443,261511,1,0.300157977883,0.461725394897,0.300157977883,0,0.998310089111
"methane_baseline.xmodel","ang20191006t183904_r6303_c119_w151_h151",fraca,0,0,851,261293,0,0,0,0,0,0.996753692627
"methane_baseline.xmodel","ang20191016t152245_r6006_c345_w151_h151",fraca,0,0,550,261594,0,0,0,0,0,0.997901916504
"methane_baseline.xmodel","ang20191007t180411_r4476_c78_w151_h151",fraca,38,0,33,262073,1,0.535211267606,0.697247706422,0.535211267606,0,0.99987411499
"methane_baseline.xmodel","ang20190926t184029_r11014_c285_w151_h151",fraca,0,0,294,261850,0,0,0,0,0,0.998878479004
"methane_baseline.xmodel","ang20190923t183439_r13105_c371_w151_h151",fraca,458,2,175,261509,0.995652173913,0.723538704581,0.838060384263,0.72125984252,7.64786184902e-06,0.999324798584
"methane_baseline.xmodel","ang20191007t180411_r7473_c341_w151_h151",fraca,0,0,308,261836,0,0,0,0,0,0.998825073242
"methane_baseline.xmodel","ang20191007t184008_r2619_c339_w151_h151",fraca,77,1,350,261716,0.987179487179,0.180327868852,0.30495049505,0.179906542056,3.82092107123e-06,0.99866104126
"methane_baseline.xmodel","ang20191008t165855_r5992_c1_w151_h151",fraca,0,0,314,261830,0,0,0,0,0,0.998802185059
"methane_baseline.xmodel","ang20191006t185838_r8904_c97_w151_h151",fraca,0,0,174,261970,0,0,0,0,0,0.999336242676
"methane_baseline.xmodel","ang20190926t163428_r5577_c404_w151_h151",fraca,451,1,1822,259870,0.997787610619,0.198416190057,0.331009174312,0.198328935796,3.84806307745e-06,0.993045806885
"methane_baseline.xmodel","ang20191007t200647_r540_c477_w151_h151",fraca,0,0,954,261190,0,0,0,0,0,0.996360778809
"methane_baseline.xmodel","ang20191010t192008_r3313_c356_w151_h151",fraca,0,0,19,262125,0,0,0,0,0,0.999927520752
"methane_baseline.xmodel","ang20191007t184008_r2975_c285_w151_h151",fraca,0,0,473,261671,0,0,0,0,0,0.998195648193
"methane_baseline.xmodel","ang20191022t172245_r2586_c225_w151_h151",fraca,85,0,1807,260252,1,0.0449260042283,0.0859888720283,0.0449260042283,0,0.993106842041
"methane_baseline.xmodel","ang20191011t161719_r6115_c144_w151_h151",fraca,0,0,156,261988,0,0,0,0,0,0.999404907227
"methane_baseline.xmodel","ang20191006t183904_r10569_c449_w151_h151",fraca,0,0,138,262006,0,0,0,0,0,0.999473571777
"methane_baseline.xmodel","ang20191022t175031_r6353_c295_w151_h151",fraca,187,0,10920,251037,1,0.0168362294049,0.0331149282805,0.0168362294049,0,0.958343505859
"methane_baseline.xmodel","ang20191011t172641_r179_c220_w151_h151",fraca,0,0,209,261935,0,0,0,0,0,0.999202728271
"methane_baseline.xmodel","ang20191016t153826_r1356_c178_w151_h151",fraca,0,0,370,261774,0,0,0,0,0,0.998588562012
"methane_baseline.xmodel","ang20190923t174142_r9678_c231_w151_h151",fraca,754,0,89,261301,1,0.894424673784,0.944270507201,0.894424673784,0,0.999660491943
"methane_baseline.xmodel","ang20191017t152518_r13050_c28_w151_h151",fraca,11691,157,5184,245112,0.986748818366,0.6928,0.814051457021,0.6864138093,0.000640113508026,0.979625701904
"methane_baseline.xmodel","ang20190923t181729_r13645_c146_w151_h151",fraca,424,4,0,261716,0.990654205607,1,0.995305164319,0.990654205607,1.52835090937e-05,0.999984741211
"methane_baseline.xmodel","ang20191017t143318_r8893_c327_w151_h151",fraca,9,0,3203,258932,1,0.00280199252802,0.00558832660664,0.00280199252802,0,0.987781524658
"methane_baseline.xmodel","ang20191019t181857_r7183_c429_w151_h151",fraca,0,0,969,261175,0,0,0,0,0,0.99630355835
"methane_baseline.xmodel","ang20191011t161719_r5682_c416_w151_h151",fraca,0,0,144,262000,0,0,0,0,0,0.999450683594
"methane_baseline.xmodel","ang20191007t195115_r7694_c541_w151_h151",fraca,0,0,160,261984,0,0,0,0,0,0.999389648438
"methane_baseline.xmodel","ang20191006t172739_r6883_c446_w151_h151",fraca,233,3,778,261130,0.987288135593,0.230464886251,0.373696872494,0.229783037475,1.14883986321e-05,0.997020721436
"methane_baseline.xmodel","ang20190926t191417_r7600_c530_w151_h151",fraca,0,0,281,261863,0,0,0,0,0,0.998928070068
"methane_baseline.xmodel","ang20191017t183448_r2833_c207_w151_h151",fraca,104,0,183,261857,1,0.362369337979,0.531969309463,0.362369337979,0,0.9993019104
"methane_baseline.xmodel","ang20191006t172739_r2847_c436_w151_h151",fraca,1500,5,858,259781,0.996677740864,0.636132315522,0.776598498576,0.634786288616,1.92466106719e-05,0.99670791626
"methane_baseline.xmodel","ang20191007t184008_r2727_c199_w151_h151",fraca,93,1,734,261316,0.989361702128,0.112454655381,0.201954397394,0.11231884058,3.82676978536e-06,0.99719619751
"methane_baseline.xmodel","ang20190928t193847_r4815_c480_w151_h151",fraca,0,0,134,262010,0,0,0,0,0,0.999488830566
"methane_baseline.xmodel","ang20190927t190436_r8129_c169_w151_h151",fraca,0,0,533,261611,0,0,0,0,0,0.997966766357
"methane_baseline.xmodel","ang20190926t191417_r1772_c223_w151_h151",fraca,0,0,3003,259141,0,0,0,0,0,0.988544464111
"methane_baseline.xmodel","ang20191010t152203_r15617_c225_w151_h151",fraca,80,1,14,262049,0.987654320988,0.851063829787,0.914285714286,0.842105263158,3.81606563633e-06,0.999942779541
"methane_baseline.xmodel","ang20191016t150743_r8540_c205_w151_h151",fraca,0,0,1,262143,0,0,0,0,0,0.999996185303
"methane_baseline.xmodel","ang20191011t184311_r7918_c580_w151_h151",fraca,0,0,182,261962,0,0,0,0,0,0.999305725098
"methane_baseline.xmodel","ang20191007t180411_r8343_c334_w151_h151",fraca,0,0,150,261994,0,0,0,0,0,0.99942779541
"methane_baseline.xmodel","ang20191005t210402_r2602_c488_w151_h151",fraca,67,0,35,262042,1,0.656862745098,0.792899408284,0.656862745098,0,0.999866485596
"methane_baseline.xmodel","ang20191017t161837_r6209_c247_w151_h151",fraca,301,0,1065,260778,1,0.220351390922,0.361127774445,0.220351390922,0,0.995937347412
"methane_baseline.xmodel","ang20191006t182329_r7678_c336_w151_h151",fraca,0,0,132,262012,0,0,0,0,0,0.999496459961
"methane_baseline.xmodel","ang20191017t183448_r7319_c440_w151_h151",fraca,163,0,773,261208,1,0.174145299145,0.296633303003,0.174145299145,0,0.997051239014
"methane_baseline.xmodel","ang20191017t150903_r3005_c424_w151_h151",fraca,0,0,872,261272,0,0,0,0,0,0.996673583984
"methane_baseline.xmodel","ang20191010t161700_r7551_c0_w151_h151",fraca,177,0,54,261913,1,0.766233766234,0.867647058824,0.766233766234,0,0.999794006348
"methane_baseline.xmodel","ang20191008t190449_r8485_c615_w151_h151",fraca,0,0,104,262040,0,0,0,0,0,0.999603271484
"methane_baseline.xmodel","ang20190927t192237_r7830_c232_w151_h151",fraca,0,0,209,261935,0,0,0,0,0,0.999202728271
"methane_baseline.xmodel","ang20190926t221757_r11914_c644_w151_h151",fraca,0,0,142,262002,0,0,0,0,0,0.999458312988
"methane_baseline.xmodel","ang20191017t170330_r6636_c139_w151_h151",fraca,68,0,270,261806,1,0.201183431953,0.334975369458,0.201183431953,0,0.998970031738
"methane_baseline.xmodel","ang20191011t185825_r1341_c130_w151_h151",fraca,0,0,1192,260952,0,0,0,0,0,0.995452880859
"methane_baseline.xmodel","ang20191022t173357_r862_c86_w151_h151",fraca,0,0,19461,242683,0,0,0,0,0,0.925762176514
"methane_baseline.xmodel","ang20191011t182731_r2234_c17_w151_h151",fraca,0,0,145,261999,0,0,0,0,0,0.999446868896
"methane_baseline.xmodel","ang20191006t171344_r11295_c136_w151_h151",fraca,0,0,140,262004,0,0,0,0,0,0.999465942383
"methane_baseline.xmodel","ang20191019t171416_r1650_c325_w151_h151",fraca,2,0,258,261884,1,0.00769230769231,0.0152671755725,0.00769230769231,0,0.999015808105
"methane_baseline.xmodel","ang20190924t193726_r2271_c283_w151_h151",fraca,228,2,3566,258348,0.991304347826,0.0600948866632,0.113320079523,0.0600632244468,7.74143603638e-06,0.986389160156
"methane_baseline.xmodel","ang20191017t183448_r4263_c115_w151_h151",fraca,0,0,190,261954,0,0,0,0,0,0.99927520752
"methane_baseline.xmodel","ang20190926t163428_r3651_c282_w151_h151",fraca,0,0,3051,259093,0,0,0,0,0,0.988361358643
"methane_baseline.xmodel","ang20191007t180411_r8333_c435_w151_h151",fraca,114,0,36,261994,1,0.76,0.863636363636,0.76,0,0.999862670898
"methane_baseline.xmodel","ang20191008t165855_r16764_c566_w151_h151",fraca,0,0,77,262067,0,0,0,0,0,0.999706268311
"methane_baseline.xmodel","ang20191022t164918_r3781_c445_w151_h151",fraca,0,0,330,261814,0,0,0,0,0,0.998741149902
"methane_baseline.xmodel","ang20191016t172526_r4916_c28_w151_h151",fraca,0,0,926,261218,0,0,0,0,0,0.996467590332
"methane_baseline.xmodel","ang20191022t150110_r1541_c384_w151_h151",fraca,0,0,994,261150,0,0,0,0,0,0.996208190918
"methane_baseline.xmodel","ang20191017t163235_r8530_c81_w151_h151",fraca,512,0,63,261569,1,0.890434782609,0.942042318307,0.890434782609,0,0.999759674072
"methane_baseline.xmodel","ang20191016t165454_r399_c429_w151_h151",fraca,192,0,1567,260385,1,0.1091529278,0.196822142491,0.1091529278,0,0.994022369385
"methane_baseline.xmodel","ang20190926t163428_r10145_c601_w151_h151",fraca,0,0,105,262039,0,0,0,0,0,0.999599456787
"methane_baseline.xmodel","ang20191007t180411_r238_c97_w151_h151",fraca,134,1,304,261705,0.992592592593,0.305936073059,0.467713787086,0.305239179954,3.8210816718e-06,0.998836517334
"methane_baseline.xmodel","ang20190928t190948_r9684_c338_w151_h151",fraca,154,0,16,261974,1,0.905882352941,0.950617283951,0.905882352941,0,0.999938964844
"methane_baseline.xmodel","ang20190923t163307_r2796_c346_w151_h151",fraca,0,0,116,262028,0,0,0,0,0,0.999557495117
"methane_baseline.xmodel","ang20191022t172245_r770_c271_w151_h151",fraca,0,0,493,261651,0,0,0,0,0,0.998119354248
"methane_baseline.xmodel","ang20190923t174142_r13784_c155_w151_h151",fraca,4,0,175,261965,1,0.0223463687151,0.0437158469945,0.0223463687151,0,0.999332427979
"methane_baseline.xmodel","ang20191022t184525_r1727_c394_w151_h151",fraca,0,0,1110,261034,0,0,0,0,0,0.995765686035
"methane_baseline.xmodel","ang20191022t194233_r2576_c381_w151_h151",fraca,0,0,2515,259629,0,0,0,0,0,0.990406036377
"methane_baseline.xmodel","ang20191016t150743_r4301_c153_w151_h151",fraca,0,0,201,261943,0,0,0,0,0,0.99923324585
"methane_baseline.xmodel","ang20191016t162417_r4609_c154_w151_h151",fraca,16,0,3747,258381,1,0.00425192665427,0.00846784863721,0.00425192665427,0,0.985706329346
"methane_baseline.xmodel","ang20191011t181301_r4604_c79_w151_h151",fraca,0,0,826,261318,0,0,0,0,0,0.996849060059
"methane_baseline.xmodel","ang20191006t164135_r10351_c112_w151_h151",fraca,1,0,1106,261037,1,0.000903342366757,0.00180505415162,0.000903342366757,0,0.995780944824
"methane_baseline.xmodel","ang20191022t151202_r5332_c83_w151_h151",fraca,0,0,500,261644,0,0,0,0,0,0.998092651367
"methane_baseline.xmodel","ang20191016t145145_r4191_c139_w151_h151",fraca,0,0,664,261480,0,0,0,0,0,0.997467041016
"methane_baseline.xmodel","ang20191017t171949_r4650_c228_w151_h151",fraca,107,0,362,261675,1,0.228144989339,0.371527777778,0.228144989339,0,0.99861907959
"methane_baseline.xmodel","ang20191016t145145_r6688_c484_w151_h151",fraca,42,0,60,262042,1,0.411764705882,0.583333333333,0.411764705882,0,0.999771118164
"methane_baseline.xmodel","ang20190926t172904_r6224_c63_w151_h151",fraca,241,0,16415,245488,1,0.0144692603266,0.028525773806,0.0144692603266,0,0.937381744385
"methane_baseline.xmodel","ang20191016t153826_r8007_c472_w151_h151",fraca,0,0,732,261412,0,0,0,0,0,0.997207641602
"methane_baseline.xmodel","ang20191016t153826_r10114_c552_w151_h151",fraca,0,0,175,261969,0,0,0,0,0,0.999332427979
"methane_baseline.xmodel","ang20190927t151239_r8961_c230_w151_h151",fraca,7653,3,17770,236718,0.99960815047,0.30102662943,0.46271048097,0.300991111461,1.26731468691e-05,0.932201385498
"methane_baseline.xmodel","ang20191008t165855_r992_c271_w151_h151",fraca,0,0,155,261989,0,0,0,0,0,0.999408721924
"methane_baseline.xmodel","ang20191011t172641_r290_c384_w151_h151",fraca,0,0,209,261935,0,0,0,0,0,0.999202728271
"methane_baseline.xmodel","ang20191017t170330_r2523_c49_w151_h151",fraca,0,0,575,261569,0,0,0,0,0,0.997806549072
"methane_baseline.xmodel","ang20191013t171742_r7030_c293_w151_h151",fraca,278,0,22,261844,1,0.926666666667,0.961937716263,0.926666666667,0,0.99991607666
"methane_baseline.xmodel","ang20191007t201917_r11140_c1504_w151_h151",fraca,0,0,18,262126,0,0,0,0,0,0.999931335449
"methane_baseline.xmodel","ang20191006t171344_r6499_c59_w151_h151",fraca,0,0,792,261352,0,0,0,0,0,0.996978759766
"methane_baseline.xmodel","ang20190926t154314_r7388_c121_w151_h151",fraca,0,0,536,261608,0,0,0,0,0,0.997955322266
"methane_baseline.xmodel","ang20191023t151141_r8860_c432_w151_h151",fraca,8979,12,4607,248546,0.998665331999,0.660900927425,0.795411259246,0.660317693778,4.82784702162e-05,0.98237991333
"methane_baseline.xmodel","ang20190922t192642_r4034_c360_w151_h151",fraca,70,0,24,262050,1,0.744680851064,0.853658536585,0.744680851064,0,0.999908447266
"methane_baseline.xmodel","ang20190923t172416_r12122_c231_w151_h151",fraca,0,0,442,261702,0,0,0,0,0,0.998313903809
"methane_baseline.xmodel","ang20191006t180341_r12854_c530_w151_h151",fraca,0,0,91,262053,0,0,0,0,0,0.999652862549
"methane_baseline.xmodel","ang20191007t200647_r3826_c309_w151_h151",fraca,0,0,2116,260028,0,0,0,0,0,0.991928100586
"methane_baseline.xmodel","ang20191019t175004_r6836_c572_w151_h151",fraca,0,0,868,261276,0,0,0,0,0,0.996688842773
"methane_baseline.xmodel","ang20191006t180341_r4754_c553_w151_h151",fraca,0,0,333,261811,0,0,0,0,0,0.998729705811
"methane_baseline.xmodel","ang20190926t182043_r1646_c560_w151_h151",fraca,55,3,556,261530,0.948275862069,0.0900163666121,0.1644245142,0.0895765472313,1.14708277732e-05,0.997867584229
"methane_baseline.xmodel","ang20191016t183045_r6828_c112_w151_h151",fraca,0,0,650,261494,0,0,0,0,0,0.997520446777
"methane_baseline.xmodel","ang20191011t165345_r1317_c247_w151_h151",fraca,0,0,132,262012,0,0,0,0,0,0.999496459961
"methane_baseline.xmodel","ang20190923t174142_r7561_c18_w151_h151",fraca,0,0,82,262062,0,0,0,0,0,0.999687194824
"methane_baseline.xmodel","ang20190923t170747_r9537_c44_w151_h151",fraca,0,0,139,262005,0,0,0,0,0,0.99946975708
"methane_baseline.xmodel","ang20191019t161418_r6643_c39_w151_h151",fraca,0,0,548,261596,0,0,0,0,0,0.997909545898
"methane_baseline.xmodel","ang20191023t151141_r6732_c127_w151_h151",fraca,0,0,971,261173,0,0,0,0,0,0.996295928955
"methane_baseline.xmodel","ang20191022t151202_r10560_c359_w151_h151",fraca,1022,1,979,260142,0.999022482893,0.510744627686,0.675925925926,0.51048951049,3.84403962436e-06,0.99626159668
"methane_baseline.xmodel","ang20191008t194115_r6986_c506_w151_h151",fraca,0,0,162,261982,0,0,0,0,0,0.999382019043
"methane_baseline.xmodel","ang20191023t165811_r7299_c48_w151_h151",fraca,0,0,477,261667,0,0,0,0,0,0.998180389404
"methane_baseline.xmodel","ang20191023t154154_r10468_c428_w151_h151",fraca,37,0,702,261405,1,0.0500676589986,0.0953608247423,0.0500676589986,0,0.99732208252
"methane_baseline.xmodel","ang20190927t182905_r147_c396_w151_h151",fraca,0,0,112,262032,0,0,0,0,0,0.999572753906
"methane_baseline.xmodel","ang20191016t163955_r7126_c284_w151_h151",fraca,2,0,81,262061,1,0.0240963855422,0.0470588235294,0.0240963855422,0,0.999691009521
"methane_baseline.xmodel","ang20190927t154855_r9198_c75_w151_h151",fraca,0,0,2099,260045,0,0,0,0,0,0.991992950439
"methane_baseline.xmodel","ang20191008t160209_r5510_c345_w151_h151",fraca,0,0,107,262037,0,0,0,0,0,0.999591827393
"methane_baseline.xmodel","ang20191008t160209_r7519_c6_w151_h151",fraca,32,0,55,262057,1,0.367816091954,0.53781512605,0.367816091954,0,0.99979019165
"methane_baseline.xmodel","ang20191007t184008_r2717_c75_w151_h151",fraca,0,0,634,261510,0,0,0,0,0,0.997581481934
"methane_baseline.xmodel","ang20191023t190429_r10757_c74_w151_h151",fraca,609,0,20048,241487,1,0.0294815316842,0.0572745227123,0.0294815316842,0,0.923522949219
"methane_baseline.xmodel","ang20191013t154421_r6633_c614_w151_h151",fraca,0,0,561,261583,0,0,0,0,0,0.997859954834
"methane_baseline.xmodel","ang20191019t172500_r1569_c371_w151_h151",fraca,0,0,419,261725,0,0,0,0,0,0.998401641846
"methane_baseline.xmodel","ang20191022t194233_r2201_c511_w151_h151",fraca,311,3,147,261683,0.990445859873,0.67903930131,0.805699481865,0.674620390456,1.14641211223e-05,0.99942779541
"methane_baseline.xmodel","ang20191017t191119_r259_c524_w151_h151",fraca,0,0,570,261574,0,0,0,0,0,0.997825622559
"methane_baseline.xmodel","ang20191011t172641_r6469_c529_w151_h151",fraca,0,0,711,261433,0,0,0,0,0,0.997287750244
"methane_baseline.xmodel","ang20191023t193139_r2457_c374_w151_h151",fraca,0,0,505,261639,0,0,0,0,0,0.998073577881
"methane_baseline.xmodel","ang20191016t155337_r2316_c213_w151_h151",fraca,0,0,122,262022,0,0,0,0,0,0.999534606934
"methane_baseline.xmodel","ang20190923t170747_r8220_c606_w151_h151",fraca,103,0,138,261903,1,0.427385892116,0.598837209302,0.427385892116,0,0.999473571777
"methane_baseline.xmodel","ang20190923t163307_r13801_c577_w151_h151",fraca,183,0,167,261794,1,0.522857142857,0.686679174484,0.522857142857,0,0.999362945557
"methane_baseline.xmodel","ang20191022t143154_r5199_c882_w151_h151",fraca,0,0,379,261765,0,0,0,0,0,0.998554229736
"methane_baseline.xmodel","ang20191005t210402_r3026_c243_w151_h151",fraca,14,0,48,262082,1,0.225806451613,0.368421052632,0.225806451613,0,0.999816894531
"methane_baseline.xmodel","ang20191022t181138_r4798_c381_w151_h151",fraca,163,0,303,261678,1,0.349785407725,0.518282988871,0.349785407725,0,0.998844146729
"methane_baseline.xmodel","ang20191007t180411_r328_c40_w151_h151",fraca,0,0,363,261781,0,0,0,0,0,0.998615264893
"methane_baseline.xmodel","ang20191016t160914_r1462_c430_w151_h151",fraca,2,0,123,262019,1,0.016,0.0314960629921,0.016,0,0.999530792236
"methane_baseline.xmodel","ang20191008t190449_r8830_c37_w151_h151",fraca,0,0,299,261845,0,0,0,0,0,0.998859405518
"methane_baseline.xmodel","ang20191011t174241_r2016_c166_w151_h151",fraca,0,0,27,262117,0,0,0,0,0,0.999897003174
"methane_baseline.xmodel","ang20191011t171218_r5805_c317_w151_h151",fraca,0,0,293,261851,0,0,0,0,0,0.998882293701
"methane_baseline.xmodel","ang20191016t174016_r1345_c311_w151_h151",fraca,109,0,104,261931,1,0.511737089202,0.67701863354,0.511737089202,0,0.999603271484
"methane_baseline.xmodel","ang20191016t193637_r1286_c131_w151_h151",fraca,0,0,549,261595,0,0,0,0,0,0.997905731201
"methane_baseline.xmodel","ang20191017t160033_r7859_c18_w151_h151",fraca,0,0,256,261888,0,0,0,0,0,0.9990234375
"methane_baseline.xmodel","ang20191016t190528_r8321_c177_w151_h151",fraca,0,0,36,262108,0,0,0,0,0,0.999862670898
"methane_baseline.xmodel","ang20191007t195115_r10468_c473_w151_h151",fraca,0,0,471,261673,0,0,0,0,0,0.998203277588
"methane_baseline.xmodel","ang20191016t153826_r4914_c341_w151_h151",fraca,0,0,517,261627,0,0,0,0,0,0.998027801514
"methane_baseline.xmodel","ang20191016t150743_r7534_c462_w151_h151",fraca,61,1,110,261972,0.983870967742,0.356725146199,0.523605150215,0.354651162791,3.81718726739e-06,0.999576568604
"methane_baseline.xmodel","ang20191019t172500_r5517_c100_w151_h151",fraca,0,0,483,261661,0,0,0,0,0,0.998157501221
"methane_baseline.xmodel","ang20191017t150903_r8459_c83_w151_h151",fraca,211,0,3797,258136,1,0.0526447105788,0.100023702299,0.0526447105788,0,0.985515594482
"methane_baseline.xmodel","ang20191011t181301_r4715_c216_w151_h151",fraca,0,0,826,261318,0,0,0,0,0,0.996849060059
"methane_baseline.xmodel","ang20191007t180411_r385_c220_w151_h151",fraca,218,1,417,261508,0.995433789954,0.343307086614,0.510538641686,0.342767295597,3.82396016963e-06,0.998405456543
"methane_baseline.xmodel","ang20191017t191119_r8161_c166_w151_h151",fraca,142,3,2,261997,0.979310344828,0.986111111111,0.982698961938,0.965986394558,1.14503816794e-05,0.999980926514
"methane_baseline.xmodel","ang20191017t183448_r2595_c353_w151_h151",fraca,167,0,183,261794,1,0.477142857143,0.646034816248,0.477142857143,0,0.9993019104
"methane_baseline.xmodel","ang20191007t193705_r6677_c293_w151_h151",fraca,1,0,271,261872,1,0.00367647058824,0.00732600732601,0.00367647058824,0,0.998966217041
"methane_baseline.xmodel","ang20191022t183431_r3684_c51_w151_h151",fraca,0,0,102,262042,0,0,0,0,0,0.999610900879
"methane_baseline.xmodel","ang20191008t172458_r15618_c226_w151_h151",fraca,137,2,70,261935,0.985611510791,0.661835748792,0.791907514451,0.655502392344,7.63542378511e-06,0.999725341797
"methane_baseline.xmodel","ang20191006t165608_r3851_c102_w151_h151",fraca,129,0,22211,239804,1,0.00577439570278,0.0114824869821,0.00577439570278,0,0.915271759033
"methane_baseline.xmodel","ang20191011t194308_r3422_c371_w151_h151",fraca,32,1,66,262045,0.969696969697,0.326530612245,0.488549618321,0.323232323232,3.81612388665e-06,0.999744415283
"methane_baseline.xmodel","ang20191010t155034_r1054_c264_w151_h151",fraca,0,0,71,262073,0,0,0,0,0,0.999729156494
"methane_baseline.xmodel","ang20191010t161700_r9154_c68_w151_h151",fraca,0,0,58,262086,0,0,0,0,0,0.999778747559
"methane_baseline.xmodel","ang20190926t191417_r7292_c321_w151_h151",fraca,0,0,1174,260970,0,0,0,0,0,0.99552154541
"methane_baseline.xmodel","ang20191008t151045_r7709_c339_w151_h151",fraca,0,0,7,262137,0,0,0,0,0,0.999973297119
"methane_baseline.xmodel","ang20191022t172245_r1500_c8_w151_h151",fraca,0,0,538,261606,0,0,0,0,0,0.997947692871
"methane_baseline.xmodel","ang20191016t150743_r7485_c497_w151_h151",fraca,0,0,171,261973,0,0,0,0,0,0.999347686768
"methane_baseline.xmodel","ang20191007t190840_r10266_c512_w151_h151",fraca,0,0,30,262114,0,0,0,0,0,0.999885559082
"methane_baseline.xmodel","ang20190927t192237_r4742_c244_w151_h151",fraca,0,0,92,262052,0,0,0,0,0,0.999649047852
"methane_baseline.xmodel","ang20191013t154421_r6544_c120_w151_h151",fraca,0,0,7339,254805,0,0,0,0,0,0.972003936768
"methane_baseline.xmodel","ang20191011t185825_r7106_c375_w151_h151",fraca,0,0,48,262096,0,0,0,0,0,0.999816894531
"methane_baseline.xmodel","ang20191007t193705_r6743_c324_w151_h151",fraca,3019,5,5179,253941,0.998346560847,0.368260551354,0.538050258421,0.368036084359,1.96892252684e-05,0.980224609375
"methane_baseline.xmodel","ang20190927t192237_r3815_c230_w151_h151",fraca,13,0,70,262061,1,0.156626506024,0.270833333333,0.156626506024,0,0.999732971191
"methane_baseline.xmodel","ang20191016t174016_r10486_c183_w151_h151",fraca,0,0,78,262066,0,0,0,0,0,0.999702453613
"methane_baseline.xmodel","ang20191010t152203_r3308_c291_w151_h151",fraca,0,0,56,262088,0,0,0,0,0,0.999786376953
"methane_baseline.xmodel","ang20191016t190528_r6562_c257_w151_h151",fraca,0,0,145,261999,0,0,0,0,0,0.999446868896
"methane_baseline.xmodel","ang20191023t194035_r2804_c564_w151_h151",fraca,244,1,244,261655,0.995918367347,0.5,0.665757162347,0.498977505112,3.82181184456e-06,0.99906539917
"methane_baseline.xmodel","ang20191016t193637_r7529_c196_w151_h151",fraca,0,0,1058,261086,0,0,0,0,0,0.995964050293
"methane_baseline.xmodel","ang20191007t190840_r8073_c608_w151_h151",fraca,0,0,119,262025,0,0,0,0,0,0.999546051025
"methane_baseline.xmodel","ang20191023t152801_r8494_c121_w151_h151",fraca,32849,31,20848,208416,0.999057177616,0.611747397434,0.758838952609,0.611394431209,0.000148718858991,0.920352935791
"methane_baseline.xmodel","ang20191017t170330_r2719_c223_w151_h151",fraca,63,0,620,261461,1,0.0922401171303,0.16890080429,0.0922401171303,0,0.997634887695
"methane_baseline.xmodel","ang20191022t194943_r13696_c736_w151_h151",fraca,0,0,287,261857,0,0,0,0,0,0.998905181885
"methane_baseline.xmodel","ang20190927t162514_r9665_c344_w151_h151",fraca,243,0,1405,260496,1,0.147451456311,0.257006874669,0.147451456311,0,0.994640350342
"methane_baseline.xmodel","ang20191008t194115_r5136_c359_w151_h151",fraca,0,0,74,262070,0,0,0,0,0,0.999717712402
"methane_baseline.xmodel","ang20191022t151202_r2097_c308_w151_h151",fraca,0,0,4390,257754,0,0,0,0,0,0.983253479004
"methane_baseline.xmodel","ang20191011t191345_r3132_c20_w151_h151",fraca,0,0,259,261885,0,0,0,0,0,0.999011993408
"methane_baseline.xmodel","ang20191008t182150_r9373_c480_w151_h151",fraca,0,0,1836,260308,0,0,0,0,0,0.99299621582
"methane_baseline.xmodel","ang20191022t194943_r14339_c896_w151_h151",fraca,0,0,49,262095,0,0,0,0,0,0.999813079834
"methane_baseline.xmodel","ang20191022t152357_r3245_c210_w151_h151",fraca,0,0,1966,260178,0,0,0,0,0,0.992500305176
"methane_baseline.xmodel","ang20191019t172500_r1997_c346_w151_h151",fraca,0,0,523,261621,0,0,0,0,0,0.99800491333
"methane_baseline.xmodel","ang20191008t165855_r5763_c547_w151_h151",fraca,84,0,193,261867,1,0.303249097473,0.465373961219,0.303249097473,0,0.999263763428
"methane_baseline.xmodel","ang20191007t201917_r4581_c1646_w151_h151",fraca,0,0,152,261992,0,0,0,0,0,0.999420166016
"methane_baseline.xmodel","ang20191011t184311_r5660_c460_w151_h151",fraca,0,0,185,261959,0,0,0,0,0,0.999294281006
"methane_baseline.xmodel","ang20191006t172739_r852_c455_w151_h151",fraca,0,0,65,262079,0,0,0,0,0,0.999752044678
"methane_baseline.xmodel","ang20191017t185057_r3011_c352_w151_h151",fraca,0,0,88,262056,0,0,0,0,0,0.999664306641
"methane_baseline.xmodel","ang20191016t145145_r5157_c282_w151_h151",fraca,0,0,224,261920,0,0,0,0,0,0.999145507812
"methane_baseline.xmodel","ang20191017t161837_r633_c413_w151_h151",fraca,8,0,50,262086,1,0.137931034483,0.242424242424,0.137931034483,0,0.999809265137
"methane_baseline.xmodel","ang20191011t161719_r1702_c20_w151_h151",fraca,0,0,137,262007,0,0,0,0,0,0.999477386475
"methane_baseline.xmodel","ang20191007t201917_r6099_c1760_w151_h151",fraca,0,0,34,262110,0,0,0,0,0,0.999870300293
"methane_baseline.xmodel","ang20190926t174644_r6413_c463_w151_h151",fraca,887,1,1487,259769,0.998873873874,0.373631002527,0.543838136113,0.373473684211,3.84955922547e-06,0.994323730469
"methane_baseline.xmodel","ang20191010t193818_r5450_c229_w151_h151",fraca,0,0,655,261489,0,0,0,0,0,0.997501373291
"methane_baseline.xmodel","ang20190926t184029_r1773_c101_w151_h151",fraca,592,5,923,260624,0.99162479062,0.390759075908,0.560606060606,0.389473684211,1.9184357842e-05,0.996459960938
"methane_baseline.xmodel","ang20191010t184216_r2221_c250_w151_h151",fraca,263,1,104,261776,0.996212121212,0.716621253406,0.833597464342,0.714673913043,3.82004530574e-06,0.999599456787
"methane_baseline.xmodel","ang20191017t170330_r2979_c90_w151_h151",fraca,0,0,154,261990,0,0,0,0,0,0.999412536621
"methane_baseline.xmodel","ang20191007t180411_r197_c203_w151_h151",fraca,34,0,601,261509,1,0.0535433070866,0.101644245142,0.0535433070866,0,0.997707366943
"methane_baseline.xmodel","ang20191023t152801_r8786_c7_w151_h151",fraca,33467,37,6128,222512,0.99889565425,0.845232983963,0.915662320962,0.84444388373,0.000166255521256,0.976482391357
"methane_baseline.xmodel","ang20191023t194035_r453_c807_w151_h151",fraca,300,0,220,261624,1,0.576923076923,0.731707317073,0.576923076923,0,0.999160766602
"methane_baseline.xmodel","ang20191006t162415_r2230_c31_w151_h151",fraca,0,0,390,261754,0,0,0,0,0,0.998512268066
"methane_baseline.xmodel","ang20191007t180411_r382_c211_w151_h151",fraca,358,1,277,261508,0.99721448468,0.563779527559,0.72032193159,0.562893081761,3.82396016963e-06,0.99893951416
"methane_baseline.xmodel","ang20191022t165908_r237_c391_w151_h151",fraca,0,0,122,262022,0,0,0,0,0,0.999534606934
"methane_baseline.xmodel","ang20190928t183313_r8780_c41_w151_h151",fraca,0,0,844,261300,0,0,0,0,0,0.996780395508
"methane_baseline.xmodel","ang20191016t155337_r7518_c314_w151_h151",fraca,0,0,318,261826,0,0,0,0,0,0.99878692627
"methane_baseline.xmodel","ang20191019t185452_r23436_c591_w151_h151",fraca,0,0,772,261372,0,0,0,0,0,0.997055053711
"methane_baseline.xmodel","ang20191006t165608_r2694_c228_w151_h151",fraca,211,0,712,261221,1,0.228602383532,0.372134038801,0.228602383532,0,0.997283935547
"methane_baseline.xmodel","ang20190923t185208_r6456_c108_w151_h151",fraca,0,0,248,261896,0,0,0,0,0,0.999053955078
"methane_baseline.xmodel","ang20191017t164928_r1924_c168_w151_h151",fraca,161,0,4,261979,1,0.975757575758,0.98773006135,0.975757575758,0,0.999984741211
"methane_baseline.xmodel","ang20191022t194943_r19384_c244_w151_h151",fraca,0,0,16666,245478,0,0,0,0,0,0.936424255371
"methane_baseline.xmodel","ang20191007t180411_r377_c192_w151_h151",fraca,293,0,342,261509,1,0.461417322835,0.631465517241,0.461417322835,0,0.998695373535
"methane_baseline.xmodel","ang20191011t181301_r1934_c372_w151_h151",fraca,0,0,192,261952,0,0,0,0,0,0.999267578125
"methane_baseline.xmodel","ang20191013t145516_r15602_c363_w151_h151",fraca,15288,84,1405,245367,0.994535519126,0.915832983885,0.953563075004,0.911247541277,0.000342227165504,0.994319915771
"methane_baseline.xmodel","ang20190923t183439_r12388_c183_w151_h151",fraca,14,208,63,261859,0.0630630630631,0.181818181818,0.0936454849498,0.0491228070175,0.000793690163203,0.998966217041
"methane_baseline.xmodel","ang20191011t182731_r2294_c481_w151_h151",fraca,0,0,302,261842,0,0,0,0,0,0.998847961426
"methane_baseline.xmodel","ang20191011t154103_r7201_c121_w151_h151",fraca,0,0,217,261927,0,0,0,0,0,0.999172210693
"methane_baseline.xmodel","ang20191019t171416_r6921_c517_w151_h151",fraca,0,0,535,261609,0,0,0,0,0,0.997959136963
"methane_baseline.xmodel","ang20191019t181857_r3335_c290_w151_h151",fraca,418,2,571,261153,0.995238095238,0.422649140546,0.593328601845,0.421796165489,7.65828722406e-06,0.997814178467
"methane_baseline.xmodel","ang20190923t181729_r6905_c570_w151_h151",fraca,0,0,30,262114,0,0,0,0,0,0.999885559082
"methane_baseline.xmodel","ang20191011t175712_r10519_c398_w151_h151",fraca,0,0,61,262083,0,0,0,0,0,0.999767303467
"methane_baseline.xmodel","ang20191017t182024_r4733_c246_w151_h151",fraca,0,0,114,262030,0,0,0,0,0,0.999565124512
"methane_baseline.xmodel","ang20191016t150743_r10717_c139_w151_h151",fraca,0,0,71,262073,0,0,0,0,0,0.999729156494
"methane_baseline.xmodel","ang20191006t171344_r9427_c360_w151_h151",fraca,0,0,52,262092,0,0,0,0,0,0.999801635742
"methane_baseline.xmodel","ang20191016t152245_r5983_c340_w151_h151",fraca,6,0,473,261665,1,0.0125260960334,0.0247422680412,0.0125260960334,0,0.998195648193
"methane_baseline.xmodel","ang20191016t152245_r6252_c305_w151_h151",fraca,0,0,300,261844,0,0,0,0,0,0.99885559082
"methane_baseline.xmodel","ang20190927t181142_r496_c397_w151_h151",fraca,0,0,290,261854,0,0,0,0,0,0.998893737793
"methane_baseline.xmodel","ang20191010t193818_r7805_c145_w151_h151",fraca,40,0,547,261557,1,0.0681431005111,0.127591706539,0.0681431005111,0,0.997913360596
"methane_baseline.xmodel","ang20191017t180347_r8056_c173_w151_h151",fraca,0,0,485,261659,0,0,0,0,0,0.998149871826
"methane_baseline.xmodel","ang20191016t165454_r2143_c260_w151_h151",fraca,0,0,85,262059,0,0,0,0,0,0.999675750732
"methane_baseline.xmodel","ang20191016t195058_r7586_c437_w151_h151",fraca,0,0,232,261912,0,0,0,0,0,0.999114990234
"methane_baseline.xmodel","ang20191016t155337_r10331_c197_w151_h151",fraca,0,0,344,261800,0,0,0,0,0,0.998687744141
"methane_baseline.xmodel","ang20191022t154405_r5099_c206_w151_h151",fraca,0,0,1484,260660,0,0,0,0,0,0.994338989258
"methane_baseline.xmodel","ang20191017t160033_r67_c448_w151_h151",fraca,200,0,100,261844,1,0.666666666667,0.8,0.666666666667,0,0.999618530273
"methane_baseline.xmodel","ang20191008t165855_r13225_c356_w151_h151",fraca,0,0,136,262008,0,0,0,0,0,0.999481201172
"methane_baseline.xmodel","ang20190928t190948_r1327_c440_w151_h151",fraca,0,0,201,261943,0,0,0,0,0,0.99923324585
"methane_baseline.xmodel","ang20191022t192048_r3969_c36_w151_h151",fraca,113,0,796,261235,1,0.124312431243,0.221135029354,0.124312431243,0,0.996963500977
"methane_baseline.xmodel","ang20190927t190436_r5336_c357_w151_h151",fraca,0,0,96,262048,0,0,0,0,0,0.999633789062
"methane_baseline.xmodel","ang20191008t165855_r11435_c305_w151_h151",fraca,6,0,472,261666,1,0.0125523012552,0.0247933884298,0.0125523012552,0,0.998199462891
"methane_baseline.xmodel","ang20191006t165608_r8029_c40_w151_h151",fraca,0,0,278,261866,0,0,0,0,0,0.99893951416
"methane_baseline.xmodel","ang20191010t195717_r3512_c140_w151_h151",fraca,0,0,184,261960,0,0,0,0,0,0.999298095703
"methane_baseline.xmodel","ang20191023t162847_r10192_c462_w151_h151",fraca,1,0,1116,261027,1,0.000895255147717,0.00178890876565,0.000895255147717,0,0.995742797852
"methane_baseline.xmodel","ang20191007t200647_r5947_c145_w151_h151",fraca,0,0,136,262008,0,0,0,0,0,0.999481201172
"methane_baseline.xmodel","ang20191016t150743_r8506_c372_w151_h151",fraca,0,0,349,261795,0,0,0,0,0,0.998668670654
"methane_baseline.xmodel","ang20191017t185057_r7440_c2_w151_h151",fraca,136,0,274,261734,1,0.331707317073,0.498168498168,0.331707317073,0,0.998954772949
"methane_baseline.xmodel","ang20191016t153826_r7478_c403_w151_h151",fraca,0,0,90,262054,0,0,0,0,0,0.999656677246
"methane_baseline.xmodel","ang20191007t190840_r6560_c616_w151_h151",fraca,0,0,247,261897,0,0,0,0,0,0.999057769775
"methane_baseline.xmodel","ang20191022t152357_r3480_c152_w151_h151",fraca,0,0,3051,259093,0,0,0,0,0,0.988361358643
"methane_baseline.xmodel","ang20191008t172458_r7713_c115_w151_h151",fraca,52,0,17,262075,1,0.753623188406,0.859504132231,0.753623188406,0,0.999935150146
"methane_baseline.xmodel","ang20191017t171949_r2334_c222_w151_h151",fraca,7,0,3740,258397,1,0.00186816119562,0.00372935535429,0.00186816119562,0,0.985733032227
"methane_baseline.xmodel","ang20191006t152009_r2694_c249_w151_h151",fraca,117,0,945,261082,1,0.110169491525,0.198473282443,0.110169491525,0,0.996395111084
"methane_baseline.xmodel","ang20190926t184029_r10009_c90_w151_h151",fraca,0,0,118,262026,0,0,0,0,0,0.999549865723
"methane_baseline.xmodel","ang20191010t193818_r3753_c248_w151_h151",fraca,0,0,274,261870,0,0,0,0,0,0.998954772949
"methane_baseline.xmodel","ang20191008t190449_r3662_c563_w151_h151",fraca,0,0,188,261956,0,0,0,0,0,0.999282836914
"methane_baseline.xmodel","ang20191011t175712_r4641_c326_w151_h151",fraca,0,0,322,261822,0,0,0,0,0,0.99877166748
"methane_baseline.xmodel","ang20191008t165855_r5779_c454_w151_h151",fraca,3,0,274,261867,1,0.0108303249097,0.0214285714286,0.0108303249097,0,0.998954772949
"methane_baseline.xmodel","ang20191022t183431_r2245_c516_w151_h151",fraca,199,1,342,261602,0.995,0.367837338262,0.537112010796,0.367158671587,3.82258613242e-06,0.998691558838
"methane_baseline.xmodel","ang20190926t185727_r6574_c94_w151_h151",fraca,200,0,45,261899,1,0.816326530612,0.898876404494,0.816326530612,0,0.999828338623
"methane_baseline.xmodel","ang20191016t163955_r2792_c267_w151_h151",fraca,0,0,529,261615,0,0,0,0,0,0.997982025146
"methane_baseline.xmodel","ang20191011t182731_r6578_c227_w151_h151",fraca,0,0,68,262076,0,0,0,0,0,0.999740600586
"methane_baseline.xmodel","ang20191010t174755_r5972_c727_w151_h151",fraca,0,0,103,262041,0,0,0,0,0,0.999607086182
"methane_baseline.xmodel","ang20191011t161719_r2540_c80_w151_h151",fraca,0,0,206,261938,0,0,0,0,0,0.999214172363
"methane_baseline.xmodel","ang20191010t195717_r1411_c400_w151_h151",fraca,0,0,89,262055,0,0,0,0,0,0.999660491943
"methane_baseline.xmodel","ang20191017t161837_r3564_c381_w151_h151",fraca,0,0,274,261870,0,0,0,0,0,0.998954772949
"methane_baseline.xmodel","ang20191017t185057_r5074_c337_w151_h151",fraca,55,0,7,262082,1,0.887096774194,0.940170940171,0.887096774194,0,0.999973297119
"methane_baseline.xmodel","ang20191011t181301_r6123_c175_w151_h151",fraca,0,0,27,262117,0,0,0,0,0,0.999897003174
"methane_baseline.xmodel","ang20190928t185111_r247_c473_w151_h151",fraca,0,0,769,261375,0,0,0,0,0,0.997066497803
"methane_baseline.xmodel","ang20190926t152524_r9314_c202_w151_h151",fraca,34,1,253,261856,0.971428571429,0.118466898955,0.211180124224,0.118055555556,3.8188782427e-06,0.999031066895
"methane_baseline.xmodel","ang20191023t162847_r5792_c559_w151_h151",fraca,19,0,447,261678,1,0.0407725321888,0.0783505154639,0.0407725321888,0,0.998294830322
"methane_baseline.xmodel","ang20191016t174016_r2132_c350_w151_h151",fraca,0,0,583,261561,0,0,0,0,0,0.997776031494
"methane_baseline.xmodel","ang20191022t143154_r3627_c924_w151_h151",fraca,0,0,697,261447,0,0,0,0,0,0.997341156006
"methane_baseline.xmodel","ang20191007t200647_r1952_c20_w151_h151",fraca,0,0,59,262085,0,0,0,0,0,0.999774932861
"methane_baseline.xmodel","ang20191007t193705_r11611_c126_w151_h151",fraca,0,0,63,262081,0,0,0,0,0,0.999759674072
"methane_baseline.xmodel","ang20191022t165908_r269_c318_w151_h151",fraca,0,0,122,262022,0,0,0,0,0,0.999534606934
"methane_baseline.xmodel","ang20191011t165345_r3229_c379_w151_h151",fraca,0,0,36,262108,0,0,0,0,0,0.999862670898
"methane_baseline.xmodel","ang20191011t163647_r6181_c192_w151_h151",fraca,0,0,80,262064,0,0,0,0,0,0.999694824219
"methane_baseline.xmodel","ang20191017t173348_r2197_c17_w151_h151",fraca,0,0,164,261980,0,0,0,0,0,0.999374389648
"methane_baseline.xmodel","ang20191006t160931_r11274_c502_w151_h151",fraca,0,0,313,261831,0,0,0,0,0,0.998805999756
"methane_baseline.xmodel","ang20191007t193705_r9802_c132_w151_h151",fraca,0,0,385,261759,0,0,0,0,0,0.998531341553
"methane_baseline.xmodel","ang20190926t160016_r12710_c107_w151_h151",fraca,0,0,723,261421,0,0,0,0,0,0.997241973877
"methane_baseline.xmodel","ang20190923t183439_r8375_c559_w151_h151",fraca,8,0,81,262055,1,0.0898876404494,0.164948453608,0.0898876404494,0,0.999691009521
"methane_baseline.xmodel","ang20191022t175031_r3060_c477_w151_h151",fraca,0,0,2592,259552,0,0,0,0,0,0.990112304688
"methane_baseline.xmodel","ang20191016t160914_r1357_c233_w151_h151",fraca,0,0,125,262019,0,0,0,0,0,0.999523162842
"methane_baseline.xmodel","ang20191006t183904_r8230_c262_w151_h151",fraca,0,0,179,261965,0,0,0,0,0,0.999317169189
"methane_baseline.xmodel","ang20191011t192741_r5743_c218_w151_h151",fraca,0,0,133,262011,0,0,0,0,0,0.999492645264
"methane_baseline.xmodel","ang20191022t183431_r2314_c337_w151_h151",fraca,46,0,495,261603,1,0.0850277264325,0.156729131175,0.0850277264325,0,0.998111724854
"methane_baseline.xmodel","ang20190926t160016_r13060_c411_w151_h151",fraca,380,0,784,260980,1,0.3264604811,0.492227979275,0.3264604811,0,0.997009277344
"methane_baseline.xmodel","ang20191008t151045_r10167_c436_w151_h151",fraca,0,0,69,262075,0,0,0,0,0,0.999736785889
"methane_baseline.xmodel","ang20191017t144928_r8839_c75_w151_h151",fraca,37,0,103,262004,1,0.264285714286,0.418079096045,0.264285714286,0,0.999607086182
"methane_baseline.xmodel","ang20191011t194308_r4531_c243_w151_h151",fraca,157,1,703,261283,0.993670886076,0.182558139535,0.308447937132,0.182346109175,3.8272531039e-06,0.997314453125
"methane_baseline.xmodel","ang20191013t173258_r5436_c441_w151_h151",fraca,370,0,401,261373,1,0.479896238651,0.648553900088,0.479896238651,0,0.998470306396
"methane_baseline.xmodel","ang20190927t160700_r5001_c34_w151_h151",fraca,0,0,198,261946,0,0,0,0,0,0.999244689941
"methane_baseline.xmodel","ang20191011t171218_r3593_c332_w151_h151",fraca,0,0,165,261979,0,0,0,0,0,0.999370574951
"methane_baseline.xmodel","ang20191007t195115_r1797_c316_w151_h151",fraca,0,0,1253,260891,0,0,0,0,0,0.995220184326
"methane_baseline.xmodel","ang20191016t200430_r6887_c325_w151_h151",fraca,0,0,101,262043,0,0,0,0,0,0.999614715576
"methane_baseline.xmodel","ang20191010t182147_r4915_c111_w151_h151",fraca,0,0,0,262144,0,0,0,0,0,1
"methane_baseline.xmodel","ang20191017t164928_r10756_c447_w151_h151",fraca,90,0,174,261880,1,0.340909090909,0.508474576271,0.340909090909,0,0.999336242676
"methane_baseline.xmodel","ang20190927t184620_r11319_c398_w151_h151",fraca,0,0,200,261944,0,0,0,0,0,0.999237060547
"methane_baseline.xmodel","ang20191016t174016_r5584_c215_w151_h151",fraca,0,0,6056,256088,0,0,0,0,0,0.976898193359
"methane_baseline.xmodel","ang20191010t155034_r3347_c498_w151_h151",fraca,0,0,31,262113,0,0,0,0,0,0.999881744385
"methane_baseline.xmodel","ang20191016t171023_r6452_c377_w151_h151",fraca,134,0,2044,259966,1,0.0615243342516,0.115916955017,0.0615243342516,0,0.992202758789
"methane_baseline.xmodel","ang20191023t174017_r8481_c109_w151_h151",fraca,143,0,104,261897,1,0.578947368421,0.733333333333,0.578947368421,0,0.999603271484
"methane_baseline.xmodel","ang20191013t145516_r6319_c499_w151_h151",fraca,0,0,993,261151,0,0,0,0,0,0.996212005615
"methane_baseline.xmodel","ang20190928t175550_r6882_c432_w151_h151",fraca,3,0,688,261453,1,0.00434153400868,0.00864553314121,0.00434153400868,0,0.997375488281
"methane_baseline.xmodel","ang20191022t184525_r1594_c62_w151_h151",fraca,0,0,2783,259361,0,0,0,0,0,0.98938369751
"methane_baseline.xmodel","ang20191023t193139_r3517_c140_w151_h151",fraca,1049,8,174,260913,0.99243140965,0.857726901063,0.920175438596,0.852152721365,3.06606214141e-05,0.999305725098
"methane_baseline.xmodel","ang20191011t191345_r4796_c233_w151_h151",fraca,0,0,138,262006,0,0,0,0,0,0.999473571777
"methane_baseline.xmodel","ang20191022t175031_r5939_c264_w151_h151",fraca,0,0,200,261944,0,0,0,0,0,0.999237060547
"methane_baseline.xmodel","ang20190923t183439_r11958_c293_w151_h151",fraca,0,0,5535,256609,0,0,0,0,0,0.978885650635
"methane_baseline.xmodel","ang20191022t183431_r2378_c366_w151_h151",fraca,0,0,541,261603,0,0,0,0,0,0.997936248779
"methane_baseline.xmodel","ang20191019t170014_r2002_c351_w151_h151",fraca,0,0,372,261772,0,0,0,0,0,0.998580932617
"methane_baseline.xmodel","ang20191022t191141_r3762_c440_w151_h151",fraca,0,0,705,261439,0,0,0,0,0,0.997310638428
"methane_baseline.xmodel","ang20191016t153826_r5359_c360_w151_h151",fraca,0,0,169,261975,0,0,0,0,0,0.999355316162
"methane_baseline.xmodel","ang20191006t174505_r8318_c402_w151_h151",fraca,0,0,228,261916,0,0,0,0,0,0.999130249023
"methane_baseline.xmodel","ang20191006t171344_r6609_c517_w151_h151",fraca,16,0,707,261421,1,0.0221300138313,0.043301759134,0.0221300138313,0,0.997303009033
"methane_baseline.xmodel","ang20191022t164918_r3452_c148_w151_h151",fraca,69,1,382,261692,0.985714285714,0.152993348115,0.264875239923,0.152654867257,3.82127148988e-06,0.998538970947
"methane_baseline.xmodel","ang20190926t182043_r2733_c352_w151_h151",fraca,0,0,469,261675,0,0,0,0,0,0.998210906982
"methane_baseline.xmodel","ang20191023t145837_r969_c338_w151_h151",fraca,0,0,552,261592,0,0,0,0,0,0.997894287109
"methane_baseline.xmodel","ang20191017t160033_r11427_c47_w151_h151",fraca,0,0,513,261631,0,0,0,0,0,0.998043060303
"methane_baseline.xmodel","ang20190926t171159_r7992_c91_w151_h151",fraca,0,0,382,261762,0,0,0,0,0,0.998542785645
"methane_baseline.xmodel","ang20190926t172904_r8191_c333_w151_h151",fraca,0,0,254,261890,0,0,0,0,0,0.999031066895
"methane_baseline.xmodel","ang20191006t152009_r1798_c487_w151_h151",fraca,133,0,42,261969,1,0.76,0.863636363636,0.76,0,0.999839782715
"methane_baseline.xmodel","ang20191016t143714_r2968_c223_w151_h151",fraca,1,0,1540,260603,1,0.00064892926671,0.00129701686122,0.00064892926671,0,0.994125366211
"methane_baseline.xmodel","ang20190927t151239_r5770_c331_w151_h151",fraca,0,0,355,261789,0,0,0,0,0,0.998645782471
"methane_baseline.xmodel","ang20191006t172739_r6369_c536_w151_h151",fraca,139,0,540,261465,1,0.20471281296,0.339853300733,0.20471281296,0,0.997940063477
"methane_baseline.xmodel","ang20191016t155337_r11453_c421_w151_h151",fraca,0,0,212,261932,0,0,0,0,0,0.99919128418
"methane_baseline.xmodel","ang20191011t194308_r5470_c298_w151_h151",fraca,0,0,177,261967,0,0,0,0,0,0.999324798584
"methane_baseline.xmodel","ang20191011t163647_r8810_c409_w151_h151",fraca,0,0,62,262082,0,0,0,0,0,0.99976348877
"methane_baseline.xmodel","ang20191007t180411_r7702_c402_w151_h151",fraca,57,0,251,261836,1,0.185064935065,0.312328767123,0.185064935065,0,0.999042510986
"methane_baseline.xmodel","ang20190926t191417_r7044_c188_w151_h151",fraca,0,0,980,261164,0,0,0,0,0,0.99626159668
"methane_baseline.xmodel","ang20191022t150110_r4122_c407_w151_h151",fraca,0,0,830,261314,0,0,0,0,0,0.99683380127
"methane_baseline.xmodel","ang20191017t170330_r1503_c32_w151_h151",fraca,0,0,22,262122,0,0,0,0,0,0.99991607666
"methane_baseline.xmodel","ang20190928t183313_r9386_c282_w151_h151",fraca,0,0,1046,261098,0,0,0,0,0,0.99600982666
"methane_baseline.xmodel","ang20191017t170330_r762_c514_w151_h151",fraca,0,0,349,261795,0,0,0,0,0,0.998668670654
"methane_baseline.xmodel","ang20191022t192048_r5198_c309_w151_h151",fraca,85,0,117,261942,1,0.420792079208,0.592334494774,0.420792079208,0,0.99955368042
"methane_baseline.xmodel","ang20191013t144828_r2842_c520_w151_h151",fraca,0,0,645,261499,0,0,0,0,0,0.997539520264
"methane_baseline.xmodel","ang20191022t165908_r3993_c44_w151_h151",fraca,0,0,663,261481,0,0,0,0,0,0.997470855713
"methane_baseline.xmodel","ang20191011t181301_r5184_c82_w151_h151",fraca,0,0,20,262124,0,0,0,0,0,0.999923706055
"methane_baseline.xmodel","ang20191017t150903_r3051_c48_w151_h151",fraca,96,0,17,262031,1,0.849557522124,0.918660287081,0.849557522124,0,0.999935150146
"methane_baseline.xmodel","ang20191019t171416_r2073_c298_w151_h151",fraca,0,0,586,261558,0,0,0,0,0,0.997764587402
"methane_baseline.xmodel","ang20191006t182329_r9431_c223_w151_h151",fraca,0,0,150,261994,0,0,0,0,0,0.99942779541
"methane_baseline.xmodel","ang20190924t183641_r12120_c311_w151_h151",fraca,32,1,106,262005,0.969696969697,0.231884057971,0.374269005848,0.230215827338,3.81670648764e-06,0.999591827393
"methane_baseline.xmodel","ang20191022t150110_r4057_c323_w151_h151",fraca,0,0,830,261314,0,0,0,0,0,0.99683380127
"methane_baseline.xmodel","ang20190927t173620_r6630_c421_w151_h151",fraca,84,0,405,261655,1,0.171779141104,0.293193717277,0.171779141104,0,0.998455047607
"methane_baseline.xmodel","ang20191022t173357_r3908_c437_w151_h151",fraca,0,0,457,261687,0,0,0,0,0,0.99825668335
"methane_baseline.xmodel","ang20191006t180341_r7440_c429_w151_h151",fraca,0,0,429,261715,0,0,0,0,0,0.998363494873
"methane_baseline.xmodel","ang20190926t223557_r4139_c225_w151_h151",fraca,0,0,116,262028,0,0,0,0,0,0.999557495117
"methane_baseline.xmodel","ang20190928t181405_r2149_c243_w151_h151",fraca,127,0,260,261757,1,0.328165374677,0.494163424125,0.328165374677,0,0.999008178711
"methane_baseline.xmodel","ang20191017t164928_r6688_c260_w151_h151",fraca,0,0,190,261954,0,0,0,0,0,0.99927520752
"methane_baseline.xmodel","ang20190926t172904_r3349_c562_w151_h151",fraca,0,0,395,261749,0,0,0,0,0,0.99849319458
"methane_baseline.xmodel","ang20190926t185727_r6903_c288_w151_h151",fraca,0,0,632,261512,0,0,0,0,0,0.997589111328
"methane_baseline.xmodel","ang20191007t184008_r3035_c411_w151_h151",fraca,0,0,311,261833,0,0,0,0,0,0.99881362915
"methane_baseline.xmodel","ang20191019t182848_r6046_c81_w151_h151",fraca,0,0,648,261496,0,0,0,0,0,0.997528076172
"methane_baseline.xmodel","ang20191007t175016_r4889_c526_w151_h151",fraca,0,0,126,262018,0,0,0,0,0,0.999519348145
"methane_baseline.xmodel","ang20191011t192741_r2691_c128_w151_h151",fraca,0,0,227,261917,0,0,0,0,0,0.999134063721
"methane_baseline.xmodel","ang20191023t182357_r3420_c144_w151_h151",fraca,0,0,627,261517,0,0,0,0,0,0.997608184814
"methane_baseline.xmodel","ang20191006t174505_r5751_c335_w151_h151",fraca,0,0,309,261835,0,0,0,0,0,0.998821258545
"methane_baseline.xmodel","ang20191011t192741_r7362_c453_w151_h151",fraca,0,0,809,261335,0,0,0,0,0,0.996913909912
"methane_baseline.xmodel","ang20191011t161719_r2437_c284_w151_h151",fraca,0,0,206,261938,0,0,0,0,0,0.999214172363
"methane_baseline.xmodel","ang20191019t173905_r2861_c308_w151_h151",fraca,0,0,126,262018,0,0,0,0,0,0.999519348145
"methane_baseline.xmodel","ang20191006t160931_r10165_c277_w151_h151",fraca,0,0,54,262090,0,0,0,0,0,0.999794006348
"methane_baseline.xmodel","ang20191006t182329_r5877_c264_w151_h151",fraca,0,0,132,262012,0,0,0,0,0,0.999496459961
"methane_baseline.xmodel","ang20191022t173357_r1119_c519_w151_h151",fraca,0,0,87,262057,0,0,0,0,0,0.999668121338
"methane_baseline.xmodel","ang20191017t163235_r6330_c317_w151_h151",fraca,0,0,5771,256373,0,0,0,0,0,0.97798538208
"methane_baseline.xmodel","ang20191006t182329_r2016_c59_w151_h151",fraca,0,0,420,261724,0,0,0,0,0,0.998397827148
"methane_baseline.xmodel","ang20191016t165454_r283_c95_w151_h151",fraca,0,0,722,261422,0,0,0,0,0,0.997245788574
"methane_baseline.xmodel","ang20190923t163307_r12822_c605_w151_h151",fraca,0,0,105,262039,0,0,0,0,0,0.999599456787
"methane_baseline.xmodel","ang20191011t175712_r4592_c251_w151_h151",fraca,0,0,205,261939,0,0,0,0,0,0.999217987061
"methane_baseline.xmodel","ang20191017t154425_r7934_c553_w151_h151",fraca,0,0,942,261202,0,0,0,0,0,0.996406555176
"methane_baseline.xmodel","ang20191006t164135_r11597_c261_w151_h151",fraca,0,0,371,261773,0,0,0,0,0,0.998584747314
"methane_baseline.xmodel","ang20191016t153826_r8147_c160_w151_h151",fraca,0,0,668,261476,0,0,0,0,0,0.997451782227
"methane_baseline.xmodel","ang20191017t144928_r9603_c193_w151_h151",fraca,0,0,253,261891,0,0,0,0,0,0.999034881592
"methane_baseline.xmodel","ang20191022t172245_r2236_c515_w151_h151",fraca,0,0,349,261795,0,0,0,0,0,0.998668670654
"methane_baseline.xmodel","ang20190927t182905_r1592_c329_w151_h151",fraca,0,0,53,262091,0,0,0,0,0,0.999797821045
"methane_baseline.xmodel","ang20191016t163955_r2589_c89_w151_h151",fraca,5,0,453,261686,1,0.0109170305677,0.0215982721382,0.0109170305677,0,0.998271942139
"methane_baseline.xmodel","ang20191017t143318_r6653_c313_w151_h151",fraca,0,0,117,262027,0,0,0,0,0,0.99955368042
"methane_baseline.xmodel","ang20191017t174946_r10277_c360_w151_h151",fraca,0,0,1584,260560,0,0,0,0,0,0.993957519531
"methane_baseline.xmodel","ang20191011t171218_r2904_c116_w151_h151",fraca,0,0,120,262024,0,0,0,0,0,0.999542236328
"methane_baseline.xmodel","ang20191013t152730_r7052_c86_w151_h151",fraca,0,0,12520,249624,0,0,0,0,0,0.952239990234
"methane_baseline.xmodel","ang20191016t152245_r7098_c320_w151_h151",fraca,0,0,61,262083,0,0,0,0,0,0.999767303467
"methane_baseline.xmodel","ang20191006t150453_r1807_c85_w151_h151",fraca,348,1,1958,259837,0.997134670487,0.150910667823,0.262146892655,0.150845253576,3.84855178996e-06,0.992527008057
"methane_baseline.xmodel","ang20191019t171416_r2192_c262_w151_h151",fraca,0,0,586,261558,0,0,0,0,0,0.997764587402
"methane_baseline.xmodel","ang20191016t175642_r10789_c230_w151_h151",fraca,0,0,48,262096,0,0,0,0,0,0.999816894531
"methane_baseline.xmodel","ang20191013t144828_r697_c43_w151_h151",fraca,0,0,938,261206,0,0,0,0,0,0.996421813965
"methane_baseline.xmodel","ang20191011t175712_r958_c410_w151_h151",fraca,0,0,27,262117,0,0,0,0,0,0.999897003174
"methane_baseline.xmodel","ang20191011t192741_r10154_c395_w151_h151",fraca,0,0,44,262100,0,0,0,0,0,0.99983215332
"methane_baseline.xmodel","ang20191007t193705_r2739_c559_w151_h151",fraca,185,0,434,261525,1,0.29886914378,0.460199004975,0.29886914378,0,0.998344421387
"methane_baseline.xmodel","ang20191019t164827_r4292_c325_w151_h151",fraca,0,0,184,261960,0,0,0,0,0,0.999298095703
"methane_baseline.xmodel","ang20190928t185111_r1236_c350_w151_h151",fraca,106,0,434,261604,1,0.196296296296,0.328173374613,0.196296296296,0,0.998344421387
"methane_baseline.xmodel","ang20191011t182731_r2914_c320_w151_h151",fraca,0,0,91,262053,0,0,0,0,0,0.999652862549
"methane_baseline.xmodel","ang20191017t180347_r8010_c129_w151_h151",fraca,0,0,485,261659,0,0,0,0,0,0.998149871826
"methane_baseline.xmodel","ang20191017t170330_r3709_c175_w151_h151",fraca,70,0,1697,260377,1,0.0396151669496,0.0762112139358,0.0396151669496,0,0.99352645874
"methane_baseline.xmodel","ang20191017t182024_r5925_c296_w151_h151",fraca,0,0,18,262126,0,0,0,0,0,0.999931335449
"methane_baseline.xmodel","ang20190922t192642_r4928_c373_w151_h151",fraca,0,0,284,261860,0,0,0,0,0,0.998916625977
"methane_baseline.xmodel","ang20191006t171344_r7119_c516_w151_h151",fraca,0,0,189,261955,0,0,0,0,0,0.999279022217
"methane_baseline.xmodel","ang20190923t163307_r13596_c639_w151_h151",fraca,107,0,243,261794,1,0.305714285714,0.468271334792,0.305714285714,0,0.999073028564
"methane_baseline.xmodel","ang20191011t181301_r10726_c523_w151_h151",fraca,0,0,320,261824,0,0,0,0,0,0.998779296875
"methane_baseline.xmodel","ang20191016t195058_r416_c816_w151_h151",fraca,498,4,2837,258805,0.99203187251,0.149325337331,0.259577795152,0.149146451033,1.54554130652e-05,0.989162445068
"methane_baseline.xmodel","ang20191016t165454_r7176_c190_w151_h151",fraca,12,0,87,262045,1,0.121212121212,0.216216216216,0.121212121212,0,0.999668121338
"methane_baseline.xmodel","ang20190926t223557_r2988_c24_w151_h151",fraca,53,1,43,262047,0.981481481481,0.552083333333,0.706666666667,0.546391752577,3.81609476127e-06,0.99983215332
"methane_baseline.xmodel","ang20191016t155337_r7832_c527_w151_h151",fraca,158,0,3786,258200,1,0.040060851927,0.077035592394,0.040060851927,0,0.985557556152
"methane_baseline.xmodel","ang20191022t165908_r4089_c472_w151_h151",fraca,0,0,324,261820,0,0,0,0,0,0.998764038086
"methane_baseline.xmodel","ang20191016t152245_r9146_c549_w151_h151",fraca,0,0,25,262119,0,0,0,0,0,0.999904632568
"methane_baseline.xmodel","ang20191006t171344_r528_c506_w151_h151",fraca,0,0,298,261846,0,0,0,0,0,0.998863220215
"methane_baseline.xmodel","ang20191011t182731_r2675_c491_w151_h151",fraca,0,0,91,262053,0,0,0,0,0,0.999652862549
"methane_baseline.xmodel","ang20191019t183727_r5903_c124_w151_h151",fraca,0,0,523,261621,0,0,0,0,0,0.99800491333
"methane_baseline.xmodel","ang20190927t171836_r11777_c526_w151_h151",fraca,0,0,1143,261001,0,0,0,0,0,0.995639801025
"methane_baseline.xmodel","ang20191016t171023_r5974_c472_w151_h151",fraca,222,0,11,261911,1,0.952789699571,0.975824175824,0.952789699571,0,0.99995803833
"methane_baseline.xmodel","ang20191013t152730_r7245_c298_w151_h151",fraca,0,0,8569,253575,0,0,0,0,0,0.967311859131
"methane_baseline.xmodel","ang20191019t184718_r1275_c527_w151_h151",fraca,0,0,924,261220,0,0,0,0,0,0.996475219727
"methane_baseline.xmodel","ang20191013t145516_r6548_c542_w151_h151",fraca,7,0,2077,260060,1,0.00335892514395,0.00669536107126,0.00335892514395,0,0.992076873779
"methane_baseline.xmodel","ang20191013t145516_r6578_c510_w151_h151",fraca,8,0,1649,260487,1,0.004828002414,0.00960960960961,0.004828002414,0,0.993709564209
"methane_baseline.xmodel","ang20190927t173620_r10774_c528_w151_h151",fraca,0,0,599,261545,0,0,0,0,0,0.997714996338
"methane_baseline.xmodel","ang20191017t191119_r1314_c197_w151_h151",fraca,0,0,130,262014,0,0,0,0,0,0.999504089355
"methane_baseline.xmodel","ang20191007t193705_r7885_c86_w151_h151",fraca,0,0,213,261931,0,0,0,0,0,0.999187469482
"methane_baseline.xmodel","ang20191013t144828_r3782_c461_w151_h151",fraca,0,0,580,261564,0,0,0,0,0,0.997787475586
"methane_baseline.xmodel","ang20191022t184525_r2341_c36_w151_h151",fraca,0,0,116,262028,0,0,0,0,0,0.999557495117
"methane_baseline.xmodel","ang20191008t183946_r6239_c233_w151_h151",fraca,0,0,85,262059,0,0,0,0,0,0.999675750732
"methane_baseline.xmodel","ang20191007t190840_r8184_c152_w151_h151",fraca,0,0,237,261907,0,0,0,0,0,0.999095916748
"methane_baseline.xmodel","ang20190924t183641_r12619_c558_w151_h151",fraca,52,0,1,262091,1,0.981132075472,0.990476190476,0.981132075472,0,0.999996185303
"methane_baseline.xmodel","ang20191013t173258_r104_c646_w151_h151",fraca,0,0,208,261936,0,0,0,0,0,0.999206542969
"methane_baseline.xmodel","ang20191022t152357_r5293_c281_w151_h151",fraca,26,0,5738,256380,1,0.00451075641915,0.00898100172712,0.00451075641915,0,0.97811126709
"methane_baseline.xmodel","ang20191007t190840_r7494_c425_w151_h151",fraca,0,0,63,262081,0,0,0,0,0,0.999759674072
"methane_baseline.xmodel","ang20190928t175550_r8789_c183_w151_h151",fraca,2,0,231,261911,1,0.00858369098712,0.0170212765957,0.00858369098712,0,0.999118804932
"methane_baseline.xmodel","ang20190927t190436_r7288_c42_w151_h151",fraca,0,0,337,261807,0,0,0,0,0,0.998714447021
"methane_baseline.xmodel","ang20191006t164135_r10178_c163_w151_h151",fraca,0,0,1107,261037,0,0,0,0,0,0.995777130127
"methane_baseline.xmodel","ang20191006t162415_r6910_c231_w151_h151",fraca,0,0,585,261559,0,0,0,0,0,0.9977684021
"methane_baseline.xmodel","ang20191007t184008_r10222_c448_w151_h151",fraca,0,0,50,262094,0,0,0,0,0,0.999809265137
"methane_baseline.xmodel","ang20191016t163955_r5549_c307_w151_h151",fraca,70,0,2918,259156,1,0.0234270414993,0.0457815565729,0.0234270414993,0,0.988868713379
"methane_baseline.xmodel","ang20191006t164135_r10153_c33_w151_h151",fraca,0,0,1107,261037,0,0,0,0,0,0.995777130127
"methane_baseline.xmodel","ang20191019t170014_r10999_c380_w151_h151",fraca,607,0,342,261195,1,0.639620653319,0.780205655527,0.639620653319,0,0.998695373535
"methane_baseline.xmodel","ang20191006t150453_r5792_c230_w151_h151",fraca,1081,3,532,260528,0.997232472325,0.670179789213,0.801631442343,0.668935643564,1.15149444788e-05,0.997959136963
"methane_baseline.xmodel","ang20190926t223557_r5830_c155_w151_h151",fraca,79,0,57,262008,1,0.580882352941,0.73488372093,0.580882352941,0,0.999782562256
"methane_baseline.xmodel","ang20191006t165608_r11244_c455_w151_h151",fraca,0,0,185,261959,0,0,0,0,0,0.999294281006
"methane_baseline.xmodel","ang20191017t164928_r594_c397_w151_h151",fraca,418,9,333,261384,0.978922716628,0.556591211718,0.709677419355,0.55,3.44309143703e-05,0.998695373535
"methane_baseline.xmodel","ang20191011t191345_r6299_c361_w151_h151",fraca,0,0,22,262122,0,0,0,0,0,0.99991607666
"methane_baseline.xmodel","ang20191022t192048_r4785_c373_w151_h151",fraca,0,0,726,261418,0,0,0,0,0,0.997230529785
"methane_baseline.xmodel","ang20191010t161700_r8845_c3_w151_h151",fraca,47,0,0,262097,1,1,1,1,0,1
"methane_baseline.xmodel","ang20191016t145145_r8966_c264_w151_h151",fraca,0,0,58,262086,0,0,0,0,0,0.999778747559
"methane_baseline.xmodel","ang20191011t163647_r5264_c395_w151_h151",fraca,0,0,577,261567,0,0,0,0,0,0.997798919678
"methane_baseline.xmodel","ang20191023t165811_r4914_c354_w151_h151",fraca,0,0,525,261619,0,0,0,0,0,0.997997283936
"methane_baseline.xmodel","ang20191019t184718_r6044_c83_w151_h151",fraca,0,0,462,261682,0,0,0,0,0,0.998237609863
"methane_baseline.xmodel","ang20191022t173357_r2340_c8_w151_h151",fraca,0,0,120,262024,0,0,0,0,0,0.999542236328
"methane_baseline.xmodel","ang20191017t170330_r677_c291_w151_h151",fraca,0,0,349,261795,0,0,0,0,0,0.998668670654
"methane_baseline.xmodel","ang20190927t184620_r7506_c426_w151_h151",fraca,0,0,495,261649,0,0,0,0,0,0.998111724854
"methane_baseline.xmodel","ang20191019t172500_r10990_c375_w151_h151",fraca,460,0,459,261225,1,0.500544069641,0.667150108774,0.500544069641,0,0.998249053955
"methane_baseline.xmodel","ang20191019t172500_r6838_c563_w151_h151",fraca,0,0,966,261178,0,0,0,0,0,0.996315002441
"methane_baseline.xmodel","ang20191006t172739_r6284_c381_w151_h151",fraca,130,0,752,261262,1,0.147392290249,0.256916996047,0.147392290249,0,0.997131347656
"methane_baseline.xmodel","ang20191006t165608_r8248_c345_w151_h151",fraca,0,0,237,261907,0,0,0,0,0,0.999095916748
"methane_baseline.xmodel","ang20190927t164322_r10185_c44_w151_h151",fraca,0,0,1016,261128,0,0,0,0,0,0.996124267578
"methane_baseline.xmodel","ang20191016t145145_r3279_c318_w151_h151",fraca,5,0,73,262066,1,0.0641025641026,0.120481927711,0.0641025641026,0,0.9997215271
"methane_baseline.xmodel","ang20191017t171949_r1871_c381_w151_h151",fraca,0,0,1750,260394,0,0,0,0,0,0.993324279785
"methane_baseline.xmodel","ang20190923t163307_r11597_c539_w151_h151",fraca,0,0,132,262012,0,0,0,0,0,0.999496459961
"methane_baseline.xmodel","ang20190927t182905_r6901_c261_w151_h151",fraca,0,0,280,261864,0,0,0,0,0,0.998931884766
"methane_baseline.xmodel","ang20190926t223557_r2793_c508_w151_h151",fraca,38,0,0,262106,1,1,1,1,0,1
"methane_baseline.xmodel","ang20191007t201917_r6959_c1883_w151_h151",fraca,0,0,61,262083,0,0,0,0,0,0.999767303467
"methane_baseline.xmodel","ang20191006t165608_r3827_c49_w151_h151",fraca,3699,0,18305,240140,1,0.168105798946,0.287826323775,0.168105798946,0,0.930171966553
"methane_baseline.xmodel","ang20191006t150453_r2368_c105_w151_h151",fraca,20,0,568,261556,1,0.0340136054422,0.0657894736842,0.0340136054422,0,0.997833251953
"methane_baseline.xmodel","ang20191006t165608_r1067_c494_w151_h151",fraca,0,0,2426,259718,0,0,0,0,0,0.990745544434
"methane_baseline.xmodel","ang20191007t193705_r2294_c90_w151_h151",fraca,0,0,98,262046,0,0,0,0,0,0.999626159668
"methane_baseline.xmodel","ang20191016t163955_r5157_c260_w151_h151",fraca,0,0,285,261859,0,0,0,0,0,0.998912811279
"methane_baseline.xmodel","ang20191016t165454_r596_c345_w151_h151",fraca,15,0,1551,260578,1,0.0095785440613,0.0189753320683,0.0095785440613,0,0.994083404541
"methane_baseline.xmodel","ang20190923t181729_r2423_c148_w151_h151",fraca,0,0,106,262038,0,0,0,0,0,0.99959564209
"methane_baseline.xmodel","ang20191023t182357_r9451_c132_w151_h151",fraca,6728,23,25251,230142,0.996593097319,0.210388067169,0.347430932094,0.210236860196,9.99283122977e-05,0.903587341309
"methane_baseline.xmodel","ang20191007t195115_r2387_c379_w151_h151",fraca,0,0,166,261978,0,0,0,0,0,0.999366760254
"methane_baseline.xmodel","ang20190926t163428_r7652_c191_w151_h151",fraca,0,0,65,262079,0,0,0,0,0,0.999752044678
"methane_baseline.xmodel","ang20190923t163307_r4370_c239_w151_h151",fraca,1,0,666,261477,1,0.00149925037481,0.00299401197605,0.00149925037481,0,0.997459411621
"methane_baseline.xmodel","ang20191016t181351_r1747_c71_w151_h151",fraca,0,0,15,262129,0,0,0,0,0,0.999942779541
"methane_baseline.xmodel","ang20191017t163235_r2777_c162_w151_h151",fraca,0,0,122,262022,0,0,0,0,0,0.999534606934
"methane_baseline.xmodel","ang20191019t163936_r4058_c274_w151_h151",fraca,0,0,99,262045,0,0,0,0,0,0.999622344971
"methane_baseline.xmodel","ang20191023t142135_r14457_c557_w151_h151",fraca,0,0,88,262056,0,0,0,0,0,0.999664306641
"methane_baseline.xmodel","ang20191023t180821_r9422_c552_w151_h151",fraca,0,0,18346,243798,0,0,0,0,0,0.930015563965
"methane_baseline.xmodel","ang20191017t160033_r7323_c185_w151_h151",fraca,0,0,1238,260906,0,0,0,0,0,0.995277404785
"methane_baseline.xmodel","ang20191006t155231_r8094_c179_w151_h151",fraca,77,0,1661,260406,1,0.0443037974684,0.0848484848485,0.0443037974684,0,0.993663787842
"methane_baseline.xmodel","ang20190923t170747_r6732_c289_w151_h151",fraca,103,1,84,261956,0.990384615385,0.550802139037,0.707903780069,0.547872340426,3.81742041633e-06,0.999675750732
"methane_baseline.xmodel","ang20191011t185825_r10236_c443_w151_h151",fraca,0,0,3211,258933,0,0,0,0,0,0.98775100708
"methane_baseline.xmodel","ang20191019t171416_r5586_c43_w151_h151",fraca,0,0,417,261727,0,0,0,0,0,0.99840927124
"methane_baseline.xmodel","ang20191016t153826_r7139_c427_w151_h151",fraca,0,0,9,262135,0,0,0,0,0,0.999965667725
"methane_baseline.xmodel","ang20191022t183431_r3309_c278_w151_h151",fraca,0,0,1062,261082,0,0,0,0,0,0.995948791504
"methane_baseline.xmodel","ang20191007t184008_r2748_c324_w151_h151",fraca,0,0,676,261468,0,0,0,0,0,0.997421264648
"methane_baseline.xmodel","ang20191011t185825_r9617_c261_w151_h151",fraca,0,0,133,262011,0,0,0,0,0,0.999492645264
"methane_baseline.xmodel","ang20191006t182329_r4796_c502_w151_h151",fraca,0,0,159,261985,0,0,0,0,0,0.999393463135
"methane_baseline.xmodel","ang20191006t164135_r1114_c37_w151_h151",fraca,342,0,2724,259078,1,0.111545988258,0.200704225352,0.111545988258,0,0.989608764648
"methane_baseline.xmodel","ang20191019t162211_r4062_c270_w151_h151",fraca,0,0,346,261798,0,0,0,0,0,0.998680114746
"methane_baseline.xmodel","ang20190927t175410_r3898_c88_w151_h151",fraca,0,0,393,261751,0,0,0,0,0,0.998500823975
"methane_baseline.xmodel","ang20191019t185452_r16114_c447_w151_h151",fraca,0,0,697,261447,0,0,0,0,0,0.997341156006
"methane_baseline.xmodel","ang20191008t151045_r14764_c437_w151_h151",fraca,5,0,36,262103,1,0.121951219512,0.217391304348,0.121951219512,0,0.999862670898
"methane_baseline.xmodel","ang20191017t143318_r6133_c142_w151_h151",fraca,0,0,57,262087,0,0,0,0,0,0.999782562256
"methane_baseline.xmodel","ang20191011t185825_r3021_c473_w151_h151",fraca,0,0,691,261453,0,0,0,0,0,0.997364044189
"methane_baseline.xmodel","ang20191022t152357_r5468_c488_w151_h151",fraca,14,0,592,261538,1,0.023102310231,0.0451612903226,0.023102310231,0,0.997741699219
"methane_baseline.xmodel","ang20190923t174142_r7604_c458_w151_h151",fraca,0,0,336,261808,0,0,0,0,0,0.998718261719
"methane_baseline.xmodel","ang20191017t152518_r10030_c286_w151_h151",fraca,1,0,133,262010,1,0.00746268656716,0.0148148148148,0.00746268656716,0,0.999492645264
"methane_baseline.xmodel","ang20191006t180341_r9393_c74_w151_h151",fraca,0,0,34,262110,0,0,0,0,0,0.999870300293
"methane_baseline.xmodel","ang20190924t172057_r723_c368_w151_h151",fraca,0,0,268,261876,0,0,0,0,0,0.998977661133
"methane_baseline.xmodel","ang20191017t180347_r5261_c358_w151_h151",fraca,0,0,43,262101,0,0,0,0,0,0.999835968018
"methane_baseline.xmodel","ang20191007t195115_r2286_c39_w151_h151",fraca,0,0,429,261715,0,0,0,0,0,0.998363494873
"methane_baseline.xmodel","ang20191017t170330_r1517_c72_w151_h151",fraca,0,0,22,262122,0,0,0,0,0,0.99991607666
"methane_baseline.xmodel","ang20191022t181138_r263_c319_w151_h151",fraca,0,0,134,262010,0,0,0,0,0,0.999488830566
"methane_baseline.xmodel","ang20191008t172458_r3311_c293_w151_h151",fraca,0,0,116,262028,0,0,0,0,0,0.999557495117
"methane_baseline.xmodel","ang20191017t163235_r8296_c165_w151_h151",fraca,0,0,575,261569,0,0,0,0,0,0.997806549072
"methane_baseline.xmodel","ang20191008t195936_r4543_c312_w151_h151",fraca,61,0,52,262031,1,0.53982300885,0.701149425287,0.53982300885,0,0.999801635742
"methane_baseline.xmodel","ang20191016t165454_r6589_c198_w151_h151",fraca,0,0,4278,257866,0,0,0,0,0,0.983680725098
"methane_baseline.xmodel","ang20190926t152524_r3345_c477_w151_h151",fraca,0,0,1523,260621,0,0,0,0,0,0.994190216064
"methane_baseline.xmodel","ang20191013t152730_r7030_c251_w151_h151",fraca,0,0,12372,249772,0,0,0,0,0,0.95280456543
"methane_baseline.xmodel","ang20191007t201917_r5730_c1636_w151_h151",fraca,0,0,123,262021,0,0,0,0,0,0.999530792236
"methane_baseline.xmodel","ang20191006t171344_r362_c513_w151_h151",fraca,0,0,298,261846,0,0,0,0,0,0.998863220215
"methane_baseline.xmodel","ang20191006t172739_r7343_c208_w151_h151",fraca,0,0,72,262072,0,0,0,0,0,0.999725341797
"methane_baseline.xmodel","ang20191007t175016_r7968_c153_w151_h151",fraca,0,0,27,262117,0,0,0,0,0,0.999897003174
"methane_baseline.xmodel","ang20191006t165608_r10173_c561_w151_h151",fraca,64,0,337,261743,1,0.159600997506,0.275268817204,0.159600997506,0,0.998714447021
"methane_baseline.xmodel","ang20191010t192008_r7417_c105_w151_h151",fraca,0,0,112,262032,0,0,0,0,0,0.999572753906
"methane_baseline.xmodel","ang20191019t161418_r1635_c383_w151_h151",fraca,0,0,640,261504,0,0,0,0,0,0.99755859375
"methane_baseline.xmodel","ang20191016t153826_r7820_c42_w151_h151",fraca,0,0,1525,260619,0,0,0,0,0,0.99418258667
"methane_baseline.xmodel","ang20191016t145145_r9422_c135_w151_h151",fraca,0,0,25,262119,0,0,0,0,0,0.999904632568
"methane_baseline.xmodel","ang20191006t152009_r2242_c360_w151_h151",fraca,65,0,1262,260817,1,0.0489826676714,0.0933908045977,0.0489826676714,0,0.995185852051
"methane_baseline.xmodel","ang20190924t172057_r8202_c494_w151_h151",fraca,0,0,40,262104,0,0,0,0,0,0.999847412109
"methane_baseline.xmodel","ang20191007t190840_r7834_c60_w151_h151",fraca,0,0,52,262092,0,0,0,0,0,0.999801635742
"methane_baseline.xmodel","ang20191007t180411_r288_c225_w151_h151",fraca,336,1,299,261508,0.99703264095,0.529133858268,0.691358024691,0.528301886792,3.82396016963e-06,0.99885559082
"methane_baseline.xmodel","ang20190927t171836_r6325_c367_w151_h151",fraca,0,0,64,262080,0,0,0,0,0,0.999755859375
"methane_baseline.xmodel","ang20190923t174142_r15511_c283_w151_h151",fraca,0,0,118,262026,0,0,0,0,0,0.999549865723
"methane_baseline.xmodel","ang20191007t193705_r1503_c455_w151_h151",fraca,20,0,645,261479,1,0.0300751879699,0.0583941605839,0.0300751879699,0,0.997539520264
"methane_baseline.xmodel","ang20191013t144828_r4230_c517_w151_h151",fraca,0,0,1843,260301,0,0,0,0,0,0.992969512939
"methane_baseline.xmodel","ang20191019t173905_r1636_c317_w151_h151",fraca,0,0,480,261664,0,0,0,0,0,0.998168945312
"methane_baseline.xmodel","ang20191017t144928_r2143_c178_w151_h151",fraca,334,0,45,261765,1,0.881266490765,0.936886395512,0.881266490765,0,0.999828338623
"methane_baseline.xmodel","ang20190924t172057_r6127_c406_w151_h151",fraca,0,0,281,261863,0,0,0,0,0,0.998928070068
"methane_baseline.xmodel","ang20190927t181142_r375_c537_w151_h151",fraca,103,0,187,261854,1,0.355172413793,0.52417302799,0.355172413793,0,0.999286651611
"methane_baseline.xmodel","ang20190928t183313_r147_c411_w151_h151",fraca,0,0,41,262103,0,0,0,0,0,0.999843597412
"methane_baseline.xmodel","ang20191006t160931_r3800_c551_w151_h151",fraca,0,0,174,261970,0,0,0,0,0,0.999336242676
"methane_baseline.xmodel","ang20191022t192048_r247_c308_w151_h151",fraca,0,0,463,261681,0,0,0,0,0,0.998233795166
"methane_baseline.xmodel","ang20190926t184029_r4986_c41_w151_h151",fraca,0,0,131,262013,0,0,0,0,0,0.999500274658
"methane_baseline.xmodel","ang20191017t144928_r6206_c310_w151_h151",fraca,0,0,143,262001,0,0,0,0,0,0.999454498291
"methane_baseline.xmodel","ang20191006t185838_r9516_c346_w151_h151",fraca,0,0,130,262014,0,0,0,0,0,0.999504089355
"methane_baseline.xmodel","ang20191006t162415_r7871_c404_w151_h151",fraca,0,0,283,261861,0,0,0,0,0,0.998920440674
"methane_baseline.xmodel","ang20191011t182731_r1443_c388_w151_h151",fraca,15,0,233,261896,1,0.0604838709677,0.114068441065,0.0604838709677,0,0.999111175537
"methane_baseline.xmodel","ang20191019t185452_r13962_c178_w151_h151",fraca,193,1,28,261922,0.994845360825,0.873303167421,0.930120481928,0.869369369369,3.8179159524e-06,0.999889373779
"methane_baseline.xmodel","ang20191019t175004_r1995_c344_w151_h151",fraca,0,0,801,261343,0,0,0,0,0,0.99694442749
"methane_baseline.xmodel","ang20191008t165855_r7643_c259_w151_h151",fraca,0,0,24,262120,0,0,0,0,0,0.999908447266
"methane_baseline.xmodel","ang20191022t163722_r443_c91_w151_h151",fraca,0,0,249,261895,0,0,0,0,0,0.999050140381
"methane_baseline.xmodel","ang20190923t185208_r13422_c400_w151_h151",fraca,0,0,366,261778,0,0,0,0,0,0.998603820801
"methane_baseline.xmodel","ang20191006t171344_r7203_c245_w151_h151",fraca,78,0,232,261834,1,0.251612903226,0.40206185567,0.251612903226,0,0.999114990234
"methane_baseline.xmodel","ang20191019t183727_r3339_c295_w151_h151",fraca,0,0,1126,261018,0,0,0,0,0,0.995704650879
"methane_baseline.xmodel","ang20191006t183904_r11469_c320_w151_h151",fraca,0,0,108,262036,0,0,0,0,0,0.999588012695
"methane_baseline.xmodel","ang20191007t200647_r746_c361_w151_h151",fraca,45,0,8412,253687,1,0.00532103582831,0.0105857445307,0.00532103582831,0,0.967910766602
"methane_baseline.xmodel","ang20191016t172526_r4323_c72_w151_h151",fraca,0,0,221,261923,0,0,0,0,0,0.999156951904
"methane_baseline.xmodel","ang20191011t192741_r3755_c404_w151_h151",fraca,0,0,150,261994,0,0,0,0,0,0.99942779541
"methane_baseline.xmodel","ang20191016t162417_r3004_c187_w151_h151",fraca,0,0,649,261495,0,0,0,0,0,0.997524261475
"methane_baseline.xmodel","ang20191013t145516_r6136_c601_w151_h151",fraca,0,0,856,261288,0,0,0,0,0,0.996734619141
"methane_baseline.xmodel","ang20191016t153826_r1567_c439_w151_h151",fraca,0,0,105,262039,0,0,0,0,0,0.999599456787
"methane_baseline.xmodel","ang20191006t172739_r4855_c525_w151_h151",fraca,0,0,407,261737,0,0,0,0,0,0.998447418213
"methane_baseline.xmodel","ang20191019t175004_r10988_c377_w151_h151",fraca,299,0,562,261283,1,0.347270615563,0.515517241379,0.347270615563,0,0.997856140137
"methane_baseline.xmodel","ang20191017t171949_r10456_c96_w151_h151",fraca,119,0,142,261883,1,0.455938697318,0.626315789474,0.455938697318,0,0.999458312988
"methane_baseline.xmodel","ang20191016t193637_r1734_c303_w151_h151",fraca,143,3,185,261813,0.979452054795,0.435975609756,0.603375527426,0.432024169184,1.14584288202e-05,0.999282836914
"methane_baseline.xmodel","ang20191006t164135_r1882_c392_w151_h151",fraca,239,3,22,261880,0.987603305785,0.915708812261,0.950298210736,0.905303030303,1.14554973022e-05,0.999904632568
"methane_baseline.xmodel","ang20190927t171836_r5840_c416_w151_h151",fraca,112,0,32,262000,1,0.777777777778,0.875,0.777777777778,0,0.999877929688
"methane_baseline.xmodel","ang20191017t163235_r2877_c426_w151_h151",fraca,90,0,156,261898,1,0.365853658537,0.535714285714,0.365853658537,0,0.999404907227
"methane_baseline.xmodel","ang20191017t191119_r1300_c123_w151_h151",fraca,10,0,120,262014,1,0.0769230769231,0.142857142857,0.0769230769231,0,0.999542236328
"methane_baseline.xmodel","ang20190927t171836_r13108_c371_w151_h151",fraca,0,0,21785,240359,0,0,0,0,0,0.916896820068
"methane_baseline.xmodel","ang20191016t145145_r3793_c99_w151_h151",fraca,0,0,33,262111,0,0,0,0,0,0.99987411499
"methane_baseline.xmodel","ang20191016t172526_r3581_c275_w151_h151",fraca,0,0,215,261929,0,0,0,0,0,0.999179840088
"methane_baseline.xmodel","ang20190927t184620_r7445_c361_w151_h151",fraca,0,0,437,261707,0,0,0,0,0,0.998332977295
"methane_baseline.xmodel","ang20191017t163235_r11612_c609_w151_h151",fraca,16828,28,6474,238814,0.998338870432,0.722169770835,0.838089546292,0.721303043292,0.000117232312575,0.975196838379
"methane_baseline.xmodel","ang20191017t170330_r5877_c75_w151_h151",fraca,0,0,244,261900,0,0,0,0,0,0.999069213867
"methane_baseline.xmodel","ang20191006t164135_r235_c476_w151_h151",fraca,200,0,1148,260796,1,0.148367952522,0.258397932817,0.148367952522,0,0.995620727539
"methane_baseline.xmodel","ang20191016t171023_r2954_c487_w151_h151",fraca,130,1,7,262006,0.992366412214,0.948905109489,0.970149253731,0.942028985507,3.81669192044e-06,0.999969482422
"methane_baseline.xmodel","ang20191017t161837_r4287_c171_w151_h151",fraca,0,0,19,262125,0,0,0,0,0,0.999927520752
"methane_baseline.xmodel","ang20191019t181857_r5896_c121_w151_h151",fraca,0,0,353,261791,0,0,0,0,0,0.998653411865
"methane_baseline.xmodel","ang20190926t163428_r5854_c155_w151_h151",fraca,461,0,963,260720,1,0.323735955056,0.489124668435,0.323735955056,0,0.996326446533
"methane_baseline.xmodel","ang20191016t200430_r499_c135_w151_h151",fraca,1,0,69,262074,1,0.0142857142857,0.0281690140845,0.0142857142857,0,0.999736785889
"methane_baseline.xmodel","ang20191016t193637_r9155_c166_w151_h151",fraca,0,0,363,261781,0,0,0,0,0,0.998615264893
"methane_baseline.xmodel","ang20191022t181138_r225_c391_w151_h151",fraca,0,0,134,262010,0,0,0,0,0,0.999488830566
"methane_baseline.xmodel","ang20191023t165811_r7786_c494_w151_h151",fraca,266,0,1026,260852,1,0.205882352941,0.341463414634,0.205882352941,0,0.996086120605
"methane_baseline.xmodel","ang20191007t182352_r3218_c318_w151_h151",fraca,0,0,22,262122,0,0,0,0,0,0.99991607666
"methane_baseline.xmodel","ang20191017t180347_r7328_c361_w151_h151",fraca,0,0,215,261929,0,0,0,0,0,0.999179840088
"methane_baseline.xmodel","ang20191022t173357_r3153_c165_w151_h151",fraca,0,0,846,261298,0,0,0,0,0,0.996772766113
"methane_baseline.xmodel","ang20191007t193705_r2977_c392_w151_h151",fraca,0,0,408,261736,0,0,0,0,0,0.998443603516
"methane_baseline.xmodel","ang20191017t152518_r6858_c196_w151_h151",fraca,0,0,887,261257,0,0,0,0,0,0.996616363525
"methane_baseline.xmodel","ang20190924t165836_r13062_c413_w151_h151",fraca,0,0,48,262096,0,0,0,0,0,0.999816894531
"methane_baseline.xmodel","ang20191016t160914_r2333_c520_w151_h151",fraca,0,0,54,262090,0,0,0,0,0,0.999794006348
"methane_baseline.xmodel","ang20191006t152009_r2975_c354_w151_h151",fraca,205,0,469,261470,1,0.304154302671,0.466439135381,0.304154302671,0,0.998210906982
"methane_baseline.xmodel","ang20191016t145145_r572_c387_w151_h151",fraca,0,0,181,261963,0,0,0,0,0,0.999309539795
"methane_baseline.xmodel","ang20191006t155231_r9497_c279_w151_h151",fraca,0,0,115,262029,0,0,0,0,0,0.999561309814
"methane_baseline.xmodel","ang20191007t185303_r9013_c327_w151_h151",fraca,0,0,317,261827,0,0,0,0,0,0.998790740967
"methane_baseline.xmodel","ang20190926t174644_r2904_c484_w151_h151",fraca,439,1,238,261466,0.997727272727,0.648449039882,0.786034019696,0.647492625369,3.82457442048e-06,0.999088287354
"methane_baseline.xmodel","ang20190927t175410_r6131_c149_w151_h151",fraca,0,0,43,262101,0,0,0,0,0,0.999835968018
"methane_baseline.xmodel","ang20191006t164135_r2947_c373_w151_h151",fraca,1162,4,1577,259401,0.996569468268,0.424242424242,0.595134443022,0.423623769595,1.54199032401e-05,0.993968963623
"methane_baseline.xmodel","ang20191022t150110_r261_c453_w151_h151",fraca,10,0,302,261832,1,0.0320512820513,0.0621118012422,0.0320512820513,0,0.998847961426
"methane_baseline.xmodel","ang20191019t183727_r7059_c338_w151_h151",fraca,0,0,920,261224,0,0,0,0,0,0.996490478516
"methane_baseline.xmodel","ang20191019t185452_r21112_c440_w151_h151",fraca,5,0,511,261628,1,0.00968992248062,0.0191938579655,0.00968992248062,0,0.998050689697
"methane_baseline.xmodel","ang20191013t152730_r7456_c214_w151_h151",fraca,0,0,3566,258578,0,0,0,0,0,0.986396789551
"methane_baseline.xmodel","ang20191022t192048_r217_c387_w151_h151",fraca,0,0,463,261681,0,0,0,0,0,0.998233795166
"methane_baseline.xmodel","ang20191016t145145_r5480_c383_w151_h151",fraca,228,0,62,261854,1,0.786206896552,0.880308880309,0.786206896552,0,0.99976348877
"methane_baseline.xmodel","ang20191013t151222_r6632_c214_w151_h151",fraca,0,0,1876,260268,0,0,0,0,0,0.99284362793
"methane_baseline.xmodel","ang20191019t183727_r1245_c553_w151_h151",fraca,0,0,768,261376,0,0,0,0,0,0.9970703125
"methane_baseline.xmodel","ang20191016t171023_r10718_c443_w151_h151",fraca,0,0,283,261861,0,0,0,0,0,0.998920440674
"methane_baseline.xmodel","ang20191008t172458_r15394_c392_w151_h151",fraca,129,1,330,261684,0.992307692308,0.281045751634,0.438030560272,0.280434782609,3.82138831037e-06,0.998737335205
"methane_baseline.xmodel","ang20191016t195058_r554_c585_w151_h151",fraca,55,0,2607,259482,1,0.0206611570248,0.0404858299595,0.0206611570248,0,0.990055084229
"methane_baseline.xmodel","ang20191022t165908_r5595_c486_w151_h151",fraca,0,0,3331,258813,0,0,0,0,0,0.987293243408
"methane_baseline.xmodel","ang20191006t171344_r2930_c21_w151_h151",fraca,2,0,513,261629,1,0.00388349514563,0.00773694390716,0.00388349514563,0,0.998043060303
"methane_baseline.xmodel","ang20191019t182848_r7227_c299_w151_h151",fraca,0,0,802,261342,0,0,0,0,0,0.996940612793
"methane_baseline.xmodel","ang20191019t172500_r2114_c310_w151_h151",fraca,0,0,523,261621,0,0,0,0,0,0.99800491333
"methane_baseline.xmodel","ang20190924t174538_r9869_c29_w151_h151",fraca,0,0,117,262027,0,0,0,0,0,0.99955368042
"methane_baseline.xmodel","ang20191016t163955_r5977_c570_w151_h151",fraca,0,0,190,261954,0,0,0,0,0,0.99927520752
"methane_baseline.xmodel","ang20190927t182905_r6376_c535_w151_h151",fraca,0,0,63,262081,0,0,0,0,0,0.999759674072
"methane_baseline.xmodel","ang20191013t152730_r9307_c354_w151_h151",fraca,33,0,515,261596,1,0.0602189781022,0.113597246127,0.0602189781022,0,0.998035430908
"methane_baseline.xmodel","ang20191013t145516_r6262_c451_w151_h151",fraca,0,0,871,261273,0,0,0,0,0,0.996677398682
"methane_baseline.xmodel","ang20190924t172057_r9804_c543_w151_h151",fraca,110,0,35,261999,1,0.758620689655,0.862745098039,0.758620689655,0,0.999866485596
"methane_baseline.xmodel","ang20191013t145516_r4790_c299_w151_h151",fraca,0,0,497,261647,0,0,0,0,0,0.998104095459
"methane_baseline.xmodel","ang20191023t185210_r10689_c275_w151_h151",fraca,218,1,30261,231664,0.995433789954,0.00715246563207,0.0142028796664,0.00715223097113,4.31657781711e-06,0.884559631348
"methane_baseline.xmodel","ang20191019t170014_r6076_c22_w151_h151",fraca,0,0,154,261990,0,0,0,0,0,0.999412536621
"methane_baseline.xmodel","ang20190924t172057_r14206_c242_w151_h151",fraca,0,0,0,262144,0,0,0,0,0,1
"methane_baseline.xmodel","ang20191006t183904_r1979_c502_w151_h151",fraca,0,0,392,261752,0,0,0,0,0,0.998504638672
"methane_baseline.xmodel","ang20191007t180411_r344_c409_w151_h151",fraca,202,1,214,261727,0.995073891626,0.485576923077,0.652665589661,0.484412470024,3.82076048417e-06,0.999179840088
"methane_baseline.xmodel","ang20191023t142135_r17930_c162_w151_h151",fraca,0,0,367,261777,0,0,0,0,0,0.998600006104
"methane_baseline.xmodel","ang20190928t185111_r193_c398_w151_h151",fraca,0,0,769,261375,0,0,0,0,0,0.997066497803
"methane_baseline.xmodel","ang20191008t172458_r8604_c408_w151_h151",fraca,5,0,76,262063,1,0.0617283950617,0.116279069767,0.0617283950617,0,0.999710083008
"methane_baseline.xmodel","ang20190927t192237_r6246_c359_w151_h151",fraca,434,1,492,261217,0.997701149425,0.4686825054,0.637766348273,0.468176914779,3.82822010734e-06,0.998119354248
"methane_baseline.xmodel","ang20191013t192848_r3017_c228_w151_h151",fraca,0,0,2423,259721,0,0,0,0,0,0.990756988525
"methane_baseline.xmodel","ang20191023t175603_r10969_c77_w151_h151",fraca,0,0,4705,257439,0,0,0,0,0,0.982051849365
"methane_baseline.xmodel","ang20191013t152730_r6958_c68_w151_h151",fraca,0,0,10743,251401,0,0,0,0,0,0.959018707275
"methane_baseline.xmodel","ang20191007t190840_r5257_c441_w151_h151",fraca,2,0,87,262055,1,0.0224719101124,0.043956043956,0.0224719101124,0,0.999668121338
"methane_baseline.xmodel","ang20191006t182329_r7747_c400_w151_h151",fraca,0,0,132,262012,0,0,0,0,0,0.999496459961
"methane_baseline.xmodel","ang20191011t181301_r11079_c61_w151_h151",fraca,0,0,103,262041,0,0,0,0,0,0.999607086182
"methane_baseline.xmodel","ang20191006t172739_r1862_c27_w151_h151",fraca,55,0,2,262087,1,0.964912280702,0.982142857143,0.964912280702,0,0.999992370605
"methane_baseline.xmodel","ang20190926t154314_r6238_c231_w151_h151",fraca,0,0,312,261832,0,0,0,0,0,0.998809814453
"methane_baseline.xmodel","ang20191017t150903_r7181_c295_w151_h151",fraca,861,0,487,260796,1,0.638724035608,0.779538252603,0.638724035608,0,0.998142242432
"methane_baseline.xmodel","ang20191016t172526_r5824_c260_w151_h151",fraca,0,0,376,261768,0,0,0,0,0,0.998565673828
"methane_baseline.xmodel","ang20191019t175004_r5508_c89_w151_h151",fraca,0,0,643,261501,0,0,0,0,0,0.997547149658
"methane_baseline.xmodel","ang20191013t170032_r2806_c107_w151_h151",fraca,0,0,448,261696,0,0,0,0,0,0.998291015625
"methane_baseline.xmodel","ang20191019t161418_r4261_c325_w151_h151",fraca,0,0,111,262033,0,0,0,0,0,0.999576568604
"methane_baseline.xmodel","ang20191019t173905_r6908_c507_w151_h151",fraca,0,0,972,261172,0,0,0,0,0,0.996292114258
"methane_baseline.xmodel","ang20191019t182848_r2632_c419_w151_h151",fraca,0,0,446,261698,0,0,0,0,0,0.99829864502
"methane_baseline.xmodel","ang20191017t150903_r13051_c393_w151_h151",fraca,1659,2,295,260188,0.998795906081,0.849027635619,0.917842323651,0.848159509202,7.68669049541e-06,0.998867034912
"methane_baseline.xmodel","ang20191013t173258_r6771_c139_w151_h151",fraca,0,0,152,261992,0,0,0,0,0,0.999420166016
"methane_baseline.xmodel","ang20191013t151222_r6242_c432_w151_h151",fraca,211,1,263,261669,0.995283018868,0.445147679325,0.615160349854,0.444210526316,3.82160736806e-06,0.998992919922
"methane_baseline.xmodel","ang20191008t183946_r2229_c296_w151_h151",fraca,162,0,51,261931,1,0.760563380282,0.864,0.760563380282,0,0.999805450439
"methane_baseline.xmodel","ang20191007t175016_r2033_c316_w151_h151",fraca,20,0,137,261987,1,0.127388535032,0.225988700565,0.127388535032,0,0.999477386475
"methane_baseline.xmodel","ang20191011t185825_r3060_c497_w151_h151",fraca,0,0,801,261343,0,0,0,0,0,0.99694442749
"methane_baseline.xmodel","ang20190927t182905_r6580_c276_w151_h151",fraca,0,0,40,262104,0,0,0,0,0,0.999847412109
"methane_baseline.xmodel","ang20191013t192848_r3020_c221_w151_h151",fraca,0,0,2436,259708,0,0,0,0,0,0.990707397461
"methane_baseline.xmodel","ang20191017t183448_r5698_c240_w151_h151",fraca,0,0,26,262118,0,0,0,0,0,0.999900817871
"methane_baseline.xmodel","ang20191017t174946_r9742_c381_w151_h151",fraca,0,0,576,261568,0,0,0,0,0,0.997802734375
"methane_baseline.xmodel","ang20191011t184311_r11537_c478_w151_h151",fraca,0,0,259,261885,0,0,0,0,0,0.999011993408
"methane_baseline.xmodel","ang20191022t162321_r9250_c309_w151_h151",fraca,0,0,511,261633,0,0,0,0,0,0.998050689697
"methane_baseline.xmodel","ang20191006t162415_r6342_c488_w151_h151",fraca,0,0,2095,260049,0,0,0,0,0,0.992008209229
"methane_baseline.xmodel","ang20191023t185210_r10760_c402_w151_h151",fraca,241,0,23411,238492,1,0.0101894131574,0.0201732725066,0.0101894131574,0,0.910694122314
"methane_baseline.xmodel","ang20191006t171344_r917_c79_w151_h151",fraca,0,0,127,262017,0,0,0,0,0,0.999515533447
"methane_baseline.xmodel","ang20191019t182848_r7074_c233_w151_h151",fraca,0,0,802,261342,0,0,0,0,0,0.996940612793
"methane_baseline.xmodel","ang20191016t171023_r5020_c380_w151_h151",fraca,31,0,16,262097,1,0.659574468085,0.794871794872,0.659574468085,0,0.999938964844
"methane_baseline.xmodel","ang20191011t175712_r10880_c531_w151_h151",fraca,0,0,132,262012,0,0,0,0,0,0.999496459961
"methane_baseline.xmodel","ang20191006t165608_r10172_c581_w151_h151",fraca,0,0,401,261743,0,0,0,0,0,0.998470306396
"methane_baseline.xmodel","ang20191019t173905_r2076_c289_w151_h151",fraca,0,0,828,261316,0,0,0,0,0,0.996841430664
"methane_baseline.xmodel","ang20190927t173620_r2426_c486_w151_h151",fraca,259,1,10,261874,0.996153846154,0.96282527881,0.979206049149,0.959259259259,3.81861575179e-06,0.99995803833
"methane_baseline.xmodel","ang20191007t201917_r10803_c1486_w151_h151",fraca,0,0,83,262061,0,0,0,0,0,0.999683380127
"methane_baseline.xmodel","ang20191016t183045_r5873_c556_w151_h151",fraca,0,0,85,262059,0,0,0,0,0,0.999675750732
"methane_baseline.xmodel","ang20191017t160033_r3994_c211_w151_h151",fraca,0,0,74,262070,0,0,0,0,0,0.999717712402
"methane_baseline.xmodel","ang20191013t192848_r2426_c505_w151_h151",fraca,218,0,508,261418,1,0.300275482094,0.46186440678,0.300275482094,0,0.998062133789
"methane_baseline.xmodel","ang20191011t174241_r2008_c524_w151_h151",fraca,0,0,102,262042,0,0,0,0,0,0.999610900879
"methane_baseline.xmodel","ang20190927t160700_r11528_c322_w151_h151",fraca,0,0,156,261988,0,0,0,0,0,0.999404907227
"methane_baseline.xmodel","ang20190927t175410_r2740_c223_w151_h151",fraca,0,0,613,261531,0,0,0,0,0,0.997661590576
"methane_baseline.xmodel","ang20191016t145145_r1239_c166_w151_h151",fraca,0,0,10,262134,0,0,0,0,0,0.999961853027
"methane_baseline.xmodel","ang20191006t172739_r7632_c42_w151_h151",fraca,0,0,70,262074,0,0,0,0,0,0.999732971191
"methane_baseline.xmodel","ang20191007t195115_r2176_c543_w151_h151",fraca,8,0,238,261898,1,0.0325203252033,0.0629921259843,0.0325203252033,0,0.999092102051
"methane_baseline.xmodel","ang20191023t164221_r5748_c232_w151_h151",fraca,0,0,1175,260969,0,0,0,0,0,0.995517730713
"methane_baseline.xmodel","ang20190927t151239_r4852_c129_w151_h151",fraca,0,0,153,261991,0,0,0,0,0,0.999416351318
"methane_baseline.xmodel","ang20190926t171159_r743_c15_w151_h151",fraca,0,0,1481,260663,0,0,0,0,0,0.99435043335
"methane_baseline.xmodel","ang20191017t185057_r7015_c267_w151_h151",fraca,0,0,193,261951,0,0,0,0,0,0.999263763428
"methane_baseline.xmodel","ang20190926t161748_r3493_c245_w151_h151",fraca,0,0,605,261539,0,0,0,0,0,0.997692108154
"methane_baseline.xmodel","ang20191013t174928_r255_c211_w151_h151",fraca,0,0,464,261680,0,0,0,0,0,0.998229980469
"methane_baseline.xmodel","ang20191011t192741_r10313_c52_w151_h151",fraca,0,0,99,262045,0,0,0,0,0,0.999622344971
"methane_baseline.xmodel","ang20191017t174946_r7519_c377_w151_h151",fraca,0,0,815,261329,0,0,0,0,0,0.996891021729
"methane_baseline.xmodel","ang20191017t185057_r5833_c565_w151_h151",fraca,1,0,82,262061,1,0.0120481927711,0.0238095238095,0.0120481927711,0,0.999687194824
"methane_baseline.xmodel","ang20191006t165608_r9981_c485_w151_h151",fraca,0,0,401,261743,0,0,0,0,0,0.998470306396
"methane_baseline.xmodel","ang20191008t194115_r9627_c362_w151_h151",fraca,2,0,22,262120,1,0.0833333333333,0.153846153846,0.0833333333333,0,0.99991607666
"methane_baseline.xmodel","ang20191011t175712_r5006_c494_w151_h151",fraca,0,0,16,262128,0,0,0,0,0,0.999938964844
"methane_baseline.xmodel","ang20191007t200647_r4878_c331_w151_h151",fraca,0,0,540,261604,0,0,0,0,0,0.997940063477
"methane_baseline.xmodel","ang20191022t164918_r332_c281_w151_h151",fraca,0,0,99,262045,0,0,0,0,0,0.999622344971
"methane_baseline.xmodel","ang20191017t144928_r3059_c534_w151_h151",fraca,0,0,40,262104,0,0,0,0,0,0.999847412109
"methane_baseline.xmodel","ang20191008t172458_r6989_c452_w151_h151",fraca,111,3,0,262030,0.973684210526,1,0.986666666667,0.973684210526,1.14489396374e-05,0.999988555908
"methane_baseline.xmodel","ang20190927t175410_r4611_c328_w151_h151",fraca,0,0,255,261889,0,0,0,0,0,0.999027252197
"methane_baseline.xmodel","ang20191006t165608_r4759_c263_w151_h151",fraca,374,1,13584,248185,0.997333333333,0.0267946697235,0.0521872601688,0.026792750197,4.02923613741e-06,0.948177337646
"methane_baseline.xmodel","ang20190927t181142_r1114_c118_w151_h151",fraca,0,0,67,262077,0,0,0,0,0,0.999744415283
"methane_baseline.xmodel","ang20191006t150453_r2973_c397_w151_h151",fraca,0,0,109,262035,0,0,0,0,0,0.999584197998
"methane_baseline.xmodel","ang20191016t172526_r8629_c183_w151_h151",fraca,0,0,85,262059,0,0,0,0,0,0.999675750732
"methane_baseline.xmodel","ang20190924t181121_r6640_c558_w151_h151",fraca,0,0,139,262005,0,0,0,0,0,0.99946975708
"methane_baseline.xmodel","ang20191006t182329_r1538_c471_w151_h151",fraca,0,0,54,262090,0,0,0,0,0,0.999794006348
"methane_baseline.xmodel","ang20191008t182150_r6974_c475_w151_h151",fraca,0,0,191,261953,0,0,0,0,0,0.999271392822
"methane_baseline.xmodel","ang20191013t164602_r12132_c11_w151_h151",fraca,46,0,5,262093,1,0.901960784314,0.948453608247,0.901960784314,0,0.999980926514
"methane_baseline.xmodel","ang20190926t165202_r2006_c556_w151_h151",fraca,484,12,471,261177,0.975806451613,0.506806282723,0.667126119917,0.500517063082,4.59437418881e-05,0.998157501221
"methane_baseline.xmodel","ang20191007t182352_r6480_c477_w151_h151",fraca,0,0,99,262045,0,0,0,0,0,0.999622344971
"methane_baseline.xmodel","ang20190922t192642_r3270_c384_w151_h151",fraca,0,0,458,261686,0,0,0,0,0,0.998252868652
"methane_baseline.xmodel","ang20191017t173348_r2637_c488_w151_h151",fraca,0,0,140,262004,0,0,0,0,0,0.999465942383
"methane_baseline.xmodel","ang20191017t161837_r5774_c330_w151_h151",fraca,0,0,122,262022,0,0,0,0,0,0.999534606934
"methane_baseline.xmodel","ang20191016t150743_r3830_c453_w151_h151",fraca,119,1,1,262023,0.991666666667,0.991666666667,0.991666666667,0.98347107438,3.81644429518e-06,0.999992370605
"methane_baseline.xmodel","ang20190924t181121_r11120_c183_w151_h151",fraca,0,0,34,262110,0,0,0,0,0,0.999870300293
"methane_baseline.xmodel","ang20191008t183946_r6265_c255_w151_h151",fraca,0,0,85,262059,0,0,0,0,0,0.999675750732
"methane_baseline.xmodel","ang20191017t180347_r9986_c373_w151_h151",fraca,28,0,95,262021,1,0.227642276423,0.370860927152,0.227642276423,0,0.99963760376
"methane_baseline.xmodel","ang20191019t161418_r283_c455_w151_h151",fraca,7,0,117,262020,1,0.0564516129032,0.106870229008,0.0564516129032,0,0.99955368042
"methane_baseline.xmodel","ang20191013t192848_r2425_c504_w151_h151",fraca,344,0,382,261418,1,0.473829201102,0.642990654206,0.473829201102,0,0.998542785645
"methane_baseline.xmodel","ang20191022t193257_r590_c227_w151_h151",fraca,0,0,275,261869,0,0,0,0,0,0.998950958252
"methane_baseline.xmodel","ang20191017t170330_r9351_c429_w151_h151",fraca,0,0,11,262133,0,0,0,0,0,0.99995803833
"methane_baseline.xmodel","ang20191013t145516_r10145_c322_w151_h151",fraca,0,0,138,262006,0,0,0,0,0,0.999473571777
"methane_baseline.xmodel","ang20191007t190840_r6187_c432_w151_h151",fraca,0,0,57,262087,0,0,0,0,0,0.999782562256
"methane_baseline.xmodel","ang20191023t142135_r14813_c361_w151_h151",fraca,100,0,216,261828,1,0.316455696203,0.480769230769,0.316455696203,0,0.999176025391
"methane_baseline.xmodel","ang20191017t154425_r2080_c286_w151_h151",fraca,104,0,127,261913,1,0.450216450216,0.620895522388,0.450216450216,0,0.999515533447
"methane_baseline.xmodel","ang20191022t163722_r5753_c252_w151_h151",fraca,0,0,106,262038,0,0,0,0,0,0.99959564209
"methane_baseline.xmodel","ang20191011t165345_r2762_c457_w151_h151",fraca,0,0,106,262038,0,0,0,0,0,0.99959564209
"methane_baseline.xmodel","ang20191013t144828_r4066_c404_w151_h151",fraca,0,0,1860,260284,0,0,0,0,0,0.992904663086
"methane_baseline.xmodel","ang20191011t174241_r11150_c189_w151_h151",fraca,0,0,21,262123,0,0,0,0,0,0.999919891357
"methane_baseline.xmodel","ang20191017t150903_r9252_c52_w151_h151",fraca,0,0,154,261990,0,0,0,0,0,0.999412536621
"methane_baseline.xmodel","ang20191016t150743_r2776_c281_w151_h151",fraca,0,0,222,261922,0,0,0,0,0,0.999153137207
"methane_baseline.xmodel","ang20191016t195058_r224_c814_w151_h151",fraca,407,3,2928,258806,0.992682926829,0.12203898051,0.2173564753,0.121929298981,1.15915597989e-05,0.988819122314
"methane_baseline.xmodel","ang20191019t173905_r2062_c291_w151_h151",fraca,0,0,828,261316,0,0,0,0,0,0.996841430664
"methane_baseline.xmodel","ang20191019t163936_r174_c399_w151_h151",fraca,4,0,126,262014,1,0.0307692307692,0.0597014925373,0.0307692307692,0,0.999519348145
"methane_baseline.xmodel","ang20191006t150453_r3320_c425_w151_h151",fraca,23,0,82,262039,1,0.219047619048,0.359375,0.219047619048,0,0.999687194824
"methane_baseline.xmodel","ang20191017t160033_r6024_c126_w151_h151",fraca,0,0,166,261978,0,0,0,0,0,0.999366760254
"methane_baseline.xmodel","ang20191007t200647_r3782_c243_w151_h151",fraca,0,0,2116,260028,0,0,0,0,0,0.991928100586
"methane_baseline.xmodel","ang20190927t181142_r5030_c60_w151_h151",fraca,0,0,78,262066,0,0,0,0,0,0.999702453613
"methane_baseline.xmodel","ang20190926t163428_r5453_c242_w151_h151",fraca,486,1,1787,259870,0.99794661191,0.213814342279,0.352173913043,0.213720316623,3.84806307745e-06,0.993179321289
"methane_baseline.xmodel","ang20191016t150743_r2947_c193_w151_h151",fraca,0,0,1,262143,0,0,0,0,0,0.999996185303
"methane_baseline.xmodel","ang20191016t174016_r8334_c304_w151_h151",fraca,0,0,38,262106,0,0,0,0,0,0.999855041504
"methane_baseline.xmodel","ang20191006t164135_r185_c125_w151_h151",fraca,7,0,584,261553,1,0.0118443316413,0.0234113712375,0.0118443316413,0,0.997772216797
"methane_baseline.xmodel","ang20191006t165608_r3680_c177_w151_h151",fraca,1972,0,14133,246039,1,0.122446445203,0.218177794988,0.122446445203,0,0.946086883545
"methane_baseline.xmodel","ang20191017t152518_r1992_c496_w151_h151",fraca,0,0,71,262073,0,0,0,0,0,0.999729156494
"methane_baseline.xmodel","ang20190922t192642_r4834_c257_w151_h151",fraca,4026,3,909,257206,0.999255398362,0.815805471125,0.898259705489,0.815309842041,1.16636665124e-05,0.996520996094
"methane_baseline.xmodel","ang20191016t160914_r6437_c522_w151_h151",fraca,0,0,91,262053,0,0,0,0,0,0.999652862549
"methane_baseline.xmodel","ang20190927t175410_r12204_c347_w151_h151",fraca,122,1,9,262012,0.991869918699,0.931297709924,0.96062992126,0.924242424242,3.81660451962e-06,0.999961853027
"methane_baseline.xmodel","ang20191016t175642_r5951_c110_w151_h151",fraca,0,0,73,262071,0,0,0,0,0,0.9997215271
"methane_baseline.xmodel","ang20191016t171023_r1905_c425_w151_h151",fraca,0,0,200,261944,0,0,0,0,0,0.999237060547
"methane_baseline.xmodel","ang20191023t165811_r8143_c73_w151_h151",fraca,0,0,504,261640,0,0,0,0,0,0.998077392578
"methane_baseline.xmodel","ang20190928t193847_r4737_c638_w151_h151",fraca,0,0,134,262010,0,0,0,0,0,0.999488830566
"methane_baseline.xmodel","ang20191016t195058_r278_c973_w151_h151",fraca,358,3,827,260956,0.991689750693,0.302109704641,0.463130659767,0.301346801347,1.14960587679e-05,0.99683380127
"methane_baseline.xmodel","ang20190926t154314_r12563_c601_w151_h151",fraca,0,0,218,261926,0,0,0,0,0,0.999168395996
"methane_baseline.xmodel","ang20191013t182140_r3872_c425_w151_h151",fraca,0,0,493,261651,0,0,0,0,0,0.998119354248
"methane_baseline.xmodel","ang20191019t173905_r11057_c320_w151_h151",fraca,493,1,390,261260,0.997975708502,0.55832389581,0.716049382716,0.557692307692,3.82759003449e-06,0.998508453369
"methane_baseline.xmodel","ang20190924t183641_r12355_c423_w151_h151",fraca,37,1,115,261991,0.973684210526,0.243421052632,0.389473684211,0.241830065359,3.81691044001e-06,0.999557495117
"methane_baseline.xmodel","ang20191016t195058_r409_c968_w151_h151",fraca,360,2,825,260957,0.994475138122,0.303797468354,0.465416936005,0.303285593934,7.66403917857e-06,0.996845245361
"methane_baseline.xmodel","ang20191017t160033_r3365_c25_w151_h151",fraca,0,0,152,261992,0,0,0,0,0,0.999420166016
"methane_baseline.xmodel","ang20191017t180347_r7996_c114_w151_h151",fraca,0,0,485,261659,0,0,0,0,0,0.998149871826
"methane_baseline.xmodel","ang20191016t195058_r319_c831_w151_h151",fraca,437,4,2332,259371,0.990929705215,0.157818707114,0.272274143302,0.157591056617,1.5421686747e-05,0.991088867188
"methane_baseline.xmodel","ang20191010t184216_r7136_c10_w151_h151",fraca,0,0,159,261985,0,0,0,0,0,0.999393463135
"methane_baseline.xmodel","ang20191013t182140_r630_c505_w151_h151",fraca,9,0,204,261931,1,0.0422535211268,0.0810810810811,0.0422535211268,0,0.999221801758
"methane_baseline.xmodel","ang20191010t182147_r8988_c168_w151_h151",fraca,0,0,229,261915,0,0,0,0,0,0.999126434326
"methane_baseline.xmodel","ang20191022t181138_r5587_c485_w151_h151",fraca,0,0,241,261903,0,0,0,0,0,0.999080657959
"methane_baseline.xmodel","ang20191023t161300_r6969_c418_w151_h151",fraca,0,0,1025,261119,0,0,0,0,0,0.996089935303
"methane_baseline.xmodel","ang20191016t193637_r9048_c137_w151_h151",fraca,0,0,363,261781,0,0,0,0,0,0.998615264893
"methane_baseline.xmodel","ang20191016t171023_r6570_c583_w151_h151",fraca,0,0,2178,259966,0,0,0,0,0,0.991691589355
"methane_baseline.xmodel","ang20191011t181301_r11788_c236_w151_h151",fraca,0,0,37,262107,0,0,0,0,0,0.999858856201
"methane_baseline.xmodel","ang20191023t172753_r9206_c264_w151_h151",fraca,0,0,1033,261111,0,0,0,0,0,0.996059417725
"methane_baseline.xmodel","ang20191016t183045_r3028_c371_w151_h151",fraca,45,0,15,262084,1,0.75,0.857142857143,0.75,0,0.999942779541
"methane_baseline.xmodel","ang20191016t150743_r1683_c302_w151_h151",fraca,8,0,873,261263,1,0.00908059023837,0.0179977502812,0.00908059023837,0,0.996669769287
"methane_baseline.xmodel","ang20191013t154421_r6579_c235_w151_h151",fraca,0,0,7339,254805,0,0,0,0,0,0.972003936768
"methane_baseline.xmodel","ang20191023t174017_r6602_c343_w151_h151",fraca,0,0,177,261967,0,0,0,0,0,0.999324798584
"methane_baseline.xmodel","ang20191023t174017_r10157_c46_w151_h151",fraca,0,0,94,262050,0,0,0,0,0,0.999641418457
"methane_baseline.xmodel","ang20191008t195936_r1361_c446_w151_h151",fraca,0,0,192,261952,0,0,0,0,0,0.999267578125
"methane_baseline.xmodel","ang20190926t180335_r6976_c472_w151_h151",fraca,0,0,134,262010,0,0,0,0,0,0.999488830566
"methane_baseline.xmodel","ang20191013t164602_r8145_c515_w151_h151",fraca,0,0,1020,261124,0,0,0,0,0,0.996109008789
"methane_baseline.xmodel","ang20190926t172904_r3349_c507_w151_h151",fraca,0,0,395,261749,0,0,0,0,0,0.99849319458
"methane_baseline.xmodel","ang20191006t180341_r1269_c248_w151_h151",fraca,612,1,88,261443,0.99836867863,0.874285714286,0.932216298553,0.873038516405,3.82491087958e-06,0.999660491943
"methane_baseline.xmodel","ang20191007t200647_r10170_c553_w151_h151",fraca,0,0,706,261438,0,0,0,0,0,0.99730682373
"methane_baseline.xmodel","ang20191019t162211_r1496_c332_w151_h151",fraca,0,0,372,261772,0,0,0,0,0,0.998580932617
"methane_baseline.xmodel","ang20191016t193637_r7991_c108_w151_h151",fraca,0,0,106,262038,0,0,0,0,0,0.99959564209
"methane_baseline.xmodel","ang20191017t174946_r7823_c591_w151_h151",fraca,0,0,86,262058,0,0,0,0,0,0.999671936035
"methane_baseline.xmodel","ang20191011t191345_r3343_c265_w151_h151",fraca,29,0,193,261922,1,0.130630630631,0.231075697211,0.130630630631,0,0.999263763428
"methane_baseline.xmodel","ang20190926t172904_r5655_c267_w151_h151",fraca,0,0,217,261927,0,0,0,0,0,0.999172210693
"methane_baseline.xmodel","ang20191016t163955_r5083_c556_w151_h151",fraca,0,0,127,262017,0,0,0,0,0,0.999515533447
"methane_baseline.xmodel","ang20191016t200430_r6874_c570_w151_h151",fraca,0,0,101,262043,0,0,0,0,0,0.999614715576
"methane_baseline.xmodel","ang20191016t183045_r5262_c84_w151_h151",fraca,0,0,178,261966,0,0,0,0,0,0.999320983887
"methane_baseline.xmodel","ang20191006t152009_r1738_c274_w151_h151",fraca,0,0,175,261969,0,0,0,0,0,0.999332427979
"methane_baseline.xmodel","ang20191011t165345_r3395_c39_w151_h151",fraca,0,0,758,261386,0,0,0,0,0,0.997108459473
"methane_baseline.xmodel","ang20191011t171218_r4916_c92_w151_h151",fraca,0,0,124,262020,0,0,0,0,0,0.999526977539
"methane_baseline.xmodel","ang20191019t160518_r4056_c274_w151_h151",fraca,0,0,113,262031,0,0,0,0,0,0.999568939209
"methane_baseline.xmodel","ang20191016t174016_r11106_c154_w151_h151",fraca,0,0,18,262126,0,0,0,0,0,0.999931335449
"methane_baseline.xmodel","ang20190926t180335_r9812_c119_w151_h151",fraca,0,0,111,262033,0,0,0,0,0,0.999576568604
"methane_baseline.xmodel","ang20191008t172458_r5767_c61_w151_h151",fraca,0,0,30,262114,0,0,0,0,0,0.999885559082
"methane_baseline.xmodel","ang20191007t201917_r11493_c1532_w151_h151",fraca,0,0,99,262045,0,0,0,0,0,0.999622344971
"methane_baseline.xmodel","ang20191006t174505_r11485_c152_w151_h151",fraca,0,0,50,262094,0,0,0,0,0,0.999809265137
"methane_baseline.xmodel","ang20191006t152009_r7276_c467_w151_h151",fraca,26,0,249,261869,1,0.0945454545455,0.172757475083,0.0945454545455,0,0.999050140381
"methane_baseline.xmodel","ang20191019t185452_r24232_c166_w151_h151",fraca,0,0,190,261954,0,0,0,0,0,0.99927520752
"methane_baseline.xmodel","ang20191017t170330_r2685_c231_w151_h151",fraca,0,0,575,261569,0,0,0,0,0,0.997806549072
"methane_baseline.xmodel","ang20191016t183045_r6333_c95_w151_h151",fraca,0,0,83,262061,0,0,0,0,0,0.999683380127
"methane_baseline.xmodel","ang20191006t164135_r2190_c170_w151_h151",fraca,111,0,433,261600,1,0.204044117647,0.33893129771,0.204044117647,0,0.998348236084
"methane_baseline.xmodel","ang20191010t193818_r458_c188_w151_h151",fraca,0,0,21,262123,0,0,0,0,0,0.999919891357
"methane_baseline.xmodel","ang20191013t145516_r4161_c385_w151_h151",fraca,0,0,248,261896,0,0,0,0,0,0.999053955078
"methane_baseline.xmodel","ang20191019t170014_r5520_c96_w151_h151",fraca,0,0,329,261815,0,0,0,0,0,0.9987449646
"methane_baseline.xmodel","ang20191016t195058_r386_c1010_w151_h151",fraca,384,3,801,260956,0.992248062016,0.324050632911,0.488549618321,0.323232323232,1.14960587679e-05,0.996932983398
"methane_baseline.xmodel","ang20191016t195058_r261_c704_w151_h151",fraca,275,0,2872,258997,1,0.087384810931,0.160724722385,0.087384810931,0,0.989044189453
"methane_baseline.xmodel","ang20191019t145204_r2884_c0_w151_h151",fraca,0,0,24,262120,0,0,0,0,0,0.999908447266
"methane_baseline.xmodel","ang20190926t174644_r892_c507_w151_h151",fraca,0,0,164,261980,0,0,0,0,0,0.999374389648
"methane_baseline.xmodel","ang20191022t193257_r909_c393_w151_h151",fraca,0,0,299,261845,0,0,0,0,0,0.998859405518
"methane_baseline.xmodel","ang20191007t182352_r3564_c271_w151_h151",fraca,0,0,98,262046,0,0,0,0,0,0.999626159668
"methane_baseline.xmodel","ang20191013t173258_r1371_c553_w151_h151",fraca,30,0,171,261943,1,0.149253731343,0.25974025974,0.149253731343,0,0.999347686768
"methane_baseline.xmodel","ang20191013t144828_r226_c395_w151_h151",fraca,39,0,2016,260089,1,0.0189781021898,0.0372492836676,0.0189781021898,0,0.992309570312
"methane_baseline.xmodel","ang20191022t180237_r3873_c679_w151_h151",fraca,0,0,265,261879,0,0,0,0,0,0.998989105225
"methane_baseline.xmodel","ang20191023t151141_r8469_c109_w151_h151",fraca,761,0,5660,255723,1,0.118517364896,0.211918685603,0.118517364896,0,0.978408813477
"methane_baseline.xmodel","ang20191013t145516_r11372_c121_w151_h151",fraca,1,0,226,261917,1,0.00440528634361,0.00877192982456,0.00440528634361,0,0.999137878418
"methane_baseline.xmodel","ang20190927t175410_r10027_c480_w151_h151",fraca,0,0,1518,260626,0,0,0,0,0,0.994209289551
"methane_baseline.xmodel","ang20191017t152518_r1679_c18_w151_h151",fraca,12,0,78,262054,1,0.133333333333,0.235294117647,0.133333333333,0,0.999702453613
"methane_baseline.xmodel","ang20191006t150453_r2196_c261_w151_h151",fraca,90,0,498,261556,1,0.15306122449,0.265486725664,0.15306122449,0,0.998100280762
"methane_baseline.xmodel","ang20191006t150453_r3671_c370_w151_h151",fraca,120,0,53,261971,1,0.693641618497,0.819112627986,0.693641618497,0,0.999797821045
"methane_baseline.xmodel","ang20191022t172245_r1735_c21_w151_h151",fraca,0,0,683,261461,0,0,0,0,0,0.997394561768
"methane_baseline.xmodel","ang20191016t193637_r6848_c465_w151_h151",fraca,0,0,133,262011,0,0,0,0,0,0.999492645264
"methane_baseline.xmodel","ang20191007t175016_r9244_c205_w151_h151",fraca,0,0,339,261805,0,0,0,0,0,0.998706817627
"methane_baseline.xmodel","ang20191016t193637_r9018_c131_w151_h151",fraca,0,0,363,261781,0,0,0,0,0,0.998615264893
"methane_baseline.xmodel","ang20191022t162321_r1555_c111_w151_h151",fraca,0,0,14,262130,0,0,0,0,0,0.999946594238
"methane_baseline.xmodel","ang20191019t172500_r8010_c225_w151_h151",fraca,0,0,38,262106,0,0,0,0,0,0.999855041504
"methane_baseline.xmodel","ang20191006t180341_r3320_c29_w151_h151",fraca,0,0,309,261835,0,0,0,0,0,0.998821258545
"methane_baseline.xmodel","ang20191017t150903_r9023_c277_w151_h151",fraca,0,0,3703,258441,0,0,0,0,0,0.985874176025
"methane_baseline.xmodel","ang20191017t171949_r11317_c350_w151_h151",fraca,88,1,3570,258485,0.988764044944,0.024056861673,0.0469709100614,0.0240502869637,3.86868147598e-06,0.986377716064
"methane_baseline.xmodel","ang20190923t192543_r2005_c449_w151_h151",fraca,0,0,1475,260669,0,0,0,0,0,0.994373321533
"methane_baseline.xmodel","ang20191016t171023_r4555_c494_w151_h151",fraca,0,0,581,261563,0,0,0,0,0,0.997783660889
"methane_baseline.xmodel","ang20191019t175004_r1568_c374_w151_h151",fraca,0,0,149,261995,0,0,0,0,0,0.999431610107
"methane_baseline.xmodel","ang20191007t182352_r4376_c293_w151_h151",fraca,0,0,218,261926,0,0,0,0,0,0.999168395996
"methane_baseline.xmodel","ang20191008t183946_r9036_c563_w151_h151",fraca,0,0,228,261916,0,0,0,0,0,0.999130249023
"methane_baseline.xmodel","ang20191016t145145_r2979_c283_w151_h151",fraca,0,0,107,262037,0,0,0,0,0,0.999591827393
"methane_baseline.xmodel","ang20191010t193818_r5664_c429_w151_h151",fraca,0,0,76,262068,0,0,0,0,0,0.999710083008
"methane_baseline.xmodel","ang20191022t153425_r1203_c565_w151_h151",fraca,0,0,744,261400,0,0,0,0,0,0.997161865234
"methane_baseline.xmodel","ang20191007t200647_r1122_c553_w151_h151",fraca,0,0,6644,255500,0,0,0,0,0,0.974655151367
"methane_baseline.xmodel","ang20191006t165608_r2288_c556_w151_h151",fraca,0,0,443,261701,0,0,0,0,0,0.998310089111
"methane_baseline.xmodel","ang20191017t154425_r2001_c119_w151_h151",fraca,25,0,206,261913,1,0.108225108225,0.1953125,0.108225108225,0,0.999214172363
"methane_baseline.xmodel","ang20191007t200647_r7116_c18_w151_h151",fraca,0,0,23,262121,0,0,0,0,0,0.999912261963
"methane_baseline.xmodel","ang20191019t162211_r174_c398_w151_h151",fraca,0,0,82,262062,0,0,0,0,0,0.999687194824
"methane_baseline.xmodel","ang20191022t165908_r3901_c305_w151_h151",fraca,0,0,801,261343,0,0,0,0,0,0.99694442749
"methane_baseline.xmodel","ang20191008t194115_r6913_c529_w151_h151",fraca,0,0,162,261982,0,0,0,0,0,0.999382019043
"methane_baseline.xmodel","ang20191011t182731_r111_c236_w151_h151",fraca,12,0,23,262109,1,0.342857142857,0.510638297872,0.342857142857,0,0.999912261963
"methane_baseline.xmodel","ang20191016t174016_r9181_c127_w151_h151",fraca,0,0,55,262089,0,0,0,0,0,0.99979019165
"methane_baseline.xmodel","ang20191017t160033_r4831_c560_w151_h151",fraca,0,0,1023,261121,0,0,0,0,0,0.996097564697
"methane_baseline.xmodel","ang20191016t171023_r8136_c321_w151_h151",fraca,0,0,19,262125,0,0,0,0,0,0.999927520752
"methane_baseline.xmodel","ang20191016t155337_r6436_c506_w151_h151",fraca,0,0,301,261843,0,0,0,0,0,0.998851776123
"methane_baseline.xmodel","ang20191016t200430_r715_c247_w151_h151",fraca,25,0,45,262074,1,0.357142857143,0.526315789474,0.357142857143,0,0.999828338623
"methane_baseline.xmodel","ang20191011t163647_r3554_c0_w151_h151",fraca,0,0,39,262105,0,0,0,0,0,0.999851226807
"methane_baseline.xmodel","ang20191017t174946_r1911_c73_w151_h151",fraca,0,0,85,262059,0,0,0,0,0,0.999675750732
"methane_baseline.xmodel","ang20191023t185210_r10822_c345_w151_h151",fraca,655,2,25165,236322,0.99695585997,0.0253679318358,0.0494769044831,0.0253659670049,8.46295763443e-06,0.903995513916
"methane_baseline.xmodel","ang20191011t192741_r2687_c7_w151_h151",fraca,0,0,227,261917,0,0,0,0,0,0.999134063721
"methane_baseline.xmodel","ang20191017t173348_r6316_c476_w151_h151",fraca,0,0,265,261879,0,0,0,0,0,0.998989105225
"methane_baseline.xmodel","ang20191006t171344_r6745_c249_w151_h151",fraca,163,0,813,261168,1,0.167008196721,0.286215978929,0.167008196721,0,0.996898651123
"methane_baseline.xmodel","ang20191007t175016_r1780_c347_w151_h151",fraca,91,1,40,262012,0.989130434783,0.69465648855,0.816143497758,0.689393939394,3.81660451962e-06,0.999843597412
"methane_baseline.xmodel","ang20191016t163955_r3055_c131_w151_h151",fraca,0,0,147,261997,0,0,0,0,0,0.999439239502
"methane_baseline.xmodel","ang20190926t171159_r3394_c83_w151_h151",fraca,0,0,194,261950,0,0,0,0,0,0.99925994873
"methane_baseline.xmodel","ang20190927t175410_r3780_c250_w151_h151",fraca,0,0,393,261751,0,0,0,0,0,0.998500823975
"methane_baseline.xmodel","ang20191017t182024_r6233_c369_w151_h151",fraca,0,0,8,262136,0,0,0,0,0,0.999969482422
"methane_baseline.xmodel","ang20191022t181138_r1160_c151_w151_h151",fraca,0,0,1666,260478,0,0,0,0,0,0.993644714355
"methane_baseline.xmodel","ang20191016t153826_r3137_c196_w151_h151",fraca,0,0,87,262057,0,0,0,0,0,0.999668121338
"methane_baseline.xmodel","ang20191016t195058_r8286_c304_w151_h151",fraca,0,0,50,262094,0,0,0,0,0,0.999809265137
"methane_baseline.xmodel","ang20191006t160931_r6337_c30_w151_h151",fraca,0,0,228,261916,0,0,0,0,0,0.999130249023
"methane_baseline.xmodel","ang20190922t203229_r7486_c72_w151_h151",fraca,0,0,378,261766,0,0,0,0,0,0.998558044434
"methane_baseline.xmodel","ang20191016t171023_r4618_c553_w151_h151",fraca,0,0,581,261563,0,0,0,0,0,0.997783660889
"methane_baseline.xmodel","ang20191017t185057_r3726_c333_w151_h151",fraca,0,0,26,262118,0,0,0,0,0,0.999900817871
"methane_baseline.xmodel","ang20190923t195907_r7563_c6_w151_h151",fraca,0,0,126,262018,0,0,0,0,0,0.999519348145
"methane_baseline.xmodel","ang20191017t160033_r3587_c150_w151_h151",fraca,0,0,152,261992,0,0,0,0,0,0.999420166016
"methane_baseline.xmodel","ang20191022t153425_r1069_c367_w151_h151",fraca,0,0,744,261400,0,0,0,0,0,0.997161865234
"methane_baseline.xmodel","ang20190926t184029_r12219_c473_w151_h151",fraca,304,0,2269,259571,1,0.118150019433,0.211331247828,0.118150019433,0,0.991344451904
"methane_baseline.xmodel","ang20191022t183431_r3247_c535_w151_h151",fraca,0,0,1423,260721,0,0,0,0,0,0.994571685791
"methane_baseline.xmodel","ang20191013t151222_r6634_c284_w151_h151",fraca,0,0,1876,260268,0,0,0,0,0,0.99284362793
"methane_baseline.xmodel","ang20191006t171344_r305_c410_w151_h151",fraca,0,0,298,261846,0,0,0,0,0,0.998863220215
"methane_baseline.xmodel","ang20190928t181405_r6053_c285_w151_h151",fraca,0,0,116,262028,0,0,0,0,0,0.999557495117
"methane_baseline.xmodel","ang20190924t181121_r14632_c354_w151_h151",fraca,0,0,50,262094,0,0,0,0,0,0.999809265137
"methane_baseline.xmodel","ang20191016t145145_r4417_c158_w151_h151",fraca,0,0,664,261480,0,0,0,0,0,0.997467041016
"methane_baseline.xmodel","ang20190927t175410_r9284_c428_w151_h151",fraca,0,0,185,261959,0,0,0,0,0,0.999294281006
"methane_baseline.xmodel","ang20191017t180347_r7667_c11_w151_h151",fraca,0,0,205,261939,0,0,0,0,0,0.999217987061
"methane_baseline.xmodel","ang20191022t180237_r2007_c480_w151_h151",fraca,0,0,235,261909,0,0,0,0,0,0.999103546143
"methane_baseline.xmodel","ang20191019t175004_r2126_c318_w151_h151",fraca,0,0,740,261404,0,0,0,0,0,0.997177124023
"methane_baseline.xmodel","ang20191017t154425_r7522_c540_w151_h151",fraca,0,0,402,261742,0,0,0,0,0,0.998466491699
"methane_baseline.xmodel","ang20191017t183448_r955_c305_w151_h151",fraca,0,0,127,262017,0,0,0,0,0,0.999515533447
"methane_baseline.xmodel","ang20191007t193705_r6997_c288_w151_h151",fraca,1370,4,6691,254079,0.997088791849,0.169954099988,0.290408055114,0.169869807812,1.57428871668e-05,0.974460601807
"methane_baseline.xmodel","ang20191017t174946_r11442_c484_w151_h151",fraca,0,0,1460,260684,0,0,0,0,0,0.994430541992
"methane_baseline.xmodel","ang20191022t164918_r4051_c251_w151_h151",fraca,0,0,67,262077,0,0,0,0,0,0.999744415283
"methane_baseline.xmodel","ang20191017t160033_r3204_c372_w151_h151",fraca,0,0,95,262049,0,0,0,0,0,0.99963760376
"methane_baseline.xmodel","ang20191006t162415_r6616_c258_w151_h151",fraca,213,1,1319,260611,0.995327102804,0.139033942559,0.243986254296,0.138943248532,3.83712185164e-06,0.994964599609
"methane_baseline.xmodel","ang20191016t152245_r10302_c578_w151_h151",fraca,0,0,87,262057,0,0,0,0,0,0.999668121338
"methane_baseline.xmodel","ang20191016t195058_r4296_c688_w151_h151",fraca,0,0,107,262037,0,0,0,0,0,0.999591827393
"methane_baseline.xmodel","ang20191023t190429_r3215_c202_w151_h151",fraca,0,0,77,262067,0,0,0,0,0,0.999706268311
"methane_baseline.xmodel","ang20190927t190436_r8004_c498_w151_h151",fraca,0,0,163,261981,0,0,0,0,0,0.999378204346
"methane_baseline.xmodel","ang20191019t184718_r7225_c298_w151_h151",fraca,0,0,437,261707,0,0,0,0,0,0.998332977295
"methane_baseline.xmodel","ang20191016t163955_r2757_c278_w151_h151",fraca,0,0,458,261686,0,0,0,0,0,0.998252868652
"methane_baseline.xmodel","ang20191013t182140_r3871_c421_w151_h151",fraca,0,0,493,261651,0,0,0,0,0,0.998119354248
"methane_baseline.xmodel","ang20191017t170330_r6284_c353_w151_h151",fraca,0,0,56,262088,0,0,0,0,0,0.999786376953
"methane_baseline.xmodel","ang20191016t200430_r4457_c441_w151_h151",fraca,0,0,72,262072,0,0,0,0,0,0.999725341797
"methane_baseline.xmodel","ang20191016t162417_r1865_c306_w151_h151",fraca,0,0,47,262097,0,0,0,0,0,0.999820709229
"methane_baseline.xmodel","ang20191017t183448_r8154_c228_w151_h151",fraca,0,0,125,262019,0,0,0,0,0,0.999523162842
"methane_baseline.xmodel","ang20191017t180347_r10064_c450_w151_h151",fraca,0,0,123,262021,0,0,0,0,0,0.999530792236
"methane_baseline.xmodel","ang20191023t154154_r7124_c281_w151_h151",fraca,159,1,0,261984,0.99375,1,0.996865203762,0.99375,3.81701242438e-06,0.999996185303
"methane_baseline.xmodel","ang20191007t195115_r1971_c521_w151_h151",fraca,0,0,541,261603,0,0,0,0,0,0.997936248779
"methane_baseline.xmodel","ang20191013t144828_r4120_c470_w151_h151",fraca,0,0,1843,260301,0,0,0,0,0,0.992969512939
"methane_baseline.xmodel","ang20191006t164135_r11396_c190_w151_h151",fraca,0,0,787,261357,0,0,0,0,0,0.996997833252
"methane_baseline.xmodel","ang20191007t190840_r10960_c184_w151_h151",fraca,0,0,42,262102,0,0,0,0,0,0.999839782715
"methane_baseline.xmodel","ang20191022t192048_r5574_c478_w151_h151",fraca,0,0,163,261981,0,0,0,0,0,0.999378204346
"methane_baseline.xmodel","ang20191013t164602_r7501_c276_w151_h151",fraca,0,0,675,261469,0,0,0,0,0,0.997425079346
"methane_baseline.xmodel","ang20191013t171742_r1886_c495_w151_h151",fraca,0,0,293,261851,0,0,0,0,0,0.998882293701
"methane_baseline.xmodel","ang20191013t182140_r11986_c496_w151_h151",fraca,0,0,94,262050,0,0,0,0,0,0.999641418457
"methane_baseline.xmodel","ang20191016t160914_r2713_c533_w151_h151",fraca,0,0,125,262019,0,0,0,0,0,0.999523162842
"methane_baseline.xmodel","ang20190923t192543_r3134_c501_w151_h151",fraca,0,0,408,261736,0,0,0,0,0,0.998443603516
"methane_baseline.xmodel","ang20191007t185303_r2630_c550_w151_h151",fraca,0,0,4305,257839,0,0,0,0,0,0.983577728271
"methane_baseline.xmodel","ang20191016t165454_r508_c176_w151_h151",fraca,0,0,1185,260959,0,0,0,0,0,0.99547958374
"methane_baseline.xmodel","ang20191011t172641_r893_c449_w151_h151",fraca,0,0,60,262084,0,0,0,0,0,0.999771118164
"methane_baseline.xmodel","ang20191023t142135_r13793_c186_w151_h151",fraca,0,0,373,261771,0,0,0,0,0,0.99857711792
"methane_baseline.xmodel","ang20191006t164135_r2368_c111_w151_h151",fraca,86,0,440,261618,1,0.163498098859,0.281045751634,0.163498098859,0,0.998321533203
"methane_baseline.xmodel","ang20191017t163235_r4915_c319_w151_h151",fraca,0,0,17,262127,0,0,0,0,0,0.999935150146
"methane_baseline.xmodel","ang20190927t184620_r7749_c565_w151_h151",fraca,0,0,58,262086,0,0,0,0,0,0.999778747559
"methane_baseline.xmodel","ang20191022t162321_r9083_c211_w151_h151",fraca,0,0,511,261633,0,0,0,0,0,0.998050689697
"methane_baseline.xmodel","ang20191007t200647_r4678_c402_w151_h151",fraca,0,0,540,261604,0,0,0,0,0,0.997940063477
"methane_baseline.xmodel","ang20191023t164221_r8242_c483_w151_h151",fraca,0,0,578,261566,0,0,0,0,0,0.99779510498
"methane_baseline.xmodel","ang20191007t200647_r1571_c101_w151_h151",fraca,0,0,85,262059,0,0,0,0,0,0.999675750732
"methane_baseline.xmodel","ang20190927t175410_r10038_c603_w151_h151",fraca,0,0,1518,260626,0,0,0,0,0,0.994209289551
"methane_baseline.xmodel","ang20191016t175642_r747_c486_w151_h151",fraca,0,0,73,262071,0,0,0,0,0,0.9997215271
"methane_baseline.xmodel","ang20191019t173905_r2889_c557_w151_h151",fraca,0,0,125,262019,0,0,0,0,0,0.999523162842
"methane_baseline.xmodel","ang20191017t154425_r3694_c377_w151_h151",fraca,0,0,360,261784,0,0,0,0,0,0.998626708984
"methane_baseline.xmodel","ang20191007t175016_r6463_c149_w151_h151",fraca,0,0,40,262104,0,0,0,0,0,0.999847412109
"methane_baseline.xmodel","ang20191013t152730_r7630_c346_w151_h151",fraca,17,0,1146,260981,1,0.0146173688736,0.028813559322,0.0146173688736,0,0.995628356934
"methane_baseline.xmodel","ang20191013t192848_r1527_c413_w151_h151",fraca,0,0,18,262126,0,0,0,0,0,0.999931335449
"methane_baseline.xmodel","ang20191023t172753_r6778_c308_w151_h151",fraca,113,0,302,261729,1,0.272289156627,0.42803030303,0.272289156627,0,0.998847961426
"methane_baseline.xmodel","ang20190926t163428_r5135_c375_w151_h151",fraca,0,0,393,261751,0,0,0,0,0,0.998500823975
"methane_baseline.xmodel","ang20191013t144828_r563_c623_w151_h151",fraca,0,0,252,261892,0,0,0,0,0,0.999038696289
"methane_baseline.xmodel","ang20191013t145516_r5585_c528_w151_h151",fraca,0,0,86,262058,0,0,0,0,0,0.999671936035
"methane_baseline.xmodel","ang20191022t184525_r1133_c567_w151_h151",fraca,91,0,94,261959,1,0.491891891892,0.659420289855,0.491891891892,0,0.999641418457
"methane_baseline.xmodel","ang20191006t162415_r6554_c232_w151_h151",fraca,0,0,1549,260595,0,0,0,0,0,0.994091033936
"methane_baseline.xmodel","ang20191013t154421_r6986_c66_w151_h151",fraca,0,0,206,261938,0,0,0,0,0,0.999214172363
"methane_baseline.xmodel","ang20191017t160033_r1290_c245_w151_h151",fraca,135,0,35,261974,1,0.794117647059,0.885245901639,0.794117647059,0,0.999866485596
"methane_baseline.xmodel","ang20191019t164827_r13_c361_w151_h151",fraca,0,0,12,262132,0,0,0,0,0,0.999954223633
"methane_baseline.xmodel","ang20191013t151222_r5704_c200_w151_h151",fraca,0,0,1975,260169,0,0,0,0,0,0.9924659729
"methane_baseline.xmodel","ang20191006t155231_r10102_c450_w151_h151",fraca,0,0,27,262117,0,0,0,0,0,0.999897003174
"methane_baseline.xmodel","ang20191017t173348_r2875_c318_w151_h151",fraca,0,0,140,262004,0,0,0,0,0,0.999465942383
"methane_baseline.xmodel","ang20191016t163955_r3797_c222_w151_h151",fraca,159,4,256,261725,0.975460122699,0.38313253012,0.550173010381,0.379474940334,1.5282983544e-05,0.999008178711
"methane_baseline.xmodel","ang20191019t173905_r2181_c254_w151_h151",fraca,0,0,828,261316,0,0,0,0,0,0.996841430664
"methane_baseline.xmodel","ang20191023t142135_r15210_c66_w151_h151",fraca,0,0,229,261915,0,0,0,0,0,0.999126434326
"methane_baseline.xmodel","ang20191011t184311_r6519_c556_w151_h151",fraca,0,0,61,262083,0,0,0,0,0,0.999767303467
"methane_baseline.xmodel","ang20190927t175410_r8294_c340_w151_h151",fraca,0,0,265,261879,0,0,0,0,0,0.998989105225
"methane_baseline.xmodel","ang20191023t191942_r9815_c180_w151_h151",fraca,0,0,819,261325,0,0,0,0,0,0.996875762939
"methane_baseline.xmodel","ang20191006t165608_r3735_c257_w151_h151",fraca,2704,0,15809,243631,1,0.146059525739,0.254889946741,0.146059525739,0,0.939693450928
"methane_baseline.xmodel","ang20191023t175603_r8555_c374_w151_h151",fraca,212,0,5068,256864,1,0.0401515151515,0.0772032046613,0.0401515151515,0,0.980667114258
"methane_baseline.xmodel","ang20191016t184817_r7334_c174_w151_h151",fraca,0,0,184,261960,0,0,0,0,0,0.999298095703
"methane_baseline.xmodel","ang20191017t170330_r2250_c304_w151_h151",fraca,0,0,238,261906,0,0,0,0,0,0.999092102051
"methane_baseline.xmodel","ang20191017t164928_r283_c152_w151_h151",fraca,0,0,140,262004,0,0,0,0,0,0.999465942383
"methane_baseline.xmodel","ang20191006t160931_r10976_c483_w151_h151",fraca,0,0,251,261893,0,0,0,0,0,0.999042510986
"methane_baseline.xmodel","ang20191013t152730_r7405_c142_w151_h151",fraca,0,0,3419,258725,0,0,0,0,0,0.986957550049
"methane_baseline.xmodel","ang20191017t161837_r3580_c455_w151_h151",fraca,47,0,227,261870,1,0.171532846715,0.292834890966,0.171532846715,0,0.999134063721
"methane_baseline.xmodel","ang20191022t192048_r4070_c460_w151_h151",fraca,0,0,524,261620,0,0,0,0,0,0.998001098633
"methane_baseline.xmodel","ang20191017t170330_r11343_c639_w151_h151",fraca,0,0,506,261638,0,0,0,0,0,0.998069763184
"methane_baseline.xmodel","ang20191006t171344_r5428_c404_w151_h151",fraca,0,0,110,262034,0,0,0,0,0,0.999580383301
"methane_baseline.xmodel","ang20190927t153023_r12637_c207_w151_h151",fraca,0,0,749,261395,0,0,0,0,0,0.997142791748
"methane_baseline.xmodel","ang20191006t172739_r4860_c333_w151_h151",fraca,23,0,378,261743,1,0.0573566084788,0.108490566038,0.0573566084788,0,0.998558044434
"methane_baseline.xmodel","ang20191017t164928_r509_c232_w151_h151",fraca,1,0,698,261445,1,0.00143061516452,0.00285714285714,0.00143061516452,0,0.997337341309
"methane_baseline.xmodel","ang20190927t171836_r2892_c424_w151_h151",fraca,51,0,42,262051,1,0.548387096774,0.708333333333,0.548387096774,0,0.999839782715
"methane_baseline.xmodel","ang20190927t154855_r9470_c308_w151_h151",fraca,437,0,1295,260412,1,0.252309468822,0.402950668511,0.252309468822,0,0.995059967041
"methane_baseline.xmodel","ang20191013t155909_r105_c234_w151_h151",fraca,0,0,89,262055,0,0,0,0,0,0.999660491943
"methane_baseline.xmodel","ang20191010t174755_r16391_c499_w151_h151",fraca,0,0,44,262100,0,0,0,0,0,0.99983215332
"methane_baseline.xmodel","ang20191007t175016_r9115_c209_w151_h151",fraca,0,0,339,261805,0,0,0,0,0,0.998706817627
"methane_baseline.xmodel","ang20190926t174644_r3406_c48_w151_h151",fraca,0,0,1384,260760,0,0,0,0,0,0.994720458984
"methane_baseline.xmodel","ang20191017t154425_r12955_c242_w151_h151",fraca,11,0,337,261796,1,0.0316091954023,0.0612813370474,0.0316091954023,0,0.998714447021
"methane_baseline.xmodel","ang20191007t185303_r4669_c189_w151_h151",fraca,0,0,57,262087,0,0,0,0,0,0.999782562256
"methane_baseline.xmodel","ang20191006t153731_r3016_c419_w151_h151",fraca,0,0,497,261647,0,0,0,0,0,0.998104095459
"methane_baseline.xmodel","ang20191016t171023_r7214_c415_w151_h151",fraca,0,0,527,261617,0,0,0,0,0,0.997989654541
"methane_baseline.xmodel","ang20191011t175712_r6310_c349_w151_h151",fraca,0,0,13,262131,0,0,0,0,0,0.999950408936
"methane_baseline.xmodel","ang20190923t170747_r14210_c160_w151_h151",fraca,0,0,131,262013,0,0,0,0,0,0.999500274658
"methane_baseline.xmodel","ang20191006t155231_r9893_c133_w151_h151",fraca,0,0,97,262047,0,0,0,0,0,0.999629974365
"methane_baseline.xmodel","ang20191017t183448_r9445_c477_w151_h151",fraca,0,0,62,262082,0,0,0,0,0,0.99976348877
"methane_baseline.xmodel","ang20191007t195115_r2074_c344_w151_h151",fraca,0,0,144,262000,0,0,0,0,0,0.999450683594
"methane_baseline.xmodel","ang20191016t181351_r6216_c194_w151_h151",fraca,0,0,43,262101,0,0,0,0,0,0.999835968018
"methane_baseline.xmodel","ang20191013t154421_r7542_c411_w151_h151",fraca,242,2,66,261834,0.991803278689,0.785714285714,0.876811594203,0.78064516129,7.63836905544e-06,0.999740600586
"methane_baseline.xmodel","ang20191023t164221_r2102_c181_w151_h151",fraca,1,0,36,262107,1,0.027027027027,0.0526315789474,0.027027027027,0,0.999862670898
"methane_baseline.xmodel","ang20190927t181142_r7863_c571_w151_h151",fraca,0,0,31,262113,0,0,0,0,0,0.999881744385
"methane_baseline.xmodel","ang20191017t174946_r6443_c7_w151_h151",fraca,0,0,229,261915,0,0,0,0,0,0.999126434326
"methane_baseline.xmodel","ang20191006t171344_r1955_c256_w151_h151",fraca,0,0,155,261989,0,0,0,0,0,0.999408721924
"methane_baseline.xmodel","ang20190927t170107_r8348_c362_w151_h151",fraca,0,0,93,262051,0,0,0,0,0,0.999645233154
"methane_baseline.xmodel","ang20191016t162417_r4764_c151_w151_h151",fraca,95,0,3561,258488,1,0.0259846827133,0.0506531591576,0.0259846827133,0,0.986415863037
"methane_baseline.xmodel","ang20191007t195115_r1619_c346_w151_h151",fraca,0,0,1208,260936,0,0,0,0,0,0.995391845703
"methane_baseline.xmodel","ang20190927t181142_r1888_c458_w151_h151",fraca,0,0,43,262101,0,0,0,0,0,0.999835968018
"methane_baseline.xmodel","ang20191006t183904_r6086_c149_w151_h151",fraca,0,0,698,261446,0,0,0,0,0,0.997337341309
"methane_baseline.xmodel","ang20190927t181142_r12683_c15_w151_h151",fraca,116,0,249,261779,1,0.317808219178,0.482328482328,0.317808219178,0,0.999050140381
"methane_baseline.xmodel","ang20191017t164928_r331_c400_w151_h151",fraca,728,2,174,261240,0.997260273973,0.807095343681,0.892156862745,0.805309734513,7.65573682639e-06,0.999328613281
"methane_baseline.xmodel","ang20191013t173258_r2948_c539_w151_h151",fraca,0,0,549,261595,0,0,0,0,0,0.997905731201
"methane_baseline.xmodel","ang20191006t172739_r6049_c410_w151_h151",fraca,0,0,599,261545,0,0,0,0,0,0.997714996338
"methane_baseline.xmodel","ang20190926t160016_r7102_c179_w151_h151",fraca,0,0,175,261969,0,0,0,0,0,0.999332427979
"methane_baseline.xmodel","ang20191016t193637_r1977_c271_w151_h151",fraca,15,0,172,261957,1,0.0802139037433,0.148514851485,0.0802139037433,0,0.99934387207
"methane_baseline.xmodel","ang20191022t182432_r846_c295_w151_h151",fraca,0,0,502,261642,0,0,0,0,0,0.998085021973
"methane_baseline.xmodel","ang20191017t154425_r10758_c224_w151_h151",fraca,0,0,293,261851,0,0,0,0,0,0.998882293701
"methane_baseline.xmodel","ang20191013t151222_r4801_c324_w151_h151",fraca,0,0,416,261728,0,0,0,0,0,0.998413085938
"methane_baseline.xmodel","ang20191017t191119_r7791_c496_w151_h151",fraca,0,0,56,262088,0,0,0,0,0,0.999786376953
"methane_baseline.xmodel","ang20191023t183654_r10379_c298_w151_h151",fraca,0,0,772,261372,0,0,0,0,0,0.997055053711
"methane_baseline.xmodel","ang20191011t174241_r5658_c114_w151_h151",fraca,0,0,110,262034,0,0,0,0,0,0.999580383301
"methane_baseline.xmodel","ang20191006t164135_r364_c444_w151_h151",fraca,237,0,1111,260796,1,0.175816023739,0.29905362776,0.175816023739,0,0.995761871338
"methane_baseline.xmodel","ang20191016t163955_r6404_c399_w151_h151",fraca,0,0,29,262115,0,0,0,0,0,0.999889373779
"methane_baseline.xmodel","ang20191017t161837_r6293_c4_w151_h151",fraca,0,0,1242,260902,0,0,0,0,0,0.995262145996
"methane_baseline.xmodel","ang20190926t165202_r45_c198_w151_h151",fraca,0,0,1666,260478,0,0,0,0,0,0.993644714355
"methane_baseline.xmodel","ang20191016t153826_r7105_c420_w151_h151",fraca,0,0,9,262135,0,0,0,0,0,0.999965667725
"methane_baseline.xmodel","ang20191022t191141_r3434_c139_w151_h151",fraca,0,0,170,261974,0,0,0,0,0,0.999351501465
"methane_baseline.xmodel","ang20191019t184718_r6611_c267_w151_h151",fraca,0,0,305,261839,0,0,0,0,0,0.998836517334
"methane_baseline.xmodel","ang20191006t162415_r6871_c224_w151_h151",fraca,0,0,826,261318,0,0,0,0,0,0.996849060059
"methane_baseline.xmodel","ang20191007t195115_r11371_c582_w151_h151",fraca,0,0,73,262071,0,0,0,0,0,0.9997215271
"methane_baseline.xmodel","ang20191017t154425_r6493_c141_w151_h151",fraca,0,0,112,262032,0,0,0,0,0,0.999572753906
"methane_baseline.xmodel","ang20191006t153731_r4626_c267_w151_h151",fraca,0,0,79,262065,0,0,0,0,0,0.999698638916
"methane_baseline.xmodel","ang20191017t182024_r7077_c387_w151_h151",fraca,0,0,50,262094,0,0,0,0,0,0.999809265137
"methane_baseline.xmodel","ang20190926t174644_r11717_c195_w151_h151",fraca,0,0,59,262085,0,0,0,0,0,0.999774932861
"methane_baseline.xmodel","ang20191013t151222_r6133_c162_w151_h151",fraca,0,0,423,261721,0,0,0,0,0,0.998386383057
"methane_baseline.xmodel","ang20190928t185111_r6424_c192_w151_h151",fraca,64,0,90,261990,1,0.415584415584,0.587155963303,0.415584415584,0,0.999656677246
"methane_baseline.xmodel","ang20191006t182329_r170_c270_w151_h151",fraca,0,0,35,262109,0,0,0,0,0,0.999866485596
"methane_baseline.xmodel","ang20191022t194233_r1711_c18_w151_h151",fraca,0,0,184,261960,0,0,0,0,0,0.999298095703
"methane_baseline.xmodel","ang20190927t173620_r6886_c316_w151_h151",fraca,0,0,44,262100,0,0,0,0,0,0.99983215332
"methane_baseline.xmodel","ang20191022t154405_r3638_c141_w151_h151",fraca,0,0,150,261994,0,0,0,0,0,0.99942779541
"methane_baseline.xmodel","ang20191017t174946_r2715_c18_w151_h151",fraca,0,0,72,262072,0,0,0,0,0,0.999725341797
"methane_baseline.xmodel","ang20191006t171344_r6990_c189_w151_h151",fraca,0,0,489,261655,0,0,0,0,0,0.998134613037
"methane_baseline.xmodel","ang20190927t181142_r10295_c299_w151_h151",fraca,0,0,484,261660,0,0,0,0,0,0.998153686523
"methane_baseline.xmodel","ang20191016t162417_r340_c356_w151_h151",fraca,0,0,98,262046,0,0,0,0,0,0.999626159668
"methane_baseline.xmodel","ang20191023t162847_r7811_c213_w151_h151",fraca,0,0,259,261885,0,0,0,0,0,0.999011993408
"methane_baseline.xmodel","ang20191022t152357_r8887_c363_w151_h151",fraca,0,0,128,262016,0,0,0,0,0,0.99951171875
"methane_baseline.xmodel","ang20190923t192543_r6652_c551_w151_h151",fraca,0,0,113,262031,0,0,0,0,0,0.999568939209
"methane_baseline.xmodel","ang20191016t200430_r10034_c398_w151_h151",fraca,0,0,29,262115,0,0,0,0,0,0.999889373779
"methane_baseline.xmodel","ang20191017t170330_r4552_c277_w151_h151",fraca,0,0,219,261925,0,0,0,0,0,0.999164581299
"methane_baseline.xmodel","ang20191017t164928_r7174_c247_w151_h151",fraca,0,0,43,262101,0,0,0,0,0,0.999835968018
"methane_baseline.xmodel","ang20191023t165811_r6937_c127_w151_h151",fraca,0,0,765,261379,0,0,0,0,0,0.997081756592
"methane_baseline.xmodel","ang20191017t152518_r12002_c433_w151_h151",fraca,75,0,80,261989,1,0.483870967742,0.652173913043,0.483870967742,0,0.999694824219
"methane_baseline.xmodel","ang20191019t172500_r2800_c334_w151_h151",fraca,0,0,39,262105,0,0,0,0,0,0.999851226807
"methane_baseline.xmodel","ang20191017t191119_r9054_c159_w151_h151",fraca,0,0,47,262097,0,0,0,0,0,0.999820709229
"methane_baseline.xmodel","ang20191016t163955_r5996_c117_w151_h151",fraca,0,0,123,262021,0,0,0,0,0,0.999530792236
"methane_baseline.xmodel","ang20191016t145145_r3334_c310_w151_h151",fraca,0,0,78,262066,0,0,0,0,0,0.999702453613
"methane_baseline.xmodel","ang20191007t184008_r2296_c422_w151_h151",fraca,0,0,29,262115,0,0,0,0,0,0.999889373779
"methane_baseline.xmodel","ang20191006t160931_r9806_c475_w151_h151",fraca,0,0,0,262144,0,0,0,0,0,1
"methane_baseline.xmodel","ang20191017t170330_r4658_c415_w151_h151",fraca,0,0,219,261925,0,0,0,0,0,0.999164581299
"methane_baseline.xmodel","ang20191017t170330_r4657_c414_w151_h151",fraca,0,0,219,261925,0,0,0,0,0,0.999164581299
"methane_baseline.xmodel","ang20191023t164221_r10290_c281_w151_h151",fraca,0,0,175,261969,0,0,0,0,0,0.999332427979
"methane_baseline.xmodel","ang20191011t181301_r10517_c106_w151_h151",fraca,0,0,9,262135,0,0,0,0,0,0.999965667725
"methane_baseline.xmodel","ang20191006t152009_r2673_c145_w151_h151",fraca,79,0,849,261216,1,0.0851293103448,0.156901688183,0.0851293103448,0,0.996761322021
"methane_baseline.xmodel","ang20191023t162847_r9235_c306_w151_h151",fraca,47,0,1506,260591,1,0.0302640051513,0.05875,0.0302640051513,0,0.994255065918
"methane_baseline.xmodel","ang20191023t165811_r9026_c491_w151_h151",fraca,275,0,149,261720,1,0.64858490566,0.786838340486,0.64858490566,0,0.999431610107
"methane_baseline.xmodel","ang20191023t180821_r8525_c56_w151_h151",fraca,2097,20,7769,252258,0.990552668871,0.212548145145,0.349995827422,0.212118146874,7.92776223056e-05,0.970287322998
"methane_baseline.xmodel","ang20191023t165811_r2770_c365_w151_h151",fraca,19,0,1,262124,1,0.95,0.974358974359,0.95,0,0.999996185303
"methane_baseline.xmodel","ang20191007t180411_r7740_c84_w151_h151",fraca,0,0,35,262109,0,0,0,0,0,0.999866485596
"methane_baseline.xmodel","ang20191022t151202_r10337_c375_w151_h151",fraca,154,0,1434,260556,1,0.0969773299748,0.176808266361,0.0969773299748,0,0.994529724121
"methane_baseline.xmodel","ang20191022t191141_r-29_c575_w151_h151",fraca,0,0,103,262041,0,0,0,0,0,0.999607086182
"methane_baseline.xmodel","ang20191016t183045_r5036_c559_w151_h151",fraca,0,0,130,262014,0,0,0,0,0,0.999504089355
"methane_baseline.xmodel","ang20191016t162417_r3047_c348_w151_h151",fraca,0,0,649,261495,0,0,0,0,0,0.997524261475
"methane_baseline.xmodel","ang20191007t190840_r5616_c413_w151_h151",fraca,0,0,59,262085,0,0,0,0,0,0.999774932861
"methane_baseline.xmodel","ang20191017t161837_r8338_c353_w151_h151",fraca,12,0,267,261865,1,0.0430107526882,0.0824742268041,0.0430107526882,0,0.99898147583
"methane_baseline.xmodel","ang20191022t175031_r4959_c457_w151_h151",fraca,0,0,64,262080,0,0,0,0,0,0.999755859375
"methane_baseline.xmodel","ang20191022t175031_r632_c107_w151_h151",fraca,0,0,208,261936,0,0,0,0,0,0.999206542969
"methane_baseline.xmodel","ang20191016t174016_r3450_c87_w151_h151",fraca,0,0,145,261999,0,0,0,0,0,0.999446868896
"methane_baseline.xmodel","ang20191023t165811_r10509_c392_w151_h151",fraca,176,2,2695,259271,0.988764044944,0.0613026819923,0.115447687766,0.0612600069614,7.71387687881e-06,0.989711761475
"methane_baseline.xmodel","ang20191006t162415_r1734_c260_w151_h151",fraca,67,1,7,262069,0.985294117647,0.905405405405,0.943661971831,0.893333333333,3.81577441142e-06,0.999969482422
"methane_baseline.xmodel","ang20191006t172739_r6256_c332_w151_h151",fraca,0,0,882,261262,0,0,0,0,0,0.996635437012
"methane_baseline.xmodel","ang20191007t201917_r11525_c1426_w151_h151",fraca,0,0,99,262045,0,0,0,0,0,0.999622344971
"methane_baseline.xmodel","ang20190927t184620_r10368_c43_w151_h151",fraca,0,0,143,262001,0,0,0,0,0,0.999454498291
"methane_baseline.xmodel","ang20191007t193705_r138_c305_w151_h151",fraca,0,0,79,262065,0,0,0,0,0,0.999698638916
"methane_baseline.xmodel","ang20191023t180821_r7146_c218_w151_h151",fraca,0,0,291,261853,0,0,0,0,0,0.998889923096
"methane_baseline.xmodel","ang20190923t185208_r13550_c171_w151_h151",fraca,0,0,366,261778,0,0,0,0,0,0.998603820801
"methane_baseline.xmodel","ang20190926t161748_r6595_c128_w151_h151",fraca,0,0,215,261929,0,0,0,0,0,0.999179840088
"methane_baseline.xmodel","ang20191006t152009_r2353_c516_w151_h151",fraca,383,0,944,260817,1,0.28862094951,0.447953216374,0.28862094951,0,0.996398925781
"methane_baseline.xmodel","ang20191008t182150_r8917_c216_w151_h151",fraca,0,0,308,261836,0,0,0,0,0,0.998825073242
"methane_baseline.xmodel","ang20191010t184216_r9023_c137_w151_h151",fraca,0,0,421,261723,0,0,0,0,0,0.998394012451
"methane_baseline.xmodel","ang20190927t182905_r7625_c204_w151_h151",fraca,0,0,40,262104,0,0,0,0,0,0.999847412109
"methane_baseline.xmodel","ang20190923t192543_r7638_c427_w151_h151",fraca,0,0,41,262103,0,0,0,0,0,0.999843597412
"methane_baseline.xmodel","ang20191017t160033_r6249_c468_w151_h151",fraca,0,0,344,261800,0,0,0,0,0,0.998687744141
"methane_baseline.xmodel","ang20190927t181142_r1313_c378_w151_h151",fraca,0,0,68,262076,0,0,0,0,0,0.999740600586
"methane_baseline.xmodel","ang20191011t181301_r5131_c23_w151_h151",fraca,0,0,20,262124,0,0,0,0,0,0.999923706055
"methane_baseline.xmodel","ang20191023t151141_r4856_c271_w151_h151",fraca,0,0,424,261720,0,0,0,0,0,0.998382568359
"methane_baseline.xmodel","ang20191011t175712_r4693_c412_w151_h151",fraca,0,0,748,261396,0,0,0,0,0,0.997146606445
"methane_baseline.xmodel","ang20191022t194233_r1562_c463_w151_h151",fraca,0,0,38,262106,0,0,0,0,0,0.999855041504
"methane_baseline.xmodel","ang20190923t172416_r15067_c399_w151_h151",fraca,0,0,43,262101,0,0,0,0,0,0.999835968018
"methane_baseline.xmodel","ang20190926t213844_r2200_c775_w151_h151",fraca,0,0,284,261860,0,0,0,0,0,0.998916625977
"methane_baseline.xmodel","ang20191017t170330_r10484_c397_w151_h151",fraca,97,2,174,261871,0.979797979798,0.357933579336,0.524324324324,0.355311355311,7.63728983133e-06,0.999328613281
"methane_baseline.xmodel","ang20191013t185356_r1721_c231_w151_h151",fraca,0,0,541,261603,0,0,0,0,0,0.997936248779
"methane_baseline.xmodel","ang20191013t145516_r3516_c216_w151_h151",fraca,0,0,105,262039,0,0,0,0,0,0.999599456787
"methane_baseline.xmodel","ang20191016t200430_r5656_c23_w151_h151",fraca,0,0,58,262086,0,0,0,0,0,0.999778747559
"methane_baseline.xmodel","ang20191016t200430_r6321_c504_w151_h151",fraca,0,0,64,262080,0,0,0,0,0,0.999755859375
"methane_baseline.xmodel","ang20191023t151141_r5540_c227_w151_h151",fraca,0,0,151,261993,0,0,0,0,0,0.999423980713
"methane_baseline.xmodel","ang20191019t182848_r6642_c282_w151_h151",fraca,0,0,275,261869,0,0,0,0,0,0.998950958252
"methane_baseline.xmodel","ang20191006t152009_r2667_c24_w151_h151",fraca,101,0,900,261143,1,0.100899100899,0.183303085299,0.100899100899,0,0.996566772461
"methane_baseline.xmodel","ang20191011t175712_r4806_c229_w151_h151",fraca,0,0,205,261939,0,0,0,0,0,0.999217987061
"methane_baseline.xmodel","ang20191023t154154_r8383_c334_w151_h151",fraca,159,1,0,261984,0.99375,1,0.996865203762,0.99375,3.81701242438e-06,0.999996185303
"methane_baseline.xmodel","ang20191017t170330_r10298_c562_w151_h151",fraca,0,0,386,261758,0,0,0,0,0,0.998527526855
"methane_baseline.xmodel","ang20191016t195058_r6820_c440_w151_h151",fraca,0,0,80,262064,0,0,0,0,0,0.999694824219
"methane_baseline.xmodel","ang20191017t174946_r6426_c572_w151_h151",fraca,0,0,104,262040,0,0,0,0,0,0.999603271484
"methane_baseline.xmodel","ang20191019t181857_r2567_c448_w151_h151",fraca,0,0,498,261646,0,0,0,0,0,0.998100280762
"methane_baseline.xmodel","ang20191011t175712_r5061_c555_w151_h151",fraca,0,0,16,262128,0,0,0,0,0,0.999938964844
"methane_baseline.xmodel","ang20191016t163955_r10665_c447_w151_h151",fraca,0,0,20,262124,0,0,0,0,0,0.999923706055
"methane_baseline.xmodel","ang20191023t142135_r16214_c96_w151_h151",fraca,0,0,19,262125,0,0,0,0,0,0.999927520752
"methane_baseline.xmodel","ang20191019t164827_r311_c453_w151_h151",fraca,43,0,53,262048,1,0.447916666667,0.618705035971,0.447916666667,0,0.999797821045
"methane_baseline.xmodel","ang20191013t144828_r184_c144_w151_h151",fraca,0,0,2118,260026,0,0,0,0,0,0.991920471191
"methane_baseline.xmodel","ang20191016t165454_r330_c345_w151_h151",fraca,175,0,1670,260299,1,0.0948509485095,0.173267326733,0.0948509485095,0,0.993629455566
"methane_baseline.xmodel","ang20191016t165454_r530_c423_w151_h151",fraca,3,0,1808,260333,1,0.00165654334622,0.00330760749724,0.00165654334622,0,0.993103027344
"methane_baseline.xmodel","ang20191008t153517_r8856_c479_w151_h151",fraca,48,0,9,262087,1,0.842105263158,0.914285714286,0.842105263158,0,0.999965667725
"methane_baseline.xmodel","ang20191019t170014_r2139_c321_w151_h151",fraca,0,0,372,261772,0,0,0,0,0,0.998580932617
"methane_baseline.xmodel","ang20191017t182024_r4485_c313_w151_h151",fraca,0,0,114,262030,0,0,0,0,0,0.999565124512
"methane_baseline.xmodel","ang20191023t191942_r8222_c419_w151_h151",fraca,0,0,285,261859,0,0,0,0,0,0.998912811279
"methane_baseline.xmodel","ang20191006t155231_r8048_c90_w151_h151",fraca,202,0,1536,260406,1,0.116225546605,0.20824742268,0.116225546605,0,0.994140625
"methane_baseline.xmodel","ang20191011t175712_r3744_c167_w151_h151",fraca,0,0,63,262081,0,0,0,0,0,0.999759674072
"methane_baseline.xmodel","ang20191016t195058_r7946_c35_w151_h151",fraca,0,0,57,262087,0,0,0,0,0,0.999782562256
"methane_baseline.xmodel","ang20191023t164221_r6088_c517_w151_h151",fraca,0,0,177,261967,0,0,0,0,0,0.999324798584
"methane_baseline.xmodel","ang20191016t193637_r3183_c344_w151_h151",fraca,0,0,94,262050,0,0,0,0,0,0.999641418457
"methane_baseline.xmodel","ang20191016t174016_r558_c372_w151_h151",fraca,0,0,14,262130,0,0,0,0,0,0.999946594238
"methane_baseline.xmodel","ang20191017t170330_r4610_c325_w151_h151",fraca,0,0,219,261925,0,0,0,0,0,0.999164581299
"methane_baseline.xmodel","ang20191016t163955_r1575_c115_w151_h151",fraca,0,0,297,261847,0,0,0,0,0,0.998867034912
"methane_baseline.xmodel","ang20191019t183727_r7097_c350_w151_h151",fraca,0,0,920,261224,0,0,0,0,0,0.996490478516
"methane_baseline.xmodel","ang20191023t161300_r8470_c490_w151_h151",fraca,595,2,357,261190,0.996649916248,0.625,0.768237572628,0.623689727463,7.65720236454e-06,0.998630523682
"methane_baseline.xmodel","ang20191006t165608_r7566_c50_w151_h151",fraca,0,0,26,262118,0,0,0,0,0,0.999900817871
"methane_baseline.xmodel","ang20191017t152518_r6091_c139_w151_h151",fraca,0,0,156,261988,0,0,0,0,0,0.999404907227
"methane_baseline.xmodel","ang20191006t165608_r5815_c82_w151_h151",fraca,12,0,187,261945,1,0.0603015075377,0.113744075829,0.0603015075377,0,0.999286651611
"methane_baseline.xmodel","ang20191017t161837_r4872_c118_w151_h151",fraca,0,0,125,262019,0,0,0,0,0,0.999523162842
"methane_baseline.xmodel","ang20191023t164221_r7359_c402_w151_h151",fraca,0,0,3700,258444,0,0,0,0,0,0.985885620117
"methane_baseline.xmodel","ang20191013t144828_r1439_c274_w151_h151",fraca,0,0,90,262054,0,0,0,0,0,0.999656677246
"methane_baseline.xmodel","ang20191006t165608_r4695_c530_w151_h151",fraca,873,4,15181,246086,0.995438996579,0.054378970973,0.103124446282,0.0543654253332,1.62542159373e-05,0.942073822021
"methane_baseline.xmodel","ang20191022t175031_r6951_c124_w151_h151",fraca,0,0,579,261565,0,0,0,0,0,0.997791290283
"methane_baseline.xmodel","ang20191006t162415_r104_c244_w151_h151",fraca,73,0,38,262033,1,0.657657657658,0.79347826087,0.657657657658,0,0.999855041504
"methane_baseline.xmodel","ang20191007t193705_r1336_c174_w151_h151",fraca,122,0,23,261999,1,0.841379310345,0.913857677903,0.841379310345,0,0.999912261963
"methane_baseline.xmodel","ang20191017t180347_r6470_c216_w151_h151",fraca,0,0,21,262123,0,0,0,0,0,0.999919891357
"methane_baseline.xmodel","ang20191019t172500_r5262_c225_w151_h151",fraca,0,0,505,261639,0,0,0,0,0,0.998073577881
"methane_baseline.xmodel","ang20190923t163307_r6778_c561_w151_h151",fraca,0,0,150,261994,0,0,0,0,0,0.99942779541
"methane_baseline.xmodel","ang20191007t190840_r6441_c40_w151_h151",fraca,0,0,0,262144,0,0,0,0,0,1
"methane_baseline.xmodel","ang20190926t180335_r11453_c199_w151_h151",fraca,0,0,52,262092,0,0,0,0,0,0.999801635742
"methane_baseline.xmodel","ang20191006t172739_r3585_c333_w151_h151",fraca,0,0,325,261819,0,0,0,0,0,0.998760223389
"methane_baseline.xmodel","ang20191023t162847_r10268_c377_w151_h151",fraca,360,1,629,261154,0.997229916898,0.364004044489,0.533333333333,0.363636363636,3.82914361203e-06,0.997596740723
"methane_baseline.xmodel","ang20190926t180335_r6839_c215_w151_h151",fraca,0,0,111,262033,0,0,0,0,0,0.999576568604
"methane_baseline.xmodel","ang20191016t172526_r3448_c516_w151_h151",fraca,0,0,215,261929,0,0,0,0,0,0.999179840088
"methane_baseline.xmodel","ang20191006t174505_r7299_c228_w151_h151",fraca,0,0,57,262087,0,0,0,0,0,0.999782562256
"methane_baseline.xmodel","ang20191016t162417_r2933_c288_w151_h151",fraca,0,0,649,261495,0,0,0,0,0,0.997524261475
"methane_baseline.xmodel","ang20191019t170014_r2810_c336_w151_h151",fraca,0,0,28,262116,0,0,0,0,0,0.999893188477
"methane_baseline.xmodel","ang20191013t174928_r2043_c211_w151_h151",fraca,96,1,43,262004,0.989690721649,0.690647482014,0.813559322034,0.685714285714,3.81672105494e-06,0.99983215332
"methane_baseline.xmodel","ang20190923t194235_r14258_c296_w151_h151",fraca,0,0,155,261989,0,0,0,0,0,0.999408721924
"methane_baseline.xmodel","ang20191006t174505_r7016_c446_w151_h151",fraca,0,0,131,262013,0,0,0,0,0,0.999500274658
"methane_baseline.xmodel","ang20191017t154425_r5914_c187_w151_h151",fraca,0,0,457,261687,0,0,0,0,0,0.99825668335
"methane_baseline.xmodel","ang20191017t173348_r747_c18_w151_h151",fraca,0,0,36,262108,0,0,0,0,0,0.999862670898
"methane_baseline.xmodel","ang20191006t160931_r7704_c604_w151_h151",fraca,0,0,48,262096,0,0,0,0,0,0.999816894531
"methane_baseline.xmodel","ang20191016t174016_r763_c12_w151_h151",fraca,0,0,121,262023,0,0,0,0,0,0.999538421631
"methane_baseline.xmodel","ang20191023t152801_r10775_c476_w151_h151",fraca,64,0,347,261733,1,0.155717761557,0.269473684211,0.155717761557,0,0.998676300049
"methane_baseline.xmodel","ang20190927t175410_r12519_c587_w151_h151",fraca,0,0,209,261935,0,0,0,0,0,0.999202728271
"methane_baseline.xmodel","ang20191017t160033_r13132_c224_w151_h151",fraca,0,0,170,261974,0,0,0,0,0,0.999351501465
"methane_baseline.xmodel","ang20190926t184029_r1255_c223_w151_h151",fraca,0,0,90,262054,0,0,0,0,0,0.999656677246
"methane_baseline.xmodel","ang20191007t190840_r5793_c239_w151_h151",fraca,0,0,59,262085,0,0,0,0,0,0.999774932861
"methane_baseline.xmodel","ang20190928t185111_r1731_c174_w151_h151",fraca,0,0,24,262120,0,0,0,0,0,0.999908447266
"methane_baseline.xmodel","ang20191016t163955_r1562_c75_w151_h151",fraca,117,0,52,261975,1,0.692307692308,0.818181818182,0.692307692308,0,0.999801635742
"methane_baseline.xmodel","ang20191017t170330_r238_c67_w151_h151",fraca,0,0,0,262144,0,0,0,0,0,1
"methane_baseline.xmodel","ang20191022t181138_r1353_c421_w151_h151",fraca,6300,13,2823,253008,0.997940757168,0.690562315028,0.816273646022,0.689579684764,5.13791345382e-05,0.989181518555
"methane_baseline.xmodel","ang20191016t160914_r2949_c361_w151_h151",fraca,0,0,125,262019,0,0,0,0,0,0.999523162842
"methane_baseline.xmodel","ang20191006t171344_r1952_c606_w151_h151",fraca,0,0,163,261981,0,0,0,0,0,0.999378204346
"methane_baseline.xmodel","ang20191006t174505_r2537_c462_w151_h151",fraca,0,0,464,261680,0,0,0,0,0,0.998229980469
"methane_baseline.xmodel","ang20191019t162211_r3132_c507_w151_h151",fraca,0,0,229,261915,0,0,0,0,0,0.999126434326
"methane_baseline.xmodel","ang20191023t165811_r2093_c110_w151_h151",fraca,0,0,59,262085,0,0,0,0,0,0.999774932861
"methane_baseline.xmodel","ang20191019t181857_r7051_c331_w151_h151",fraca,0,0,969,261175,0,0,0,0,0,0.99630355835
"methane_baseline.xmodel","ang20191006t172739_r5800_c429_w151_h151",fraca,0,0,249,261895,0,0,0,0,0,0.999050140381
"methane_baseline.xmodel","ang20191013t182140_r871_c331_w151_h151",fraca,8,0,205,261931,1,0.037558685446,0.0723981900452,0.037558685446,0,0.999217987061
"methane_baseline.xmodel","ang20191006t165608_r992_c408_w151_h151",fraca,0,0,2426,259718,0,0,0,0,0,0.990745544434
"methane_baseline.xmodel","ang20191023t155808_r5442_c206_w151_h151",fraca,0,0,305,261839,0,0,0,0,0,0.998836517334
"methane_baseline.xmodel","ang20190926t163428_r5412_c412_w151_h151",fraca,424,1,1849,259870,0.997647058824,0.186537615486,0.314306893996,0.186455584872,3.84806307745e-06,0.992942810059
"methane_baseline.xmodel","ang20191008t182150_r8972_c528_w151_h151",fraca,0,0,67,262077,0,0,0,0,0,0.999744415283
"methane_baseline.xmodel","ang20190923t194235_r7808_c402_w151_h151",fraca,0,0,209,261935,0,0,0,0,0,0.999202728271
"methane_baseline.xmodel","ang20191017t174946_r11139_c466_w151_h151",fraca,0,0,153,261991,0,0,0,0,0,0.999416351318
"methane_baseline.xmodel","ang20191023t172753_r6431_c370_w151_h151",fraca,1,0,135,262008,1,0.00735294117647,0.014598540146,0.00735294117647,0,0.999485015869
"methane_baseline.xmodel","ang20191017t154425_r8565_c210_w151_h151",fraca,0,0,173,261971,0,0,0,0,0,0.999340057373
"methane_baseline.xmodel","ang20191013t171742_r414_c202_w151_h151",fraca,0,0,64,262080,0,0,0,0,0,0.999755859375
"methane_baseline.xmodel","ang20191017t164928_r11626_c245_w151_h151",fraca,0,0,261,261883,0,0,0,0,0,0.999004364014
"methane_baseline.xmodel","ang20191016t193637_r7006_c380_w151_h151",fraca,0,0,133,262011,0,0,0,0,0,0.999492645264
"methane_baseline.xmodel","ang20191007t195115_r11314_c112_w151_h151",fraca,0,0,819,261325,0,0,0,0,0,0.996875762939
"methane_baseline.xmodel","ang20191013t192848_r1454_c389_w151_h151",fraca,0,0,0,262144,0,0,0,0,0,1
"methane_baseline.xmodel","ang20191013t173258_r553_c584_w151_h151",fraca,0,0,48,262096,0,0,0,0,0,0.999816894531
"methane_baseline.xmodel","ang20191017t150903_r6293_c151_w151_h151",fraca,0,0,53,262091,0,0,0,0,0,0.999797821045
"methane_baseline.xmodel","ang20191023t180821_r9136_c188_w151_h151",fraca,0,0,165,261979,0,0,0,0,0,0.999370574951
"methane_baseline.xmodel","ang20191007t180411_r5956_c20_w151_h151",fraca,0,0,19,262125,0,0,0,0,0,0.999927520752
"methane_baseline.xmodel","ang20191016t184817_r4217_c195_w151_h151",fraca,0,0,0,262144,0,0,0,0,0,1
"methane_baseline.xmodel","ang20191016t184817_r2212_c233_w151_h151",fraca,44,1,269,261830,0.977777777778,0.140575079872,0.245810055866,0.140127388535,3.81925745996e-06,0.998970031738
"methane_baseline.xmodel","ang20190926t165202_r3182_c35_w151_h151",fraca,0,0,255,261889,0,0,0,0,0,0.999027252197
"methane_baseline.xmodel","ang20191007t182352_r2736_c432_w151_h151",fraca,7,0,336,261801,1,0.0204081632653,0.04,0.0204081632653,0,0.998718261719
"methane_baseline.xmodel","ang20190927t184620_r11024_c382_w151_h151",fraca,0,0,1330,260814,0,0,0,0,0,0.994926452637
"methane_baseline.xmodel","ang20190926t165202_r5798_c11_w151_h151",fraca,0,0,104,262040,0,0,0,0,0,0.999603271484
"methane_baseline.xmodel","ang20191013t144828_r284_c175_w151_h151",fraca,0,0,2126,260018,0,0,0,0,0,0.991889953613
"methane_baseline.xmodel","ang20191016t181351_r5774_c469_w151_h151",fraca,0,0,29,262115,0,0,0,0,0,0.999889373779
"methane_baseline.xmodel","ang20191017t182024_r6243_c414_w151_h151",fraca,0,0,8,262136,0,0,0,0,0,0.999969482422
"methane_baseline.xmodel","ang20190927t175410_r4773_c235_w151_h151",fraca,0,0,255,261889,0,0,0,0,0,0.999027252197
"methane_baseline.xmodel","ang20191007t180411_r339_c91_w151_h151",fraca,93,0,289,261762,1,0.243455497382,0.391578947368,0.243455497382,0,0.99889755249
"methane_baseline.xmodel","ang20190927t173620_r7003_c347_w151_h151",fraca,0,0,44,262100,0,0,0,0,0,0.99983215332
"methane_baseline.xmodel","ang20191007t193705_r41_c223_w151_h151",fraca,0,0,79,262065,0,0,0,0,0,0.999698638916
"methane_baseline.xmodel","ang20191017t191119_r9182_c455_w151_h151",fraca,0,0,219,261925,0,0,0,0,0,0.999164581299
"methane_baseline.xmodel","ang20191022t165908_r5026_c229_w151_h151",fraca,0,0,116,262028,0,0,0,0,0,0.999557495117
"methane_baseline.xmodel","ang20191007t185303_r4427_c255_w151_h151",fraca,0,0,57,262087,0,0,0,0,0,0.999782562256
"methane_baseline.xmodel","ang20191023t174017_r10210_c46_w151_h151",fraca,0,0,94,262050,0,0,0,0,0,0.999641418457
"methane_baseline.xmodel","ang20191016t195058_r7845_c160_w151_h151",fraca,0,0,57,262087,0,0,0,0,0,0.999782562256
"methane_baseline.xmodel","ang20191006t174505_r4858_c106_w151_h151",fraca,0,0,499,261645,0,0,0,0,0,0.998096466064
"methane_baseline.xmodel","ang20191006t150453_r4400_c252_w151_h151",fraca,0,0,596,261548,0,0,0,0,0,0.99772644043
"methane_baseline.xmodel","ang20191006t150453_r2834_c547_w151_h151",fraca,4,0,105,262035,1,0.0366972477064,0.070796460177,0.0366972477064,0,0.999599456787
"methane_baseline.xmodel","ang20191016t163955_r976_c466_w151_h151",fraca,0,0,36,262108,0,0,0,0,0,0.999862670898
"methane_baseline.xmodel","ang20191006t164135_r415_c400_w151_h151",fraca,298,4,759,261083,0.986754966887,0.281929990539,0.438557763061,0.280867106503,1.53205636435e-05,0.997089385986
"methane_baseline.xmodel","ang20191006t174505_r3545_c345_w151_h151",fraca,0,0,85,262059,0,0,0,0,0,0.999675750732
"methane_baseline.xmodel","ang20191006t171344_r5000_c137_w151_h151",fraca,0,0,317,261827,0,0,0,0,0,0.998790740967
"methane_baseline.xmodel","ang20190926t193117_r13317_c463_w151_h151",fraca,10,0,50,262084,1,0.166666666667,0.285714285714,0.166666666667,0,0.999809265137
"methane_baseline.xmodel","ang20190926t171159_r4334_c286_w151_h151",fraca,0,0,1246,260898,0,0,0,0,0,0.995246887207
"methane_baseline.xmodel","ang20191023t172753_r10063_c363_w151_h151",fraca,0,0,102,262042,0,0,0,0,0,0.999610900879
"methane_baseline.xmodel","ang20191019t175004_r2800_c331_w151_h151",fraca,0,0,38,262106,0,0,0,0,0,0.999855041504
"methane_baseline.xmodel","ang20191016t195058_r356_c697_w151_h151",fraca,9,0,3048,259087,1,0.00294406280667,0.00587084148728,0.00294406280667,0,0.988372802734
"methane_baseline.xmodel","ang20191016t163955_r5308_c444_w151_h151",fraca,0,0,2606,259538,0,0,0,0,0,0.990058898926
"methane_baseline.xmodel","ang20191007t193705_r1619_c262_w151_h151",fraca,0,0,665,261479,0,0,0,0,0,0.997463226318
"methane_baseline.xmodel","ang20191016t165454_r493_c344_w151_h151",fraca,47,0,1892,260205,1,0.0242392986075,0.0473313192346,0.0242392986075,0,0.992782592773
"methane_baseline.xmodel","ang20191016t163955_r4911_c305_w151_h151",fraca,14357,14,3798,243975,0.999025815879,0.790801432112,0.882801451147,0.79019208542,5.73796359672e-05,0.985458374023
"methane_baseline.xmodel","ang20191017t161837_r10898_c121_w151_h151",fraca,0,0,36,262108,0,0,0,0,0,0.999862670898
"methane_baseline.xmodel","ang20191006t171344_r5567_c172_w151_h151",fraca,0,0,110,262034,0,0,0,0,0,0.999580383301
"methane_baseline.xmodel","ang20190926t184029_r2873_c297_w151_h151",fraca,0,0,105,262039,0,0,0,0,0,0.999599456787
"methane_baseline.xmodel","ang20191017t164928_r1921_c520_w151_h151",fraca,4,0,55,262085,1,0.0677966101695,0.126984126984,0.0677966101695,0,0.99979019165
"methane_baseline.xmodel","ang20191016t162417_r5073_c22_w151_h151",fraca,0,0,346,261798,0,0,0,0,0,0.998680114746
"methane_baseline.xmodel","ang20191023t175603_r8534_c100_w151_h151",fraca,0,0,4578,257566,0,0,0,0,0,0.982536315918
"methane_baseline.xmodel","ang20190926t171159_r3083_c303_w151_h151",fraca,0,0,84,262060,0,0,0,0,0,0.99967956543
"methane_baseline.xmodel","ang20190926t165202_r1958_c445_w151_h151",fraca,520,0,284,261340,1,0.646766169154,0.785498489426,0.646766169154,0,0.998916625977
"methane_baseline.xmodel","ang20191007t200647_r1586_c140_w151_h151",fraca,0,0,85,262059,0,0,0,0,0,0.999675750732
"methane_baseline.xmodel","ang20190927t175410_r1554_c73_w151_h151",fraca,0,0,48,262096,0,0,0,0,0,0.999816894531
"methane_baseline.xmodel","ang20190927t173620_r7130_c677_w151_h151",fraca,0,0,68,262076,0,0,0,0,0,0.999740600586
"methane_baseline.xmodel","ang20191006t165608_r487_c409_w151_h151",fraca,0,0,96,262048,0,0,0,0,0,0.999633789062
"methane_baseline.xmodel","ang20191006t165608_r10003_c615_w151_h151",fraca,0,0,401,261743,0,0,0,0,0,0.998470306396
"methane_baseline.xmodel","ang20190923t194235_r8885_c337_w151_h151",fraca,0,0,101,262043,0,0,0,0,0,0.999614715576
"methane_baseline.xmodel","ang20191019t182848_r8043_c351_w151_h151",fraca,0,0,32,262112,0,0,0,0,0,0.999877929688
"methane_baseline.xmodel","ang20191006t172739_r4883_c586_w151_h151",fraca,0,0,379,261765,0,0,0,0,0,0.998554229736
"methane_baseline.xmodel","ang20191017t180347_r5504_c0_w151_h151",fraca,0,0,28,262116,0,0,0,0,0,0.999893188477
"methane_baseline.xmodel","ang20191013t180441_r2819_c568_w151_h151",fraca,0,0,191,261953,0,0,0,0,0,0.999271392822
"methane_baseline.xmodel","ang20191007t185303_r2705_c342_w151_h151",fraca,0,0,4305,257839,0,0,0,0,0,0.983577728271
"methane_baseline.xmodel","ang20190926t180335_r1885_c121_w151_h151",fraca,0,0,507,261637,0,0,0,0,0,0.998065948486
"methane_baseline.xmodel","ang20191017t154425_r11239_c45_w151_h151",fraca,0,0,59,262085,0,0,0,0,0,0.999774932861
"methane_baseline.xmodel","ang20190926t172904_r4772_c38_w151_h151",fraca,0,0,618,261526,0,0,0,0,0,0.99764251709
"methane_baseline.xmodel","ang20191006t164135_r6222_c40_w151_h151",fraca,0,0,65,262079,0,0,0,0,0,0.999752044678
"methane_baseline.xmodel","ang20191006t152009_r2304_c483_w151_h151",fraca,409,0,918,260817,1,0.308214016579,0.471198156682,0.308214016579,0,0.99649810791
"methane_baseline.xmodel","ang20191006t172739_r3342_c0_w151_h151",fraca,0,0,78,262066,0,0,0,0,0,0.999702453613
"methane_baseline.xmodel","ang20191017t174946_r5632_c582_w151_h151",fraca,0,0,40,262104,0,0,0,0,0,0.999847412109
"methane_baseline.xmodel","ang20191017t163235_r7988_c261_w151_h151",fraca,0,0,151,261993,0,0,0,0,0,0.999423980713
"methane_baseline.xmodel","ang20191013t151222_r2538_c208_w151_h151",fraca,0,0,25,262119,0,0,0,0,0,0.999904632568
"methane_baseline.xmodel","ang20191023t175603_r9169_c510_w151_h151",fraca,35,0,125,261984,1,0.21875,0.358974358974,0.21875,0,0.999523162842
"methane_baseline.xmodel","ang20191013t171742_r1434_c111_w151_h151",fraca,0,0,14,262130,0,0,0,0,0,0.999946594238
"methane_baseline.xmodel","ang20191013t145516_r3480_c95_w151_h151",fraca,0,0,120,262024,0,0,0,0,0,0.999542236328
"methane_baseline.xmodel","ang20191017t164928_r11658_c140_w151_h151",fraca,0,0,261,261883,0,0,0,0,0,0.999004364014
"methane_baseline.xmodel","ang20191019t173905_r2868_c277_w151_h151",fraca,0,0,81,262063,0,0,0,0,0,0.999691009521
"methane_baseline.xmodel","ang20191006t164135_r402_c419_w151_h151",fraca,296,0,1077,260771,1,0.215586307356,0.354703415219,0.215586307356,0,0.995891571045
"methane_baseline.xmodel","ang20191013t145516_r5537_c76_w151_h151",fraca,0,0,167,261977,0,0,0,0,0,0.999362945557
"methane_baseline.xmodel","ang20190927t190436_r12856_c494_w151_h151",fraca,0,0,208,261936,0,0,0,0,0,0.999206542969
"methane_baseline.xmodel","ang20191006t165608_r2603_c155_w151_h151",fraca,0,0,923,261221,0,0,0,0,0,0.996479034424
"methane_baseline.xmodel","ang20191017t160033_r7933_c302_w151_h151",fraca,0,0,100,262044,0,0,0,0,0,0.999618530273
"methane_baseline.xmodel","ang20191023t161300_r10349_c260_w151_h151",fraca,115,2,215,261812,0.982905982906,0.348484848485,0.514541387025,0.346385542169,7.63901090087e-06,0.999172210693
"methane_baseline.xmodel","ang20190923t192543_r3672_c36_w151_h151",fraca,0,0,651,261493,0,0,0,0,0,0.99751663208
"methane_baseline.xmodel","ang20191023t165811_r5884_c500_w151_h151",fraca,79,0,1004,261061,1,0.072945521699,0.135972461274,0.072945521699,0,0.996170043945
"methane_baseline.xmodel","ang20190927t170107_r5790_c343_w151_h151",fraca,0,0,92,262052,0,0,0,0,0,0.999649047852
"methane_baseline.xmodel","ang20191013t145516_r3232_c242_w151_h151",fraca,0,0,23,262121,0,0,0,0,0,0.999912261963
"methane_baseline.xmodel","ang20191019t183727_r6485_c322_w151_h151",fraca,0,0,35,262109,0,0,0,0,0,0.999866485596
"methane_baseline.xmodel","ang20190926t184029_r10180_c41_w151_h151",fraca,0,0,118,262026,0,0,0,0,0,0.999549865723
"methane_baseline.xmodel","ang20190927t175410_r11490_c528_w151_h151",fraca,0,0,81,262063,0,0,0,0,0,0.999691009521
"methane_baseline.xmodel","ang20191007t182352_r4290_c195_w151_h151",fraca,23,0,560,261561,1,0.0394511149228,0.0759075907591,0.0394511149228,0,0.997863769531
"methane_baseline.xmodel","ang20190927t175410_r1540_c34_w151_h151",fraca,0,0,48,262096,0,0,0,0,0,0.999816894531
"methane_baseline.xmodel","ang20191013t174928_r354_c277_w151_h151",fraca,0,0,464,261680,0,0,0,0,0,0.998229980469
"methane_baseline.xmodel","ang20191017t160033_r12759_c200_w151_h151",fraca,0,0,48,262096,0,0,0,0,0,0.999816894531
"methane_baseline.xmodel","ang20191023t142135_r19010_c551_w151_h151",fraca,0,0,362,261782,0,0,0,0,0,0.99861907959
"methane_baseline.xmodel","ang20191017t163235_r1874_c11_w151_h151",fraca,47,0,87,262010,1,0.350746268657,0.519337016575,0.350746268657,0,0.999668121338
"methane_baseline.xmodel","ang20191006t165608_r4566_c336_w151_h151",fraca,912,3,16157,245072,0.996721311475,0.0534301950905,0.101423487544,0.0534208059981,1.22411506682e-05,0.938354492188
"methane_baseline.xmodel","ang20191006t152009_r9378_c534_w151_h151",fraca,0,0,63,262081,0,0,0,0,0,0.999759674072
"methane_baseline.xmodel","ang20191007t184008_r5782_c289_w151_h151",fraca,0,0,68,262076,0,0,0,0,0,0.999740600586
"methane_baseline.xmodel","ang20191019t183727_r6935_c286_w151_h151",fraca,0,0,920,261224,0,0,0,0,0,0.996490478516
"methane_baseline.xmodel","ang20191017t163235_r10897_c435_w151_h151",fraca,72,1,0,262071,0.986301369863,1,0.993103448276,0.986301369863,3.81574529137e-06,0.999996185303
"methane_baseline.xmodel","ang20190927t164322_r12979_c80_w151_h151",fraca,0,0,212,261932,0,0,0,0,0,0.99919128418
"methane_baseline.xmodel","ang20191023t185210_r9587_c394_w151_h151",fraca,0,0,573,261571,0,0,0,0,0,0.997814178467
"methane_baseline.xmodel","ang20191023t174017_r3105_c224_w151_h151",fraca,2,0,31,262111,1,0.0606060606061,0.114285714286,0.0606060606061,0,0.999881744385
"methane_baseline.xmodel","ang20191016t163955_r1489_c359_w151_h151",fraca,0,0,128,262016,0,0,0,0,0,0.99951171875
"methane_baseline.xmodel","ang20191013t173258_r5669_c458_w151_h151",fraca,0,0,771,261373,0,0,0,0,0,0.997058868408
"methane_baseline.xmodel","ang20191017t164928_r7139_c199_w151_h151",fraca,0,0,43,262101,0,0,0,0,0,0.999835968018
"methane_baseline.xmodel","ang20191022t180237_r1693_c353_w151_h151",fraca,0,0,285,261859,0,0,0,0,0,0.998912811279
"methane_baseline.xmodel","ang20191023t165811_r6252_c414_w151_h151",fraca,0,0,5341,256803,0,0,0,0,0,0.979625701904
"methane_baseline.xmodel","ang20191023t164221_r938_c289_w151_h151",fraca,0,0,104,262040,0,0,0,0,0,0.999603271484
"methane_baseline.xmodel","ang20191013t182140_r1081_c41_w151_h151",fraca,0,0,43,262101,0,0,0,0,0,0.999835968018
"methane_baseline.xmodel","ang20190926t160016_r86_c479_w151_h151",fraca,0,0,140,262004,0,0,0,0,0,0.999465942383
"methane_baseline.xmodel","ang20191006t172739_r1390_c525_w151_h151",fraca,0,0,62,262082,0,0,0,0,0,0.99976348877
"methane_baseline.xmodel","ang20191013t174928_r3699_c78_w151_h151",fraca,36,0,88,262020,1,0.290322580645,0.45,0.290322580645,0,0.999664306641
"methane_baseline.xmodel","ang20191019t175004_r1812_c345_w151_h151",fraca,0,0,590,261554,0,0,0,0,0,0.997749328613
"methane_baseline.xmodel","ang20190926t171159_r3424_c39_w151_h151",fraca,0,0,194,261950,0,0,0,0,0,0.99925994873
"methane_baseline.xmodel","ang20190923t181729_r3963_c475_w151_h151",fraca,0,0,88,262056,0,0,0,0,0,0.999664306641
"methane_baseline.xmodel","ang20190923t194235_r14255_c282_w151_h151",fraca,0,0,155,261989,0,0,0,0,0,0.999408721924
"methane_baseline.xmodel","ang20191016t163955_r5769_c197_w151_h151",fraca,0,0,2284,259860,0,0,0,0,0,0.991287231445
"methane_baseline.xmodel","ang20191006t165608_r6210_c355_w151_h151",fraca,0,0,53,262091,0,0,0,0,0,0.999797821045
"methane_baseline.xmodel","ang20191013t171742_r1440_c444_w151_h151",fraca,0,0,292,261852,0,0,0,0,0,0.998886108398
"methane_baseline.xmodel","ang20191023t180821_r9885_c175_w151_h151",fraca,0,0,41,262103,0,0,0,0,0,0.999843597412
"methane_baseline.xmodel","ang20191023t174017_r10832_c404_w151_h151",fraca,90,1,31,262022,0.989010989011,0.743801652893,0.849056603774,0.737704918033,3.81645886048e-06,0.999877929688
"methane_baseline.xmodel","ang20190927t175410_r4803_c262_w151_h151",fraca,0,0,255,261889,0,0,0,0,0,0.999027252197
"methane_baseline.xmodel","ang20191013t182140_r825_c313_w151_h151",fraca,0,0,213,261931,0,0,0,0,0,0.999187469482
"methane_baseline.xmodel","ang20191022t171226_r910_c403_w151_h151",fraca,0,0,140,262004,0,0,0,0,0,0.999465942383
"methane_baseline.xmodel","ang20191017t170330_r10101_c484_w151_h151",fraca,0,0,237,261907,0,0,0,0,0,0.999095916748
"methane_baseline.xmodel","ang20191006t165608_r1496_c38_w151_h151",fraca,0,0,145,261999,0,0,0,0,0,0.999446868896
"methane_baseline.xmodel","ang20191006t174505_r4482_c474_w151_h151",fraca,0,0,102,262042,0,0,0,0,0,0.999610900879
"methane_baseline.xmodel","ang20191023t162847_r10053_c367_w151_h151",fraca,13425,7,1480,247232,0.999478856462,0.90070446159,0.947524438014,0.900281652361,2.83126852964e-05,0.994327545166
"methane_baseline.xmodel","ang20191019t183727_r6461_c300_w151_h151",fraca,0,0,135,262009,0,0,0,0,0,0.999485015869
"methane_baseline.xmodel","ang20191017t163235_r10537_c381_w151_h151",fraca,0,0,124,262020,0,0,0,0,0,0.999526977539
"methane_baseline.xmodel","ang20191006t164135_r2155_c418_w151_h151",fraca,0,0,135,262009,0,0,0,0,0,0.999485015869
"methane_baseline.xmodel","ang20191006t171344_r6261_c397_w151_h151",fraca,0,0,173,261971,0,0,0,0,0,0.999340057373
"methane_baseline.xmodel","ang20191023t180821_r3857_c339_w151_h151",fraca,0,0,28,262116,0,0,0,0,0,0.999893188477
"methane_baseline.xmodel","ang20191023t165811_r7082_c480_w151_h151",fraca,0,0,194,261950,0,0,0,0,0,0.99925994873
"methane_baseline.xmodel","ang20191023t174017_r7576_c181_w151_h151",fraca,202,2,399,261541,0.990196078431,0.336106489185,0.501863354037,0.334991708126,7.64692612687e-06,0.998470306396
"methane_baseline.xmodel","ang20191016t165454_r5615_c292_w151_h151",fraca,0,0,63,262081,0,0,0,0,0,0.999759674072
"methane_baseline.xmodel","ang20191013t180441_r329_c340_w151_h151",fraca,0,0,271,261873,0,0,0,0,0,0.998966217041
"methane_baseline.xmodel","ang20191006t152009_r2384_c351_w151_h151",fraca,150,0,1191,260803,1,0.111856823266,0.201207243461,0.111856823266,0,0.995456695557
"methane_baseline.xmodel","ang20191017t160033_r10419_c523_w151_h151",fraca,0,0,557,261587,0,0,0,0,0,0.997875213623
"methane_baseline.xmodel","ang20190923t192543_r6339_c495_w151_h151",fraca,0,0,102,262042,0,0,0,0,0,0.999610900879
"methane_baseline.xmodel","ang20191013t182140_r5219_c446_w151_h151",fraca,0,0,35,262109,0,0,0,0,0,0.999866485596
"methane_baseline.xmodel","ang20191023t165811_r9005_c150_w151_h151",fraca,0,0,100,262044,0,0,0,0,0,0.999618530273
"methane_baseline.xmodel","ang20191023t190429_r9582_c70_w151_h151",fraca,0,0,695,261449,0,0,0,0,0,0.9973487854
"methane_baseline.xmodel","ang20191006t165608_r4616_c421_w151_h151",fraca,600,3,16518,245023,0.995024875622,0.0350508236944,0.0677162688336,0.0350446819695,1.22435986385e-05,0.936977386475
"methane_baseline.xmodel","ang20191013t152730_r9519_c554_w151_h151",fraca,244,0,304,261596,1,0.445255474453,0.616161616162,0.445255474453,0,0.998840332031
"methane_baseline.xmodel","ang20190927t173620_r11659_c323_w151_h151",fraca,0,0,433,261711,0,0,0,0,0,0.998348236084
"methane_baseline.xmodel","ang20190927t173620_r1967_c414_w151_h151",fraca,30,0,69,262045,1,0.30303030303,0.46511627907,0.30303030303,0,0.999736785889
"methane_baseline.xmodel","ang20191017t171949_r11517_c174_w151_h151",fraca,0,0,1872,260272,0,0,0,0,0,0.992858886719
"methane_baseline.xmodel","ang20191006t164135_r2470_c449_w151_h151",fraca,0,0,50,262094,0,0,0,0,0,0.999809265137
"methane_baseline.xmodel","ang20191023t174017_r10206_c319_w151_h151",fraca,0,0,472,261672,0,0,0,0,0,0.998199462891
"methane_baseline.xmodel","ang20191006t155231_r5514_c352_w151_h151",fraca,0,0,63,262081,0,0,0,0,0,0.999759674072
"methane_baseline.xmodel","ang20191013t185356_r9124_c224_w151_h151",fraca,0,0,0,262144,0,0,0,0,0,1
"methane_baseline.xmodel","ang20190927t175410_r1105_c485_w151_h151",fraca,0,0,35,262109,0,0,0,0,0,0.999866485596
"methane_baseline.xmodel","ang20191017t161837_r8546_c207_w151_h151",fraca,38,0,241,261865,1,0.136200716846,0.239747634069,0.136200716846,0,0.999080657959
"methane_baseline.xmodel","ang20191023t182357_r8662_c100_w151_h151",fraca,0,0,336,261808,0,0,0,0,0,0.998718261719
"methane_baseline.xmodel","ang20191006t165608_r1510_c75_w151_h151",fraca,0,8,145,261991,0,0,0,0,3.05344676888e-05,0.999416351318
"methane_baseline.xmodel","ang20191023t175603_r10598_c38_w151_h151",fraca,41,0,35336,226767,1,0.00115894507731,0.00231520695691,0.00115894507731,0,0.865203857422
"methane_baseline.xmodel","ang20191023t164221_r8125_c478_w151_h151",fraca,0,0,578,261566,0,0,0,0,0,0.99779510498
"methane_baseline.xmodel","ang20191022t191141_r347_c258_w151_h151",fraca,0,0,213,261931,0,0,0,0,0,0.999187469482
"methane_baseline.xmodel","ang20191017t173348_r11392_c57_w151_h151",fraca,0,0,264,261880,0,0,0,0,0,0.998992919922
"methane_baseline.xmodel","ang20191006t174505_r2184_c383_w151_h151",fraca,0,0,188,261956,0,0,0,0,0,0.999282836914
"methane_baseline.xmodel","ang20191006t165608_r2082_c180_w151_h151",fraca,0,0,78,262066,0,0,0,0,0,0.999702453613
"methane_baseline.xmodel","ang20191023t172753_r9837_c23_w151_h151",fraca,0,0,126,262018,0,0,0,0,0,0.999519348145
"methane_baseline.xmodel","ang20191006t185838_r912_c379_w151_h151",fraca,0,0,17,262127,0,0,0,0,0,0.999935150146
"methane_baseline.xmodel","ang20191016t162417_r218_c392_w151_h151",fraca,0,0,98,262046,0,0,0,0,0,0.999626159668
"methane_baseline.xmodel","ang20191022t191141_r3649_c28_w151_h151",fraca,0,0,170,261974,0,0,0,0,0,0.999351501465
"methane_baseline.xmodel","ang20191017t161837_r10965_c323_w151_h151",fraca,0,0,36,262108,0,0,0,0,0,0.999862670898
"methane_baseline.xmodel","ang20191019t182848_r6618_c259_w151_h151",fraca,0,0,275,261869,0,0,0,0,0,0.998950958252
"methane_baseline.xmodel","ang20191016t193637_r8249_c173_w151_h151",fraca,36,0,128,261980,1,0.219512195122,0.36,0.219512195122,0,0.99951171875
"methane_baseline.xmodel","ang20191006t155231_r1350_c140_w151_h151",fraca,0,0,0,262144,0,0,0,0,0,1
"methane_baseline.xmodel","ang20191023t164221_r7769_c483_w151_h151",fraca,0,0,0,262144,0,0,0,0,0,1
"methane_baseline.xmodel","ang20191023t175603_r8276_c51_w151_h151",fraca,0,0,246,261898,0,0,0,0,0,0.999061584473
"methane_baseline.xmodel","ang20191017t154425_r5194_c424_w151_h151",fraca,0,0,648,261496,0,0,0,0,0,0.997528076172
"methane_baseline.xmodel","ang20191023t180821_r8554_c367_w151_h151",fraca,2393,8,5090,254653,0.996668054977,0.319791527462,0.484216916228,0.319450006675,3.1414311575e-05,0.98055267334
"methane_baseline.xmodel","ang20191023t165811_r8032_c63_w151_h151",fraca,0,0,504,261640,0,0,0,0,0,0.998077392578
"methane_baseline.xmodel","ang20191011t192741_r10275_c39_w151_h151",fraca,0,0,99,262045,0,0,0,0,0,0.999622344971
"methane_baseline.xmodel","ang20190926t160016_r3122_c445_w151_h151",fraca,0,0,57,262087,0,0,0,0,0,0.999782562256
