
2021-11-19 18:20:47
0.12 0.32 1.04 2/145 5548
MemTotal:        2033108 kB
MemAvailable:    1823928 kB
SwapTotal:       1048572 kB
SwapFree:        1047292 kB
benchmark_vitis PID=5550
State:	D (disk sleep)
VmPeak:	   67792 kB
VmSize:	   67792 kB
VmRSS:	    8048 kB
VmSwap:	       0 kB
Threads:	1

2021-11-19 18:20:49
0.12 0.32 1.04 2/149 5566
MemTotal:        2033108 kB
MemAvailable:    1795100 kB
SwapTotal:       1048572 kB
SwapFree:        1047292 kB
benchmark_vitis PID=5550
State:	R (running)
VmPeak:	  403448 kB
VmSize:	  159044 kB
VmRSS:	   73628 kB
VmSwap:	       0 kB
Threads:	2

2021-11-19 18:20:51
0.12 0.32 1.04 1/149 5581
MemTotal:        2033108 kB
MemAvailable:    1322696 kB
SwapTotal:       1048572 kB
SwapFree:        1047292 kB
benchmark_vitis PID=5550
State:	S (sleeping)
VmPeak:	  608588 kB
VmSize:	  607688 kB
VmRSS:	  180176 kB
VmSwap:	       0 kB
Threads:	2

2021-11-19 18:20:53
0.20 0.33 1.04 1/149 5595
MemTotal:        2033108 kB
MemAvailable:    1321440 kB
SwapTotal:       1048572 kB
SwapFree:        1047292 kB
benchmark_vitis PID=5550
State:	S (sleeping)
VmPeak:	  608588 kB
VmSize:	  607688 kB
VmRSS:	  180176 kB
VmSwap:	       0 kB
Threads:	2

2021-11-19 18:20:55
0.20 0.33 1.04 1/149 5609
MemTotal:        2033108 kB
MemAvailable:    1321512 kB
SwapTotal:       1048572 kB
SwapFree:        1047292 kB
benchmark_vitis PID=5550
State:	S (sleeping)
VmPeak:	  608768 kB
VmSize:	  607688 kB
VmRSS:	  180192 kB
VmSwap:	       0 kB
Threads:	2

2021-11-19 18:20:57
0.26 0.34 1.04 1/149 5623
MemTotal:        2033108 kB
MemAvailable:    1320764 kB
SwapTotal:       1048572 kB
SwapFree:        1047292 kB
benchmark_vitis PID=5550
State:	S (sleeping)
VmPeak:	  608768 kB
VmSize:	  607688 kB
VmRSS:	  180192 kB
VmSwap:	       0 kB
Threads:	2

2021-11-19 18:20:59
0.26 0.34 1.04 1/149 5637
MemTotal:        2033108 kB
MemAvailable:    1320004 kB
SwapTotal:       1048572 kB
SwapFree:        1047292 kB
benchmark_vitis PID=5550
State:	S (sleeping)
VmPeak:	  608768 kB
VmSize:	  607688 kB
VmRSS:	  180192 kB
VmSwap:	       0 kB
Threads:	2

2021-11-19 18:21:01
0.26 0.34 1.04 1/149 5651
MemTotal:        2033108 kB
MemAvailable:    1323472 kB
SwapTotal:       1048572 kB
SwapFree:        1047292 kB
benchmark_vitis PID=5550
State:	S (sleeping)
VmPeak:	  608768 kB
VmSize:	  607688 kB
VmRSS:	  180192 kB
VmSwap:	       0 kB
Threads:	2

2021-11-19 18:21:03
0.32 0.35 1.04 1/149 5665
MemTotal:        2033108 kB
MemAvailable:    1321724 kB
SwapTotal:       1048572 kB
SwapFree:        1047292 kB
benchmark_vitis PID=5550
State:	S (sleeping)
VmPeak:	  608768 kB
VmSize:	  607688 kB
VmRSS:	  180192 kB
VmSwap:	       0 kB
Threads:	2

2021-11-19 18:21:05
0.32 0.35 1.04 1/154 5684
MemTotal:        2033108 kB
MemAvailable:    1320468 kB
SwapTotal:       1048572 kB
SwapFree:        1047292 kB
benchmark_vitis PID=5550
State:	S (sleeping)
VmPeak:	 1042184 kB
VmSize:	  976648 kB
VmRSS:	  180192 kB
VmSwap:	       0 kB
Threads:	7

2021-11-19 18:21:07
0.45 0.38 1.05 1/154 5698
MemTotal:        2033108 kB
MemAvailable:    1319452 kB
SwapTotal:       1048572 kB
SwapFree:        1047292 kB
benchmark_vitis PID=5550
State:	S (sleeping)
VmPeak:	 1042184 kB
VmSize:	  976648 kB
VmRSS:	  180192 kB
VmSwap:	       0 kB
Threads:	7

2021-11-19 18:21:09
0.45 0.38 1.05 1/154 5712
MemTotal:        2033108 kB
MemAvailable:    1318200 kB
SwapTotal:       1048572 kB
SwapFree:        1047292 kB
benchmark_vitis PID=5550
State:	S (sleeping)
VmPeak:	 1042184 kB
VmSize:	  976648 kB
VmRSS:	  180192 kB
VmSwap:	       0 kB
Threads:	7

2021-11-19 18:21:11
0.45 0.38 1.05 1/154 5726
MemTotal:        2033108 kB
MemAvailable:    1316436 kB
SwapTotal:       1048572 kB
SwapFree:        1047292 kB
benchmark_vitis PID=5550
State:	S (sleeping)
VmPeak:	 1042184 kB
VmSize:	  976648 kB
VmRSS:	  180192 kB
VmSwap:	       0 kB
Threads:	7

2021-11-19 18:21:13
0.66 0.42 1.06 1/154 5740
MemTotal:        2033108 kB
MemAvailable:    1315436 kB
SwapTotal:       1048572 kB
SwapFree:        1047292 kB
benchmark_vitis PID=5550
State:	S (sleeping)
VmPeak:	 1042184 kB
VmSize:	  976648 kB
VmRSS:	  180192 kB
VmSwap:	       0 kB
Threads:	7

2021-11-19 18:21:15
0.66 0.42 1.06 1/154 5754
MemTotal:        2033108 kB
MemAvailable:    1313716 kB
SwapTotal:       1048572 kB
SwapFree:        1047292 kB
benchmark_vitis PID=5550
State:	S (sleeping)
VmPeak:	 1042184 kB
VmSize:	  976648 kB
VmRSS:	  180192 kB
VmSwap:	       0 kB
Threads:	7

2021-11-19 18:21:17
0.77 0.45 1.06 1/154 5768
MemTotal:        2033108 kB
MemAvailable:    1321296 kB
SwapTotal:       1048572 kB
SwapFree:        1046268 kB
benchmark_vitis PID=5550
State:	S (sleeping)
VmPeak:	 1042184 kB
VmSize:	  976648 kB
VmRSS:	  180184 kB
VmSwap:	       0 kB
Threads:	7

2021-11-19 18:21:19
0.77 0.45 1.06 1/154 5782
MemTotal:        2033108 kB
MemAvailable:    1320540 kB
SwapTotal:       1048572 kB
SwapFree:        1046268 kB
benchmark_vitis PID=5550
State:	S (sleeping)
VmPeak:	 1042184 kB
VmSize:	  976648 kB
VmRSS:	  180184 kB
VmSwap:	       0 kB
Threads:	7

2021-11-19 18:21:21
0.87 0.48 1.07 1/154 5796
MemTotal:        2033108 kB
MemAvailable:    1319248 kB
SwapTotal:       1048572 kB
SwapFree:        1046268 kB
benchmark_vitis PID=5550
State:	S (sleeping)
VmPeak:	 1042184 kB
VmSize:	  976648 kB
VmRSS:	  180184 kB
VmSwap:	       0 kB
Threads:	7

2021-11-19 18:21:23
0.87 0.48 1.07 1/154 5810
MemTotal:        2033108 kB
MemAvailable:    1317496 kB
SwapTotal:       1048572 kB
SwapFree:        1046268 kB
benchmark_vitis PID=5550
State:	S (sleeping)
VmPeak:	 1042184 kB
VmSize:	  976648 kB
VmRSS:	  180184 kB
VmSwap:	       0 kB
Threads:	7

2021-11-19 18:21:25
0.87 0.48 1.07 1/155 5825
MemTotal:        2033108 kB
MemAvailable:    1315708 kB
SwapTotal:       1048572 kB
SwapFree:        1046268 kB
benchmark_vitis PID=5550
State:	S (sleeping)
VmPeak:	 1042184 kB
VmSize:	  976648 kB
VmRSS:	  180184 kB
VmSwap:	       0 kB
Threads:	7

2021-11-19 18:21:27
0.96 0.50 1.07 1/155 5839
MemTotal:        2033108 kB
MemAvailable:    1313692 kB
SwapTotal:       1048572 kB
SwapFree:        1046268 kB
benchmark_vitis PID=5550
State:	S (sleeping)
VmPeak:	 1042184 kB
VmSize:	  976648 kB
VmRSS:	  180184 kB
VmSwap:	       0 kB
Threads:	7

2021-11-19 18:21:29
0.96 0.50 1.07 1/155 5853
MemTotal:        2033108 kB
MemAvailable:    1312168 kB
SwapTotal:       1048572 kB
SwapFree:        1046268 kB
benchmark_vitis PID=5550
State:	S (sleeping)
VmPeak:	 1042184 kB
VmSize:	  976648 kB
VmRSS:	  180184 kB
VmSwap:	       0 kB
Threads:	7

2021-11-19 18:21:31
1.04 0.53 1.08 1/155 5867
MemTotal:        2033108 kB
MemAvailable:    1310404 kB
SwapTotal:       1048572 kB
SwapFree:        1046268 kB
benchmark_vitis PID=5550
State:	S (sleeping)
VmPeak:	 1042184 kB
VmSize:	  976648 kB
VmRSS:	  180184 kB
VmSwap:	       0 kB
Threads:	7

2021-11-19 18:21:34
1.04 0.53 1.08 1/155 5881
MemTotal:        2033108 kB
MemAvailable:    1308624 kB
SwapTotal:       1048572 kB
SwapFree:        1046268 kB
benchmark_vitis PID=5550
State:	S (sleeping)
VmPeak:	 1042184 kB
VmSize:	  976648 kB
VmRSS:	  180184 kB
VmSwap:	       0 kB
Threads:	7

2021-11-19 18:21:36
1.04 0.53 1.08 1/155 5895
MemTotal:        2033108 kB
MemAvailable:    1306616 kB
SwapTotal:       1048572 kB
SwapFree:        1046268 kB
benchmark_vitis PID=5550
State:	S (sleeping)
VmPeak:	 1042184 kB
VmSize:	  976648 kB
VmRSS:	  180184 kB
VmSwap:	       0 kB
Threads:	7

2021-11-19 18:21:38
1.12 0.55 1.08 1/155 5910
MemTotal:        2033108 kB
MemAvailable:    1322352 kB
SwapTotal:       1048572 kB
SwapFree:        1046268 kB
benchmark_vitis PID=5550
State:	S (sleeping)
VmPeak:	 1042184 kB
VmSize:	  976648 kB
VmRSS:	  180184 kB
VmSwap:	       0 kB
Threads:	7

2021-11-19 18:21:40
1.12 0.55 1.08 1/155 5924
MemTotal:        2033108 kB
MemAvailable:    1320336 kB
SwapTotal:       1048572 kB
SwapFree:        1046268 kB
benchmark_vitis PID=5550
State:	S (sleeping)
VmPeak:	 1042184 kB
VmSize:	  976648 kB
VmRSS:	  180184 kB
VmSwap:	       0 kB
Threads:	7

2021-11-19 18:21:42
1.19 0.58 1.09 1/155 5938
MemTotal:        2033108 kB
MemAvailable:    1318560 kB
SwapTotal:       1048572 kB
SwapFree:        1046268 kB
benchmark_vitis PID=5550
State:	S (sleeping)
VmPeak:	 1042184 kB
VmSize:	  976648 kB
VmRSS:	  180184 kB
VmSwap:	       0 kB
Threads:	7

2021-11-19 18:21:44
1.19 0.58 1.09 1/155 5952
MemTotal:        2033108 kB
MemAvailable:    1316800 kB
SwapTotal:       1048572 kB
SwapFree:        1046268 kB
benchmark_vitis PID=5550
State:	S (sleeping)
VmPeak:	 1042184 kB
VmSize:	  976648 kB
VmRSS:	  180184 kB
VmSwap:	       0 kB
Threads:	7

2021-11-19 18:21:46
1.19 0.58 1.09 1/155 5966
MemTotal:        2033108 kB
MemAvailable:    1314572 kB
SwapTotal:       1048572 kB
SwapFree:        1046268 kB
benchmark_vitis PID=5550
State:	S (sleeping)
VmPeak:	 1042184 kB
VmSize:	  976648 kB
VmRSS:	  180184 kB
VmSwap:	       0 kB
Threads:	7

2021-11-19 18:21:48
1.25 0.60 1.09 1/155 5980
MemTotal:        2033108 kB
MemAvailable:    1312592 kB
SwapTotal:       1048572 kB
SwapFree:        1046268 kB
benchmark_vitis PID=5550
State:	S (sleeping)
VmPeak:	 1042184 kB
VmSize:	  976648 kB
VmRSS:	  180184 kB
VmSwap:	       0 kB
Threads:	7

2021-11-19 18:21:50
1.25 0.60 1.09 1/155 5994
MemTotal:        2033108 kB
MemAvailable:    1310572 kB
SwapTotal:       1048572 kB
SwapFree:        1046268 kB
benchmark_vitis PID=5550
State:	S (sleeping)
VmPeak:	 1042184 kB
VmSize:	  976648 kB
VmRSS:	  180184 kB
VmSwap:	       0 kB
Threads:	7

2021-11-19 18:21:52
1.31 0.62 1.10 1/155 6008
MemTotal:        2033108 kB
MemAvailable:    1308812 kB
SwapTotal:       1048572 kB
SwapFree:        1046268 kB
benchmark_vitis PID=5550
State:	S (sleeping)
VmPeak:	 1042184 kB
VmSize:	  976648 kB
VmRSS:	  180184 kB
VmSwap:	       0 kB
Threads:	7

2021-11-19 18:21:54
1.31 0.62 1.10 1/155 6022
MemTotal:        2033108 kB
MemAvailable:    1307544 kB
SwapTotal:       1048572 kB
SwapFree:        1046268 kB
benchmark_vitis PID=5550
State:	S (sleeping)
VmPeak:	 1042184 kB
VmSize:	  976648 kB
VmRSS:	  180184 kB
VmSwap:	       0 kB
Threads:	7

2021-11-19 18:21:56
1.31 0.62 1.10 1/155 6036
MemTotal:        2033108 kB
MemAvailable:    1306800 kB
SwapTotal:       1048572 kB
SwapFree:        1046268 kB
benchmark_vitis PID=5550
State:	S (sleeping)
VmPeak:	 1042184 kB
VmSize:	  976648 kB
VmRSS:	  180184 kB
VmSwap:	       0 kB
Threads:	7

2021-11-19 18:21:58
1.37 0.65 1.10 1/155 6050
MemTotal:        2033108 kB
MemAvailable:    1306788 kB
SwapTotal:       1048572 kB
SwapFree:        1046268 kB
benchmark_vitis PID=5550
State:	S (sleeping)
VmPeak:	 1042184 kB
VmSize:	  976648 kB
VmRSS:	  180184 kB
VmSwap:	       0 kB
Threads:	7

2021-11-19 18:22:00
1.37 0.65 1.10 1/155 6064
MemTotal:        2033108 kB
MemAvailable:    1306296 kB
SwapTotal:       1048572 kB
SwapFree:        1046268 kB
benchmark_vitis PID=5550
State:	S (sleeping)
VmPeak:	 1042184 kB
VmSize:	  976648 kB
VmRSS:	  180184 kB
VmSwap:	       0 kB
Threads:	7

2021-11-19 18:22:02
1.42 0.67 1.11 1/155 6078
MemTotal:        2033108 kB
MemAvailable:    1323736 kB
SwapTotal:       1048572 kB
SwapFree:        1046268 kB
benchmark_vitis PID=5550
State:	S (sleeping)
VmPeak:	 1042184 kB
VmSize:	  976648 kB
VmRSS:	  180184 kB
VmSwap:	       0 kB
Threads:	7

2021-11-19 18:22:04
1.42 0.67 1.11 1/155 6092
MemTotal:        2033108 kB
MemAvailable:    1321252 kB
SwapTotal:       1048572 kB
SwapFree:        1046268 kB
benchmark_vitis PID=5550
State:	S (sleeping)
VmPeak:	 1042184 kB
VmSize:	  976648 kB
VmRSS:	  180184 kB
VmSwap:	       0 kB
Threads:	7

2021-11-19 18:22:06
1.42 0.67 1.11 1/155 6106
MemTotal:        2033108 kB
MemAvailable:    1320740 kB
SwapTotal:       1048572 kB
SwapFree:        1046268 kB
benchmark_vitis PID=5550
State:	S (sleeping)
VmPeak:	 1042184 kB
VmSize:	  976648 kB
VmRSS:	  180184 kB
VmSwap:	       0 kB
Threads:	7

2021-11-19 18:22:08
1.47 0.69 1.11 1/155 6120
MemTotal:        2033108 kB
MemAvailable:    1320236 kB
SwapTotal:       1048572 kB
SwapFree:        1046268 kB
benchmark_vitis PID=5550
State:	S (sleeping)
VmPeak:	 1042184 kB
VmSize:	  976648 kB
VmRSS:	  180184 kB
VmSwap:	       0 kB
Threads:	7

2021-11-19 18:22:10
1.47 0.69 1.11 1/155 6134
MemTotal:        2033108 kB
MemAvailable:    1319484 kB
SwapTotal:       1048572 kB
SwapFree:        1046268 kB
benchmark_vitis PID=5550
State:	S (sleeping)
VmPeak:	 1042184 kB
VmSize:	  976648 kB
VmRSS:	  180184 kB
VmSwap:	       0 kB
Threads:	7

2021-11-19 18:22:12
1.51 0.71 1.12 1/155 6148
MemTotal:        2033108 kB
MemAvailable:    1318984 kB
SwapTotal:       1048572 kB
SwapFree:        1046268 kB
benchmark_vitis PID=5550
State:	S (sleeping)
VmPeak:	 1042184 kB
VmSize:	  976648 kB
VmRSS:	  180184 kB
VmSwap:	       0 kB
Threads:	7

2021-11-19 18:22:14
1.51 0.71 1.12 1/155 6162
MemTotal:        2033108 kB
MemAvailable:    1318496 kB
SwapTotal:       1048572 kB
SwapFree:        1046268 kB
benchmark_vitis PID=5550
State:	S (sleeping)
VmPeak:	 1042184 kB
VmSize:	  976648 kB
VmRSS:	  180184 kB
VmSwap:	       0 kB
Threads:	7

2021-11-19 18:22:16
1.55 0.74 1.12 1/155 6176
MemTotal:        2033108 kB
MemAvailable:    1318544 kB
SwapTotal:       1048572 kB
SwapFree:        1046268 kB
benchmark_vitis PID=5550
State:	S (sleeping)
VmPeak:	 1042184 kB
VmSize:	  976648 kB
VmRSS:	  180184 kB
VmSwap:	       0 kB
Threads:	7

2021-11-19 18:22:18
1.55 0.74 1.12 1/155 6190
MemTotal:        2033108 kB
MemAvailable:    1317800 kB
SwapTotal:       1048572 kB
SwapFree:        1046268 kB
benchmark_vitis PID=5550
State:	S (sleeping)
VmPeak:	 1042184 kB
VmSize:	  976648 kB
VmRSS:	  180184 kB
VmSwap:	       0 kB
Threads:	7

2021-11-19 18:22:20
1.55 0.74 1.12 1/155 6204
MemTotal:        2033108 kB
MemAvailable:    1316540 kB
SwapTotal:       1048572 kB
SwapFree:        1046268 kB
benchmark_vitis PID=5550
State:	S (sleeping)
VmPeak:	 1042184 kB
VmSize:	  976648 kB
VmRSS:	  180184 kB
VmSwap:	       0 kB
Threads:	7

2021-11-19 18:22:22
1.59 0.76 1.13 1/155 6218
MemTotal:        2033108 kB
MemAvailable:    1315524 kB
SwapTotal:       1048572 kB
SwapFree:        1046268 kB
benchmark_vitis PID=5550
State:	S (sleeping)
VmPeak:	 1042184 kB
VmSize:	  976648 kB
VmRSS:	  180184 kB
VmSwap:	       0 kB
Threads:	7

2021-11-19 18:22:25
1.59 0.76 1.13 1/155 6232
MemTotal:        2033108 kB
MemAvailable:    1315028 kB
SwapTotal:       1048572 kB
SwapFree:        1046268 kB
benchmark_vitis PID=5550
State:	S (sleeping)
VmPeak:	 1042184 kB
VmSize:	  976648 kB
VmRSS:	  180184 kB
VmSwap:	       0 kB
Threads:	7

2021-11-19 18:22:27
1.62 0.78 1.13 1/155 6246
MemTotal:        2033108 kB
MemAvailable:    1315016 kB
SwapTotal:       1048572 kB
SwapFree:        1046268 kB
benchmark_vitis PID=5550
State:	S (sleeping)
VmPeak:	 1042184 kB
VmSize:	  976648 kB
VmRSS:	  180184 kB
VmSwap:	       0 kB
Threads:	7

2021-11-19 18:22:29
1.62 0.78 1.13 2/155 6260
MemTotal:        2033108 kB
MemAvailable:    1314772 kB
SwapTotal:       1048572 kB
SwapFree:        1046268 kB
benchmark_vitis PID=5550
State:	S (sleeping)
VmPeak:	 1042184 kB
VmSize:	  976648 kB
VmRSS:	  180184 kB
VmSwap:	       0 kB
Threads:	7

2021-11-19 18:22:31
1.62 0.78 1.13 1/155 6274
MemTotal:        2033108 kB
MemAvailable:    1314004 kB
SwapTotal:       1048572 kB
SwapFree:        1046268 kB
benchmark_vitis PID=5550
State:	S (sleeping)
VmPeak:	 1042184 kB
VmSize:	  976648 kB
VmRSS:	  180184 kB
VmSwap:	       0 kB
Threads:	7

2021-11-19 18:22:33
1.65 0.80 1.14 1/155 6288
MemTotal:        2033108 kB
MemAvailable:    1314004 kB
SwapTotal:       1048572 kB
SwapFree:        1046268 kB
benchmark_vitis PID=5550
State:	S (sleeping)
VmPeak:	 1042184 kB
VmSize:	  976648 kB
VmRSS:	  180184 kB
VmSwap:	       0 kB
Threads:	7

2021-11-19 18:22:35
1.65 0.80 1.14 1/155 6302
MemTotal:        2033108 kB
MemAvailable:    1314000 kB
SwapTotal:       1048572 kB
SwapFree:        1046268 kB
benchmark_vitis PID=5550
State:	S (sleeping)
VmPeak:	 1042184 kB
VmSize:	  976648 kB
VmRSS:	  180184 kB
VmSwap:	       0 kB
Threads:	7

2021-11-19 18:22:37
1.68 0.82 1.14 1/155 6317
MemTotal:        2033108 kB
MemAvailable:    1314000 kB
SwapTotal:       1048572 kB
SwapFree:        1046268 kB
benchmark_vitis PID=5550
State:	S (sleeping)
VmPeak:	 1042184 kB
VmSize:	  976648 kB
VmRSS:	  180184 kB
VmSwap:	       0 kB
Threads:	7

2021-11-19 18:22:39
1.68 0.82 1.14 1/155 6331
MemTotal:        2033108 kB
MemAvailable:    1314000 kB
SwapTotal:       1048572 kB
SwapFree:        1046268 kB
benchmark_vitis PID=5550
State:	S (sleeping)
VmPeak:	 1042184 kB
VmSize:	  976648 kB
VmRSS:	  180184 kB
VmSwap:	       0 kB
Threads:	7

2021-11-19 18:22:41
1.68 0.82 1.14 1/155 6345
MemTotal:        2033108 kB
MemAvailable:    1313500 kB
SwapTotal:       1048572 kB
SwapFree:        1046268 kB
benchmark_vitis PID=5550
State:	S (sleeping)
VmPeak:	 1042184 kB
VmSize:	  976648 kB
VmRSS:	  180184 kB
VmSwap:	       0 kB
Threads:	7

2021-11-19 18:22:43
1.70 0.84 1.15 1/155 6359
MemTotal:        2033108 kB
MemAvailable:    1313768 kB
SwapTotal:       1048572 kB
SwapFree:        1046268 kB
benchmark_vitis PID=5550
State:	S (sleeping)
VmPeak:	 1042184 kB
VmSize:	  976648 kB
VmRSS:	  180184 kB
VmSwap:	       0 kB
Threads:	7

2021-11-19 18:22:45
1.70 0.84 1.15 1/155 6373
MemTotal:        2033108 kB
MemAvailable:    1313772 kB
SwapTotal:       1048572 kB
SwapFree:        1046268 kB
benchmark_vitis PID=5550
State:	S (sleeping)
VmPeak:	 1042184 kB
VmSize:	  976648 kB
VmRSS:	  180184 kB
VmSwap:	       0 kB
Threads:	7

2021-11-19 18:22:47
1.73 0.86 1.15 1/155 6387
MemTotal:        2033108 kB
MemAvailable:    1313560 kB
SwapTotal:       1048572 kB
SwapFree:        1046268 kB
benchmark_vitis PID=5550
State:	S (sleeping)
VmPeak:	 1042184 kB
VmSize:	  976648 kB
VmRSS:	  180184 kB
VmSwap:	       0 kB
Threads:	7

2021-11-19 18:22:49
1.73 0.86 1.15 1/155 6401
MemTotal:        2033108 kB
MemAvailable:    1313564 kB
SwapTotal:       1048572 kB
SwapFree:        1046268 kB
benchmark_vitis PID=5550
State:	S (sleeping)
VmPeak:	 1042184 kB
VmSize:	  976648 kB
VmRSS:	  180184 kB
VmSwap:	       0 kB
Threads:	7

2021-11-19 18:22:51
1.73 0.86 1.15 1/155 6415
MemTotal:        2033108 kB
MemAvailable:    1313312 kB
SwapTotal:       1048572 kB
SwapFree:        1046268 kB
benchmark_vitis PID=5550
State:	S (sleeping)
VmPeak:	 1042184 kB
VmSize:	  976648 kB
VmRSS:	  180184 kB
VmSwap:	       0 kB
Threads:	7

2021-11-19 18:22:53
1.75 0.88 1.16 1/155 6429
MemTotal:        2033108 kB
MemAvailable:    1314056 kB
SwapTotal:       1048572 kB
SwapFree:        1046268 kB
benchmark_vitis PID=5550
State:	S (sleeping)
VmPeak:	 1042184 kB
VmSize:	  976648 kB
VmRSS:	  180184 kB
VmSwap:	       0 kB
Threads:	7

2021-11-19 18:22:55
1.75 0.88 1.16 1/155 6443
MemTotal:        2033108 kB
MemAvailable:    1313560 kB
SwapTotal:       1048572 kB
SwapFree:        1046268 kB
benchmark_vitis PID=5550
State:	S (sleeping)
VmPeak:	 1042184 kB
VmSize:	  976648 kB
VmRSS:	  180184 kB
VmSwap:	       0 kB
Threads:	7

2021-11-19 18:22:57
1.77 0.90 1.16 1/155 6457
MemTotal:        2033108 kB
MemAvailable:    1313548 kB
SwapTotal:       1048572 kB
SwapFree:        1046268 kB
benchmark_vitis PID=5550
State:	S (sleeping)
VmPeak:	 1042184 kB
VmSize:	  976648 kB
VmRSS:	  180184 kB
VmSwap:	       0 kB
Threads:	7

2021-11-19 18:22:59
1.77 0.90 1.16 1/155 6471
MemTotal:        2033108 kB
MemAvailable:    1312548 kB
SwapTotal:       1048572 kB
SwapFree:        1046268 kB
benchmark_vitis PID=5550
State:	S (sleeping)
VmPeak:	 1042184 kB
VmSize:	  976648 kB
VmRSS:	  180184 kB
VmSwap:	       0 kB
Threads:	7

2021-11-19 18:23:01
1.79 0.91 1.17 1/155 6485
MemTotal:        2033108 kB
MemAvailable:    1323720 kB
SwapTotal:       1048572 kB
SwapFree:        1046268 kB
benchmark_vitis PID=5550
State:	S (sleeping)
VmPeak:	 1042184 kB
VmSize:	  976648 kB
VmRSS:	  180184 kB
VmSwap:	       0 kB
Threads:	7

2021-11-19 18:23:03
1.79 0.91 1.17 1/155 6499
MemTotal:        2033108 kB
MemAvailable:    1322216 kB
SwapTotal:       1048572 kB
SwapFree:        1046268 kB
benchmark_vitis PID=5550
State:	S (sleeping)
VmPeak:	 1042184 kB
VmSize:	  976648 kB
VmRSS:	  180184 kB
VmSwap:	       0 kB
Threads:	7

2021-11-19 18:23:05
1.79 0.91 1.17 1/155 6513
MemTotal:        2033108 kB
MemAvailable:    1320956 kB
SwapTotal:       1048572 kB
SwapFree:        1046268 kB
benchmark_vitis PID=5550
State:	S (sleeping)
VmPeak:	 1042184 kB
VmSize:	  976648 kB
VmRSS:	  180184 kB
VmSwap:	       0 kB
Threads:	7

2021-11-19 18:23:07
1.81 0.93 1.17 1/155 6527
MemTotal:        2033108 kB
MemAvailable:    1320704 kB
SwapTotal:       1048572 kB
SwapFree:        1046268 kB
benchmark_vitis PID=5550
State:	S (sleeping)
VmPeak:	 1042184 kB
VmSize:	  976648 kB
VmRSS:	  180184 kB
VmSwap:	       0 kB
Threads:	7

2021-11-19 18:23:09
1.81 0.93 1.17 1/155 6541
MemTotal:        2033108 kB
MemAvailable:    1319956 kB
SwapTotal:       1048572 kB
SwapFree:        1046268 kB
benchmark_vitis PID=5550
State:	S (sleeping)
VmPeak:	 1042184 kB
VmSize:	  976648 kB
VmRSS:	  180184 kB
VmSwap:	       0 kB
Threads:	7

2021-11-19 18:23:11
1.82 0.95 1.18 1/155 6555
MemTotal:        2033108 kB
MemAvailable:    1318976 kB
SwapTotal:       1048572 kB
SwapFree:        1046268 kB
benchmark_vitis PID=5550
State:	S (sleeping)
VmPeak:	 1042184 kB
VmSize:	  976648 kB
VmRSS:	  180184 kB
VmSwap:	       0 kB
Threads:	7

2021-11-19 18:23:13
1.82 0.95 1.18 1/155 6569
MemTotal:        2033108 kB
MemAvailable:    1317976 kB
SwapTotal:       1048572 kB
SwapFree:        1046268 kB
benchmark_vitis PID=5550
State:	S (sleeping)
VmPeak:	 1042184 kB
VmSize:	  976648 kB
VmRSS:	  180184 kB
VmSwap:	       0 kB
Threads:	7

2021-11-19 18:23:16
1.82 0.95 1.18 1/155 6583
MemTotal:        2033108 kB
MemAvailable:    1317268 kB
SwapTotal:       1048572 kB
SwapFree:        1046268 kB
benchmark_vitis PID=5550
State:	S (sleeping)
VmPeak:	 1042184 kB
VmSize:	  976648 kB
VmRSS:	  180184 kB
VmSwap:	       0 kB
Threads:	7

2021-11-19 18:23:18
1.84 0.97 1.18 1/155 6597
MemTotal:        2033108 kB
MemAvailable:    1317268 kB
SwapTotal:       1048572 kB
SwapFree:        1046268 kB
benchmark_vitis PID=5550
State:	S (sleeping)
VmPeak:	 1042184 kB
VmSize:	  976648 kB
VmRSS:	  180184 kB
VmSwap:	       0 kB
Threads:	7

2021-11-19 18:23:20
1.84 0.97 1.18 1/155 6611
MemTotal:        2033108 kB
MemAvailable:    1316268 kB
SwapTotal:       1048572 kB
SwapFree:        1046268 kB
benchmark_vitis PID=5550
State:	S (sleeping)
VmPeak:	 1042184 kB
VmSize:	  976648 kB
VmRSS:	  180184 kB
VmSwap:	       0 kB
Threads:	7

2021-11-19 18:23:22
1.85 0.99 1.19 1/155 6625
MemTotal:        2033108 kB
MemAvailable:    1315512 kB
SwapTotal:       1048572 kB
SwapFree:        1046268 kB
benchmark_vitis PID=5550
State:	S (sleeping)
VmPeak:	 1042184 kB
VmSize:	  976648 kB
VmRSS:	  180184 kB
VmSwap:	       0 kB
Threads:	7

2021-11-19 18:23:24
1.85 0.99 1.19 1/155 6639
MemTotal:        2033108 kB
MemAvailable:    1314260 kB
SwapTotal:       1048572 kB
SwapFree:        1046268 kB
benchmark_vitis PID=5550
State:	S (sleeping)
VmPeak:	 1042184 kB
VmSize:	  976648 kB
VmRSS:	  180184 kB
VmSwap:	       0 kB
Threads:	7

2021-11-19 18:23:26
1.85 0.99 1.19 1/155 6653
MemTotal:        2033108 kB
MemAvailable:    1313744 kB
SwapTotal:       1048572 kB
SwapFree:        1046268 kB
benchmark_vitis PID=5550
State:	S (sleeping)
VmPeak:	 1042184 kB
VmSize:	  976648 kB
VmRSS:	  180184 kB
VmSwap:	       0 kB
Threads:	7

2021-11-19 18:23:28
1.86 1.00 1.19 1/155 6667
MemTotal:        2033108 kB
MemAvailable:    1312736 kB
SwapTotal:       1048572 kB
SwapFree:        1046268 kB
benchmark_vitis PID=5550
State:	S (sleeping)
VmPeak:	 1042184 kB
VmSize:	  976648 kB
VmRSS:	  180184 kB
VmSwap:	       0 kB
Threads:	7

2021-11-19 18:23:30
1.86 1.00 1.19 1/155 6684
MemTotal:        2033108 kB
MemAvailable:    1312480 kB
SwapTotal:       1048572 kB
SwapFree:        1046268 kB
benchmark_vitis PID=5550
State:	S (sleeping)
VmPeak:	 1042184 kB
VmSize:	  976648 kB
VmRSS:	  180184 kB
VmSwap:	       0 kB
Threads:	7

2021-11-19 18:23:32
1.87 1.02 1.20 1/155 6698
MemTotal:        2033108 kB
MemAvailable:    1311512 kB
SwapTotal:       1048572 kB
SwapFree:        1046268 kB
benchmark_vitis PID=5550
State:	S (sleeping)
VmPeak:	 1042184 kB
VmSize:	  976648 kB
VmRSS:	  180184 kB
VmSwap:	       0 kB
Threads:	7

2021-11-19 18:23:34
1.87 1.02 1.20 2/155 6712
MemTotal:        2033108 kB
MemAvailable:    1310504 kB
SwapTotal:       1048572 kB
SwapFree:        1046268 kB
benchmark_vitis PID=5550
State:	S (sleeping)
VmPeak:	 1042184 kB
VmSize:	  976648 kB
VmRSS:	  180184 kB
VmSwap:	       0 kB
Threads:	7

2021-11-19 18:23:36
1.87 1.02 1.20 1/155 6726
MemTotal:        2033108 kB
MemAvailable:    1309756 kB
SwapTotal:       1048572 kB
SwapFree:        1046268 kB
benchmark_vitis PID=5550
State:	S (sleeping)
VmPeak:	 1042184 kB
VmSize:	  976648 kB
VmRSS:	  180184 kB
VmSwap:	       0 kB
Threads:	7

2021-11-19 18:23:38
1.88 1.04 1.20 1/155 6741
MemTotal:        2033108 kB
MemAvailable:    1311012 kB
SwapTotal:       1048572 kB
SwapFree:        1046268 kB
benchmark_vitis PID=5550
State:	S (sleeping)
VmPeak:	 1042184 kB
VmSize:	  976648 kB
VmRSS:	  180184 kB
VmSwap:	       0 kB
Threads:	7

2021-11-19 18:23:40
1.88 1.04 1.20 1/155 6755
MemTotal:        2033108 kB
MemAvailable:    1312020 kB
SwapTotal:       1048572 kB
SwapFree:        1046268 kB
benchmark_vitis PID=5550
State:	S (sleeping)
VmPeak:	 1042184 kB
VmSize:	  976648 kB
VmRSS:	  180184 kB
VmSwap:	       0 kB
Threads:	7

2021-11-19 18:23:42
1.89 1.05 1.20 1/155 6769
MemTotal:        2033108 kB
MemAvailable:    1312028 kB
SwapTotal:       1048572 kB
SwapFree:        1046268 kB
benchmark_vitis PID=5550
State:	S (sleeping)
VmPeak:	 1042184 kB
VmSize:	  976648 kB
VmRSS:	  180184 kB
VmSwap:	       0 kB
Threads:	7

2021-11-19 18:23:44
1.89 1.05 1.20 1/155 6783
MemTotal:        2033108 kB
MemAvailable:    1311532 kB
SwapTotal:       1048572 kB
SwapFree:        1046268 kB
benchmark_vitis PID=5550
State:	S (sleeping)
VmPeak:	 1042184 kB
VmSize:	  976648 kB
VmRSS:	  180184 kB
VmSwap:	       0 kB
Threads:	7

2021-11-19 18:23:46
1.89 1.05 1.20 1/155 6797
MemTotal:        2033108 kB
MemAvailable:    1311056 kB
SwapTotal:       1048572 kB
SwapFree:        1046268 kB
benchmark_vitis PID=5550
State:	S (sleeping)
VmPeak:	 1042184 kB
VmSize:	  976648 kB
VmRSS:	  180184 kB
VmSwap:	       0 kB
Threads:	7

2021-11-19 18:23:48
1.90 1.07 1.21 1/155 6811
MemTotal:        2033108 kB
MemAvailable:    1310816 kB
SwapTotal:       1048572 kB
SwapFree:        1046268 kB
benchmark_vitis PID=5550
State:	S (sleeping)
VmPeak:	 1042184 kB
VmSize:	  976648 kB
VmRSS:	  180184 kB
VmSwap:	       0 kB
Threads:	7

2021-11-19 18:23:50
1.90 1.07 1.21 1/155 6825
MemTotal:        2033108 kB
MemAvailable:    1310308 kB
SwapTotal:       1048572 kB
SwapFree:        1046268 kB
benchmark_vitis PID=5550
State:	S (sleeping)
VmPeak:	 1042184 kB
VmSize:	  976648 kB
VmRSS:	  180184 kB
VmSwap:	       0 kB
Threads:	7

2021-11-19 18:23:52
1.91 1.08 1.21 1/155 6839
MemTotal:        2033108 kB
MemAvailable:    1310060 kB
SwapTotal:       1048572 kB
SwapFree:        1046268 kB
benchmark_vitis PID=5550
State:	S (sleeping)
VmPeak:	 1042184 kB
VmSize:	  976648 kB
VmRSS:	  180184 kB
VmSwap:	       0 kB
Threads:	7

2021-11-19 18:23:54
1.91 1.08 1.21 1/155 6853
MemTotal:        2033108 kB
MemAvailable:    1309800 kB
SwapTotal:       1048572 kB
SwapFree:        1046268 kB
benchmark_vitis PID=5550
State:	S (sleeping)
VmPeak:	 1042184 kB
VmSize:	  976648 kB
VmRSS:	  180184 kB
VmSwap:	       0 kB
Threads:	7

2021-11-19 18:23:56
1.92 1.10 1.22 1/155 6867
MemTotal:        2033108 kB
MemAvailable:    1309548 kB
SwapTotal:       1048572 kB
SwapFree:        1046268 kB
benchmark_vitis PID=5550
State:	S (sleeping)
VmPeak:	 1042184 kB
VmSize:	  976648 kB
VmRSS:	  180184 kB
VmSwap:	       0 kB
Threads:	7

2021-11-19 18:23:58
1.92 1.10 1.22 1/155 6881
MemTotal:        2033108 kB
MemAvailable:    1309040 kB
SwapTotal:       1048572 kB
SwapFree:        1046268 kB
benchmark_vitis PID=5550
State:	S (sleeping)
VmPeak:	 1042184 kB
VmSize:	  976648 kB
VmRSS:	  180184 kB
VmSwap:	       0 kB
Threads:	7

2021-11-19 18:24:00
1.92 1.10 1.22 1/155 6895
MemTotal:        2033108 kB
MemAvailable:    1308284 kB
SwapTotal:       1048572 kB
SwapFree:        1046268 kB
benchmark_vitis PID=5550
State:	S (sleeping)
VmPeak:	 1042184 kB
VmSize:	  976648 kB
VmRSS:	  180184 kB
VmSwap:	       0 kB
Threads:	7

2021-11-19 18:24:02
1.92 1.11 1.22 1/155 6909
MemTotal:        2033108 kB
MemAvailable:    1322684 kB
SwapTotal:       1048572 kB
SwapFree:        1046268 kB
benchmark_vitis PID=5550
State:	S (sleeping)
VmPeak:	 1042184 kB
VmSize:	  976648 kB
VmRSS:	  180184 kB
VmSwap:	       0 kB
Threads:	7

2021-11-19 18:24:04
1.92 1.11 1.22 1/155 6923
MemTotal:        2033108 kB
MemAvailable:    1321936 kB
SwapTotal:       1048572 kB
SwapFree:        1046268 kB
benchmark_vitis PID=5550
State:	S (sleeping)
VmPeak:	 1042184 kB
VmSize:	  976648 kB
VmRSS:	  180184 kB
VmSwap:	       0 kB
Threads:	7

2021-11-19 18:24:07
1.93 1.13 1.23 1/155 6937
MemTotal:        2033108 kB
MemAvailable:    1320928 kB
SwapTotal:       1048572 kB
SwapFree:        1046268 kB
benchmark_vitis PID=5550
State:	S (sleeping)
VmPeak:	 1042184 kB
VmSize:	  976648 kB
VmRSS:	  180184 kB
VmSwap:	       0 kB
Threads:	7

2021-11-19 18:24:09
1.93 1.13 1.23 1/155 6951
MemTotal:        2033108 kB
MemAvailable:    1320928 kB
SwapTotal:       1048572 kB
SwapFree:        1046268 kB
benchmark_vitis PID=5550
State:	S (sleeping)
VmPeak:	 1042184 kB
VmSize:	  976648 kB
VmRSS:	  180184 kB
VmSwap:	       0 kB
Threads:	7

2021-11-19 18:24:11
1.93 1.13 1.23 1/155 6965
MemTotal:        2033108 kB
MemAvailable:    1320184 kB
SwapTotal:       1048572 kB
SwapFree:        1046268 kB
benchmark_vitis PID=5550
State:	S (sleeping)
VmPeak:	 1042184 kB
VmSize:	  976648 kB
VmRSS:	  180184 kB
VmSwap:	       0 kB
Threads:	7

2021-11-19 18:24:13
1.94 1.14 1.23 1/155 6979
MemTotal:        2033108 kB
MemAvailable:    1318928 kB
SwapTotal:       1048572 kB
SwapFree:        1046268 kB
benchmark_vitis PID=5550
State:	S (sleeping)
VmPeak:	 1042184 kB
VmSize:	  976648 kB
VmRSS:	  180184 kB
VmSwap:	       0 kB
Threads:	7

2021-11-19 18:24:15
1.94 1.14 1.23 1/155 6993
MemTotal:        2033108 kB
MemAvailable:    1317948 kB
SwapTotal:       1048572 kB
SwapFree:        1046268 kB
benchmark_vitis PID=5550
State:	S (sleeping)
VmPeak:	 1042184 kB
VmSize:	  976648 kB
VmRSS:	  180184 kB
VmSwap:	       0 kB
Threads:	7

2021-11-19 18:24:17
1.94 1.16 1.24 1/155 7007
MemTotal:        2033108 kB
MemAvailable:    1316988 kB
SwapTotal:       1048572 kB
SwapFree:        1046268 kB
benchmark_vitis PID=5550
State:	S (sleeping)
VmPeak:	 1042184 kB
VmSize:	  976648 kB
VmRSS:	  180184 kB
VmSwap:	       0 kB
Threads:	7

2021-11-19 18:24:19
1.94 1.16 1.24 1/155 7021
MemTotal:        2033108 kB
MemAvailable:    1316988 kB
SwapTotal:       1048572 kB
SwapFree:        1046268 kB
benchmark_vitis PID=5550
State:	S (sleeping)
VmPeak:	 1042184 kB
VmSize:	  976648 kB
VmRSS:	  180184 kB
VmSwap:	       0 kB
Threads:	7

2021-11-19 18:24:21
1.94 1.16 1.24 1/155 7035
MemTotal:        2033108 kB
MemAvailable:    1316996 kB
SwapTotal:       1048572 kB
SwapFree:        1046268 kB
benchmark_vitis PID=5550
State:	S (sleeping)
VmPeak:	 1042184 kB
VmSize:	  976648 kB
VmRSS:	  180184 kB
VmSwap:	       0 kB
Threads:	7

2021-11-19 18:24:23
1.95 1.17 1.24 1/153 7049
MemTotal:        2033108 kB
MemAvailable:    1316744 kB
SwapTotal:       1048572 kB
SwapFree:        1046268 kB
benchmark_vitis PID=5550
State:	S (sleeping)
VmPeak:	 1042184 kB
VmSize:	  976648 kB
VmRSS:	  180184 kB
VmSwap:	       0 kB
Threads:	7

2021-11-19 18:24:25
1.95 1.17 1.24 1/153 7063
MemTotal:        2033108 kB
MemAvailable:    1316744 kB
SwapTotal:       1048572 kB
SwapFree:        1046268 kB
benchmark_vitis PID=5550
State:	S (sleeping)
VmPeak:	 1042184 kB
VmSize:	  976648 kB
VmRSS:	  180184 kB
VmSwap:	       0 kB
Threads:	7

2021-11-19 18:24:27
1.95 1.19 1.24 1/153 7077
MemTotal:        2033108 kB
MemAvailable:    1316748 kB
SwapTotal:       1048572 kB
SwapFree:        1046268 kB
benchmark_vitis PID=5550
State:	S (sleeping)
VmPeak:	 1042184 kB
VmSize:	  976648 kB
VmRSS:	  180184 kB
VmSwap:	       0 kB
Threads:	7

2021-11-19 18:24:29
1.95 1.19 1.24 1/153 7091
MemTotal:        2033108 kB
MemAvailable:    1316748 kB
SwapTotal:       1048572 kB
SwapFree:        1046268 kB
benchmark_vitis PID=5550
State:	S (sleeping)
VmPeak:	 1042184 kB
VmSize:	  976648 kB
VmRSS:	  180184 kB
VmSwap:	       0 kB
Threads:	7

2021-11-19 18:24:31
1.95 1.19 1.24 1/153 7105
MemTotal:        2033108 kB
MemAvailable:    1316736 kB
SwapTotal:       1048572 kB
SwapFree:        1046268 kB
benchmark_vitis PID=5550
State:	S (sleeping)
VmPeak:	 1042184 kB
VmSize:	  976648 kB
VmRSS:	  180184 kB
VmSwap:	       0 kB
Threads:	7

2021-11-19 18:24:33
1.95 1.20 1.25 1/153 7119
MemTotal:        2033108 kB
MemAvailable:    1316744 kB
SwapTotal:       1048572 kB
SwapFree:        1046268 kB
benchmark_vitis PID=5550
State:	S (sleeping)
VmPeak:	 1042184 kB
VmSize:	  976648 kB
VmRSS:	  180184 kB
VmSwap:	       0 kB
Threads:	7

2021-11-19 18:24:35
1.95 1.20 1.25 1/153 7133
MemTotal:        2033108 kB
MemAvailable:    1316736 kB
SwapTotal:       1048572 kB
SwapFree:        1046268 kB
benchmark_vitis PID=5550
State:	S (sleeping)
VmPeak:	 1042184 kB
VmSize:	  976648 kB
VmRSS:	  180184 kB
VmSwap:	       0 kB
Threads:	7

2021-11-19 18:24:37
1.96 1.21 1.25 1/153 7148
MemTotal:        2033108 kB
MemAvailable:    1316744 kB
SwapTotal:       1048572 kB
SwapFree:        1046268 kB
benchmark_vitis PID=5550
State:	S (sleeping)
VmPeak:	 1042184 kB
VmSize:	  976648 kB
VmRSS:	  180184 kB
VmSwap:	       0 kB
Threads:	7

2021-11-19 18:24:39
1.96 1.21 1.25 1/151 7162
MemTotal:        2033108 kB
MemAvailable:    1316744 kB
SwapTotal:       1048572 kB
SwapFree:        1046268 kB
benchmark_vitis PID=5550
State:	S (sleeping)
VmPeak:	 1042184 kB
VmSize:	  976648 kB
VmRSS:	  180184 kB
VmSwap:	       0 kB
Threads:	7

2021-11-19 18:24:41
1.96 1.21 1.25 1/151 7176
MemTotal:        2033108 kB
MemAvailable:    1316496 kB
SwapTotal:       1048572 kB
SwapFree:        1046268 kB
benchmark_vitis PID=5550
State:	S (sleeping)
VmPeak:	 1042184 kB
VmSize:	  976648 kB
VmRSS:	  180184 kB
VmSwap:	       0 kB
Threads:	7

2021-11-19 18:24:43
2.04 1.24 1.26 1/151 7190
MemTotal:        2033108 kB
MemAvailable:    1315736 kB
SwapTotal:       1048572 kB
SwapFree:        1046268 kB
benchmark_vitis PID=5550
State:	S (sleeping)
VmPeak:	 1042184 kB
VmSize:	  976648 kB
VmRSS:	  180184 kB
VmSwap:	       0 kB
Threads:	7

2021-11-19 18:24:45
2.04 1.24 1.26 1/151 7204
MemTotal:        2033108 kB
MemAvailable:    1315496 kB
SwapTotal:       1048572 kB
SwapFree:        1046268 kB
benchmark_vitis PID=5550
State:	S (sleeping)
VmPeak:	 1042184 kB
VmSize:	  976648 kB
VmRSS:	  180184 kB
VmSwap:	       0 kB
Threads:	7

2021-11-19 18:24:47
2.04 1.26 1.27 1/151 7218
MemTotal:        2033108 kB
MemAvailable:    1315532 kB
SwapTotal:       1048572 kB
SwapFree:        1046268 kB
benchmark_vitis PID=5550
State:	S (sleeping)
VmPeak:	 1042184 kB
VmSize:	  976648 kB
VmRSS:	  180184 kB
VmSwap:	       0 kB
Threads:	7

2021-11-19 18:24:49
2.04 1.26 1.27 1/151 7232
MemTotal:        2033108 kB
MemAvailable:    1315288 kB
SwapTotal:       1048572 kB
SwapFree:        1046268 kB
benchmark_vitis PID=5550
State:	S (sleeping)
VmPeak:	 1042184 kB
VmSize:	  976648 kB
VmRSS:	  180184 kB
VmSwap:	       0 kB
Threads:	7

2021-11-19 18:24:51
2.04 1.27 1.27 1/151 7246
MemTotal:        2033108 kB
MemAvailable:    1315288 kB
SwapTotal:       1048572 kB
SwapFree:        1046268 kB
benchmark_vitis PID=5550
State:	S (sleeping)
VmPeak:	 1042184 kB
VmSize:	  976648 kB
VmRSS:	  180184 kB
VmSwap:	       0 kB
Threads:	7

2021-11-19 18:24:53
2.04 1.27 1.27 1/151 7260
MemTotal:        2033108 kB
MemAvailable:    1315288 kB
SwapTotal:       1048572 kB
SwapFree:        1046268 kB
benchmark_vitis PID=5550
State:	S (sleeping)
VmPeak:	 1042184 kB
VmSize:	  976648 kB
VmRSS:	  180184 kB
VmSwap:	       0 kB
Threads:	7

2021-11-19 18:24:55
2.04 1.27 1.27 1/151 7274
MemTotal:        2033108 kB
MemAvailable:    1315040 kB
SwapTotal:       1048572 kB
SwapFree:        1046268 kB
benchmark_vitis PID=5550
State:	S (sleeping)
VmPeak:	 1042184 kB
VmSize:	  976648 kB
VmRSS:	  180184 kB
VmSwap:	       0 kB
Threads:	7

2021-11-19 18:24:58
2.03 1.28 1.28 1/151 7288
MemTotal:        2033108 kB
MemAvailable:    1314788 kB
SwapTotal:       1048572 kB
SwapFree:        1046268 kB
benchmark_vitis PID=5550
State:	S (sleeping)
VmPeak:	 1042184 kB
VmSize:	  976648 kB
VmRSS:	  180184 kB
VmSwap:	       0 kB
Threads:	7

2021-11-19 18:25:00
2.03 1.28 1.28 1/151 7302
MemTotal:        2033108 kB
MemAvailable:    1314528 kB
SwapTotal:       1048572 kB
SwapFree:        1046268 kB
benchmark_vitis PID=5550
State:	S (sleeping)
VmPeak:	 1042184 kB
VmSize:	  976648 kB
VmRSS:	  180184 kB
VmSwap:	       0 kB
Threads:	7

2021-11-19 18:25:02
2.03 1.29 1.28 1/151 7316
MemTotal:        2033108 kB
MemAvailable:    1323488 kB
SwapTotal:       1048572 kB
SwapFree:        1046268 kB
benchmark_vitis PID=5550
State:	S (sleeping)
VmPeak:	 1042184 kB
VmSize:	  976648 kB
VmRSS:	  180184 kB
VmSwap:	       0 kB
Threads:	7

2021-11-19 18:25:04
2.03 1.29 1.28 1/151 7330
MemTotal:        2033108 kB
MemAvailable:    1322220 kB
SwapTotal:       1048572 kB
SwapFree:        1046268 kB
benchmark_vitis PID=5550
State:	S (sleeping)
VmPeak:	 1042184 kB
VmSize:	  976648 kB
VmRSS:	  180184 kB
VmSwap:	       0 kB
Threads:	7

2021-11-19 18:25:06
2.03 1.29 1.28 1/151 7344
MemTotal:        2033108 kB
MemAvailable:    1320988 kB
SwapTotal:       1048572 kB
SwapFree:        1046268 kB
benchmark_vitis PID=5550
State:	S (sleeping)
VmPeak:	 1042184 kB
VmSize:	  976648 kB
VmRSS:	  180184 kB
VmSwap:	       0 kB
Threads:	7

2021-11-19 18:25:08
2.03 1.31 1.28 1/151 7358
MemTotal:        2033108 kB
MemAvailable:    1319476 kB
SwapTotal:       1048572 kB
SwapFree:        1046268 kB
benchmark_vitis PID=5550
State:	S (sleeping)
VmPeak:	 1042184 kB
VmSize:	  976648 kB
VmRSS:	  180184 kB
VmSwap:	       0 kB
Threads:	7

2021-11-19 18:25:10
2.03 1.31 1.28 1/151 7372
MemTotal:        2033108 kB
MemAvailable:    1317464 kB
SwapTotal:       1048572 kB
SwapFree:        1046268 kB
benchmark_vitis PID=5550
State:	S (sleeping)
VmPeak:	 1042184 kB
VmSize:	  976648 kB
VmRSS:	  180184 kB
VmSwap:	       0 kB
Threads:	7

2021-11-19 18:25:12
2.02 1.32 1.29 1/151 7386
MemTotal:        2033108 kB
MemAvailable:    1315696 kB
SwapTotal:       1048572 kB
SwapFree:        1046268 kB
benchmark_vitis PID=5550
State:	S (sleeping)
VmPeak:	 1042184 kB
VmSize:	  976648 kB
VmRSS:	  180184 kB
VmSwap:	       0 kB
Threads:	7

2021-11-19 18:25:14
2.02 1.32 1.29 1/151 7400
MemTotal:        2033108 kB
MemAvailable:    1313940 kB
SwapTotal:       1048572 kB
SwapFree:        1046268 kB
benchmark_vitis PID=5550
State:	S (sleeping)
VmPeak:	 1042184 kB
VmSize:	  976648 kB
VmRSS:	  180184 kB
VmSwap:	       0 kB
Threads:	7

2021-11-19 18:25:16
2.02 1.32 1.29 1/151 7414
MemTotal:        2033108 kB
MemAvailable:    1312684 kB
SwapTotal:       1048572 kB
SwapFree:        1046268 kB
benchmark_vitis PID=5550
State:	S (sleeping)
VmPeak:	 1042184 kB
VmSize:	  976648 kB
VmRSS:	  180184 kB
VmSwap:	       0 kB
Threads:	7

2021-11-19 18:25:18
2.10 1.35 1.30 1/151 7428
MemTotal:        2033108 kB
MemAvailable:    1312472 kB
SwapTotal:       1048572 kB
SwapFree:        1046268 kB
benchmark_vitis PID=5550
State:	S (sleeping)
VmPeak:	 1042184 kB
VmSize:	  976648 kB
VmRSS:	  180184 kB
VmSwap:	       0 kB
Threads:	7

2021-11-19 18:25:20
2.10 1.35 1.30 1/151 7442
MemTotal:        2033108 kB
MemAvailable:    1311716 kB
SwapTotal:       1048572 kB
SwapFree:        1046268 kB
benchmark_vitis PID=5550
State:	S (sleeping)
VmPeak:	 1042184 kB
VmSize:	  976648 kB
VmRSS:	  180184 kB
VmSwap:	       0 kB
Threads:	7

2021-11-19 18:25:22
2.09 1.36 1.30 1/151 7456
MemTotal:        2033108 kB
MemAvailable:    1310964 kB
SwapTotal:       1048572 kB
SwapFree:        1046268 kB
benchmark_vitis PID=5550
State:	S (sleeping)
VmPeak:	 1042184 kB
VmSize:	  976648 kB
VmRSS:	  180184 kB
VmSwap:	       0 kB
Threads:	7

2021-11-19 18:25:24
2.09 1.36 1.30 1/151 7470
MemTotal:        2033108 kB
MemAvailable:    1310460 kB
SwapTotal:       1048572 kB
SwapFree:        1046268 kB
benchmark_vitis PID=5550
State:	S (sleeping)
VmPeak:	 1042184 kB
VmSize:	  976648 kB
VmRSS:	  180184 kB
VmSwap:	       0 kB
Threads:	7

2021-11-19 18:25:26
2.09 1.36 1.30 1/151 7484
MemTotal:        2033108 kB
MemAvailable:    1310952 kB
SwapTotal:       1048572 kB
SwapFree:        1046268 kB
benchmark_vitis PID=5550
State:	S (sleeping)
VmPeak:	 1042184 kB
VmSize:	  976648 kB
VmRSS:	  180184 kB
VmSwap:	       0 kB
Threads:	7

2021-11-19 18:25:28
2.09 1.37 1.30 1/151 7498
MemTotal:        2033108 kB
MemAvailable:    1310952 kB
SwapTotal:       1048572 kB
SwapFree:        1046268 kB
benchmark_vitis PID=5550
State:	S (sleeping)
VmPeak:	 1042184 kB
VmSize:	  976648 kB
VmRSS:	  180184 kB
VmSwap:	       0 kB
Threads:	7

2021-11-19 18:25:30
2.09 1.37 1.30 1/151 7512
MemTotal:        2033108 kB
MemAvailable:    1310948 kB
SwapTotal:       1048572 kB
SwapFree:        1046268 kB
benchmark_vitis PID=5550
State:	S (sleeping)
VmPeak:	 1042184 kB
VmSize:	  976648 kB
VmRSS:	  180184 kB
VmSwap:	       0 kB
Threads:	7

2021-11-19 18:25:32
2.08 1.38 1.31 1/151 7526
MemTotal:        2033108 kB
MemAvailable:    1310952 kB
SwapTotal:       1048572 kB
SwapFree:        1046268 kB
benchmark_vitis PID=5550
State:	S (sleeping)
VmPeak:	 1042184 kB
VmSize:	  976648 kB
VmRSS:	  180184 kB
VmSwap:	       0 kB
Threads:	7

2021-11-19 18:25:34
2.08 1.38 1.31 1/151 7540
MemTotal:        2033108 kB
MemAvailable:    1310948 kB
SwapTotal:       1048572 kB
SwapFree:        1046268 kB
benchmark_vitis PID=5550
State:	S (sleeping)
VmPeak:	 1042184 kB
VmSize:	  976648 kB
VmRSS:	  180184 kB
VmSwap:	       0 kB
Threads:	7

2021-11-19 18:25:36
2.08 1.38 1.31 1/151 7554
MemTotal:        2033108 kB
MemAvailable:    1310452 kB
SwapTotal:       1048572 kB
SwapFree:        1046268 kB
benchmark_vitis PID=5550
State:	S (sleeping)
VmPeak:	 1042184 kB
VmSize:	  976648 kB
VmRSS:	  180184 kB
VmSwap:	       0 kB
Threads:	7

2021-11-19 18:25:38
2.07 1.39 1.31 1/151 7569
MemTotal:        2033108 kB
MemAvailable:    1310204 kB
SwapTotal:       1048572 kB
SwapFree:        1046268 kB
benchmark_vitis PID=5550
State:	S (sleeping)
VmPeak:	 1042184 kB
VmSize:	  976648 kB
VmRSS:	  180184 kB
VmSwap:	       0 kB
Threads:	7

2021-11-19 18:25:40
2.07 1.39 1.31 1/151 7583
MemTotal:        2033108 kB
MemAvailable:    1310204 kB
SwapTotal:       1048572 kB
SwapFree:        1046268 kB
benchmark_vitis PID=5550
State:	S (sleeping)
VmPeak:	 1042184 kB
VmSize:	  976648 kB
VmRSS:	  180184 kB
VmSwap:	       0 kB
Threads:	7

2021-11-19 18:25:42
2.07 1.40 1.32 1/151 7597
MemTotal:        2033108 kB
MemAvailable:    1310212 kB
SwapTotal:       1048572 kB
SwapFree:        1046268 kB
benchmark_vitis PID=5550
State:	S (sleeping)
VmPeak:	 1042184 kB
VmSize:	  976648 kB
VmRSS:	  180184 kB
VmSwap:	       0 kB
Threads:	7

2021-11-19 18:25:44
2.07 1.40 1.32 1/151 7611
MemTotal:        2033108 kB
MemAvailable:    1310212 kB
SwapTotal:       1048572 kB
SwapFree:        1046268 kB
benchmark_vitis PID=5550
State:	S (sleeping)
VmPeak:	 1042184 kB
VmSize:	  976648 kB
VmRSS:	  180184 kB
VmSwap:	       0 kB
Threads:	7

2021-11-19 18:25:46
2.06 1.41 1.32 1/150 7625
MemTotal:        2033108 kB
MemAvailable:    1310248 kB
SwapTotal:       1048572 kB
SwapFree:        1046268 kB
benchmark_vitis PID=5550
State:	S (sleeping)
VmPeak:	 1042184 kB
VmSize:	  976648 kB
VmRSS:	  180184 kB
VmSwap:	       0 kB
Threads:	7

2021-11-19 18:25:48
2.06 1.41 1.32 1/150 7639
MemTotal:        2033108 kB
MemAvailable:    1310256 kB
SwapTotal:       1048572 kB
SwapFree:        1046268 kB
benchmark_vitis PID=5550
State:	S (sleeping)
VmPeak:	 1042184 kB
VmSize:	  976648 kB
VmRSS:	  180184 kB
VmSwap:	       0 kB
Threads:	7

2021-11-19 18:25:51
2.06 1.41 1.32 1/150 7653
MemTotal:        2033108 kB
MemAvailable:    1310256 kB
SwapTotal:       1048572 kB
SwapFree:        1046268 kB
benchmark_vitis PID=5550
State:	S (sleeping)
VmPeak:	 1042184 kB
VmSize:	  976648 kB
VmRSS:	  180184 kB
VmSwap:	       0 kB
Threads:	7

2021-11-19 18:25:53
2.06 1.42 1.32 1/150 7667
MemTotal:        2033108 kB
MemAvailable:    1310256 kB
SwapTotal:       1048572 kB
SwapFree:        1046268 kB
benchmark_vitis PID=5550
State:	S (sleeping)
VmPeak:	 1042184 kB
VmSize:	  976648 kB
VmRSS:	  180184 kB
VmSwap:	       0 kB
Threads:	7

2021-11-19 18:25:55
2.06 1.42 1.32 1/150 7681
MemTotal:        2033108 kB
MemAvailable:    1310252 kB
SwapTotal:       1048572 kB
SwapFree:        1046268 kB
benchmark_vitis PID=5550
State:	S (sleeping)
VmPeak:	 1042184 kB
VmSize:	  976648 kB
VmRSS:	  180184 kB
VmSwap:	       0 kB
Threads:	7

2021-11-19 18:25:57
2.05 1.43 1.33 1/150 7695
MemTotal:        2033108 kB
MemAvailable:    1310252 kB
SwapTotal:       1048572 kB
SwapFree:        1046268 kB
benchmark_vitis PID=5550
State:	S (sleeping)
VmPeak:	 1042184 kB
VmSize:	  976648 kB
VmRSS:	  180184 kB
VmSwap:	       0 kB
Threads:	7

2021-11-19 18:25:59
2.05 1.43 1.33 1/150 7709
MemTotal:        2033108 kB
MemAvailable:    1310244 kB
SwapTotal:       1048572 kB
SwapFree:        1046268 kB
benchmark_vitis PID=5550
State:	S (sleeping)
VmPeak:	 1042184 kB
VmSize:	  976648 kB
VmRSS:	  180184 kB
VmSwap:	       0 kB
Threads:	7

2021-11-19 18:26:01
2.05 1.43 1.33 1/150 7723
MemTotal:        2033108 kB
MemAvailable:    1323368 kB
SwapTotal:       1048572 kB
SwapFree:        1046268 kB
benchmark_vitis PID=5550
State:	S (sleeping)
VmPeak:	 1042184 kB
VmSize:	  976648 kB
VmRSS:	  180184 kB
VmSwap:	       0 kB
Threads:	7

2021-11-19 18:26:03
2.05 1.44 1.33 1/148 7737
MemTotal:        2033108 kB
MemAvailable:    1321964 kB
SwapTotal:       1048572 kB
SwapFree:        1046268 kB
benchmark_vitis PID=5550
State:	S (sleeping)
VmPeak:	 1042184 kB
VmSize:	  976648 kB
VmRSS:	  180184 kB
VmSwap:	       0 kB
Threads:	7

2021-11-19 18:26:05
2.05 1.44 1.33 1/148 7751
MemTotal:        2033108 kB
MemAvailable:    1320964 kB
SwapTotal:       1048572 kB
SwapFree:        1046268 kB
benchmark_vitis PID=5550
State:	S (sleeping)
VmPeak:	 1042184 kB
VmSize:	  976648 kB
VmRSS:	  180184 kB
VmSwap:	       0 kB
Threads:	7

2021-11-19 18:26:07
2.04 1.45 1.34 1/148 7765
MemTotal:        2033108 kB
MemAvailable:    1320464 kB
SwapTotal:       1048572 kB
SwapFree:        1046268 kB
benchmark_vitis PID=5550
State:	S (sleeping)
VmPeak:	 1042184 kB
VmSize:	  976648 kB
VmRSS:	  180184 kB
VmSwap:	       0 kB
Threads:	7

2021-11-19 18:26:09
2.04 1.45 1.34 1/148 7779
MemTotal:        2033108 kB
MemAvailable:    1318476 kB
SwapTotal:       1048572 kB
SwapFree:        1046268 kB
benchmark_vitis PID=5550
State:	S (sleeping)
VmPeak:	 1042184 kB
VmSize:	  976648 kB
VmRSS:	  180184 kB
VmSwap:	       0 kB
Threads:	7

2021-11-19 18:26:11
2.04 1.45 1.34 1/148 7793
MemTotal:        2033108 kB
MemAvailable:    1317464 kB
SwapTotal:       1048572 kB
SwapFree:        1046268 kB
benchmark_vitis PID=5550
State:	S (sleeping)
VmPeak:	 1042184 kB
VmSize:	  976648 kB
VmRSS:	  180184 kB
VmSwap:	       0 kB
Threads:	7

2021-11-19 18:26:13
2.12 1.48 1.35 1/148 7807
MemTotal:        2033108 kB
MemAvailable:    1316968 kB
SwapTotal:       1048572 kB
SwapFree:        1046268 kB
benchmark_vitis PID=5550
State:	S (sleeping)
VmPeak:	 1042184 kB
VmSize:	  976648 kB
VmRSS:	  180184 kB
VmSwap:	       0 kB
Threads:	7

2021-11-19 18:26:15
2.12 1.48 1.35 1/148 7821
MemTotal:        2033108 kB
MemAvailable:    1316716 kB
SwapTotal:       1048572 kB
SwapFree:        1046268 kB
benchmark_vitis PID=5550
State:	S (sleeping)
VmPeak:	 1042184 kB
VmSize:	  976648 kB
VmRSS:	  180184 kB
VmSwap:	       0 kB
Threads:	7

2021-11-19 18:26:17
2.11 1.48 1.35 1/148 7835
MemTotal:        2033108 kB
MemAvailable:    1316504 kB
SwapTotal:       1048572 kB
SwapFree:        1046268 kB
benchmark_vitis PID=5550
State:	S (sleeping)
VmPeak:	 1042184 kB
VmSize:	  976648 kB
VmRSS:	  180184 kB
VmSwap:	       0 kB
Threads:	7

2021-11-19 18:26:19
2.11 1.48 1.35 1/148 7849
MemTotal:        2033108 kB
MemAvailable:    1316008 kB
SwapTotal:       1048572 kB
SwapFree:        1046268 kB
benchmark_vitis PID=5550
State:	S (sleeping)
VmPeak:	 1042184 kB
VmSize:	  976648 kB
VmRSS:	  180184 kB
VmSwap:	       0 kB
Threads:	7

2021-11-19 18:26:21
2.11 1.48 1.35 1/148 7863
MemTotal:        2033108 kB
MemAvailable:    1316008 kB
SwapTotal:       1048572 kB
SwapFree:        1046268 kB
benchmark_vitis PID=5550
State:	S (sleeping)
VmPeak:	 1042184 kB
VmSize:	  976648 kB
VmRSS:	  180184 kB
VmSwap:	       0 kB
Threads:	7

2021-11-19 18:26:23
2.10 1.49 1.35 1/148 7877
MemTotal:        2033108 kB
MemAvailable:    1315752 kB
SwapTotal:       1048572 kB
SwapFree:        1046268 kB
benchmark_vitis PID=5550
State:	S (sleeping)
VmPeak:	 1042184 kB
VmSize:	  976648 kB
VmRSS:	  180184 kB
VmSwap:	       0 kB
Threads:	7

2021-11-19 18:26:25
2.10 1.49 1.35 1/148 7891
MemTotal:        2033108 kB
MemAvailable:    1315004 kB
SwapTotal:       1048572 kB
SwapFree:        1046268 kB
benchmark_vitis PID=5550
State:	S (sleeping)
VmPeak:	 1042184 kB
VmSize:	  976648 kB
VmRSS:	  180184 kB
VmSwap:	       0 kB
Threads:	7

2021-11-19 18:26:27
2.09 1.50 1.36 1/148 7905
MemTotal:        2033108 kB
MemAvailable:    1314488 kB
SwapTotal:       1048572 kB
SwapFree:        1046268 kB
benchmark_vitis PID=5550
State:	S (sleeping)
VmPeak:	 1042184 kB
VmSize:	  976648 kB
VmRSS:	  180184 kB
VmSwap:	       0 kB
Threads:	7

2021-11-19 18:26:29
2.09 1.50 1.36 1/148 7919
MemTotal:        2033108 kB
MemAvailable:    1314500 kB
SwapTotal:       1048572 kB
SwapFree:        1046268 kB
benchmark_vitis PID=5550
State:	S (sleeping)
VmPeak:	 1042184 kB
VmSize:	  976648 kB
VmRSS:	  180184 kB
VmSwap:	       0 kB
Threads:	7

2021-11-19 18:26:31
2.09 1.50 1.36 1/148 7933
MemTotal:        2033108 kB
MemAvailable:    1314236 kB
SwapTotal:       1048572 kB
SwapFree:        1046268 kB
benchmark_vitis PID=5550
State:	S (sleeping)
VmPeak:	 1042184 kB
VmSize:	  976648 kB
VmRSS:	  180184 kB
VmSwap:	       0 kB
Threads:	7

2021-11-19 18:26:33
2.08 1.51 1.36 1/148 7947
MemTotal:        2033108 kB
MemAvailable:    1313984 kB
SwapTotal:       1048572 kB
SwapFree:        1046268 kB
benchmark_vitis PID=5550
State:	S (sleeping)
VmPeak:	 1042184 kB
VmSize:	  976648 kB
VmRSS:	  180184 kB
VmSwap:	       0 kB
Threads:	7

2021-11-19 18:26:35
2.08 1.51 1.36 1/147 7961
MemTotal:        2033108 kB
MemAvailable:    1313988 kB
SwapTotal:       1048572 kB
SwapFree:        1046268 kB
benchmark_vitis PID=5550
State:	S (sleeping)
VmPeak:	 1042184 kB
VmSize:	  976648 kB
VmRSS:	  180184 kB
VmSwap:	       0 kB
Threads:	7

2021-11-19 18:26:37
2.08 1.52 1.36 1/148 7977
MemTotal:        2033108 kB
MemAvailable:    1313484 kB
SwapTotal:       1048572 kB
SwapFree:        1046268 kB
benchmark_vitis PID=5550
State:	S (sleeping)
VmPeak:	 1042184 kB
VmSize:	  976648 kB
VmRSS:	  180184 kB
VmSwap:	       0 kB
Threads:	7

2021-11-19 18:26:39
2.08 1.52 1.36 1/148 7991
MemTotal:        2033108 kB
MemAvailable:    1313232 kB
SwapTotal:       1048572 kB
SwapFree:        1046268 kB
benchmark_vitis PID=5550
State:	S (sleeping)
VmPeak:	 1042184 kB
VmSize:	  976648 kB
VmRSS:	  180184 kB
VmSwap:	       0 kB
Threads:	7

2021-11-19 18:26:42
2.07 1.53 1.37 1/148 8005
MemTotal:        2033108 kB
MemAvailable:    1312988 kB
SwapTotal:       1048572 kB
SwapFree:        1046268 kB
benchmark_vitis PID=5550
State:	S (sleeping)
VmPeak:	 1042184 kB
VmSize:	  976648 kB
VmRSS:	  180184 kB
VmSwap:	       0 kB
Threads:	7

2021-11-19 18:26:44
2.07 1.53 1.37 1/148 8019
MemTotal:        2033108 kB
MemAvailable:    1312988 kB
SwapTotal:       1048572 kB
SwapFree:        1046268 kB
benchmark_vitis PID=5550
State:	S (sleeping)
VmPeak:	 1042184 kB
VmSize:	  976648 kB
VmRSS:	  180184 kB
VmSwap:	       0 kB
Threads:	7

2021-11-19 18:26:46
2.07 1.53 1.37 1/148 8033
MemTotal:        2033108 kB
MemAvailable:    1312988 kB
SwapTotal:       1048572 kB
SwapFree:        1046268 kB
benchmark_vitis PID=5550
State:	S (sleeping)
VmPeak:	 1042184 kB
VmSize:	  976648 kB
VmRSS:	  180184 kB
VmSwap:	       0 kB
Threads:	7

2021-11-19 18:26:48
2.07 1.54 1.37 1/148 8047
MemTotal:        2033108 kB
MemAvailable:    1313028 kB
SwapTotal:       1048572 kB
SwapFree:        1046268 kB
benchmark_vitis PID=5550
State:	S (sleeping)
VmPeak:	 1042184 kB
VmSize:	  976648 kB
VmRSS:	  180184 kB
VmSwap:	       0 kB
Threads:	7

2021-11-19 18:26:50
2.07 1.54 1.37 1/148 8061
MemTotal:        2033108 kB
MemAvailable:    1313028 kB
SwapTotal:       1048572 kB
SwapFree:        1046268 kB
benchmark_vitis PID=5550
State:	S (sleeping)
VmPeak:	 1042184 kB
VmSize:	  976648 kB
VmRSS:	  180184 kB
VmSwap:	       0 kB
Threads:	7

2021-11-19 18:26:52
2.06 1.54 1.37 1/148 8075
MemTotal:        2033108 kB
MemAvailable:    1312524 kB
SwapTotal:       1048572 kB
SwapFree:        1046268 kB
benchmark_vitis PID=5550
State:	S (sleeping)
VmPeak:	 1042184 kB
VmSize:	  976648 kB
VmRSS:	  180184 kB
VmSwap:	       0 kB
Threads:	7

2021-11-19 18:26:54
2.06 1.54 1.37 1/148 8089
MemTotal:        2033108 kB
MemAvailable:    1312280 kB
SwapTotal:       1048572 kB
SwapFree:        1046268 kB
benchmark_vitis PID=5550
State:	S (sleeping)
VmPeak:	 1042184 kB
VmSize:	  976648 kB
VmRSS:	  180184 kB
VmSwap:	       0 kB
Threads:	7

2021-11-19 18:26:56
2.06 1.54 1.37 1/148 8103
MemTotal:        2033108 kB
MemAvailable:    1312280 kB
SwapTotal:       1048572 kB
SwapFree:        1046268 kB
benchmark_vitis PID=5550
State:	S (sleeping)
VmPeak:	 1042184 kB
VmSize:	  976648 kB
VmRSS:	  180184 kB
VmSwap:	       0 kB
Threads:	7

2021-11-19 18:26:58
2.06 1.55 1.38 1/148 8117
MemTotal:        2033108 kB
MemAvailable:    1312284 kB
SwapTotal:       1048572 kB
SwapFree:        1046268 kB
benchmark_vitis PID=5550
State:	S (sleeping)
VmPeak:	 1042184 kB
VmSize:	  976648 kB
VmRSS:	  180184 kB
VmSwap:	       0 kB
Threads:	7

2021-11-19 18:27:00
2.06 1.55 1.38 1/148 8131
MemTotal:        2033108 kB
MemAvailable:    1313288 kB
SwapTotal:       1048572 kB
SwapFree:        1046268 kB
benchmark_vitis PID=5550
State:	S (sleeping)
VmPeak:	 1042184 kB
VmSize:	  976648 kB
VmRSS:	  180184 kB
VmSwap:	       0 kB
Threads:	7

2021-11-19 18:27:02
2.05 1.56 1.38 1/148 8145
MemTotal:        2033108 kB
MemAvailable:    1323208 kB
SwapTotal:       1048572 kB
SwapFree:        1046268 kB
benchmark_vitis PID=5550
State:	S (sleeping)
VmPeak:	 1042184 kB
VmSize:	  976648 kB
VmRSS:	  180184 kB
VmSwap:	       0 kB
Threads:	7

2021-11-19 18:27:04
2.05 1.56 1.38 1/148 8159
MemTotal:        2033108 kB
MemAvailable:    1322444 kB
SwapTotal:       1048572 kB
SwapFree:        1046268 kB
benchmark_vitis PID=5550
State:	S (sleeping)
VmPeak:	 1042184 kB
VmSize:	  976648 kB
VmRSS:	  180184 kB
VmSwap:	       0 kB
Threads:	7

2021-11-19 18:27:06
2.05 1.56 1.38 1/149 8174
MemTotal:        2033108 kB
MemAvailable:    1320936 kB
SwapTotal:       1048572 kB
SwapFree:        1046268 kB
benchmark_vitis PID=5550
State:	S (sleeping)
VmPeak:	 1042184 kB
VmSize:	  976648 kB
VmRSS:	  180184 kB
VmSwap:	       0 kB
Threads:	7

2021-11-19 18:27:08
2.05 1.57 1.39 1/149 8188
MemTotal:        2033108 kB
MemAvailable:    1319172 kB
SwapTotal:       1048572 kB
SwapFree:        1046268 kB
benchmark_vitis PID=5550
State:	S (sleeping)
VmPeak:	 1042184 kB
VmSize:	  976648 kB
VmRSS:	  180184 kB
VmSwap:	       0 kB
Threads:	7

2021-11-19 18:27:10
2.05 1.57 1.39 1/149 8202
MemTotal:        2033108 kB
MemAvailable:    1317404 kB
SwapTotal:       1048572 kB
SwapFree:        1046268 kB
benchmark_vitis PID=5550
State:	S (sleeping)
VmPeak:	 1042184 kB
VmSize:	  976648 kB
VmRSS:	  180184 kB
VmSwap:	       0 kB
Threads:	7

2021-11-19 18:27:12
2.04 1.57 1.39 1/149 8216
MemTotal:        2033108 kB
MemAvailable:    1315648 kB
SwapTotal:       1048572 kB
SwapFree:        1046268 kB
benchmark_vitis PID=5550
State:	S (sleeping)
VmPeak:	 1042184 kB
VmSize:	  976648 kB
VmRSS:	  180184 kB
VmSwap:	       0 kB
Threads:	7

2021-11-19 18:27:14
2.04 1.57 1.39 1/149 8230
MemTotal:        2033108 kB
MemAvailable:    1313404 kB
SwapTotal:       1048572 kB
SwapFree:        1046268 kB
benchmark_vitis PID=5550
State:	S (sleeping)
VmPeak:	 1042184 kB
VmSize:	  976648 kB
VmRSS:	  180184 kB
VmSwap:	       0 kB
Threads:	7

2021-11-19 18:27:16
2.04 1.57 1.39 1/149 8244
MemTotal:        2033108 kB
MemAvailable:    1311892 kB
SwapTotal:       1048572 kB
SwapFree:        1046268 kB
benchmark_vitis PID=5550
State:	S (sleeping)
VmPeak:	 1042184 kB
VmSize:	  976648 kB
VmRSS:	  180184 kB
VmSwap:	       0 kB
Threads:	7

2021-11-19 18:27:18
2.04 1.58 1.39 1/149 8258
MemTotal:        2033108 kB
MemAvailable:    1309672 kB
SwapTotal:       1048572 kB
SwapFree:        1046268 kB
benchmark_vitis PID=5550
State:	S (sleeping)
VmPeak:	 1042184 kB
VmSize:	  976648 kB
VmRSS:	  180184 kB
VmSwap:	       0 kB
Threads:	7

2021-11-19 18:27:20
2.04 1.58 1.39 1/149 8272
MemTotal:        2033108 kB
MemAvailable:    1307908 kB
SwapTotal:       1048572 kB
SwapFree:        1046268 kB
benchmark_vitis PID=5550
State:	S (sleeping)
VmPeak:	 1042184 kB
VmSize:	  976648 kB
VmRSS:	  180184 kB
VmSwap:	       0 kB
Threads:	7

2021-11-19 18:27:22
2.04 1.59 1.40 1/149 8286
MemTotal:        2033108 kB
MemAvailable:    1306400 kB
SwapTotal:       1048572 kB
SwapFree:        1046268 kB
benchmark_vitis PID=5550
State:	S (sleeping)
VmPeak:	 1042184 kB
VmSize:	  976648 kB
VmRSS:	  180184 kB
VmSwap:	       0 kB
Threads:	7

2021-11-19 18:27:24
2.04 1.59 1.40 1/149 8300
MemTotal:        2033108 kB
MemAvailable:    1305672 kB
SwapTotal:       1048572 kB
SwapFree:        1046268 kB
benchmark_vitis PID=5550
State:	S (sleeping)
VmPeak:	 1042184 kB
VmSize:	  976648 kB
VmRSS:	  180184 kB
VmSwap:	       0 kB
Threads:	7

2021-11-19 18:27:26
2.04 1.59 1.40 1/149 8314
MemTotal:        2033108 kB
MemAvailable:    1304908 kB
SwapTotal:       1048572 kB
SwapFree:        1046268 kB
benchmark_vitis PID=5550
State:	S (sleeping)
VmPeak:	 1042184 kB
VmSize:	  976648 kB
VmRSS:	  180184 kB
VmSwap:	       0 kB
Threads:	7

2021-11-19 18:27:28
2.11 1.61 1.40 1/149 8328
MemTotal:        2033108 kB
MemAvailable:    1304412 kB
SwapTotal:       1048572 kB
SwapFree:        1046268 kB
benchmark_vitis PID=5550
State:	S (sleeping)
VmPeak:	 1042184 kB
VmSize:	  976648 kB
VmRSS:	  180184 kB
VmSwap:	       0 kB
Threads:	7

2021-11-19 18:27:30
2.11 1.61 1.40 1/149 8342
MemTotal:        2033108 kB
MemAvailable:    1303956 kB
SwapTotal:       1048572 kB
SwapFree:        1046268 kB
benchmark_vitis PID=5550
State:	S (sleeping)
VmPeak:	 1042184 kB
VmSize:	  976648 kB
VmRSS:	  180184 kB
VmSwap:	       0 kB
Threads:	7

2021-11-19 18:27:32
2.10 1.62 1.41 1/149 8356
MemTotal:        2033108 kB
MemAvailable:    1303960 kB
SwapTotal:       1048572 kB
SwapFree:        1046268 kB
benchmark_vitis PID=5550
State:	S (sleeping)
VmPeak:	 1042184 kB
VmSize:	  976648 kB
VmRSS:	  180184 kB
VmSwap:	       0 kB
Threads:	7

2021-11-19 18:27:35
2.10 1.62 1.41 1/149 8370
MemTotal:        2033108 kB
MemAvailable:    1303728 kB
SwapTotal:       1048572 kB
SwapFree:        1046268 kB
benchmark_vitis PID=5550
State:	S (sleeping)
VmPeak:	 1042184 kB
VmSize:	  976648 kB
VmRSS:	  180184 kB
VmSwap:	       0 kB
Threads:	7

2021-11-19 18:27:37
2.10 1.62 1.41 1/149 8384
MemTotal:        2033108 kB
MemAvailable:    1304228 kB
SwapTotal:       1048572 kB
SwapFree:        1046268 kB
benchmark_vitis PID=5550
State:	S (sleeping)
VmPeak:	 1042184 kB
VmSize:	  976648 kB
VmRSS:	  180184 kB
VmSwap:	       0 kB
Threads:	7

2021-11-19 18:27:39
2.10 1.62 1.41 1/149 8399
MemTotal:        2033108 kB
MemAvailable:    1303972 kB
SwapTotal:       1048572 kB
SwapFree:        1046268 kB
benchmark_vitis PID=5550
State:	S (sleeping)
VmPeak:	 1042184 kB
VmSize:	  976648 kB
VmRSS:	  180184 kB
VmSwap:	       0 kB
Threads:	7

2021-11-19 18:27:41
2.10 1.62 1.41 1/149 8413
MemTotal:        2033108 kB
MemAvailable:    1303980 kB
SwapTotal:       1048572 kB
SwapFree:        1046268 kB
benchmark_vitis PID=5550
State:	S (sleeping)
VmPeak:	 1042184 kB
VmSize:	  976648 kB
VmRSS:	  180184 kB
VmSwap:	       0 kB
Threads:	7

2021-11-19 18:27:43
2.09 1.63 1.41 1/149 8427
MemTotal:        2033108 kB
MemAvailable:    1304232 kB
SwapTotal:       1048572 kB
SwapFree:        1046268 kB
benchmark_vitis PID=5550
State:	S (sleeping)
VmPeak:	 1042184 kB
VmSize:	  976648 kB
VmRSS:	  180184 kB
VmSwap:	       0 kB
Threads:	7

2021-11-19 18:27:45
2.09 1.63 1.41 1/149 8441
MemTotal:        2033108 kB
MemAvailable:    1304228 kB
SwapTotal:       1048572 kB
SwapFree:        1046268 kB
benchmark_vitis PID=5550
State:	S (sleeping)
VmPeak:	 1042184 kB
VmSize:	  976648 kB
VmRSS:	  180184 kB
VmSwap:	       0 kB
Threads:	7

2021-11-19 18:27:47
2.08 1.64 1.42 2/149 8455
MemTotal:        2033108 kB
MemAvailable:    1304264 kB
SwapTotal:       1048572 kB
SwapFree:        1046268 kB
benchmark_vitis PID=5550
State:	S (sleeping)
VmPeak:	 1042184 kB
VmSize:	  976648 kB
VmRSS:	  180184 kB
VmSwap:	       0 kB
Threads:	7

2021-11-19 18:27:49
2.08 1.64 1.42 1/149 8469
MemTotal:        2033108 kB
MemAvailable:    1304564 kB
SwapTotal:       1048572 kB
SwapFree:        1046268 kB
benchmark_vitis PID=5550
State:	S (sleeping)
VmPeak:	 1042184 kB
VmSize:	  976648 kB
VmRSS:	  180184 kB
VmSwap:	       0 kB
Threads:	7

2021-11-19 18:27:51
2.08 1.64 1.42 1/149 8483
MemTotal:        2033108 kB
MemAvailable:    1304312 kB
SwapTotal:       1048572 kB
SwapFree:        1046268 kB
benchmark_vitis PID=5550
State:	S (sleeping)
VmPeak:	 1042184 kB
VmSize:	  976648 kB
VmRSS:	  180184 kB
VmSwap:	       0 kB
Threads:	7

2021-11-19 18:27:53
2.07 1.64 1.42 2/149 8497
MemTotal:        2033108 kB
MemAvailable:    1304576 kB
SwapTotal:       1048572 kB
SwapFree:        1046268 kB
benchmark_vitis PID=5550
State:	S (sleeping)
VmPeak:	 1042184 kB
VmSize:	  976648 kB
VmRSS:	  180184 kB
VmSwap:	       0 kB
Threads:	7

2021-11-19 18:27:55
2.07 1.64 1.42 1/149 8511
MemTotal:        2033108 kB
MemAvailable:    1304320 kB
SwapTotal:       1048572 kB
SwapFree:        1046268 kB
benchmark_vitis PID=5550
State:	S (sleeping)
VmPeak:	 1042184 kB
VmSize:	  976648 kB
VmRSS:	  180184 kB
VmSwap:	       0 kB
Threads:	7

2021-11-19 18:27:57
2.07 1.65 1.42 1/149 8525
MemTotal:        2033108 kB
MemAvailable:    1304064 kB
SwapTotal:       1048572 kB
SwapFree:        1046268 kB
benchmark_vitis PID=5550
State:	S (sleeping)
VmPeak:	 1042184 kB
VmSize:	  976648 kB
VmRSS:	  180184 kB
VmSwap:	       0 kB
Threads:	7

2021-11-19 18:27:59
2.07 1.65 1.42 1/149 8539
MemTotal:        2033108 kB
MemAvailable:    1304072 kB
SwapTotal:       1048572 kB
SwapFree:        1046268 kB
benchmark_vitis PID=5550
State:	S (sleeping)
VmPeak:	 1042184 kB
VmSize:	  976648 kB
VmRSS:	  180184 kB
VmSwap:	       0 kB
Threads:	7

2021-11-19 18:28:01
2.07 1.65 1.42 1/149 8553
MemTotal:        2033108 kB
MemAvailable:    1322820 kB
SwapTotal:       1048572 kB
SwapFree:        1046268 kB
benchmark_vitis PID=5550
State:	S (sleeping)
VmPeak:	 1042184 kB
VmSize:	  976648 kB
VmRSS:	  180184 kB
VmSwap:	       0 kB
Threads:	7

2021-11-19 18:28:03
2.06 1.66 1.43 1/149 8567
MemTotal:        2033108 kB
MemAvailable:    1321828 kB
SwapTotal:       1048572 kB
SwapFree:        1046268 kB
benchmark_vitis PID=5550
State:	S (sleeping)
VmPeak:	 1042184 kB
VmSize:	  976648 kB
VmRSS:	  180184 kB
VmSwap:	       0 kB
Threads:	7

2021-11-19 18:28:05
2.06 1.66 1.43 1/149 8581
MemTotal:        2033108 kB
MemAvailable:    1320576 kB
SwapTotal:       1048572 kB
SwapFree:        1046268 kB
benchmark_vitis PID=5550
State:	S (sleeping)
VmPeak:	 1042184 kB
VmSize:	  976648 kB
VmRSS:	  180184 kB
VmSwap:	       0 kB
Threads:	7

2021-11-19 18:28:07
2.06 1.66 1.43 1/149 8595
MemTotal:        2033108 kB
MemAvailable:    1319304 kB
SwapTotal:       1048572 kB
SwapFree:        1046268 kB
benchmark_vitis PID=5550
State:	S (sleeping)
VmPeak:	 1042184 kB
VmSize:	  976648 kB
VmRSS:	  180184 kB
VmSwap:	       0 kB
Threads:	7

2021-11-19 18:28:09
2.06 1.66 1.43 1/149 8609
MemTotal:        2033108 kB
MemAvailable:    1317540 kB
SwapTotal:       1048572 kB
SwapFree:        1046268 kB
benchmark_vitis PID=5550
State:	S (sleeping)
VmPeak:	 1042184 kB
VmSize:	  976648 kB
VmRSS:	  180184 kB
VmSwap:	       0 kB
Threads:	7

2021-11-19 18:28:11
2.06 1.66 1.43 1/149 8623
MemTotal:        2033108 kB
MemAvailable:    1316276 kB
SwapTotal:       1048572 kB
SwapFree:        1046268 kB
benchmark_vitis PID=5550
State:	S (sleeping)
VmPeak:	 1042184 kB
VmSize:	  976648 kB
VmRSS:	  180184 kB
VmSwap:	       0 kB
Threads:	7

2021-11-19 18:28:13
2.05 1.67 1.43 1/149 8637
MemTotal:        2033108 kB
MemAvailable:    1315268 kB
SwapTotal:       1048572 kB
SwapFree:        1046268 kB
benchmark_vitis PID=5550
State:	S (sleeping)
VmPeak:	 1042184 kB
VmSize:	  976648 kB
VmRSS:	  180184 kB
VmSwap:	       0 kB
Threads:	7

2021-11-19 18:28:15
2.05 1.67 1.43 1/149 8651
MemTotal:        2033108 kB
MemAvailable:    1313252 kB
SwapTotal:       1048572 kB
SwapFree:        1046268 kB
benchmark_vitis PID=5550
State:	S (sleeping)
VmPeak:	 1042184 kB
VmSize:	  976648 kB
VmRSS:	  180184 kB
VmSwap:	       0 kB
Threads:	7

2021-11-19 18:28:17
2.05 1.67 1.44 1/149 8665
MemTotal:        2033108 kB
MemAvailable:    1311744 kB
SwapTotal:       1048572 kB
SwapFree:        1046268 kB
benchmark_vitis PID=5550
State:	S (sleeping)
VmPeak:	 1042184 kB
VmSize:	  976648 kB
VmRSS:	  180184 kB
VmSwap:	       0 kB
Threads:	7

2021-11-19 18:28:19
2.05 1.67 1.44 1/149 8679
MemTotal:        2033108 kB
MemAvailable:    1311024 kB
SwapTotal:       1048572 kB
SwapFree:        1046268 kB
benchmark_vitis PID=5550
State:	S (sleeping)
VmPeak:	 1042184 kB
VmSize:	  976648 kB
VmRSS:	  180184 kB
VmSwap:	       0 kB
Threads:	7

2021-11-19 18:28:21
2.05 1.67 1.44 1/149 8693
MemTotal:        2033108 kB
MemAvailable:    1310784 kB
SwapTotal:       1048572 kB
SwapFree:        1046268 kB
benchmark_vitis PID=5550
State:	S (sleeping)
VmPeak:	 1042184 kB
VmSize:	  976648 kB
VmRSS:	  180184 kB
VmSwap:	       0 kB
Threads:	7

2021-11-19 18:28:23
2.12 1.70 1.45 1/149 8707
MemTotal:        2033108 kB
MemAvailable:    1310548 kB
SwapTotal:       1048572 kB
SwapFree:        1046268 kB
benchmark_vitis PID=5550
State:	S (sleeping)
VmPeak:	 1042184 kB
VmSize:	  976648 kB
VmRSS:	  180184 kB
VmSwap:	       0 kB
Threads:	7

2021-11-19 18:28:26
2.12 1.70 1.45 1/149 8721
MemTotal:        2033108 kB
MemAvailable:    1310800 kB
SwapTotal:       1048572 kB
SwapFree:        1046268 kB
benchmark_vitis PID=5550
State:	S (sleeping)
VmPeak:	 1042184 kB
VmSize:	  976648 kB
VmRSS:	  180184 kB
VmSwap:	       0 kB
Threads:	7

2021-11-19 18:28:28
2.11 1.70 1.45 1/149 8735
MemTotal:        2033108 kB
MemAvailable:    1311564 kB
SwapTotal:       1048572 kB
SwapFree:        1046268 kB
benchmark_vitis PID=5550
State:	S (sleeping)
VmPeak:	 1042184 kB
VmSize:	  976648 kB
VmRSS:	  180184 kB
VmSwap:	       0 kB
Threads:	7

2021-11-19 18:28:30
2.11 1.70 1.45 1/150 8750
MemTotal:        2033108 kB
MemAvailable:    1311812 kB
SwapTotal:       1048572 kB
SwapFree:        1046268 kB
benchmark_vitis PID=5550
State:	S (sleeping)
VmPeak:	 1042184 kB
VmSize:	  976648 kB
VmRSS:	  180184 kB
VmSwap:	       0 kB
Threads:	7

2021-11-19 18:28:32
2.10 1.71 1.45 1/150 8764
MemTotal:        2033108 kB
MemAvailable:    1311812 kB
SwapTotal:       1048572 kB
SwapFree:        1046268 kB
benchmark_vitis PID=5550
State:	S (sleeping)
VmPeak:	 1042184 kB
VmSize:	  976648 kB
VmRSS:	  180184 kB
VmSwap:	       0 kB
Threads:	7

2021-11-19 18:28:34
2.10 1.71 1.45 1/150 8778
MemTotal:        2033108 kB
MemAvailable:    1312564 kB
SwapTotal:       1048572 kB
SwapFree:        1046268 kB
benchmark_vitis PID=5550
State:	S (sleeping)
VmPeak:	 1042184 kB
VmSize:	  976648 kB
VmRSS:	  180184 kB
VmSwap:	       0 kB
Threads:	7

2021-11-19 18:28:36
2.10 1.71 1.45 1/150 8792
MemTotal:        2033108 kB
MemAvailable:    1312316 kB
SwapTotal:       1048572 kB
SwapFree:        1046268 kB
benchmark_vitis PID=5550
State:	S (sleeping)
VmPeak:	 1042184 kB
VmSize:	  976648 kB
VmRSS:	  180184 kB
VmSwap:	       0 kB
Threads:	7

2021-11-19 18:28:38
2.10 1.71 1.46 1/150 8807
MemTotal:        2033108 kB
MemAvailable:    1311808 kB
SwapTotal:       1048572 kB
SwapFree:        1046268 kB
benchmark_vitis PID=5550
State:	S (sleeping)
VmPeak:	 1042184 kB
VmSize:	  976648 kB
VmRSS:	  180184 kB
VmSwap:	       0 kB
Threads:	7

2021-11-19 18:28:40
2.10 1.71 1.46 1/150 8821
MemTotal:        2033108 kB
MemAvailable:    1311808 kB
SwapTotal:       1048572 kB
SwapFree:        1046268 kB
benchmark_vitis PID=5550
State:	S (sleeping)
VmPeak:	 1042184 kB
VmSize:	  976648 kB
VmRSS:	  180184 kB
VmSwap:	       0 kB
Threads:	7

2021-11-19 18:28:42
2.09 1.72 1.46 1/150 8835
MemTotal:        2033108 kB
MemAvailable:    1310044 kB
SwapTotal:       1048572 kB
SwapFree:        1046268 kB
benchmark_vitis PID=5550
State:	S (sleeping)
VmPeak:	 1042184 kB
VmSize:	  976648 kB
VmRSS:	  180184 kB
VmSwap:	       0 kB
Threads:	7

2021-11-19 18:28:44
2.09 1.72 1.46 1/150 8849
MemTotal:        2033108 kB
MemAvailable:    1309032 kB
SwapTotal:       1048572 kB
SwapFree:        1046268 kB
benchmark_vitis PID=5550
State:	S (sleeping)
VmPeak:	 1042184 kB
VmSize:	  976648 kB
VmRSS:	  180184 kB
VmSwap:	       0 kB
Threads:	7

2021-11-19 18:28:46
2.09 1.72 1.46 1/150 8863
MemTotal:        2033108 kB
MemAvailable:    1307780 kB
SwapTotal:       1048572 kB
SwapFree:        1046268 kB
benchmark_vitis PID=5550
State:	S (sleeping)
VmPeak:	 1042184 kB
VmSize:	  976648 kB
VmRSS:	  180184 kB
VmSwap:	       0 kB
Threads:	7

2021-11-19 18:28:48
2.08 1.72 1.46 1/150 8877
MemTotal:        2033108 kB
MemAvailable:    1307056 kB
SwapTotal:       1048572 kB
SwapFree:        1046268 kB
benchmark_vitis PID=5550
State:	S (sleeping)
VmPeak:	 1042184 kB
VmSize:	  976648 kB
VmRSS:	  180184 kB
VmSwap:	       0 kB
Threads:	7

2021-11-19 18:28:50
2.08 1.72 1.46 1/150 8894
MemTotal:        2033108 kB
MemAvailable:    1307320 kB
SwapTotal:       1048572 kB
SwapFree:        1046268 kB
benchmark_vitis PID=5550
State:	S (sleeping)
VmPeak:	 1042184 kB
VmSize:	  976648 kB
VmRSS:	  180184 kB
VmSwap:	       0 kB
Threads:	7

2021-11-19 18:28:52
2.07 1.73 1.47 1/150 8908
MemTotal:        2033108 kB
MemAvailable:    1306564 kB
SwapTotal:       1048572 kB
SwapFree:        1046268 kB
benchmark_vitis PID=5550
State:	S (sleeping)
VmPeak:	 1042184 kB
VmSize:	  976648 kB
VmRSS:	  180184 kB
VmSwap:	       0 kB
Threads:	7

2021-11-19 18:28:54
2.07 1.73 1.47 1/150 8922
MemTotal:        2033108 kB
MemAvailable:    1306060 kB
SwapTotal:       1048572 kB
SwapFree:        1046268 kB
benchmark_vitis PID=5550
State:	S (sleeping)
VmPeak:	 1042184 kB
VmSize:	  976648 kB
VmRSS:	  180184 kB
VmSwap:	       0 kB
Threads:	7

2021-11-19 18:28:56
2.07 1.73 1.47 1/150 8936
MemTotal:        2033108 kB
MemAvailable:    1306048 kB
SwapTotal:       1048572 kB
SwapFree:        1046268 kB
benchmark_vitis PID=5550
State:	S (sleeping)
VmPeak:	 1042184 kB
VmSize:	  976648 kB
VmRSS:	  180184 kB
VmSwap:	       0 kB
Threads:	7

2021-11-19 18:28:58
2.07 1.73 1.47 1/150 8950
MemTotal:        2033108 kB
MemAvailable:    1305808 kB
SwapTotal:       1048572 kB
SwapFree:        1046268 kB
benchmark_vitis PID=5550
State:	S (sleeping)
VmPeak:	 1042184 kB
VmSize:	  976648 kB
VmRSS:	  180184 kB
VmSwap:	       0 kB
Threads:	7

2021-11-19 18:29:00
2.07 1.73 1.47 1/150 8964
MemTotal:        2033108 kB
MemAvailable:    1305796 kB
SwapTotal:       1048572 kB
SwapFree:        1046268 kB
benchmark_vitis PID=5550
State:	S (sleeping)
VmPeak:	 1042184 kB
VmSize:	  976648 kB
VmRSS:	  180184 kB
VmSwap:	       0 kB
Threads:	7

2021-11-19 18:29:02
2.06 1.74 1.47 1/150 8978
MemTotal:        2033108 kB
MemAvailable:    1323268 kB
SwapTotal:       1048572 kB
SwapFree:        1046268 kB
benchmark_vitis PID=5550
State:	S (sleeping)
VmPeak:	 1042184 kB
VmSize:	  976648 kB
VmRSS:	  180184 kB
VmSwap:	       0 kB
Threads:	7

2021-11-19 18:29:04
2.06 1.74 1.47 1/150 8992
MemTotal:        2033108 kB
MemAvailable:    1321752 kB
SwapTotal:       1048572 kB
SwapFree:        1046268 kB
benchmark_vitis PID=5550
State:	S (sleeping)
VmPeak:	 1042184 kB
VmSize:	  976648 kB
VmRSS:	  180184 kB
VmSwap:	       0 kB
Threads:	7

2021-11-19 18:29:06
2.06 1.74 1.47 1/150 9006
MemTotal:        2033108 kB
MemAvailable:    1320996 kB
SwapTotal:       1048572 kB
SwapFree:        1046268 kB
benchmark_vitis PID=5550
State:	S (sleeping)
VmPeak:	 1042184 kB
VmSize:	  976648 kB
VmRSS:	  180184 kB
VmSwap:	       0 kB
Threads:	7

2021-11-19 18:29:08
2.06 1.74 1.47 1/150 9020
MemTotal:        2033108 kB
MemAvailable:    1319512 kB
SwapTotal:       1048572 kB
SwapFree:        1046268 kB
benchmark_vitis PID=5550
State:	S (sleeping)
VmPeak:	 1042184 kB
VmSize:	  976648 kB
VmRSS:	  180184 kB
VmSwap:	       0 kB
Threads:	7

2021-11-19 18:29:10
2.06 1.74 1.47 1/150 9034
MemTotal:        2033108 kB
MemAvailable:    1318260 kB
SwapTotal:       1048572 kB
SwapFree:        1046268 kB
benchmark_vitis PID=5550
State:	S (sleeping)
VmPeak:	 1042184 kB
VmSize:	  976648 kB
VmRSS:	  180184 kB
VmSwap:	       0 kB
Threads:	7

2021-11-19 18:29:12
2.05 1.75 1.48 1/150 9048
MemTotal:        2033108 kB
MemAvailable:    1317504 kB
SwapTotal:       1048572 kB
SwapFree:        1046268 kB
benchmark_vitis PID=5550
State:	S (sleeping)
VmPeak:	 1042184 kB
VmSize:	  976648 kB
VmRSS:	  180184 kB
VmSwap:	       0 kB
Threads:	7

2021-11-19 18:29:14
2.05 1.75 1.48 1/150 9062
MemTotal:        2033108 kB
MemAvailable:    1317512 kB
SwapTotal:       1048572 kB
SwapFree:        1046268 kB
benchmark_vitis PID=5550
State:	S (sleeping)
VmPeak:	 1042184 kB
VmSize:	  976648 kB
VmRSS:	  180184 kB
VmSwap:	       0 kB
Threads:	7

2021-11-19 18:29:17
2.05 1.75 1.48 1/150 9076
MemTotal:        2033108 kB
MemAvailable:    1317508 kB
SwapTotal:       1048572 kB
SwapFree:        1046268 kB
benchmark_vitis PID=5550
State:	S (sleeping)
VmPeak:	 1042184 kB
VmSize:	  976648 kB
VmRSS:	  180184 kB
VmSwap:	       0 kB
Threads:	7

2021-11-19 18:29:19
2.05 1.75 1.48 1/150 9090
MemTotal:        2033108 kB
MemAvailable:    1317064 kB
SwapTotal:       1048572 kB
SwapFree:        1046268 kB
benchmark_vitis PID=5550
State:	S (sleeping)
VmPeak:	 1042184 kB
VmSize:	  976648 kB
VmRSS:	  180184 kB
VmSwap:	       0 kB
Threads:	7

2021-11-19 18:29:21
2.05 1.75 1.48 1/150 9104
MemTotal:        2033108 kB
MemAvailable:    1316820 kB
SwapTotal:       1048572 kB
SwapFree:        1046268 kB
benchmark_vitis PID=5550
State:	S (sleeping)
VmPeak:	 1042184 kB
VmSize:	  976648 kB
VmRSS:	  180184 kB
VmSwap:	       0 kB
Threads:	7

2021-11-19 18:29:23
2.04 1.75 1.48 1/150 9118
MemTotal:        2033108 kB
MemAvailable:    1316068 kB
SwapTotal:       1048572 kB
SwapFree:        1046268 kB
benchmark_vitis PID=5550
State:	S (sleeping)
VmPeak:	 1042184 kB
VmSize:	  976648 kB
VmRSS:	  180184 kB
VmSwap:	       0 kB
Threads:	7

2021-11-19 18:29:25
2.04 1.75 1.48 1/150 9132
MemTotal:        2033108 kB
MemAvailable:    1315304 kB
SwapTotal:       1048572 kB
SwapFree:        1046268 kB
benchmark_vitis PID=5550
State:	S (sleeping)
VmPeak:	 1042184 kB
VmSize:	  976648 kB
VmRSS:	  180184 kB
VmSwap:	       0 kB
Threads:	7

2021-11-19 18:29:27
2.04 1.76 1.49 1/150 9146
MemTotal:        2033108 kB
MemAvailable:    1314560 kB
SwapTotal:       1048572 kB
SwapFree:        1046268 kB
benchmark_vitis PID=5550
State:	S (sleeping)
VmPeak:	 1042184 kB
VmSize:	  976648 kB
VmRSS:	  180184 kB
VmSwap:	       0 kB
Threads:	7

2021-11-19 18:29:29
2.04 1.76 1.49 1/150 9160
MemTotal:        2033108 kB
MemAvailable:    1313540 kB
SwapTotal:       1048572 kB
SwapFree:        1046268 kB
benchmark_vitis PID=5550
State:	S (sleeping)
VmPeak:	 1042184 kB
VmSize:	  976648 kB
VmRSS:	  180184 kB
VmSwap:	       0 kB
Threads:	7

2021-11-19 18:29:31
2.04 1.76 1.49 1/150 9174
MemTotal:        2033108 kB
MemAvailable:    1312280 kB
SwapTotal:       1048572 kB
SwapFree:        1046268 kB
benchmark_vitis PID=5550
State:	S (sleeping)
VmPeak:	 1042184 kB
VmSize:	  976648 kB
VmRSS:	  180184 kB
VmSwap:	       0 kB
Threads:	7

2021-11-19 18:29:33
2.04 1.76 1.49 1/150 9188
MemTotal:        2033108 kB
MemAvailable:    1311772 kB
SwapTotal:       1048572 kB
SwapFree:        1046268 kB
benchmark_vitis PID=5550
State:	S (sleeping)
VmPeak:	 1042184 kB
VmSize:	  976648 kB
VmRSS:	  180184 kB
VmSwap:	       0 kB
Threads:	7

2021-11-19 18:29:35
2.04 1.76 1.49 1/150 9202
MemTotal:        2033108 kB
MemAvailable:    1310764 kB
SwapTotal:       1048572 kB
SwapFree:        1046268 kB
benchmark_vitis PID=5550
State:	S (sleeping)
VmPeak:	 1042184 kB
VmSize:	  976648 kB
VmRSS:	  180184 kB
VmSwap:	       0 kB
Threads:	7

2021-11-19 18:29:37
2.03 1.77 1.49 1/150 9217
MemTotal:        2033108 kB
MemAvailable:    1309996 kB
SwapTotal:       1048572 kB
SwapFree:        1046268 kB
benchmark_vitis PID=5550
State:	S (sleeping)
VmPeak:	 1042184 kB
VmSize:	  976648 kB
VmRSS:	  180184 kB
VmSwap:	       0 kB
Threads:	7

2021-11-19 18:29:39
2.03 1.77 1.49 1/150 9231
MemTotal:        2033108 kB
MemAvailable:    1308744 kB
SwapTotal:       1048572 kB
SwapFree:        1046268 kB
benchmark_vitis PID=5550
State:	S (sleeping)
VmPeak:	 1042184 kB
VmSize:	  976648 kB
VmRSS:	  180184 kB
VmSwap:	       0 kB
Threads:	7

2021-11-19 18:29:41
2.03 1.77 1.49 1/150 9245
MemTotal:        2033108 kB
MemAvailable:    1307984 kB
SwapTotal:       1048572 kB
SwapFree:        1046268 kB
benchmark_vitis PID=5550
State:	S (sleeping)
VmPeak:	 1042184 kB
VmSize:	  976648 kB
VmRSS:	  180184 kB
VmSwap:	       0 kB
Threads:	7

2021-11-19 18:29:43
2.03 1.77 1.50 1/150 9259
MemTotal:        2033108 kB
MemAvailable:    1307984 kB
SwapTotal:       1048572 kB
SwapFree:        1046268 kB
benchmark_vitis PID=5550
State:	S (sleeping)
VmPeak:	 1042184 kB
VmSize:	  976648 kB
VmRSS:	  180184 kB
VmSwap:	       0 kB
Threads:	7

2021-11-19 18:29:45
2.03 1.77 1.50 1/150 9273
MemTotal:        2033108 kB
MemAvailable:    1308244 kB
SwapTotal:       1048572 kB
SwapFree:        1046268 kB
benchmark_vitis PID=5550
State:	S (sleeping)
VmPeak:	 1042184 kB
VmSize:	  976648 kB
VmRSS:	  180184 kB
VmSwap:	       0 kB
Threads:	7

2021-11-19 18:29:47
2.03 1.77 1.50 1/150 9287
MemTotal:        2033108 kB
MemAvailable:    1308500 kB
SwapTotal:       1048572 kB
SwapFree:        1046268 kB
benchmark_vitis PID=5550
State:	S (sleeping)
VmPeak:	 1042184 kB
VmSize:	  976648 kB
VmRSS:	  180184 kB
VmSwap:	       0 kB
Threads:	7

2021-11-19 18:29:49
2.03 1.77 1.50 1/150 9301
MemTotal:        2033108 kB
MemAvailable:    1309540 kB
SwapTotal:       1048572 kB
SwapFree:        1046268 kB
benchmark_vitis PID=5550
State:	S (sleeping)
VmPeak:	 1042184 kB
VmSize:	  976648 kB
VmRSS:	  180184 kB
VmSwap:	       0 kB
Threads:	7

2021-11-19 18:29:51
2.03 1.77 1.50 1/150 9315
MemTotal:        2033108 kB
MemAvailable:    1309052 kB
SwapTotal:       1048572 kB
SwapFree:        1046268 kB
benchmark_vitis PID=5550
State:	S (sleeping)
VmPeak:	 1042184 kB
VmSize:	  976648 kB
VmRSS:	  180184 kB
VmSwap:	       0 kB
Threads:	7

2021-11-19 18:29:53
2.02 1.78 1.50 1/150 9329
MemTotal:        2033108 kB
MemAvailable:    1309560 kB
SwapTotal:       1048572 kB
SwapFree:        1046268 kB
benchmark_vitis PID=5550
State:	S (sleeping)
VmPeak:	 1042184 kB
VmSize:	  976648 kB
VmRSS:	  180184 kB
VmSwap:	       0 kB
Threads:	7

2021-11-19 18:29:55
2.02 1.78 1.50 1/150 9343
MemTotal:        2033108 kB
MemAvailable:    1309560 kB
SwapTotal:       1048572 kB
SwapFree:        1046268 kB
benchmark_vitis PID=5550
State:	S (sleeping)
VmPeak:	 1042184 kB
VmSize:	  976648 kB
VmRSS:	  180184 kB
VmSwap:	       0 kB
Threads:	7

2021-11-19 18:29:57
2.02 1.78 1.50 1/150 9357
MemTotal:        2033108 kB
MemAvailable:    1309060 kB
SwapTotal:       1048572 kB
SwapFree:        1046268 kB
benchmark_vitis PID=5550
State:	S (sleeping)
VmPeak:	 1042184 kB
VmSize:	  976648 kB
VmRSS:	  180184 kB
VmSwap:	       0 kB
Threads:	7

2021-11-19 18:29:59
2.02 1.78 1.50 1/150 9371
MemTotal:        2033108 kB
MemAvailable:    1308556 kB
SwapTotal:       1048572 kB
SwapFree:        1046268 kB
benchmark_vitis PID=5550
State:	S (sleeping)
VmPeak:	 1042184 kB
VmSize:	  976648 kB
VmRSS:	  180184 kB
VmSwap:	       0 kB
Threads:	7

2021-11-19 18:30:01
2.02 1.78 1.50 1/150 9385
MemTotal:        2033108 kB
MemAvailable:    1323484 kB
SwapTotal:       1048572 kB
SwapFree:        1046268 kB
benchmark_vitis PID=5550
State:	S (sleeping)
VmPeak:	 1042184 kB
VmSize:	  976648 kB
VmRSS:	  180184 kB
VmSwap:	       0 kB
Threads:	7

2021-11-19 18:30:03
2.02 1.79 1.51 1/150 9399
MemTotal:        2033108 kB
MemAvailable:    1321216 kB
SwapTotal:       1048572 kB
SwapFree:        1046268 kB
benchmark_vitis PID=5550
State:	S (sleeping)
VmPeak:	 1042184 kB
VmSize:	  976648 kB
VmRSS:	  180184 kB
VmSwap:	       0 kB
Threads:	7

2021-11-19 18:30:05
2.02 1.79 1.51 1/150 9413
MemTotal:        2033108 kB
MemAvailable:    1320196 kB
SwapTotal:       1048572 kB
SwapFree:        1046268 kB
benchmark_vitis PID=5550
State:	S (sleeping)
VmPeak:	 1042184 kB
VmSize:	  976648 kB
VmRSS:	  180184 kB
VmSwap:	       0 kB
Threads:	7

2021-11-19 18:30:07
2.02 1.79 1.51 1/150 9427
MemTotal:        2033108 kB
MemAvailable:    1319196 kB
SwapTotal:       1048572 kB
SwapFree:        1046268 kB
benchmark_vitis PID=5550
State:	S (sleeping)
VmPeak:	 1042184 kB
VmSize:	  976648 kB
VmRSS:	  180184 kB
VmSwap:	       0 kB
Threads:	7

2021-11-19 18:30:10
2.02 1.79 1.51 1/150 9441
MemTotal:        2033108 kB
MemAvailable:    1318428 kB
SwapTotal:       1048572 kB
SwapFree:        1046268 kB
benchmark_vitis PID=5550
State:	S (sleeping)
VmPeak:	 1042184 kB
VmSize:	  976648 kB
VmRSS:	  180184 kB
VmSwap:	       0 kB
Threads:	7

2021-11-19 18:30:12
2.02 1.79 1.51 1/150 9455
MemTotal:        2033108 kB
MemAvailable:    1318428 kB
SwapTotal:       1048572 kB
SwapFree:        1046268 kB
benchmark_vitis PID=5550
State:	S (sleeping)
VmPeak:	 1042184 kB
VmSize:	  976648 kB
VmRSS:	  180184 kB
VmSwap:	       0 kB
Threads:	7

2021-11-19 18:30:14
2.02 1.79 1.51 1/150 9469
MemTotal:        2033108 kB
MemAvailable:    1316924 kB
SwapTotal:       1048572 kB
SwapFree:        1046268 kB
benchmark_vitis PID=5550
State:	S (sleeping)
VmPeak:	 1042184 kB
VmSize:	  976648 kB
VmRSS:	  180184 kB
VmSwap:	       0 kB
Threads:	7

2021-11-19 18:30:16
2.02 1.79 1.51 1/150 9483
MemTotal:        2033108 kB
MemAvailable:    1315444 kB
SwapTotal:       1048572 kB
SwapFree:        1046268 kB
benchmark_vitis PID=5550
State:	S (sleeping)
VmPeak:	 1042184 kB
VmSize:	  976648 kB
VmRSS:	  180184 kB
VmSwap:	       0 kB
Threads:	7

2021-11-19 18:30:18
2.02 1.80 1.52 1/150 9497
MemTotal:        2033108 kB
MemAvailable:    1315188 kB
SwapTotal:       1048572 kB
SwapFree:        1046268 kB
benchmark_vitis PID=5550
State:	S (sleeping)
VmPeak:	 1042184 kB
VmSize:	  976648 kB
VmRSS:	  180184 kB
VmSwap:	       0 kB
Threads:	7

2021-11-19 18:30:20
2.02 1.80 1.52 1/150 9511
MemTotal:        2033108 kB
MemAvailable:    1313976 kB
SwapTotal:       1048572 kB
SwapFree:        1046268 kB
benchmark_vitis PID=5550
State:	S (sleeping)
VmPeak:	 1042184 kB
VmSize:	  976648 kB
VmRSS:	  180184 kB
VmSwap:	       0 kB
Threads:	7

2021-11-19 18:30:22
2.01 1.80 1.52 1/150 9525
MemTotal:        2033108 kB
MemAvailable:    1312972 kB
SwapTotal:       1048572 kB
SwapFree:        1046268 kB
benchmark_vitis PID=5550
State:	S (sleeping)
VmPeak:	 1042184 kB
VmSize:	  976648 kB
VmRSS:	  180184 kB
VmSwap:	       0 kB
Threads:	7

2021-11-19 18:30:24
2.01 1.80 1.52 1/150 9539
MemTotal:        2033108 kB
MemAvailable:    1311712 kB
SwapTotal:       1048572 kB
SwapFree:        1046268 kB
benchmark_vitis PID=5550
State:	S (sleeping)
VmPeak:	 1042184 kB
VmSize:	  976648 kB
VmRSS:	  180184 kB
VmSwap:	       0 kB
Threads:	7

2021-11-19 18:30:26
2.01 1.80 1.52 1/150 9553
MemTotal:        2033108 kB
MemAvailable:    1310704 kB
SwapTotal:       1048572 kB
SwapFree:        1046268 kB
benchmark_vitis PID=5550
State:	S (sleeping)
VmPeak:	 1042184 kB
VmSize:	  976648 kB
VmRSS:	  180184 kB
VmSwap:	       0 kB
Threads:	7

2021-11-19 18:30:28
2.01 1.80 1.52 1/150 9567
MemTotal:        2033108 kB
MemAvailable:    1310704 kB
SwapTotal:       1048572 kB
SwapFree:        1046268 kB
benchmark_vitis PID=5550
State:	S (sleeping)
VmPeak:	 1042184 kB
VmSize:	  976648 kB
VmRSS:	  180184 kB
VmSwap:	       0 kB
Threads:	7

2021-11-19 18:30:30
2.01 1.80 1.52 1/150 9581
MemTotal:        2033108 kB
MemAvailable:    1310192 kB
SwapTotal:       1048572 kB
SwapFree:        1046268 kB
benchmark_vitis PID=5550
State:	S (sleeping)
VmPeak:	 1042184 kB
VmSize:	  976648 kB
VmRSS:	  180184 kB
VmSwap:	       0 kB
Threads:	7

2021-11-19 18:30:32
2.01 1.81 1.52 1/150 9595
MemTotal:        2033108 kB
MemAvailable:    1309688 kB
SwapTotal:       1048572 kB
SwapFree:        1046268 kB
benchmark_vitis PID=5550
State:	S (sleeping)
VmPeak:	 1042184 kB
VmSize:	  976648 kB
VmRSS:	  180184 kB
VmSwap:	       0 kB
Threads:	7

2021-11-19 18:30:34
2.01 1.81 1.52 1/150 9609
MemTotal:        2033108 kB
MemAvailable:    1309432 kB
SwapTotal:       1048572 kB
SwapFree:        1046268 kB
benchmark_vitis PID=5550
State:	S (sleeping)
VmPeak:	 1042184 kB
VmSize:	  976648 kB
VmRSS:	  180184 kB
VmSwap:	       0 kB
Threads:	7

2021-11-19 18:30:36
2.01 1.81 1.52 1/150 9623
MemTotal:        2033108 kB
MemAvailable:    1308928 kB
SwapTotal:       1048572 kB
SwapFree:        1046268 kB
benchmark_vitis PID=5550
State:	S (sleeping)
VmPeak:	 1042184 kB
VmSize:	  976648 kB
VmRSS:	  180184 kB
VmSwap:	       0 kB
Threads:	7

2021-11-19 18:30:38
2.01 1.81 1.53 1/147 9638
MemTotal:        2033108 kB
MemAvailable:    1308936 kB
SwapTotal:       1048572 kB
SwapFree:        1046268 kB
benchmark_vitis PID=5550
State:	S (sleeping)
VmPeak:	 1042184 kB
VmSize:	  976648 kB
VmRSS:	  180360 kB
VmSwap:	       0 kB
Threads:	4

2021-11-19 18:30:40
2.01 1.81 1.53 1/146 9654
MemTotal:        2033108 kB
MemAvailable:    1336324 kB
SwapTotal:       1048572 kB
SwapFree:        1046268 kB
benchmark_vitis PID=5550
State:	S (sleeping)
VmPeak:	 1042184 kB
VmSize:	  946424 kB
VmRSS:	  166804 kB
VmSwap:	       0 kB
Threads:	2

2021-11-19 18:30:42
1.93 1.80 1.52 1/146 9668
MemTotal:        2033108 kB
MemAvailable:    1335316 kB
SwapTotal:       1048572 kB
SwapFree:        1046268 kB
benchmark_vitis PID=5550
State:	S (sleeping)
VmPeak:	 1042184 kB
VmSize:	  946424 kB
VmRSS:	  166804 kB
VmSwap:	       0 kB
Threads:	2

2021-11-19 18:30:44
1.93 1.80 1.52 1/147 9683
MemTotal:        2033108 kB
MemAvailable:    1334908 kB
SwapTotal:       1048572 kB
SwapFree:        1046268 kB
benchmark_vitis PID=5550
State:	R (running)
VmPeak:	 1042184 kB
VmSize:	  946424 kB
VmRSS:	  166804 kB
VmSwap:	       0 kB
Threads:	2

2021-11-19 18:30:46
1.93 1.80 1.52 1/147 9697
MemTotal:        2033108 kB
MemAvailable:    1333904 kB
SwapTotal:       1048572 kB
SwapFree:        1046268 kB
benchmark_vitis PID=5550
State:	S (sleeping)
VmPeak:	 1042184 kB
VmSize:	  946424 kB
VmRSS:	  166804 kB
VmSwap:	       0 kB
Threads:	2

2021-11-19 18:30:48
1.85 1.78 1.52 3/147 9711
MemTotal:        2033108 kB
MemAvailable:    1332392 kB
SwapTotal:       1048572 kB
SwapFree:        1046268 kB
benchmark_vitis PID=5550
State:	S (sleeping)
VmPeak:	 1042184 kB
VmSize:	  946424 kB
VmRSS:	  166804 kB
VmSwap:	       0 kB
Threads:	2

2021-11-19 18:30:50
1.85 1.78 1.52 1/147 9725
MemTotal:        2033108 kB
MemAvailable:    1331932 kB
SwapTotal:       1048572 kB
SwapFree:        1046268 kB
benchmark_vitis PID=5550
State:	S (sleeping)
VmPeak:	 1042184 kB
VmSize:	  946424 kB
VmRSS:	  166804 kB
VmSwap:	       0 kB
Threads:	2

2021-11-19 18:30:52
1.79 1.77 1.52 1/147 9739
MemTotal:        2033108 kB
MemAvailable:    1331428 kB
SwapTotal:       1048572 kB
SwapFree:        1046268 kB
benchmark_vitis PID=5550
State:	S (sleeping)
VmPeak:	 1042184 kB
VmSize:	  946424 kB
VmRSS:	  166804 kB
VmSwap:	       0 kB
Threads:	2

2021-11-19 18:30:54
1.79 1.77 1.52 2/155 9761
MemTotal:        2033108 kB
MemAvailable:    1320092 kB
SwapTotal:       1048572 kB
SwapFree:        1046268 kB
benchmark_vitis PID=5550
State:	S (sleeping)
VmPeak:	 1184312 kB
VmSize:	 1120752 kB
VmRSS:	  180080 kB
VmSwap:	       0 kB
Threads:	10

2021-11-19 18:30:56
1.79 1.77 1.52 1/156 9776
MemTotal:        2033108 kB
MemAvailable:    1319864 kB
SwapTotal:       1048572 kB
SwapFree:        1046268 kB
benchmark_vitis PID=5550
State:	S (sleeping)
VmPeak:	 1184312 kB
VmSize:	 1120760 kB
VmRSS:	  180080 kB
VmSwap:	       0 kB
Threads:	10

2021-11-19 18:30:58
2.04 1.82 1.54 1/156 9790
MemTotal:        2033108 kB
MemAvailable:    1319476 kB
SwapTotal:       1048572 kB
SwapFree:        1046268 kB
benchmark_vitis PID=5550
State:	S (sleeping)
VmPeak:	 1184312 kB
VmSize:	 1120832 kB
VmRSS:	  180080 kB
VmSwap:	       0 kB
Threads:	10

2021-11-19 18:31:00
2.04 1.82 1.54 1/156 9804
MemTotal:        2033108 kB
MemAvailable:    1318548 kB
SwapTotal:       1048572 kB
SwapFree:        1046268 kB
benchmark_vitis PID=5550
State:	S (sleeping)
VmPeak:	 1184312 kB
VmSize:	 1120892 kB
VmRSS:	  180080 kB
VmSwap:	       0 kB
Threads:	10

2021-11-19 18:31:03
2.28 1.88 1.56 2/156 9818
MemTotal:        2033108 kB
MemAvailable:    1322528 kB
SwapTotal:       1048572 kB
SwapFree:        1046268 kB
benchmark_vitis PID=5550
State:	S (sleeping)
VmPeak:	 1184312 kB
VmSize:	 1120752 kB
VmRSS:	  180080 kB
VmSwap:	       0 kB
Threads:	10

2021-11-19 18:31:05
2.28 1.88 1.56 1/156 9832
MemTotal:        2033108 kB
MemAvailable:    1322420 kB
SwapTotal:       1048572 kB
SwapFree:        1046268 kB
benchmark_vitis PID=5550
State:	S (sleeping)
VmPeak:	 1186500 kB
VmSize:	 1186492 kB
VmRSS:	  180080 kB
VmSwap:	       0 kB
Threads:	10

2021-11-19 18:31:07
2.50 1.93 1.58 2/156 9846
MemTotal:        2033108 kB
MemAvailable:    1322112 kB
SwapTotal:       1048572 kB
SwapFree:        1046268 kB
benchmark_vitis PID=5550
State:	S (sleeping)
VmPeak:	 1186500 kB
VmSize:	 1185236 kB
VmRSS:	  180080 kB
VmSwap:	       0 kB
Threads:	10

2021-11-19 18:31:09
2.50 1.93 1.58 2/156 9860
MemTotal:        2033108 kB
MemAvailable:    1322920 kB
SwapTotal:       1048572 kB
SwapFree:        1046012 kB
benchmark_vitis PID=5550
State:	S (sleeping)
VmPeak:	 1186500 kB
VmSize:	 1185208 kB
VmRSS:	  180072 kB
VmSwap:	       0 kB
Threads:	10

2021-11-19 18:31:11
2.50 1.93 1.58 2/157 9875
MemTotal:        2033108 kB
MemAvailable:    1322696 kB
SwapTotal:       1048572 kB
SwapFree:        1046012 kB
benchmark_vitis PID=5550
State:	S (sleeping)
VmPeak:	 1186500 kB
VmSize:	 1185392 kB
VmRSS:	  180072 kB
VmSwap:	       0 kB
Threads:	10

2021-11-19 18:31:13
2.62 1.96 1.59 2/157 9889
MemTotal:        2033108 kB
MemAvailable:    1321780 kB
SwapTotal:       1048572 kB
SwapFree:        1045500 kB
benchmark_vitis PID=5550
State:	S (sleeping)
VmPeak:	 1186500 kB
VmSize:	 1185320 kB
VmRSS:	  180072 kB
VmSwap:	       0 kB
Threads:	10

2021-11-19 18:31:15
2.62 1.96 1.59 1/157 9903
MemTotal:        2033108 kB
MemAvailable:    1321792 kB
SwapTotal:       1048572 kB
SwapFree:        1045500 kB
benchmark_vitis PID=5550
State:	S (sleeping)
VmPeak:	 1186500 kB
VmSize:	 1185308 kB
VmRSS:	  180072 kB
VmSwap:	       0 kB
Threads:	10

2021-11-19 18:31:17
2.65 1.98 1.60 3/157 9917
MemTotal:        2033108 kB
MemAvailable:    1323484 kB
SwapTotal:       1048572 kB
SwapFree:        1045500 kB
benchmark_vitis PID=5550
State:	S (sleeping)
VmPeak:	 1186516 kB
VmSize:	 1185420 kB
VmRSS:	  180072 kB
VmSwap:	       0 kB
Threads:	10

2021-11-19 18:31:19
2.65 1.98 1.60 1/157 9931
MemTotal:        2033108 kB
MemAvailable:    1322740 kB
SwapTotal:       1048572 kB
SwapFree:        1045500 kB
benchmark_vitis PID=5550
State:	S (sleeping)
VmPeak:	 1186528 kB
VmSize:	 1185340 kB
VmRSS:	  180072 kB
VmSwap:	       0 kB
Threads:	10

2021-11-19 18:31:21
2.65 1.98 1.60 5/157 9945
MemTotal:        2033108 kB
MemAvailable:    1324092 kB
SwapTotal:       1048572 kB
SwapFree:        1045500 kB
benchmark_vitis PID=5550
State:	S (sleeping)
VmPeak:	 1186528 kB
VmSize:	 1185200 kB
VmRSS:	  180080 kB
VmSwap:	       0 kB
Threads:	10

2021-11-19 18:31:23
2.84 2.03 1.62 2/157 9959
MemTotal:        2033108 kB
MemAvailable:    1323116 kB
SwapTotal:       1048572 kB
SwapFree:        1045500 kB
benchmark_vitis PID=5550
State:	S (sleeping)
VmPeak:	 1186528 kB
VmSize:	 1185296 kB
VmRSS:	  180080 kB
VmSwap:	       0 kB
Threads:	10

2021-11-19 18:31:25
2.84 2.03 1.62 3/157 9973
MemTotal:        2033108 kB
MemAvailable:    1324020 kB
SwapTotal:       1048572 kB
SwapFree:        1045244 kB
benchmark_vitis PID=5550
State:	S (sleeping)
VmPeak:	 1186528 kB
VmSize:	 1185360 kB
VmRSS:	  179648 kB
VmSwap:	       0 kB
Threads:	10

2021-11-19 18:31:27
3.09 2.10 1.64 2/157 9987
MemTotal:        2033108 kB
MemAvailable:    1324572 kB
SwapTotal:       1048572 kB
SwapFree:        1045244 kB
benchmark_vitis PID=5550
State:	S (sleeping)
VmPeak:	 1186528 kB
VmSize:	 1184312 kB
VmRSS:	  179064 kB
VmSwap:	       0 kB
Threads:	10

2021-11-19 18:31:29
3.09 2.10 1.64 2/157 10001
MemTotal:        2033108 kB
MemAvailable:    1324664 kB
SwapTotal:       1048572 kB
SwapFree:        1045244 kB
benchmark_vitis PID=5550
State:	S (sleeping)
VmPeak:	 1186528 kB
VmSize:	 1184392 kB
VmRSS:	  178248 kB
VmSwap:	       0 kB
Threads:	10

2021-11-19 18:31:31
3.09 2.10 1.64 1/157 10015
MemTotal:        2033108 kB
MemAvailable:    1323232 kB
SwapTotal:       1048572 kB
SwapFree:        1045244 kB
benchmark_vitis PID=5550
State:	S (sleeping)
VmPeak:	 1186528 kB
VmSize:	 1185436 kB
VmRSS:	  178224 kB
VmSwap:	       0 kB
Threads:	10

2021-11-19 18:31:33
3.32 2.16 1.66 2/157 10029
MemTotal:        2033108 kB
MemAvailable:    1322916 kB
SwapTotal:       1048572 kB
SwapFree:        1045244 kB
benchmark_vitis PID=5550
State:	S (sleeping)
VmPeak:	 1186528 kB
VmSize:	 1185244 kB
VmRSS:	  178224 kB
VmSwap:	       0 kB
Threads:	10

2021-11-19 18:31:35
3.32 2.16 1.66 2/157 10043
MemTotal:        2033108 kB
MemAvailable:    1324220 kB
SwapTotal:       1048572 kB
SwapFree:        1045244 kB
benchmark_vitis PID=5550
State:	S (sleeping)
VmPeak:	 1186528 kB
VmSize:	 1186184 kB
VmRSS:	  178224 kB
VmSwap:	       0 kB
Threads:	10

2021-11-19 18:31:37
3.46 2.21 1.68 2/158 10059
MemTotal:        2033108 kB
MemAvailable:    1324688 kB
SwapTotal:       1048572 kB
SwapFree:        1045244 kB
benchmark_vitis PID=5550
State:	S (sleeping)
VmPeak:	 1186528 kB
VmSize:	 1186180 kB
VmRSS:	  177532 kB
VmSwap:	      32 kB
Threads:	10

2021-11-19 18:31:39
3.46 2.21 1.68 2/158 10073
MemTotal:        2033108 kB
MemAvailable:    1325236 kB
SwapTotal:       1048572 kB
SwapFree:        1045244 kB
benchmark_vitis PID=5550
State:	S (sleeping)
VmPeak:	 1186528 kB
VmSize:	 1185312 kB
VmRSS:	  177524 kB
VmSwap:	      32 kB
Threads:	10

2021-11-19 18:31:41
3.46 2.21 1.68 1/158 10087
MemTotal:        2033108 kB
MemAvailable:    1324288 kB
SwapTotal:       1048572 kB
SwapFree:        1045244 kB
benchmark_vitis PID=5550
State:	S (sleeping)
VmPeak:	 1186528 kB
VmSize:	 1185368 kB
VmRSS:	  177524 kB
VmSwap:	      32 kB
Threads:	10

2021-11-19 18:31:43
3.50 2.24 1.69 1/158 10101
MemTotal:        2033108 kB
MemAvailable:    1323764 kB
SwapTotal:       1048572 kB
SwapFree:        1045244 kB
benchmark_vitis PID=5550
State:	S (sleeping)
VmPeak:	 1186528 kB
VmSize:	 1185364 kB
VmRSS:	  177524 kB
VmSwap:	      32 kB
Threads:	10

2021-11-19 18:31:45
3.50 2.24 1.69 2/157 10115
MemTotal:        2033108 kB
MemAvailable:    1323180 kB
SwapTotal:       1048572 kB
SwapFree:        1045244 kB
benchmark_vitis PID=5550
State:	S (sleeping)
VmPeak:	 1186528 kB
VmSize:	 1185440 kB
VmRSS:	  177524 kB
VmSwap:	      32 kB
Threads:	10

2021-11-19 18:31:48
3.46 2.25 1.70 3/157 10129
MemTotal:        2033108 kB
MemAvailable:    1322448 kB
SwapTotal:       1048572 kB
SwapFree:        1045244 kB
benchmark_vitis PID=5550
State:	S (sleeping)
VmPeak:	 1186528 kB
VmSize:	 1185368 kB
VmRSS:	  177524 kB
VmSwap:	      32 kB
Threads:	10

2021-11-19 18:31:50
3.46 2.25 1.70 2/157 10143
MemTotal:        2033108 kB
MemAvailable:    1320752 kB
SwapTotal:       1048572 kB
SwapFree:        1045244 kB
benchmark_vitis PID=5550
State:	S (sleeping)
VmPeak:	 1186528 kB
VmSize:	 1186212 kB
VmRSS:	  177524 kB
VmSwap:	      32 kB
Threads:	10

2021-11-19 18:31:52
3.59 2.30 1.72 2/157 10157
MemTotal:        2033108 kB
MemAvailable:    1323584 kB
SwapTotal:       1048572 kB
SwapFree:        1045244 kB
benchmark_vitis PID=5550
State:	S (sleeping)
VmPeak:	 1186528 kB
VmSize:	 1185400 kB
VmRSS:	  177524 kB
VmSwap:	      32 kB
Threads:	10

2021-11-19 18:31:54
3.59 2.30 1.72 2/157 10171
MemTotal:        2033108 kB
MemAvailable:    1321872 kB
SwapTotal:       1048572 kB
SwapFree:        1045244 kB
benchmark_vitis PID=5550
State:	S (sleeping)
VmPeak:	 1186528 kB
VmSize:	 1184312 kB
VmRSS:	  177524 kB
VmSwap:	      32 kB
Threads:	10

2021-11-19 18:31:56
3.59 2.30 1.72 2/157 10185
MemTotal:        2033108 kB
MemAvailable:    1320952 kB
SwapTotal:       1048572 kB
SwapFree:        1045244 kB
benchmark_vitis PID=5550
State:	S (sleeping)
VmPeak:	 1186528 kB
VmSize:	 1186292 kB
VmRSS:	  177524 kB
VmSwap:	      32 kB
Threads:	10

2021-11-19 18:31:58
3.78 2.36 1.74 2/157 10199
MemTotal:        2033108 kB
MemAvailable:    1325340 kB
SwapTotal:       1048572 kB
SwapFree:        1044732 kB
benchmark_vitis PID=5550
State:	S (sleeping)
VmPeak:	 1186528 kB
VmSize:	 1185296 kB
VmRSS:	  177556 kB
VmSwap:	     100 kB
Threads:	10

2021-11-19 18:32:00
3.78 2.36 1.74 2/157 10213
MemTotal:        2033108 kB
MemAvailable:    1323856 kB
SwapTotal:       1048572 kB
SwapFree:        1044732 kB
benchmark_vitis PID=5550
State:	S (sleeping)
VmPeak:	 1186528 kB
VmSize:	 1184312 kB
VmRSS:	  177556 kB
VmSwap:	     100 kB
Threads:	10

2021-11-19 18:32:02
3.72 2.37 1.75 2/157 10227
MemTotal:        2033108 kB
MemAvailable:    1327188 kB
SwapTotal:       1048572 kB
SwapFree:        1044732 kB
benchmark_vitis PID=5550
State:	S (sleeping)
VmPeak:	 1186528 kB
VmSize:	 1184312 kB
VmRSS:	  177556 kB
VmSwap:	     100 kB
Threads:	10

2021-11-19 18:32:04
3.72 2.37 1.75 2/157 10241
MemTotal:        2033108 kB
MemAvailable:    1325496 kB
SwapTotal:       1048572 kB
SwapFree:        1044732 kB
benchmark_vitis PID=5550
State:	S (sleeping)
VmPeak:	 1186528 kB
VmSize:	 1184424 kB
VmRSS:	  177556 kB
VmSwap:	     100 kB
Threads:	10

2021-11-19 18:32:06
3.72 2.37 1.75 2/157 10255
MemTotal:        2033108 kB
MemAvailable:    1326532 kB
SwapTotal:       1048572 kB
SwapFree:        1044220 kB
benchmark_vitis PID=5550
State:	S (sleeping)
VmPeak:	 1186528 kB
VmSize:	 1186292 kB
VmRSS:	  177552 kB
VmSwap:	     100 kB
Threads:	10

2021-11-19 18:32:08
3.82 2.41 1.77 3/157 10269
MemTotal:        2033108 kB
MemAvailable:    1323756 kB
SwapTotal:       1048572 kB
SwapFree:        1044220 kB
benchmark_vitis PID=5550
State:	S (sleeping)
VmPeak:	 1186528 kB
VmSize:	 1186256 kB
VmRSS:	  178580 kB
VmSwap:	     100 kB
Threads:	10

2021-11-19 18:32:10
3.82 2.41 1.77 2/157 10283
MemTotal:        2033108 kB
MemAvailable:    1326816 kB
SwapTotal:       1048572 kB
SwapFree:        1043196 kB
benchmark_vitis PID=5550
State:	S (sleeping)
VmPeak:	 1186528 kB
VmSize:	 1186260 kB
VmRSS:	  178432 kB
VmSwap:	     248 kB
Threads:	10

2021-11-19 18:32:12
3.91 2.46 1.78 2/157 10297
MemTotal:        2033108 kB
MemAvailable:    1325432 kB
SwapTotal:       1048572 kB
SwapFree:        1043196 kB
benchmark_vitis PID=5550
State:	S (sleeping)
VmPeak:	 1186528 kB
VmSize:	 1185336 kB
VmRSS:	  178432 kB
VmSwap:	     248 kB
Threads:	10

2021-11-19 18:32:14
3.91 2.46 1.78 3/157 10311
MemTotal:        2033108 kB
MemAvailable:    1323716 kB
SwapTotal:       1048572 kB
SwapFree:        1043196 kB
benchmark_vitis PID=5550
State:	S (sleeping)
VmPeak:	 1186528 kB
VmSize:	 1186208 kB
VmRSS:	  178432 kB
VmSwap:	     248 kB
Threads:	10

2021-11-19 18:32:16
3.91 2.46 1.78 3/157 10325
MemTotal:        2033108 kB
MemAvailable:    1327016 kB
SwapTotal:       1048572 kB
SwapFree:        1043196 kB
benchmark_vitis PID=5550
State:	S (sleeping)
VmPeak:	 1186528 kB
VmSize:	 1185312 kB
VmRSS:	  178432 kB
VmSwap:	     248 kB
Threads:	10

2021-11-19 18:32:18
3.84 2.47 1.79 1/156 10339
MemTotal:        2033108 kB
MemAvailable:    1328484 kB
SwapTotal:       1048572 kB
SwapFree:        1042940 kB
benchmark_vitis PID=5550
State:	S (sleeping)
VmPeak:	 1186528 kB
VmSize:	 1185248 kB
VmRSS:	  178432 kB
VmSwap:	     248 kB
Threads:	10

2021-11-19 18:32:20
3.84 2.47 1.79 2/156 10353
MemTotal:        2033108 kB
MemAvailable:    1327420 kB
SwapTotal:       1048572 kB
SwapFree:        1042940 kB
benchmark_vitis PID=5550
State:	S (sleeping)
VmPeak:	 1186528 kB
VmSize:	 1185260 kB
VmRSS:	  178432 kB
VmSwap:	     248 kB
Threads:	10

2021-11-19 18:32:22
3.85 2.49 1.80 2/156 10367
MemTotal:        2033108 kB
MemAvailable:    1324200 kB
SwapTotal:       1048572 kB
SwapFree:        1042940 kB
benchmark_vitis PID=5550
State:	S (sleeping)
VmPeak:	 1186528 kB
VmSize:	 1185264 kB
VmRSS:	  178432 kB
VmSwap:	     248 kB
Threads:	10

2021-11-19 18:32:24
3.85 2.49 1.80 2/156 10381
MemTotal:        2033108 kB
MemAvailable:    1324260 kB
SwapTotal:       1048572 kB
SwapFree:        1042940 kB
benchmark_vitis PID=5550
State:	S (sleeping)
VmPeak:	 1186528 kB
VmSize:	 1186316 kB
VmRSS:	  178432 kB
VmSwap:	     248 kB
Threads:	10

2021-11-19 18:32:26
3.85 2.49 1.80 2/156 10395
MemTotal:        2033108 kB
MemAvailable:    1329480 kB
SwapTotal:       1048572 kB
SwapFree:        1042684 kB
benchmark_vitis PID=5550
State:	S (sleeping)
VmPeak:	 1186528 kB
VmSize:	 1186388 kB
VmRSS:	  178432 kB
VmSwap:	     248 kB
Threads:	10

2021-11-19 18:32:29
3.87 2.52 1.82 2/156 10409
MemTotal:        2033108 kB
MemAvailable:    1324516 kB
SwapTotal:       1048572 kB
SwapFree:        1042684 kB
benchmark_vitis PID=5550
State:	S (sleeping)
VmPeak:	 1186528 kB
VmSize:	 1185224 kB
VmRSS:	  178432 kB
VmSwap:	     248 kB
Threads:	10

2021-11-19 18:32:31
3.87 2.52 1.82 2/156 10423
MemTotal:        2033108 kB
MemAvailable:    1326444 kB
SwapTotal:       1048572 kB
SwapFree:        1042684 kB
benchmark_vitis PID=5550
State:	S (sleeping)
VmPeak:	 1186528 kB
VmSize:	 1186376 kB
VmRSS:	  178432 kB
VmSwap:	     248 kB
Threads:	10

2021-11-19 18:32:33
3.88 2.54 1.83 2/156 10437
MemTotal:        2033108 kB
MemAvailable:    1321924 kB
SwapTotal:       1048572 kB
SwapFree:        1042684 kB
benchmark_vitis PID=5550
State:	S (sleeping)
VmPeak:	 1186528 kB
VmSize:	 1185280 kB
VmRSS:	  178432 kB
VmSwap:	     248 kB
Threads:	10

2021-11-19 18:32:35
3.88 2.54 1.83 5/156 10451
MemTotal:        2033108 kB
MemAvailable:    1318500 kB
SwapTotal:       1048572 kB
SwapFree:        1042684 kB
benchmark_vitis PID=5550
State:	S (sleeping)
VmPeak:	 1186528 kB
VmSize:	 1186300 kB
VmRSS:	  178432 kB
VmSwap:	     248 kB
Threads:	10

2021-11-19 18:32:37
3.97 2.58 1.84 2/156 10465
MemTotal:        2033108 kB
MemAvailable:    1327992 kB
SwapTotal:       1048572 kB
SwapFree:        1042684 kB
benchmark_vitis PID=5550
State:	S (sleeping)
VmPeak:	 1186528 kB
VmSize:	 1186388 kB
VmRSS:	  178432 kB
VmSwap:	     248 kB
Threads:	10

2021-11-19 18:32:39
3.97 2.58 1.84 2/157 10481
MemTotal:        2033108 kB
MemAvailable:    1324240 kB
SwapTotal:       1048572 kB
SwapFree:        1042684 kB
benchmark_vitis PID=5550
State:	S (sleeping)
VmPeak:	 1186528 kB
VmSize:	 1185268 kB
VmRSS:	  178432 kB
VmSwap:	     248 kB
Threads:	10

2021-11-19 18:32:41
3.97 2.58 1.84 2/157 10495
MemTotal:        2033108 kB
MemAvailable:    1325508 kB
SwapTotal:       1048572 kB
SwapFree:        1042684 kB
benchmark_vitis PID=5550
State:	S (sleeping)
VmPeak:	 1186528 kB
VmSize:	 1185252 kB
VmRSS:	  178432 kB
VmSwap:	     248 kB
Threads:	10

2021-11-19 18:32:43
4.05 2.62 1.86 3/157 10509
MemTotal:        2033108 kB
MemAvailable:    1326144 kB
SwapTotal:       1048572 kB
SwapFree:        1042684 kB
benchmark_vitis PID=5550
State:	S (sleeping)
VmPeak:	 1186528 kB
VmSize:	 1185296 kB
VmRSS:	  178432 kB
VmSwap:	     248 kB
Threads:	10

2021-11-19 18:32:45
4.05 2.62 1.86 2/157 10523
MemTotal:        2033108 kB
MemAvailable:    1327040 kB
SwapTotal:       1048572 kB
SwapFree:        1042684 kB
benchmark_vitis PID=5550
State:	S (sleeping)
VmPeak:	 1187044 kB
VmSize:	 1184312 kB
VmRSS:	  178432 kB
VmSwap:	     248 kB
Threads:	10

2021-11-19 18:32:47
3.97 2.63 1.87 2/157 10537
MemTotal:        2033108 kB
MemAvailable:    1327932 kB
SwapTotal:       1048572 kB
SwapFree:        1042684 kB
benchmark_vitis PID=5550
State:	S (sleeping)
VmPeak:	 1187044 kB
VmSize:	 1185260 kB
VmRSS:	  178432 kB
VmSwap:	     248 kB
Threads:	10

2021-11-19 18:32:49
3.97 2.63 1.87 2/158 10552
MemTotal:        2033108 kB
MemAvailable:    1327780 kB
SwapTotal:       1048572 kB
SwapFree:        1042684 kB
benchmark_vitis PID=5550
State:	S (sleeping)
VmPeak:	 1187044 kB
VmSize:	 1185248 kB
VmRSS:	  178432 kB
VmSwap:	     248 kB
Threads:	10

2021-11-19 18:32:51
3.97 2.63 1.87 2/158 10566
MemTotal:        2033108 kB
MemAvailable:    1327024 kB
SwapTotal:       1048572 kB
SwapFree:        1042684 kB
benchmark_vitis PID=5550
State:	S (sleeping)
VmPeak:	 1187044 kB
VmSize:	 1185248 kB
VmRSS:	  178432 kB
VmSwap:	     248 kB
Threads:	10

2021-11-19 18:32:53
3.89 2.64 1.87 2/158 10580
MemTotal:        2033108 kB
MemAvailable:    1327152 kB
SwapTotal:       1048572 kB
SwapFree:        1042684 kB
benchmark_vitis PID=5550
State:	S (sleeping)
VmPeak:	 1187044 kB
VmSize:	 1185344 kB
VmRSS:	  178432 kB
VmSwap:	     248 kB
Threads:	10

2021-11-19 18:32:55
3.89 2.64 1.87 2/158 10594
MemTotal:        2033108 kB
MemAvailable:    1328276 kB
SwapTotal:       1048572 kB
SwapFree:        1042684 kB
benchmark_vitis PID=5550
State:	S (sleeping)
VmPeak:	 1187044 kB
VmSize:	 1185328 kB
VmRSS:	  178400 kB
VmSwap:	     248 kB
Threads:	10

2021-11-19 18:32:57
3.82 2.64 1.88 3/158 10608
MemTotal:        2033108 kB
MemAvailable:    1327192 kB
SwapTotal:       1048572 kB
SwapFree:        1042684 kB
benchmark_vitis PID=5550
State:	S (sleeping)
VmPeak:	 1187044 kB
VmSize:	 1185364 kB
VmRSS:	  178400 kB
VmSwap:	     248 kB
Threads:	10

2021-11-19 18:32:59
3.82 2.64 1.88 2/158 10622
MemTotal:        2033108 kB
MemAvailable:    1325636 kB
SwapTotal:       1048572 kB
SwapFree:        1042684 kB
benchmark_vitis PID=5550
State:	S (sleeping)
VmPeak:	 1187044 kB
VmSize:	 1185256 kB
VmRSS:	  178400 kB
VmSwap:	     248 kB
Threads:	10

2021-11-19 18:33:01
3.82 2.64 1.88 2/158 10636
MemTotal:        2033108 kB
MemAvailable:    1330728 kB
SwapTotal:       1048572 kB
SwapFree:        1042684 kB
benchmark_vitis PID=5550
State:	S (sleeping)
VmPeak:	 1187044 kB
VmSize:	 1185232 kB
VmRSS:	  178400 kB
VmSwap:	     248 kB
Threads:	10

2021-11-19 18:33:03
3.91 2.68 1.90 1/158 10650
MemTotal:        2033108 kB
MemAvailable:    1329264 kB
SwapTotal:       1048572 kB
SwapFree:        1042684 kB
benchmark_vitis PID=5550
State:	S (sleeping)
VmPeak:	 1187044 kB
VmSize:	 1185276 kB
VmRSS:	  178400 kB
VmSwap:	     248 kB
Threads:	10

2021-11-19 18:33:05
3.91 2.68 1.90 2/158 10664
MemTotal:        2033108 kB
MemAvailable:    1328136 kB
SwapTotal:       1048572 kB
SwapFree:        1042684 kB
benchmark_vitis PID=5550
State:	S (sleeping)
VmPeak:	 1187044 kB
VmSize:	 1186264 kB
VmRSS:	  178400 kB
VmSwap:	     248 kB
Threads:	10

2021-11-19 18:33:07
4.00 2.72 1.91 3/158 10678
MemTotal:        2033108 kB
MemAvailable:    1327052 kB
SwapTotal:       1048572 kB
SwapFree:        1042684 kB
benchmark_vitis PID=5550
State:	S (sleeping)
VmPeak:	 1187044 kB
VmSize:	 1184532 kB
VmRSS:	  178400 kB
VmSwap:	     248 kB
Threads:	10

2021-11-19 18:33:09
4.00 2.72 1.91 1/158 10692
MemTotal:        2033108 kB
MemAvailable:    1325796 kB
SwapTotal:       1048572 kB
SwapFree:        1042684 kB
benchmark_vitis PID=5550
State:	S (sleeping)
VmPeak:	 1187044 kB
VmSize:	 1186308 kB
VmRSS:	  178400 kB
VmSwap:	     248 kB
Threads:	10

2021-11-19 18:33:11
4.00 2.72 1.91 2/158 10706
MemTotal:        2033108 kB
MemAvailable:    1328164 kB
SwapTotal:       1048572 kB
SwapFree:        1042684 kB
benchmark_vitis PID=5550
State:	S (sleeping)
VmPeak:	 1187044 kB
VmSize:	 1186224 kB
VmRSS:	  178400 kB
VmSwap:	     248 kB
Threads:	10

2021-11-19 18:33:14
4.08 2.76 1.93 2/158 10720
MemTotal:        2033108 kB
MemAvailable:    1329444 kB
SwapTotal:       1048572 kB
SwapFree:        1042684 kB
benchmark_vitis PID=5550
State:	S (sleeping)
VmPeak:	 1187044 kB
VmSize:	 1186348 kB
VmRSS:	  178400 kB
VmSwap:	     248 kB
Threads:	10

2021-11-19 18:33:16
4.08 2.76 1.93 2/158 10734
MemTotal:        2033108 kB
MemAvailable:    1329344 kB
SwapTotal:       1048572 kB
SwapFree:        1042684 kB
benchmark_vitis PID=5550
State:	S (sleeping)
VmPeak:	 1187044 kB
VmSize:	 1186344 kB
VmRSS:	  178400 kB
VmSwap:	     248 kB
Threads:	10

2021-11-19 18:33:18
4.07 2.78 1.94 2/158 10748
MemTotal:        2033108 kB
MemAvailable:    1329280 kB
SwapTotal:       1048572 kB
SwapFree:        1042684 kB
benchmark_vitis PID=5550
State:	S (sleeping)
VmPeak:	 1187044 kB
VmSize:	 1185232 kB
VmRSS:	  178400 kB
VmSwap:	     248 kB
Threads:	10

2021-11-19 18:33:20
4.07 2.78 1.94 3/158 10762
MemTotal:        2033108 kB
MemAvailable:    1328428 kB
SwapTotal:       1048572 kB
SwapFree:        1042684 kB
benchmark_vitis PID=5550
State:	S (sleeping)
VmPeak:	 1187044 kB
VmSize:	 1185280 kB
VmRSS:	  178400 kB
VmSwap:	     248 kB
Threads:	10

2021-11-19 18:33:22
4.07 2.78 1.94 2/158 10776
MemTotal:        2033108 kB
MemAvailable:    1328060 kB
SwapTotal:       1048572 kB
SwapFree:        1042684 kB
benchmark_vitis PID=5550
State:	S (sleeping)
VmPeak:	 1187044 kB
VmSize:	 1185308 kB
VmRSS:	  178400 kB
VmSwap:	     248 kB
Threads:	10

2021-11-19 18:33:24
4.07 2.80 1.95 2/158 10790
MemTotal:        2033108 kB
MemAvailable:    1326788 kB
SwapTotal:       1048572 kB
SwapFree:        1042684 kB
benchmark_vitis PID=5550
State:	S (sleeping)
VmPeak:	 1187044 kB
VmSize:	 1184704 kB
VmRSS:	  178400 kB
VmSwap:	     248 kB
Threads:	10

2021-11-19 18:33:26
4.07 2.80 1.95 3/158 10804
MemTotal:        2033108 kB
MemAvailable:    1325532 kB
SwapTotal:       1048572 kB
SwapFree:        1042684 kB
benchmark_vitis PID=5550
State:	S (sleeping)
VmPeak:	 1187044 kB
VmSize:	 1185320 kB
VmRSS:	  178400 kB
VmSwap:	     248 kB
Threads:	10

2021-11-19 18:33:28
3.98 2.81 1.96 3/158 10818
MemTotal:        2033108 kB
MemAvailable:    1324248 kB
SwapTotal:       1048572 kB
SwapFree:        1042684 kB
benchmark_vitis PID=5550
State:	S (sleeping)
VmPeak:	 1187044 kB
VmSize:	 1185208 kB
VmRSS:	  178400 kB
VmSwap:	     248 kB
Threads:	10

2021-11-19 18:33:30
3.98 2.81 1.96 3/158 10832
MemTotal:        2033108 kB
MemAvailable:    1322860 kB
SwapTotal:       1048572 kB
SwapFree:        1042684 kB
benchmark_vitis PID=5550
State:	S (sleeping)
VmPeak:	 1187044 kB
VmSize:	 1185748 kB
VmRSS:	  178400 kB
VmSwap:	     248 kB
Threads:	10

2021-11-19 18:33:32
4.06 2.84 1.98 3/158 10846
MemTotal:        2033108 kB
MemAvailable:    1323348 kB
SwapTotal:       1048572 kB
SwapFree:        1042684 kB
benchmark_vitis PID=5550
State:	S (sleeping)
VmPeak:	 1187068 kB
VmSize:	 1185272 kB
VmRSS:	  178400 kB
VmSwap:	     248 kB
Threads:	10

2021-11-19 18:33:34
4.06 2.84 1.98 2/158 10860
MemTotal:        2033108 kB
MemAvailable:    1323716 kB
SwapTotal:       1048572 kB
SwapFree:        1042684 kB
benchmark_vitis PID=5550
State:	S (sleeping)
VmPeak:	 1187068 kB
VmSize:	 1185240 kB
VmRSS:	  178400 kB
VmSwap:	     248 kB
Threads:	10

2021-11-19 18:33:36
4.06 2.84 1.98 2/158 10874
MemTotal:        2033108 kB
MemAvailable:    1323736 kB
SwapTotal:       1048572 kB
SwapFree:        1042684 kB
benchmark_vitis PID=5550
State:	S (sleeping)
VmPeak:	 1187224 kB
VmSize:	 1187072 kB
VmRSS:	  178400 kB
VmSwap:	     248 kB
Threads:	10

2021-11-19 18:33:38
3.98 2.84 1.98 2/158 10889
MemTotal:        2033108 kB
MemAvailable:    1323720 kB
SwapTotal:       1048572 kB
SwapFree:        1042684 kB
benchmark_vitis PID=5550
State:	S (sleeping)
VmPeak:	 1187224 kB
VmSize:	 1186936 kB
VmRSS:	  178400 kB
VmSwap:	     248 kB
Threads:	10

2021-11-19 18:33:40
3.98 2.84 1.98 1/157 10903
MemTotal:        2033108 kB
MemAvailable:    1324620 kB
SwapTotal:       1048572 kB
SwapFree:        1042684 kB
benchmark_vitis PID=5550
State:	S (sleeping)
VmPeak:	 1187224 kB
VmSize:	 1184312 kB
VmRSS:	  178400 kB
VmSwap:	     248 kB
Threads:	10

2021-11-19 18:33:42
4.06 2.88 2.00 2/157 10917
MemTotal:        2033108 kB
MemAvailable:    1325400 kB
SwapTotal:       1048572 kB
SwapFree:        1042684 kB
benchmark_vitis PID=5550
State:	S (sleeping)
VmPeak:	 1187224 kB
VmSize:	 1186680 kB
VmRSS:	  178400 kB
VmSwap:	     248 kB
Threads:	10

2021-11-19 18:33:44
4.06 2.88 2.00 2/157 10931
MemTotal:        2033108 kB
MemAvailable:    1326720 kB
SwapTotal:       1048572 kB
SwapFree:        1042684 kB
benchmark_vitis PID=5550
State:	S (sleeping)
VmPeak:	 1187224 kB
VmSize:	 1186548 kB
VmRSS:	  178400 kB
VmSwap:	     248 kB
Threads:	10

2021-11-19 18:33:46
4.06 2.88 2.00 2/157 10945
MemTotal:        2033108 kB
MemAvailable:    1328248 kB
SwapTotal:       1048572 kB
SwapFree:        1042684 kB
benchmark_vitis PID=5550
State:	S (sleeping)
VmPeak:	 1187224 kB
VmSize:	 1186380 kB
VmRSS:	  178400 kB
VmSwap:	     248 kB
Threads:	10

2021-11-19 18:33:48
4.14 2.92 2.02 2/157 10959
MemTotal:        2033108 kB
MemAvailable:    1326532 kB
SwapTotal:       1048572 kB
SwapFree:        1042684 kB
benchmark_vitis PID=5550
State:	S (sleeping)
VmPeak:	 1187224 kB
VmSize:	 1185192 kB
VmRSS:	  178400 kB
VmSwap:	     248 kB
Threads:	10

2021-11-19 18:33:50
4.14 2.92 2.02 2/157 10973
MemTotal:        2033108 kB
MemAvailable:    1325076 kB
SwapTotal:       1048572 kB
SwapFree:        1042684 kB
benchmark_vitis PID=5550
State:	S (sleeping)
VmPeak:	 1187224 kB
VmSize:	 1185276 kB
VmRSS:	  178400 kB
VmSwap:	     248 kB
Threads:	10

2021-11-19 18:33:52
4.12 2.93 2.03 2/157 10987
MemTotal:        2033108 kB
MemAvailable:    1323160 kB
SwapTotal:       1048572 kB
SwapFree:        1042684 kB
benchmark_vitis PID=5550
State:	S (sleeping)
VmPeak:	 1187224 kB
VmSize:	 1184312 kB
VmRSS:	  178400 kB
VmSwap:	     248 kB
Threads:	10

2021-11-19 18:33:54
4.12 2.93 2.03 2/158 11002
MemTotal:        2033108 kB
MemAvailable:    1322584 kB
SwapTotal:       1048572 kB
SwapFree:        1042684 kB
benchmark_vitis PID=5550
State:	S (sleeping)
VmPeak:	 1187224 kB
VmSize:	 1185324 kB
VmRSS:	  178400 kB
VmSwap:	     248 kB
Threads:	10

2021-11-19 18:33:56
4.12 2.93 2.03 1/158 11016
MemTotal:        2033108 kB
MemAvailable:    1327268 kB
SwapTotal:       1048572 kB
SwapFree:        1042684 kB
benchmark_vitis PID=5550
State:	S (sleeping)
VmPeak:	 1187224 kB
VmSize:	 1185288 kB
VmRSS:	  178400 kB
VmSwap:	     248 kB
Threads:	10

2021-11-19 18:33:59
4.03 2.94 2.03 2/158 11030
MemTotal:        2033108 kB
MemAvailable:    1313296 kB
SwapTotal:       1048572 kB
SwapFree:        1042684 kB
benchmark_vitis PID=5550
State:	S (sleeping)
VmPeak:	 1187224 kB
VmSize:	 1185380 kB
VmRSS:	  178400 kB
VmSwap:	     248 kB
Threads:	10

2021-11-19 18:34:01
4.03 2.94 2.03 2/158 11044
MemTotal:        2033108 kB
MemAvailable:    1325844 kB
SwapTotal:       1048572 kB
SwapFree:        1042684 kB
benchmark_vitis PID=5550
State:	S (sleeping)
VmPeak:	 1187224 kB
VmSize:	 1185280 kB
VmRSS:	  178400 kB
VmSwap:	     248 kB
Threads:	10

2021-11-19 18:34:03
3.95 2.94 2.04 2/158 11058
MemTotal:        2033108 kB
MemAvailable:    1328388 kB
SwapTotal:       1048572 kB
SwapFree:        1042684 kB
benchmark_vitis PID=5550
State:	S (sleeping)
VmPeak:	 1187224 kB
VmSize:	 1184372 kB
VmRSS:	  178400 kB
VmSwap:	     248 kB
Threads:	10

2021-11-19 18:34:05
3.95 2.94 2.04 3/158 11072
MemTotal:        2033108 kB
MemAvailable:    1327424 kB
SwapTotal:       1048572 kB
SwapFree:        1042684 kB
benchmark_vitis PID=5550
State:	S (sleeping)
VmPeak:	 1187224 kB
VmSize:	 1185268 kB
VmRSS:	  178400 kB
VmSwap:	     248 kB
Threads:	10

2021-11-19 18:34:07
3.95 2.94 2.04 2/158 11086
MemTotal:        2033108 kB
MemAvailable:    1326356 kB
SwapTotal:       1048572 kB
SwapFree:        1042684 kB
benchmark_vitis PID=5550
State:	S (sleeping)
VmPeak:	 1187224 kB
VmSize:	 1185300 kB
VmRSS:	  178400 kB
VmSwap:	     248 kB
Threads:	10

2021-11-19 18:34:09
3.96 2.96 2.05 2/158 11103
MemTotal:        2033108 kB
MemAvailable:    1325448 kB
SwapTotal:       1048572 kB
SwapFree:        1042684 kB
benchmark_vitis PID=5550
State:	S (sleeping)
VmPeak:	 1187224 kB
VmSize:	 1185356 kB
VmRSS:	  178400 kB
VmSwap:	     248 kB
Threads:	10

2021-11-19 18:34:11
3.96 2.96 2.05 3/158 11117
MemTotal:        2033108 kB
MemAvailable:    1325052 kB
SwapTotal:       1048572 kB
SwapFree:        1042684 kB
benchmark_vitis PID=5550
State:	S (sleeping)
VmPeak:	 1187224 kB
VmSize:	 1185372 kB
VmRSS:	  178400 kB
VmSwap:	     248 kB
Threads:	10

2021-11-19 18:34:13
3.96 2.97 2.06 1/158 11131
MemTotal:        2033108 kB
MemAvailable:    1326216 kB
SwapTotal:       1048572 kB
SwapFree:        1042428 kB
benchmark_vitis PID=5550
State:	S (sleeping)
VmPeak:	 1187224 kB
VmSize:	 1186208 kB
VmRSS:	  178400 kB
VmSwap:	     248 kB
Threads:	10

2021-11-19 18:34:15
3.96 2.97 2.06 2/158 11145
MemTotal:        2033108 kB
MemAvailable:    1326592 kB
SwapTotal:       1048572 kB
SwapFree:        1042428 kB
benchmark_vitis PID=5550
State:	S (sleeping)
VmPeak:	 1187224 kB
VmSize:	 1186456 kB
VmRSS:	  178400 kB
VmSwap:	     248 kB
Threads:	10

2021-11-19 18:34:17
4.12 3.02 2.08 2/158 11159
MemTotal:        2033108 kB
MemAvailable:    1328896 kB
SwapTotal:       1048572 kB
SwapFree:        1042428 kB
benchmark_vitis PID=5550
State:	S (sleeping)
VmPeak:	 1187224 kB
VmSize:	 1186268 kB
VmRSS:	  178400 kB
VmSwap:	     248 kB
Threads:	10

2021-11-19 18:34:19
4.12 3.02 2.08 2/158 11173
MemTotal:        2033108 kB
MemAvailable:    1327796 kB
SwapTotal:       1048572 kB
SwapFree:        1042428 kB
benchmark_vitis PID=5550
State:	S (sleeping)
VmPeak:	 1187224 kB
VmSize:	 1184348 kB
VmRSS:	  178400 kB
VmSwap:	     248 kB
Threads:	10

2021-11-19 18:34:21
4.12 3.02 2.08 1/158 11187
MemTotal:        2033108 kB
MemAvailable:    1328192 kB
SwapTotal:       1048572 kB
SwapFree:        1042428 kB
benchmark_vitis PID=5550
State:	S (sleeping)
VmPeak:	 1187224 kB
VmSize:	 1185356 kB
VmRSS:	  178400 kB
VmSwap:	     248 kB
Threads:	10

2021-11-19 18:34:23
4.19 3.06 2.10 2/158 11201
MemTotal:        2033108 kB
MemAvailable:    1327848 kB
SwapTotal:       1048572 kB
SwapFree:        1042428 kB
benchmark_vitis PID=5550
State:	S (sleeping)
VmPeak:	 1187224 kB
VmSize:	 1186240 kB
VmRSS:	  178400 kB
VmSwap:	     248 kB
Threads:	10

2021-11-19 18:34:25
4.19 3.06 2.10 2/158 11215
MemTotal:        2033108 kB
MemAvailable:    1327780 kB
SwapTotal:       1048572 kB
SwapFree:        1042428 kB
benchmark_vitis PID=5550
State:	S (sleeping)
VmPeak:	 1187224 kB
VmSize:	 1186292 kB
VmRSS:	  178400 kB
VmSwap:	     248 kB
Threads:	10

2021-11-19 18:34:27
4.10 3.06 2.10 3/158 11229
MemTotal:        2033108 kB
MemAvailable:    1328128 kB
SwapTotal:       1048572 kB
SwapFree:        1042428 kB
benchmark_vitis PID=5550
State:	S (sleeping)
VmPeak:	 1187224 kB
VmSize:	 1186432 kB
VmRSS:	  178400 kB
VmSwap:	     248 kB
Threads:	10

2021-11-19 18:34:29
4.10 3.06 2.10 2/158 11243
MemTotal:        2033108 kB
MemAvailable:    1327884 kB
SwapTotal:       1048572 kB
SwapFree:        1042428 kB
benchmark_vitis PID=5550
State:	S (sleeping)
VmPeak:	 1187224 kB
VmSize:	 1186308 kB
VmRSS:	  178400 kB
VmSwap:	     248 kB
Threads:	10

2021-11-19 18:34:31
4.10 3.06 2.10 1/158 11257
MemTotal:        2033108 kB
MemAvailable:    1326540 kB
SwapTotal:       1048572 kB
SwapFree:        1042428 kB
benchmark_vitis PID=5550
State:	S (sleeping)
VmPeak:	 1187224 kB
VmSize:	 1185416 kB
VmRSS:	  178400 kB
VmSwap:	     248 kB
Threads:	10

2021-11-19 18:34:33
4.09 3.07 2.11 3/158 11271
MemTotal:        2033108 kB
MemAvailable:    1325072 kB
SwapTotal:       1048572 kB
SwapFree:        1042428 kB
benchmark_vitis PID=5550
State:	S (sleeping)
VmPeak:	 1187224 kB
VmSize:	 1185396 kB
VmRSS:	  178400 kB
VmSwap:	     248 kB
Threads:	10

2021-11-19 18:34:35
4.09 3.07 2.11 2/158 11285
MemTotal:        2033108 kB
MemAvailable:    1323680 kB
SwapTotal:       1048572 kB
SwapFree:        1042428 kB
benchmark_vitis PID=5550
State:	S (sleeping)
VmPeak:	 1187224 kB
VmSize:	 1184464 kB
VmRSS:	  178400 kB
VmSwap:	     248 kB
Threads:	10

2021-11-19 18:34:37
4.24 3.12 2.13 3/159 11301
MemTotal:        2033108 kB
MemAvailable:    1329000 kB
SwapTotal:       1048572 kB
SwapFree:        1042428 kB
benchmark_vitis PID=5550
State:	S (sleeping)
VmPeak:	 1187224 kB
VmSize:	 1186272 kB
VmRSS:	  178400 kB
VmSwap:	     248 kB
Threads:	10

2021-11-19 18:34:39
4.24 3.12 2.13 2/159 11315
MemTotal:        2033108 kB
MemAvailable:    1328060 kB
SwapTotal:       1048572 kB
SwapFree:        1042428 kB
benchmark_vitis PID=5550
State:	S (sleeping)
VmPeak:	 1187224 kB
VmSize:	 1186412 kB
VmRSS:	  178400 kB
VmSwap:	     248 kB
Threads:	10

2021-11-19 18:34:41
4.24 3.12 2.13 2/159 11329
MemTotal:        2033108 kB
MemAvailable:    1328512 kB
SwapTotal:       1048572 kB
SwapFree:        1042428 kB
benchmark_vitis PID=5550
State:	S (sleeping)
VmPeak:	 1187224 kB
VmSize:	 1186444 kB
VmRSS:	  178400 kB
VmSwap:	     248 kB
Threads:	10

2021-11-19 18:34:43
4.30 3.15 2.15 2/159 11343
MemTotal:        2033108 kB
MemAvailable:    1327232 kB
SwapTotal:       1048572 kB
SwapFree:        1042428 kB
benchmark_vitis PID=5550
State:	S (sleeping)
VmPeak:	 1187224 kB
VmSize:	 1186284 kB
VmRSS:	  178400 kB
VmSwap:	     248 kB
Threads:	10

2021-11-19 18:34:46
4.30 3.15 2.15 1/159 11357
MemTotal:        2033108 kB
MemAvailable:    1326192 kB
SwapTotal:       1048572 kB
SwapFree:        1042428 kB
benchmark_vitis PID=5550
State:	S (sleeping)
VmPeak:	 1187224 kB
VmSize:	 1185284 kB
VmRSS:	  178400 kB
VmSwap:	     248 kB
Threads:	10

2021-11-19 18:34:48
4.36 3.18 2.16 3/159 11371
MemTotal:        2033108 kB
MemAvailable:    1327504 kB
SwapTotal:       1048572 kB
SwapFree:        1042428 kB
benchmark_vitis PID=5550
State:	S (sleeping)
VmPeak:	 1187224 kB
VmSize:	 1186228 kB
VmRSS:	  178400 kB
VmSwap:	     248 kB
Threads:	10

2021-11-19 18:34:50
4.36 3.18 2.16 3/159 11385
MemTotal:        2033108 kB
MemAvailable:    1326100 kB
SwapTotal:       1048572 kB
SwapFree:        1042428 kB
benchmark_vitis PID=5550
State:	S (sleeping)
VmPeak:	 1187224 kB
VmSize:	 1186384 kB
VmRSS:	  178400 kB
VmSwap:	     248 kB
Threads:	10

2021-11-19 18:34:52
4.36 3.18 2.16 2/159 11399
MemTotal:        2033108 kB
MemAvailable:    1321604 kB
SwapTotal:       1048572 kB
SwapFree:        1042428 kB
benchmark_vitis PID=5550
State:	S (sleeping)
VmPeak:	 1187224 kB
VmSize:	 1185276 kB
VmRSS:	  178400 kB
VmSwap:	     248 kB
Threads:	10

2021-11-19 18:34:54
4.41 3.21 2.18 3/159 11413
MemTotal:        2033108 kB
MemAvailable:    1328268 kB
SwapTotal:       1048572 kB
SwapFree:        1042428 kB
benchmark_vitis PID=5550
State:	S (sleeping)
VmPeak:	 1187224 kB
VmSize:	 1184388 kB
VmRSS:	  178400 kB
VmSwap:	     248 kB
Threads:	10

2021-11-19 18:34:56
4.41 3.21 2.18 1/159 11427
MemTotal:        2033108 kB
MemAvailable:    1321392 kB
SwapTotal:       1048572 kB
SwapFree:        1042428 kB
benchmark_vitis PID=5550
State:	S (sleeping)
VmPeak:	 1187224 kB
VmSize:	 1185304 kB
VmRSS:	  178400 kB
VmSwap:	     248 kB
Threads:	10

2021-11-19 18:34:58
4.30 3.21 2.18 2/159 11441
MemTotal:        2033108 kB
MemAvailable:    1322612 kB
SwapTotal:       1048572 kB
SwapFree:        1042428 kB
benchmark_vitis PID=5550
State:	S (sleeping)
VmPeak:	 1187224 kB
VmSize:	 1184556 kB
VmRSS:	  178400 kB
VmSwap:	     248 kB
Threads:	10

2021-11-19 18:35:00
4.30 3.21 2.18 2/159 11455
MemTotal:        2033108 kB
MemAvailable:    1322452 kB
SwapTotal:       1048572 kB
SwapFree:        1042428 kB
benchmark_vitis PID=5550
State:	S (sleeping)
VmPeak:	 1187224 kB
VmSize:	 1185344 kB
VmRSS:	  178400 kB
VmSwap:	     248 kB
Threads:	10

2021-11-19 18:35:02
4.35 3.24 2.20 3/159 11469
MemTotal:        2033108 kB
MemAvailable:    1318076 kB
SwapTotal:       1048572 kB
SwapFree:        1042428 kB
benchmark_vitis PID=5550
State:	S (sleeping)
VmPeak:	 1187224 kB
VmSize:	 1184344 kB
VmRSS:	  178400 kB
VmSwap:	     248 kB
Threads:	10

2021-11-19 18:35:04
4.35 3.24 2.20 2/159 11483
MemTotal:        2033108 kB
MemAvailable:    1318044 kB
SwapTotal:       1048572 kB
SwapFree:        1042428 kB
benchmark_vitis PID=5550
State:	S (sleeping)
VmPeak:	 1187224 kB
VmSize:	 1185356 kB
VmRSS:	  178400 kB
VmSwap:	     248 kB
Threads:	10

2021-11-19 18:35:06
4.35 3.24 2.20 1/159 11497
MemTotal:        2033108 kB
MemAvailable:    1317828 kB
SwapTotal:       1048572 kB
SwapFree:        1042428 kB
benchmark_vitis PID=5550
State:	S (sleeping)
VmPeak:	 1187224 kB
VmSize:	 1186472 kB
VmRSS:	  178400 kB
VmSwap:	     248 kB
Threads:	10

2021-11-19 18:35:08
4.25 3.23 2.20 2/159 11511
MemTotal:        2033108 kB
MemAvailable:    1321968 kB
SwapTotal:       1048572 kB
SwapFree:        1042428 kB
benchmark_vitis PID=5550
State:	S (sleeping)
VmPeak:	 1187224 kB
VmSize:	 1185248 kB
VmRSS:	  178400 kB
VmSwap:	     248 kB
Threads:	10

2021-11-19 18:35:10
4.25 3.23 2.20 2/159 11525
MemTotal:        2033108 kB
MemAvailable:    1321104 kB
SwapTotal:       1048572 kB
SwapFree:        1042428 kB
benchmark_vitis PID=5550
State:	S (sleeping)
VmPeak:	 1187224 kB
VmSize:	 1185376 kB
VmRSS:	  178400 kB
VmSwap:	     248 kB
Threads:	10

2021-11-19 18:35:12
4.23 3.25 2.21 2/159 11539
MemTotal:        2033108 kB
MemAvailable:    1320472 kB
SwapTotal:       1048572 kB
SwapFree:        1042428 kB
benchmark_vitis PID=5550
State:	S (sleeping)
VmPeak:	 1187224 kB
VmSize:	 1185344 kB
VmRSS:	  178400 kB
VmSwap:	     248 kB
Threads:	10

2021-11-19 18:35:14
4.23 3.25 2.21 1/159 11553
MemTotal:        2033108 kB
MemAvailable:    1320496 kB
SwapTotal:       1048572 kB
SwapFree:        1042428 kB
benchmark_vitis PID=5550
State:	S (sleeping)
VmPeak:	 1187224 kB
VmSize:	 1185364 kB
VmRSS:	  178400 kB
VmSwap:	     248 kB
Threads:	10

2021-11-19 18:35:16
4.23 3.25 2.21 2/159 11567
MemTotal:        2033108 kB
MemAvailable:    1326716 kB
SwapTotal:       1048572 kB
SwapFree:        1042428 kB
benchmark_vitis PID=5550
State:	S (sleeping)
VmPeak:	 1187224 kB
VmSize:	 1185444 kB
VmRSS:	  178400 kB
VmSwap:	     248 kB
Threads:	10

2021-11-19 18:35:18
4.13 3.24 2.22 2/159 11581
MemTotal:        2033108 kB
MemAvailable:    1325348 kB
SwapTotal:       1048572 kB
SwapFree:        1042428 kB
benchmark_vitis PID=5550
State:	S (sleeping)
VmPeak:	 1187224 kB
VmSize:	 1186256 kB
VmRSS:	  178400 kB
VmSwap:	     248 kB
Threads:	10

2021-11-19 18:35:20
4.13 3.24 2.22 2/159 11595
MemTotal:        2033108 kB
MemAvailable:    1324708 kB
SwapTotal:       1048572 kB
SwapFree:        1042428 kB
benchmark_vitis PID=5550
State:	S (sleeping)
VmPeak:	 1187224 kB
VmSize:	 1186436 kB
VmRSS:	  178400 kB
VmSwap:	     248 kB
Threads:	10

2021-11-19 18:35:22
4.04 3.24 2.22 2/159 11609
MemTotal:        2033108 kB
MemAvailable:    1324752 kB
SwapTotal:       1048572 kB
SwapFree:        1042428 kB
benchmark_vitis PID=5550
State:	S (sleeping)
VmPeak:	 1187224 kB
VmSize:	 1186436 kB
VmRSS:	  178400 kB
VmSwap:	     248 kB
Threads:	10

2021-11-19 18:35:24
4.04 3.24 2.22 2/159 11623
MemTotal:        2033108 kB
MemAvailable:    1324108 kB
SwapTotal:       1048572 kB
SwapFree:        1042428 kB
benchmark_vitis PID=5550
State:	S (sleeping)
VmPeak:	 1187224 kB
VmSize:	 1185304 kB
VmRSS:	  178400 kB
VmSwap:	     248 kB
Threads:	10

2021-11-19 18:35:26
4.04 3.24 2.22 2/159 11637
MemTotal:        2033108 kB
MemAvailable:    1322052 kB
SwapTotal:       1048572 kB
SwapFree:        1042428 kB
benchmark_vitis PID=5550
State:	S (sleeping)
VmPeak:	 1187224 kB
VmSize:	 1186252 kB
VmRSS:	  178400 kB
VmSwap:	     248 kB
Threads:	10

2021-11-19 18:35:28
4.11 3.27 2.24 1/159 11651
MemTotal:        2033108 kB
MemAvailable:    1320620 kB
SwapTotal:       1048572 kB
SwapFree:        1042428 kB
benchmark_vitis PID=5550
State:	S (sleeping)
VmPeak:	 1187224 kB
VmSize:	 1186416 kB
VmRSS:	  178400 kB
VmSwap:	     248 kB
Threads:	10

2021-11-19 18:35:30
4.11 3.27 2.24 2/159 11665
MemTotal:        2033108 kB
MemAvailable:    1320532 kB
SwapTotal:       1048572 kB
SwapFree:        1042428 kB
benchmark_vitis PID=5550
State:	S (sleeping)
VmPeak:	 1187224 kB
VmSize:	 1186456 kB
VmRSS:	  178400 kB
VmSwap:	     248 kB
Threads:	10

2021-11-19 18:35:33
4.19 3.30 2.25 2/159 11679
MemTotal:        2033108 kB
MemAvailable:    1320080 kB
SwapTotal:       1048572 kB
SwapFree:        1042428 kB
benchmark_vitis PID=5550
State:	S (sleeping)
VmPeak:	 1187224 kB
VmSize:	 1185392 kB
VmRSS:	  178400 kB
VmSwap:	     248 kB
Threads:	10

2021-11-19 18:35:35
4.19 3.30 2.25 1/159 11693
MemTotal:        2033108 kB
MemAvailable:    1320548 kB
SwapTotal:       1048572 kB
SwapFree:        1042428 kB
benchmark_vitis PID=5550
State:	S (sleeping)
VmPeak:	 1187224 kB
VmSize:	 1186456 kB
VmRSS:	  178400 kB
VmSwap:	     248 kB
Threads:	10

2021-11-19 18:35:37
4.19 3.30 2.25 2/159 11707
MemTotal:        2033108 kB
MemAvailable:    1319244 kB
SwapTotal:       1048572 kB
SwapFree:        1042428 kB
benchmark_vitis PID=5550
State:	S (sleeping)
VmPeak:	 1187224 kB
VmSize:	 1186360 kB
VmRSS:	  178400 kB
VmSwap:	     248 kB
Threads:	10

2021-11-19 18:35:39
4.17 3.31 2.26 2/159 11722
MemTotal:        2033108 kB
MemAvailable:    1325388 kB
SwapTotal:       1048572 kB
SwapFree:        1042428 kB
benchmark_vitis PID=5550
State:	S (sleeping)
VmPeak:	 1187224 kB
VmSize:	 1186432 kB
VmRSS:	  177576 kB
VmSwap:	     248 kB
Threads:	10

2021-11-19 18:35:41
4.17 3.31 2.26 1/159 11736
MemTotal:        2033108 kB
MemAvailable:    1323464 kB
SwapTotal:       1048572 kB
SwapFree:        1042428 kB
benchmark_vitis PID=5550
State:	S (sleeping)
VmPeak:	 1187224 kB
VmSize:	 1186476 kB
VmRSS:	  177576 kB
VmSwap:	     248 kB
Threads:	10

2021-11-19 18:35:43
4.24 3.34 2.28 3/159 11750
MemTotal:        2033108 kB
MemAvailable:    1321240 kB
SwapTotal:       1048572 kB
SwapFree:        1042428 kB
benchmark_vitis PID=5550
State:	S (sleeping)
VmPeak:	 1187224 kB
VmSize:	 1185100 kB
VmRSS:	  177576 kB
VmSwap:	     248 kB
Threads:	10

2021-11-19 18:35:45
4.24 3.34 2.28 1/159 11764
MemTotal:        2033108 kB
MemAvailable:    1320472 kB
SwapTotal:       1048572 kB
SwapFree:        1042428 kB
benchmark_vitis PID=5550
State:	S (sleeping)
VmPeak:	 1187224 kB
VmSize:	 1184312 kB
VmRSS:	  177576 kB
VmSwap:	     248 kB
Threads:	10

2021-11-19 18:35:47
4.30 3.36 2.29 1/159 11778
MemTotal:        2033108 kB
MemAvailable:    1318776 kB
SwapTotal:       1048572 kB
SwapFree:        1042428 kB
benchmark_vitis PID=5550
State:	S (sleeping)
VmPeak:	 1187224 kB
VmSize:	 1185032 kB
VmRSS:	  177576 kB
VmSwap:	     248 kB
Threads:	10

2021-11-19 18:35:49
4.30 3.36 2.29 1/159 11792
MemTotal:        2033108 kB
MemAvailable:    1324444 kB
SwapTotal:       1048572 kB
SwapFree:        1042428 kB
benchmark_vitis PID=5550
State:	S (sleeping)
VmPeak:	 1187224 kB
VmSize:	 1185128 kB
VmRSS:	  177576 kB
VmSwap:	     248 kB
Threads:	10

2021-11-19 18:35:51
4.30 3.36 2.29 2/158 11807
MemTotal:        2033108 kB
MemAvailable:    1322564 kB
SwapTotal:       1048572 kB
SwapFree:        1042428 kB
benchmark_vitis PID=5550
State:	S (sleeping)
VmPeak:	 1187224 kB
VmSize:	 1185312 kB
VmRSS:	  177576 kB
VmSwap:	     248 kB
Threads:	10

2021-11-19 18:35:53
4.19 3.36 2.30 2/158 11821
MemTotal:        2033108 kB
MemAvailable:    1320856 kB
SwapTotal:       1048572 kB
SwapFree:        1042428 kB
benchmark_vitis PID=5550
State:	S (sleeping)
VmPeak:	 1187224 kB
VmSize:	 1185408 kB
VmRSS:	  177576 kB
VmSwap:	     248 kB
Threads:	10

2021-11-19 18:35:55
4.19 3.36 2.30 2/158 11835
MemTotal:        2033108 kB
MemAvailable:    1324324 kB
SwapTotal:       1048572 kB
SwapFree:        1042428 kB
benchmark_vitis PID=5550
State:	S (sleeping)
VmPeak:	 1187224 kB
VmSize:	 1185280 kB
VmRSS:	  174704 kB
VmSwap:	     248 kB
Threads:	10

2021-11-19 18:35:57
4.10 3.35 2.30 2/158 11849
MemTotal:        2033108 kB
MemAvailable:    1322372 kB
SwapTotal:       1048572 kB
SwapFree:        1042428 kB
benchmark_vitis PID=5550
State:	S (sleeping)
VmPeak:	 1187224 kB
VmSize:	 1184404 kB
VmRSS:	  174704 kB
VmSwap:	     248 kB
Threads:	10

2021-11-19 18:35:59
4.10 3.35 2.30 2/158 11863
MemTotal:        2033108 kB
MemAvailable:    1320876 kB
SwapTotal:       1048572 kB
SwapFree:        1042428 kB
benchmark_vitis PID=5550
State:	S (sleeping)
VmPeak:	 1187224 kB
VmSize:	 1185072 kB
VmRSS:	  174704 kB
VmSwap:	     248 kB
Threads:	10

2021-11-19 18:36:01
4.10 3.35 2.30 1/158 11877
MemTotal:        2033108 kB
MemAvailable:    1325524 kB
SwapTotal:       1048572 kB
SwapFree:        1042428 kB
benchmark_vitis PID=5550
State:	S (sleeping)
VmPeak:	 1187224 kB
VmSize:	 1185064 kB
VmRSS:	  174704 kB
VmSwap:	     248 kB
Threads:	10

2021-11-19 18:36:03
3.93 3.33 2.30 2/158 11891
MemTotal:        2033108 kB
MemAvailable:    1323128 kB
SwapTotal:       1048572 kB
SwapFree:        1042428 kB
benchmark_vitis PID=5550
State:	S (sleeping)
VmPeak:	 1187224 kB
VmSize:	 1185404 kB
VmRSS:	  174704 kB
VmSwap:	     248 kB
Threads:	10

2021-11-19 18:36:05
3.93 3.33 2.30 2/158 11905
MemTotal:        2033108 kB
MemAvailable:    1321956 kB
SwapTotal:       1048572 kB
SwapFree:        1042428 kB
benchmark_vitis PID=5550
State:	S (sleeping)
VmPeak:	 1187224 kB
VmSize:	 1186216 kB
VmRSS:	  174704 kB
VmSwap:	     248 kB
Threads:	10

2021-11-19 18:36:07
3.86 3.32 2.30 2/158 11920
MemTotal:        2033108 kB
MemAvailable:    1320524 kB
SwapTotal:       1048572 kB
SwapFree:        1042428 kB
benchmark_vitis PID=5550
State:	S (sleeping)
VmPeak:	 1187224 kB
VmSize:	 1186352 kB
VmRSS:	  174704 kB
VmSwap:	     248 kB
Threads:	10

2021-11-19 18:36:09
3.86 3.32 2.30 3/158 11934
MemTotal:        2033108 kB
MemAvailable:    1318852 kB
SwapTotal:       1048572 kB
SwapFree:        1042428 kB
benchmark_vitis PID=5550
State:	S (sleeping)
VmPeak:	 1187224 kB
VmSize:	 1186020 kB
VmRSS:	  174704 kB
VmSwap:	     248 kB
Threads:	10

2021-11-19 18:36:11
3.86 3.32 2.30 2/158 11948
MemTotal:        2033108 kB
MemAvailable:    1323320 kB
SwapTotal:       1048572 kB
SwapFree:        1042172 kB
benchmark_vitis PID=5550
State:	S (sleeping)
VmPeak:	 1187224 kB
VmSize:	 1186140 kB
VmRSS:	  174704 kB
VmSwap:	     248 kB
Threads:	10

2021-11-19 18:36:13
3.95 3.35 2.32 3/158 11962
MemTotal:        2033108 kB
MemAvailable:    1322756 kB
SwapTotal:       1048572 kB
SwapFree:        1042172 kB
benchmark_vitis PID=5550
State:	S (sleeping)
VmPeak:	 1187224 kB
VmSize:	 1185892 kB
VmRSS:	  174704 kB
VmSwap:	     248 kB
Threads:	10

2021-11-19 18:36:15
3.95 3.35 2.32 4/158 11976
MemTotal:        2033108 kB
MemAvailable:    1324352 kB
SwapTotal:       1048572 kB
SwapFree:        1042172 kB
benchmark_vitis PID=5550
State:	S (sleeping)
VmPeak:	 1187224 kB
VmSize:	 1185036 kB
VmRSS:	  174704 kB
VmSwap:	     248 kB
Threads:	10

2021-11-19 18:36:18
4.03 3.38 2.33 2/158 11990
MemTotal:        2033108 kB
MemAvailable:    1323924 kB
SwapTotal:       1048572 kB
SwapFree:        1042172 kB
benchmark_vitis PID=5550
State:	S (sleeping)
VmPeak:	 1187224 kB
VmSize:	 1185392 kB
VmRSS:	  174704 kB
VmSwap:	     248 kB
Threads:	10

2021-11-19 18:36:20
4.03 3.38 2.33 2/158 12004
MemTotal:        2033108 kB
MemAvailable:    1323476 kB
SwapTotal:       1048572 kB
SwapFree:        1042172 kB
benchmark_vitis PID=5550
State:	S (sleeping)
VmPeak:	 1187224 kB
VmSize:	 1184376 kB
VmRSS:	  174704 kB
VmSwap:	     248 kB
Threads:	10

2021-11-19 18:36:22
4.03 3.38 2.33 3/158 12018
MemTotal:        2033108 kB
MemAvailable:    1323036 kB
SwapTotal:       1048572 kB
SwapFree:        1042172 kB
benchmark_vitis PID=5550
State:	S (sleeping)
VmPeak:	 1187224 kB
VmSize:	 1185272 kB
VmRSS:	  174704 kB
VmSwap:	     248 kB
Threads:	10

2021-11-19 18:36:24
4.27 3.44 2.36 3/157 12032
MemTotal:        2033108 kB
MemAvailable:    1321916 kB
SwapTotal:       1048572 kB
SwapFree:        1042172 kB
benchmark_vitis PID=5550
State:	S (sleeping)
VmPeak:	 1187224 kB
VmSize:	 1185204 kB
VmRSS:	  174704 kB
VmSwap:	     248 kB
Threads:	10

2021-11-19 18:36:26
4.27 3.44 2.36 2/157 12046
MemTotal:        2033108 kB
MemAvailable:    1323544 kB
SwapTotal:       1048572 kB
SwapFree:        1042172 kB
benchmark_vitis PID=5550
State:	S (sleeping)
VmPeak:	 1187224 kB
VmSize:	 1184312 kB
VmRSS:	  174704 kB
VmSwap:	     248 kB
Threads:	10

2021-11-19 18:36:28
4.25 3.45 2.37 2/157 12060
MemTotal:        2033108 kB
MemAvailable:    1318848 kB
SwapTotal:       1048572 kB
SwapFree:        1042172 kB
benchmark_vitis PID=5550
State:	S (sleeping)
VmPeak:	 1187224 kB
VmSize:	 1185380 kB
VmRSS:	  174704 kB
VmSwap:	     248 kB
Threads:	10

2021-11-19 18:36:30
4.25 3.45 2.37 3/157 12074
MemTotal:        2033108 kB
MemAvailable:    1318352 kB
SwapTotal:       1048572 kB
SwapFree:        1042172 kB
benchmark_vitis PID=5550
State:	S (sleeping)
VmPeak:	 1187224 kB
VmSize:	 1185996 kB
VmRSS:	  174704 kB
VmSwap:	     248 kB
Threads:	10

2021-11-19 18:36:32
4.25 3.45 2.37 2/157 12088
MemTotal:        2033108 kB
MemAvailable:    1320884 kB
SwapTotal:       1048572 kB
SwapFree:        1042172 kB
benchmark_vitis PID=5550
State:	S (sleeping)
VmPeak:	 1187224 kB
VmSize:	 1186444 kB
VmRSS:	  174704 kB
VmSwap:	     248 kB
Threads:	10

2021-11-19 18:36:34
4.31 3.48 2.38 2/157 12102
MemTotal:        2033108 kB
MemAvailable:    1323492 kB
SwapTotal:       1048572 kB
SwapFree:        1042172 kB
benchmark_vitis PID=5550
State:	S (sleeping)
VmPeak:	 1187224 kB
VmSize:	 1186468 kB
VmRSS:	  174704 kB
VmSwap:	     248 kB
Threads:	10

2021-11-19 18:36:36
4.31 3.48 2.38 2/157 12116
MemTotal:        2033108 kB
MemAvailable:    1322172 kB
SwapTotal:       1048572 kB
SwapFree:        1042172 kB
benchmark_vitis PID=5550
State:	S (sleeping)
VmPeak:	 1187224 kB
VmSize:	 1186300 kB
VmRSS:	  174704 kB
VmSwap:	     248 kB
Threads:	10

2021-11-19 18:36:38
4.36 3.50 2.39 1/157 12131
MemTotal:        2033108 kB
MemAvailable:    1319364 kB
SwapTotal:       1048572 kB
SwapFree:        1042172 kB
benchmark_vitis PID=5550
State:	S (sleeping)
VmPeak:	 1187224 kB
VmSize:	 1185408 kB
VmRSS:	  174704 kB
VmSwap:	     248 kB
Threads:	10

2021-11-19 18:36:40
4.36 3.50 2.39 4/156 12145
MemTotal:        2033108 kB
MemAvailable:    1318488 kB
SwapTotal:       1048572 kB
SwapFree:        1042172 kB
benchmark_vitis PID=5550
State:	S (sleeping)
VmPeak:	 1187224 kB
VmSize:	 1184312 kB
VmRSS:	  174704 kB
VmSwap:	     248 kB
Threads:	10

2021-11-19 18:36:42
4.41 3.53 2.41 1/156 12159
MemTotal:        2033108 kB
MemAvailable:    1320716 kB
SwapTotal:       1048572 kB
SwapFree:        1042172 kB
benchmark_vitis PID=5550
State:	S (sleeping)
VmPeak:	 1187224 kB
VmSize:	 1184312 kB
VmRSS:	  174704 kB
VmSwap:	     248 kB
Threads:	10

2021-11-19 18:36:44
4.41 3.53 2.41 2/156 12173
MemTotal:        2033108 kB
MemAvailable:    1320836 kB
SwapTotal:       1048572 kB
SwapFree:        1042172 kB
benchmark_vitis PID=5550
State:	S (sleeping)
VmPeak:	 1187224 kB
VmSize:	 1184312 kB
VmRSS:	  174704 kB
VmSwap:	     248 kB
Threads:	10

2021-11-19 18:36:46
4.41 3.53 2.41 2/156 12187
MemTotal:        2033108 kB
MemAvailable:    1321896 kB
SwapTotal:       1048572 kB
SwapFree:        1042172 kB
benchmark_vitis PID=5550
State:	S (sleeping)
VmPeak:	 1187224 kB
VmSize:	 1184312 kB
VmRSS:	  174464 kB
VmSwap:	     248 kB
Threads:	10

2021-11-19 18:36:48
4.30 3.52 2.41 2/156 12201
MemTotal:        2033108 kB
MemAvailable:    1322356 kB
SwapTotal:       1048572 kB
SwapFree:        1042172 kB
benchmark_vitis PID=5550
State:	S (sleeping)
VmPeak:	 1187224 kB
VmSize:	 1185428 kB
VmRSS:	  174464 kB
VmSwap:	     248 kB
Threads:	10

2021-11-19 18:36:50
4.30 3.52 2.41 1/156 12215
MemTotal:        2033108 kB
MemAvailable:    1323100 kB
SwapTotal:       1048572 kB
SwapFree:        1042172 kB
benchmark_vitis PID=5550
State:	S (sleeping)
VmPeak:	 1187224 kB
VmSize:	 1185200 kB
VmRSS:	  174464 kB
VmSwap:	     248 kB
Threads:	10

2021-11-19 18:36:52
4.28 3.53 2.42 3/156 12229
MemTotal:        2033108 kB
MemAvailable:    1323152 kB
SwapTotal:       1048572 kB
SwapFree:        1042172 kB
benchmark_vitis PID=5550
State:	S (sleeping)
VmPeak:	 1187224 kB
VmSize:	 1185316 kB
VmRSS:	  174464 kB
VmSwap:	     248 kB
Threads:	10

2021-11-19 18:36:54
4.28 3.53 2.42 2/157 12244
MemTotal:        2033108 kB
MemAvailable:    1321800 kB
SwapTotal:       1048572 kB
SwapFree:        1042172 kB
benchmark_vitis PID=5550
State:	S (sleeping)
VmPeak:	 1187224 kB
VmSize:	 1186504 kB
VmRSS:	  174464 kB
VmSwap:	     248 kB
Threads:	10

2021-11-19 18:36:56
4.28 3.53 2.42 2/157 12258
MemTotal:        2033108 kB
MemAvailable:    1322020 kB
SwapTotal:       1048572 kB
SwapFree:        1042172 kB
benchmark_vitis PID=5550
State:	S (sleeping)
VmPeak:	 1187224 kB
VmSize:	 1185368 kB
VmRSS:	  174464 kB
VmSwap:	     248 kB
Threads:	10

2021-11-19 18:36:58
4.17 3.52 2.42 1/157 12272
MemTotal:        2033108 kB
MemAvailable:    1322960 kB
SwapTotal:       1048572 kB
SwapFree:        1042172 kB
benchmark_vitis PID=5550
State:	S (sleeping)
VmPeak:	 1187224 kB
VmSize:	 1185016 kB
VmRSS:	  174464 kB
VmSwap:	     248 kB
Threads:	10

2021-11-19 18:37:00
4.17 3.52 2.42 2/157 12286
MemTotal:        2033108 kB
MemAvailable:    1322280 kB
SwapTotal:       1048572 kB
SwapFree:        1042172 kB
benchmark_vitis PID=5550
State:	S (sleeping)
VmPeak:	 1187224 kB
VmSize:	 1185560 kB
VmRSS:	  174464 kB
VmSwap:	     248 kB
Threads:	10

2021-11-19 18:37:03
4.24 3.54 2.44 2/157 12300
MemTotal:        2033108 kB
MemAvailable:    1321968 kB
SwapTotal:       1048572 kB
SwapFree:        1042172 kB
benchmark_vitis PID=5550
State:	S (sleeping)
VmPeak:	 1187224 kB
VmSize:	 1186080 kB
VmRSS:	  174464 kB
VmSwap:	     248 kB
Threads:	10

2021-11-19 18:37:05
4.24 3.54 2.44 2/157 12314
MemTotal:        2033108 kB
MemAvailable:    1323244 kB
SwapTotal:       1048572 kB
SwapFree:        1042172 kB
benchmark_vitis PID=5550
State:	S (sleeping)
VmPeak:	 1187224 kB
VmSize:	 1186208 kB
VmRSS:	  174464 kB
VmSwap:	     248 kB
Threads:	10

2021-11-19 18:37:07
4.24 3.54 2.44 2/157 12328
MemTotal:        2033108 kB
MemAvailable:    1323076 kB
SwapTotal:       1048572 kB
SwapFree:        1042172 kB
benchmark_vitis PID=5550
State:	S (sleeping)
VmPeak:	 1187224 kB
VmSize:	 1185096 kB
VmRSS:	  174464 kB
VmSwap:	     248 kB
Threads:	10

2021-11-19 18:37:09
4.30 3.57 2.45 2/157 12342
MemTotal:        2033108 kB
MemAvailable:    1321924 kB
SwapTotal:       1048572 kB
SwapFree:        1042172 kB
benchmark_vitis PID=5550
State:	S (sleeping)
VmPeak:	 1187224 kB
VmSize:	 1184992 kB
VmRSS:	  174464 kB
VmSwap:	     248 kB
Threads:	10

2021-11-19 18:37:11
4.30 3.57 2.45 2/157 12356
MemTotal:        2033108 kB
MemAvailable:    1321740 kB
SwapTotal:       1048572 kB
SwapFree:        1042172 kB
benchmark_vitis PID=5550
State:	S (sleeping)
VmPeak:	 1187224 kB
VmSize:	 1184960 kB
VmRSS:	  174464 kB
VmSwap:	     248 kB
Threads:	10

2021-11-19 18:37:13
4.20 3.56 2.46 2/157 12370
MemTotal:        2033108 kB
MemAvailable:    1321816 kB
SwapTotal:       1048572 kB
SwapFree:        1042172 kB
benchmark_vitis PID=5550
State:	S (sleeping)
VmPeak:	 1187224 kB
VmSize:	 1185372 kB
VmRSS:	  174464 kB
VmSwap:	     248 kB
Threads:	10

2021-11-19 18:37:15
4.20 3.56 2.46 2/157 12384
MemTotal:        2033108 kB
MemAvailable:    1321748 kB
SwapTotal:       1048572 kB
SwapFree:        1042172 kB
benchmark_vitis PID=5550
State:	S (sleeping)
VmPeak:	 1187224 kB
VmSize:	 1184312 kB
VmRSS:	  174464 kB
VmSwap:	     248 kB
Threads:	10

2021-11-19 18:37:17
4.20 3.56 2.46 2/157 12398
MemTotal:        2033108 kB
MemAvailable:    1321712 kB
SwapTotal:       1048572 kB
SwapFree:        1042172 kB
benchmark_vitis PID=5550
State:	S (sleeping)
VmPeak:	 1187224 kB
VmSize:	 1185992 kB
VmRSS:	  174464 kB
VmSwap:	     248 kB
Threads:	10

2021-11-19 18:37:19
4.18 3.56 2.46 2/157 12412
MemTotal:        2033108 kB
MemAvailable:    1321076 kB
SwapTotal:       1048572 kB
SwapFree:        1042172 kB
benchmark_vitis PID=5550
State:	S (sleeping)
VmPeak:	 1187224 kB
VmSize:	 1185368 kB
VmRSS:	  171212 kB
VmSwap:	     248 kB
Threads:	10

2021-11-19 18:37:21
4.18 3.56 2.46 2/157 12426
MemTotal:        2033108 kB
MemAvailable:    1320628 kB
SwapTotal:       1048572 kB
SwapFree:        1042172 kB
benchmark_vitis PID=5550
State:	S (sleeping)
VmPeak:	 1187224 kB
VmSize:	 1186308 kB
VmRSS:	  171212 kB
VmSwap:	     248 kB
Threads:	10

2021-11-19 18:37:23
4.17 3.57 2.47 2/157 12440
MemTotal:        2033108 kB
MemAvailable:    1319440 kB
SwapTotal:       1048572 kB
SwapFree:        1042172 kB
benchmark_vitis PID=5550
State:	S (sleeping)
VmPeak:	 1187224 kB
VmSize:	 1185416 kB
VmRSS:	  171212 kB
VmSwap:	     248 kB
Threads:	10

2021-11-19 18:37:25
4.17 3.57 2.47 2/157 12454
MemTotal:        2033108 kB
MemAvailable:    1318548 kB
SwapTotal:       1048572 kB
SwapFree:        1042172 kB
benchmark_vitis PID=5550
State:	S (sleeping)
VmPeak:	 1187224 kB
VmSize:	 1185004 kB
VmRSS:	  171212 kB
VmSwap:	     248 kB
Threads:	10

2021-11-19 18:37:27
4.23 3.60 2.49 2/157 12468
MemTotal:        2033108 kB
MemAvailable:    1317140 kB
SwapTotal:       1048572 kB
SwapFree:        1042172 kB
benchmark_vitis PID=5550
State:	S (sleeping)
VmPeak:	 1187224 kB
VmSize:	 1185404 kB
VmRSS:	  171212 kB
VmSwap:	     248 kB
Threads:	10

2021-11-19 18:37:29
4.23 3.60 2.49 2/157 12482
MemTotal:        2033108 kB
MemAvailable:    1317256 kB
SwapTotal:       1048572 kB
SwapFree:        1042172 kB
benchmark_vitis PID=5550
State:	S (sleeping)
VmPeak:	 1187224 kB
VmSize:	 1185964 kB
VmRSS:	  171212 kB
VmSwap:	     248 kB
Threads:	10

2021-11-19 18:37:31
4.23 3.60 2.49 2/157 12496
MemTotal:        2033108 kB
MemAvailable:    1322496 kB
SwapTotal:       1048572 kB
SwapFree:        1042172 kB
benchmark_vitis PID=5550
State:	S (sleeping)
VmPeak:	 1187224 kB
VmSize:	 1185804 kB
VmRSS:	  171212 kB
VmSwap:	     248 kB
Threads:	10

2021-11-19 18:37:33
4.29 3.62 2.50 3/157 12510
MemTotal:        2033108 kB
MemAvailable:    1321640 kB
SwapTotal:       1048572 kB
SwapFree:        1042172 kB
benchmark_vitis PID=5550
State:	S (sleeping)
VmPeak:	 1187224 kB
VmSize:	 1185932 kB
VmRSS:	  171212 kB
VmSwap:	     248 kB
Threads:	10

2021-11-19 18:37:35
4.29 3.62 2.50 4/157 12524
MemTotal:        2033108 kB
MemAvailable:    1322404 kB
SwapTotal:       1048572 kB
SwapFree:        1042172 kB
benchmark_vitis PID=5550
State:	S (sleeping)
VmPeak:	 1187224 kB
VmSize:	 1185020 kB
VmRSS:	  171212 kB
VmSwap:	     248 kB
Threads:	10

2021-11-19 18:37:37
4.35 3.64 2.51 2/157 12538
MemTotal:        2033108 kB
MemAvailable:    1321392 kB
SwapTotal:       1048572 kB
SwapFree:        1042172 kB
benchmark_vitis PID=5550
State:	S (sleeping)
VmPeak:	 1187224 kB
VmSize:	 1185376 kB
VmRSS:	  171212 kB
VmSwap:	     248 kB
Threads:	10

2021-11-19 18:37:39
4.35 3.64 2.51 2/157 12553
MemTotal:        2033108 kB
MemAvailable:    1323092 kB
SwapTotal:       1048572 kB
SwapFree:        1041916 kB
benchmark_vitis PID=5550
State:	S (sleeping)
VmPeak:	 1187224 kB
VmSize:	 1185184 kB
VmRSS:	  171444 kB
VmSwap:	     248 kB
Threads:	10

2021-11-19 18:37:41
4.35 3.64 2.51 2/157 12567
MemTotal:        2033108 kB
MemAvailable:    1324232 kB
SwapTotal:       1048572 kB
SwapFree:        1041916 kB
benchmark_vitis PID=5550
State:	S (sleeping)
VmPeak:	 1187224 kB
VmSize:	 1185300 kB
VmRSS:	  171444 kB
VmSwap:	     248 kB
Threads:	10

2021-11-19 18:37:43
4.24 3.63 2.52 2/157 12581
MemTotal:        2033108 kB
MemAvailable:    1313744 kB
SwapTotal:       1048572 kB
SwapFree:        1041916 kB
benchmark_vitis PID=5550
State:	S (sleeping)
VmPeak:	 1187224 kB
VmSize:	 1185212 kB
VmRSS:	  171444 kB
VmSwap:	     248 kB
Threads:	10

2021-11-19 18:37:45
4.24 3.63 2.52 2/157 12595
MemTotal:        2033108 kB
MemAvailable:    1323212 kB
SwapTotal:       1048572 kB
SwapFree:        1041916 kB
benchmark_vitis PID=5550
State:	S (sleeping)
VmPeak:	 1187224 kB
VmSize:	 1185428 kB
VmRSS:	  171444 kB
VmSwap:	     248 kB
Threads:	10

2021-11-19 18:37:47
4.22 3.64 2.52 2/156 12609
MemTotal:        2033108 kB
MemAvailable:    1321488 kB
SwapTotal:       1048572 kB
SwapFree:        1041916 kB
benchmark_vitis PID=5550
State:	S (sleeping)
VmPeak:	 1187224 kB
VmSize:	 1184936 kB
VmRSS:	  171232 kB
VmSwap:	     248 kB
Threads:	10

2021-11-19 18:37:50
4.22 3.64 2.52 2/156 12623
MemTotal:        2033108 kB
MemAvailable:    1321176 kB
SwapTotal:       1048572 kB
SwapFree:        1041916 kB
benchmark_vitis PID=5550
State:	S (sleeping)
VmPeak:	 1187224 kB
VmSize:	 1185216 kB
VmRSS:	  171232 kB
VmSwap:	     248 kB
Threads:	10

2021-11-19 18:37:52
4.22 3.64 2.52 1/156 12637
MemTotal:        2033108 kB
MemAvailable:    1320656 kB
SwapTotal:       1048572 kB
SwapFree:        1041916 kB
benchmark_vitis PID=5550
State:	S (sleeping)
VmPeak:	 1187224 kB
VmSize:	 1185204 kB
VmRSS:	  171232 kB
VmSwap:	     248 kB
Threads:	10

2021-11-19 18:37:54
4.13 3.63 2.53 1/156 12651
MemTotal:        2033108 kB
MemAvailable:    1319344 kB
SwapTotal:       1048572 kB
SwapFree:        1041916 kB
benchmark_vitis PID=5550
State:	S (sleeping)
VmPeak:	 1187224 kB
VmSize:	 1185392 kB
VmRSS:	  171232 kB
VmSwap:	     248 kB
Threads:	10

2021-11-19 18:37:56
4.13 3.63 2.53 1/156 12665
MemTotal:        2033108 kB
MemAvailable:    1318252 kB
SwapTotal:       1048572 kB
SwapFree:        1041916 kB
benchmark_vitis PID=5550
State:	S (sleeping)
VmPeak:	 1187224 kB
VmSize:	 1184312 kB
VmRSS:	  171232 kB
VmSwap:	     248 kB
Threads:	10

2021-11-19 18:37:58
4.12 3.63 2.54 2/156 12679
MemTotal:        2033108 kB
MemAvailable:    1323060 kB
SwapTotal:       1048572 kB
SwapFree:        1041916 kB
benchmark_vitis PID=5550
State:	S (sleeping)
VmPeak:	 1187224 kB
VmSize:	 1185052 kB
VmRSS:	  171232 kB
VmSwap:	     248 kB
Threads:	10

2021-11-19 18:38:00
4.12 3.63 2.54 1/156 12693
MemTotal:        2033108 kB
MemAvailable:    1321252 kB
SwapTotal:       1048572 kB
SwapFree:        1041916 kB
benchmark_vitis PID=5550
State:	S (sleeping)
VmPeak:	 1187224 kB
VmSize:	 1184440 kB
VmRSS:	  171232 kB
VmSwap:	     248 kB
Threads:	10

2021-11-19 18:38:02
4.12 3.63 2.54 2/155 12707
MemTotal:        2033108 kB
MemAvailable:    1323624 kB
SwapTotal:       1048572 kB
SwapFree:        1041916 kB
benchmark_vitis PID=5550
State:	S (sleeping)
VmPeak:	 1187224 kB
VmSize:	 1185412 kB
VmRSS:	  171232 kB
VmSwap:	     248 kB
Threads:	10

2021-11-19 18:38:04
4.19 3.66 2.55 2/155 12721
MemTotal:        2033108 kB
MemAvailable:    1322604 kB
SwapTotal:       1048572 kB
SwapFree:        1041916 kB
benchmark_vitis PID=5550
State:	S (sleeping)
VmPeak:	 1187224 kB
VmSize:	 1185312 kB
VmRSS:	  171232 kB
VmSwap:	     248 kB
Threads:	10

2021-11-19 18:38:06
4.19 3.66 2.55 2/155 12735
MemTotal:        2033108 kB
MemAvailable:    1322192 kB
SwapTotal:       1048572 kB
SwapFree:        1041916 kB
benchmark_vitis PID=5550
State:	S (sleeping)
VmPeak:	 1187224 kB
VmSize:	 1185392 kB
VmRSS:	  171232 kB
VmSwap:	     248 kB
Threads:	10

2021-11-19 18:38:08
4.17 3.66 2.56 1/155 12749
MemTotal:        2033108 kB
MemAvailable:    1314380 kB
SwapTotal:       1048572 kB
SwapFree:        1041916 kB
benchmark_vitis PID=5550
State:	S (sleeping)
VmPeak:	 1187224 kB
VmSize:	 1186324 kB
VmRSS:	  171232 kB
VmSwap:	     248 kB
Threads:	10

2021-11-19 18:38:10
4.17 3.66 2.56 2/155 12763
MemTotal:        2033108 kB
MemAvailable:    1316180 kB
SwapTotal:       1048572 kB
SwapFree:        1041916 kB
benchmark_vitis PID=5550
State:	S (sleeping)
VmPeak:	 1187224 kB
VmSize:	 1186180 kB
VmRSS:	  171232 kB
VmSwap:	     248 kB
Threads:	10

2021-11-19 18:38:12
4.00 3.63 2.55 2/155 12777
MemTotal:        2033108 kB
MemAvailable:    1315504 kB
SwapTotal:       1048572 kB
SwapFree:        1041916 kB
benchmark_vitis PID=5550
State:	S (sleeping)
VmPeak:	 1187224 kB
VmSize:	 1186356 kB
VmRSS:	  171232 kB
VmSwap:	     248 kB
Threads:	10

2021-11-19 18:38:14
4.00 3.63 2.55 3/155 12791
MemTotal:        2033108 kB
MemAvailable:    1314516 kB
SwapTotal:       1048572 kB
SwapFree:        1041916 kB
benchmark_vitis PID=5550
State:	S (sleeping)
VmPeak:	 1187224 kB
VmSize:	 1185920 kB
VmRSS:	  171232 kB
VmSwap:	     248 kB
Threads:	10

2021-11-19 18:38:16
4.00 3.63 2.55 2/155 12805
MemTotal:        2033108 kB
MemAvailable:    1317508 kB
SwapTotal:       1048572 kB
SwapFree:        1041916 kB
benchmark_vitis PID=5550
State:	S (sleeping)
VmPeak:	 1187224 kB
VmSize:	 1186300 kB
VmRSS:	  171232 kB
VmSwap:	     248 kB
Threads:	10

2021-11-19 18:38:18
4.08 3.66 2.57 2/155 12819
MemTotal:        2033108 kB
MemAvailable:    1322220 kB
SwapTotal:       1048572 kB
SwapFree:        1041916 kB
benchmark_vitis PID=5550
State:	S (sleeping)
VmPeak:	 1187224 kB
VmSize:	 1186472 kB
VmRSS:	  171232 kB
VmSwap:	     248 kB
Threads:	10

2021-11-19 18:38:20
4.08 3.66 2.57 1/155 12833
MemTotal:        2033108 kB
MemAvailable:    1322324 kB
SwapTotal:       1048572 kB
SwapFree:        1041916 kB
benchmark_vitis PID=5550
State:	S (sleeping)
VmPeak:	 1187224 kB
VmSize:	 1185816 kB
VmRSS:	  171232 kB
VmSwap:	     248 kB
Threads:	10

2021-11-19 18:38:22
4.15 3.68 2.58 2/155 12847
MemTotal:        2033108 kB
MemAvailable:    1321948 kB
SwapTotal:       1048572 kB
SwapFree:        1041916 kB
benchmark_vitis PID=5550
State:	S (sleeping)
VmPeak:	 1187224 kB
VmSize:	 1185668 kB
VmRSS:	  171232 kB
VmSwap:	     248 kB
Threads:	10

2021-11-19 18:38:24
4.15 3.68 2.58 2/155 12861
MemTotal:        2033108 kB
MemAvailable:    1317756 kB
SwapTotal:       1048572 kB
SwapFree:        1041916 kB
benchmark_vitis PID=5550
State:	S (sleeping)
VmPeak:	 1187224 kB
VmSize:	 1186496 kB
VmRSS:	  171232 kB
VmSwap:	     248 kB
Threads:	10

2021-11-19 18:38:26
4.15 3.68 2.58 1/155 12875
MemTotal:        2033108 kB
MemAvailable:    1318764 kB
SwapTotal:       1048572 kB
SwapFree:        1041916 kB
benchmark_vitis PID=5550
State:	S (sleeping)
VmPeak:	 1187224 kB
VmSize:	 1186240 kB
VmRSS:	  171232 kB
VmSwap:	     248 kB
Threads:	10

2021-11-19 18:38:28
4.14 3.68 2.59 2/155 12889
MemTotal:        2033108 kB
MemAvailable:    1321476 kB
SwapTotal:       1048572 kB
SwapFree:        1041916 kB
benchmark_vitis PID=5550
State:	S (sleeping)
VmPeak:	 1187224 kB
VmSize:	 1184312 kB
VmRSS:	  171232 kB
VmSwap:	     248 kB
Threads:	10

2021-11-19 18:38:30
4.14 3.68 2.59 2/156 12904
MemTotal:        2033108 kB
MemAvailable:    1320868 kB
SwapTotal:       1048572 kB
SwapFree:        1041916 kB
benchmark_vitis PID=5550
State:	S (sleeping)
VmPeak:	 1187224 kB
VmSize:	 1184312 kB
VmRSS:	  171232 kB
VmSwap:	     248 kB
Threads:	10

2021-11-19 18:38:33
4.05 3.67 2.59 2/156 12918
MemTotal:        2033108 kB
MemAvailable:    1323372 kB
SwapTotal:       1048572 kB
SwapFree:        1041916 kB
benchmark_vitis PID=5550
State:	S (sleeping)
VmPeak:	 1187224 kB
VmSize:	 1184388 kB
VmRSS:	  171232 kB
VmSwap:	     248 kB
Threads:	10

2021-11-19 18:38:35
4.05 3.67 2.59 2/156 12932
MemTotal:        2033108 kB
MemAvailable:    1319544 kB
SwapTotal:       1048572 kB
SwapFree:        1041916 kB
benchmark_vitis PID=5550
State:	S (sleeping)
VmPeak:	 1187224 kB
VmSize:	 1185336 kB
VmRSS:	  171232 kB
VmSwap:	     248 kB
Threads:	10

2021-11-19 18:38:37
4.05 3.67 2.59 2/156 12946
MemTotal:        2033108 kB
MemAvailable:    1318832 kB
SwapTotal:       1048572 kB
SwapFree:        1041916 kB
benchmark_vitis PID=5550
State:	S (sleeping)
VmPeak:	 1187224 kB
VmSize:	 1184312 kB
VmRSS:	  171232 kB
VmSwap:	     248 kB
Threads:	10

2021-11-19 18:38:39
3.96 3.66 2.59 1/156 12961
MemTotal:        2033108 kB
MemAvailable:    1313236 kB
SwapTotal:       1048572 kB
SwapFree:        1041916 kB
benchmark_vitis PID=5550
State:	S (sleeping)
VmPeak:	 1187224 kB
VmSize:	 1185404 kB
VmRSS:	  171232 kB
VmSwap:	     248 kB
Threads:	10

2021-11-19 18:38:41
3.96 3.66 2.59 2/156 12975
MemTotal:        2033108 kB
MemAvailable:    1312600 kB
SwapTotal:       1048572 kB
SwapFree:        1041916 kB
benchmark_vitis PID=5550
State:	S (sleeping)
VmPeak:	 1187224 kB
VmSize:	 1184952 kB
VmRSS:	  171232 kB
VmSwap:	     248 kB
Threads:	10

2021-11-19 18:38:43
3.97 3.67 2.60 1/156 12989
MemTotal:        2033108 kB
MemAvailable:    1318276 kB
SwapTotal:       1048572 kB
SwapFree:        1041916 kB
benchmark_vitis PID=5550
State:	S (sleeping)
VmPeak:	 1187224 kB
VmSize:	 1184896 kB
VmRSS:	  171232 kB
VmSwap:	     248 kB
Threads:	10

2021-11-19 18:38:45
3.97 3.67 2.60 2/156 13003
MemTotal:        2033108 kB
MemAvailable:    1317644 kB
SwapTotal:       1048572 kB
SwapFree:        1041916 kB
benchmark_vitis PID=5550
State:	S (sleeping)
VmPeak:	 1187224 kB
VmSize:	 1185400 kB
VmRSS:	  171232 kB
VmSwap:	     248 kB
Threads:	10

2021-11-19 18:38:47
3.97 3.67 2.60 2/156 13017
MemTotal:        2033108 kB
MemAvailable:    1322908 kB
SwapTotal:       1048572 kB
SwapFree:        1041916 kB
benchmark_vitis PID=5550
State:	S (sleeping)
VmPeak:	 1187224 kB
VmSize:	 1185276 kB
VmRSS:	  167512 kB
VmSwap:	     248 kB
Threads:	10

2021-11-19 18:38:49
4.13 3.71 2.62 3/156 13031
MemTotal:        2033108 kB
MemAvailable:    1322116 kB
SwapTotal:       1048572 kB
SwapFree:        1041916 kB
benchmark_vitis PID=5550
State:	S (sleeping)
VmPeak:	 1187224 kB
VmSize:	 1186464 kB
VmRSS:	  167512 kB
VmSwap:	     248 kB
Threads:	10

2021-11-19 18:38:51
4.13 3.71 2.62 2/156 13045
MemTotal:        2033108 kB
MemAvailable:    1322536 kB
SwapTotal:       1048572 kB
SwapFree:        1041916 kB
benchmark_vitis PID=5550
State:	S (sleeping)
VmPeak:	 1187224 kB
VmSize:	 1185816 kB
VmRSS:	  167512 kB
VmSwap:	     248 kB
Threads:	10

2021-11-19 18:38:53
4.20 3.73 2.63 2/157 13060
MemTotal:        2033108 kB
MemAvailable:    1323104 kB
SwapTotal:       1048572 kB
SwapFree:        1041916 kB
benchmark_vitis PID=5550
State:	S (sleeping)
VmPeak:	 1187224 kB
VmSize:	 1186180 kB
VmRSS:	  167512 kB
VmSwap:	     248 kB
Threads:	10

2021-11-19 18:38:55
4.20 3.73 2.63 2/157 13074
MemTotal:        2033108 kB
MemAvailable:    1319164 kB
SwapTotal:       1048572 kB
SwapFree:        1041916 kB
benchmark_vitis PID=5550
State:	S (sleeping)
VmPeak:	 1187224 kB
VmSize:	 1185348 kB
VmRSS:	  167512 kB
VmSwap:	     248 kB
Threads:	10

2021-11-19 18:38:57
4.26 3.75 2.65 1/157 13088
MemTotal:        2033108 kB
MemAvailable:    1322804 kB
SwapTotal:       1048572 kB
SwapFree:        1041916 kB
benchmark_vitis PID=5550
State:	S (sleeping)
VmPeak:	 1187224 kB
VmSize:	 1184312 kB
VmRSS:	  167512 kB
VmSwap:	     248 kB
Threads:	10

2021-11-19 18:38:59
4.26 3.75 2.65 1/157 13102
MemTotal:        2033108 kB
MemAvailable:    1316672 kB
SwapTotal:       1048572 kB
SwapFree:        1041916 kB
benchmark_vitis PID=5550
State:	S (sleeping)
VmPeak:	 1187224 kB
VmSize:	 1184396 kB
VmRSS:	  167512 kB
VmSwap:	     248 kB
Threads:	10

2021-11-19 18:39:01
4.26 3.75 2.65 2/157 13116
MemTotal:        2033108 kB
MemAvailable:    1326056 kB
SwapTotal:       1048572 kB
SwapFree:        1041916 kB
benchmark_vitis PID=5550
State:	S (sleeping)
VmPeak:	 1187224 kB
VmSize:	 1185400 kB
VmRSS:	  167512 kB
VmSwap:	     248 kB
Threads:	10

2021-11-19 18:39:03
4.32 3.77 2.66 2/157 13130
MemTotal:        2033108 kB
MemAvailable:    1324992 kB
SwapTotal:       1048572 kB
SwapFree:        1041916 kB
benchmark_vitis PID=5550
State:	S (sleeping)
VmPeak:	 1187224 kB
VmSize:	 1185260 kB
VmRSS:	  167512 kB
VmSwap:	     248 kB
Threads:	10

2021-11-19 18:39:05
4.32 3.77 2.66 1/157 13144
MemTotal:        2033108 kB
MemAvailable:    1323544 kB
SwapTotal:       1048572 kB
SwapFree:        1041916 kB
benchmark_vitis PID=5550
State:	S (sleeping)
VmPeak:	 1187224 kB
VmSize:	 1184396 kB
VmRSS:	  167512 kB
VmSwap:	     248 kB
Threads:	10

2021-11-19 18:39:07
4.22 3.76 2.66 3/157 13158
MemTotal:        2033108 kB
MemAvailable:    1319580 kB
SwapTotal:       1048572 kB
SwapFree:        1041916 kB
benchmark_vitis PID=5550
State:	S (sleeping)
VmPeak:	 1187224 kB
VmSize:	 1186144 kB
VmRSS:	  167512 kB
VmSwap:	     248 kB
Threads:	10

2021-11-19 18:39:09
4.22 3.76 2.66 2/156 13172
MemTotal:        2033108 kB
MemAvailable:    1325004 kB
SwapTotal:       1048572 kB
SwapFree:        1041916 kB
benchmark_vitis PID=5550
State:	S (sleeping)
VmPeak:	 1187224 kB
VmSize:	 1185396 kB
VmRSS:	  167512 kB
VmSwap:	     248 kB
Threads:	10

2021-11-19 18:39:11
4.22 3.76 2.66 2/156 13186
MemTotal:        2033108 kB
MemAvailable:    1325024 kB
SwapTotal:       1048572 kB
SwapFree:        1041916 kB
benchmark_vitis PID=5550
State:	S (sleeping)
VmPeak:	 1187224 kB
VmSize:	 1184964 kB
VmRSS:	  167512 kB
VmSwap:	     248 kB
Threads:	10

2021-11-19 18:39:13
4.12 3.74 2.66 2/156 13200
MemTotal:        2033108 kB
MemAvailable:    1325192 kB
SwapTotal:       1048572 kB
SwapFree:        1041916 kB
benchmark_vitis PID=5550
State:	S (sleeping)
VmPeak:	 1187224 kB
VmSize:	 1185420 kB
VmRSS:	  167512 kB
VmSwap:	     248 kB
Threads:	10

2021-11-19 18:39:16
4.12 3.74 2.66 2/156 13214
MemTotal:        2033108 kB
MemAvailable:    1324756 kB
SwapTotal:       1048572 kB
SwapFree:        1041916 kB
benchmark_vitis PID=5550
State:	S (sleeping)
VmPeak:	 1187224 kB
VmSize:	 1185384 kB
VmRSS:	  167512 kB
VmSwap:	     248 kB
Threads:	10

2021-11-19 18:39:18
4.03 3.73 2.66 2/156 13228
MemTotal:        2033108 kB
MemAvailable:    1323840 kB
SwapTotal:       1048572 kB
SwapFree:        1041916 kB
benchmark_vitis PID=5550
State:	S (sleeping)
VmPeak:	 1187224 kB
VmSize:	 1185328 kB
VmRSS:	  167512 kB
VmSwap:	     248 kB
Threads:	10

2021-11-19 18:39:20
4.03 3.73 2.66 3/156 13242
MemTotal:        2033108 kB
MemAvailable:    1323288 kB
SwapTotal:       1048572 kB
SwapFree:        1041916 kB
benchmark_vitis PID=5550
State:	S (sleeping)
VmPeak:	 1187224 kB
VmSize:	 1185320 kB
VmRSS:	  167512 kB
VmSwap:	     248 kB
Threads:	10

2021-11-19 18:39:22
4.03 3.73 2.66 2/156 13256
MemTotal:        2033108 kB
MemAvailable:    1322648 kB
SwapTotal:       1048572 kB
SwapFree:        1041916 kB
benchmark_vitis PID=5550
State:	S (sleeping)
VmPeak:	 1187224 kB
VmSize:	 1185092 kB
VmRSS:	  167512 kB
VmSwap:	     248 kB
Threads:	10

2021-11-19 18:39:24
4.11 3.75 2.68 2/156 13270
MemTotal:        2033108 kB
MemAvailable:    1322216 kB
SwapTotal:       1048572 kB
SwapFree:        1041916 kB
benchmark_vitis PID=5550
State:	S (sleeping)
VmPeak:	 1187224 kB
VmSize:	 1184964 kB
VmRSS:	  167512 kB
VmSwap:	     248 kB
Threads:	10

2021-11-19 18:39:26
4.11 3.75 2.68 2/156 13284
MemTotal:        2033108 kB
MemAvailable:    1323420 kB
SwapTotal:       1048572 kB
SwapFree:        1041916 kB
benchmark_vitis PID=5550
State:	S (sleeping)
VmPeak:	 1187224 kB
VmSize:	 1184312 kB
VmRSS:	  167512 kB
VmSwap:	     248 kB
Threads:	10

2021-11-19 18:39:28
4.18 3.77 2.69 2/157 13299
MemTotal:        2033108 kB
MemAvailable:    1323756 kB
SwapTotal:       1048572 kB
SwapFree:        1041916 kB
benchmark_vitis PID=5550
State:	S (sleeping)
VmPeak:	 1187224 kB
VmSize:	 1185352 kB
VmRSS:	  167512 kB
VmSwap:	     248 kB
Threads:	10

2021-11-19 18:39:30
4.18 3.77 2.69 2/157 13316
MemTotal:        2033108 kB
MemAvailable:    1322592 kB
SwapTotal:       1048572 kB
SwapFree:        1041916 kB
benchmark_vitis PID=5550
State:	S (sleeping)
VmPeak:	 1187224 kB
VmSize:	 1185504 kB
VmRSS:	  167512 kB
VmSwap:	     248 kB
Threads:	10

2021-11-19 18:39:32
4.18 3.77 2.69 2/157 13330
MemTotal:        2033108 kB
MemAvailable:    1324232 kB
SwapTotal:       1048572 kB
SwapFree:        1041916 kB
benchmark_vitis PID=5550
State:	S (sleeping)
VmPeak:	 1187224 kB
VmSize:	 1186368 kB
VmRSS:	  167512 kB
VmSwap:	     248 kB
Threads:	10

2021-11-19 18:39:34
4.25 3.79 2.70 2/157 13344
MemTotal:        2033108 kB
MemAvailable:    1323816 kB
SwapTotal:       1048572 kB
SwapFree:        1041916 kB
benchmark_vitis PID=5550
State:	S (sleeping)
VmPeak:	 1187224 kB
VmSize:	 1185292 kB
VmRSS:	  167512 kB
VmSwap:	     248 kB
Threads:	10

2021-11-19 18:39:36
4.25 3.79 2.70 2/157 13358
MemTotal:        2033108 kB
MemAvailable:    1324584 kB
SwapTotal:       1048572 kB
SwapFree:        1041916 kB
benchmark_vitis PID=5550
State:	S (sleeping)
VmPeak:	 1187224 kB
VmSize:	 1185952 kB
VmRSS:	  167512 kB
VmSwap:	     248 kB
Threads:	10

2021-11-19 18:39:38
4.31 3.81 2.71 2/157 13373
MemTotal:        2033108 kB
MemAvailable:    1324152 kB
SwapTotal:       1048572 kB
SwapFree:        1041916 kB
benchmark_vitis PID=5550
State:	S (sleeping)
VmPeak:	 1187224 kB
VmSize:	 1186344 kB
VmRSS:	  167512 kB
VmSwap:	     248 kB
Threads:	10

2021-11-19 18:39:40
4.31 3.81 2.71 2/157 13387
MemTotal:        2033108 kB
MemAvailable:    1324256 kB
SwapTotal:       1048572 kB
SwapFree:        1041916 kB
benchmark_vitis PID=5550
State:	S (sleeping)
VmPeak:	 1187224 kB
VmSize:	 1185060 kB
VmRSS:	  167512 kB
VmSwap:	     248 kB
Threads:	10

2021-11-19 18:39:42
4.36 3.83 2.73 2/156 13401
MemTotal:        2033108 kB
MemAvailable:    1323912 kB
SwapTotal:       1048572 kB
SwapFree:        1041916 kB
benchmark_vitis PID=5550
State:	S (sleeping)
VmPeak:	 1187224 kB
VmSize:	 1185348 kB
VmRSS:	  167512 kB
VmSwap:	     248 kB
Threads:	10

2021-11-19 18:39:44
4.36 3.83 2.73 1/156 13415
MemTotal:        2033108 kB
MemAvailable:    1324096 kB
SwapTotal:       1048572 kB
SwapFree:        1041916 kB
benchmark_vitis PID=5550
State:	S (sleeping)
VmPeak:	 1187224 kB
VmSize:	 1184312 kB
VmRSS:	  167512 kB
VmSwap:	     248 kB
Threads:	10

2021-11-19 18:39:46
4.36 3.83 2.73 1/156 13429
MemTotal:        2033108 kB
MemAvailable:    1317172 kB
SwapTotal:       1048572 kB
SwapFree:        1041916 kB
benchmark_vitis PID=5550
State:	S (sleeping)
VmPeak:	 1187224 kB
VmSize:	 1184312 kB
VmRSS:	  167512 kB
VmSwap:	     248 kB
Threads:	10

2021-11-19 18:39:48
4.33 3.84 2.73 2/156 13443
MemTotal:        2033108 kB
MemAvailable:    1320720 kB
SwapTotal:       1048572 kB
SwapFree:        1041916 kB
benchmark_vitis PID=5550
State:	S (sleeping)
VmPeak:	 1187224 kB
VmSize:	 1184956 kB
VmRSS:	  167512 kB
VmSwap:	     248 kB
Threads:	10

2021-11-19 18:39:50
4.33 3.84 2.73 2/156 13457
MemTotal:        2033108 kB
MemAvailable:    1322532 kB
SwapTotal:       1048572 kB
SwapFree:        1041916 kB
benchmark_vitis PID=5550
State:	S (sleeping)
VmPeak:	 1187224 kB
VmSize:	 1185156 kB
VmRSS:	  163860 kB
VmSwap:	     248 kB
Threads:	10

2021-11-19 18:39:52
4.23 3.82 2.74 2/156 13471
MemTotal:        2033108 kB
MemAvailable:    1322940 kB
SwapTotal:       1048572 kB
SwapFree:        1041916 kB
benchmark_vitis PID=5550
State:	S (sleeping)
VmPeak:	 1187224 kB
VmSize:	 1184312 kB
VmRSS:	  163860 kB
VmSwap:	     248 kB
Threads:	10

2021-11-19 18:39:54
4.23 3.82 2.74 1/156 13485
MemTotal:        2033108 kB
MemAvailable:    1324048 kB
SwapTotal:       1048572 kB
SwapFree:        1041916 kB
benchmark_vitis PID=5550
State:	S (sleeping)
VmPeak:	 1187224 kB
VmSize:	 1185264 kB
VmRSS:	  163860 kB
VmSwap:	     248 kB
Threads:	10

2021-11-19 18:39:56
4.23 3.82 2.74 2/156 13499
MemTotal:        2033108 kB
MemAvailable:    1325876 kB
SwapTotal:       1048572 kB
SwapFree:        1041916 kB
benchmark_vitis PID=5550
State:	S (sleeping)
VmPeak:	 1187224 kB
VmSize:	 1185080 kB
VmRSS:	  163860 kB
VmSwap:	     248 kB
Threads:	10

2021-11-19 18:39:58
4.05 3.79 2.73 1/156 13513
MemTotal:        2033108 kB
MemAvailable:    1324420 kB
SwapTotal:       1048572 kB
SwapFree:        1041916 kB
benchmark_vitis PID=5550
State:	S (sleeping)
VmPeak:	 1187224 kB
VmSize:	 1185316 kB
VmRSS:	  163860 kB
VmSwap:	     248 kB
Threads:	10

2021-11-19 18:40:00
4.05 3.79 2.73 2/156 13527
MemTotal:        2033108 kB
MemAvailable:    1323688 kB
SwapTotal:       1048572 kB
SwapFree:        1041916 kB
benchmark_vitis PID=5550
State:	S (sleeping)
VmPeak:	 1187224 kB
VmSize:	 1185292 kB
VmRSS:	  163860 kB
VmSwap:	     248 kB
Threads:	10

2021-11-19 18:40:03
3.96 3.78 2.73 1/156 13541
MemTotal:        2033108 kB
MemAvailable:    1325776 kB
SwapTotal:       1048572 kB
SwapFree:        1041916 kB
benchmark_vitis PID=5550
State:	S (sleeping)
VmPeak:	 1187224 kB
VmSize:	 1185228 kB
VmRSS:	  163860 kB
VmSwap:	     248 kB
Threads:	10

2021-11-19 18:40:05
3.96 3.78 2.73 1/156 13555
MemTotal:        2033108 kB
MemAvailable:    1323992 kB
SwapTotal:       1048572 kB
SwapFree:        1041916 kB
benchmark_vitis PID=5550
State:	S (sleeping)
VmPeak:	 1187224 kB
VmSize:	 1185224 kB
VmRSS:	  163860 kB
VmSwap:	     248 kB
Threads:	10

2021-11-19 18:40:07
3.96 3.78 2.73 3/156 13569
MemTotal:        2033108 kB
MemAvailable:    1322872 kB
SwapTotal:       1048572 kB
SwapFree:        1041916 kB
benchmark_vitis PID=5550
State:	S (sleeping)
VmPeak:	 1187224 kB
VmSize:	 1184312 kB
VmRSS:	  163860 kB
VmSwap:	     248 kB
Threads:	10

2021-11-19 18:40:09
4.05 3.80 2.75 2/156 13583
MemTotal:        2033108 kB
MemAvailable:    1321864 kB
SwapTotal:       1048572 kB
SwapFree:        1041916 kB
benchmark_vitis PID=5550
State:	S (sleeping)
VmPeak:	 1187224 kB
VmSize:	 1184312 kB
VmRSS:	  163860 kB
VmSwap:	     248 kB
Threads:	10

2021-11-19 18:40:11
4.05 3.80 2.75 2/156 13597
MemTotal:        2033108 kB
MemAvailable:    1322140 kB
SwapTotal:       1048572 kB
SwapFree:        1041916 kB
benchmark_vitis PID=5550
State:	S (sleeping)
VmPeak:	 1187224 kB
VmSize:	 1185320 kB
VmRSS:	  163860 kB
VmSwap:	     248 kB
Threads:	10

2021-11-19 18:40:13
3.88 3.77 2.74 2/156 13611
MemTotal:        2033108 kB
MemAvailable:    1321388 kB
SwapTotal:       1048572 kB
SwapFree:        1041916 kB
benchmark_vitis PID=5550
State:	S (sleeping)
VmPeak:	 1187224 kB
VmSize:	 1184916 kB
VmRSS:	  163860 kB
VmSwap:	     248 kB
Threads:	10

2021-11-19 18:40:15
3.88 3.77 2.74 2/156 13625
MemTotal:        2033108 kB
MemAvailable:    1321140 kB
SwapTotal:       1048572 kB
SwapFree:        1041916 kB
benchmark_vitis PID=5550
State:	S (sleeping)
VmPeak:	 1187224 kB
VmSize:	 1186520 kB
VmRSS:	  163860 kB
VmSwap:	     248 kB
Threads:	10

2021-11-19 18:40:17
3.88 3.77 2.74 2/156 13639
MemTotal:        2033108 kB
MemAvailable:    1325280 kB
SwapTotal:       1048572 kB
SwapFree:        1041916 kB
benchmark_vitis PID=5550
State:	S (sleeping)
VmPeak:	 1187224 kB
VmSize:	 1185264 kB
VmRSS:	  163860 kB
VmSwap:	     248 kB
Threads:	10

2021-11-19 18:40:19
3.73 3.74 2.74 2/156 13653
MemTotal:        2033108 kB
MemAvailable:    1324352 kB
SwapTotal:       1048572 kB
SwapFree:        1041916 kB
benchmark_vitis PID=5550
State:	S (sleeping)
VmPeak:	 1187224 kB
VmSize:	 1185348 kB
VmRSS:	  163860 kB
VmSwap:	     248 kB
Threads:	10

2021-11-19 18:40:21
3.73 3.74 2.74 3/156 13667
MemTotal:        2033108 kB
MemAvailable:    1323184 kB
SwapTotal:       1048572 kB
SwapFree:        1041916 kB
benchmark_vitis PID=5550
State:	S (sleeping)
VmPeak:	 1187224 kB
VmSize:	 1185348 kB
VmRSS:	  163860 kB
VmSwap:	     248 kB
Threads:	10

2021-11-19 18:40:23
3.67 3.73 2.74 2/156 13681
MemTotal:        2033108 kB
MemAvailable:    1322228 kB
SwapTotal:       1048572 kB
SwapFree:        1041916 kB
benchmark_vitis PID=5550
State:	S (sleeping)
VmPeak:	 1187224 kB
VmSize:	 1185416 kB
VmRSS:	  163860 kB
VmSwap:	     248 kB
Threads:	10

2021-11-19 18:40:25
3.67 3.73 2.74 2/156 13695
MemTotal:        2033108 kB
MemAvailable:    1325372 kB
SwapTotal:       1048572 kB
SwapFree:        1041916 kB
benchmark_vitis PID=5550
State:	S (sleeping)
VmPeak:	 1187224 kB
VmSize:	 1185300 kB
VmRSS:	  163860 kB
VmSwap:	     248 kB
Threads:	10

2021-11-19 18:40:27
3.67 3.73 2.74 2/156 13709
MemTotal:        2033108 kB
MemAvailable:    1324824 kB
SwapTotal:       1048572 kB
SwapFree:        1041916 kB
benchmark_vitis PID=5550
State:	S (sleeping)
VmPeak:	 1187224 kB
VmSize:	 1185400 kB
VmRSS:	  163860 kB
VmSwap:	     248 kB
Threads:	10

2021-11-19 18:40:29
3.70 3.73 2.74 3/156 13723
MemTotal:        2033108 kB
MemAvailable:    1323652 kB
SwapTotal:       1048572 kB
SwapFree:        1041916 kB
benchmark_vitis PID=5550
State:	S (sleeping)
VmPeak:	 1187224 kB
VmSize:	 1185068 kB
VmRSS:	  163860 kB
VmSwap:	     248 kB
Threads:	10

2021-11-19 18:40:31
3.70 3.73 2.74 2/155 13737
MemTotal:        2033108 kB
MemAvailable:    1323052 kB
SwapTotal:       1048572 kB
SwapFree:        1041916 kB
benchmark_vitis PID=5550
State:	S (sleeping)
VmPeak:	 1187224 kB
VmSize:	 1184312 kB
VmRSS:	  163920 kB
VmSwap:	     248 kB
Threads:	8

2021-11-19 18:40:33
3.48 3.69 2.73 1/148 13752
MemTotal:        2033108 kB
MemAvailable:    1753856 kB
SwapTotal:       1048572 kB
SwapFree:        1041916 kB
benchmark_vitis PID=5550
State:	D (disk sleep)
VmPeak:	 1187224 kB
VmSize:	  725800 kB
VmRSS:	   93972 kB
VmSwap:	     248 kB
Threads:	2

2021-11-19 18:40:35
3.48 3.69 2.73 2/148 13766
MemTotal:        2033108 kB
MemAvailable:    1651076 kB
SwapTotal:       1048572 kB
SwapFree:        1041916 kB
benchmark_vitis PID=5550
State:	R (running)
VmPeak:	 1187224 kB
VmSize:	  820024 kB
VmRSS:	  173260 kB
VmSwap:	     248 kB
Threads:	2

2021-11-19 18:40:37
3.28 3.64 2.72 1/148 13780
MemTotal:        2033108 kB
MemAvailable:    1488588 kB
SwapTotal:       1048572 kB
SwapFree:        1041916 kB
benchmark_vitis PID=5550
State:	S (sleeping)
VmPeak:	 1187224 kB
VmSize:	  980544 kB
VmRSS:	  172764 kB
VmSwap:	     248 kB
Threads:	2

2021-11-19 18:40:39
3.28 3.64 2.72 1/148 13795
MemTotal:        2033108 kB
MemAvailable:    1488216 kB
SwapTotal:       1048572 kB
SwapFree:        1041916 kB
benchmark_vitis PID=5550
State:	S (sleeping)
VmPeak:	 1187224 kB
VmSize:	  980544 kB
VmRSS:	  172764 kB
VmSwap:	     248 kB
Threads:	2

2021-11-19 18:40:41
3.28 3.64 2.72 1/148 13809
MemTotal:        2033108 kB
MemAvailable:    1487216 kB
SwapTotal:       1048572 kB
SwapFree:        1041916 kB
benchmark_vitis PID=5550
State:	S (sleeping)
VmPeak:	 1187224 kB
VmSize:	  980544 kB
VmRSS:	  172892 kB
VmSwap:	     248 kB
Threads:	2

2021-11-19 18:40:43
3.10 3.60 2.72 2/148 13823
MemTotal:        2033108 kB
MemAvailable:    1486072 kB
SwapTotal:       1048572 kB
SwapFree:        1041916 kB
benchmark_vitis PID=5550
State:	D (disk sleep)
VmPeak:	 1187224 kB
VmSize:	  981464 kB
VmRSS:	  172892 kB
VmSwap:	     248 kB
Threads:	2

2021-11-19 18:40:45
3.10 3.60 2.72 1/148 13837
MemTotal:        2033108 kB
MemAvailable:    1484600 kB
SwapTotal:       1048572 kB
SwapFree:        1041916 kB
benchmark_vitis PID=5550
State:	R (running)
VmPeak:	 1187224 kB
VmSize:	  980544 kB
VmRSS:	  172892 kB
VmSwap:	     248 kB
Threads:	2

2021-11-19 18:40:47
2.93 3.55 2.71 1/148 13851
MemTotal:        2033108 kB
MemAvailable:    1482788 kB
SwapTotal:       1048572 kB
SwapFree:        1041916 kB
benchmark_vitis PID=5550
State:	S (sleeping)
VmPeak:	 1187224 kB
VmSize:	  980544 kB
VmRSS:	  172892 kB
VmSwap:	     248 kB
Threads:	2

2021-11-19 18:40:49
2.93 3.55 2.71 2/148 13865
MemTotal:        2033108 kB
MemAvailable:    1480796 kB
SwapTotal:       1048572 kB
SwapFree:        1041916 kB
benchmark_vitis PID=5550
State:	R (running)
VmPeak:	 1187224 kB
VmSize:	  980544 kB
VmRSS:	  172892 kB
VmSwap:	     248 kB
Threads:	2

2021-11-19 18:40:52
2.93 3.55 2.71 1/148 13879
MemTotal:        2033108 kB
MemAvailable:    1480572 kB
SwapTotal:       1048572 kB
SwapFree:        1041916 kB
benchmark_vitis PID=5550
State:	R (running)
VmPeak:	 1187224 kB
VmSize:	  980548 kB
VmRSS:	  172892 kB
VmSwap:	     248 kB
Threads:	2

2021-11-19 18:40:54
2.78 3.51 2.70 1/148 13893
MemTotal:        2033108 kB
MemAvailable:    1479656 kB
SwapTotal:       1048572 kB
SwapFree:        1041916 kB
benchmark_vitis PID=5550
State:	S (sleeping)
VmPeak:	 1187224 kB
VmSize:	  980544 kB
VmRSS:	  172892 kB
VmSwap:	     248 kB
Threads:	2

2021-11-19 18:40:56
2.78 3.51 2.70 2/148 13907
MemTotal:        2033108 kB
MemAvailable:    1478760 kB
SwapTotal:       1048572 kB
SwapFree:        1041916 kB
benchmark_vitis PID=5550
State:	S (sleeping)
VmPeak:	 1187224 kB
VmSize:	  980544 kB
VmRSS:	  172892 kB
VmSwap:	     248 kB
Threads:	2

2021-11-19 18:40:58
2.63 3.47 2.69 2/148 13921
MemTotal:        2033108 kB
MemAvailable:    1478704 kB
SwapTotal:       1048572 kB
SwapFree:        1041916 kB
benchmark_vitis PID=5550
State:	R (running)
VmPeak:	 1187224 kB
VmSize:	  981548 kB
VmRSS:	  172892 kB
VmSwap:	     248 kB
Threads:	2

2021-11-19 18:41:00
2.63 3.47 2.69 1/148 13935
MemTotal:        2033108 kB
MemAvailable:    1481684 kB
SwapTotal:       1048572 kB
SwapFree:        1041916 kB
benchmark_vitis PID=5550
State:	S (sleeping)
VmPeak:	 1187224 kB
VmSize:	  980544 kB
VmRSS:	  172892 kB
VmSwap:	     248 kB
Threads:	2

2021-11-19 18:41:02
2.63 3.47 2.69 1/148 13949
MemTotal:        2033108 kB
MemAvailable:    1488868 kB
SwapTotal:       1048572 kB
SwapFree:        1041916 kB
benchmark_vitis PID=5550
State:	S (sleeping)
VmPeak:	 1187224 kB
VmSize:	  980544 kB
VmRSS:	  172892 kB
VmSwap:	     248 kB
Threads:	2

2021-11-19 18:41:04
2.50 3.43 2.68 2/147 13963
MemTotal:        2033108 kB
MemAvailable:    1488116 kB
SwapTotal:       1048572 kB
SwapFree:        1041916 kB
benchmark_vitis PID=5550
State:	R (running)
VmPeak:	 1187224 kB
VmSize:	  981604 kB
VmRSS:	  172892 kB
VmSwap:	     248 kB
Threads:	2

2021-11-19 18:41:06
2.50 3.43 2.68 1/147 13977
MemTotal:        2033108 kB
MemAvailable:    1486688 kB
SwapTotal:       1048572 kB
SwapFree:        1041916 kB
benchmark_vitis PID=5550
State:	S (sleeping)
VmPeak:	 1187224 kB
VmSize:	  980544 kB
VmRSS:	  172892 kB
VmSwap:	     248 kB
Threads:	2

2021-11-19 18:41:08
2.46 3.41 2.67 2/147 13991
MemTotal:        2033108 kB
MemAvailable:    1485972 kB
SwapTotal:       1048572 kB
SwapFree:        1041916 kB
benchmark_vitis PID=5550
State:	R (running)
VmPeak:	 1187224 kB
VmSize:	  980544 kB
VmRSS:	  172892 kB
VmSwap:	     248 kB
Threads:	2

2021-11-19 18:41:10
2.46 3.41 2.67 2/147 14005
MemTotal:        2033108 kB
MemAvailable:    1484284 kB
SwapTotal:       1048572 kB
SwapFree:        1041916 kB
benchmark_vitis PID=5550
State:	R (running)
VmPeak:	 1187224 kB
VmSize:	  981572 kB
VmRSS:	  172892 kB
VmSwap:	     248 kB
Threads:	2

2021-11-19 18:41:12
2.46 3.41 2.67 1/147 14019
MemTotal:        2033108 kB
MemAvailable:    1483888 kB
SwapTotal:       1048572 kB
SwapFree:        1041916 kB
benchmark_vitis PID=5550
State:	S (sleeping)
VmPeak:	 1187224 kB
VmSize:	  980544 kB
VmRSS:	  172892 kB
VmSwap:	     248 kB
Threads:	2

2021-11-19 18:41:14
2.35 3.37 2.67 2/147 14033
MemTotal:        2033108 kB
MemAvailable:    1483012 kB
SwapTotal:       1048572 kB
SwapFree:        1041916 kB
benchmark_vitis PID=5550
State:	S (sleeping)
VmPeak:	 1187224 kB
VmSize:	  980544 kB
VmRSS:	  172892 kB
VmSwap:	     248 kB
Threads:	2

2021-11-19 18:41:16
2.35 3.37 2.67 1/148 14048
MemTotal:        2033108 kB
MemAvailable:    1482480 kB
SwapTotal:       1048572 kB
SwapFree:        1041916 kB
benchmark_vitis PID=5550
State:	S (sleeping)
VmPeak:	 1187224 kB
VmSize:	  980544 kB
VmRSS:	  172892 kB
VmSwap:	     248 kB
Threads:	2

2021-11-19 18:41:18
2.24 3.33 2.66 1/148 14062
MemTotal:        2033108 kB
MemAvailable:    1481744 kB
SwapTotal:       1048572 kB
SwapFree:        1041660 kB
benchmark_vitis PID=5550
State:	S (sleeping)
VmPeak:	 1187224 kB
VmSize:	  980544 kB
VmRSS:	  172884 kB
VmSwap:	     256 kB
Threads:	2

2021-11-19 18:41:20
2.24 3.33 2.66 2/147 14076
MemTotal:        2033108 kB
MemAvailable:    1481348 kB
SwapTotal:       1048572 kB
SwapFree:        1041660 kB
benchmark_vitis PID=5550
State:	R (running)
VmPeak:	 1187224 kB
VmSize:	  981536 kB
VmRSS:	  172884 kB
VmSwap:	     256 kB
Threads:	2

2021-11-19 18:41:22
2.24 3.33 2.66 1/147 14090
MemTotal:        2033108 kB
MemAvailable:    1487656 kB
SwapTotal:       1048572 kB
SwapFree:        1041660 kB
benchmark_vitis PID=5550
State:	R (running)
VmPeak:	 1187224 kB
VmSize:	  980548 kB
VmRSS:	  172884 kB
VmSwap:	     256 kB
Threads:	2

2021-11-19 18:41:24
2.22 3.30 2.65 1/147 14104
MemTotal:        2033108 kB
MemAvailable:    1486800 kB
SwapTotal:       1048572 kB
SwapFree:        1041660 kB
benchmark_vitis PID=5550
State:	S (sleeping)
VmPeak:	 1187224 kB
VmSize:	  980544 kB
VmRSS:	  172884 kB
VmSwap:	     256 kB
Threads:	2

2021-11-19 18:41:26
2.22 3.30 2.65 2/147 14118
MemTotal:        2033108 kB
MemAvailable:    1486092 kB
SwapTotal:       1048572 kB
SwapFree:        1041660 kB
benchmark_vitis PID=5550
State:	R (running)
VmPeak:	 1187224 kB
VmSize:	  981612 kB
VmRSS:	  172884 kB
VmSwap:	     256 kB
Threads:	2

2021-11-19 18:41:28
2.12 3.26 2.64 1/148 14133
MemTotal:        2033108 kB
MemAvailable:    1487240 kB
SwapTotal:       1048572 kB
SwapFree:        1041660 kB
benchmark_vitis PID=5550
State:	S (sleeping)
VmPeak:	 1187224 kB
VmSize:	  980544 kB
VmRSS:	  172884 kB
VmSwap:	     256 kB
Threads:	2

2021-11-19 18:41:30
2.12 3.26 2.64 1/148 14147
MemTotal:        2033108 kB
MemAvailable:    1487868 kB
SwapTotal:       1048572 kB
SwapFree:        1041660 kB
benchmark_vitis PID=5550
State:	S (sleeping)
VmPeak:	 1187224 kB
VmSize:	  980544 kB
VmRSS:	  172884 kB
VmSwap:	     256 kB
Threads:	2

2021-11-19 18:41:32
2.03 3.23 2.63 2/148 14161
MemTotal:        2033108 kB
MemAvailable:    1487148 kB
SwapTotal:       1048572 kB
SwapFree:        1041660 kB
benchmark_vitis PID=5550
State:	D (disk sleep)
VmPeak:	 1187224 kB
VmSize:	  981516 kB
VmRSS:	  172884 kB
VmSwap:	     256 kB
Threads:	2

2021-11-19 18:41:34
2.03 3.23 2.63 2/148 14175
MemTotal:        2033108 kB
MemAvailable:    1486412 kB
SwapTotal:       1048572 kB
SwapFree:        1041660 kB
benchmark_vitis PID=5550
State:	R (running)
VmPeak:	 1187224 kB
VmSize:	  980656 kB
VmRSS:	  172884 kB
VmSwap:	     256 kB
Threads:	2

2021-11-19 18:41:36
2.03 3.23 2.63 1/148 14189
MemTotal:        2033108 kB
MemAvailable:    1487564 kB
SwapTotal:       1048572 kB
SwapFree:        1041660 kB
benchmark_vitis PID=5550
State:	S (sleeping)
VmPeak:	 1187224 kB
VmSize:	  980544 kB
VmRSS:	  172884 kB
VmSwap:	     256 kB
Threads:	2

2021-11-19 18:41:38
1.95 3.19 2.62 2/148 14204
MemTotal:        2033108 kB
MemAvailable:    1487408 kB
SwapTotal:       1048572 kB
SwapFree:        1041660 kB
benchmark_vitis PID=5550
State:	R (running)
VmPeak:	 1187224 kB
VmSize:	  981556 kB
VmRSS:	  172884 kB
VmSwap:	     256 kB
Threads:	2

2021-11-19 18:41:40
1.95 3.19 2.62 1/148 14218
MemTotal:        2033108 kB
MemAvailable:    1486968 kB
SwapTotal:       1048572 kB
SwapFree:        1041660 kB
benchmark_vitis PID=5550
State:	S (sleeping)
VmPeak:	 1187224 kB
VmSize:	  980544 kB
VmRSS:	  172884 kB
VmSwap:	     256 kB
Threads:	2

2021-11-19 18:41:42
1.87 3.15 2.62 1/148 14232
MemTotal:        2033108 kB
MemAvailable:    1487256 kB
SwapTotal:       1048572 kB
SwapFree:        1041660 kB
benchmark_vitis PID=5550
State:	S (sleeping)
VmPeak:	 1187224 kB
VmSize:	  980544 kB
VmRSS:	  172884 kB
VmSwap:	     256 kB
Threads:	2

2021-11-19 18:41:44
1.87 3.15 2.62 2/148 14246
MemTotal:        2033108 kB
MemAvailable:    1487668 kB
SwapTotal:       1048572 kB
SwapFree:        1041660 kB
benchmark_vitis PID=5550
State:	D (disk sleep)
VmPeak:	 1187224 kB
VmSize:	  981588 kB
VmRSS:	  172884 kB
VmSwap:	     256 kB
Threads:	2

2021-11-19 18:41:46
1.87 3.15 2.62 1/148 14260
MemTotal:        2033108 kB
MemAvailable:    1487164 kB
SwapTotal:       1048572 kB
SwapFree:        1041660 kB
benchmark_vitis PID=5550
State:	R (running)
VmPeak:	 1187224 kB
VmSize:	  980544 kB
VmRSS:	  172884 kB
VmSwap:	     256 kB
Threads:	2

2021-11-19 18:41:49
1.80 3.12 2.61 1/148 14274
MemTotal:        2033108 kB
MemAvailable:    1486240 kB
SwapTotal:       1048572 kB
SwapFree:        1041660 kB
benchmark_vitis PID=5550
State:	S (sleeping)
VmPeak:	 1187224 kB
VmSize:	  980544 kB
VmRSS:	  172884 kB
VmSwap:	     256 kB
Threads:	2

2021-11-19 18:41:51
1.80 3.12 2.61 2/148 14288
MemTotal:        2033108 kB
MemAvailable:    1483036 kB
SwapTotal:       1048572 kB
SwapFree:        1041660 kB
benchmark_vitis PID=5550
State:	S (sleeping)
VmPeak:	 1187224 kB
VmSize:	  980544 kB
VmRSS:	  172884 kB
VmSwap:	     256 kB
Threads:	2

2021-11-19 18:41:53
1.82 3.10 2.60 2/148 14302
MemTotal:        2033108 kB
MemAvailable:    1485452 kB
SwapTotal:       1048572 kB
SwapFree:        1041660 kB
benchmark_vitis PID=5550
State:	R (running)
VmPeak:	 1187224 kB
VmSize:	  980648 kB
VmRSS:	  172884 kB
VmSwap:	     256 kB
Threads:	2

2021-11-19 18:41:55
1.82 3.10 2.60 1/148 14316
MemTotal:        2033108 kB
MemAvailable:    1485096 kB
SwapTotal:       1048572 kB
SwapFree:        1041660 kB
benchmark_vitis PID=5550
State:	S (sleeping)
VmPeak:	 1187224 kB
VmSize:	  980544 kB
VmRSS:	  172884 kB
VmSwap:	     256 kB
Threads:	2

2021-11-19 18:41:57
1.82 3.10 2.60 2/148 14330
MemTotal:        2033108 kB
MemAvailable:    1484444 kB
SwapTotal:       1048572 kB
SwapFree:        1041660 kB
benchmark_vitis PID=5550
State:	R (running)
VmPeak:	 1187224 kB
VmSize:	  981656 kB
VmRSS:	  172884 kB
VmSwap:	     256 kB
Threads:	2

2021-11-19 18:41:59
1.75 3.06 2.60 1/148 14344
MemTotal:        2033108 kB
MemAvailable:    1484480 kB
SwapTotal:       1048572 kB
SwapFree:        1041660 kB
benchmark_vitis PID=5550
State:	R (running)
VmPeak:	 1187224 kB
VmSize:	  980544 kB
VmRSS:	  172884 kB
VmSwap:	     256 kB
Threads:	2

2021-11-19 18:42:01
1.75 3.06 2.60 1/148 14358
MemTotal:        2033108 kB
MemAvailable:    1489208 kB
SwapTotal:       1048572 kB
SwapFree:        1041660 kB
benchmark_vitis PID=5550
State:	S (sleeping)
VmPeak:	 1187224 kB
VmSize:	  980544 kB
VmRSS:	  172884 kB
VmSwap:	     256 kB
Threads:	2

2021-11-19 18:42:03
1.69 3.03 2.59 1/148 14372
MemTotal:        2033108 kB
MemAvailable:    1487492 kB
SwapTotal:       1048572 kB
SwapFree:        1041660 kB
benchmark_vitis PID=5550
State:	R (running)
VmPeak:	 1187224 kB
VmSize:	  981560 kB
VmRSS:	  172884 kB
VmSwap:	     256 kB
Threads:	2

2021-11-19 18:42:05
1.69 3.03 2.59 2/148 14386
MemTotal:        2033108 kB
MemAvailable:    1487568 kB
SwapTotal:       1048572 kB
SwapFree:        1041660 kB
benchmark_vitis PID=5550
State:	D (disk sleep)
VmPeak:	 1187224 kB
VmSize:	  981472 kB
VmRSS:	  171440 kB
VmSwap:	     256 kB
Threads:	2

2021-11-19 18:42:07
1.69 3.03 2.59 2/148 14402
MemTotal:        2033108 kB
MemAvailable:    1487080 kB
SwapTotal:       1048572 kB
SwapFree:        1041660 kB
benchmark_vitis PID=5550
State:	S (sleeping)
VmPeak:	 1187224 kB
VmSize:	  980544 kB
VmRSS:	  171440 kB
VmSwap:	     256 kB
Threads:	2

2021-11-19 18:42:09
1.64 3.00 2.58 2/147 14416
MemTotal:        2033108 kB
MemAvailable:    1486828 kB
SwapTotal:       1048572 kB
SwapFree:        1041660 kB
benchmark_vitis PID=5550
State:	S (sleeping)
VmPeak:	 1187224 kB
VmSize:	  980544 kB
VmRSS:	  171440 kB
VmSwap:	     256 kB
Threads:	2

2021-11-19 18:42:11
1.64 3.00 2.58 3/147 14430
MemTotal:        2033108 kB
MemAvailable:    1486284 kB
SwapTotal:       1048572 kB
SwapFree:        1041660 kB
benchmark_vitis PID=5550
State:	R (running)
VmPeak:	 1187224 kB
VmSize:	  981536 kB
VmRSS:	  171440 kB
VmSwap:	     256 kB
Threads:	2

2021-11-19 18:42:13
1.58 2.96 2.57 3/147 14444
MemTotal:        2033108 kB
MemAvailable:    1487240 kB
SwapTotal:       1048572 kB
SwapFree:        1041660 kB
benchmark_vitis PID=5550
State:	D (disk sleep)
VmPeak:	 1187224 kB
VmSize:	  980544 kB
VmRSS:	  171440 kB
VmSwap:	     256 kB
Threads:	2

2021-11-19 18:42:15
1.58 2.96 2.57 2/147 14458
MemTotal:        2033108 kB
MemAvailable:    1483084 kB
SwapTotal:       1048572 kB
SwapFree:        1041660 kB
benchmark_vitis PID=5550
State:	S (sleeping)
VmPeak:	 1187224 kB
VmSize:	  980544 kB
VmRSS:	  171440 kB
VmSwap:	     256 kB
Threads:	2

2021-11-19 18:42:17
1.58 2.96 2.57 2/148 14473
MemTotal:        2033108 kB
MemAvailable:    1483664 kB
SwapTotal:       1048572 kB
SwapFree:        1041660 kB
benchmark_vitis PID=5550
State:	S (sleeping)
VmPeak:	 1187224 kB
VmSize:	  980544 kB
VmRSS:	  171440 kB
VmSwap:	     256 kB
Threads:	2

2021-11-19 18:42:19
1.54 2.93 2.56 3/148 14487
MemTotal:        2033108 kB
MemAvailable:    1486416 kB
SwapTotal:       1048572 kB
SwapFree:        1041660 kB
benchmark_vitis PID=5550
State:	R (running)
VmPeak:	 1187224 kB
VmSize:	  981624 kB
VmRSS:	  171440 kB
VmSwap:	     256 kB
Threads:	2

2021-11-19 18:42:21
1.54 2.93 2.56 2/148 14501
MemTotal:        2033108 kB
MemAvailable:    1486428 kB
SwapTotal:       1048572 kB
SwapFree:        1041660 kB
benchmark_vitis PID=5550
State:	S (sleeping)
VmPeak:	 1187224 kB
VmSize:	  980544 kB
VmRSS:	  171440 kB
VmSwap:	     256 kB
Threads:	2

2021-11-19 18:42:23
1.49 2.90 2.55 2/148 14515
MemTotal:        2033108 kB
MemAvailable:    1485480 kB
SwapTotal:       1048572 kB
SwapFree:        1041660 kB
benchmark_vitis PID=5550
State:	S (sleeping)
VmPeak:	 1187224 kB
VmSize:	  980544 kB
VmRSS:	  171440 kB
VmSwap:	     256 kB
Threads:	2

2021-11-19 18:42:25
1.49 2.90 2.55 3/148 14529
MemTotal:        2033108 kB
MemAvailable:    1481176 kB
SwapTotal:       1048572 kB
SwapFree:        1041660 kB
benchmark_vitis PID=5550
State:	R (running)
VmPeak:	 1187224 kB
VmSize:	  981488 kB
VmRSS:	  171440 kB
VmSwap:	     256 kB
Threads:	2

2021-11-19 18:42:27
1.45 2.87 2.54 2/148 14543
MemTotal:        2033108 kB
MemAvailable:    1480884 kB
SwapTotal:       1048572 kB
SwapFree:        1041660 kB
benchmark_vitis PID=5550
State:	R (running)
VmPeak:	 1187224 kB
VmSize:	  980544 kB
VmRSS:	  171440 kB
VmSwap:	     256 kB
Threads:	2

2021-11-19 18:42:29
1.45 2.87 2.54 2/148 14557
MemTotal:        2033108 kB
MemAvailable:    1486824 kB
SwapTotal:       1048572 kB
SwapFree:        1041660 kB
benchmark_vitis PID=5550
State:	S (sleeping)
VmPeak:	 1187224 kB
VmSize:	  980544 kB
VmRSS:	  171440 kB
VmSwap:	     256 kB
Threads:	2

2021-11-19 18:42:31
1.45 2.87 2.54 2/148 14571
MemTotal:        2033108 kB
MemAvailable:    1487328 kB
SwapTotal:       1048572 kB
SwapFree:        1041660 kB
benchmark_vitis PID=5550
State:	S (sleeping)
VmPeak:	 1187224 kB
VmSize:	  980544 kB
VmRSS:	  171440 kB
VmSwap:	     256 kB
Threads:	2

2021-11-19 18:42:33
1.42 2.83 2.53 3/148 14585
MemTotal:        2033108 kB
MemAvailable:    1487340 kB
SwapTotal:       1048572 kB
SwapFree:        1041660 kB
benchmark_vitis PID=5550
State:	R (running)
VmPeak:	 1187224 kB
VmSize:	  981580 kB
VmRSS:	  171440 kB
VmSwap:	     256 kB
Threads:	2

2021-11-19 18:42:35
1.42 2.83 2.53 2/148 14599
MemTotal:        2033108 kB
MemAvailable:    1486748 kB
SwapTotal:       1048572 kB
SwapFree:        1041660 kB
benchmark_vitis PID=5550
State:	S (sleeping)
VmPeak:	 1187224 kB
VmSize:	  980544 kB
VmRSS:	  171440 kB
VmSwap:	     256 kB
Threads:	2

2021-11-19 18:42:37
1.38 2.80 2.53 2/148 14613
MemTotal:        2033108 kB
MemAvailable:    1488444 kB
SwapTotal:       1048572 kB
SwapFree:        1041660 kB
benchmark_vitis PID=5550
State:	S (sleeping)
VmPeak:	 1187224 kB
VmSize:	  980544 kB
VmRSS:	  171440 kB
VmSwap:	     256 kB
Threads:	2

2021-11-19 18:42:39
1.38 2.80 2.53 2/148 14628
MemTotal:        2033108 kB
MemAvailable:    1487868 kB
SwapTotal:       1048572 kB
SwapFree:        1041660 kB
benchmark_vitis PID=5550
State:	R (running)
VmPeak:	 1187224 kB
VmSize:	  981540 kB
VmRSS:	  171440 kB
VmSwap:	     256 kB
Threads:	2

2021-11-19 18:42:42
1.38 2.80 2.53 2/148 14642
MemTotal:        2033108 kB
MemAvailable:    1486812 kB
SwapTotal:       1048572 kB
SwapFree:        1041660 kB
benchmark_vitis PID=5550
State:	R (running)
VmPeak:	 1187224 kB
VmSize:	  980544 kB
VmRSS:	  171440 kB
VmSwap:	     256 kB
Threads:	2

2021-11-19 18:42:44
1.35 2.77 2.52 2/148 14656
MemTotal:        2033108 kB
MemAvailable:    1487996 kB
SwapTotal:       1048572 kB
SwapFree:        1041660 kB
benchmark_vitis PID=5550
State:	S (sleeping)
VmPeak:	 1187224 kB
VmSize:	  980544 kB
VmRSS:	  171440 kB
VmSwap:	     256 kB
Threads:	2

2021-11-19 18:42:46
1.35 2.77 2.52 2/148 14670
MemTotal:        2033108 kB
MemAvailable:    1487456 kB
SwapTotal:       1048572 kB
SwapFree:        1041660 kB
benchmark_vitis PID=5550
State:	S (sleeping)
VmPeak:	 1187224 kB
VmSize:	  980544 kB
VmRSS:	  171440 kB
VmSwap:	     256 kB
Threads:	2

2021-11-19 18:42:48
1.32 2.74 2.51 3/148 14684
MemTotal:        2033108 kB
MemAvailable:    1486632 kB
SwapTotal:       1048572 kB
SwapFree:        1041660 kB
benchmark_vitis PID=5550
State:	D (disk sleep)
VmPeak:	 1187224 kB
VmSize:	  981508 kB
VmRSS:	  171440 kB
VmSwap:	     256 kB
Threads:	2

2021-11-19 18:42:50
1.32 2.74 2.51 2/148 14699
MemTotal:        2033108 kB
MemAvailable:    1487144 kB
SwapTotal:       1048572 kB
SwapFree:        1041660 kB
benchmark_vitis PID=5550
State:	S (sleeping)
VmPeak:	 1187224 kB
VmSize:	  980544 kB
VmRSS:	  171440 kB
VmSwap:	     256 kB
Threads:	2

2021-11-19 18:42:52
1.32 2.74 2.51 2/148 14712
MemTotal:        2033108 kB
MemAvailable:    1486276 kB
SwapTotal:       1048572 kB
SwapFree:        1041660 kB
benchmark_vitis PID=5550
State:	S (sleeping)
VmPeak:	 1187224 kB
VmSize:	  980544 kB
VmRSS:	  171440 kB
VmSwap:	     256 kB
Threads:	2

2021-11-19 18:42:54
1.30 2.71 2.50 2/148 14726
MemTotal:        2033108 kB
MemAvailable:    1485780 kB
SwapTotal:       1048572 kB
SwapFree:        1041660 kB
benchmark_vitis PID=5550
State:	S (sleeping)
VmPeak:	 1187224 kB
VmSize:	  980544 kB
VmRSS:	  171440 kB
VmSwap:	     256 kB
Threads:	2

2021-11-19 18:42:56
1.30 2.71 2.50 3/148 14740
MemTotal:        2033108 kB
MemAvailable:    1488204 kB
SwapTotal:       1048572 kB
SwapFree:        1041660 kB
benchmark_vitis PID=5550
State:	D (disk sleep)
VmPeak:	 1187224 kB
VmSize:	  981492 kB
VmRSS:	  171440 kB
VmSwap:	     256 kB
Threads:	2

2021-11-19 18:42:58
1.27 2.68 2.49 2/148 14754
MemTotal:        2033108 kB
MemAvailable:    1487164 kB
SwapTotal:       1048572 kB
SwapFree:        1041660 kB
benchmark_vitis PID=5550
State:	S (sleeping)
VmPeak:	 1187224 kB
VmSize:	  980544 kB
VmRSS:	  171440 kB
VmSwap:	     256 kB
Threads:	2

2021-11-19 18:43:00
1.27 2.68 2.49 2/148 14768
MemTotal:        2033108 kB
MemAvailable:    1486436 kB
SwapTotal:       1048572 kB
SwapFree:        1041660 kB
benchmark_vitis PID=5550
State:	S (sleeping)
VmPeak:	 1187224 kB
VmSize:	  980544 kB
VmRSS:	  171440 kB
VmSwap:	     256 kB
Threads:	2

2021-11-19 18:43:02
1.27 2.68 2.49 3/148 14782
MemTotal:        2033108 kB
MemAvailable:    1488852 kB
SwapTotal:       1048572 kB
SwapFree:        1041660 kB
benchmark_vitis PID=5550
State:	R (running)
VmPeak:	 1187224 kB
VmSize:	  981560 kB
VmRSS:	  171440 kB
VmSwap:	     256 kB
Threads:	2

2021-11-19 18:43:04
1.25 2.66 2.48 3/148 14796
MemTotal:        2033108 kB
MemAvailable:    1487928 kB
SwapTotal:       1048572 kB
SwapFree:        1041660 kB
benchmark_vitis PID=5550
State:	R (running)
VmPeak:	 1187224 kB
VmSize:	  981576 kB
VmRSS:	  171440 kB
VmSwap:	     256 kB
Threads:	2

2021-11-19 18:43:06
1.25 2.66 2.48 2/148 14810
MemTotal:        2033108 kB
MemAvailable:    1488052 kB
SwapTotal:       1048572 kB
SwapFree:        1041660 kB
benchmark_vitis PID=5550
State:	S (sleeping)
VmPeak:	 1187224 kB
VmSize:	  980544 kB
VmRSS:	  171440 kB
VmSwap:	     256 kB
Threads:	2

2021-11-19 18:43:08
1.23 2.63 2.48 2/148 14824
MemTotal:        2033108 kB
MemAvailable:    1487312 kB
SwapTotal:       1048572 kB
SwapFree:        1041660 kB
benchmark_vitis PID=5550
State:	S (sleeping)
VmPeak:	 1187224 kB
VmSize:	  980544 kB
VmRSS:	  171440 kB
VmSwap:	     256 kB
Threads:	2

2021-11-19 18:43:10
1.23 2.63 2.48 4/148 14838
MemTotal:        2033108 kB
MemAvailable:    1489076 kB
SwapTotal:       1048572 kB
SwapFree:        1041660 kB
benchmark_vitis PID=5550
State:	S (sleeping)
VmPeak:	 1187224 kB
VmSize:	  980544 kB
VmRSS:	  171440 kB
VmSwap:	     256 kB
Threads:	2

2021-11-19 18:43:12
1.23 2.63 2.48 3/148 14852
MemTotal:        2033108 kB
MemAvailable:    1481948 kB
SwapTotal:       1048572 kB
SwapFree:        1041660 kB
benchmark_vitis PID=5550
State:	R (running)
VmPeak:	 1187224 kB
VmSize:	  981556 kB
VmRSS:	  171440 kB
VmSwap:	     256 kB
Threads:	2

2021-11-19 18:43:14
1.29 2.62 2.47 2/148 14866
MemTotal:        2033108 kB
MemAvailable:    1481764 kB
SwapTotal:       1048572 kB
SwapFree:        1041660 kB
benchmark_vitis PID=5550
State:	S (sleeping)
VmPeak:	 1187224 kB
VmSize:	  980544 kB
VmRSS:	  171440 kB
VmSwap:	     256 kB
Threads:	2

2021-11-19 18:43:16
1.29 2.62 2.47 2/148 14880
MemTotal:        2033108 kB
MemAvailable:    1481552 kB
SwapTotal:       1048572 kB
SwapFree:        1041660 kB
benchmark_vitis PID=5550
State:	S (sleeping)
VmPeak:	 1187224 kB
VmSize:	  980544 kB
VmRSS:	  171440 kB
VmSwap:	     256 kB
Threads:	2

2021-11-19 18:43:18
1.27 2.59 2.46 2/148 14894
MemTotal:        2033108 kB
MemAvailable:    1481280 kB
SwapTotal:       1048572 kB
SwapFree:        1041660 kB
benchmark_vitis PID=5550
State:	R (running)
VmPeak:	 1187224 kB
VmSize:	  981576 kB
VmRSS:	  171440 kB
VmSwap:	     256 kB
Threads:	2

2021-11-19 18:43:20
1.27 2.59 2.46 2/148 14908
MemTotal:        2033108 kB
MemAvailable:    1481076 kB
SwapTotal:       1048572 kB
SwapFree:        1041660 kB
benchmark_vitis PID=5550
State:	S (sleeping)
VmPeak:	 1187224 kB
VmSize:	  980544 kB
VmRSS:	  171440 kB
VmSwap:	     256 kB
Threads:	2

2021-11-19 18:43:22
1.25 2.56 2.46 2/148 14922
MemTotal:        2033108 kB
MemAvailable:    1481892 kB
SwapTotal:       1048572 kB
SwapFree:        1041660 kB
benchmark_vitis PID=5550
State:	S (sleeping)
VmPeak:	 1187224 kB
VmSize:	  980544 kB
VmRSS:	  171440 kB
VmSwap:	     256 kB
Threads:	2

2021-11-19 18:43:24
1.25 2.56 2.46 2/148 14936
MemTotal:        2033108 kB
MemAvailable:    1482124 kB
SwapTotal:       1048572 kB
SwapFree:        1041660 kB
benchmark_vitis PID=5550
State:	R (running)
VmPeak:	 1187224 kB
VmSize:	  981460 kB
VmRSS:	  171440 kB
VmSwap:	     256 kB
Threads:	2

2021-11-19 18:43:26
1.25 2.56 2.46 2/148 14950
MemTotal:        2033108 kB
MemAvailable:    1487768 kB
SwapTotal:       1048572 kB
SwapFree:        1041660 kB
benchmark_vitis PID=5550
State:	R (running)
VmPeak:	 1187224 kB
VmSize:	  980544 kB
VmRSS:	  171440 kB
VmSwap:	     256 kB
Threads:	2

2021-11-19 18:43:28
1.23 2.54 2.45 2/148 14964
MemTotal:        2033108 kB
MemAvailable:    1487316 kB
SwapTotal:       1048572 kB
SwapFree:        1041660 kB
benchmark_vitis PID=5550
State:	S (sleeping)
VmPeak:	 1187224 kB
VmSize:	  980544 kB
VmRSS:	  171440 kB
VmSwap:	     256 kB
Threads:	2

2021-11-19 18:43:30
1.23 2.54 2.45 2/147 14978
MemTotal:        2033108 kB
MemAvailable:    1486572 kB
SwapTotal:       1048572 kB
SwapFree:        1041660 kB
benchmark_vitis PID=5550
State:	S (sleeping)
VmPeak:	 1187224 kB
VmSize:	  980544 kB
VmRSS:	  171440 kB
VmSwap:	     256 kB
Threads:	2

2021-11-19 18:43:32
1.21 2.51 2.44 3/147 14992
MemTotal:        2033108 kB
MemAvailable:    1482760 kB
SwapTotal:       1048572 kB
SwapFree:        1041660 kB
benchmark_vitis PID=5550
State:	R (running)
VmPeak:	 1187224 kB
VmSize:	  981460 kB
VmRSS:	  171440 kB
VmSwap:	     256 kB
Threads:	2

2021-11-19 18:43:34
1.21 2.51 2.44 2/147 15006
MemTotal:        2033108 kB
MemAvailable:    1481820 kB
SwapTotal:       1048572 kB
SwapFree:        1041660 kB
benchmark_vitis PID=5550
State:	S (sleeping)
VmPeak:	 1187224 kB
VmSize:	  980544 kB
VmRSS:	  171440 kB
VmSwap:	     256 kB
Threads:	2

2021-11-19 18:43:37
1.21 2.51 2.44 2/147 15020
MemTotal:        2033108 kB
MemAvailable:    1482096 kB
SwapTotal:       1048572 kB
SwapFree:        1041660 kB
benchmark_vitis PID=5550
State:	S (sleeping)
VmPeak:	 1187224 kB
VmSize:	  980544 kB
VmRSS:	  171440 kB
VmSwap:	     256 kB
Threads:	2

2021-11-19 18:43:39
1.19 2.49 2.43 3/148 15036
MemTotal:        2033108 kB
MemAvailable:    1481500 kB
SwapTotal:       1048572 kB
SwapFree:        1041660 kB
benchmark_vitis PID=5550
State:	S (sleeping)
VmPeak:	 1187224 kB
VmSize:	  980544 kB
VmRSS:	  171440 kB
VmSwap:	     256 kB
Threads:	2

2021-11-19 18:43:41
1.19 2.49 2.43 2/148 15050
MemTotal:        2033108 kB
MemAvailable:    1484168 kB
SwapTotal:       1048572 kB
SwapFree:        1041660 kB
benchmark_vitis PID=5550
State:	R (running)
VmPeak:	 1187224 kB
VmSize:	  981548 kB
VmRSS:	  171440 kB
VmSwap:	     256 kB
Threads:	2

2021-11-19 18:43:43
1.18 2.46 2.42 2/148 15064
MemTotal:        2033108 kB
MemAvailable:    1483744 kB
SwapTotal:       1048572 kB
SwapFree:        1041660 kB
benchmark_vitis PID=5550
State:	S (sleeping)
VmPeak:	 1187224 kB
VmSize:	  980544 kB
VmRSS:	  171440 kB
VmSwap:	     256 kB
Threads:	2

2021-11-19 18:43:45
1.18 2.46 2.42 2/148 15078
MemTotal:        2033108 kB
MemAvailable:    1484196 kB
SwapTotal:       1048572 kB
SwapFree:        1041660 kB
benchmark_vitis PID=5550
State:	S (sleeping)
VmPeak:	 1187224 kB
VmSize:	  980544 kB
VmRSS:	  171440 kB
VmSwap:	     256 kB
Threads:	2

2021-11-19 18:43:47
1.18 2.46 2.42 3/148 15092
MemTotal:        2033108 kB
MemAvailable:    1483864 kB
SwapTotal:       1048572 kB
SwapFree:        1041660 kB
benchmark_vitis PID=5550
State:	R (running)
VmPeak:	 1187224 kB
VmSize:	  981624 kB
VmRSS:	  171440 kB
VmSwap:	     256 kB
Threads:	2

2021-11-19 18:43:49
1.16 2.44 2.42 2/148 15106
MemTotal:        2033108 kB
MemAvailable:    1486560 kB
SwapTotal:       1048572 kB
SwapFree:        1041660 kB
benchmark_vitis PID=5550
State:	S (sleeping)
VmPeak:	 1187224 kB
VmSize:	  980544 kB
VmRSS:	  171440 kB
VmSwap:	     256 kB
Threads:	2

2021-11-19 18:43:51
1.16 2.44 2.42 2/148 15120
MemTotal:        2033108 kB
MemAvailable:    1485568 kB
SwapTotal:       1048572 kB
SwapFree:        1041660 kB
benchmark_vitis PID=5550
State:	S (sleeping)
VmPeak:	 1187224 kB
VmSize:	  980544 kB
VmRSS:	  171440 kB
VmSwap:	     256 kB
Threads:	2

2021-11-19 18:43:53
1.15 2.41 2.41 3/148 15134
MemTotal:        2033108 kB
MemAvailable:    1486444 kB
SwapTotal:       1048572 kB
SwapFree:        1041660 kB
benchmark_vitis PID=5550
State:	R (running)
VmPeak:	 1187224 kB
VmSize:	  981428 kB
VmRSS:	  171440 kB
VmSwap:	     256 kB
Threads:	2

2021-11-19 18:43:55
1.15 2.41 2.41 2/148 15148
MemTotal:        2033108 kB
MemAvailable:    1482916 kB
SwapTotal:       1048572 kB
SwapFree:        1041660 kB
benchmark_vitis PID=5550
State:	S (sleeping)
VmPeak:	 1187224 kB
VmSize:	  980544 kB
VmRSS:	  171440 kB
VmSwap:	     256 kB
Threads:	2

2021-11-19 18:43:57
1.15 2.41 2.41 2/148 15162
MemTotal:        2033108 kB
MemAvailable:    1483424 kB
SwapTotal:       1048572 kB
SwapFree:        1041660 kB
benchmark_vitis PID=5550
State:	S (sleeping)
VmPeak:	 1187224 kB
VmSize:	  980544 kB
VmRSS:	  171440 kB
VmSwap:	     256 kB
Threads:	2

2021-11-19 18:43:59
1.14 2.39 2.40 3/148 15176
MemTotal:        2033108 kB
MemAvailable:    1485764 kB
SwapTotal:       1048572 kB
SwapFree:        1041660 kB
benchmark_vitis PID=5550
State:	R (running)
VmPeak:	 1187224 kB
VmSize:	  981484 kB
VmRSS:	  171440 kB
VmSwap:	     256 kB
Threads:	2

2021-11-19 18:44:01
1.14 2.39 2.40 2/148 15190
MemTotal:        2033108 kB
MemAvailable:    1488776 kB
SwapTotal:       1048572 kB
SwapFree:        1041660 kB
benchmark_vitis PID=5550
State:	R (running)
VmPeak:	 1187224 kB
VmSize:	  980544 kB
VmRSS:	  171440 kB
VmSwap:	     256 kB
Threads:	2

2021-11-19 18:44:03
1.21 2.38 2.40 2/147 15204
MemTotal:        2033108 kB
MemAvailable:    1485388 kB
SwapTotal:       1048572 kB
SwapFree:        1041660 kB
benchmark_vitis PID=5550
State:	S (sleeping)
VmPeak:	 1187224 kB
VmSize:	  980544 kB
VmRSS:	  171440 kB
VmSwap:	     256 kB
Threads:	2

2021-11-19 18:44:05
1.21 2.38 2.40 3/147 15218
MemTotal:        2033108 kB
MemAvailable:    1487840 kB
SwapTotal:       1048572 kB
SwapFree:        1041660 kB
benchmark_vitis PID=5550
State:	S (sleeping)
VmPeak:	 1187224 kB
VmSize:	  980544 kB
VmRSS:	  171440 kB
VmSwap:	     256 kB
Threads:	2

2021-11-19 18:44:07
1.21 2.38 2.40 3/147 15232
MemTotal:        2033108 kB
MemAvailable:    1488060 kB
SwapTotal:       1048572 kB
SwapFree:        1041660 kB
benchmark_vitis PID=5550
State:	D (disk sleep)
VmPeak:	 1187224 kB
VmSize:	  981536 kB
VmRSS:	  171440 kB
VmSwap:	     256 kB
Threads:	2

2021-11-19 18:44:09
1.19 2.36 2.39 2/147 15246
MemTotal:        2033108 kB
MemAvailable:    1487864 kB
SwapTotal:       1048572 kB
SwapFree:        1041660 kB
benchmark_vitis PID=5550
State:	S (sleeping)
VmPeak:	 1187224 kB
VmSize:	  980544 kB
VmRSS:	  171440 kB
VmSwap:	     256 kB
Threads:	2

2021-11-19 18:44:11
1.19 2.36 2.39 2/148 15261
MemTotal:        2033108 kB
MemAvailable:    1487704 kB
SwapTotal:       1048572 kB
SwapFree:        1041660 kB
benchmark_vitis PID=5550
State:	S (sleeping)
VmPeak:	 1187224 kB
VmSize:	  980544 kB
VmRSS:	  171440 kB
VmSwap:	     256 kB
Threads:	2

2021-11-19 18:44:13
1.17 2.34 2.38 2/148 15275
MemTotal:        2033108 kB
MemAvailable:    1486592 kB
SwapTotal:       1048572 kB
SwapFree:        1041660 kB
benchmark_vitis PID=5550
State:	R (running)
VmPeak:	 1187224 kB
VmSize:	  981640 kB
VmRSS:	  171440 kB
VmSwap:	     256 kB
Threads:	2

2021-11-19 18:44:15
1.17 2.34 2.38 2/148 15289
MemTotal:        2033108 kB
MemAvailable:    1487984 kB
SwapTotal:       1048572 kB
SwapFree:        1041660 kB
benchmark_vitis PID=5550
State:	S (sleeping)
VmPeak:	 1187224 kB
VmSize:	  980544 kB
VmRSS:	  171440 kB
VmSwap:	     256 kB
Threads:	2

2021-11-19 18:44:17
1.16 2.31 2.38 2/148 15303
MemTotal:        2033108 kB
MemAvailable:    1487312 kB
SwapTotal:       1048572 kB
SwapFree:        1041660 kB
benchmark_vitis PID=5550
State:	S (sleeping)
VmPeak:	 1187224 kB
VmSize:	  980544 kB
VmRSS:	  171440 kB
VmSwap:	     256 kB
Threads:	2

2021-11-19 18:44:19
1.16 2.31 2.38 4/148 15317
MemTotal:        2033108 kB
MemAvailable:    1486084 kB
SwapTotal:       1048572 kB
SwapFree:        1041660 kB
benchmark_vitis PID=5550
State:	D (disk sleep)
VmPeak:	 1187224 kB
VmSize:	  981556 kB
VmRSS:	  171440 kB
VmSwap:	     256 kB
Threads:	2

2021-11-19 18:44:21
1.16 2.31 2.38 3/148 15331
MemTotal:        2033108 kB
MemAvailable:    1485692 kB
SwapTotal:       1048572 kB
SwapFree:        1041660 kB
benchmark_vitis PID=5550
State:	D (disk sleep)
VmPeak:	 1187224 kB
VmSize:	  980800 kB
VmRSS:	  171440 kB
VmSwap:	     256 kB
Threads:	2

2021-11-19 18:44:23
1.15 2.29 2.37 2/148 15345
MemTotal:        2033108 kB
MemAvailable:    1484832 kB
SwapTotal:       1048572 kB
SwapFree:        1041660 kB
benchmark_vitis PID=5550
State:	S (sleeping)
VmPeak:	 1187224 kB
VmSize:	  980544 kB
VmRSS:	  171440 kB
VmSwap:	     256 kB
Threads:	2

2021-11-19 18:44:25
1.15 2.29 2.37 2/148 15359
MemTotal:        2033108 kB
MemAvailable:    1483880 kB
SwapTotal:       1048572 kB
SwapFree:        1041660 kB
benchmark_vitis PID=5550
State:	S (sleeping)
VmPeak:	 1187224 kB
VmSize:	  980544 kB
VmRSS:	  171440 kB
VmSwap:	     256 kB
Threads:	2

2021-11-19 18:44:27
1.13 2.27 2.36 3/149 15374
MemTotal:        2033108 kB
MemAvailable:    1487316 kB
SwapTotal:       1048572 kB
SwapFree:        1041660 kB
benchmark_vitis PID=5550
State:	D (disk sleep)
VmPeak:	 1187224 kB
VmSize:	  981544 kB
VmRSS:	  171440 kB
VmSwap:	     256 kB
Threads:	2

2021-11-19 18:44:30
1.13 2.27 2.36 2/149 15388
MemTotal:        2033108 kB
MemAvailable:    1487632 kB
SwapTotal:       1048572 kB
SwapFree:        1041660 kB
benchmark_vitis PID=5550
State:	S (sleeping)
VmPeak:	 1187224 kB
VmSize:	  980544 kB
VmRSS:	  171440 kB
VmSwap:	     256 kB
Threads:	2

2021-11-19 18:44:32
1.13 2.27 2.36 2/149 15402
MemTotal:        2033108 kB
MemAvailable:    1486312 kB
SwapTotal:       1048572 kB
SwapFree:        1041660 kB
benchmark_vitis PID=5550
State:	S (sleeping)
VmPeak:	 1187224 kB
VmSize:	  980544 kB
VmRSS:	  171440 kB
VmSwap:	     256 kB
Threads:	2

2021-11-19 18:44:34
1.12 2.25 2.35 3/149 15416
MemTotal:        2033108 kB
MemAvailable:    1485096 kB
SwapTotal:       1048572 kB
SwapFree:        1041660 kB
benchmark_vitis PID=5550
State:	R (running)
VmPeak:	 1187224 kB
VmSize:	  980544 kB
VmRSS:	  171440 kB
VmSwap:	     256 kB
Threads:	2

2021-11-19 18:44:36
1.12 2.25 2.35 3/148 15430
MemTotal:        2033108 kB
MemAvailable:    1484788 kB
SwapTotal:       1048572 kB
SwapFree:        1041660 kB
benchmark_vitis PID=5550
State:	D (disk sleep)
VmPeak:	 1187224 kB
VmSize:	  980544 kB
VmRSS:	  171440 kB
VmSwap:	     256 kB
Threads:	2

2021-11-19 18:44:38
1.11 2.23 2.35 4/148 15444
MemTotal:        2033108 kB
MemAvailable:    1484400 kB
SwapTotal:       1048572 kB
SwapFree:        1041660 kB
benchmark_vitis PID=5550
State:	S (sleeping)
VmPeak:	 1187224 kB
VmSize:	  980544 kB
VmRSS:	  171440 kB
VmSwap:	     256 kB
Threads:	2

2021-11-19 18:44:40
1.11 2.23 2.35 2/148 15459
MemTotal:        2033108 kB
MemAvailable:    1483944 kB
SwapTotal:       1048572 kB
SwapFree:        1041660 kB
benchmark_vitis PID=5550
State:	S (sleeping)
VmPeak:	 1187224 kB
VmSize:	  980544 kB
VmRSS:	  171440 kB
VmSwap:	     256 kB
Threads:	2

2021-11-19 18:44:42
1.11 2.23 2.35 2/148 15473
MemTotal:        2033108 kB
MemAvailable:    1483856 kB
SwapTotal:       1048572 kB
SwapFree:        1041660 kB
benchmark_vitis PID=5550
State:	D (disk sleep)
VmPeak:	 1187224 kB
VmSize:	  981624 kB
VmRSS:	  171440 kB
VmSwap:	     256 kB
Threads:	2

2021-11-19 18:44:44
1.10 2.21 2.34 2/148 15487
MemTotal:        2033108 kB
MemAvailable:    1483764 kB
SwapTotal:       1048572 kB
SwapFree:        1041660 kB
benchmark_vitis PID=5550
State:	S (sleeping)
VmPeak:	 1187224 kB
VmSize:	  980544 kB
VmRSS:	  171440 kB
VmSwap:	     256 kB
Threads:	2

2021-11-19 18:44:46
1.10 2.21 2.34 2/148 15501
MemTotal:        2033108 kB
MemAvailable:    1483956 kB
SwapTotal:       1048572 kB
SwapFree:        1041660 kB
benchmark_vitis PID=5550
State:	S (sleeping)
VmPeak:	 1187224 kB
VmSize:	  980544 kB
VmRSS:	  171440 kB
VmSwap:	     256 kB
Threads:	2

2021-11-19 18:44:48
1.10 2.19 2.33 2/148 15518
MemTotal:        2033108 kB
MemAvailable:    1483744 kB
SwapTotal:       1048572 kB
SwapFree:        1041660 kB
benchmark_vitis PID=5550
State:	R (running)
VmPeak:	 1187224 kB
VmSize:	  981484 kB
VmRSS:	  171440 kB
VmSwap:	     256 kB
Threads:	2

2021-11-19 18:44:50
1.10 2.19 2.33 2/148 15532
MemTotal:        2033108 kB
MemAvailable:    1483780 kB
SwapTotal:       1048572 kB
SwapFree:        1041660 kB
benchmark_vitis PID=5550
State:	S (sleeping)
VmPeak:	 1187224 kB
VmSize:	  980544 kB
VmRSS:	  171440 kB
VmSwap:	     256 kB
Threads:	2

2021-11-19 18:44:52
1.10 2.19 2.33 2/148 15546
MemTotal:        2033108 kB
MemAvailable:    1484096 kB
SwapTotal:       1048572 kB
SwapFree:        1041660 kB
benchmark_vitis PID=5550
State:	S (sleeping)
VmPeak:	 1187224 kB
VmSize:	  980544 kB
VmRSS:	  171440 kB
VmSwap:	     256 kB
Threads:	2

2021-11-19 18:44:54
1.09 2.17 2.32 2/148 15560
MemTotal:        2033108 kB
MemAvailable:    1484256 kB
SwapTotal:       1048572 kB
SwapFree:        1041660 kB
benchmark_vitis PID=5550
State:	D (disk sleep)
VmPeak:	 1187224 kB
VmSize:	  981612 kB
VmRSS:	  171440 kB
VmSwap:	     256 kB
Threads:	2

2021-11-19 18:44:56
1.09 2.17 2.32 2/148 15574
MemTotal:        2033108 kB
MemAvailable:    1484176 kB
SwapTotal:       1048572 kB
SwapFree:        1041660 kB
benchmark_vitis PID=5550
State:	S (sleeping)
VmPeak:	 1187224 kB
VmSize:	  980544 kB
VmRSS:	  171440 kB
VmSwap:	     256 kB
Threads:	2

2021-11-19 18:44:58
1.08 2.15 2.32 2/148 15588
MemTotal:        2033108 kB
MemAvailable:    1484660 kB
SwapTotal:       1048572 kB
SwapFree:        1041660 kB
benchmark_vitis PID=5550
State:	S (sleeping)
VmPeak:	 1187224 kB
VmSize:	  980544 kB
VmRSS:	  171440 kB
VmSwap:	     256 kB
Threads:	2

2021-11-19 18:45:00
1.08 2.15 2.32 3/148 15602
MemTotal:        2033108 kB
MemAvailable:    1489444 kB
SwapTotal:       1048572 kB
SwapFree:        1038844 kB
benchmark_vitis PID=5550
State:	R (running)
VmPeak:	 1187224 kB
VmSize:	  981500 kB
VmRSS:	  169124 kB
VmSwap:	    2568 kB
Threads:	2

2021-11-19 18:45:02
1.08 2.15 2.32 2/148 15616
MemTotal:        2033108 kB
MemAvailable:    1491992 kB
SwapTotal:       1048572 kB
SwapFree:        1038844 kB
benchmark_vitis PID=5550
State:	S (sleeping)
VmPeak:	 1187224 kB
VmSize:	  980544 kB
VmRSS:	  169124 kB
VmSwap:	    2568 kB
Threads:	2

2021-11-19 18:45:04
1.07 2.13 2.31 2/148 15630
MemTotal:        2033108 kB
MemAvailable:    1490652 kB
SwapTotal:       1048572 kB
SwapFree:        1038844 kB
benchmark_vitis PID=5550
State:	S (sleeping)
VmPeak:	 1187224 kB
VmSize:	  980544 kB
VmRSS:	  169124 kB
VmSwap:	    2568 kB
Threads:	2

2021-11-19 18:45:06
1.07 2.13 2.31 3/148 15644
MemTotal:        2033108 kB
MemAvailable:    1489240 kB
SwapTotal:       1048572 kB
SwapFree:        1038844 kB
benchmark_vitis PID=5550
State:	S (sleeping)
VmPeak:	 1187224 kB
VmSize:	  980544 kB
VmRSS:	  169124 kB
VmSwap:	    2568 kB
Threads:	2

2021-11-19 18:45:08
1.15 2.13 2.31 3/148 15658
MemTotal:        2033108 kB
MemAvailable:    1488684 kB
SwapTotal:       1048572 kB
SwapFree:        1038844 kB
benchmark_vitis PID=5550
State:	R (running)
VmPeak:	 1187224 kB
VmSize:	  981548 kB
VmRSS:	  169124 kB
VmSwap:	    2568 kB
Threads:	2

2021-11-19 18:45:10
1.15 2.13 2.31 2/148 15672
MemTotal:        2033108 kB
MemAvailable:    1489116 kB
SwapTotal:       1048572 kB
SwapFree:        1038844 kB
benchmark_vitis PID=5550
State:	S (sleeping)
VmPeak:	 1187224 kB
VmSize:	  980544 kB
VmRSS:	  169124 kB
VmSwap:	    2568 kB
Threads:	2

2021-11-19 18:45:12
1.14 2.11 2.30 2/148 15686
MemTotal:        2033108 kB
MemAvailable:    1488340 kB
SwapTotal:       1048572 kB
SwapFree:        1038844 kB
benchmark_vitis PID=5550
State:	S (sleeping)
VmPeak:	 1187224 kB
VmSize:	  980544 kB
VmRSS:	  169124 kB
VmSwap:	    2568 kB
Threads:	2

2021-11-19 18:45:14
1.14 2.11 2.30 3/148 15701
MemTotal:        2033108 kB
MemAvailable:    1488168 kB
SwapTotal:       1048572 kB
SwapFree:        1038844 kB
benchmark_vitis PID=5550
State:	R (running)
VmPeak:	 1187224 kB
VmSize:	  981560 kB
VmRSS:	  169124 kB
VmSwap:	    2568 kB
Threads:	2

2021-11-19 18:45:16
1.14 2.11 2.30 2/148 15714
MemTotal:        2033108 kB
MemAvailable:    1487848 kB
SwapTotal:       1048572 kB
SwapFree:        1038844 kB
benchmark_vitis PID=5550
State:	S (sleeping)
VmPeak:	 1187224 kB
VmSize:	  980544 kB
VmRSS:	  169124 kB
VmSwap:	    2568 kB
Threads:	2

2021-11-19 18:45:18
1.12 2.09 2.29 2/148 15728
MemTotal:        2033108 kB
MemAvailable:    1488216 kB
SwapTotal:       1048572 kB
SwapFree:        1038844 kB
benchmark_vitis PID=5550
State:	S (sleeping)
VmPeak:	 1187224 kB
VmSize:	  980544 kB
VmRSS:	  169124 kB
VmSwap:	    2568 kB
Threads:	2

2021-11-19 18:45:20
1.12 2.09 2.29 2/148 15742
MemTotal:        2033108 kB
MemAvailable:    1488232 kB
SwapTotal:       1048572 kB
SwapFree:        1038844 kB
benchmark_vitis PID=5550
State:	R (running)
VmPeak:	 1187224 kB
VmSize:	  981508 kB
VmRSS:	  169124 kB
VmSwap:	    2568 kB
Threads:	2

2021-11-19 18:45:22
1.11 2.07 2.28 3/148 15756
MemTotal:        2033108 kB
MemAvailable:    1488040 kB
SwapTotal:       1048572 kB
SwapFree:        1038844 kB
benchmark_vitis PID=5550
State:	D (disk sleep)
VmPeak:	 1187224 kB
VmSize:	  981476 kB
VmRSS:	  169124 kB
VmSwap:	    2568 kB
Threads:	2

2021-11-19 18:45:25
1.11 2.07 2.28 2/149 15771
MemTotal:        2033108 kB
MemAvailable:    1489944 kB
SwapTotal:       1048572 kB
SwapFree:        1038588 kB
benchmark_vitis PID=5550
State:	S (sleeping)
VmPeak:	 1187224 kB
VmSize:	  980544 kB
VmRSS:	  168704 kB
VmSwap:	    2780 kB
Threads:	2

2021-11-19 18:45:27
1.11 2.07 2.28 2/149 15785
MemTotal:        2033108 kB
MemAvailable:    1488120 kB
SwapTotal:       1048572 kB
SwapFree:        1038588 kB
benchmark_vitis PID=5550
State:	S (sleeping)
VmPeak:	 1187224 kB
VmSize:	  980544 kB
VmRSS:	  168704 kB
VmSwap:	    2780 kB
Threads:	2

2021-11-19 18:45:29
1.10 2.05 2.28 3/149 15799
MemTotal:        2033108 kB
MemAvailable:    1487312 kB
SwapTotal:       1048572 kB
SwapFree:        1038588 kB
benchmark_vitis PID=5550
State:	D (disk sleep)
VmPeak:	 1187224 kB
VmSize:	  980544 kB
VmRSS:	  168704 kB
VmSwap:	    2780 kB
Threads:	2

2021-11-19 18:45:31
1.10 2.05 2.28 2/149 15814
MemTotal:        2033108 kB
MemAvailable:    1487692 kB
SwapTotal:       1048572 kB
SwapFree:        1038588 kB
benchmark_vitis PID=5550
State:	R (running)
VmPeak:	 1187224 kB
VmSize:	  980544 kB
VmRSS:	  168704 kB
VmSwap:	    2780 kB
Threads:	2

2021-11-19 18:45:33
1.10 2.03 2.27 2/149 15828
MemTotal:        2033108 kB
MemAvailable:    1486956 kB
SwapTotal:       1048572 kB
SwapFree:        1038588 kB
benchmark_vitis PID=5550
State:	S (sleeping)
VmPeak:	 1187224 kB
VmSize:	  980544 kB
VmRSS:	  168704 kB
VmSwap:	    2780 kB
Threads:	2

2021-11-19 18:45:35
1.10 2.03 2.27 2/148 15841
MemTotal:        2033108 kB
MemAvailable:    1488208 kB
SwapTotal:       1048572 kB
SwapFree:        1038588 kB
benchmark_vitis PID=5550
State:	S (sleeping)
VmPeak:	 1187224 kB
VmSize:	  980544 kB
VmRSS:	  168704 kB
VmSwap:	    2780 kB
Threads:	2

2021-11-19 18:45:37
1.10 2.03 2.27 3/149 15855
MemTotal:        2033108 kB
MemAvailable:    1487256 kB
SwapTotal:       1048572 kB
SwapFree:        1038588 kB
benchmark_vitis PID=5550
State:	D (disk sleep)
VmPeak:	 1187224 kB
VmSize:	  981500 kB
VmRSS:	  168704 kB
VmSwap:	    2780 kB
Threads:	2

2021-11-19 18:45:39
1.09 2.02 2.26 2/149 15871
MemTotal:        2033108 kB
MemAvailable:    1488404 kB
SwapTotal:       1048572 kB
SwapFree:        1038588 kB
benchmark_vitis PID=5550
State:	D (disk sleep)
VmPeak:	 1187224 kB
VmSize:	  980544 kB
VmRSS:	  168704 kB
VmSwap:	    2780 kB
Threads:	2

2021-11-19 18:45:41
1.09 2.02 2.26 2/149 15884
MemTotal:        2033108 kB
MemAvailable:    1487600 kB
SwapTotal:       1048572 kB
SwapFree:        1038588 kB
benchmark_vitis PID=5550
State:	S (sleeping)
VmPeak:	 1187224 kB
VmSize:	  980544 kB
VmRSS:	  168704 kB
VmSwap:	    2780 kB
Threads:	2

2021-11-19 18:45:43
1.16 2.02 2.26 3/149 15898
MemTotal:        2033108 kB
MemAvailable:    1487964 kB
SwapTotal:       1048572 kB
SwapFree:        1038588 kB
benchmark_vitis PID=5550
State:	S (sleeping)
VmPeak:	 1187224 kB
VmSize:	  980544 kB
VmRSS:	  168704 kB
VmSwap:	    2780 kB
Threads:	2

2021-11-19 18:45:45
1.16 2.02 2.26 3/149 15912
MemTotal:        2033108 kB
MemAvailable:    1488608 kB
SwapTotal:       1048572 kB
SwapFree:        1038588 kB
benchmark_vitis PID=5550
State:	R (running)
VmPeak:	 1187224 kB
VmSize:	  980560 kB
VmRSS:	  168704 kB
VmSwap:	    2780 kB
Threads:	2

2021-11-19 18:45:47
1.16 2.02 2.26 2/149 15926
MemTotal:        2033108 kB
MemAvailable:    1490000 kB
SwapTotal:       1048572 kB
SwapFree:        1038588 kB
benchmark_vitis PID=5550
State:	S (sleeping)
VmPeak:	 1187224 kB
VmSize:	  980544 kB
VmRSS:	  168704 kB
VmSwap:	    2780 kB
Threads:	2

2021-11-19 18:45:49
1.15 2.00 2.25 2/149 15940
MemTotal:        2033108 kB
MemAvailable:    1489276 kB
SwapTotal:       1048572 kB
SwapFree:        1038588 kB
benchmark_vitis PID=5550
State:	S (sleeping)
VmPeak:	 1187224 kB
VmSize:	  980544 kB
VmRSS:	  168704 kB
VmSwap:	    2780 kB
Threads:	2

2021-11-19 18:45:51
1.15 2.00 2.25 2/149 15954
MemTotal:        2033108 kB
MemAvailable:    1488816 kB
SwapTotal:       1048572 kB
SwapFree:        1038588 kB
benchmark_vitis PID=5550
State:	R (running)
VmPeak:	 1187224 kB
VmSize:	  981452 kB
VmRSS:	  168704 kB
VmSwap:	    2780 kB
Threads:	2

2021-11-19 18:45:53
1.14 1.98 2.25 2/149 15968
MemTotal:        2033108 kB
MemAvailable:    1489396 kB
SwapTotal:       1048572 kB
SwapFree:        1038588 kB
benchmark_vitis PID=5550
State:	D (disk sleep)
VmPeak:	 1187224 kB
VmSize:	  980544 kB
VmRSS:	  168704 kB
VmSwap:	    2780 kB
Threads:	2

2021-11-19 18:45:55
1.14 1.98 2.25 2/149 15982
MemTotal:        2033108 kB
MemAvailable:    1488752 kB
SwapTotal:       1048572 kB
SwapFree:        1038588 kB
benchmark_vitis PID=5550
State:	S (sleeping)
VmPeak:	 1187224 kB
VmSize:	  980544 kB
VmRSS:	  168704 kB
VmSwap:	    2780 kB
Threads:	2

2021-11-19 18:45:57
1.14 1.98 2.25 2/149 15996
MemTotal:        2033108 kB
MemAvailable:    1488192 kB
SwapTotal:       1048572 kB
SwapFree:        1038588 kB
benchmark_vitis PID=5550
State:	D (disk sleep)
VmPeak:	 1187224 kB
VmSize:	  981584 kB
VmRSS:	  168704 kB
VmSwap:	    2780 kB
Threads:	2

2021-11-19 18:45:59
1.12 1.97 2.24 2/149 16010
MemTotal:        2033108 kB
MemAvailable:    1487920 kB
SwapTotal:       1048572 kB
SwapFree:        1038588 kB
benchmark_vitis PID=5550
State:	R (running)
VmPeak:	 1187224 kB
VmSize:	  980548 kB
VmRSS:	  168704 kB
VmSwap:	    2780 kB
Threads:	2

2021-11-19 18:46:01
1.12 1.97 2.24 2/148 16024
MemTotal:        2033108 kB
MemAvailable:    1494460 kB
SwapTotal:       1048572 kB
SwapFree:        1038332 kB
benchmark_vitis PID=5550
State:	S (sleeping)
VmPeak:	 1187224 kB
VmSize:	  980544 kB
VmRSS:	  168700 kB
VmSwap:	    2784 kB
Threads:	2

2021-11-19 18:46:03
1.11 1.95 2.23 3/149 16038
MemTotal:        2033108 kB
MemAvailable:    1493476 kB
SwapTotal:       1048572 kB
SwapFree:        1038332 kB
benchmark_vitis PID=5550
State:	R (running)
VmPeak:	 1187224 kB
VmSize:	  981500 kB
VmRSS:	  168700 kB
VmSwap:	    2784 kB
Threads:	2

2021-11-19 18:46:05
1.11 1.95 2.23 3/149 16052
MemTotal:        2033108 kB
MemAvailable:    1493184 kB
SwapTotal:       1048572 kB
SwapFree:        1038332 kB
benchmark_vitis PID=5550
State:	R (running)
VmPeak:	 1187224 kB
VmSize:	  980776 kB
VmRSS:	  168700 kB
VmSwap:	    2784 kB
Threads:	2

2021-11-19 18:46:07
1.11 1.95 2.23 2/149 16066
MemTotal:        2033108 kB
MemAvailable:    1493524 kB
SwapTotal:       1048572 kB
SwapFree:        1038332 kB
benchmark_vitis PID=5550
State:	S (sleeping)
VmPeak:	 1187224 kB
VmSize:	  980544 kB
VmRSS:	  168700 kB
VmSwap:	    2784 kB
Threads:	2

2021-11-19 18:46:09
1.35 1.98 2.24 2/149 16080
MemTotal:        2033108 kB
MemAvailable:    1492964 kB
SwapTotal:       1048572 kB
SwapFree:        1038332 kB
benchmark_vitis PID=5550
State:	S (sleeping)
VmPeak:	 1187224 kB
VmSize:	  980544 kB
VmRSS:	  168700 kB
VmSwap:	    2784 kB
Threads:	2

2021-11-19 18:46:11
1.35 1.98 2.24 3/149 16094
MemTotal:        2033108 kB
MemAvailable:    1492604 kB
SwapTotal:       1048572 kB
SwapFree:        1038332 kB
benchmark_vitis PID=5550
State:	D (disk sleep)
VmPeak:	 1187224 kB
VmSize:	  981520 kB
VmRSS:	  168700 kB
VmSwap:	    2784 kB
Threads:	2

2021-11-19 18:46:13
1.32 1.97 2.24 2/149 16108
MemTotal:        2033108 kB
MemAvailable:    1492496 kB
SwapTotal:       1048572 kB
SwapFree:        1038332 kB
benchmark_vitis PID=5550
State:	S (sleeping)
VmPeak:	 1187224 kB
VmSize:	  980544 kB
VmRSS:	  168700 kB
VmSwap:	    2784 kB
Threads:	2

2021-11-19 18:46:15
1.32 1.97 2.24 2/149 16122
MemTotal:        2033108 kB
MemAvailable:    1491696 kB
SwapTotal:       1048572 kB
SwapFree:        1038332 kB
benchmark_vitis PID=5550
State:	S (sleeping)
VmPeak:	 1187224 kB
VmSize:	  980544 kB
VmRSS:	  168700 kB
VmSwap:	    2784 kB
Threads:	2

2021-11-19 18:46:17
1.29 1.95 2.23 3/149 16136
MemTotal:        2033108 kB
MemAvailable:    1490952 kB
SwapTotal:       1048572 kB
SwapFree:        1038332 kB
benchmark_vitis PID=5550
State:	R (running)
VmPeak:	 1187224 kB
VmSize:	  981584 kB
VmRSS:	  168700 kB
VmSwap:	    2784 kB
Threads:	2

2021-11-19 18:46:20
1.29 1.95 2.23 2/149 16150
MemTotal:        2033108 kB
MemAvailable:    1491976 kB
SwapTotal:       1048572 kB
SwapFree:        1038332 kB
benchmark_vitis PID=5550
State:	D (disk sleep)
VmPeak:	 1187224 kB
VmSize:	  980544 kB
VmRSS:	  168700 kB
VmSwap:	    2784 kB
Threads:	2

2021-11-19 18:46:22
1.29 1.95 2.23 3/150 16167
MemTotal:        2033108 kB
MemAvailable:    1489624 kB
SwapTotal:       1048572 kB
SwapFree:        1038332 kB
benchmark_vitis PID=5550
State:	S (sleeping)
VmPeak:	 1187224 kB
VmSize:	  980544 kB
VmRSS:	  168700 kB
VmSwap:	    2784 kB
Threads:	2

2021-11-19 18:46:24
1.27 1.93 2.22 2/149 16180
MemTotal:        2033108 kB
MemAvailable:    1492592 kB
SwapTotal:       1048572 kB
SwapFree:        1038332 kB
benchmark_vitis PID=5550
State:	S (sleeping)
VmPeak:	 1187224 kB
VmSize:	  980544 kB
VmRSS:	  168508 kB
VmSwap:	    2784 kB
Threads:	2

2021-11-19 18:46:26
1.27 1.93 2.22 3/150 16195
MemTotal:        2033108 kB
MemAvailable:    1492380 kB
SwapTotal:       1048572 kB
SwapFree:        1038332 kB
benchmark_vitis PID=5550
State:	R (running)
VmPeak:	 1187224 kB
VmSize:	  981444 kB
VmRSS:	  168508 kB
VmSwap:	    2784 kB
Threads:	2

2021-11-19 18:46:28
1.25 1.92 2.22 2/150 16209
MemTotal:        2033108 kB
MemAvailable:    1490032 kB
SwapTotal:       1048572 kB
SwapFree:        1038332 kB
benchmark_vitis PID=5550
State:	S (sleeping)
VmPeak:	 1187224 kB
VmSize:	  980544 kB
VmRSS:	  168508 kB
VmSwap:	    2784 kB
Threads:	2

2021-11-19 18:46:30
1.25 1.92 2.22 4/148 16223
MemTotal:        2033108 kB
MemAvailable:    1493336 kB
SwapTotal:       1048572 kB
SwapFree:        1038332 kB
benchmark_vitis PID=5550
State:	S (sleeping)
VmPeak:	 1187224 kB
VmSize:	  980544 kB
VmRSS:	  168508 kB
VmSwap:	    2784 kB
Threads:	2

2021-11-19 18:46:32
1.25 1.92 2.22 4/149 16238
MemTotal:        2033108 kB
MemAvailable:    1486488 kB
SwapTotal:       1048572 kB
SwapFree:        1038332 kB
benchmark_vitis PID=5550
State:	R (running)
VmPeak:	 1187224 kB
VmSize:	  980544 kB
VmRSS:	  168412 kB
VmSwap:	    2880 kB
Threads:	2

2021-11-19 18:46:34
1.31 1.92 2.22 2/149 16252
MemTotal:        2033108 kB
MemAvailable:    1490004 kB
SwapTotal:       1048572 kB
SwapFree:        1038332 kB
benchmark_vitis PID=5550
State:	S (sleeping)
VmPeak:	 1187224 kB
VmSize:	  980544 kB
VmRSS:	  168412 kB
VmSwap:	    2880 kB
Threads:	2

2021-11-19 18:46:36
1.31 1.92 2.22 2/149 16266
MemTotal:        2033108 kB
MemAvailable:    1489464 kB
SwapTotal:       1048572 kB
SwapFree:        1038332 kB
benchmark_vitis PID=5550
State:	S (sleeping)
VmPeak:	 1187224 kB
VmSize:	  980544 kB
VmRSS:	  168412 kB
VmSwap:	    2880 kB
Threads:	2

2021-11-19 18:46:38
1.28 1.91 2.21 3/149 16281
MemTotal:        2033108 kB
MemAvailable:    1488788 kB
SwapTotal:       1048572 kB
SwapFree:        1038332 kB
benchmark_vitis PID=5550
State:	R (running)
VmPeak:	 1187224 kB
VmSize:	  980544 kB
VmRSS:	  168412 kB
VmSwap:	    2880 kB
Threads:	2

2021-11-19 18:46:40
1.28 1.91 2.21 2/149 16295
MemTotal:        2033108 kB
MemAvailable:    1491776 kB
SwapTotal:       1048572 kB
SwapFree:        1038332 kB
benchmark_vitis PID=5550
State:	S (sleeping)
VmPeak:	 1187224 kB
VmSize:	  980544 kB
VmRSS:	  168412 kB
VmSwap:	    2880 kB
Threads:	2

2021-11-19 18:46:42
1.28 1.91 2.21 2/149 16309
MemTotal:        2033108 kB
MemAvailable:    1491188 kB
SwapTotal:       1048572 kB
SwapFree:        1038332 kB
benchmark_vitis PID=5550
State:	S (sleeping)
VmPeak:	 1187224 kB
VmSize:	  980544 kB
VmRSS:	  168412 kB
VmSwap:	    2880 kB
Threads:	2

2021-11-19 18:46:44
1.34 1.91 2.21 3/148 16321
MemTotal:        2033108 kB
MemAvailable:    1491940 kB
SwapTotal:       1048572 kB
SwapFree:        1038332 kB
benchmark_vitis PID=5550
State:	R (running)
VmPeak:	 1187224 kB
VmSize:	  981448 kB
VmRSS:	  168412 kB
VmSwap:	    2880 kB
Threads:	2

2021-11-19 18:46:46
1.34 1.91 2.21 3/149 16335
MemTotal:        2033108 kB
MemAvailable:    1490888 kB
SwapTotal:       1048572 kB
SwapFree:        1038332 kB
benchmark_vitis PID=5550
State:	D (disk sleep)
VmPeak:	 1187224 kB
VmSize:	  980544 kB
VmRSS:	  168412 kB
VmSwap:	    2880 kB
Threads:	2

2021-11-19 18:46:48
1.31 1.89 2.20 2/149 16349
MemTotal:        2033108 kB
MemAvailable:    1491308 kB
SwapTotal:       1048572 kB
SwapFree:        1038332 kB
benchmark_vitis PID=5550
State:	S (sleeping)
VmPeak:	 1187224 kB
VmSize:	  980544 kB
VmRSS:	  168412 kB
VmSwap:	    2880 kB
Threads:	2

2021-11-19 18:46:50
1.31 1.89 2.20 3/149 16363
MemTotal:        2033108 kB
MemAvailable:    1490576 kB
SwapTotal:       1048572 kB
SwapFree:        1038332 kB
benchmark_vitis PID=5550
State:	R (running)
VmPeak:	 1187224 kB
VmSize:	  980544 kB
VmRSS:	  168412 kB
VmSwap:	    2880 kB
Threads:	2

2021-11-19 18:46:52
1.31 1.89 2.20 2/149 16377
MemTotal:        2033108 kB
MemAvailable:    1491148 kB
SwapTotal:       1048572 kB
SwapFree:        1038332 kB
benchmark_vitis PID=5550
State:	R (running)
VmPeak:	 1187224 kB
VmSize:	  980544 kB
VmRSS:	  168412 kB
VmSwap:	    2880 kB
Threads:	2

2021-11-19 18:46:54
1.29 1.88 2.19 2/149 16391
MemTotal:        2033108 kB
MemAvailable:    1492132 kB
SwapTotal:       1048572 kB
SwapFree:        1038332 kB
benchmark_vitis PID=5550
State:	S (sleeping)
VmPeak:	 1187224 kB
VmSize:	  980544 kB
VmRSS:	  168412 kB
VmSwap:	    2880 kB
Threads:	2

2021-11-19 18:46:56
1.29 1.88 2.19 3/149 16405
MemTotal:        2033108 kB
MemAvailable:    1491796 kB
SwapTotal:       1048572 kB
SwapFree:        1038332 kB
benchmark_vitis PID=5550
State:	S (sleeping)
VmPeak:	 1187224 kB
VmSize:	  980544 kB
VmRSS:	  168412 kB
VmSwap:	    2880 kB
Threads:	2

2021-11-19 18:46:58
1.26 1.86 2.19 3/149 16419
MemTotal:        2033108 kB
MemAvailable:    1492156 kB
SwapTotal:       1048572 kB
SwapFree:        1038332 kB
benchmark_vitis PID=5550
State:	R (running)
VmPeak:	 1187224 kB
VmSize:	  981508 kB
VmRSS:	  168412 kB
VmSwap:	    2880 kB
Threads:	2

2021-11-19 18:47:00
1.26 1.86 2.19 2/149 16433
MemTotal:        2033108 kB
MemAvailable:    1492452 kB
SwapTotal:       1048572 kB
SwapFree:        1038332 kB
benchmark_vitis PID=5550
State:	S (sleeping)
VmPeak:	 1187224 kB
VmSize:	  980544 kB
VmRSS:	  168412 kB
VmSwap:	    2880 kB
Threads:	2

2021-11-19 18:47:02
1.26 1.86 2.19 3/149 16447
MemTotal:        2033108 kB
MemAvailable:    1494100 kB
SwapTotal:       1048572 kB
SwapFree:        1038332 kB
benchmark_vitis PID=5550
State:	S (sleeping)
VmPeak:	 1187224 kB
VmSize:	  980544 kB
VmRSS:	  168412 kB
VmSwap:	    2880 kB
Threads:	2

2021-11-19 18:47:04
1.48 1.90 2.20 3/149 16461
MemTotal:        2033108 kB
MemAvailable:    1494200 kB
SwapTotal:       1048572 kB
SwapFree:        1038076 kB
benchmark_vitis PID=5550
State:	D (disk sleep)
VmPeak:	 1187224 kB
VmSize:	  981472 kB
VmRSS:	  168412 kB
VmSwap:	    2880 kB
Threads:	2

2021-11-19 18:47:06
1.48 1.90 2.20 2/149 16475
MemTotal:        2033108 kB
MemAvailable:    1493136 kB
SwapTotal:       1048572 kB
SwapFree:        1038076 kB
benchmark_vitis PID=5550
State:	S (sleeping)
VmPeak:	 1187224 kB
VmSize:	  980544 kB
VmRSS:	  168412 kB
VmSwap:	    2880 kB
Threads:	2

2021-11-19 18:47:08
1.44 1.88 2.19 2/149 16489
MemTotal:        2033108 kB
MemAvailable:    1492428 kB
SwapTotal:       1048572 kB
SwapFree:        1038076 kB
benchmark_vitis PID=5550
State:	S (sleeping)
VmPeak:	 1187224 kB
VmSize:	  980544 kB
VmRSS:	  168412 kB
VmSwap:	    2880 kB
Threads:	2

2021-11-19 18:47:10
1.44 1.88 2.19 3/149 16503
MemTotal:        2033108 kB
MemAvailable:    1491808 kB
SwapTotal:       1048572 kB
SwapFree:        1038076 kB
benchmark_vitis PID=5550
State:	D (disk sleep)
VmPeak:	 1187224 kB
VmSize:	  981576 kB
VmRSS:	  168412 kB
VmSwap:	    2880 kB
Threads:	2

2021-11-19 18:47:13
1.41 1.87 2.18 2/149 16517
MemTotal:        2033108 kB
MemAvailable:    1490384 kB
SwapTotal:       1048572 kB
SwapFree:        1038076 kB
benchmark_vitis PID=5550
State:	S (sleeping)
VmPeak:	 1187224 kB
VmSize:	  980544 kB
VmRSS:	  168412 kB
VmSwap:	    2880 kB
Threads:	2

2021-11-19 18:47:15
1.41 1.87 2.18 2/149 16531
MemTotal:        2033108 kB
MemAvailable:    1491208 kB
SwapTotal:       1048572 kB
SwapFree:        1038076 kB
benchmark_vitis PID=5550
State:	S (sleeping)
VmPeak:	 1187224 kB
VmSize:	  980544 kB
VmRSS:	  168412 kB
VmSwap:	    2880 kB
Threads:	2

2021-11-19 18:47:17
1.41 1.87 2.18 2/149 16545
MemTotal:        2033108 kB
MemAvailable:    1492732 kB
SwapTotal:       1048572 kB
SwapFree:        1038076 kB
benchmark_vitis PID=5550
State:	R (running)
VmPeak:	 1187224 kB
VmSize:	  981576 kB
VmRSS:	  168412 kB
VmSwap:	    2880 kB
Threads:	2

2021-11-19 18:47:19
1.38 1.85 2.18 2/148 16558
MemTotal:        2033108 kB
MemAvailable:    1491580 kB
SwapTotal:       1048572 kB
SwapFree:        1038076 kB
benchmark_vitis PID=5550
State:	S (sleeping)
VmPeak:	 1187224 kB
VmSize:	  980544 kB
VmRSS:	  168412 kB
VmSwap:	    2880 kB
Threads:	2

2021-11-19 18:47:21
1.38 1.85 2.18 2/148 16573
MemTotal:        2033108 kB
MemAvailable:    1493424 kB
SwapTotal:       1048572 kB
SwapFree:        1038076 kB
benchmark_vitis PID=5550
State:	S (sleeping)
VmPeak:	 1187224 kB
VmSize:	  980544 kB
VmRSS:	  168412 kB
VmSwap:	    2880 kB
Threads:	2

2021-11-19 18:47:23
1.35 1.84 2.17 3/148 16587
MemTotal:        2033108 kB
MemAvailable:    1492596 kB
SwapTotal:       1048572 kB
SwapFree:        1038076 kB
benchmark_vitis PID=5550
State:	R (running)
VmPeak:	 1187224 kB
VmSize:	  981428 kB
VmRSS:	  168412 kB
VmSwap:	    2880 kB
Threads:	2

2021-11-19 18:47:25
1.35 1.84 2.17 2/148 16601
MemTotal:        2033108 kB
MemAvailable:    1492344 kB
SwapTotal:       1048572 kB
SwapFree:        1038076 kB
benchmark_vitis PID=5550
State:	S (sleeping)
VmPeak:	 1187224 kB
VmSize:	  980544 kB
VmRSS:	  168412 kB
VmSwap:	    2880 kB
Threads:	2

2021-11-19 18:47:27
1.35 1.84 2.17 2/148 16615
MemTotal:        2033108 kB
MemAvailable:    1491436 kB
SwapTotal:       1048572 kB
SwapFree:        1038076 kB
benchmark_vitis PID=5550
State:	S (sleeping)
VmPeak:	 1187224 kB
VmSize:	  980544 kB
VmRSS:	  168412 kB
VmSwap:	    2880 kB
Threads:	2

2021-11-19 18:47:29
1.32 1.82 2.16 3/148 16629
MemTotal:        2033108 kB
MemAvailable:    1492156 kB
SwapTotal:       1048572 kB
SwapFree:        1038076 kB
benchmark_vitis PID=5550
State:	R (running)
VmPeak:	 1187224 kB
VmSize:	  980544 kB
VmRSS:	  168412 kB
VmSwap:	    2880 kB
Threads:	2

2021-11-19 18:47:31
1.32 1.82 2.16 3/148 16643
MemTotal:        2033108 kB
MemAvailable:    1491372 kB
SwapTotal:       1048572 kB
SwapFree:        1038076 kB
benchmark_vitis PID=5550
State:	R (running)
VmPeak:	 1187224 kB
VmSize:	  980736 kB
VmRSS:	  168412 kB
VmSwap:	    2880 kB
Threads:	2

2021-11-19 18:47:33
1.29 1.81 2.16 2/148 16657
MemTotal:        2033108 kB
MemAvailable:    1490388 kB
SwapTotal:       1048572 kB
SwapFree:        1038076 kB
benchmark_vitis PID=5550
State:	S (sleeping)
VmPeak:	 1187224 kB
VmSize:	  980544 kB
VmRSS:	  168412 kB
VmSwap:	    2880 kB
Threads:	2

2021-11-19 18:47:35
1.29 1.81 2.16 2/148 16671
MemTotal:        2033108 kB
MemAvailable:    1490000 kB
SwapTotal:       1048572 kB
SwapFree:        1038076 kB
benchmark_vitis PID=5550
State:	S (sleeping)
VmPeak:	 1187224 kB
VmSize:	  980544 kB
VmRSS:	  168412 kB
VmSwap:	    2880 kB
Threads:	2

2021-11-19 18:47:37
1.29 1.81 2.16 3/148 16685
MemTotal:        2033108 kB
MemAvailable:    1489712 kB
SwapTotal:       1048572 kB
SwapFree:        1038076 kB
benchmark_vitis PID=5550
State:	D (disk sleep)
VmPeak:	 1187224 kB
VmSize:	  981464 kB
VmRSS:	  168412 kB
VmSwap:	    2880 kB
Threads:	2

2021-11-19 18:47:39
1.27 1.80 2.15 2/149 16701
MemTotal:        2033108 kB
MemAvailable:    1492344 kB
SwapTotal:       1048572 kB
SwapFree:        1038076 kB
benchmark_vitis PID=5550
State:	S (sleeping)
VmPeak:	 1187224 kB
VmSize:	  980544 kB
VmRSS:	  168412 kB
VmSwap:	    2880 kB
Threads:	2

2021-11-19 18:47:41
1.27 1.80 2.15 2/149 16715
MemTotal:        2033108 kB
MemAvailable:    1488728 kB
SwapTotal:       1048572 kB
SwapFree:        1038076 kB
benchmark_vitis PID=5550
State:	S (sleeping)
VmPeak:	 1187224 kB
VmSize:	  980544 kB
VmRSS:	  168412 kB
VmSwap:	    2880 kB
Threads:	2

2021-11-19 18:47:43
1.25 1.78 2.14 3/149 16729
MemTotal:        2033108 kB
MemAvailable:    1487180 kB
SwapTotal:       1048572 kB
SwapFree:        1038076 kB
benchmark_vitis PID=5550
State:	R (running)
VmPeak:	 1187224 kB
VmSize:	  981628 kB
VmRSS:	  168412 kB
VmSwap:	    2880 kB
Threads:	2

2021-11-19 18:47:45
1.25 1.78 2.14 3/149 16743
MemTotal:        2033108 kB
MemAvailable:    1487564 kB
SwapTotal:       1048572 kB
SwapFree:        1038076 kB
benchmark_vitis PID=5550
State:	R (running)
VmPeak:	 1187224 kB
VmSize:	  980612 kB
VmRSS:	  168412 kB
VmSwap:	    2880 kB
Threads:	2

2021-11-19 18:47:47
1.25 1.78 2.14 2/149 16757
MemTotal:        2033108 kB
MemAvailable:    1488544 kB
SwapTotal:       1048572 kB
SwapFree:        1038076 kB
benchmark_vitis PID=5550
State:	S (sleeping)
VmPeak:	 1187224 kB
VmSize:	  980544 kB
VmRSS:	  168412 kB
VmSwap:	    2880 kB
Threads:	2

2021-11-19 18:47:49
1.31 1.79 2.14 2/149 16771
MemTotal:        2033108 kB
MemAvailable:    1487896 kB
SwapTotal:       1048572 kB
SwapFree:        1038076 kB
benchmark_vitis PID=5550
State:	S (sleeping)
VmPeak:	 1187224 kB
VmSize:	  980544 kB
VmRSS:	  168412 kB
VmSwap:	    2880 kB
Threads:	2

2021-11-19 18:47:51
1.31 1.79 2.14 2/149 16785
MemTotal:        2033108 kB
MemAvailable:    1487044 kB
SwapTotal:       1048572 kB
SwapFree:        1038076 kB
benchmark_vitis PID=5550
State:	R (running)
VmPeak:	 1187224 kB
VmSize:	  981460 kB
VmRSS:	  168412 kB
VmSwap:	    2880 kB
Threads:	2

2021-11-19 18:47:53
1.28 1.77 2.14 2/149 16799
MemTotal:        2033108 kB
MemAvailable:    1487076 kB
SwapTotal:       1048572 kB
SwapFree:        1038076 kB
benchmark_vitis PID=5550
State:	S (sleeping)
VmPeak:	 1187224 kB
VmSize:	  980544 kB
VmRSS:	  168412 kB
VmSwap:	    2880 kB
Threads:	2

2021-11-19 18:47:55
1.28 1.77 2.14 2/149 16813
MemTotal:        2033108 kB
MemAvailable:    1486556 kB
SwapTotal:       1048572 kB
SwapFree:        1038076 kB
benchmark_vitis PID=5550
State:	S (sleeping)
VmPeak:	 1187224 kB
VmSize:	  980544 kB
VmRSS:	  168412 kB
VmSwap:	    2880 kB
Threads:	2

2021-11-19 18:47:57
1.28 1.77 2.14 3/149 16827
MemTotal:        2033108 kB
MemAvailable:    1486024 kB
SwapTotal:       1048572 kB
SwapFree:        1038076 kB
benchmark_vitis PID=5550
State:	D (disk sleep)
VmPeak:	 1187224 kB
VmSize:	  981468 kB
VmRSS:	  168412 kB
VmSwap:	    2880 kB
Threads:	2

2021-11-19 18:47:59
1.26 1.76 2.13 2/149 16841
MemTotal:        2033108 kB
MemAvailable:    1486712 kB
SwapTotal:       1048572 kB
SwapFree:        1038076 kB
benchmark_vitis PID=5550
State:	R (running)
VmPeak:	 1187224 kB
VmSize:	  980544 kB
VmRSS:	  168412 kB
VmSwap:	    2880 kB
Threads:	2

2021-11-19 18:48:01
1.26 1.76 2.13 2/149 16855
MemTotal:        2033108 kB
MemAvailable:    1494200 kB
SwapTotal:       1048572 kB
SwapFree:        1038076 kB
benchmark_vitis PID=5550
State:	S (sleeping)
VmPeak:	 1187224 kB
VmSize:	  980544 kB
VmRSS:	  168412 kB
VmSwap:	    2880 kB
Threads:	2

2021-11-19 18:48:03
1.24 1.75 2.12 2/149 16869
MemTotal:        2033108 kB
MemAvailable:    1493036 kB
SwapTotal:       1048572 kB
SwapFree:        1038076 kB
benchmark_vitis PID=5550
State:	S (sleeping)
VmPeak:	 1187224 kB
VmSize:	  980544 kB
VmRSS:	  168412 kB
VmSwap:	    2880 kB
Threads:	2

2021-11-19 18:48:05
1.24 1.75 2.12 3/149 16883
MemTotal:        2033108 kB
MemAvailable:    1493192 kB
SwapTotal:       1048572 kB
SwapFree:        1038076 kB
benchmark_vitis PID=5550
State:	R (running)
VmPeak:	 1187224 kB
VmSize:	  981508 kB
VmRSS:	  168412 kB
VmSwap:	    2880 kB
Threads:	2

2021-11-19 18:48:08
1.22 1.73 2.12 2/149 16897
MemTotal:        2033108 kB
MemAvailable:    1492404 kB
SwapTotal:       1048572 kB
SwapFree:        1038076 kB
benchmark_vitis PID=5550
State:	S (sleeping)
VmPeak:	 1187224 kB
VmSize:	  980544 kB
VmRSS:	  168412 kB
VmSwap:	    2880 kB
Threads:	2

2021-11-19 18:48:10
1.22 1.73 2.12 2/149 16911
MemTotal:        2033108 kB
MemAvailable:    1492772 kB
SwapTotal:       1048572 kB
SwapFree:        1038076 kB
benchmark_vitis PID=5550
State:	S (sleeping)
VmPeak:	 1187224 kB
VmSize:	  980544 kB
VmRSS:	  168412 kB
VmSwap:	    2880 kB
Threads:	2

2021-11-19 18:48:12
1.22 1.73 2.12 3/149 16925
MemTotal:        2033108 kB
MemAvailable:    1491552 kB
SwapTotal:       1048572 kB
SwapFree:        1038076 kB
benchmark_vitis PID=5550
State:	R (running)
VmPeak:	 1187224 kB
VmSize:	  981512 kB
VmRSS:	  168412 kB
VmSwap:	    2880 kB
Threads:	2

2021-11-19 18:48:14
1.20 1.72 2.11 3/149 16939
MemTotal:        2033108 kB
MemAvailable:    1494304 kB
SwapTotal:       1048572 kB
SwapFree:        1038076 kB
benchmark_vitis PID=5550
State:	D (disk sleep)
VmPeak:	 1187224 kB
VmSize:	  980544 kB
VmRSS:	  168404 kB
VmSwap:	    2880 kB
Threads:	2

2021-11-19 18:48:16
1.20 1.72 2.11 2/149 16953
MemTotal:        2033108 kB
MemAvailable:    1493976 kB
SwapTotal:       1048572 kB
SwapFree:        1038076 kB
benchmark_vitis PID=5550
State:	S (sleeping)
VmPeak:	 1187224 kB
VmSize:	  980544 kB
VmRSS:	  168404 kB
VmSwap:	    2880 kB
Threads:	2

2021-11-19 18:48:18
1.18 1.71 2.10 2/149 16967
MemTotal:        2033108 kB
MemAvailable:    1492952 kB
SwapTotal:       1048572 kB
SwapFree:        1038076 kB
benchmark_vitis PID=5550
State:	S (sleeping)
VmPeak:	 1187224 kB
VmSize:	  980544 kB
VmRSS:	  168404 kB
VmSwap:	    2880 kB
Threads:	2

2021-11-19 18:48:20
1.18 1.71 2.10 3/149 16982
MemTotal:        2033108 kB
MemAvailable:    1491744 kB
SwapTotal:       1048572 kB
SwapFree:        1038076 kB
benchmark_vitis PID=5550
State:	R (running)
VmPeak:	 1187224 kB
VmSize:	  981444 kB
VmRSS:	  168404 kB
VmSwap:	    2880 kB
Threads:	2

2021-11-19 18:48:22
1.18 1.71 2.10 2/148 16995
MemTotal:        2033108 kB
MemAvailable:    1491900 kB
SwapTotal:       1048572 kB
SwapFree:        1038076 kB
benchmark_vitis PID=5550
State:	S (sleeping)
VmPeak:	 1187224 kB
VmSize:	  980544 kB
VmRSS:	  168404 kB
VmSwap:	    2880 kB
Threads:	2

2021-11-19 18:48:24
1.17 1.70 2.10 2/149 17009
MemTotal:        2033108 kB
MemAvailable:    1492404 kB
SwapTotal:       1048572 kB
SwapFree:        1038076 kB
benchmark_vitis PID=5550
State:	S (sleeping)
VmPeak:	 1187224 kB
VmSize:	  980544 kB
VmRSS:	  168404 kB
VmSwap:	    2880 kB
Threads:	2

2021-11-19 18:48:26
1.17 1.70 2.10 3/149 17023
MemTotal:        2033108 kB
MemAvailable:    1492788 kB
SwapTotal:       1048572 kB
SwapFree:        1038076 kB
benchmark_vitis PID=5550
State:	S (sleeping)
VmPeak:	 1187224 kB
VmSize:	  980544 kB
VmRSS:	  168404 kB
VmSwap:	    2880 kB
Threads:	2

2021-11-19 18:48:28
1.24 1.70 2.10 2/149 17037
MemTotal:        2033108 kB
MemAvailable:    1491872 kB
SwapTotal:       1048572 kB
SwapFree:        1038076 kB
benchmark_vitis PID=5550
State:	R (running)
VmPeak:	 1187224 kB
VmSize:	  981600 kB
VmRSS:	  168404 kB
VmSwap:	    2880 kB
Threads:	2

2021-11-19 18:48:30
1.24 1.70 2.10 2/149 17051
MemTotal:        2033108 kB
MemAvailable:    1491400 kB
SwapTotal:       1048572 kB
SwapFree:        1038076 kB
benchmark_vitis PID=5550
State:	S (sleeping)
VmPeak:	 1187224 kB
VmSize:	  980544 kB
VmRSS:	  168404 kB
VmSwap:	    2880 kB
Threads:	2

2021-11-19 18:48:32
1.24 1.70 2.10 3/149 17065
MemTotal:        2033108 kB
MemAvailable:    1493948 kB
SwapTotal:       1048572 kB
SwapFree:        1038076 kB
benchmark_vitis PID=5550
State:	S (sleeping)
VmPeak:	 1187224 kB
VmSize:	  980544 kB
VmRSS:	  168400 kB
VmSwap:	    2880 kB
Threads:	2

2021-11-19 18:48:34
1.30 1.71 2.10 3/149 17079
MemTotal:        2033108 kB
MemAvailable:    1492828 kB
SwapTotal:       1048572 kB
SwapFree:        1038076 kB
benchmark_vitis PID=5550
State:	D (disk sleep)
VmPeak:	 1187224 kB
VmSize:	  981532 kB
VmRSS:	  166868 kB
VmSwap:	    2880 kB
Threads:	2

2021-11-19 18:48:36
1.30 1.71 2.10 2/149 17092
MemTotal:        2033108 kB
MemAvailable:    1491660 kB
SwapTotal:       1048572 kB
SwapFree:        1038076 kB
benchmark_vitis PID=5550
State:	S (sleeping)
VmPeak:	 1187224 kB
VmSize:	  980544 kB
VmRSS:	  166868 kB
VmSwap:	    2880 kB
Threads:	2

2021-11-19 18:48:38
1.27 1.70 2.09 2/150 17109
MemTotal:        2033108 kB
MemAvailable:    1491608 kB
SwapTotal:       1048572 kB
SwapFree:        1038076 kB
benchmark_vitis PID=5550
State:	S (sleeping)
VmPeak:	 1187224 kB
VmSize:	  980544 kB
VmRSS:	  166868 kB
VmSwap:	    2880 kB
Threads:	2

2021-11-19 18:48:40
1.27 1.70 2.09 2/150 17123
MemTotal:        2033108 kB
MemAvailable:    1490800 kB
SwapTotal:       1048572 kB
SwapFree:        1038076 kB
benchmark_vitis PID=5550
State:	D (disk sleep)
VmPeak:	 1187224 kB
VmSize:	  981636 kB
VmRSS:	  166868 kB
VmSwap:	    2880 kB
Threads:	2

2021-11-19 18:48:42
1.27 1.70 2.09 2/149 17137
MemTotal:        2033108 kB
MemAvailable:    1492616 kB
SwapTotal:       1048572 kB
SwapFree:        1038076 kB
benchmark_vitis PID=5550
State:	R (running)
VmPeak:	 1187224 kB
VmSize:	  980544 kB
VmRSS:	  166868 kB
VmSwap:	    2880 kB
Threads:	2

2021-11-19 18:48:44
1.25 1.68 2.08 2/149 17151
MemTotal:        2033108 kB
MemAvailable:    1492404 kB
SwapTotal:       1048572 kB
SwapFree:        1038076 kB
benchmark_vitis PID=5550
State:	S (sleeping)
VmPeak:	 1187224 kB
VmSize:	  980544 kB
VmRSS:	  166868 kB
VmSwap:	    2880 kB
Threads:	2

2021-11-19 18:48:46
1.25 1.68 2.08 2/149 17165
MemTotal:        2033108 kB
MemAvailable:    1491872 kB
SwapTotal:       1048572 kB
SwapFree:        1038076 kB
benchmark_vitis PID=5550
State:	S (sleeping)
VmPeak:	 1187224 kB
VmSize:	  980544 kB
VmRSS:	  166868 kB
VmSwap:	    2880 kB
Threads:	2

2021-11-19 18:48:48
1.23 1.67 2.08 2/149 17179
MemTotal:        2033108 kB
MemAvailable:    1491952 kB
SwapTotal:       1048572 kB
SwapFree:        1038076 kB
benchmark_vitis PID=5550
State:	R (running)
VmPeak:	 1187224 kB
VmSize:	  981604 kB
VmRSS:	  166868 kB
VmSwap:	    2880 kB
Threads:	2

2021-11-19 18:48:50
1.23 1.67 2.08 2/149 17193
MemTotal:        2033108 kB
MemAvailable:    1491368 kB
SwapTotal:       1048572 kB
SwapFree:        1038076 kB
benchmark_vitis PID=5550
State:	S (sleeping)
VmPeak:	 1187224 kB
VmSize:	  980544 kB
VmRSS:	  166868 kB
VmSwap:	    2880 kB
Threads:	2

2021-11-19 18:48:52
1.23 1.67 2.08 2/149 17207
MemTotal:        2033108 kB
MemAvailable:    1490780 kB
SwapTotal:       1048572 kB
SwapFree:        1038076 kB
benchmark_vitis PID=5550
State:	S (sleeping)
VmPeak:	 1187224 kB
VmSize:	  980544 kB
VmRSS:	  166868 kB
VmSwap:	    2880 kB
Threads:	2

2021-11-19 18:48:54
1.21 1.66 2.07 2/149 17221
MemTotal:        2033108 kB
MemAvailable:    1490104 kB
SwapTotal:       1048572 kB
SwapFree:        1038076 kB
benchmark_vitis PID=5550
State:	R (running)
VmPeak:	 1187224 kB
VmSize:	  981536 kB
VmRSS:	  166868 kB
VmSwap:	    2880 kB
Threads:	2

2021-11-19 18:48:56
1.21 1.66 2.07 2/149 17234
MemTotal:        2033108 kB
MemAvailable:    1489892 kB
SwapTotal:       1048572 kB
SwapFree:        1038076 kB
benchmark_vitis PID=5550
State:	S (sleeping)
VmPeak:	 1187224 kB
VmSize:	  980544 kB
VmRSS:	  166868 kB
VmSwap:	    2880 kB
Threads:	2

2021-11-19 18:48:58
1.20 1.65 2.07 2/149 17248
MemTotal:        2033108 kB
MemAvailable:    1489524 kB
SwapTotal:       1048572 kB
SwapFree:        1038076 kB
benchmark_vitis PID=5550
State:	S (sleeping)
VmPeak:	 1187224 kB
VmSize:	  980544 kB
VmRSS:	  166868 kB
VmSwap:	    2880 kB
Threads:	2

2021-11-19 18:49:01
1.20 1.65 2.07 2/149 17262
MemTotal:        2033108 kB
MemAvailable:    1489944 kB
SwapTotal:       1048572 kB
SwapFree:        1038076 kB
benchmark_vitis PID=5550
State:	S (sleeping)
VmPeak:	 1187224 kB
VmSize:	  980544 kB
VmRSS:	  166868 kB
VmSwap:	    2880 kB
Threads:	2

2021-11-19 18:49:03
1.18 1.64 2.06 3/148 17277
MemTotal:        2033108 kB
MemAvailable:    1495232 kB
SwapTotal:       1048572 kB
SwapFree:        1038076 kB
benchmark_vitis PID=5550
State:	R (running)
VmPeak:	 1187224 kB
VmSize:	  981632 kB
VmRSS:	  166868 kB
VmSwap:	    2880 kB
Threads:	2

2021-11-19 18:49:05
1.18 1.64 2.06 2/149 17291
MemTotal:        2033108 kB
MemAvailable:    1494036 kB
SwapTotal:       1048572 kB
SwapFree:        1038076 kB
benchmark_vitis PID=5550
State:	S (sleeping)
VmPeak:	 1187224 kB
VmSize:	  980544 kB
VmRSS:	  166868 kB
VmSwap:	    2880 kB
Threads:	2

2021-11-19 18:49:07
1.18 1.64 2.06 2/149 17305
MemTotal:        2033108 kB
MemAvailable:    1493904 kB
SwapTotal:       1048572 kB
SwapFree:        1038076 kB
benchmark_vitis PID=5550
State:	S (sleeping)
VmPeak:	 1187224 kB
VmSize:	  980544 kB
VmRSS:	  166672 kB
VmSwap:	    2880 kB
Threads:	2

2021-11-19 18:49:09
1.16 1.63 2.06 3/149 17319
MemTotal:        2033108 kB
MemAvailable:    1493224 kB
SwapTotal:       1048572 kB
SwapFree:        1038076 kB
benchmark_vitis PID=5550
State:	R (running)
VmPeak:	 1187224 kB
VmSize:	  981620 kB
VmRSS:	  166672 kB
VmSwap:	    2880 kB
Threads:	2

2021-11-19 18:49:11
1.16 1.63 2.06 2/149 17333
MemTotal:        2033108 kB
MemAvailable:    1492816 kB
SwapTotal:       1048572 kB
SwapFree:        1038076 kB
benchmark_vitis PID=5550
State:	S (sleeping)
VmPeak:	 1187224 kB
VmSize:	  980544 kB
VmRSS:	  166672 kB
VmSwap:	    2880 kB
Threads:	2

2021-11-19 18:49:13
1.15 1.62 2.05 3/149 17347
MemTotal:        2033108 kB
MemAvailable:    1492000 kB
SwapTotal:       1048572 kB
SwapFree:        1038076 kB
benchmark_vitis PID=5550
State:	S (sleeping)
VmPeak:	 1187224 kB
VmSize:	  980544 kB
VmRSS:	  166672 kB
VmSwap:	    2880 kB
Threads:	2

2021-11-19 18:49:15
1.15 1.62 2.05 3/148 17361
MemTotal:        2033108 kB
MemAvailable:    1491672 kB
SwapTotal:       1048572 kB
SwapFree:        1038076 kB
benchmark_vitis PID=5550
State:	R (running)
VmPeak:	 1187224 kB
VmSize:	  980860 kB
VmRSS:	  166672 kB
VmSwap:	    2880 kB
Threads:	2

2021-11-19 18:49:17
1.15 1.62 2.05 2/148 17375
MemTotal:        2033108 kB
MemAvailable:    1491748 kB
SwapTotal:       1048572 kB
SwapFree:        1038076 kB
benchmark_vitis PID=5550
State:	S (sleeping)
VmPeak:	 1187224 kB
VmSize:	  980544 kB
VmRSS:	  166672 kB
VmSwap:	    2880 kB
Threads:	2

2021-11-19 18:49:19
1.14 1.61 2.04 3/148 17389
MemTotal:        2033108 kB
MemAvailable:    1491620 kB
SwapTotal:       1048572 kB
SwapFree:        1038076 kB
benchmark_vitis PID=5550
State:	D (disk sleep)
VmPeak:	 1187224 kB
VmSize:	  981848 kB
VmRSS:	  166672 kB
VmSwap:	    2880 kB
Threads:	2

2021-11-19 18:49:21
1.14 1.61 2.04 2/148 17403
MemTotal:        2033108 kB
MemAvailable:    1494100 kB
SwapTotal:       1048572 kB
SwapFree:        1038076 kB
benchmark_vitis PID=5550
State:	S (sleeping)
VmPeak:	 1187224 kB
VmSize:	  980544 kB
VmRSS:	  166660 kB
VmSwap:	    2888 kB
Threads:	2

2021-11-19 18:49:23
1.13 1.60 2.04 2/148 17417
MemTotal:        2033108 kB
MemAvailable:    1493200 kB
SwapTotal:       1048572 kB
SwapFree:        1038076 kB
benchmark_vitis PID=5550
State:	S (sleeping)
VmPeak:	 1187224 kB
VmSize:	  980544 kB
VmRSS:	  166660 kB
VmSwap:	    2888 kB
Threads:	2

2021-11-19 18:49:25
1.13 1.60 2.04 3/148 17431
MemTotal:        2033108 kB
MemAvailable:    1493968 kB
SwapTotal:       1048572 kB
SwapFree:        1038076 kB
benchmark_vitis PID=5550
State:	R (running)
VmPeak:	 1187224 kB
VmSize:	  981576 kB
VmRSS:	  166604 kB
VmSwap:	    2888 kB
Threads:	2

2021-11-19 18:49:27
1.13 1.60 2.04 2/148 17445
MemTotal:        2033108 kB
MemAvailable:    1493464 kB
SwapTotal:       1048572 kB
SwapFree:        1038076 kB
benchmark_vitis PID=5550
State:	S (sleeping)
VmPeak:	 1187224 kB
VmSize:	  980544 kB
VmRSS:	  166604 kB
VmSwap:	    2888 kB
Threads:	2

2021-11-19 18:49:29
1.12 1.59 2.03 3/148 17459
MemTotal:        2033108 kB
MemAvailable:    1492924 kB
SwapTotal:       1048572 kB
SwapFree:        1038076 kB
benchmark_vitis PID=5550
State:	R (running)
VmPeak:	 1187224 kB
VmSize:	  981544 kB
VmRSS:	  166604 kB
VmSwap:	    2888 kB
Threads:	2

2021-11-19 18:49:31
1.12 1.59 2.03 2/147 17473
MemTotal:        2033108 kB
MemAvailable:    1492212 kB
SwapTotal:       1048572 kB
SwapFree:        1038076 kB
benchmark_vitis PID=5550
State:	S (sleeping)
VmPeak:	 1187224 kB
VmSize:	  980544 kB
VmRSS:	  166604 kB
VmSwap:	    2888 kB
Threads:	2

2021-11-19 18:49:33
1.11 1.58 2.03 2/147 17487
MemTotal:        2033108 kB
MemAvailable:    1492304 kB
SwapTotal:       1048572 kB
SwapFree:        1038076 kB
benchmark_vitis PID=5550
State:	R (running)
VmPeak:	 1187224 kB
VmSize:	  980544 kB
VmRSS:	  166604 kB
VmSwap:	    2888 kB
Threads:	2

2021-11-19 18:49:35
1.11 1.58 2.03 2/147 17501
MemTotal:        2033108 kB
MemAvailable:    1492608 kB
SwapTotal:       1048572 kB
SwapFree:        1038076 kB
benchmark_vitis PID=5550
State:	R (running)
VmPeak:	 1187224 kB
VmSize:	  980544 kB
VmRSS:	  166604 kB
VmSwap:	    2888 kB
Threads:	2

2021-11-19 18:49:37
1.11 1.58 2.03 2/147 17515
MemTotal:        2033108 kB
MemAvailable:    1492856 kB
SwapTotal:       1048572 kB
SwapFree:        1037564 kB
benchmark_vitis PID=5550
State:	S (sleeping)
VmPeak:	 1187224 kB
VmSize:	  980544 kB
VmRSS:	  166432 kB
VmSwap:	    3036 kB
Threads:	2

2021-11-19 18:49:39
1.10 1.57 2.02 3/147 17531
MemTotal:        2033108 kB
MemAvailable:    1491532 kB
SwapTotal:       1048572 kB
SwapFree:        1037564 kB
benchmark_vitis PID=5550
State:	D (disk sleep)
VmPeak:	 1187224 kB
VmSize:	  981920 kB
VmRSS:	  166432 kB
VmSwap:	    3036 kB
Threads:	2

2021-11-19 18:49:41
1.10 1.57 2.02 2/147 17544
MemTotal:        2033108 kB
MemAvailable:    1492092 kB
SwapTotal:       1048572 kB
SwapFree:        1037564 kB
benchmark_vitis PID=5550
State:	S (sleeping)
VmPeak:	 1187224 kB
VmSize:	  980544 kB
VmRSS:	  166432 kB
VmSwap:	    3036 kB
Threads:	2

2021-11-19 18:49:43
1.09 1.56 2.01 3/147 17558
MemTotal:        2033108 kB
MemAvailable:    1491828 kB
SwapTotal:       1048572 kB
SwapFree:        1037564 kB
benchmark_vitis PID=5550
State:	S (sleeping)
VmPeak:	 1187224 kB
VmSize:	  980544 kB
VmRSS:	  166432 kB
VmSwap:	    3036 kB
Threads:	2

2021-11-19 18:49:45
1.09 1.56 2.01 2/147 17572
MemTotal:        2033108 kB
MemAvailable:    1491492 kB
SwapTotal:       1048572 kB
SwapFree:        1037564 kB
benchmark_vitis PID=5550
State:	R (running)
VmPeak:	 1187224 kB
VmSize:	  980544 kB
VmRSS:	  166432 kB
VmSwap:	    3036 kB
Threads:	2

2021-11-19 18:49:47
1.09 1.56 2.01 1/147 17584
MemTotal:        2033108 kB
MemAvailable:    1491468 kB
SwapTotal:       1048572 kB
SwapFree:        1037564 kB
benchmark_vitis PID=5550
State:	S (sleeping)
VmPeak:	 1187224 kB
VmSize:	  980544 kB
VmRSS:	  166432 kB
VmSwap:	    3036 kB
Threads:	2

2021-11-19 18:49:49
1.08 1.55 2.01 2/147 17598
MemTotal:        2033108 kB
MemAvailable:    1490444 kB
SwapTotal:       1048572 kB
SwapFree:        1037564 kB
benchmark_vitis PID=5550
State:	D (disk sleep)
VmPeak:	 1187224 kB
VmSize:	  981856 kB
VmRSS:	  166432 kB
VmSwap:	    3036 kB
Threads:	2

2021-11-19 18:49:51
1.08 1.55 2.01 1/148 17613
MemTotal:        2033108 kB
MemAvailable:    1492076 kB
SwapTotal:       1048572 kB
SwapFree:        1037308 kB
benchmark_vitis PID=5550
State:	S (sleeping)
VmPeak:	 1187224 kB
VmSize:	  980544 kB
VmRSS:	  166404 kB
VmSwap:	    3036 kB
Threads:	2

2021-11-19 18:49:53
1.08 1.54 2.00 2/148 17627
MemTotal:        2033108 kB
MemAvailable:    1490912 kB
SwapTotal:       1048572 kB
SwapFree:        1037308 kB
benchmark_vitis PID=5550
State:	R (running)
VmPeak:	 1187224 kB
VmSize:	  981824 kB
VmRSS:	  166404 kB
VmSwap:	    3036 kB
Threads:	2

2021-11-19 18:49:56
1.08 1.54 2.00 2/148 17642
MemTotal:        2033108 kB
MemAvailable:    1490504 kB
SwapTotal:       1048572 kB
SwapFree:        1037308 kB
benchmark_vitis PID=5550
State:	S (sleeping)
VmPeak:	 1187224 kB
VmSize:	  980544 kB
VmRSS:	  166404 kB
VmSwap:	    3036 kB
Threads:	2

2021-11-19 18:49:58
1.07 1.53 2.00 2/148 17657
MemTotal:        2033108 kB
MemAvailable:    1490480 kB
SwapTotal:       1048572 kB
SwapFree:        1037308 kB
benchmark_vitis PID=5550
State:	S (sleeping)
VmPeak:	 1187224 kB
VmSize:	  980544 kB
VmRSS:	  166404 kB
VmSwap:	    3036 kB
Threads:	2

2021-11-19 18:50:00
1.07 1.53 2.00 3/148 17671
MemTotal:        2033108 kB
MemAvailable:    1488680 kB
SwapTotal:       1048572 kB
SwapFree:        1037308 kB
benchmark_vitis PID=5550
State:	D (disk sleep)
VmPeak:	 1187224 kB
VmSize:	  980544 kB
VmRSS:	  166404 kB
VmSwap:	    3036 kB
Threads:	2

2021-11-19 18:50:02
1.07 1.53 2.00 2/148 17685
MemTotal:        2033108 kB
MemAvailable:    1495100 kB
SwapTotal:       1048572 kB
SwapFree:        1037308 kB
benchmark_vitis PID=5550
State:	S (sleeping)
VmPeak:	 1187224 kB
VmSize:	  980544 kB
VmRSS:	  166404 kB
VmSwap:	    3036 kB
Threads:	2

2021-11-19 18:50:04
1.06 1.52 1.99 3/148 17699
MemTotal:        2033108 kB
MemAvailable:    1493368 kB
SwapTotal:       1048572 kB
SwapFree:        1037308 kB
benchmark_vitis PID=5550
State:	S (sleeping)
VmPeak:	 1187224 kB
VmSize:	  980544 kB
VmRSS:	  166360 kB
VmSwap:	    3036 kB
Threads:	2

2021-11-19 18:50:06
1.06 1.52 1.99 3/148 17713
MemTotal:        2033108 kB
MemAvailable:    1492564 kB
SwapTotal:       1048572 kB
SwapFree:        1037308 kB
benchmark_vitis PID=5550
State:	R (running)
VmPeak:	 1187224 kB
VmSize:	  980572 kB
VmRSS:	  166360 kB
VmSwap:	    3036 kB
Threads:	2

2021-11-19 18:50:08
1.06 1.51 1.99 2/148 17730
MemTotal:        2033108 kB
MemAvailable:    1492868 kB
SwapTotal:       1048572 kB
SwapFree:        1037308 kB
benchmark_vitis PID=5550
State:	S (sleeping)
VmPeak:	 1187224 kB
VmSize:	  980544 kB
VmRSS:	  166360 kB
VmSwap:	    3036 kB
Threads:	2

2021-11-19 18:50:10
1.06 1.51 1.99 2/148 17744
MemTotal:        2033108 kB
MemAvailable:    1492404 kB
SwapTotal:       1048572 kB
SwapFree:        1037308 kB
benchmark_vitis PID=5550
State:	S (sleeping)
VmPeak:	 1187224 kB
VmSize:	  980544 kB
VmRSS:	  166360 kB
VmSwap:	    3036 kB
Threads:	2

2021-11-19 18:50:12
1.06 1.51 1.99 3/148 17758
MemTotal:        2033108 kB
MemAvailable:    1492200 kB
SwapTotal:       1048572 kB
SwapFree:        1037308 kB
benchmark_vitis PID=5550
State:	R (running)
VmPeak:	 1187224 kB
VmSize:	  981440 kB
VmRSS:	  166360 kB
VmSwap:	    3036 kB
Threads:	2

2021-11-19 18:50:14
1.05 1.50 1.98 2/149 17773
MemTotal:        2033108 kB
MemAvailable:    1495216 kB
SwapTotal:       1048572 kB
SwapFree:        1037308 kB
benchmark_vitis PID=5550
State:	S (sleeping)
VmPeak:	 1187224 kB
VmSize:	  980544 kB
VmRSS:	  166360 kB
VmSwap:	    3036 kB
Threads:	2

2021-11-19 18:50:16
1.05 1.50 1.98 2/149 17787
MemTotal:        2033108 kB
MemAvailable:    1493644 kB
SwapTotal:       1048572 kB
SwapFree:        1037308 kB
benchmark_vitis PID=5550
State:	S (sleeping)
VmPeak:	 1187224 kB
VmSize:	  980544 kB
VmRSS:	  166360 kB
VmSwap:	    3036 kB
Threads:	2

2021-11-19 18:50:18
1.05 1.49 1.97 3/149 17801
MemTotal:        2033108 kB
MemAvailable:    1493900 kB
SwapTotal:       1048572 kB
SwapFree:        1037308 kB
benchmark_vitis PID=5550
State:	D (disk sleep)
VmPeak:	 1187224 kB
VmSize:	  981500 kB
VmRSS:	  166316 kB
VmSwap:	    3036 kB
Threads:	2

2021-11-19 18:50:20
1.05 1.49 1.97 2/149 17815
MemTotal:        2033108 kB
MemAvailable:    1492368 kB
SwapTotal:       1048572 kB
SwapFree:        1037308 kB
benchmark_vitis PID=5550
State:	S (sleeping)
VmPeak:	 1187224 kB
VmSize:	  980544 kB
VmRSS:	  166316 kB
VmSwap:	    3036 kB
Threads:	2

2021-11-19 18:50:22
1.05 1.49 1.97 2/149 17829
MemTotal:        2033108 kB
MemAvailable:    1491760 kB
SwapTotal:       1048572 kB
SwapFree:        1037308 kB
benchmark_vitis PID=5550
State:	S (sleeping)
VmPeak:	 1187224 kB
VmSize:	  980544 kB
VmRSS:	  166316 kB
VmSwap:	    3036 kB
Threads:	2

2021-11-19 18:50:24
1.05 1.49 1.97 3/149 17843
MemTotal:        2033108 kB
MemAvailable:    1490900 kB
SwapTotal:       1048572 kB
SwapFree:        1037308 kB
benchmark_vitis PID=5550
State:	R (running)
VmPeak:	 1187224 kB
VmSize:	  980544 kB
VmRSS:	  166316 kB
VmSwap:	    3036 kB
Threads:	2

2021-11-19 18:50:26
1.05 1.49 1.97 2/149 17857
MemTotal:        2033108 kB
MemAvailable:    1489564 kB
SwapTotal:       1048572 kB
SwapFree:        1037308 kB
benchmark_vitis PID=5550
State:	D (disk sleep)
VmPeak:	 1187224 kB
VmSize:	  981608 kB
VmRSS:	  166316 kB
VmSwap:	    3036 kB
Threads:	2

2021-11-19 18:50:28
1.04 1.48 1.96 2/149 17871
MemTotal:        2033108 kB
MemAvailable:    1488392 kB
SwapTotal:       1048572 kB
SwapFree:        1037308 kB
benchmark_vitis PID=5550
State:	S (sleeping)
VmPeak:	 1187224 kB
VmSize:	  980544 kB
VmRSS:	  166316 kB
VmSwap:	    3036 kB
Threads:	2

2021-11-19 18:50:30
1.04 1.48 1.96 2/149 17885
MemTotal:        2033108 kB
MemAvailable:    1491580 kB
SwapTotal:       1048572 kB
SwapFree:        1037308 kB
benchmark_vitis PID=5550
State:	S (sleeping)
VmPeak:	 1187224 kB
VmSize:	  980544 kB
VmRSS:	  166300 kB
VmSwap:	    3036 kB
Threads:	2

2021-11-19 18:50:32
1.04 1.48 1.96 3/149 17899
MemTotal:        2033108 kB
MemAvailable:    1491052 kB
SwapTotal:       1048572 kB
SwapFree:        1037308 kB
benchmark_vitis PID=5550
State:	R (running)
VmPeak:	 1187224 kB
VmSize:	  981496 kB
VmRSS:	  166300 kB
VmSwap:	    3036 kB
Threads:	2

2021-11-19 18:50:34
1.04 1.47 1.96 2/149 17913
MemTotal:        2033108 kB
MemAvailable:    1490920 kB
SwapTotal:       1048572 kB
SwapFree:        1037308 kB
benchmark_vitis PID=5550
State:	S (sleeping)
VmPeak:	 1187224 kB
VmSize:	  980544 kB
VmRSS:	  166300 kB
VmSwap:	    3036 kB
Threads:	2

2021-11-19 18:50:36
1.04 1.47 1.96 2/148 17927
MemTotal:        2033108 kB
MemAvailable:    1490716 kB
SwapTotal:       1048572 kB
SwapFree:        1037308 kB
benchmark_vitis PID=5550
State:	S (sleeping)
VmPeak:	 1187224 kB
VmSize:	  980544 kB
VmRSS:	  166300 kB
VmSwap:	    3036 kB
Threads:	2

2021-11-19 18:50:38
1.03 1.46 1.95 3/148 17942
MemTotal:        2033108 kB
MemAvailable:    1490628 kB
SwapTotal:       1048572 kB
SwapFree:        1037308 kB
benchmark_vitis PID=5550
State:	S (sleeping)
VmPeak:	 1187224 kB
VmSize:	  980544 kB
VmRSS:	  166300 kB
VmSwap:	    3036 kB
Threads:	2

2021-11-19 18:50:40
1.03 1.46 1.95 2/148 17956
MemTotal:        2033108 kB
MemAvailable:    1490884 kB
SwapTotal:       1048572 kB
SwapFree:        1037308 kB
benchmark_vitis PID=5550
State:	R (running)
VmPeak:	 1187224 kB
VmSize:	  981484 kB
VmRSS:	  166296 kB
VmSwap:	    3036 kB
Threads:	2

2021-11-19 18:50:42
1.03 1.46 1.95 2/148 17970
MemTotal:        2033108 kB
MemAvailable:    1490340 kB
SwapTotal:       1048572 kB
SwapFree:        1037308 kB
benchmark_vitis PID=5550
State:	S (sleeping)
VmPeak:	 1187224 kB
VmSize:	  980544 kB
VmRSS:	  166296 kB
VmSwap:	    3036 kB
Threads:	2

2021-11-19 18:50:44
1.03 1.45 1.95 2/148 17984
MemTotal:        2033108 kB
MemAvailable:    1489908 kB
SwapTotal:       1048572 kB
SwapFree:        1037308 kB
benchmark_vitis PID=5550
State:	S (sleeping)
VmPeak:	 1187224 kB
VmSize:	  980544 kB
VmRSS:	  166296 kB
VmSwap:	    3036 kB
Threads:	2

2021-11-19 18:50:46
1.03 1.45 1.95 3/148 17998
MemTotal:        2033108 kB
MemAvailable:    1486720 kB
SwapTotal:       1048572 kB
SwapFree:        1037308 kB
benchmark_vitis PID=5550
State:	R (running)
VmPeak:	 1187224 kB
VmSize:	  981480 kB
VmRSS:	  166280 kB
VmSwap:	    3036 kB
Threads:	2

2021-11-19 18:50:49
1.11 1.46 1.95 2/148 18012
MemTotal:        2033108 kB
MemAvailable:    1485896 kB
SwapTotal:       1048572 kB
SwapFree:        1037308 kB
benchmark_vitis PID=5550
State:	D (disk sleep)
VmPeak:	 1187224 kB
VmSize:	  980544 kB
VmRSS:	  166280 kB
VmSwap:	    3036 kB
Threads:	2

2021-11-19 18:50:51
1.11 1.46 1.95 2/148 18026
MemTotal:        2033108 kB
MemAvailable:    1486648 kB
SwapTotal:       1048572 kB
SwapFree:        1037308 kB
benchmark_vitis PID=5550
State:	S (sleeping)
VmPeak:	 1187224 kB
VmSize:	  980544 kB
VmRSS:	  166280 kB
VmSwap:	    3036 kB
Threads:	2

2021-11-19 18:50:53
1.10 1.45 1.94 3/148 18040
MemTotal:        2033108 kB
MemAvailable:    1489520 kB
SwapTotal:       1048572 kB
SwapFree:        1037308 kB
benchmark_vitis PID=5550
State:	S (sleeping)
VmPeak:	 1187224 kB
VmSize:	  980544 kB
VmRSS:	  166280 kB
VmSwap:	    3036 kB
Threads:	2

2021-11-19 18:50:55
1.10 1.45 1.94 3/148 18054
MemTotal:        2033108 kB
MemAvailable:    1489724 kB
SwapTotal:       1048572 kB
SwapFree:        1037308 kB
benchmark_vitis PID=5550
State:	R (running)
VmPeak:	 1187224 kB
VmSize:	  981456 kB
VmRSS:	  166276 kB
VmSwap:	    3036 kB
Threads:	2

2021-11-19 18:50:57
1.10 1.45 1.94 2/148 18068
MemTotal:        2033108 kB
MemAvailable:    1485244 kB
SwapTotal:       1048572 kB
SwapFree:        1037308 kB
benchmark_vitis PID=5550
State:	S (sleeping)
VmPeak:	 1187224 kB
VmSize:	  980544 kB
VmRSS:	  166276 kB
VmSwap:	    3036 kB
Threads:	2

2021-11-19 18:50:59
1.09 1.45 1.94 2/148 18082
MemTotal:        2033108 kB
MemAvailable:    1492136 kB
SwapTotal:       1048572 kB
SwapFree:        1037308 kB
benchmark_vitis PID=5550
State:	S (sleeping)
VmPeak:	 1187224 kB
VmSize:	  980544 kB
VmRSS:	  166272 kB
VmSwap:	    3036 kB
Threads:	2

2021-11-19 18:51:01
1.09 1.45 1.94 3/148 18096
MemTotal:        2033108 kB
MemAvailable:    1495804 kB
SwapTotal:       1048572 kB
SwapFree:        1037308 kB
benchmark_vitis PID=5550
State:	R (running)
VmPeak:	 1187224 kB
VmSize:	  981524 kB
VmRSS:	  166224 kB
VmSwap:	    3036 kB
Threads:	2

2021-11-19 18:51:03
1.08 1.44 1.93 2/148 18110
MemTotal:        2033108 kB
MemAvailable:    1494100 kB
SwapTotal:       1048572 kB
SwapFree:        1037308 kB
benchmark_vitis PID=5550
State:	S (sleeping)
VmPeak:	 1187224 kB
VmSize:	  980544 kB
VmRSS:	  166224 kB
VmSwap:	    3036 kB
Threads:	2

2021-11-19 18:51:05
1.08 1.44 1.93 2/148 18124
MemTotal:        2033108 kB
MemAvailable:    1493752 kB
SwapTotal:       1048572 kB
SwapFree:        1037308 kB
benchmark_vitis PID=5550
State:	S (sleeping)
VmPeak:	 1187224 kB
VmSize:	  980544 kB
VmRSS:	  166224 kB
VmSwap:	    3036 kB
Threads:	2

2021-11-19 18:51:07
1.08 1.44 1.93 3/149 18139
MemTotal:        2033108 kB
MemAvailable:    1493456 kB
SwapTotal:       1048572 kB
SwapFree:        1037308 kB
benchmark_vitis PID=5550
State:	S (sleeping)
VmPeak:	 1187224 kB
VmSize:	  980544 kB
VmRSS:	  166224 kB
VmSwap:	    3036 kB
Threads:	2

2021-11-19 18:51:09
1.08 1.43 1.93 2/149 18153
MemTotal:        2033108 kB
MemAvailable:    1493232 kB
SwapTotal:       1048572 kB
SwapFree:        1037308 kB
benchmark_vitis PID=5550
State:	R (running)
VmPeak:	 1187224 kB
VmSize:	  981560 kB
VmRSS:	  166224 kB
VmSwap:	    3036 kB
Threads:	2

2021-11-19 18:51:11
1.08 1.43 1.93 2/149 18167
MemTotal:        2033108 kB
MemAvailable:    1493232 kB
SwapTotal:       1048572 kB
SwapFree:        1037308 kB
benchmark_vitis PID=5550
State:	S (sleeping)
VmPeak:	 1187224 kB
VmSize:	  980544 kB
VmRSS:	  166224 kB
VmSwap:	    3036 kB
Threads:	2

2021-11-19 18:51:13
1.07 1.42 1.92 2/149 18181
MemTotal:        2033108 kB
MemAvailable:    1492288 kB
SwapTotal:       1048572 kB
SwapFree:        1037308 kB
benchmark_vitis PID=5550
State:	S (sleeping)
VmPeak:	 1187224 kB
VmSize:	  980544 kB
VmRSS:	  166224 kB
VmSwap:	    3036 kB
Threads:	2

2021-11-19 18:51:15
1.07 1.42 1.92 4/148 18194
MemTotal:        2033108 kB
MemAvailable:    1495652 kB
SwapTotal:       1048572 kB
SwapFree:        1037052 kB
benchmark_vitis PID=5550
State:	R (running)
VmPeak:	 1187224 kB
VmSize:	  981624 kB
VmRSS:	  166212 kB
VmSwap:	    3036 kB
Threads:	2

2021-11-19 18:51:17
1.07 1.42 1.92 2/149 18209
MemTotal:        2033108 kB
MemAvailable:    1492544 kB
SwapTotal:       1048572 kB
SwapFree:        1037052 kB
benchmark_vitis PID=5550
State:	S (sleeping)
VmPeak:	 1187224 kB
VmSize:	  980544 kB
VmRSS:	  166212 kB
VmSwap:	    3036 kB
Threads:	2

2021-11-19 18:51:19
1.07 1.42 1.92 2/149 18223
MemTotal:        2033108 kB
MemAvailable:    1493292 kB
SwapTotal:       1048572 kB
SwapFree:        1037052 kB
benchmark_vitis PID=5550
State:	S (sleeping)
VmPeak:	 1187224 kB
VmSize:	  980544 kB
VmRSS:	  166212 kB
VmSwap:	    3036 kB
Threads:	2

2021-11-19 18:51:21
1.07 1.42 1.92 2/149 18237
MemTotal:        2033108 kB
MemAvailable:    1493384 kB
SwapTotal:       1048572 kB
SwapFree:        1037052 kB
benchmark_vitis PID=5550
State:	R (running)
VmPeak:	 1187224 kB
VmSize:	  981632 kB
VmRSS:	  166184 kB
VmSwap:	    3036 kB
Threads:	2

2021-11-19 18:51:23
1.06 1.41 1.91 2/149 18251
MemTotal:        2033108 kB
MemAvailable:    1493632 kB
SwapTotal:       1048572 kB
SwapFree:        1037052 kB
benchmark_vitis PID=5550
State:	S (sleeping)
VmPeak:	 1187224 kB
VmSize:	  980544 kB
VmRSS:	  166184 kB
VmSwap:	    3036 kB
Threads:	2

2021-11-19 18:51:25
1.06 1.41 1.91 3/149 18265
MemTotal:        2033108 kB
MemAvailable:    1493272 kB
SwapTotal:       1048572 kB
SwapFree:        1037052 kB
benchmark_vitis PID=5550
State:	S (sleeping)
VmPeak:	 1187224 kB
VmSize:	  980544 kB
VmRSS:	  166184 kB
VmSwap:	    3036 kB
Threads:	2

2021-11-19 18:51:27
1.06 1.41 1.91 2/149 18279
MemTotal:        2033108 kB
MemAvailable:    1491860 kB
SwapTotal:       1048572 kB
SwapFree:        1037052 kB
benchmark_vitis PID=5550
State:	R (running)
VmPeak:	 1187224 kB
VmSize:	  981604 kB
VmRSS:	  166184 kB
VmSwap:	    3036 kB
Threads:	2

2021-11-19 18:51:29
1.06 1.40 1.91 2/149 18293
MemTotal:        2033108 kB
MemAvailable:    1492488 kB
SwapTotal:       1048572 kB
SwapFree:        1037052 kB
benchmark_vitis PID=5550
State:	S (sleeping)
VmPeak:	 1187224 kB
VmSize:	  980544 kB
VmRSS:	  166092 kB
VmSwap:	    3036 kB
Threads:	2

2021-11-19 18:51:31
1.06 1.40 1.91 2/149 18307
MemTotal:        2033108 kB
MemAvailable:    1490160 kB
SwapTotal:       1048572 kB
SwapFree:        1037052 kB
benchmark_vitis PID=5550
State:	S (sleeping)
VmPeak:	 1187224 kB
VmSize:	  980544 kB
VmRSS:	  166092 kB
VmSwap:	    3036 kB
Threads:	2

2021-11-19 18:51:33
1.05 1.40 1.90 3/149 18321
MemTotal:        2033108 kB
MemAvailable:    1489820 kB
SwapTotal:       1048572 kB
SwapFree:        1037052 kB
benchmark_vitis PID=5550
State:	R (running)
VmPeak:	 1187224 kB
VmSize:	  981584 kB
VmRSS:	  166092 kB
VmSwap:	    3036 kB
Threads:	2

2021-11-19 18:51:35
1.05 1.40 1.90 2/149 18335
MemTotal:        2033108 kB
MemAvailable:    1489632 kB
SwapTotal:       1048572 kB
SwapFree:        1037052 kB
benchmark_vitis PID=5550
State:	S (sleeping)
VmPeak:	 1187224 kB
VmSize:	  980544 kB
VmRSS:	  166092 kB
VmSwap:	    3036 kB
Threads:	2

2021-11-19 18:51:37
1.05 1.40 1.90 2/149 18349
MemTotal:        2033108 kB
MemAvailable:    1489556 kB
SwapTotal:       1048572 kB
SwapFree:        1037052 kB
benchmark_vitis PID=5550
State:	S (sleeping)
VmPeak:	 1187224 kB
VmSize:	  980544 kB
VmRSS:	  166092 kB
VmSwap:	    3036 kB
Threads:	2

2021-11-19 18:51:39
1.05 1.39 1.90 3/150 18365
MemTotal:        2033108 kB
MemAvailable:    1489164 kB
SwapTotal:       1048572 kB
SwapFree:        1037052 kB
benchmark_vitis PID=5550
State:	R (running)
VmPeak:	 1187224 kB
VmSize:	  981576 kB
VmRSS:	  166092 kB
VmSwap:	    3036 kB
Threads:	2

2021-11-19 18:51:41
1.05 1.39 1.90 2/149 18379
MemTotal:        2033108 kB
MemAvailable:    1490120 kB
SwapTotal:       1048572 kB
SwapFree:        1037052 kB
benchmark_vitis PID=5550
State:	S (sleeping)
VmPeak:	 1187224 kB
VmSize:	  980544 kB
VmRSS:	  166092 kB
VmSwap:	    3036 kB
Threads:	2

2021-11-19 18:51:44
1.12 1.40 1.90 2/149 18393
MemTotal:        2033108 kB
MemAvailable:    1489960 kB
SwapTotal:       1048572 kB
SwapFree:        1037052 kB
benchmark_vitis PID=5550
State:	S (sleeping)
VmPeak:	 1187224 kB
VmSize:	  980544 kB
VmRSS:	  166092 kB
VmSwap:	    3036 kB
Threads:	2

2021-11-19 18:51:46
1.12 1.40 1.90 3/149 18407
MemTotal:        2033108 kB
MemAvailable:    1489504 kB
SwapTotal:       1048572 kB
SwapFree:        1037052 kB
benchmark_vitis PID=5550
State:	R (running)
VmPeak:	 1187224 kB
VmSize:	  981584 kB
VmRSS:	  166092 kB
VmSwap:	    3036 kB
Threads:	2

2021-11-19 18:51:48
1.12 1.40 1.90 2/150 18422
MemTotal:        2033108 kB
MemAvailable:    1489440 kB
SwapTotal:       1048572 kB
SwapFree:        1036540 kB
benchmark_vitis PID=5550
State:	R (running)
VmPeak:	 1187224 kB
VmSize:	  980544 kB
VmRSS:	  166076 kB
VmSwap:	    3036 kB
Threads:	2

2021-11-19 18:51:50
1.11 1.39 1.89 2/150 18436
MemTotal:        2033108 kB
MemAvailable:    1492856 kB
SwapTotal:       1048572 kB
SwapFree:        1036540 kB
benchmark_vitis PID=5550
State:	S (sleeping)
VmPeak:	 1187224 kB
VmSize:	  980544 kB
VmRSS:	  166076 kB
VmSwap:	    3036 kB
Threads:	2

2021-11-19 18:51:52
1.11 1.39 1.89 3/150 18450
MemTotal:        2033108 kB
MemAvailable:    1492928 kB
SwapTotal:       1048572 kB
SwapFree:        1036540 kB
benchmark_vitis PID=5550
State:	S (sleeping)
VmPeak:	 1187224 kB
VmSize:	  980544 kB
VmRSS:	  166076 kB
VmSwap:	    3036 kB
Threads:	2

2021-11-19 18:51:54
1.10 1.39 1.89 3/150 18464
MemTotal:        2033108 kB
MemAvailable:    1492388 kB
SwapTotal:       1048572 kB
SwapFree:        1036540 kB
benchmark_vitis PID=5550
State:	D (disk sleep)
VmPeak:	 1187224 kB
VmSize:	  980676 kB
VmRSS:	  166076 kB
VmSwap:	    3036 kB
Threads:	2

2021-11-19 18:51:56
1.10 1.39 1.89 2/150 18478
MemTotal:        2033108 kB
MemAvailable:    1492132 kB
SwapTotal:       1048572 kB
SwapFree:        1036540 kB
benchmark_vitis PID=5550
State:	S (sleeping)
VmPeak:	 1187224 kB
VmSize:	  980544 kB
VmRSS:	  166076 kB
VmSwap:	    3036 kB
Threads:	2

2021-11-19 18:51:58
1.18 1.40 1.89 3/149 18492
MemTotal:        2033108 kB
MemAvailable:    1491640 kB
SwapTotal:       1048572 kB
SwapFree:        1036540 kB
benchmark_vitis PID=5550
State:	S (sleeping)
VmPeak:	 1187224 kB
VmSize:	  980544 kB
VmRSS:	  166076 kB
VmSwap:	    3036 kB
Threads:	2

2021-11-19 18:52:00
1.18 1.40 1.89 3/149 18506
MemTotal:        2033108 kB
MemAvailable:    1491272 kB
SwapTotal:       1048572 kB
SwapFree:        1036540 kB
benchmark_vitis PID=5550
State:	D (disk sleep)
VmPeak:	 1187224 kB
VmSize:	  980544 kB
VmRSS:	  166076 kB
VmSwap:	    3036 kB
Threads:	2

2021-11-19 18:52:02
1.18 1.40 1.89 2/149 18520
MemTotal:        2033108 kB
MemAvailable:    1489444 kB
SwapTotal:       1048572 kB
SwapFree:        1036540 kB
benchmark_vitis PID=5550
State:	S (sleeping)
VmPeak:	 1187224 kB
VmSize:	  980544 kB
VmRSS:	  166076 kB
VmSwap:	    3036 kB
Threads:	2

2021-11-19 18:52:04
1.16 1.39 1.88 2/150 18535
MemTotal:        2033108 kB
MemAvailable:    1494856 kB
SwapTotal:       1048572 kB
SwapFree:        1036540 kB
benchmark_vitis PID=5550
State:	S (sleeping)
VmPeak:	 1187224 kB
VmSize:	  980544 kB
VmRSS:	  166076 kB
VmSwap:	    3036 kB
Threads:	2

2021-11-19 18:52:06
1.16 1.39 1.88 2/150 18549
MemTotal:        2033108 kB
MemAvailable:    1494196 kB
SwapTotal:       1048572 kB
SwapFree:        1036540 kB
benchmark_vitis PID=5550
State:	D (disk sleep)
VmPeak:	 1187224 kB
VmSize:	  981472 kB
VmRSS:	  166076 kB
VmSwap:	    3036 kB
Threads:	2

2021-11-19 18:52:08
1.15 1.38 1.88 2/150 18563
MemTotal:        2033108 kB
MemAvailable:    1494120 kB
SwapTotal:       1048572 kB
SwapFree:        1036540 kB
benchmark_vitis PID=5550
State:	S (sleeping)
VmPeak:	 1187224 kB
VmSize:	  980544 kB
VmRSS:	  166076 kB
VmSwap:	    3036 kB
Threads:	2

2021-11-19 18:52:10
1.15 1.38 1.88 2/150 18577
MemTotal:        2033108 kB
MemAvailable:    1494244 kB
SwapTotal:       1048572 kB
SwapFree:        1036540 kB
benchmark_vitis PID=5550
State:	S (sleeping)
VmPeak:	 1187224 kB
VmSize:	  980544 kB
VmRSS:	  166076 kB
VmSwap:	    3036 kB
Threads:	2

2021-11-19 18:52:12
1.15 1.38 1.88 3/150 18591
MemTotal:        2033108 kB
MemAvailable:    1493444 kB
SwapTotal:       1048572 kB
SwapFree:        1036540 kB
benchmark_vitis PID=5550
State:	R (running)
VmPeak:	 1187224 kB
VmSize:	  981516 kB
VmRSS:	  166076 kB
VmSwap:	    3036 kB
Threads:	2

2021-11-19 18:52:14
1.22 1.39 1.88 2/150 18605
MemTotal:        2033108 kB
MemAvailable:    1494244 kB
SwapTotal:       1048572 kB
SwapFree:        1036540 kB
benchmark_vitis PID=5550
State:	S (sleeping)
VmPeak:	 1187224 kB
VmSize:	  980544 kB
VmRSS:	  166036 kB
VmSwap:	    3036 kB
Threads:	2

2021-11-19 18:52:16
1.22 1.39 1.88 2/150 18619
MemTotal:        2033108 kB
MemAvailable:    1493556 kB
SwapTotal:       1048572 kB
SwapFree:        1036540 kB
benchmark_vitis PID=5550
State:	S (sleeping)
VmPeak:	 1187224 kB
VmSize:	  980544 kB
VmRSS:	  166036 kB
VmSwap:	    3036 kB
Threads:	2

2021-11-19 18:52:18
1.20 1.39 1.87 3/150 18633
MemTotal:        2033108 kB
MemAvailable:    1492960 kB
SwapTotal:       1048572 kB
SwapFree:        1036540 kB
benchmark_vitis PID=5550
State:	R (running)
VmPeak:	 1187224 kB
VmSize:	  980544 kB
VmRSS:	  166036 kB
VmSwap:	    3036 kB
Threads:	2

2021-11-19 18:52:20
1.20 1.39 1.87 2/150 18647
MemTotal:        2033108 kB
MemAvailable:    1492036 kB
SwapTotal:       1048572 kB
SwapFree:        1036540 kB
benchmark_vitis PID=5550
State:	S (sleeping)
VmPeak:	 1187224 kB
VmSize:	  980544 kB
VmRSS:	  166036 kB
VmSwap:	    3036 kB
Threads:	2

2021-11-19 18:52:22
1.20 1.39 1.87 2/150 18661
MemTotal:        2033108 kB
MemAvailable:    1492892 kB
SwapTotal:       1048572 kB
SwapFree:        1036540 kB
benchmark_vitis PID=5550
State:	S (sleeping)
VmPeak:	 1187224 kB
VmSize:	  980544 kB
VmRSS:	  166036 kB
VmSwap:	    3036 kB
Threads:	2

2021-11-19 18:52:24
1.18 1.38 1.87 2/150 18675
MemTotal:        2033108 kB
MemAvailable:    1493536 kB
SwapTotal:       1048572 kB
SwapFree:        1036540 kB
benchmark_vitis PID=5550
State:	R (running)
VmPeak:	 1187224 kB
VmSize:	  981488 kB
VmRSS:	  166024 kB
VmSwap:	    3036 kB
Threads:	2

2021-11-19 18:52:26
1.18 1.38 1.87 2/150 18689
MemTotal:        2033108 kB
MemAvailable:    1492992 kB
SwapTotal:       1048572 kB
SwapFree:        1036540 kB
benchmark_vitis PID=5550
State:	S (sleeping)
VmPeak:	 1187224 kB
VmSize:	  980544 kB
VmRSS:	  166024 kB
VmSwap:	    3036 kB
Threads:	2

2021-11-19 18:52:28
1.17 1.37 1.86 2/150 18703
MemTotal:        2033108 kB
MemAvailable:    1492712 kB
SwapTotal:       1048572 kB
SwapFree:        1036540 kB
benchmark_vitis PID=5550
State:	S (sleeping)
VmPeak:	 1187224 kB
VmSize:	  980544 kB
VmRSS:	  166024 kB
VmSwap:	    3036 kB
Threads:	2

2021-11-19 18:52:30
1.17 1.37 1.86 3/150 18717
MemTotal:        2033108 kB
MemAvailable:    1493604 kB
SwapTotal:       1048572 kB
SwapFree:        1036540 kB
benchmark_vitis PID=5550
State:	R (running)
VmPeak:	 1187224 kB
VmSize:	  981568 kB
VmRSS:	  165992 kB
VmSwap:	    3036 kB
Threads:	2

2021-11-19 18:52:32
1.17 1.37 1.86 2/151 18734
MemTotal:        2033108 kB
MemAvailable:    1494324 kB
SwapTotal:       1048572 kB
SwapFree:        1036540 kB
benchmark_vitis PID=5550
State:	S (sleeping)
VmPeak:	 1187224 kB
VmSize:	  980544 kB
VmRSS:	  165972 kB
VmSwap:	    3036 kB
Threads:	2

2021-11-19 18:52:34
1.15 1.37 1.86 2/151 18748
MemTotal:        2033108 kB
MemAvailable:    1493784 kB
SwapTotal:       1048572 kB
SwapFree:        1036540 kB
benchmark_vitis PID=5550
State:	S (sleeping)
VmPeak:	 1187224 kB
VmSize:	  980544 kB
VmRSS:	  165972 kB
VmSwap:	    3036 kB
Threads:	2

2021-11-19 18:52:37
1.15 1.37 1.86 2/151 18762
MemTotal:        2033108 kB
MemAvailable:    1493516 kB
SwapTotal:       1048572 kB
SwapFree:        1036540 kB
benchmark_vitis PID=5550
State:	R (running)
VmPeak:	 1187224 kB
VmSize:	  981644 kB
VmRSS:	  165972 kB
VmSwap:	    3036 kB
Threads:	2

2021-11-19 18:52:39
1.14 1.36 1.85 2/151 18777
MemTotal:        2033108 kB
MemAvailable:    1493128 kB
SwapTotal:       1048572 kB
SwapFree:        1036540 kB
benchmark_vitis PID=5550
State:	S (sleeping)
VmPeak:	 1187224 kB
VmSize:	  980544 kB
VmRSS:	  165972 kB
VmSwap:	    3036 kB
Threads:	2

2021-11-19 18:52:41
1.14 1.36 1.85 3/151 18791
MemTotal:        2033108 kB
MemAvailable:    1491748 kB
SwapTotal:       1048572 kB
SwapFree:        1036540 kB
benchmark_vitis PID=5550
State:	D (disk sleep)
VmPeak:	 1187224 kB
VmSize:	  981592 kB
VmRSS:	  165972 kB
VmSwap:	    3036 kB
Threads:	2

2021-11-19 18:52:43
1.14 1.36 1.85 2/151 18805
MemTotal:        2033108 kB
MemAvailable:    1490728 kB
SwapTotal:       1048572 kB
SwapFree:        1036540 kB
benchmark_vitis PID=5550
State:	S (sleeping)
VmPeak:	 1187224 kB
VmSize:	  980544 kB
VmRSS:	  165972 kB
VmSwap:	    3036 kB
Threads:	2

2021-11-19 18:52:45
1.13 1.35 1.85 2/151 18819
MemTotal:        2033108 kB
MemAvailable:    1490544 kB
SwapTotal:       1048572 kB
SwapFree:        1036540 kB
benchmark_vitis PID=5550
State:	S (sleeping)
VmPeak:	 1187224 kB
VmSize:	  980544 kB
VmRSS:	  165972 kB
VmSwap:	    3036 kB
Threads:	2

2021-11-19 18:52:47
1.13 1.35 1.85 3/150 18833
MemTotal:        2033108 kB
MemAvailable:    1488648 kB
SwapTotal:       1048572 kB
SwapFree:        1036540 kB
benchmark_vitis PID=5550
State:	D (disk sleep)
VmPeak:	 1187224 kB
VmSize:	  981612 kB
VmRSS:	  165972 kB
VmSwap:	    3036 kB
Threads:	2

2021-11-19 18:52:49
1.12 1.35 1.85 2/150 18847
MemTotal:        2033108 kB
MemAvailable:    1483008 kB
SwapTotal:       1048572 kB
SwapFree:        1036540 kB
benchmark_vitis PID=5550
State:	S (sleeping)
VmPeak:	 1187224 kB
VmSize:	  980544 kB
VmRSS:	  165972 kB
VmSwap:	    3036 kB
Threads:	2

2021-11-19 18:52:51
1.12 1.35 1.85 2/150 18861
MemTotal:        2033108 kB
MemAvailable:    1482912 kB
SwapTotal:       1048572 kB
SwapFree:        1036540 kB
benchmark_vitis PID=5550
State:	S (sleeping)
VmPeak:	 1187224 kB
VmSize:	  980544 kB
VmRSS:	  165972 kB
VmSwap:	    3036 kB
Threads:	2

2021-11-19 18:52:53
1.11 1.34 1.84 3/150 18875
MemTotal:        2033108 kB
MemAvailable:    1487964 kB
SwapTotal:       1048572 kB
SwapFree:        1036540 kB
benchmark_vitis PID=5550
State:	R (running)
VmPeak:	 1187224 kB
VmSize:	  981472 kB
VmRSS:	  165972 kB
VmSwap:	    3036 kB
Threads:	2

2021-11-19 18:52:55
1.11 1.34 1.84 2/150 18889
MemTotal:        2033108 kB
MemAvailable:    1484540 kB
SwapTotal:       1048572 kB
SwapFree:        1036540 kB
benchmark_vitis PID=5550
State:	S (sleeping)
VmPeak:	 1187224 kB
VmSize:	  980544 kB
VmRSS:	  165960 kB
VmSwap:	    3036 kB
Threads:	2

2021-11-19 18:52:57
1.11 1.34 1.84 2/150 18903
MemTotal:        2033108 kB
MemAvailable:    1484228 kB
SwapTotal:       1048572 kB
SwapFree:        1036540 kB
benchmark_vitis PID=5550
State:	S (sleeping)
VmPeak:	 1187224 kB
VmSize:	  980544 kB
VmRSS:	  165960 kB
VmSwap:	    3036 kB
Threads:	2

2021-11-19 18:52:59
1.10 1.34 1.84 3/150 18917
MemTotal:        2033108 kB
MemAvailable:    1486768 kB
SwapTotal:       1048572 kB
SwapFree:        1036540 kB
benchmark_vitis PID=5550
State:	R (running)
VmPeak:	 1187224 kB
VmSize:	  981600 kB
VmRSS:	  165960 kB
VmSwap:	    3036 kB
Threads:	2

2021-11-19 18:53:01
1.10 1.34 1.84 2/150 18931
MemTotal:        2033108 kB
MemAvailable:    1494992 kB
SwapTotal:       1048572 kB
SwapFree:        1036540 kB
benchmark_vitis PID=5550
State:	S (sleeping)
VmPeak:	 1187224 kB
VmSize:	  980544 kB
VmRSS:	  165960 kB
VmSwap:	    3036 kB
Threads:	2

2021-11-19 18:53:03
1.09 1.33 1.83 2/150 18945
MemTotal:        2033108 kB
MemAvailable:    1490644 kB
SwapTotal:       1048572 kB
SwapFree:        1036540 kB
benchmark_vitis PID=5550
State:	S (sleeping)
VmPeak:	 1187224 kB
VmSize:	  980544 kB
VmRSS:	  165912 kB
VmSwap:	    3036 kB
Threads:	2

2021-11-19 18:53:05
1.09 1.33 1.83 2/150 18959
MemTotal:        2033108 kB
MemAvailable:    1490356 kB
SwapTotal:       1048572 kB
SwapFree:        1036540 kB
benchmark_vitis PID=5550
State:	D (disk sleep)
VmPeak:	 1187224 kB
VmSize:	  981624 kB
VmRSS:	  165912 kB
VmSwap:	    3036 kB
Threads:	2

2021-11-19 18:53:07
1.09 1.33 1.83 2/150 18973
MemTotal:        2033108 kB
MemAvailable:    1494112 kB
SwapTotal:       1048572 kB
SwapFree:        1036540 kB
benchmark_vitis PID=5550
State:	S (sleeping)
VmPeak:	 1187224 kB
VmSize:	  980544 kB
VmRSS:	  165912 kB
VmSwap:	    3036 kB
Threads:	2

2021-11-19 18:53:09
1.08 1.32 1.83 3/150 18987
MemTotal:        2033108 kB
MemAvailable:    1493528 kB
SwapTotal:       1048572 kB
SwapFree:        1036540 kB
benchmark_vitis PID=5550
State:	R (running)
VmPeak:	 1187224 kB
VmSize:	  980544 kB
VmRSS:	  165912 kB
VmSwap:	    3036 kB
Threads:	2

2021-11-19 18:53:11
1.08 1.32 1.83 2/150 19001
MemTotal:        2033108 kB
MemAvailable:    1492148 kB
SwapTotal:       1048572 kB
SwapFree:        1036540 kB
benchmark_vitis PID=5550
State:	R (running)
VmPeak:	 1187224 kB
VmSize:	  980544 kB
VmRSS:	  165912 kB
VmSwap:	    3036 kB
Threads:	2

2021-11-19 18:53:13
1.08 1.32 1.82 2/150 19015
MemTotal:        2033108 kB
MemAvailable:    1492788 kB
SwapTotal:       1048572 kB
SwapFree:        1036540 kB
benchmark_vitis PID=5550
State:	S (sleeping)
VmPeak:	 1187224 kB
VmSize:	  980544 kB
VmRSS:	  165912 kB
VmSwap:	    3036 kB
Threads:	2

2021-11-19 18:53:15
1.08 1.32 1.82 3/150 19029
MemTotal:        2033108 kB
MemAvailable:    1492480 kB
SwapTotal:       1048572 kB
SwapFree:        1036540 kB
benchmark_vitis PID=5550
State:	S (sleeping)
VmPeak:	 1187224 kB
VmSize:	  980544 kB
VmRSS:	  165912 kB
VmSwap:	    3036 kB
Threads:	2

2021-11-19 18:53:17
1.08 1.32 1.82 2/148 19043
MemTotal:        2033108 kB
MemAvailable:    1492440 kB
SwapTotal:       1048572 kB
SwapFree:        1036540 kB
benchmark_vitis PID=5550
State:	D (disk sleep)
VmPeak:	 1187224 kB
VmSize:	  981604 kB
VmRSS:	  165912 kB
VmSwap:	    3036 kB
Threads:	2

2021-11-19 18:53:19
1.07 1.31 1.82 2/149 19057
MemTotal:        2033108 kB
MemAvailable:    1493300 kB
SwapTotal:       1048572 kB
SwapFree:        1036540 kB
benchmark_vitis PID=5550
State:	S (sleeping)
VmPeak:	 1187224 kB
VmSize:	  980544 kB
VmRSS:	  165908 kB
VmSwap:	    3036 kB
Threads:	2

2021-11-19 18:53:21
1.07 1.31 1.82 2/150 19071
MemTotal:        2033108 kB
MemAvailable:    1493148 kB
SwapTotal:       1048572 kB
SwapFree:        1036540 kB
benchmark_vitis PID=5550
State:	S (sleeping)
VmPeak:	 1187224 kB
VmSize:	  980544 kB
VmRSS:	  165908 kB
VmSwap:	    3036 kB
Threads:	2

2021-11-19 18:53:23
1.07 1.31 1.81 4/149 19085
MemTotal:        2033108 kB
MemAvailable:    1493824 kB
SwapTotal:       1048572 kB
SwapFree:        1036540 kB
benchmark_vitis PID=5550
State:	R (running)
VmPeak:	 1187224 kB
VmSize:	  981560 kB
VmRSS:	  165880 kB
VmSwap:	    3036 kB
Threads:	2

2021-11-19 18:53:25
1.07 1.31 1.81 2/149 19099
MemTotal:        2033108 kB
MemAvailable:    1493828 kB
SwapTotal:       1048572 kB
SwapFree:        1036540 kB
benchmark_vitis PID=5550
State:	R (running)
VmPeak:	 1187224 kB
VmSize:	  980544 kB
VmRSS:	  165880 kB
VmSwap:	    3036 kB
Threads:	2

2021-11-19 18:53:27
1.07 1.31 1.81 2/148 19113
MemTotal:        2033108 kB
MemAvailable:    1493368 kB
SwapTotal:       1048572 kB
SwapFree:        1036540 kB
benchmark_vitis PID=5550
State:	S (sleeping)
VmPeak:	 1187224 kB
VmSize:	  980544 kB
VmRSS:	  165880 kB
VmSwap:	    3036 kB
Threads:	2

2021-11-19 18:53:29
1.06 1.30 1.81 2/149 19127
MemTotal:        2033108 kB
MemAvailable:    1493056 kB
SwapTotal:       1048572 kB
SwapFree:        1036540 kB
benchmark_vitis PID=5550
State:	S (sleeping)
VmPeak:	 1187224 kB
VmSize:	  980544 kB
VmRSS:	  165880 kB
VmSwap:	    3036 kB
Threads:	2

2021-11-19 18:53:32
1.06 1.30 1.81 3/149 19142
MemTotal:        2033108 kB
MemAvailable:    1492140 kB
SwapTotal:       1048572 kB
SwapFree:        1036540 kB
benchmark_vitis PID=5550
State:	R (running)
VmPeak:	 1187224 kB
VmSize:	  981628 kB
VmRSS:	  165880 kB
VmSwap:	    3036 kB
Threads:	2

2021-11-19 18:53:34
1.06 1.30 1.80 2/149 19156
MemTotal:        2033108 kB
MemAvailable:    1492228 kB
SwapTotal:       1048572 kB
SwapFree:        1036540 kB
benchmark_vitis PID=5550
State:	S (sleeping)
VmPeak:	 1187224 kB
VmSize:	  980544 kB
VmRSS:	  165880 kB
VmSwap:	    3036 kB
Threads:	2

2021-11-19 18:53:36
1.06 1.30 1.80 2/149 19170
MemTotal:        2033108 kB
MemAvailable:    1492428 kB
SwapTotal:       1048572 kB
SwapFree:        1036540 kB
benchmark_vitis PID=5550
State:	S (sleeping)
VmPeak:	 1187224 kB
VmSize:	  980544 kB
VmRSS:	  165880 kB
VmSwap:	    3036 kB
Threads:	2

2021-11-19 18:53:38
1.06 1.30 1.80 3/149 19184
MemTotal:        2033108 kB
MemAvailable:    1492188 kB
SwapTotal:       1048572 kB
SwapFree:        1036540 kB
benchmark_vitis PID=5550
State:	R (running)
VmPeak:	 1187224 kB
VmSize:	  981500 kB
VmRSS:	  165880 kB
VmSwap:	    3036 kB
Threads:	2

2021-11-19 18:53:40
1.13 1.31 1.80 2/149 19199
MemTotal:        2033108 kB
MemAvailable:    1486136 kB
SwapTotal:       1048572 kB
SwapFree:        1036540 kB
benchmark_vitis PID=5550
State:	R (running)
VmPeak:	 1187224 kB
VmSize:	  980544 kB
VmRSS:	  165880 kB
VmSwap:	    3036 kB
Threads:	2

2021-11-19 18:53:42
1.13 1.31 1.80 2/149 19212
MemTotal:        2033108 kB
MemAvailable:    1491740 kB
SwapTotal:       1048572 kB
SwapFree:        1036540 kB
benchmark_vitis PID=5550
State:	S (sleeping)
VmPeak:	 1187224 kB
VmSize:	  980544 kB
VmRSS:	  165852 kB
VmSwap:	    3036 kB
Threads:	2

2021-11-19 18:53:44
1.12 1.30 1.80 3/148 19226
MemTotal:        2033108 kB
MemAvailable:    1491588 kB
SwapTotal:       1048572 kB
SwapFree:        1036540 kB
benchmark_vitis PID=5550
State:	R (running)
VmPeak:	 1187224 kB
VmSize:	  980544 kB
VmRSS:	  165852 kB
VmSwap:	    3036 kB
Threads:	2

2021-11-19 18:53:46
1.12 1.30 1.80 3/150 19240
MemTotal:        2033108 kB
MemAvailable:    1490500 kB
SwapTotal:       1048572 kB
SwapFree:        1036540 kB
benchmark_vitis PID=5550
State:	D (disk sleep)
VmPeak:	 1187224 kB
VmSize:	  980544 kB
VmRSS:	  165852 kB
VmSwap:	    3036 kB
Threads:	2

2021-11-19 18:53:48
1.11 1.30 1.80 2/150 19254
MemTotal:        2033108 kB
MemAvailable:    1491008 kB
SwapTotal:       1048572 kB
SwapFree:        1036540 kB
benchmark_vitis PID=5550
State:	S (sleeping)
VmPeak:	 1187224 kB
VmSize:	  980544 kB
VmRSS:	  165852 kB
VmSwap:	    3036 kB
Threads:	2

2021-11-19 18:53:50
1.11 1.30 1.80 4/149 19269
MemTotal:        2033108 kB
MemAvailable:    1493832 kB
SwapTotal:       1048572 kB
SwapFree:        1036540 kB
benchmark_vitis PID=5550
State:	S (sleeping)
VmPeak:	 1187224 kB
VmSize:	  980544 kB
VmRSS:	  165840 kB
VmSwap:	    3036 kB
Threads:	2

2021-11-19 18:53:52
1.11 1.30 1.80 3/149 19283
MemTotal:        2033108 kB
MemAvailable:    1492408 kB
SwapTotal:       1048572 kB
SwapFree:        1036540 kB
benchmark_vitis PID=5550
State:	R (running)
VmPeak:	 1187224 kB
VmSize:	  981528 kB
VmRSS:	  165840 kB
VmSwap:	    3036 kB
Threads:	2

2021-11-19 18:53:54
1.10 1.29 1.79 2/149 19298
MemTotal:        2033108 kB
MemAvailable:    1491864 kB
SwapTotal:       1048572 kB
SwapFree:        1036540 kB
benchmark_vitis PID=5550
State:	S (sleeping)
VmPeak:	 1187224 kB
VmSize:	  980544 kB
VmRSS:	  165840 kB
VmSwap:	    3036 kB
Threads:	2

2021-11-19 18:53:56
1.10 1.29 1.79 3/150 19311
MemTotal:        2033108 kB
MemAvailable:    1491452 kB
SwapTotal:       1048572 kB
SwapFree:        1036540 kB
benchmark_vitis PID=5550
State:	S (sleeping)
VmPeak:	 1187224 kB
VmSize:	  980544 kB
VmRSS:	  165840 kB
VmSwap:	    3036 kB
Threads:	2

2021-11-19 18:53:58
1.09 1.29 1.79 2/150 19325
MemTotal:        2033108 kB
MemAvailable:    1490348 kB
SwapTotal:       1048572 kB
SwapFree:        1036540 kB
benchmark_vitis PID=5550
State:	D (disk sleep)
VmPeak:	 1187224 kB
VmSize:	  981624 kB
VmRSS:	  165840 kB
VmSwap:	    3036 kB
Threads:	2

2021-11-19 18:54:00
1.09 1.29 1.79 2/150 19339
MemTotal:        2033108 kB
MemAvailable:    1491284 kB
SwapTotal:       1048572 kB
SwapFree:        1036540 kB
benchmark_vitis PID=5550
State:	S (sleeping)
VmPeak:	 1187224 kB
VmSize:	  980544 kB
VmRSS:	  165836 kB
VmSwap:	    3036 kB
Threads:	2

2021-11-19 18:54:02
1.09 1.29 1.79 2/150 19353
MemTotal:        2033108 kB
MemAvailable:    1495468 kB
SwapTotal:       1048572 kB
SwapFree:        1036540 kB
benchmark_vitis PID=5550
State:	S (sleeping)
VmPeak:	 1187224 kB
VmSize:	  980544 kB
VmRSS:	  165836 kB
VmSwap:	    3036 kB
Threads:	2

2021-11-19 18:54:04
1.08 1.28 1.78 2/150 19367
MemTotal:        2033108 kB
MemAvailable:    1494504 kB
SwapTotal:       1048572 kB
SwapFree:        1036540 kB
benchmark_vitis PID=5550
State:	D (disk sleep)
VmPeak:	 1187224 kB
VmSize:	  981468 kB
VmRSS:	  165836 kB
VmSwap:	    3036 kB
Threads:	2

2021-11-19 18:54:06
1.08 1.28 1.78 2/150 19381
MemTotal:        2033108 kB
MemAvailable:    1492708 kB
SwapTotal:       1048572 kB
SwapFree:        1036540 kB
benchmark_vitis PID=5550
State:	S (sleeping)
VmPeak:	 1187224 kB
VmSize:	  980544 kB
VmRSS:	  165808 kB
VmSwap:	    3036 kB
Threads:	2

2021-11-19 18:54:08
1.08 1.28 1.78 2/150 19395
MemTotal:        2033108 kB
MemAvailable:    1490944 kB
SwapTotal:       1048572 kB
SwapFree:        1036540 kB
benchmark_vitis PID=5550
State:	S (sleeping)
VmPeak:	 1187224 kB
VmSize:	  980544 kB
VmRSS:	  165808 kB
VmSwap:	    3036 kB
Threads:	2

2021-11-19 18:54:10
1.08 1.28 1.78 2/150 19409
MemTotal:        2033108 kB
MemAvailable:    1490336 kB
SwapTotal:       1048572 kB
SwapFree:        1036540 kB
benchmark_vitis PID=5550
State:	R (running)
VmPeak:	 1187224 kB
VmSize:	  981600 kB
VmRSS:	  165808 kB
VmSwap:	    3036 kB
Threads:	2

2021-11-19 18:54:12
1.08 1.28 1.78 2/150 19423
MemTotal:        2033108 kB
MemAvailable:    1489732 kB
SwapTotal:       1048572 kB
SwapFree:        1036540 kB
benchmark_vitis PID=5550
State:	S (sleeping)
VmPeak:	 1187224 kB
VmSize:	  980544 kB
VmRSS:	  165808 kB
VmSwap:	    3036 kB
Threads:	2

2021-11-19 18:54:14
1.07 1.27 1.77 2/150 19437
MemTotal:        2033108 kB
MemAvailable:    1489820 kB
SwapTotal:       1048572 kB
SwapFree:        1036540 kB
benchmark_vitis PID=5550
State:	S (sleeping)
VmPeak:	 1187224 kB
VmSize:	  980544 kB
VmRSS:	  165808 kB
VmSwap:	    3036 kB
Threads:	2

2021-11-19 18:54:16
1.07 1.27 1.77 2/150 19451
MemTotal:        2033108 kB
MemAvailable:    1490340 kB
SwapTotal:       1048572 kB
SwapFree:        1036540 kB
benchmark_vitis PID=5550
State:	R (running)
VmPeak:	 1187224 kB
VmSize:	  981616 kB
VmRSS:	  165808 kB
VmSwap:	    3036 kB
Threads:	2

2021-11-19 18:54:18
1.07 1.27 1.77 2/150 19465
MemTotal:        2033108 kB
MemAvailable:    1490004 kB
SwapTotal:       1048572 kB
SwapFree:        1036540 kB
benchmark_vitis PID=5550
State:	S (sleeping)
VmPeak:	 1187224 kB
VmSize:	  980544 kB
VmRSS:	  165808 kB
VmSwap:	    3036 kB
Threads:	2

2021-11-19 18:54:20
1.07 1.27 1.77 2/150 19479
MemTotal:        2033108 kB
MemAvailable:    1494364 kB
SwapTotal:       1048572 kB
SwapFree:        1036540 kB
benchmark_vitis PID=5550
State:	S (sleeping)
VmPeak:	 1187224 kB
VmSize:	  980544 kB
VmRSS:	  165780 kB
VmSwap:	    3036 kB
Threads:	2

2021-11-19 18:54:22
1.07 1.27 1.77 2/150 19493
MemTotal:        2033108 kB
MemAvailable:    1493720 kB
SwapTotal:       1048572 kB
SwapFree:        1036540 kB
benchmark_vitis PID=5550
State:	R (running)
VmPeak:	 1187224 kB
VmSize:	  981596 kB
VmRSS:	  165780 kB
VmSwap:	    3036 kB
Threads:	2

2021-11-19 18:54:24
1.06 1.26 1.76 2/150 19507
MemTotal:        2033108 kB
MemAvailable:    1492200 kB
SwapTotal:       1048572 kB
SwapFree:        1036540 kB
benchmark_vitis PID=5550
State:	S (sleeping)
VmPeak:	 1187224 kB
VmSize:	  980544 kB
VmRSS:	  165780 kB
VmSwap:	    3036 kB
Threads:	2

2021-11-19 18:54:27
1.06 1.26 1.76 2/150 19521
MemTotal:        2033108 kB
MemAvailable:    1491128 kB
SwapTotal:       1048572 kB
SwapFree:        1036540 kB
benchmark_vitis PID=5550
State:	S (sleeping)
VmPeak:	 1187224 kB
VmSize:	  980544 kB
VmRSS:	  165780 kB
VmSwap:	    3036 kB
Threads:	2

2021-11-19 18:54:29
1.06 1.26 1.76 3/150 19535
MemTotal:        2033108 kB
MemAvailable:    1490444 kB
SwapTotal:       1048572 kB
SwapFree:        1036540 kB
benchmark_vitis PID=5550
State:	R (running)
VmPeak:	 1187224 kB
VmSize:	  981596 kB
VmRSS:	  165780 kB
VmSwap:	    3036 kB
Threads:	2

2021-11-19 18:54:31
1.06 1.26 1.76 2/150 19549
MemTotal:        2033108 kB
MemAvailable:    1489292 kB
SwapTotal:       1048572 kB
SwapFree:        1036540 kB
benchmark_vitis PID=5550
State:	S (sleeping)
VmPeak:	 1187224 kB
VmSize:	  980544 kB
VmRSS:	  165780 kB
VmSwap:	    3036 kB
Threads:	2

2021-11-19 18:54:33
1.06 1.26 1.76 2/150 19563
MemTotal:        2033108 kB
MemAvailable:    1488876 kB
SwapTotal:       1048572 kB
SwapFree:        1036540 kB
benchmark_vitis PID=5550
State:	S (sleeping)
VmPeak:	 1187224 kB
VmSize:	  980544 kB
VmRSS:	  165780 kB
VmSwap:	    3036 kB
Threads:	2

2021-11-19 18:54:35
1.05 1.25 1.76 3/150 19577
MemTotal:        2033108 kB
MemAvailable:    1490072 kB
SwapTotal:       1048572 kB
SwapFree:        1036540 kB
benchmark_vitis PID=5550
State:	R (running)
VmPeak:	 1187224 kB
VmSize:	  981528 kB
VmRSS:	  165756 kB
VmSwap:	    3036 kB
Threads:	2

2021-11-19 18:54:37
1.05 1.25 1.76 2/150 19591
MemTotal:        2033108 kB
MemAvailable:    1488836 kB
SwapTotal:       1048572 kB
SwapFree:        1036540 kB
benchmark_vitis PID=5550
State:	R (running)
VmPeak:	 1187224 kB
VmSize:	  980544 kB
VmRSS:	  165756 kB
VmSwap:	    3036 kB
Threads:	2

2021-11-19 18:54:39
1.05 1.25 1.75 2/150 19606
MemTotal:        2033108 kB
MemAvailable:    1491700 kB
SwapTotal:       1048572 kB
SwapFree:        1036540 kB
benchmark_vitis PID=5550
State:	S (sleeping)
VmPeak:	 1187224 kB
VmSize:	  980544 kB
VmRSS:	  165756 kB
VmSwap:	    3036 kB
Threads:	2

2021-11-19 18:54:41
1.05 1.25 1.75 3/149 19620
MemTotal:        2033108 kB
MemAvailable:    1491600 kB
SwapTotal:       1048572 kB
SwapFree:        1036540 kB
benchmark_vitis PID=5550
State:	R (running)
VmPeak:	 1187224 kB
VmSize:	  980544 kB
VmRSS:	  165756 kB
VmSwap:	    3036 kB
Threads:	2

2021-11-19 18:54:43
1.04 1.25 1.75 2/149 19634
MemTotal:        2033108 kB
MemAvailable:    1491000 kB
SwapTotal:       1048572 kB
SwapFree:        1036540 kB
benchmark_vitis PID=5550
State:	R (running)
VmPeak:	 1187224 kB
VmSize:	  980548 kB
VmRSS:	  165756 kB
VmSwap:	    3036 kB
Threads:	2

2021-11-19 18:54:45
1.04 1.25 1.75 2/148 19648
MemTotal:        2033108 kB
MemAvailable:    1492636 kB
SwapTotal:       1048572 kB
SwapFree:        1036540 kB
benchmark_vitis PID=5550
State:	S (sleeping)
VmPeak:	 1187224 kB
VmSize:	  980544 kB
VmRSS:	  165756 kB
VmSwap:	    3036 kB
Threads:	2

2021-11-19 18:54:47
1.04 1.25 1.75 3/148 19662
MemTotal:        2033108 kB
MemAvailable:    1491964 kB
SwapTotal:       1048572 kB
SwapFree:        1036540 kB
benchmark_vitis PID=5550
State:	S (sleeping)
VmPeak:	 1187224 kB
VmSize:	  980544 kB
VmRSS:	  165756 kB
VmSwap:	    3036 kB
Threads:	2

2021-11-19 18:54:49
1.12 1.26 1.75 3/148 19676
MemTotal:        2033108 kB
MemAvailable:    1494040 kB
SwapTotal:       1048572 kB
SwapFree:        1036540 kB
benchmark_vitis PID=5550
State:	R (running)
VmPeak:	 1187224 kB
VmSize:	  981572 kB
VmRSS:	  165756 kB
VmSwap:	    3036 kB
Threads:	2

2021-11-19 18:54:51
1.12 1.26 1.75 2/150 19690
MemTotal:        2033108 kB
MemAvailable:    1493500 kB
SwapTotal:       1048572 kB
SwapFree:        1036540 kB
benchmark_vitis PID=5550
State:	S (sleeping)
VmPeak:	 1187224 kB
VmSize:	  980544 kB
VmRSS:	  165752 kB
VmSwap:	    3036 kB
Threads:	2

2021-11-19 18:54:53
1.11 1.25 1.74 3/150 19704
MemTotal:        2033108 kB
MemAvailable:    1494188 kB
SwapTotal:       1048572 kB
SwapFree:        1036540 kB
benchmark_vitis PID=5550
State:	S (sleeping)
VmPeak:	 1187224 kB
VmSize:	  980544 kB
VmRSS:	  165752 kB
VmSwap:	    3036 kB
Threads:	2

2021-11-19 18:54:55
1.11 1.25 1.74 3/150 19718
MemTotal:        2033108 kB
MemAvailable:    1492616 kB
SwapTotal:       1048572 kB
SwapFree:        1036540 kB
benchmark_vitis PID=5550
State:	R (running)
VmPeak:	 1187224 kB
VmSize:	  980624 kB
VmRSS:	  165752 kB
VmSwap:	    3036 kB
Threads:	2

2021-11-19 18:54:57
1.11 1.25 1.74 2/150 19732
MemTotal:        2033108 kB
MemAvailable:    1487520 kB
SwapTotal:       1048572 kB
SwapFree:        1036540 kB
benchmark_vitis PID=5550
State:	S (sleeping)
VmPeak:	 1187224 kB
VmSize:	  980544 kB
VmRSS:	  165752 kB
VmSwap:	    3036 kB
Threads:	2

2021-11-19 18:54:59
1.10 1.25 1.74 2/149 19746
MemTotal:        2033108 kB
MemAvailable:    1488640 kB
SwapTotal:       1048572 kB
SwapFree:        1036540 kB
benchmark_vitis PID=5550
State:	R (running)
VmPeak:	 1187224 kB
VmSize:	  981588 kB
VmRSS:	  165748 kB
VmSwap:	    3036 kB
Threads:	2

2021-11-19 18:55:01
1.10 1.25 1.74 2/149 19760
MemTotal:        2033108 kB
MemAvailable:    1495360 kB
SwapTotal:       1048572 kB
SwapFree:        1036540 kB
benchmark_vitis PID=5550
State:	R (running)
VmPeak:	 1187224 kB
VmSize:	  980548 kB
VmRSS:	  165732 kB
VmSwap:	    3036 kB
Threads:	2

2021-11-19 18:55:03
1.09 1.25 1.74 2/149 19774
MemTotal:        2033108 kB
MemAvailable:    1494012 kB
SwapTotal:       1048572 kB
SwapFree:        1036540 kB
benchmark_vitis PID=5550
State:	S (sleeping)
VmPeak:	 1187224 kB
VmSize:	  980544 kB
VmRSS:	  165732 kB
VmSwap:	    3036 kB
Threads:	2

2021-11-19 18:55:05
1.09 1.25 1.74 3/149 19788
MemTotal:        2033108 kB
MemAvailable:    1493308 kB
SwapTotal:       1048572 kB
SwapFree:        1036540 kB
benchmark_vitis PID=5550
State:	R (running)
VmPeak:	 1187224 kB
VmSize:	  981596 kB
VmRSS:	  165732 kB
VmSwap:	    3036 kB
Threads:	2

2021-11-19 18:55:07
1.09 1.25 1.74 3/149 19802
MemTotal:        2033108 kB
MemAvailable:    1492088 kB
SwapTotal:       1048572 kB
SwapFree:        1036540 kB
benchmark_vitis PID=5550
State:	R (running)
VmPeak:	 1187224 kB
VmSize:	  980880 kB
VmRSS:	  165732 kB
VmSwap:	    3036 kB
Threads:	2

2021-11-19 18:55:09
1.08 1.24 1.73 2/149 19816
MemTotal:        2033108 kB
MemAvailable:    1491552 kB
SwapTotal:       1048572 kB
SwapFree:        1036540 kB
benchmark_vitis PID=5550
State:	S (sleeping)
VmPeak:	 1187224 kB
VmSize:	  980544 kB
VmRSS:	  165732 kB
VmSwap:	    3036 kB
Threads:	2

2021-11-19 18:55:11
1.08 1.24 1.73 3/149 19830
MemTotal:        2033108 kB
MemAvailable:    1491656 kB
SwapTotal:       1048572 kB
SwapFree:        1036540 kB
benchmark_vitis PID=5550
State:	S (sleeping)
VmPeak:	 1187224 kB
VmSize:	  980544 kB
VmRSS:	  165732 kB
VmSwap:	    3036 kB
Threads:	2

2021-11-19 18:55:13
1.08 1.24 1.73 3/149 19844
MemTotal:        2033108 kB
MemAvailable:    1491108 kB
SwapTotal:       1048572 kB
SwapFree:        1036540 kB
benchmark_vitis PID=5550
State:	R (running)
VmPeak:	 1187224 kB
VmSize:	  980572 kB
VmRSS:	  165732 kB
VmSwap:	    3036 kB
Threads:	2

2021-11-19 18:55:15
1.08 1.24 1.73 2/148 19858
MemTotal:        2033108 kB
MemAvailable:    1491632 kB
SwapTotal:       1048572 kB
SwapFree:        1036540 kB
benchmark_vitis PID=5550
State:	S (sleeping)
VmPeak:	 1187224 kB
VmSize:	  980544 kB
VmRSS:	  165732 kB
VmSwap:	    3036 kB
Threads:	2

2021-11-19 18:55:17
1.08 1.24 1.73 3/148 19872
MemTotal:        2033108 kB
MemAvailable:    1491128 kB
SwapTotal:       1048572 kB
SwapFree:        1036540 kB
benchmark_vitis PID=5550
State:	R (running)
VmPeak:	 1187224 kB
VmSize:	  981596 kB
VmRSS:	  165732 kB
VmSwap:	    3036 kB
Threads:	2

2021-11-19 18:55:19
1.07 1.23 1.72 2/148 19886
MemTotal:        2033108 kB
MemAvailable:    1493196 kB
SwapTotal:       1048572 kB
SwapFree:        1036540 kB
benchmark_vitis PID=5550
State:	S (sleeping)
VmPeak:	 1187224 kB
VmSize:	  980544 kB
VmRSS:	  165728 kB
VmSwap:	    3036 kB
Threads:	2

2021-11-19 18:55:22
1.07 1.23 1.72 2/148 19900
MemTotal:        2033108 kB
MemAvailable:    1492792 kB
SwapTotal:       1048572 kB
SwapFree:        1036540 kB
benchmark_vitis PID=5550
State:	S (sleeping)
VmPeak:	 1187224 kB
VmSize:	  980544 kB
VmRSS:	  165728 kB
VmSwap:	    3036 kB
Threads:	2

2021-11-19 18:55:24
1.07 1.23 1.72 3/149 19915
MemTotal:        2033108 kB
MemAvailable:    1491760 kB
SwapTotal:       1048572 kB
SwapFree:        1036540 kB
benchmark_vitis PID=5550
State:	R (running)
VmPeak:	 1187224 kB
VmSize:	  981628 kB
VmRSS:	  165728 kB
VmSwap:	    3036 kB
Threads:	2

2021-11-19 18:55:26
1.07 1.23 1.72 2/148 19930
MemTotal:        2033108 kB
MemAvailable:    1494472 kB
SwapTotal:       1048572 kB
SwapFree:        1036540 kB
benchmark_vitis PID=5550
State:	S (sleeping)
VmPeak:	 1187224 kB
VmSize:	  980544 kB
VmRSS:	  165712 kB
VmSwap:	    3036 kB
Threads:	2

2021-11-19 18:55:28
1.07 1.23 1.72 2/148 19947
MemTotal:        2033108 kB
MemAvailable:    1494328 kB
SwapTotal:       1048572 kB
SwapFree:        1036540 kB
benchmark_vitis PID=5550
State:	S (sleeping)
VmPeak:	 1187224 kB
VmSize:	  980544 kB
VmRSS:	  165712 kB
VmSwap:	    3036 kB
Threads:	2

2021-11-19 18:55:30
1.06 1.22 1.71 2/148 19961
MemTotal:        2033108 kB
MemAvailable:    1493988 kB
SwapTotal:       1048572 kB
SwapFree:        1036540 kB
benchmark_vitis PID=5550
State:	R (running)
VmPeak:	 1187224 kB
VmSize:	  981540 kB
VmRSS:	  165712 kB
VmSwap:	    3036 kB
Threads:	2

2021-11-19 18:55:32
1.06 1.22 1.71 3/147 19975
MemTotal:        2033108 kB
MemAvailable:    1493620 kB
SwapTotal:       1048572 kB
SwapFree:        1036540 kB
benchmark_vitis PID=5550
State:	S (sleeping)
VmPeak:	 1187224 kB
VmSize:	  980544 kB
VmRSS:	  165712 kB
VmSwap:	    3036 kB
Threads:	2

2021-11-19 18:55:34
1.06 1.22 1.71 3/149 19991
MemTotal:        2033108 kB
MemAvailable:    1493436 kB
SwapTotal:       1048572 kB
SwapFree:        1036540 kB
benchmark_vitis PID=5550
State:	S (sleeping)
VmPeak:	 1187224 kB
VmSize:	  980544 kB
VmRSS:	  165712 kB
VmSwap:	    3036 kB
Threads:	2

2021-11-19 18:55:36
1.06 1.22 1.71 2/149 20005
MemTotal:        2033108 kB
MemAvailable:    1492876 kB
SwapTotal:       1048572 kB
SwapFree:        1036540 kB
benchmark_vitis PID=5550
State:	R (running)
VmPeak:	 1187224 kB
VmSize:	  981608 kB
VmRSS:	  165712 kB
VmSwap:	    3036 kB
Threads:	2

2021-11-19 18:55:38
1.05 1.22 1.71 1/149 20019
MemTotal:        2033108 kB
MemAvailable:    1492492 kB
SwapTotal:       1048572 kB
SwapFree:        1036540 kB
benchmark_vitis PID=5550
State:	S (sleeping)
VmPeak:	 1187224 kB
VmSize:	  980544 kB
VmRSS:	  165712 kB
VmSwap:	    3036 kB
Threads:	2

2021-11-19 18:55:40
1.05 1.22 1.71 3/149 20034
MemTotal:        2033108 kB
MemAvailable:    1489916 kB
SwapTotal:       1048572 kB
SwapFree:        1036540 kB
benchmark_vitis PID=5550
State:	R (running)
VmPeak:	 1187224 kB
VmSize:	  981608 kB
VmRSS:	  165712 kB
VmSwap:	    3036 kB
Threads:	2

2021-11-19 18:55:42
1.05 1.22 1.71 2/150 20046
MemTotal:        2033108 kB
MemAvailable:    1493228 kB
SwapTotal:       1048572 kB
SwapFree:        1036284 kB
benchmark_vitis PID=5550
State:	S (sleeping)
VmPeak:	 1187224 kB
VmSize:	  980544 kB
VmRSS:	  165196 kB
VmSwap:	    3036 kB
Threads:	2

2021-11-19 18:55:44
1.05 1.21 1.70 2/150 20060
MemTotal:        2033108 kB
MemAvailable:    1492012 kB
SwapTotal:       1048572 kB
SwapFree:        1036284 kB
benchmark_vitis PID=5550
State:	S (sleeping)
VmPeak:	 1187224 kB
VmSize:	  980544 kB
VmRSS:	  165196 kB
VmSwap:	    3036 kB
Threads:	2

2021-11-19 18:55:46
1.05 1.21 1.70 2/150 20074
MemTotal:        2033108 kB
MemAvailable:    1491436 kB
SwapTotal:       1048572 kB
SwapFree:        1036284 kB
benchmark_vitis PID=5550
State:	D (disk sleep)
VmPeak:	 1187224 kB
VmSize:	  981636 kB
VmRSS:	  165196 kB
VmSwap:	    3036 kB
Threads:	2

2021-11-19 18:55:48
1.04 1.21 1.70 2/150 20088
MemTotal:        2033108 kB
MemAvailable:    1491180 kB
SwapTotal:       1048572 kB
SwapFree:        1036284 kB
benchmark_vitis PID=5550
State:	S (sleeping)
VmPeak:	 1187224 kB
VmSize:	  980544 kB
VmRSS:	  165196 kB
VmSwap:	    3036 kB
Threads:	2

2021-11-19 18:55:50
1.04 1.21 1.70 2/150 20102
MemTotal:        2033108 kB
MemAvailable:    1487968 kB
SwapTotal:       1048572 kB
SwapFree:        1036284 kB
benchmark_vitis PID=5550
State:	S (sleeping)
VmPeak:	 1187224 kB
VmSize:	  980544 kB
VmRSS:	  165196 kB
VmSwap:	    3036 kB
Threads:	2

2021-11-19 18:55:52
1.04 1.21 1.70 3/150 20116
MemTotal:        2033108 kB
MemAvailable:    1487352 kB
SwapTotal:       1048572 kB
SwapFree:        1036284 kB
benchmark_vitis PID=5550
State:	R (running)
VmPeak:	 1187224 kB
VmSize:	  981636 kB
VmRSS:	  165196 kB
VmSwap:	    3036 kB
Threads:	2

2021-11-19 18:55:54
1.12 1.22 1.70 2/150 20130
MemTotal:        2033108 kB
MemAvailable:    1492428 kB
SwapTotal:       1048572 kB
SwapFree:        1036284 kB
benchmark_vitis PID=5550
State:	S (sleeping)
VmPeak:	 1187224 kB
VmSize:	  980544 kB
VmRSS:	  165196 kB
VmSwap:	    3036 kB
Threads:	2

2021-11-19 18:55:56
1.12 1.22 1.70 3/150 20144
MemTotal:        2033108 kB
MemAvailable:    1493000 kB
SwapTotal:       1048572 kB
SwapFree:        1036284 kB
benchmark_vitis PID=5550
State:	R (running)
VmPeak:	 1187224 kB
VmSize:	  981608 kB
VmRSS:	  165196 kB
VmSwap:	    3036 kB
Threads:	2

2021-11-19 18:55:58
1.19 1.23 1.70 2/150 20158
MemTotal:        2033108 kB
MemAvailable:    1488732 kB
SwapTotal:       1048572 kB
SwapFree:        1036284 kB
benchmark_vitis PID=5550
State:	S (sleeping)
VmPeak:	 1187224 kB
VmSize:	  980544 kB
VmRSS:	  165184 kB
VmSwap:	    3036 kB
Threads:	2

2021-11-19 18:56:00
1.19 1.23 1.70 2/150 20172
MemTotal:        2033108 kB
MemAvailable:    1488188 kB
SwapTotal:       1048572 kB
SwapFree:        1036284 kB
benchmark_vitis PID=5550
State:	S (sleeping)
VmPeak:	 1187224 kB
VmSize:	  980544 kB
VmRSS:	  165184 kB
VmSwap:	    3036 kB
Threads:	2

2021-11-19 18:56:02
1.19 1.23 1.70 3/150 20186
MemTotal:        2033108 kB
MemAvailable:    1495208 kB
SwapTotal:       1048572 kB
SwapFree:        1036284 kB
benchmark_vitis PID=5550
State:	D (disk sleep)
VmPeak:	 1187224 kB
VmSize:	  981620 kB
VmRSS:	  165184 kB
VmSwap:	    3036 kB
Threads:	2

2021-11-19 18:56:04
1.17 1.23 1.70 2/150 20200
MemTotal:        2033108 kB
MemAvailable:    1493704 kB
SwapTotal:       1048572 kB
SwapFree:        1036284 kB
benchmark_vitis PID=5550
State:	S (sleeping)
VmPeak:	 1187224 kB
VmSize:	  980544 kB
VmRSS:	  165184 kB
VmSwap:	    3036 kB
Threads:	2

2021-11-19 18:56:06
1.17 1.23 1.70 2/150 20214
MemTotal:        2033108 kB
MemAvailable:    1493592 kB
SwapTotal:       1048572 kB
SwapFree:        1036284 kB
benchmark_vitis PID=5550
State:	S (sleeping)
VmPeak:	 1187224 kB
VmSize:	  980544 kB
VmRSS:	  165184 kB
VmSwap:	    3036 kB
Threads:	2

2021-11-19 18:56:08
1.16 1.23 1.70 3/150 20228
MemTotal:        2033108 kB
MemAvailable:    1493776 kB
SwapTotal:       1048572 kB
SwapFree:        1036284 kB
benchmark_vitis PID=5550
State:	R (running)
VmPeak:	 1187224 kB
VmSize:	  981544 kB
VmRSS:	  165184 kB
VmSwap:	    3036 kB
Threads:	2

2021-11-19 18:56:10
1.16 1.23 1.70 2/148 20242
MemTotal:        2033108 kB
MemAvailable:    1493500 kB
SwapTotal:       1048572 kB
SwapFree:        1036284 kB
benchmark_vitis PID=5550
State:	S (sleeping)
VmPeak:	 1187224 kB
VmSize:	  980544 kB
VmRSS:	  165172 kB
VmSwap:	    3036 kB
Threads:	2

2021-11-19 18:56:12
1.16 1.23 1.70 3/148 20256
MemTotal:        2033108 kB
MemAvailable:    1492488 kB
SwapTotal:       1048572 kB
SwapFree:        1036284 kB
benchmark_vitis PID=5550
State:	S (sleeping)
VmPeak:	 1187224 kB
VmSize:	  980544 kB
VmRSS:	  165172 kB
VmSwap:	    3036 kB
Threads:	2

2021-11-19 18:56:14
1.15 1.22 1.69 2/149 20270
MemTotal:        2033108 kB
MemAvailable:    1491212 kB
SwapTotal:       1048572 kB
SwapFree:        1036284 kB
benchmark_vitis PID=5550
State:	R (running)
VmPeak:	 1187224 kB
VmSize:	  980548 kB
VmRSS:	  165172 kB
VmSwap:	    3036 kB
Threads:	2

2021-11-19 18:56:17
1.15 1.22 1.69 2/149 20285
MemTotal:        2033108 kB
MemAvailable:    1491312 kB
SwapTotal:       1048572 kB
SwapFree:        1036284 kB
benchmark_vitis PID=5550
State:	S (sleeping)
VmPeak:	 1187224 kB
VmSize:	  980544 kB
VmRSS:	  165168 kB
VmSwap:	    3036 kB
Threads:	2

2021-11-19 18:56:19
1.13 1.22 1.69 3/149 20299
MemTotal:        2033108 kB
MemAvailable:    1489976 kB
SwapTotal:       1048572 kB
SwapFree:        1036284 kB
benchmark_vitis PID=5550
State:	D (disk sleep)
VmPeak:	 1187224 kB
VmSize:	  980544 kB
VmRSS:	  165168 kB
VmSwap:	    3036 kB
Threads:	2

2021-11-19 18:56:21
1.13 1.22 1.69 2/148 20314
MemTotal:        2033108 kB
MemAvailable:    1489108 kB
SwapTotal:       1048572 kB
SwapFree:        1036284 kB
benchmark_vitis PID=5550
State:	S (sleeping)
VmPeak:	 1187224 kB
VmSize:	  980544 kB
VmRSS:	  165164 kB
VmSwap:	    3036 kB
Threads:	2

2021-11-19 18:56:23
1.13 1.22 1.69 2/148 20328
MemTotal:        2033108 kB
MemAvailable:    1489584 kB
SwapTotal:       1048572 kB
SwapFree:        1036284 kB
benchmark_vitis PID=5550
State:	S (sleeping)
VmPeak:	 1187224 kB
VmSize:	  980544 kB
VmRSS:	  165164 kB
VmSwap:	    3036 kB
Threads:	2

2021-11-19 18:56:25
1.12 1.22 1.68 3/148 20341
MemTotal:        2033108 kB
MemAvailable:    1489160 kB
SwapTotal:       1048572 kB
SwapFree:        1036284 kB
benchmark_vitis PID=5550
State:	R (running)
VmPeak:	 1187224 kB
VmSize:	  981652 kB
VmRSS:	  165164 kB
VmSwap:	    3036 kB
Threads:	2

2021-11-19 18:56:27
1.12 1.22 1.68 2/148 20355
MemTotal:        2033108 kB
MemAvailable:    1488628 kB
SwapTotal:       1048572 kB
SwapFree:        1036284 kB
benchmark_vitis PID=5550
State:	S (sleeping)
VmPeak:	 1187224 kB
VmSize:	  980544 kB
VmRSS:	  165164 kB
VmSwap:	    3036 kB
Threads:	2

2021-11-19 18:56:29
1.11 1.21 1.68 2/148 20369
MemTotal:        2033108 kB
MemAvailable:    1489408 kB
SwapTotal:       1048572 kB
SwapFree:        1036284 kB
benchmark_vitis PID=5550
State:	S (sleeping)
VmPeak:	 1187224 kB
VmSize:	  980544 kB
VmRSS:	  165148 kB
VmSwap:	    3036 kB
Threads:	2

2021-11-19 18:56:31
1.11 1.21 1.68 3/148 20384
MemTotal:        2033108 kB
MemAvailable:    1489884 kB
SwapTotal:       1048572 kB
SwapFree:        1036284 kB
benchmark_vitis PID=5550
State:	R (running)
VmPeak:	 1187224 kB
VmSize:	  981640 kB
VmRSS:	  165148 kB
VmSwap:	    3036 kB
Threads:	2

2021-11-19 18:56:33
1.11 1.21 1.68 2/148 20398
MemTotal:        2033108 kB
MemAvailable:    1489736 kB
SwapTotal:       1048572 kB
SwapFree:        1036284 kB
benchmark_vitis PID=5550
State:	S (sleeping)
VmPeak:	 1187224 kB
VmSize:	  980544 kB
VmRSS:	  165148 kB
VmSwap:	    3036 kB
Threads:	2

2021-11-19 18:56:35
1.34 1.26 1.69 1/148 20412
MemTotal:        2033108 kB
MemAvailable:    1488004 kB
SwapTotal:       1048572 kB
SwapFree:        1036284 kB
benchmark_vitis PID=5550
State:	S (sleeping)
VmPeak:	 1187224 kB
VmSize:	  980544 kB
VmRSS:	  165148 kB
VmSwap:	    3036 kB
Threads:	2

2021-11-19 18:56:37
1.34 1.26 1.69 2/148 20426
MemTotal:        2033108 kB
MemAvailable:    1487440 kB
SwapTotal:       1048572 kB
SwapFree:        1036284 kB
benchmark_vitis PID=5550
State:	R (running)
VmPeak:	 1187224 kB
VmSize:	  980544 kB
VmRSS:	  165148 kB
VmSwap:	    3036 kB
Threads:	2

2021-11-19 18:56:39
1.32 1.25 1.69 2/150 20443
MemTotal:        2033108 kB
MemAvailable:    1487452 kB
SwapTotal:       1048572 kB
SwapFree:        1036284 kB
benchmark_vitis PID=5550
State:	D (disk sleep)
VmPeak:	 1187224 kB
VmSize:	  980544 kB
VmRSS:	  165148 kB
VmSwap:	    3036 kB
Threads:	2

2021-11-19 18:56:41
1.32 1.25 1.69 1/150 20457
MemTotal:        2033108 kB
MemAvailable:    1491244 kB
SwapTotal:       1048572 kB
SwapFree:        1036284 kB
benchmark_vitis PID=5550
State:	S (sleeping)
VmPeak:	 1187224 kB
VmSize:	  980544 kB
VmRSS:	  165148 kB
VmSwap:	    3036 kB
Threads:	2

2021-11-19 18:56:43
1.29 1.25 1.68 1/150 20471
MemTotal:        2033108 kB
MemAvailable:    1492216 kB
SwapTotal:       1048572 kB
SwapFree:        1036284 kB
benchmark_vitis PID=5550
State:	S (sleeping)
VmPeak:	 1187224 kB
VmSize:	  980544 kB
VmRSS:	  165120 kB
VmSwap:	    3036 kB
Threads:	2

2021-11-19 18:56:45
1.29 1.25 1.68 1/150 20485
MemTotal:        2033108 kB
MemAvailable:    1491440 kB
SwapTotal:       1048572 kB
SwapFree:        1036284 kB
benchmark_vitis PID=5550
State:	S (sleeping)
VmPeak:	 1187224 kB
VmSize:	  980544 kB
VmRSS:	  165120 kB
VmSwap:	    3036 kB
Threads:	2

2021-11-19 18:56:47
1.29 1.25 1.68 2/150 20499
MemTotal:        2033108 kB
MemAvailable:    1491580 kB
SwapTotal:       1048572 kB
SwapFree:        1036284 kB
benchmark_vitis PID=5550
State:	R (running)
VmPeak:	 1187224 kB
VmSize:	  981644 kB
VmRSS:	  165120 kB
VmSwap:	    3036 kB
Threads:	2

2021-11-19 18:56:49
1.27 1.24 1.68 1/150 20513
MemTotal:        2033108 kB
MemAvailable:    1490908 kB
SwapTotal:       1048572 kB
SwapFree:        1036284 kB
benchmark_vitis PID=5550
State:	R (running)
VmPeak:	 1187224 kB
VmSize:	  980552 kB
VmRSS:	  165120 kB
VmSwap:	    3036 kB
Threads:	2

2021-11-19 18:56:51
1.27 1.24 1.68 1/150 20527
MemTotal:        2033108 kB
MemAvailable:    1490424 kB
SwapTotal:       1048572 kB
SwapFree:        1036284 kB
benchmark_vitis PID=5550
State:	S (sleeping)
VmPeak:	 1187224 kB
VmSize:	  980544 kB
VmRSS:	  165120 kB
VmSwap:	    3036 kB
Threads:	2

2021-11-19 18:56:53
1.25 1.24 1.68 2/148 20541
MemTotal:        2033108 kB
MemAvailable:    1489628 kB
SwapTotal:       1048572 kB
SwapFree:        1036284 kB
benchmark_vitis PID=5550
State:	S (sleeping)
VmPeak:	 1187224 kB
VmSize:	  980544 kB
VmRSS:	  165120 kB
VmSwap:	    3036 kB
Threads:	2

2021-11-19 18:56:55
1.25 1.24 1.68 2/148 20554
MemTotal:        2033108 kB
MemAvailable:    1488740 kB
SwapTotal:       1048572 kB
SwapFree:        1036284 kB
benchmark_vitis PID=5550
State:	S (sleeping)
VmPeak:	 1187224 kB
VmSize:	  980544 kB
VmRSS:	  165120 kB
VmSwap:	    3036 kB
Threads:	2

2021-11-19 18:56:57
1.25 1.24 1.68 4/148 20569
MemTotal:        2033108 kB
MemAvailable:    1488412 kB
SwapTotal:       1048572 kB
SwapFree:        1036284 kB
benchmark_vitis PID=5550
State:	R (running)
VmPeak:	 1187224 kB
VmSize:	  981640 kB
VmRSS:	  165120 kB
VmSwap:	    3036 kB
Threads:	2

2021-11-19 18:56:59
1.23 1.24 1.67 2/149 20584
MemTotal:        2033108 kB
MemAvailable:    1488124 kB
SwapTotal:       1048572 kB
SwapFree:        1036284 kB
benchmark_vitis PID=5550
State:	R (running)
VmPeak:	 1187224 kB
VmSize:	  980544 kB
VmRSS:	  165120 kB
VmSwap:	    3036 kB
Threads:	2

2021-11-19 18:57:01
1.23 1.24 1.67 1/149 20598
MemTotal:        2033108 kB
MemAvailable:    1494880 kB
SwapTotal:       1048572 kB
SwapFree:        1036284 kB
benchmark_vitis PID=5550
State:	S (sleeping)
VmPeak:	 1187224 kB
VmSize:	  980544 kB
VmRSS:	  165120 kB
VmSwap:	    3036 kB
Threads:	2

2021-11-19 18:57:03
1.21 1.23 1.67 2/148 20611
MemTotal:        2033108 kB
MemAvailable:    1493512 kB
SwapTotal:       1048572 kB
SwapFree:        1036284 kB
benchmark_vitis PID=5550
State:	S (sleeping)
VmPeak:	 1187224 kB
VmSize:	  980544 kB
VmRSS:	  165120 kB
VmSwap:	    3036 kB
Threads:	2

2021-11-19 18:57:05
1.21 1.23 1.67 2/149 20625
MemTotal:        2033108 kB
MemAvailable:    1492876 kB
SwapTotal:       1048572 kB
SwapFree:        1036284 kB
benchmark_vitis PID=5550
State:	S (sleeping)
VmPeak:	 1187224 kB
VmSize:	  980544 kB
VmRSS:	  165120 kB
VmSwap:	    3036 kB
Threads:	2

2021-11-19 18:57:07
1.21 1.23 1.67 5/149 20639
MemTotal:        2033108 kB
MemAvailable:    1495332 kB
SwapTotal:       1048572 kB
SwapFree:        1036284 kB
benchmark_vitis PID=5550
State:	R (running)
VmPeak:	 1187224 kB
VmSize:	  980544 kB
VmRSS:	  165108 kB
VmSwap:	    3036 kB
Threads:	2

2021-11-19 18:57:09
1.27 1.24 1.67 2/148 20654
MemTotal:        2033108 kB
MemAvailable:    1492980 kB
SwapTotal:       1048572 kB
SwapFree:        1036284 kB
benchmark_vitis PID=5550
State:	D (disk sleep)
VmPeak:	 1187224 kB
VmSize:	  981644 kB
VmRSS:	  165108 kB
VmSwap:	    3036 kB
Threads:	2

2021-11-19 18:57:11
1.27 1.24 1.67 1/148 20668
MemTotal:        2033108 kB
MemAvailable:    1493364 kB
SwapTotal:       1048572 kB
SwapFree:        1036284 kB
benchmark_vitis PID=5550
State:	S (sleeping)
VmPeak:	 1187224 kB
VmSize:	  980544 kB
VmRSS:	  165108 kB
VmSwap:	    3036 kB
Threads:	2

2021-11-19 18:57:14
1.25 1.24 1.67 2/148 20682
MemTotal:        2033108 kB
MemAvailable:    1493368 kB
SwapTotal:       1048572 kB
SwapFree:        1036284 kB
benchmark_vitis PID=5550
State:	S (sleeping)
VmPeak:	 1187224 kB
VmSize:	  980544 kB
VmRSS:	  165108 kB
VmSwap:	    3036 kB
Threads:	2

2021-11-19 18:57:16
1.25 1.24 1.67 3/147 20695
MemTotal:        2033108 kB
MemAvailable:    1491880 kB
SwapTotal:       1048572 kB
SwapFree:        1036284 kB
benchmark_vitis PID=5550
State:	S (sleeping)
VmPeak:	 1187224 kB
VmSize:	  980544 kB
VmRSS:	  165108 kB
VmSwap:	    3036 kB
Threads:	2

2021-11-19 18:57:18
1.25 1.24 1.67 3/148 20709
MemTotal:        2033108 kB
MemAvailable:    1490704 kB
SwapTotal:       1048572 kB
SwapFree:        1036284 kB
benchmark_vitis PID=5550
State:	R (running)
VmPeak:	 1187224 kB
VmSize:	  981148 kB
VmRSS:	  165108 kB
VmSwap:	    3036 kB
Threads:	2

2021-11-19 18:57:20
1.23 1.24 1.66 3/148 20723
MemTotal:        2033108 kB
MemAvailable:    1485136 kB
SwapTotal:       1048572 kB
SwapFree:        1036284 kB
benchmark_vitis PID=5550
State:	D (disk sleep)
VmPeak:	 1187224 kB
VmSize:	  980544 kB
VmRSS:	  165108 kB
VmSwap:	    3036 kB
Threads:	2

2021-11-19 18:57:22
1.23 1.24 1.66 2/149 20736
MemTotal:        2033108 kB
MemAvailable:    1484284 kB
SwapTotal:       1048572 kB
SwapFree:        1036284 kB
benchmark_vitis PID=5550
State:	S (sleeping)
VmPeak:	 1187224 kB
VmSize:	  980544 kB
VmRSS:	  165108 kB
VmSwap:	    3036 kB
Threads:	2

2021-11-19 18:57:24
1.21 1.23 1.66 2/149 20750
MemTotal:        2033108 kB
MemAvailable:    1488012 kB
SwapTotal:       1048572 kB
SwapFree:        1036284 kB
benchmark_vitis PID=5550
State:	S (sleeping)
VmPeak:	 1187224 kB
VmSize:	  980544 kB
VmRSS:	  165108 kB
VmSwap:	    3036 kB
Threads:	2

2021-11-19 18:57:26
1.21 1.23 1.66 2/149 20764
MemTotal:        2033108 kB
MemAvailable:    1487636 kB
SwapTotal:       1048572 kB
SwapFree:        1036284 kB
benchmark_vitis PID=5550
State:	S (sleeping)
VmPeak:	 1187224 kB
VmSize:	  980544 kB
VmRSS:	  165108 kB
VmSwap:	    3036 kB
Threads:	2

2021-11-19 18:57:28
1.21 1.23 1.66 3/149 20778
MemTotal:        2033108 kB
MemAvailable:    1494736 kB
SwapTotal:       1048572 kB
SwapFree:        1036284 kB
benchmark_vitis PID=5550
State:	R (running)
VmPeak:	 1187224 kB
VmSize:	  980544 kB
VmRSS:	  165108 kB
VmSwap:	    3036 kB
Threads:	2

2021-11-19 18:57:30
1.19 1.23 1.66 3/149 20792
MemTotal:        2033108 kB
MemAvailable:    1494316 kB
SwapTotal:       1048572 kB
SwapFree:        1036284 kB
benchmark_vitis PID=5550
State:	R (running)
VmPeak:	 1187224 kB
VmSize:	  981528 kB
VmRSS:	  165108 kB
VmSwap:	    3036 kB
Threads:	2

2021-11-19 18:57:32
1.19 1.23 1.66 2/149 20806
MemTotal:        2033108 kB
MemAvailable:    1493112 kB
SwapTotal:       1048572 kB
SwapFree:        1036284 kB
benchmark_vitis PID=5550
State:	S (sleeping)
VmPeak:	 1187224 kB
VmSize:	  980544 kB
VmRSS:	  165108 kB
VmSwap:	    3036 kB
Threads:	2

2021-11-19 18:57:34
1.18 1.22 1.65 2/149 20820
MemTotal:        2033108 kB
MemAvailable:    1492340 kB
SwapTotal:       1048572 kB
SwapFree:        1036284 kB
benchmark_vitis PID=5550
State:	S (sleeping)
VmPeak:	 1187224 kB
VmSize:	  980544 kB
VmRSS:	  165096 kB
VmSwap:	    3036 kB
Threads:	2

2021-11-19 18:57:36
1.18 1.22 1.65 3/149 20834
MemTotal:        2033108 kB
MemAvailable:    1492320 kB
SwapTotal:       1048572 kB
SwapFree:        1036284 kB
benchmark_vitis PID=5550
State:	D (disk sleep)
VmPeak:	 1187224 kB
VmSize:	  981656 kB
VmRSS:	  165096 kB
VmSwap:	    3036 kB
Threads:	2

2021-11-19 18:57:38
1.16 1.22 1.65 2/148 20847
MemTotal:        2033108 kB
MemAvailable:    1492184 kB
SwapTotal:       1048572 kB
SwapFree:        1036284 kB
benchmark_vitis PID=5550
State:	R (running)
VmPeak:	 1187224 kB
VmSize:	  980544 kB
VmRSS:	  165096 kB
VmSwap:	    3036 kB
Threads:	2

2021-11-19 18:57:40
1.16 1.22 1.65 2/148 20861
MemTotal:        2033108 kB
MemAvailable:    1492852 kB
SwapTotal:       1048572 kB
SwapFree:        1036284 kB
benchmark_vitis PID=5550
State:	S (sleeping)
VmPeak:	 1187224 kB
VmSize:	  980544 kB
VmRSS:	  165096 kB
VmSwap:	    3036 kB
Threads:	2

2021-11-19 18:57:42
1.16 1.22 1.65 3/148 20874
MemTotal:        2033108 kB
MemAvailable:    1493104 kB
SwapTotal:       1048572 kB
SwapFree:        1036284 kB
benchmark_vitis PID=5550
State:	S (sleeping)
VmPeak:	 1187224 kB
VmSize:	  980544 kB
VmRSS:	  165096 kB
VmSwap:	    3036 kB
Threads:	2

2021-11-19 18:57:44
1.15 1.22 1.64 3/148 20888
MemTotal:        2033108 kB
MemAvailable:    1492388 kB
SwapTotal:       1048572 kB
SwapFree:        1036284 kB
benchmark_vitis PID=5550
State:	R (running)
VmPeak:	 1187224 kB
VmSize:	  981512 kB
VmRSS:	  165096 kB
VmSwap:	    3036 kB
Threads:	2

2021-11-19 18:57:46
1.15 1.22 1.64 3/149 20903
MemTotal:        2033108 kB
MemAvailable:    1488812 kB
SwapTotal:       1048572 kB
SwapFree:        1036028 kB
benchmark_vitis PID=5550
State:	D (disk sleep)
VmPeak:	 1187224 kB
VmSize:	  981200 kB
VmRSS:	  164728 kB
VmSwap:	    3036 kB
Threads:	2

2021-11-19 18:57:48
1.14 1.21 1.64 2/149 20917
MemTotal:        2033108 kB
MemAvailable:    1488168 kB
SwapTotal:       1048572 kB
SwapFree:        1036028 kB
benchmark_vitis PID=5550
State:	S (sleeping)
VmPeak:	 1187224 kB
VmSize:	  980544 kB
VmRSS:	  164728 kB
VmSwap:	    3036 kB
Threads:	2

2021-11-19 18:57:50
1.14 1.21 1.64 2/149 20931
MemTotal:        2033108 kB
MemAvailable:    1488240 kB
SwapTotal:       1048572 kB
SwapFree:        1036028 kB
benchmark_vitis PID=5550
State:	S (sleeping)
VmPeak:	 1187224 kB
VmSize:	  980544 kB
VmRSS:	  164728 kB
VmSwap:	    3036 kB
Threads:	2

2021-11-19 18:57:52
1.14 1.21 1.64 2/149 20945
MemTotal:        2033108 kB
MemAvailable:    1488368 kB
SwapTotal:       1048572 kB
SwapFree:        1036028 kB
benchmark_vitis PID=5550
State:	S (sleeping)
VmPeak:	 1187224 kB
VmSize:	  980544 kB
VmRSS:	  164728 kB
VmSwap:	    3036 kB
Threads:	2

2021-11-19 18:57:54
1.13 1.21 1.64 2/149 20959
MemTotal:        2033108 kB
MemAvailable:    1489372 kB
SwapTotal:       1048572 kB
SwapFree:        1036028 kB
benchmark_vitis PID=5550
State:	S (sleeping)
VmPeak:	 1187224 kB
VmSize:	  980544 kB
VmRSS:	  164712 kB
VmSwap:	    3036 kB
Threads:	2

2021-11-19 18:57:56
1.13 1.21 1.64 3/149 20973
MemTotal:        2033108 kB
MemAvailable:    1489676 kB
SwapTotal:       1048572 kB
SwapFree:        1036028 kB
benchmark_vitis PID=5550
State:	R (running)
VmPeak:	 1187224 kB
VmSize:	  980544 kB
VmRSS:	  164712 kB
VmSwap:	    3036 kB
Threads:	2

2021-11-19 18:57:58
1.12 1.20 1.63 2/149 20987
MemTotal:        2033108 kB
MemAvailable:    1489776 kB
SwapTotal:       1048572 kB
SwapFree:        1036028 kB
benchmark_vitis PID=5550
State:	S (sleeping)
VmPeak:	 1187224 kB
VmSize:	  980544 kB
VmRSS:	  164712 kB
VmSwap:	    3036 kB
Threads:	2

2021-11-19 18:58:00
1.12 1.20 1.63 2/149 21001
MemTotal:        2033108 kB
MemAvailable:    1489820 kB
SwapTotal:       1048572 kB
SwapFree:        1036028 kB
benchmark_vitis PID=5550
State:	S (sleeping)
VmPeak:	 1187224 kB
VmSize:	  980544 kB
VmRSS:	  164712 kB
VmSwap:	    3036 kB
Threads:	2

2021-11-19 18:58:02
1.12 1.20 1.63 3/149 21015
MemTotal:        2033108 kB
MemAvailable:    1495380 kB
SwapTotal:       1048572 kB
SwapFree:        1036028 kB
benchmark_vitis PID=5550
State:	S (sleeping)
VmPeak:	 1187224 kB
VmSize:	  980544 kB
VmRSS:	  164712 kB
VmSwap:	    3036 kB
Threads:	2

2021-11-19 18:58:04
1.19 1.22 1.63 2/149 21029
MemTotal:        2033108 kB
MemAvailable:    1494200 kB
SwapTotal:       1048572 kB
SwapFree:        1036028 kB
benchmark_vitis PID=5550
State:	R (running)
VmPeak:	 1187224 kB
VmSize:	  981204 kB
VmRSS:	  164712 kB
VmSwap:	    3036 kB
Threads:	2

2021-11-19 18:58:07
1.19 1.22 1.63 2/149 21043
MemTotal:        2033108 kB
MemAvailable:    1493612 kB
SwapTotal:       1048572 kB
SwapFree:        1036028 kB
benchmark_vitis PID=5550
State:	S (sleeping)
VmPeak:	 1187224 kB
VmSize:	  980544 kB
VmRSS:	  164712 kB
VmSwap:	    3036 kB
Threads:	2

2021-11-19 18:58:09
1.17 1.21 1.63 2/149 21057
MemTotal:        2033108 kB
MemAvailable:    1492800 kB
SwapTotal:       1048572 kB
SwapFree:        1036028 kB
benchmark_vitis PID=5550
State:	S (sleeping)
VmPeak:	 1187224 kB
VmSize:	  980544 kB
VmRSS:	  164712 kB
VmSwap:	    3036 kB
Threads:	2

2021-11-19 18:58:11
1.17 1.21 1.63 2/149 21071
MemTotal:        2033108 kB
MemAvailable:    1495252 kB
SwapTotal:       1048572 kB
SwapFree:        1035260 kB
benchmark_vitis PID=5550
State:	S (sleeping)
VmPeak:	 1187224 kB
VmSize:	  980544 kB
VmRSS:	  164688 kB
VmSwap:	    3036 kB
Threads:	2

2021-11-19 18:58:13
1.17 1.21 1.63 3/149 21085
MemTotal:        2033108 kB
MemAvailable:    1494432 kB
SwapTotal:       1048572 kB
SwapFree:        1035260 kB
benchmark_vitis PID=5550
State:	D (disk sleep)
VmPeak:	 1187224 kB
VmSize:	  981164 kB
VmRSS:	  164688 kB
VmSwap:	    3036 kB
Threads:	2

2021-11-19 18:58:15
1.16 1.21 1.63 3/149 21099
MemTotal:        2033108 kB
MemAvailable:    1494556 kB
SwapTotal:       1048572 kB
SwapFree:        1035260 kB
benchmark_vitis PID=5550
State:	R (running)
VmPeak:	 1187224 kB
VmSize:	  981560 kB
VmRSS:	  164688 kB
VmSwap:	    3036 kB
Threads:	2

2021-11-19 18:58:17
1.16 1.21 1.63 2/149 21113
MemTotal:        2033108 kB
MemAvailable:    1493552 kB
SwapTotal:       1048572 kB
SwapFree:        1035260 kB
benchmark_vitis PID=5550
State:	S (sleeping)
VmPeak:	 1187224 kB
VmSize:	  980544 kB
VmRSS:	  164688 kB
VmSwap:	    3036 kB
Threads:	2

2021-11-19 18:58:19
1.15 1.21 1.62 2/149 21127
MemTotal:        2033108 kB
MemAvailable:    1492096 kB
SwapTotal:       1048572 kB
SwapFree:        1035260 kB
benchmark_vitis PID=5550
State:	S (sleeping)
VmPeak:	 1187224 kB
VmSize:	  980544 kB
VmRSS:	  164688 kB
VmSwap:	    3036 kB
Threads:	2

2021-11-19 18:58:21
1.15 1.21 1.62 2/149 21141
MemTotal:        2033108 kB
MemAvailable:    1491992 kB
SwapTotal:       1048572 kB
SwapFree:        1035260 kB
benchmark_vitis PID=5550
State:	S (sleeping)
VmPeak:	 1187224 kB
VmSize:	  980544 kB
VmRSS:	  164688 kB
VmSwap:	    3036 kB
Threads:	2

2021-11-19 18:58:23
1.15 1.21 1.62 3/149 21155
MemTotal:        2033108 kB
MemAvailable:    1491340 kB
SwapTotal:       1048572 kB
SwapFree:        1035260 kB
benchmark_vitis PID=5550
State:	R (running)
VmPeak:	 1187224 kB
VmSize:	  981480 kB
VmRSS:	  164688 kB
VmSwap:	    3036 kB
Threads:	2

2021-11-19 18:58:25
1.13 1.20 1.62 2/149 21169
MemTotal:        2033108 kB
MemAvailable:    1491008 kB
SwapTotal:       1048572 kB
SwapFree:        1035260 kB
benchmark_vitis PID=5550
State:	R (running)
VmPeak:	 1187224 kB
VmSize:	  980552 kB
VmRSS:	  164688 kB
VmSwap:	    3036 kB
Threads:	2

2021-11-19 18:58:27
1.13 1.20 1.62 1/149 21181
MemTotal:        2033108 kB
MemAvailable:    1492468 kB
SwapTotal:       1048572 kB
SwapFree:        1035260 kB
benchmark_vitis PID=5550
State:	S (sleeping)
VmPeak:	 1187224 kB
VmSize:	  980544 kB
VmRSS:	  164688 kB
VmSwap:	    3036 kB
Threads:	2

2021-11-19 18:58:29
1.12 1.20 1.62 1/149 21195
MemTotal:        2033108 kB
MemAvailable:    1492820 kB
SwapTotal:       1048572 kB
SwapFree:        1035260 kB
benchmark_vitis PID=5550
State:	S (sleeping)
VmPeak:	 1187224 kB
VmSize:	  980544 kB
VmRSS:	  164688 kB
VmSwap:	    3036 kB
Threads:	2

2021-11-19 18:58:31
1.12 1.20 1.62 2/149 21209
MemTotal:        2033108 kB
MemAvailable:    1495652 kB
SwapTotal:       1048572 kB
SwapFree:        1035004 kB
benchmark_vitis PID=5550
State:	R (running)
VmPeak:	 1187224 kB
VmSize:	  981420 kB
VmRSS:	  164644 kB
VmSwap:	    3036 kB
Threads:	2

2021-11-19 18:58:33
1.11 1.20 1.61 1/149 21223
MemTotal:        2033108 kB
MemAvailable:    1493320 kB
SwapTotal:       1048572 kB
SwapFree:        1035004 kB
benchmark_vitis PID=5550
State:	R (running)
VmPeak:	 1187224 kB
VmSize:	  980544 kB
VmRSS:	  164644 kB
VmSwap:	    3036 kB
Threads:	2

2021-11-19 18:58:35
1.11 1.20 1.61 2/148 21237
MemTotal:        2033108 kB
MemAvailable:    1492468 kB
SwapTotal:       1048572 kB
SwapFree:        1035004 kB
benchmark_vitis PID=5550
State:	S (sleeping)
VmPeak:	 1187224 kB
VmSize:	  980544 kB
VmRSS:	  164644 kB
VmSwap:	    3036 kB
Threads:	2

2021-11-19 18:58:37
1.11 1.20 1.61 2/149 21251
MemTotal:        2033108 kB
MemAvailable:    1491992 kB
SwapTotal:       1048572 kB
SwapFree:        1035004 kB
benchmark_vitis PID=5550
State:	S (sleeping)
VmPeak:	 1187224 kB
VmSize:	  980544 kB
VmRSS:	  164644 kB
VmSwap:	    3036 kB
Threads:	2

2021-11-19 18:58:39
1.10 1.19 1.61 3/149 21267
MemTotal:        2033108 kB
MemAvailable:    1492272 kB
SwapTotal:       1048572 kB
SwapFree:        1035004 kB
benchmark_vitis PID=5550
State:	D (disk sleep)
VmPeak:	 1187224 kB
VmSize:	  981600 kB
VmRSS:	  164644 kB
VmSwap:	    3036 kB
Threads:	2

2021-11-19 18:58:41
1.10 1.19 1.61 2/149 21281
MemTotal:        2033108 kB
MemAvailable:    1491960 kB
SwapTotal:       1048572 kB
SwapFree:        1035004 kB
benchmark_vitis PID=5550
State:	S (sleeping)
VmPeak:	 1187224 kB
VmSize:	  980544 kB
VmRSS:	  164644 kB
VmSwap:	    3036 kB
Threads:	2

2021-11-19 18:58:43
1.26 1.22 1.62 2/149 21297
MemTotal:        2033108 kB
MemAvailable:    1492204 kB
SwapTotal:       1048572 kB
SwapFree:        1035004 kB
benchmark_vitis PID=5550
State:	R (running)
VmPeak:	 1187224 kB
VmSize:	  981628 kB
VmRSS:	  164644 kB
VmSwap:	    3036 kB
Threads:	2

2021-11-19 18:58:45
1.26 1.22 1.62 3/149 21312
MemTotal:        2033108 kB
MemAvailable:    1491788 kB
SwapTotal:       1048572 kB
SwapFree:        1035004 kB
benchmark_vitis PID=5550
State:	D (disk sleep)
VmPeak:	 1187224 kB
VmSize:	  981320 kB
VmRSS:	  164644 kB
VmSwap:	    3036 kB
Threads:	2

2021-11-19 18:58:47
1.26 1.22 1.62 3/150 21327
MemTotal:        2033108 kB
MemAvailable:    1488304 kB
SwapTotal:       1048572 kB
SwapFree:        1035004 kB
benchmark_vitis PID=5550
State:	R (running)
VmPeak:	 1187224 kB
VmSize:	  980648 kB
VmRSS:	  164644 kB
VmSwap:	    3036 kB
Threads:	2

2021-11-19 18:58:49
1.24 1.22 1.62 2/150 21341
MemTotal:        2033108 kB
MemAvailable:    1487504 kB
SwapTotal:       1048572 kB
SwapFree:        1035004 kB
benchmark_vitis PID=5550
State:	S (sleeping)
VmPeak:	 1187224 kB
VmSize:	  980544 kB
VmRSS:	  164644 kB
VmSwap:	    3036 kB
Threads:	2

2021-11-19 18:58:51
1.24 1.22 1.62 2/150 21355
MemTotal:        2033108 kB
MemAvailable:    1494324 kB
SwapTotal:       1048572 kB
SwapFree:        1035004 kB
benchmark_vitis PID=5550
State:	S (sleeping)
VmPeak:	 1187224 kB
VmSize:	  980544 kB
VmRSS:	  164640 kB
VmSwap:	    3036 kB
Threads:	2

2021-11-19 18:58:53
1.30 1.23 1.62 3/150 21369
MemTotal:        2033108 kB
MemAvailable:    1493456 kB
SwapTotal:       1048572 kB
SwapFree:        1035004 kB
benchmark_vitis PID=5550
State:	D (disk sleep)
VmPeak:	 1187224 kB
VmSize:	  981624 kB
VmRSS:	  164640 kB
VmSwap:	    3036 kB
Threads:	2

2021-11-19 18:58:55
1.30 1.23 1.62 2/150 21383
MemTotal:        2033108 kB
MemAvailable:    1492320 kB
SwapTotal:       1048572 kB
SwapFree:        1035004 kB
benchmark_vitis PID=5550
State:	R (running)
VmPeak:	 1187224 kB
VmSize:	  980548 kB
VmRSS:	  164640 kB
VmSwap:	    3036 kB
Threads:	2

2021-11-19 18:58:57
1.30 1.23 1.62 2/148 21395
MemTotal:        2033108 kB
MemAvailable:    1493132 kB
SwapTotal:       1048572 kB
SwapFree:        1035004 kB
benchmark_vitis PID=5550
State:	S (sleeping)
VmPeak:	 1187224 kB
VmSize:	  980544 kB
VmRSS:	  164628 kB
VmSwap:	    3036 kB
Threads:	2

2021-11-19 18:58:59
1.27 1.23 1.61 2/148 21409
MemTotal:        2033108 kB
MemAvailable:    1492616 kB
SwapTotal:       1048572 kB
SwapFree:        1035004 kB
benchmark_vitis PID=5550
State:	S (sleeping)
VmPeak:	 1187224 kB
VmSize:	  980544 kB
VmRSS:	  164628 kB
VmSwap:	    3036 kB
Threads:	2

2021-11-19 18:59:02
1.27 1.23 1.61 2/149 21423
MemTotal:        2033108 kB
MemAvailable:    1497112 kB
SwapTotal:       1048572 kB
SwapFree:        1035004 kB
benchmark_vitis PID=5550
State:	S (sleeping)
VmPeak:	 1187224 kB
VmSize:	  980544 kB
VmRSS:	  164628 kB
VmSwap:	    3036 kB
Threads:	2

2021-11-19 18:59:04
1.25 1.22 1.61 2/148 21437
MemTotal:        2033108 kB
MemAvailable:    1497488 kB
SwapTotal:       1048572 kB
SwapFree:        1035004 kB
benchmark_vitis PID=5550
State:	R (running)
VmPeak:	 1187224 kB
VmSize:	  981152 kB
VmRSS:	  164628 kB
VmSwap:	    3036 kB
Threads:	2

2021-11-19 18:59:06
1.25 1.22 1.61 2/148 21450
MemTotal:        2033108 kB
MemAvailable:    1495720 kB
SwapTotal:       1048572 kB
SwapFree:        1035004 kB
benchmark_vitis PID=5550
State:	R (running)
VmPeak:	 1187224 kB
VmSize:	  980544 kB
VmRSS:	  164624 kB
VmSwap:	    3036 kB
Threads:	2

2021-11-19 18:59:08
1.25 1.22 1.61 2/148 21464
MemTotal:        2033108 kB
MemAvailable:    1495748 kB
SwapTotal:       1048572 kB
SwapFree:        1035004 kB
benchmark_vitis PID=5550
State:	S (sleeping)
VmPeak:	 1187224 kB
VmSize:	  980544 kB
VmRSS:	  164620 kB
VmSwap:	    3036 kB
Threads:	2

2021-11-19 18:59:10
1.23 1.22 1.61 2/148 21478
MemTotal:        2033108 kB
MemAvailable:    1495324 kB
SwapTotal:       1048572 kB
SwapFree:        1035004 kB
benchmark_vitis PID=5550
State:	S (sleeping)
VmPeak:	 1187224 kB
VmSize:	  980544 kB
VmRSS:	  164620 kB
VmSwap:	    3036 kB
Threads:	2

2021-11-19 18:59:12
1.23 1.22 1.61 3/148 21492
MemTotal:        2033108 kB
MemAvailable:    1494584 kB
SwapTotal:       1048572 kB
SwapFree:        1035004 kB
benchmark_vitis PID=5550
State:	S (sleeping)
VmPeak:	 1187224 kB
VmSize:	  980544 kB
VmRSS:	  164588 kB
VmSwap:	    3036 kB
Threads:	2

2021-11-19 18:59:14
1.21 1.22 1.60 3/148 21506
MemTotal:        2033108 kB
MemAvailable:    1494768 kB
SwapTotal:       1048572 kB
SwapFree:        1035004 kB
benchmark_vitis PID=5550
State:	R (running)
VmPeak:	 1187224 kB
VmSize:	  981568 kB
VmRSS:	  164588 kB
VmSwap:	    3036 kB
Threads:	2

2021-11-19 18:59:16
1.21 1.22 1.60 2/148 21520
MemTotal:        2033108 kB
MemAvailable:    1494204 kB
SwapTotal:       1048572 kB
SwapFree:        1035004 kB
benchmark_vitis PID=5550
State:	S (sleeping)
VmPeak:	 1187224 kB
VmSize:	  980544 kB
VmRSS:	  164588 kB
VmSwap:	    3036 kB
Threads:	2

2021-11-19 18:59:18
1.21 1.22 1.60 2/149 21535
MemTotal:        2033108 kB
MemAvailable:    1494244 kB
SwapTotal:       1048572 kB
SwapFree:        1035004 kB
benchmark_vitis PID=5550
State:	S (sleeping)
VmPeak:	 1187224 kB
VmSize:	  980544 kB
VmRSS:	  164588 kB
VmSwap:	    3036 kB
Threads:	2

2021-11-19 18:59:20
1.28 1.23 1.61 3/149 21549
MemTotal:        2033108 kB
MemAvailable:    1493828 kB
SwapTotal:       1048572 kB
SwapFree:        1035004 kB
benchmark_vitis PID=5550
State:	R (running)
VmPeak:	 1187224 kB
VmSize:	  981608 kB
VmRSS:	  164588 kB
VmSwap:	    3036 kB
Threads:	2

2021-11-19 18:59:22
1.28 1.23 1.61 3/149 21563
MemTotal:        2033108 kB
MemAvailable:    1493688 kB
SwapTotal:       1048572 kB
SwapFree:        1035004 kB
benchmark_vitis PID=5550
State:	D (disk sleep)
VmPeak:	 1187224 kB
VmSize:	  981628 kB
VmRSS:	  164588 kB
VmSwap:	    3036 kB
Threads:	2

2021-11-19 18:59:24
1.25 1.22 1.60 2/149 21577
MemTotal:        2033108 kB
MemAvailable:    1493076 kB
SwapTotal:       1048572 kB
SwapFree:        1035004 kB
benchmark_vitis PID=5550
State:	R (running)
VmPeak:	 1187224 kB
VmSize:	  981140 kB
VmRSS:	  164588 kB
VmSwap:	    3036 kB
Threads:	2

2021-11-19 18:59:26
1.25 1.22 1.60 2/149 21591
MemTotal:        2033108 kB
MemAvailable:    1492960 kB
SwapTotal:       1048572 kB
SwapFree:        1035004 kB
benchmark_vitis PID=5550
State:	S (sleeping)
VmPeak:	 1187224 kB
VmSize:	  980544 kB
VmRSS:	  164588 kB
VmSwap:	    3036 kB
Threads:	2

2021-11-19 18:59:28
1.23 1.22 1.60 2/149 21605
MemTotal:        2033108 kB
MemAvailable:    1495096 kB
SwapTotal:       1048572 kB
SwapFree:        1035004 kB
benchmark_vitis PID=5550
State:	S (sleeping)
VmPeak:	 1187224 kB
VmSize:	  980544 kB
VmRSS:	  164584 kB
VmSwap:	    3036 kB
Threads:	2

2021-11-19 18:59:30
1.23 1.22 1.60 2/149 21619
MemTotal:        2033108 kB
MemAvailable:    1494548 kB
SwapTotal:       1048572 kB
SwapFree:        1035004 kB
benchmark_vitis PID=5550
State:	S (sleeping)
VmPeak:	 1187224 kB
VmSize:	  980544 kB
VmRSS:	  164584 kB
VmSwap:	    3036 kB
Threads:	2

2021-11-19 18:59:32
1.23 1.22 1.60 2/149 21633
MemTotal:        2033108 kB
MemAvailable:    1496092 kB
SwapTotal:       1048572 kB
SwapFree:        1035004 kB
benchmark_vitis PID=5550
State:	R (running)
VmPeak:	 1187224 kB
VmSize:	  981588 kB
VmRSS:	  164572 kB
VmSwap:	    3036 kB
Threads:	2

2021-11-19 18:59:34
1.21 1.22 1.60 2/149 21647
MemTotal:        2033108 kB
MemAvailable:    1494516 kB
SwapTotal:       1048572 kB
SwapFree:        1035004 kB
benchmark_vitis PID=5550
State:	S (sleeping)
VmPeak:	 1187224 kB
VmSize:	  980544 kB
VmRSS:	  164572 kB
VmSwap:	    3036 kB
Threads:	2

2021-11-19 18:59:36
1.21 1.22 1.60 4/149 21661
MemTotal:        2033108 kB
MemAvailable:    1486232 kB
SwapTotal:       1048572 kB
SwapFree:        1035004 kB
benchmark_vitis PID=5550
State:	S (sleeping)
VmPeak:	 1187224 kB
VmSize:	  980544 kB
VmRSS:	  164572 kB
VmSwap:	    3036 kB
Threads:	2

2021-11-19 18:59:38
1.20 1.21 1.59 3/149 21676
MemTotal:        2033108 kB
MemAvailable:    1489376 kB
SwapTotal:       1048572 kB
SwapFree:        1035004 kB
benchmark_vitis PID=5550
State:	D (disk sleep)
VmPeak:	 1187224 kB
VmSize:	  981412 kB
VmRSS:	  164572 kB
VmSwap:	    3036 kB
Threads:	2

2021-11-19 18:59:40
1.20 1.21 1.59 3/149 21690
MemTotal:        2033108 kB
MemAvailable:    1489360 kB
SwapTotal:       1048572 kB
SwapFree:        1035004 kB
benchmark_vitis PID=5550
State:	R (running)
VmPeak:	 1187224 kB
VmSize:	  980620 kB
VmRSS:	  164572 kB
VmSwap:	    3036 kB
Threads:	2

2021-11-19 18:59:42
1.20 1.21 1.59 2/149 21704
MemTotal:        2033108 kB
MemAvailable:    1489204 kB
SwapTotal:       1048572 kB
SwapFree:        1035004 kB
benchmark_vitis PID=5550
State:	S (sleeping)
VmPeak:	 1187224 kB
VmSize:	  980544 kB
VmRSS:	  164572 kB
VmSwap:	    3036 kB
Threads:	2

2021-11-19 18:59:44
1.18 1.21 1.59 2/149 21718
MemTotal:        2033108 kB
MemAvailable:    1485716 kB
SwapTotal:       1048572 kB
SwapFree:        1035004 kB
benchmark_vitis PID=5550
State:	S (sleeping)
VmPeak:	 1187224 kB
VmSize:	  980544 kB
VmRSS:	  164568 kB
VmSwap:	    3036 kB
Threads:	2

2021-11-19 18:59:46
1.18 1.21 1.59 2/149 21732
MemTotal:        2033108 kB
MemAvailable:    1485260 kB
SwapTotal:       1048572 kB
SwapFree:        1035004 kB
benchmark_vitis PID=5550
State:	S (sleeping)
VmPeak:	 1187224 kB
VmSize:	  980544 kB
VmRSS:	  164568 kB
VmSwap:	    3036 kB
Threads:	2

2021-11-19 18:59:48
1.17 1.21 1.59 2/149 21746
MemTotal:        2033108 kB
MemAvailable:    1490800 kB
SwapTotal:       1048572 kB
SwapFree:        1035004 kB
benchmark_vitis PID=5550
State:	S (sleeping)
VmPeak:	 1187224 kB
VmSize:	  980544 kB
VmRSS:	  164568 kB
VmSwap:	    3036 kB
Threads:	2

2021-11-19 18:59:50
1.17 1.21 1.59 3/149 21760
MemTotal:        2033108 kB
MemAvailable:    1496264 kB
SwapTotal:       1048572 kB
SwapFree:        1035004 kB
benchmark_vitis PID=5550
State:	R (running)
VmPeak:	 1187224 kB
VmSize:	  981576 kB
VmRSS:	  164564 kB
VmSwap:	    3036 kB
Threads:	2

2021-11-19 18:59:52
1.17 1.21 1.59 2/149 21774
MemTotal:        2033108 kB
MemAvailable:    1496588 kB
SwapTotal:       1048572 kB
SwapFree:        1035004 kB
benchmark_vitis PID=5550
State:	R (running)
VmPeak:	 1187224 kB
VmSize:	  980544 kB
VmRSS:	  164560 kB
VmSwap:	    3036 kB
Threads:	2

2021-11-19 18:59:55
1.15 1.20 1.58 2/149 21788
MemTotal:        2033108 kB
MemAvailable:    1496188 kB
SwapTotal:       1048572 kB
SwapFree:        1035004 kB
benchmark_vitis PID=5550
State:	S (sleeping)
VmPeak:	 1187224 kB
VmSize:	  980544 kB
VmRSS:	  164560 kB
VmSwap:	    3036 kB
Threads:	2

2021-11-19 18:59:57
1.15 1.20 1.58 2/149 21802
MemTotal:        2033108 kB
MemAvailable:    1495868 kB
SwapTotal:       1048572 kB
SwapFree:        1035004 kB
benchmark_vitis PID=5550
State:	S (sleeping)
VmPeak:	 1187224 kB
VmSize:	  980544 kB
VmRSS:	  161620 kB
VmSwap:	    3036 kB
Threads:	2

2021-11-19 18:59:59
1.14 1.20 1.58 3/149 21816
MemTotal:        2033108 kB
MemAvailable:    1495396 kB
SwapTotal:       1048572 kB
SwapFree:        1035004 kB
benchmark_vitis PID=5550
State:	R (running)
VmPeak:	 1187224 kB
VmSize:	  981648 kB
VmRSS:	  161620 kB
VmSwap:	    3036 kB
Threads:	2

2021-11-19 19:00:01
1.14 1.20 1.58 2/149 21829
MemTotal:        2033108 kB
MemAvailable:    1494688 kB
SwapTotal:       1048572 kB
SwapFree:        1035004 kB
benchmark_vitis PID=5550
State:	S (sleeping)
VmPeak:	 1187224 kB
VmSize:	  980544 kB
VmRSS:	  161620 kB
VmSwap:	    3036 kB
Threads:	2

2021-11-19 19:00:03
1.14 1.20 1.58 2/148 21843
MemTotal:        2033108 kB
MemAvailable:    1498112 kB
SwapTotal:       1048572 kB
SwapFree:        1035004 kB
benchmark_vitis PID=5550
State:	S (sleeping)
VmPeak:	 1187224 kB
VmSize:	  980544 kB
VmRSS:	  161620 kB
VmSwap:	    3036 kB
Threads:	2

2021-11-19 19:00:05
1.13 1.20 1.58 3/149 21858
MemTotal:        2033108 kB
MemAvailable:    1495856 kB
SwapTotal:       1048572 kB
SwapFree:        1035004 kB
benchmark_vitis PID=5550
State:	S (sleeping)
VmPeak:	 1187224 kB
VmSize:	  980544 kB
VmRSS:	  161620 kB
VmSwap:	    3036 kB
Threads:	2

2021-11-19 19:00:07
1.13 1.20 1.58 3/149 21872
MemTotal:        2033108 kB
MemAvailable:    1495076 kB
SwapTotal:       1048572 kB
SwapFree:        1035004 kB
benchmark_vitis PID=5550
State:	D (disk sleep)
VmPeak:	 1187224 kB
VmSize:	  981304 kB
VmRSS:	  161620 kB
VmSwap:	    3036 kB
Threads:	2

2021-11-19 19:00:09
1.12 1.19 1.57 2/149 21886
MemTotal:        2033108 kB
MemAvailable:    1494568 kB
SwapTotal:       1048572 kB
SwapFree:        1035004 kB
benchmark_vitis PID=5550
State:	S (sleeping)
VmPeak:	 1187224 kB
VmSize:	  980544 kB
VmRSS:	  161620 kB
VmSwap:	    3036 kB
Threads:	2

2021-11-19 19:00:11
1.12 1.19 1.57 2/149 21900
MemTotal:        2033108 kB
MemAvailable:    1496600 kB
SwapTotal:       1048572 kB
SwapFree:        1035004 kB
benchmark_vitis PID=5550
State:	S (sleeping)
VmPeak:	 1187224 kB
VmSize:	  980544 kB
VmRSS:	  160968 kB
VmSwap:	    3036 kB
Threads:	2

2021-11-19 19:00:13
1.12 1.19 1.57 2/149 21914
MemTotal:        2033108 kB
MemAvailable:    1495768 kB
SwapTotal:       1048572 kB
SwapFree:        1035004 kB
benchmark_vitis PID=5550
State:	S (sleeping)
VmPeak:	 1187224 kB
VmSize:	  980544 kB
VmRSS:	  160968 kB
VmSwap:	    3036 kB
Threads:	2

2021-11-19 19:00:15
1.11 1.19 1.57 3/149 21928
MemTotal:        2033108 kB
MemAvailable:    1494828 kB
SwapTotal:       1048572 kB
SwapFree:        1035004 kB
benchmark_vitis PID=5550
State:	R (running)
VmPeak:	 1187224 kB
VmSize:	  981248 kB
VmRSS:	  160968 kB
VmSwap:	    3036 kB
Threads:	2

2021-11-19 19:00:17
1.11 1.19 1.57 2/149 21942
MemTotal:        2033108 kB
MemAvailable:    1494976 kB
SwapTotal:       1048572 kB
SwapFree:        1035004 kB
benchmark_vitis PID=5550
State:	R (running)
VmPeak:	 1187224 kB
VmSize:	  980544 kB
VmRSS:	  160968 kB
VmSwap:	    3036 kB
Threads:	2

2021-11-19 19:00:19
1.10 1.18 1.57 2/149 21956
MemTotal:        2033108 kB
MemAvailable:    1495016 kB
SwapTotal:       1048572 kB
SwapFree:        1035004 kB
benchmark_vitis PID=5550
State:	S (sleeping)
VmPeak:	 1187224 kB
VmSize:	  980544 kB
VmRSS:	  160964 kB
VmSwap:	    3036 kB
Threads:	2

2021-11-19 19:00:21
1.10 1.18 1.57 2/149 21970
MemTotal:        2033108 kB
MemAvailable:    1494740 kB
SwapTotal:       1048572 kB
SwapFree:        1035004 kB
benchmark_vitis PID=5550
State:	S (sleeping)
VmPeak:	 1187224 kB
VmSize:	  980544 kB
VmRSS:	  160964 kB
VmSwap:	    3036 kB
Threads:	2

2021-11-19 19:00:23
1.17 1.20 1.57 3/149 21984
MemTotal:        2033108 kB
MemAvailable:    1493516 kB
SwapTotal:       1048572 kB
SwapFree:        1035004 kB
benchmark_vitis PID=5550
State:	R (running)
VmPeak:	 1187224 kB
VmSize:	  981568 kB
VmRSS:	  160964 kB
VmSwap:	    3036 kB
Threads:	2

2021-11-19 19:00:25
1.17 1.20 1.57 3/149 21998
MemTotal:        2033108 kB
MemAvailable:    1492700 kB
SwapTotal:       1048572 kB
SwapFree:        1035004 kB
benchmark_vitis PID=5550
State:	R (running)
VmPeak:	 1187224 kB
VmSize:	  980544 kB
VmRSS:	  160964 kB
VmSwap:	    3036 kB
Threads:	2

2021-11-19 19:00:27
1.17 1.20 1.57 2/148 22012
MemTotal:        2033108 kB
MemAvailable:    1492500 kB
SwapTotal:       1048572 kB
SwapFree:        1035004 kB
benchmark_vitis PID=5550
State:	R (running)
VmPeak:	 1187224 kB
VmSize:	  980548 kB
VmRSS:	  160964 kB
VmSwap:	    3036 kB
Threads:	2

2021-11-19 19:00:29
1.16 1.20 1.56 2/148 22026
MemTotal:        2033108 kB
MemAvailable:    1492216 kB
SwapTotal:       1048572 kB
SwapFree:        1035004 kB
benchmark_vitis PID=5550
State:	S (sleeping)
VmPeak:	 1187224 kB
VmSize:	  980544 kB
VmRSS:	  160964 kB
VmSwap:	    3036 kB
Threads:	2

2021-11-19 19:00:31
1.16 1.20 1.56 2/148 22040
MemTotal:        2033108 kB
MemAvailable:    1491184 kB
SwapTotal:       1048572 kB
SwapFree:        1035004 kB
benchmark_vitis PID=5550
State:	S (sleeping)
VmPeak:	 1187224 kB
VmSize:	  980544 kB
VmRSS:	  160964 kB
VmSwap:	    3036 kB
Threads:	2

2021-11-19 19:00:33
1.14 1.19 1.56 4/148 22054
MemTotal:        2033108 kB
MemAvailable:    1496612 kB
SwapTotal:       1048572 kB
SwapFree:        1035004 kB
benchmark_vitis PID=5550
State:	S (sleeping)
VmPeak:	 1187224 kB
VmSize:	  980544 kB
VmRSS:	  160952 kB
VmSwap:	    3036 kB
Threads:	2

2021-11-19 19:00:35
1.14 1.19 1.56 3/149 22069
MemTotal:        2033108 kB
MemAvailable:    1495436 kB
SwapTotal:       1048572 kB
SwapFree:        1035004 kB
benchmark_vitis PID=5550
State:	D (disk sleep)
VmPeak:	 1187224 kB
VmSize:	  981148 kB
VmRSS:	  160952 kB
VmSwap:	    3036 kB
Threads:	2

2021-11-19 19:00:37
1.14 1.19 1.56 2/149 22083
MemTotal:        2033108 kB
MemAvailable:    1494000 kB
SwapTotal:       1048572 kB
SwapFree:        1035004 kB
benchmark_vitis PID=5550
State:	R (running)
VmPeak:	 1187224 kB
VmSize:	  980548 kB
VmRSS:	  160948 kB
VmSwap:	    3036 kB
Threads:	2

2021-11-19 19:00:39
1.21 1.21 1.56 2/149 22098
MemTotal:        2033108 kB
MemAvailable:    1495308 kB
SwapTotal:       1048572 kB
SwapFree:        1035004 kB
benchmark_vitis PID=5550
State:	S (sleeping)
VmPeak:	 1187224 kB
VmSize:	  980544 kB
VmRSS:	  160948 kB
VmSwap:	    3036 kB
Threads:	2

2021-11-19 19:00:41
1.21 1.21 1.56 2/149 22112
MemTotal:        2033108 kB
MemAvailable:    1496380 kB
SwapTotal:       1048572 kB
SwapFree:        1035004 kB
benchmark_vitis PID=5550
State:	S (sleeping)
VmPeak:	 1187224 kB
VmSize:	  980544 kB
VmRSS:	  160936 kB
VmSwap:	    3036 kB
Threads:	2

2021-11-19 19:00:43
1.20 1.20 1.56 3/148 22126
MemTotal:        2033108 kB
MemAvailable:    1495276 kB
SwapTotal:       1048572 kB
SwapFree:        1035004 kB
benchmark_vitis PID=5550
State:	S (sleeping)
VmPeak:	 1187224 kB
VmSize:	  980544 kB
VmRSS:	  160936 kB
VmSwap:	    3036 kB
Threads:	2

2021-11-19 19:00:45
1.20 1.20 1.56 3/148 22140
MemTotal:        2033108 kB
MemAvailable:    1494884 kB
SwapTotal:       1048572 kB
SwapFree:        1035004 kB
benchmark_vitis PID=5550
State:	D (disk sleep)
VmPeak:	 1187224 kB
VmSize:	  981588 kB
VmRSS:	  160936 kB
VmSwap:	    3036 kB
Threads:	2

2021-11-19 19:00:47
1.20 1.20 1.56 2/148 22157
MemTotal:        2033108 kB
MemAvailable:    1493636 kB
SwapTotal:       1048572 kB
SwapFree:        1035004 kB
benchmark_vitis PID=5550
State:	S (sleeping)
VmPeak:	 1187224 kB
VmSize:	  980544 kB
VmRSS:	  160936 kB
VmSwap:	    3036 kB
Threads:	2

2021-11-19 19:00:50
1.18 1.20 1.56 2/148 22171
MemTotal:        2033108 kB
MemAvailable:    1494952 kB
SwapTotal:       1048572 kB
SwapFree:        1035004 kB
benchmark_vitis PID=5550
State:	S (sleeping)
VmPeak:	 1187224 kB
VmSize:	  980544 kB
VmRSS:	  160920 kB
VmSwap:	    3036 kB
Threads:	2

2021-11-19 19:00:52
1.18 1.20 1.56 2/148 22185
MemTotal:        2033108 kB
MemAvailable:    1493932 kB
SwapTotal:       1048572 kB
SwapFree:        1035004 kB
benchmark_vitis PID=5550
State:	S (sleeping)
VmPeak:	 1187224 kB
VmSize:	  980544 kB
VmRSS:	  160920 kB
VmSwap:	    3036 kB
Threads:	2

2021-11-19 19:00:54
1.17 1.20 1.55 2/148 22199
MemTotal:        2033108 kB
MemAvailable:    1493852 kB
SwapTotal:       1048572 kB
SwapFree:        1035004 kB
benchmark_vitis PID=5550
State:	S (sleeping)
VmPeak:	 1187224 kB
VmSize:	  980544 kB
VmRSS:	  160920 kB
VmSwap:	    3036 kB
Threads:	2

2021-11-19 19:00:56
1.17 1.20 1.55 3/148 22213
MemTotal:        2033108 kB
MemAvailable:    1493464 kB
SwapTotal:       1048572 kB
SwapFree:        1035004 kB
benchmark_vitis PID=5550
State:	S (sleeping)
VmPeak:	 1187224 kB
VmSize:	  980544 kB
VmRSS:	  160920 kB
VmSwap:	    3036 kB
Threads:	2

2021-11-19 19:00:58
1.17 1.20 1.55 2/148 22227
MemTotal:        2033108 kB
MemAvailable:    1492940 kB
SwapTotal:       1048572 kB
SwapFree:        1035004 kB
benchmark_vitis PID=5550
State:	R (running)
VmPeak:	 1187224 kB
VmSize:	  981340 kB
VmRSS:	  160920 kB
VmSwap:	    3036 kB
Threads:	2

2021-11-19 19:01:00
1.15 1.19 1.55 2/148 22241
MemTotal:        2033108 kB
MemAvailable:    1492272 kB
SwapTotal:       1048572 kB
SwapFree:        1035004 kB
benchmark_vitis PID=5550
State:	R (running)
VmPeak:	 1187224 kB
VmSize:	  980544 kB
VmRSS:	  160920 kB
VmSwap:	    3036 kB
Threads:	2

2021-11-19 19:01:02
1.15 1.19 1.55 1/148 22253
MemTotal:        2033108 kB
MemAvailable:    1497000 kB
SwapTotal:       1048572 kB
SwapFree:        1035004 kB
benchmark_vitis PID=5550
State:	S (sleeping)
VmPeak:	 1187224 kB
VmSize:	  980544 kB
VmRSS:	  160920 kB
VmSwap:	    3036 kB
Threads:	2

2021-11-19 19:01:04
1.22 1.21 1.55 1/148 22267
MemTotal:        2033108 kB
MemAvailable:    1495520 kB
SwapTotal:       1048572 kB
SwapFree:        1035004 kB
benchmark_vitis PID=5550
State:	S (sleeping)
VmPeak:	 1187224 kB
VmSize:	  980544 kB
VmRSS:	  160920 kB
VmSwap:	    3036 kB
Threads:	2

2021-11-19 19:01:06
1.22 1.21 1.55 2/148 22281
MemTotal:        2033108 kB
MemAvailable:    1495188 kB
SwapTotal:       1048572 kB
SwapFree:        1035004 kB
benchmark_vitis PID=5550
State:	S (sleeping)
VmPeak:	 1187224 kB
VmSize:	  980544 kB
VmRSS:	  160920 kB
VmSwap:	    3036 kB
Threads:	2

2021-11-19 19:01:08
1.22 1.21 1.55 1/148 22295
MemTotal:        2033108 kB
MemAvailable:    1493892 kB
SwapTotal:       1048572 kB
SwapFree:        1035004 kB
benchmark_vitis PID=5550
State:	S (sleeping)
VmPeak:	 1187224 kB
VmSize:	  980544 kB
VmRSS:	  160908 kB
VmSwap:	    3036 kB
Threads:	2

2021-11-19 19:01:10
1.20 1.20 1.55 3/148 22310
MemTotal:        2033108 kB
MemAvailable:    1495916 kB
SwapTotal:       1048572 kB
SwapFree:        1035004 kB
benchmark_vitis PID=5550
State:	R (running)
VmPeak:	 1187224 kB
VmSize:	  980544 kB
VmRSS:	  160908 kB
VmSwap:	    3036 kB
Threads:	2

2021-11-19 19:01:12
1.20 1.20 1.55 3/148 22325
MemTotal:        2033108 kB
MemAvailable:    1494832 kB
SwapTotal:       1048572 kB
SwapFree:        1035004 kB
benchmark_vitis PID=5550
State:	R (running)
VmPeak:	 1187224 kB
VmSize:	  981640 kB
VmRSS:	  160908 kB
VmSwap:	    3036 kB
Threads:	2

2021-11-19 19:01:14
1.19 1.20 1.55 2/148 22339
MemTotal:        2033108 kB
MemAvailable:    1495104 kB
SwapTotal:       1048572 kB
SwapFree:        1035004 kB
benchmark_vitis PID=5550
State:	S (sleeping)
VmPeak:	 1187224 kB
VmSize:	  980544 kB
VmRSS:	  160908 kB
VmSwap:	    3036 kB
Threads:	2

2021-11-19 19:01:16
1.19 1.20 1.55 2/149 22354
MemTotal:        2033108 kB
MemAvailable:    1494108 kB
SwapTotal:       1048572 kB
SwapFree:        1035004 kB
benchmark_vitis PID=5550
State:	S (sleeping)
VmPeak:	 1187224 kB
VmSize:	  980544 kB
VmRSS:	  160908 kB
VmSwap:	    3036 kB
Threads:	2

2021-11-19 19:01:18
1.19 1.20 1.55 3/149 22368
MemTotal:        2033108 kB
MemAvailable:    1493520 kB
SwapTotal:       1048572 kB
SwapFree:        1035004 kB
benchmark_vitis PID=5550
State:	R (running)
VmPeak:	 1187224 kB
VmSize:	  980544 kB
VmRSS:	  160908 kB
VmSwap:	    3036 kB
Threads:	2

2021-11-19 19:01:20
1.17 1.20 1.54 3/149 22382
MemTotal:        2033108 kB
MemAvailable:    1492976 kB
SwapTotal:       1048572 kB
SwapFree:        1035004 kB
benchmark_vitis PID=5550
State:	R (running)
VmPeak:	 1187224 kB
VmSize:	  980620 kB
VmRSS:	  160908 kB
VmSwap:	    3036 kB
Threads:	2

2021-11-19 19:01:22
1.17 1.20 1.54 2/149 22396
MemTotal:        2033108 kB
MemAvailable:    1494000 kB
SwapTotal:       1048572 kB
SwapFree:        1035004 kB
benchmark_vitis PID=5550
State:	S (sleeping)
VmPeak:	 1187224 kB
VmSize:	  980544 kB
VmRSS:	  160908 kB
VmSwap:	    3036 kB
Threads:	2

2021-11-19 19:01:24
1.16 1.19 1.54 2/149 22410
MemTotal:        2033108 kB
MemAvailable:    1493100 kB
SwapTotal:       1048572 kB
SwapFree:        1035004 kB
benchmark_vitis PID=5550
State:	S (sleeping)
VmPeak:	 1187224 kB
VmSize:	  980544 kB
VmRSS:	  160884 kB
VmSwap:	    3036 kB
Threads:	2

2021-11-19 19:01:26
1.16 1.19 1.54 2/149 22424
MemTotal:        2033108 kB
MemAvailable:    1492308 kB
SwapTotal:       1048572 kB
SwapFree:        1035004 kB
benchmark_vitis PID=5550
State:	R (running)
VmPeak:	 1187224 kB
VmSize:	  981372 kB
VmRSS:	  160884 kB
VmSwap:	    3036 kB
Threads:	2

2021-11-19 19:01:28
1.14 1.19 1.54 2/149 22438
MemTotal:        2033108 kB
MemAvailable:    1491376 kB
SwapTotal:       1048572 kB
SwapFree:        1035004 kB
benchmark_vitis PID=5550
State:	S (sleeping)
VmPeak:	 1187224 kB
VmSize:	  980544 kB
VmRSS:	  160884 kB
VmSwap:	    3036 kB
Threads:	2

2021-11-19 19:01:30
1.14 1.19 1.54 2/149 22452
MemTotal:        2033108 kB
MemAvailable:    1490936 kB
SwapTotal:       1048572 kB
SwapFree:        1035004 kB
benchmark_vitis PID=5550
State:	S (sleeping)
VmPeak:	 1187224 kB
VmSize:	  980544 kB
VmRSS:	  160884 kB
VmSwap:	    3036 kB
Threads:	2

2021-11-19 19:01:32
1.14 1.19 1.54 3/149 22466
MemTotal:        2033108 kB
MemAvailable:    1490188 kB
SwapTotal:       1048572 kB
SwapFree:        1035004 kB
benchmark_vitis PID=5550
State:	S (sleeping)
VmPeak:	 1187224 kB
VmSize:	  980544 kB
VmRSS:	  160884 kB
VmSwap:	    3036 kB
Threads:	2

2021-11-19 19:01:34
1.13 1.18 1.53 5/148 22479
MemTotal:        2033108 kB
MemAvailable:    1489468 kB
SwapTotal:       1048572 kB
SwapFree:        1035004 kB
benchmark_vitis PID=5550
State:	R (running)
VmPeak:	 1187224 kB
VmSize:	  980792 kB
VmRSS:	  160884 kB
VmSwap:	    3036 kB
Threads:	2

2021-11-19 19:01:36
1.13 1.18 1.53 2/149 22493
MemTotal:        2033108 kB
MemAvailable:    1489248 kB
SwapTotal:       1048572 kB
SwapFree:        1035004 kB
benchmark_vitis PID=5550
State:	S (sleeping)
VmPeak:	 1187224 kB
VmSize:	  980544 kB
VmRSS:	  160884 kB
VmSwap:	    3036 kB
Threads:	2

2021-11-19 19:01:38
1.12 1.18 1.53 2/150 22510
MemTotal:        2033108 kB
MemAvailable:    1489572 kB
SwapTotal:       1048572 kB
SwapFree:        1035004 kB
benchmark_vitis PID=5550
State:	S (sleeping)
VmPeak:	 1187224 kB
VmSize:	  980544 kB
VmRSS:	  160884 kB
VmSwap:	    3036 kB
Threads:	2

2021-11-19 19:01:40
1.12 1.18 1.53 3/150 22524
MemTotal:        2033108 kB
MemAvailable:    1489708 kB
SwapTotal:       1048572 kB
SwapFree:        1035004 kB
benchmark_vitis PID=5550
State:	R (running)
VmPeak:	 1187224 kB
VmSize:	  981604 kB
VmRSS:	  160884 kB
VmSwap:	    3036 kB
Threads:	2

2021-11-19 19:01:43
1.12 1.18 1.53 2/150 22538
MemTotal:        2033108 kB
MemAvailable:    1491864 kB
SwapTotal:       1048572 kB
SwapFree:        1035004 kB
benchmark_vitis PID=5550
State:	R (running)
VmPeak:	 1187224 kB
VmSize:	  980544 kB
VmRSS:	  160884 kB
VmSwap:	    3036 kB
Threads:	2

2021-11-19 19:01:45
1.11 1.18 1.53 2/150 22552
MemTotal:        2033108 kB
MemAvailable:    1492160 kB
SwapTotal:       1048572 kB
SwapFree:        1035004 kB
benchmark_vitis PID=5550
State:	S (sleeping)
VmPeak:	 1187224 kB
VmSize:	  980544 kB
VmRSS:	  160884 kB
VmSwap:	    3036 kB
Threads:	2

2021-11-19 19:01:47
1.11 1.18 1.53 2/150 22566
MemTotal:        2033108 kB
MemAvailable:    1493456 kB
SwapTotal:       1048572 kB
SwapFree:        1035004 kB
benchmark_vitis PID=5550
State:	S (sleeping)
VmPeak:	 1187224 kB
VmSize:	  980544 kB
VmRSS:	  160884 kB
VmSwap:	    3036 kB
Threads:	2

2021-11-19 19:01:49
1.18 1.19 1.53 3/148 22580
MemTotal:        2033108 kB
MemAvailable:    1492888 kB
SwapTotal:       1048572 kB
SwapFree:        1035004 kB
benchmark_vitis PID=5550
State:	R (running)
VmPeak:	 1187224 kB
VmSize:	  981200 kB
VmRSS:	  160884 kB
VmSwap:	    3036 kB
Threads:	2

2021-11-19 19:01:51
1.18 1.19 1.53 3/148 22595
MemTotal:        2033108 kB
MemAvailable:    1493088 kB
SwapTotal:       1048572 kB
SwapFree:        1035004 kB
benchmark_vitis PID=5550
State:	R (running)
VmPeak:	 1187224 kB
VmSize:	  980636 kB
VmRSS:	  160884 kB
VmSwap:	    3036 kB
Threads:	2

2021-11-19 19:01:53
1.18 1.19 1.53 2/148 22608
MemTotal:        2033108 kB
MemAvailable:    1494884 kB
SwapTotal:       1048572 kB
SwapFree:        1035004 kB
benchmark_vitis PID=5550
State:	S (sleeping)
VmPeak:	 1187224 kB
VmSize:	  980544 kB
VmRSS:	  160868 kB
VmSwap:	    3036 kB
Threads:	2

2021-11-19 19:01:55
1.17 1.19 1.53 2/148 22622
MemTotal:        2033108 kB
MemAvailable:    1493676 kB
SwapTotal:       1048572 kB
SwapFree:        1035004 kB
benchmark_vitis PID=5550
State:	S (sleeping)
VmPeak:	 1187224 kB
VmSize:	  980544 kB
VmRSS:	  160868 kB
VmSwap:	    3036 kB
Threads:	2

2021-11-19 19:01:57
1.17 1.19 1.53 3/148 22636
MemTotal:        2033108 kB
MemAvailable:    1492456 kB
SwapTotal:       1048572 kB
SwapFree:        1035004 kB
benchmark_vitis PID=5550
State:	R (running)
VmPeak:	 1187224 kB
VmSize:	  981236 kB
VmRSS:	  160868 kB
VmSwap:	    3036 kB
Threads:	2

2021-11-19 19:01:59
1.15 1.18 1.52 3/148 22650
MemTotal:        2033108 kB
MemAvailable:    1493204 kB
SwapTotal:       1048572 kB
SwapFree:        1035004 kB
benchmark_vitis PID=5550
State:	R (running)
VmPeak:	 1187224 kB
VmSize:	  980640 kB
VmRSS:	  160868 kB
VmSwap:	    3036 kB
Threads:	2

2021-11-19 19:02:01
1.15 1.18 1.52 2/148 22664
MemTotal:        2033108 kB
MemAvailable:    1497800 kB
SwapTotal:       1048572 kB
SwapFree:        1035004 kB
benchmark_vitis PID=5550
State:	S (sleeping)
VmPeak:	 1187224 kB
VmSize:	  980544 kB
VmRSS:	  160868 kB
VmSwap:	    3036 kB
Threads:	2

2021-11-19 19:02:03
1.15 1.18 1.52 3/148 22678
MemTotal:        2033108 kB
MemAvailable:    1496484 kB
SwapTotal:       1048572 kB
SwapFree:        1035004 kB
benchmark_vitis PID=5550
State:	S (sleeping)
VmPeak:	 1187224 kB
VmSize:	  980544 kB
VmRSS:	  160868 kB
VmSwap:	    3036 kB
Threads:	2

2021-11-19 19:02:05
1.14 1.18 1.52 3/147 22692
MemTotal:        2033108 kB
MemAvailable:    1495084 kB
SwapTotal:       1048572 kB
SwapFree:        1035004 kB
benchmark_vitis PID=5550
State:	D (disk sleep)
VmPeak:	 1187224 kB
VmSize:	  981600 kB
VmRSS:	  158204 kB
VmSwap:	    3036 kB
Threads:	2

2021-11-19 19:02:07
1.14 1.18 1.52 2/147 22706
MemTotal:        2033108 kB
MemAvailable:    1495936 kB
SwapTotal:       1048572 kB
SwapFree:        1035004 kB
benchmark_vitis PID=5550
State:	R (running)
VmPeak:	 1187224 kB
VmSize:	  980544 kB
VmRSS:	  158204 kB
VmSwap:	    3036 kB
Threads:	2

2021-11-19 19:02:09
1.13 1.18 1.52 2/147 22720
MemTotal:        2033108 kB
MemAvailable:    1495820 kB
SwapTotal:       1048572 kB
SwapFree:        1035004 kB
benchmark_vitis PID=5550
State:	S (sleeping)
VmPeak:	 1187224 kB
VmSize:	  980544 kB
VmRSS:	  158204 kB
VmSwap:	    3036 kB
Threads:	2

2021-11-19 19:02:11
1.13 1.18 1.52 2/147 22734
MemTotal:        2033108 kB
MemAvailable:    1494968 kB
SwapTotal:       1048572 kB
SwapFree:        1035004 kB
benchmark_vitis PID=5550
State:	S (sleeping)
VmPeak:	 1187224 kB
VmSize:	  980544 kB
VmRSS:	  158204 kB
VmSwap:	    3036 kB
Threads:	2

2021-11-19 19:02:13
1.13 1.18 1.52 2/147 22748
MemTotal:        2033108 kB
MemAvailable:    1494620 kB
SwapTotal:       1048572 kB
SwapFree:        1035004 kB
benchmark_vitis PID=5550
State:	R (running)
VmPeak:	 1187224 kB
VmSize:	  981636 kB
VmRSS:	  158204 kB
VmSwap:	    3036 kB
Threads:	2

2021-11-19 19:02:15
1.28 1.21 1.53 3/147 22762
MemTotal:        2033108 kB
MemAvailable:    1494612 kB
SwapTotal:       1048572 kB
SwapFree:        1035004 kB
benchmark_vitis PID=5550
State:	R (running)
VmPeak:	 1187224 kB
VmSize:	  980544 kB
VmRSS:	  158204 kB
VmSwap:	    3036 kB
Threads:	2

2021-11-19 19:02:17
1.28 1.21 1.53 2/147 22776
MemTotal:        2033108 kB
MemAvailable:    1493736 kB
SwapTotal:       1048572 kB
SwapFree:        1035004 kB
benchmark_vitis PID=5550
State:	S (sleeping)
VmPeak:	 1187224 kB
VmSize:	  980544 kB
VmRSS:	  158204 kB
VmSwap:	    3036 kB
Threads:	2

2021-11-19 19:02:19
1.26 1.20 1.52 2/147 22790
MemTotal:        2033108 kB
MemAvailable:    1493088 kB
SwapTotal:       1048572 kB
SwapFree:        1035004 kB
benchmark_vitis PID=5550
State:	S (sleeping)
VmPeak:	 1187224 kB
VmSize:	  980544 kB
VmRSS:	  158204 kB
VmSwap:	    3036 kB
Threads:	2

2021-11-19 19:02:21
1.26 1.20 1.52 2/147 22804
MemTotal:        2033108 kB
MemAvailable:    1493672 kB
SwapTotal:       1048572 kB
SwapFree:        1035004 kB
benchmark_vitis PID=5550
State:	S (sleeping)
VmPeak:	 1187224 kB
VmSize:	  980544 kB
VmRSS:	  158204 kB
VmSwap:	    3036 kB
Threads:	2

2021-11-19 19:02:23
1.24 1.20 1.52 2/148 22819
MemTotal:        2033108 kB
MemAvailable:    1493480 kB
SwapTotal:       1048572 kB
SwapFree:        1035004 kB
benchmark_vitis PID=5550
State:	R (running)
VmPeak:	 1187224 kB
VmSize:	  980544 kB
VmRSS:	  158204 kB
VmSwap:	    3036 kB
Threads:	2

2021-11-19 19:02:25
1.24 1.20 1.52 3/148 22833
MemTotal:        2033108 kB
MemAvailable:    1493556 kB
SwapTotal:       1048572 kB
SwapFree:        1035004 kB
benchmark_vitis PID=5550
State:	D (disk sleep)
VmPeak:	 1187224 kB
VmSize:	  980544 kB
VmRSS:	  158204 kB
VmSwap:	    3036 kB
Threads:	2

2021-11-19 19:02:27
1.24 1.20 1.52 2/148 22847
MemTotal:        2033108 kB
MemAvailable:    1488796 kB
SwapTotal:       1048572 kB
SwapFree:        1035004 kB
benchmark_vitis PID=5550
State:	S (sleeping)
VmPeak:	 1187224 kB
VmSize:	  980544 kB
VmRSS:	  158204 kB
VmSwap:	    3036 kB
Threads:	2

2021-11-19 19:02:29
1.22 1.20 1.52 2/148 22861
MemTotal:        2033108 kB
MemAvailable:    1488324 kB
SwapTotal:       1048572 kB
SwapFree:        1035004 kB
benchmark_vitis PID=5550
State:	S (sleeping)
VmPeak:	 1187224 kB
VmSize:	  980544 kB
VmRSS:	  158204 kB
VmSwap:	    3036 kB
Threads:	2

2021-11-19 19:02:31
1.22 1.20 1.52 2/148 22875
MemTotal:        2033108 kB
MemAvailable:    1494316 kB
SwapTotal:       1048572 kB
SwapFree:        1035004 kB
benchmark_vitis PID=5550
State:	S (sleeping)
VmPeak:	 1187224 kB
VmSize:	  980544 kB
VmRSS:	  158204 kB
VmSwap:	    3036 kB
Threads:	2

2021-11-19 19:02:33
1.20 1.19 1.52 3/148 22889
MemTotal:        2033108 kB
MemAvailable:    1496324 kB
SwapTotal:       1048572 kB
SwapFree:        1035004 kB
benchmark_vitis PID=5550
State:	R (running)
VmPeak:	 1187224 kB
VmSize:	  981452 kB
VmRSS:	  156816 kB
VmSwap:	    3036 kB
Threads:	2

2021-11-19 19:02:35
1.20 1.19 1.52 2/148 22903
MemTotal:        2033108 kB
MemAvailable:    1495908 kB
SwapTotal:       1048572 kB
SwapFree:        1035004 kB
benchmark_vitis PID=5550
State:	S (sleeping)
VmPeak:	 1187224 kB
VmSize:	  980544 kB
VmRSS:	  156816 kB
VmSwap:	    3036 kB
Threads:	2

2021-11-19 19:02:38
1.20 1.19 1.52 2/148 22917
MemTotal:        2033108 kB
MemAvailable:    1494904 kB
SwapTotal:       1048572 kB
SwapFree:        1035004 kB
benchmark_vitis PID=5550
State:	S (sleeping)
VmPeak:	 1187224 kB
VmSize:	  980544 kB
VmRSS:	  156816 kB
VmSwap:	    3036 kB
Threads:	2

2021-11-19 19:02:40
1.18 1.19 1.51 3/148 22932
MemTotal:        2033108 kB
MemAvailable:    1495356 kB
SwapTotal:       1048572 kB
SwapFree:        1035004 kB
benchmark_vitis PID=5550
State:	S (sleeping)
VmPeak:	 1187224 kB
VmSize:	  980544 kB
VmRSS:	  156816 kB
VmSwap:	    3036 kB
Threads:	2

2021-11-19 19:02:42
1.18 1.19 1.51 3/148 22946
MemTotal:        2033108 kB
MemAvailable:    1494528 kB
SwapTotal:       1048572 kB
SwapFree:        1035004 kB
benchmark_vitis PID=5550
State:	D (disk sleep)
VmPeak:	 1187224 kB
VmSize:	  981368 kB
VmRSS:	  156816 kB
VmSwap:	    3036 kB
Threads:	2

2021-11-19 19:02:44
1.17 1.19 1.51 2/148 22961
MemTotal:        2033108 kB
MemAvailable:    1492240 kB
SwapTotal:       1048572 kB
SwapFree:        1035004 kB
benchmark_vitis PID=5550
State:	D (disk sleep)
VmPeak:	 1187224 kB
VmSize:	  980544 kB
VmRSS:	  156816 kB
VmSwap:	    3036 kB
Threads:	2

2021-11-19 19:02:46
1.17 1.19 1.51 2/148 22974
MemTotal:        2033108 kB
MemAvailable:    1493600 kB
SwapTotal:       1048572 kB
SwapFree:        1035004 kB
benchmark_vitis PID=5550
State:	S (sleeping)
VmPeak:	 1187224 kB
VmSize:	  980544 kB
VmRSS:	  156816 kB
VmSwap:	    3036 kB
Threads:	2

2021-11-19 19:02:48
1.17 1.19 1.51 2/149 22993
MemTotal:        2033108 kB
MemAvailable:    1491332 kB
SwapTotal:       1048572 kB
SwapFree:        1035004 kB
benchmark_vitis PID=5550
State:	R (running)
VmPeak:	 1187224 kB
VmSize:	  981584 kB
VmRSS:	  156816 kB
VmSwap:	    3036 kB
Threads:	2

2021-11-19 19:02:50
1.15 1.18 1.51 2/149 23008
MemTotal:        2033108 kB
MemAvailable:    1490256 kB
SwapTotal:       1048572 kB
SwapFree:        1035004 kB
benchmark_vitis PID=5550
State:	S (sleeping)
VmPeak:	 1187224 kB
VmSize:	  980544 kB
VmRSS:	  156816 kB
VmSwap:	    3036 kB
Threads:	2

2021-11-19 19:02:52
1.15 1.18 1.51 2/149 23022
MemTotal:        2033108 kB
MemAvailable:    1489652 kB
SwapTotal:       1048572 kB
SwapFree:        1035004 kB
benchmark_vitis PID=5550
State:	S (sleeping)
VmPeak:	 1187224 kB
VmSize:	  980544 kB
VmRSS:	  156816 kB
VmSwap:	    3036 kB
Threads:	2

2021-11-19 19:02:54
1.14 1.18 1.50 3/148 23034
MemTotal:        2033108 kB
MemAvailable:    1490816 kB
SwapTotal:       1048572 kB
SwapFree:        1034492 kB
benchmark_vitis PID=5550
State:	S (sleeping)
VmPeak:	 1187224 kB
VmSize:	  980544 kB
VmRSS:	  156788 kB
VmSwap:	    3036 kB
Threads:	2

2021-11-19 19:02:56
1.14 1.18 1.50 3/148 23049
MemTotal:        2033108 kB
MemAvailable:    1489760 kB
SwapTotal:       1048572 kB
SwapFree:        1034492 kB
benchmark_vitis PID=5550
State:	D (disk sleep)
VmPeak:	 1187224 kB
VmSize:	  981468 kB
VmRSS:	  156788 kB
VmSwap:	    3036 kB
Threads:	2

2021-11-19 19:02:58
1.14 1.18 1.50 2/148 23063
MemTotal:        2033108 kB
MemAvailable:    1488928 kB
SwapTotal:       1048572 kB
SwapFree:        1034492 kB
benchmark_vitis PID=5550
State:	S (sleeping)
VmPeak:	 1187224 kB
VmSize:	  980544 kB
VmRSS:	  156788 kB
VmSwap:	    3036 kB
Threads:	2

2021-11-19 19:03:00
1.21 1.19 1.51 2/148 23077
MemTotal:        2033108 kB
MemAvailable:    1488464 kB
SwapTotal:       1048572 kB
SwapFree:        1034492 kB
benchmark_vitis PID=5550
State:	S (sleeping)
VmPeak:	 1187224 kB
VmSize:	  980544 kB
VmRSS:	  156788 kB
VmSwap:	    3036 kB
Threads:	2

2021-11-19 19:03:02
1.21 1.19 1.51 2/148 23092
MemTotal:        2033108 kB
MemAvailable:    1498156 kB
SwapTotal:       1048572 kB
SwapFree:        1034492 kB
benchmark_vitis PID=5550
State:	S (sleeping)
VmPeak:	 1187224 kB
VmSize:	  980544 kB
VmRSS:	  156788 kB
VmSwap:	    3036 kB
Threads:	2

2021-11-19 19:03:04
1.19 1.19 1.50 4/148 23106
MemTotal:        2033108 kB
MemAvailable:    1496700 kB
SwapTotal:       1048572 kB
SwapFree:        1034492 kB
benchmark_vitis PID=5550
State:	D (disk sleep)
VmPeak:	 1187224 kB
VmSize:	  981636 kB
VmRSS:	  156788 kB
VmSwap:	    3036 kB
Threads:	2

2021-11-19 19:03:06
1.19 1.19 1.50 2/148 23120
MemTotal:        2033108 kB
MemAvailable:    1495816 kB
SwapTotal:       1048572 kB
SwapFree:        1034492 kB
benchmark_vitis PID=5550
State:	R (running)
VmPeak:	 1187224 kB
VmSize:	  980544 kB
VmRSS:	  156788 kB
VmSwap:	    3036 kB
Threads:	2

2021-11-19 19:03:08
1.19 1.19 1.50 2/148 23134
MemTotal:        2033108 kB
MemAvailable:    1494480 kB
SwapTotal:       1048572 kB
SwapFree:        1034492 kB
benchmark_vitis PID=5550
State:	S (sleeping)
VmPeak:	 1187224 kB
VmSize:	  980544 kB
VmRSS:	  156788 kB
VmSwap:	    3036 kB
Threads:	2

2021-11-19 19:03:10
1.26 1.20 1.51 2/148 23148
MemTotal:        2033108 kB
MemAvailable:    1494040 kB
SwapTotal:       1048572 kB
SwapFree:        1034492 kB
benchmark_vitis PID=5550
State:	S (sleeping)
VmPeak:	 1187224 kB
VmSize:	  980544 kB
VmRSS:	  156788 kB
VmSwap:	    3036 kB
Threads:	2

2021-11-19 19:03:12
1.26 1.20 1.51 3/149 23162
MemTotal:        2033108 kB
MemAvailable:    1497920 kB
SwapTotal:       1048572 kB
SwapFree:        1034236 kB
benchmark_vitis PID=5550
State:	R (running)
VmPeak:	 1187224 kB
VmSize:	  981648 kB
VmRSS:	  156788 kB
VmSwap:	    3036 kB
Threads:	2

2021-11-19 19:03:14
1.24 1.20 1.50 2/148 23176
MemTotal:        2033108 kB
MemAvailable:    1497668 kB
SwapTotal:       1048572 kB
SwapFree:        1034236 kB
benchmark_vitis PID=5550
State:	S (sleeping)
VmPeak:	 1187224 kB
VmSize:	  980544 kB
VmRSS:	  156788 kB
VmSwap:	    3036 kB
Threads:	2

2021-11-19 19:03:16
1.24 1.20 1.50 2/149 23191
MemTotal:        2033108 kB
MemAvailable:    1497128 kB
SwapTotal:       1048572 kB
SwapFree:        1034236 kB
benchmark_vitis PID=5550
State:	S (sleeping)
VmPeak:	 1187224 kB
VmSize:	  980544 kB
VmRSS:	  156788 kB
VmSwap:	    3036 kB
Threads:	2

2021-11-19 19:03:18
1.22 1.20 1.50 1/149 23205
MemTotal:        2033108 kB
MemAvailable:    1497420 kB
SwapTotal:       1048572 kB
SwapFree:        1034236 kB
benchmark_vitis PID=5550
State:	S (sleeping)
VmPeak:	 1187224 kB
VmSize:	  980544 kB
VmRSS:	  156788 kB
VmSwap:	    3036 kB
Threads:	2

2021-11-19 19:03:20
1.22 1.20 1.50 3/149 23219
MemTotal:        2033108 kB
MemAvailable:    1497140 kB
SwapTotal:       1048572 kB
SwapFree:        1034236 kB
benchmark_vitis PID=5550
State:	R (running)
VmPeak:	 1187224 kB
VmSize:	  981636 kB
VmRSS:	  156788 kB
VmSwap:	    3036 kB
Threads:	2

2021-11-19 19:03:22
1.22 1.20 1.50 2/149 23233
MemTotal:        2033108 kB
MemAvailable:    1497164 kB
SwapTotal:       1048572 kB
SwapFree:        1034236 kB
benchmark_vitis PID=5550
State:	R (running)
VmPeak:	 1187224 kB
VmSize:	  980544 kB
VmRSS:	  156788 kB
VmSwap:	    3036 kB
Threads:	2

2021-11-19 19:03:24
1.20 1.19 1.50 1/149 23247
MemTotal:        2033108 kB
MemAvailable:    1497472 kB
SwapTotal:       1048572 kB
SwapFree:        1034236 kB
benchmark_vitis PID=5550
State:	S (sleeping)
VmPeak:	 1187224 kB
VmSize:	  980544 kB
VmRSS:	  156788 kB
VmSwap:	    3036 kB
Threads:	2

2021-11-19 19:03:26
1.20 1.19 1.50 2/149 23261
MemTotal:        2033108 kB
MemAvailable:    1497836 kB
SwapTotal:       1048572 kB
SwapFree:        1033980 kB
benchmark_vitis PID=5550
State:	S (sleeping)
VmPeak:	 1187224 kB
VmSize:	  980544 kB
VmRSS:	  156788 kB
VmSwap:	    3036 kB
Threads:	2

2021-11-19 19:03:28
1.18 1.19 1.50 2/149 23274
MemTotal:        2033108 kB
MemAvailable:    1497224 kB
SwapTotal:       1048572 kB
SwapFree:        1033980 kB
benchmark_vitis PID=5550
State:	R (running)
VmPeak:	 1187224 kB
VmSize:	  981632 kB
VmRSS:	  156788 kB
VmSwap:	    3036 kB
Threads:	2

2021-11-19 19:03:31
1.18 1.19 1.50 2/149 23288
MemTotal:        2033108 kB
MemAvailable:    1497152 kB
SwapTotal:       1048572 kB
SwapFree:        1033980 kB
benchmark_vitis PID=5550
State:	S (sleeping)
VmPeak:	 1187224 kB
VmSize:	  980544 kB
VmRSS:	  156788 kB
VmSwap:	    3036 kB
Threads:	2

2021-11-19 19:03:33
1.18 1.19 1.50 2/149 23303
MemTotal:        2033108 kB
MemAvailable:    1496916 kB
SwapTotal:       1048572 kB
SwapFree:        1033980 kB
benchmark_vitis PID=5550
State:	S (sleeping)
VmPeak:	 1187224 kB
VmSize:	  980544 kB
VmRSS:	  156788 kB
VmSwap:	    3036 kB
Threads:	2

2021-11-19 19:03:35
1.17 1.19 1.49 2/149 23317
MemTotal:        2033108 kB
MemAvailable:    1495808 kB
SwapTotal:       1048572 kB
SwapFree:        1033980 kB
benchmark_vitis PID=5550
State:	S (sleeping)
VmPeak:	 1187224 kB
VmSize:	  980544 kB
VmRSS:	  156788 kB
VmSwap:	    3036 kB
Threads:	2

2021-11-19 19:03:37
1.17 1.19 1.49 3/149 23331
MemTotal:        2033108 kB
MemAvailable:    1494276 kB
SwapTotal:       1048572 kB
SwapFree:        1033980 kB
benchmark_vitis PID=5550
State:	S (sleeping)
VmPeak:	 1187224 kB
VmSize:	  980544 kB
VmRSS:	  156788 kB
VmSwap:	    3036 kB
Threads:	2

2021-11-19 19:03:39
1.16 1.18 1.49 3/149 23345
MemTotal:        2033108 kB
MemAvailable:    1493012 kB
SwapTotal:       1048572 kB
SwapFree:        1033980 kB
benchmark_vitis PID=5550
State:	S (sleeping)
VmPeak:	 1187224 kB
VmSize:	  980544 kB
VmRSS:	  156788 kB
VmSwap:	    3036 kB
Threads:	2

2021-11-19 19:03:41
1.16 1.18 1.49 1/149 23360
MemTotal:        2033108 kB
MemAvailable:    1492852 kB
SwapTotal:       1048572 kB
SwapFree:        1033980 kB
benchmark_vitis PID=5550
State:	R (running)
VmPeak:	 1187224 kB
VmSize:	  981340 kB
VmRSS:	  156788 kB
VmSwap:	    3036 kB
Threads:	2

2021-11-19 19:03:43
1.16 1.18 1.49 1/149 23374
MemTotal:        2033108 kB
MemAvailable:    1492272 kB
SwapTotal:       1048572 kB
SwapFree:        1033980 kB
benchmark_vitis PID=5550
State:	D (disk sleep)
VmPeak:	 1187224 kB
VmSize:	  980544 kB
VmRSS:	  156788 kB
VmSwap:	    3036 kB
Threads:	2

2021-11-19 19:03:45
1.14 1.18 1.49 1/149 23388
MemTotal:        2033108 kB
MemAvailable:    1492020 kB
SwapTotal:       1048572 kB
SwapFree:        1033980 kB
benchmark_vitis PID=5550
State:	S (sleeping)
VmPeak:	 1187224 kB
VmSize:	  980544 kB
VmRSS:	  156788 kB
VmSwap:	    3036 kB
Threads:	2

2021-11-19 19:03:47
1.14 1.18 1.49 2/148 23401
MemTotal:        2033108 kB
MemAvailable:    1488024 kB
SwapTotal:       1048572 kB
SwapFree:        1033980 kB
benchmark_vitis PID=5550
State:	S (sleeping)
VmPeak:	 1187224 kB
VmSize:	  980544 kB
VmRSS:	  156788 kB
VmSwap:	    3036 kB
Threads:	2

2021-11-19 19:03:49
1.13 1.18 1.48 2/149 23415
MemTotal:        2033108 kB
MemAvailable:    1487032 kB
SwapTotal:       1048572 kB
SwapFree:        1033980 kB
benchmark_vitis PID=5550
State:	S (sleeping)
VmPeak:	 1187224 kB
VmSize:	  980544 kB
VmRSS:	  156788 kB
VmSwap:	    3036 kB
Threads:	2

2021-11-19 19:03:51
1.13 1.18 1.48 3/149 23429
MemTotal:        2033108 kB
MemAvailable:    1486492 kB
SwapTotal:       1048572 kB
SwapFree:        1033980 kB
benchmark_vitis PID=5550
State:	R (running)
VmPeak:	 1187224 kB
VmSize:	  981652 kB
VmRSS:	  156788 kB
VmSwap:	    3036 kB
Threads:	2

2021-11-19 19:03:53
1.13 1.18 1.48 2/149 23443
MemTotal:        2033108 kB
MemAvailable:    1491484 kB
SwapTotal:       1048572 kB
SwapFree:        1033980 kB
benchmark_vitis PID=5550
State:	S (sleeping)
VmPeak:	 1187224 kB
VmSize:	  980544 kB
VmRSS:	  156788 kB
VmSwap:	    3036 kB
Threads:	2

2021-11-19 19:03:55
1.20 1.19 1.49 2/148 23458
MemTotal:        2033108 kB
MemAvailable:    1494088 kB
SwapTotal:       1048572 kB
SwapFree:        1033980 kB
benchmark_vitis PID=5550
State:	S (sleeping)
VmPeak:	 1187224 kB
VmSize:	  980544 kB
VmRSS:	  156788 kB
VmSwap:	    3036 kB
Threads:	2

2021-11-19 19:03:57
1.20 1.19 1.49 3/148 23471
MemTotal:        2033108 kB
MemAvailable:    1492776 kB
SwapTotal:       1048572 kB
SwapFree:        1033980 kB
benchmark_vitis PID=5550
State:	S (sleeping)
VmPeak:	 1187224 kB
VmSize:	  980544 kB
VmRSS:	  156632 kB
VmSwap:	    3036 kB
Threads:	2

2021-11-19 19:03:59
1.18 1.19 1.48 3/149 23486
MemTotal:        2033108 kB
MemAvailable:    1492096 kB
SwapTotal:       1048572 kB
SwapFree:        1033980 kB
benchmark_vitis PID=5550
State:	R (running)
VmPeak:	 1187224 kB
VmSize:	  981656 kB
VmRSS:	  156632 kB
VmSwap:	    3036 kB
Threads:	2

2021-11-19 19:04:01
1.18 1.19 1.48 2/149 23500
MemTotal:        2033108 kB
MemAvailable:    1498812 kB
SwapTotal:       1048572 kB
SwapFree:        1033980 kB
benchmark_vitis PID=5550
State:	S (sleeping)
VmPeak:	 1187224 kB
VmSize:	  980544 kB
VmRSS:	  156632 kB
VmSwap:	    3036 kB
Threads:	2

2021-11-19 19:04:03
1.18 1.19 1.48 1/149 23514
MemTotal:        2033108 kB
MemAvailable:    1498256 kB
SwapTotal:       1048572 kB
SwapFree:        1033980 kB
benchmark_vitis PID=5550
State:	S (sleeping)
VmPeak:	 1187224 kB
VmSize:	  980544 kB
VmRSS:	  156632 kB
VmSwap:	    3036 kB
Threads:	2

2021-11-19 19:04:05
1.17 1.18 1.48 1/149 23528
MemTotal:        2033108 kB
MemAvailable:    1497156 kB
SwapTotal:       1048572 kB
SwapFree:        1033980 kB
benchmark_vitis PID=5550
State:	S (sleeping)
VmPeak:	 1187224 kB
VmSize:	  980544 kB
VmRSS:	  156632 kB
VmSwap:	    3036 kB
Threads:	2

2021-11-19 19:04:07
1.17 1.18 1.48 2/149 23542
MemTotal:        2033108 kB
MemAvailable:    1494796 kB
SwapTotal:       1048572 kB
SwapFree:        1033980 kB
benchmark_vitis PID=5550
State:	S (sleeping)
VmPeak:	 1187224 kB
VmSize:	  980544 kB
VmRSS:	  156632 kB
VmSwap:	    3036 kB
Threads:	2

2021-11-19 19:04:09
1.16 1.18 1.48 2/149 23556
MemTotal:        2033108 kB
MemAvailable:    1494888 kB
SwapTotal:       1048572 kB
SwapFree:        1033980 kB
benchmark_vitis PID=5550
State:	D (disk sleep)
VmPeak:	 1187224 kB
VmSize:	  981512 kB
VmRSS:	  156632 kB
VmSwap:	    3036 kB
Threads:	2

2021-11-19 19:04:11
1.16 1.18 1.48 1/149 23570
MemTotal:        2033108 kB
MemAvailable:    1491244 kB
SwapTotal:       1048572 kB
SwapFree:        1033980 kB
benchmark_vitis PID=5550
State:	S (sleeping)
VmPeak:	 1187224 kB
VmSize:	  980544 kB
VmRSS:	  156632 kB
VmSwap:	    3036 kB
Threads:	2

2021-11-19 19:04:13
1.14 1.18 1.47 2/149 23584
MemTotal:        2033108 kB
MemAvailable:    1490464 kB
SwapTotal:       1048572 kB
SwapFree:        1033980 kB
benchmark_vitis PID=5550
State:	S (sleeping)
VmPeak:	 1187224 kB
VmSize:	  980544 kB
VmRSS:	  156632 kB
VmSwap:	    3036 kB
Threads:	2

2021-11-19 19:04:15
1.14 1.18 1.47 2/149 23598
MemTotal:        2033108 kB
MemAvailable:    1489840 kB
SwapTotal:       1048572 kB
SwapFree:        1033980 kB
benchmark_vitis PID=5550
State:	S (sleeping)
VmPeak:	 1187224 kB
VmSize:	  980544 kB
VmRSS:	  156632 kB
VmSwap:	    3036 kB
Threads:	2

2021-11-19 19:04:17
1.14 1.18 1.47 2/149 23612
MemTotal:        2033108 kB
MemAvailable:    1489104 kB
SwapTotal:       1048572 kB
SwapFree:        1033980 kB
benchmark_vitis PID=5550
State:	R (running)
VmPeak:	 1187224 kB
VmSize:	  981644 kB
VmRSS:	  156632 kB
VmSwap:	    3036 kB
Threads:	2

2021-11-19 19:04:19
1.13 1.17 1.47 2/149 23626
MemTotal:        2033108 kB
MemAvailable:    1495372 kB
SwapTotal:       1048572 kB
SwapFree:        1033980 kB
benchmark_vitis PID=5550
State:	S (sleeping)
VmPeak:	 1187224 kB
VmSize:	  980544 kB
VmRSS:	  156632 kB
VmSwap:	    3036 kB
Threads:	2

2021-11-19 19:04:21
1.13 1.17 1.47 2/149 23640
MemTotal:        2033108 kB
MemAvailable:    1495000 kB
SwapTotal:       1048572 kB
SwapFree:        1033980 kB
benchmark_vitis PID=5550
State:	S (sleeping)
VmPeak:	 1187224 kB
VmSize:	  980544 kB
VmRSS:	  156632 kB
VmSwap:	    3036 kB
Threads:	2

2021-11-19 19:04:23
1.12 1.17 1.47 2/148 23653
MemTotal:        2033108 kB
MemAvailable:    1494612 kB
SwapTotal:       1048572 kB
SwapFree:        1033980 kB
benchmark_vitis PID=5550
State:	S (sleeping)
VmPeak:	 1187224 kB
VmSize:	  980544 kB
VmRSS:	  156632 kB
VmSwap:	    3036 kB
Threads:	2

2021-11-19 19:04:25
1.12 1.17 1.47 2/149 23667
MemTotal:        2033108 kB
MemAvailable:    1493436 kB
SwapTotal:       1048572 kB
SwapFree:        1033980 kB
benchmark_vitis PID=5550
State:	R (running)
VmPeak:	 1187224 kB
VmSize:	  981584 kB
VmRSS:	  156632 kB
VmSwap:	    3036 kB
Threads:	2

2021-11-19 19:04:28
1.12 1.17 1.47 2/149 23681
MemTotal:        2033108 kB
MemAvailable:    1494680 kB
SwapTotal:       1048572 kB
SwapFree:        1033980 kB
benchmark_vitis PID=5550
State:	S (sleeping)
VmPeak:	 1187224 kB
VmSize:	  980544 kB
VmRSS:	  156632 kB
VmSwap:	    3036 kB
Threads:	2

2021-11-19 19:04:30
1.19 1.18 1.47 2/149 23696
MemTotal:        2033108 kB
MemAvailable:    1490228 kB
SwapTotal:       1048572 kB
SwapFree:        1033980 kB
benchmark_vitis PID=5550
State:	S (sleeping)
VmPeak:	 1187224 kB
VmSize:	  980544 kB
VmRSS:	  156632 kB
VmSwap:	    3036 kB
Threads:	2

2021-11-19 19:04:32
1.19 1.18 1.47 3/148 23710
MemTotal:        2033108 kB
MemAvailable:    1490244 kB
SwapTotal:       1048572 kB
SwapFree:        1033980 kB
benchmark_vitis PID=5550
State:	D (disk sleep)
VmPeak:	 1187224 kB
VmSize:	  980544 kB
VmRSS:	  156632 kB
VmSwap:	    3036 kB
Threads:	2

2021-11-19 19:04:34
1.18 1.18 1.47 3/148 23724
MemTotal:        2033108 kB
MemAvailable:    1489572 kB
SwapTotal:       1048572 kB
SwapFree:        1033980 kB
benchmark_vitis PID=5550
State:	D (disk sleep)
VmPeak:	 1187224 kB
VmSize:	  980544 kB
VmRSS:	  156632 kB
VmSwap:	    3036 kB
Threads:	2

2021-11-19 19:04:36
1.18 1.18 1.47 2/148 23738
MemTotal:        2033108 kB
MemAvailable:    1493552 kB
SwapTotal:       1048572 kB
SwapFree:        1033980 kB
benchmark_vitis PID=5550
State:	S (sleeping)
VmPeak:	 1187224 kB
VmSize:	  980544 kB
VmRSS:	  156632 kB
VmSwap:	    3036 kB
Threads:	2

2021-11-19 19:04:38
1.18 1.18 1.47 2/148 23752
MemTotal:        2033108 kB
MemAvailable:    1496548 kB
SwapTotal:       1048572 kB
SwapFree:        1033980 kB
benchmark_vitis PID=5550
State:	S (sleeping)
VmPeak:	 1187224 kB
VmSize:	  980544 kB
VmRSS:	  156632 kB
VmSwap:	    3036 kB
Threads:	2

2021-11-19 19:04:40
1.16 1.18 1.47 1/148 23767
MemTotal:        2033108 kB
MemAvailable:    1497436 kB
SwapTotal:       1048572 kB
SwapFree:        1033980 kB
benchmark_vitis PID=5550
State:	S (sleeping)
VmPeak:	 1187224 kB
VmSize:	  980544 kB
VmRSS:	  156632 kB
VmSwap:	    3036 kB
Threads:	2

2021-11-19 19:04:42
1.16 1.18 1.47 3/148 23781
MemTotal:        2033108 kB
MemAvailable:    1497488 kB
SwapTotal:       1048572 kB
SwapFree:        1033980 kB
benchmark_vitis PID=5550
State:	D (disk sleep)
VmPeak:	 1187224 kB
VmSize:	  981360 kB
VmRSS:	  156632 kB
VmSwap:	    3036 kB
Threads:	2

2021-11-19 19:04:44
1.15 1.17 1.46 3/148 23795
MemTotal:        2033108 kB
MemAvailable:    1496128 kB
SwapTotal:       1048572 kB
SwapFree:        1033980 kB
benchmark_vitis PID=5550
State:	R (running)
VmPeak:	 1187224 kB
VmSize:	  980544 kB
VmRSS:	  156632 kB
VmSwap:	    3036 kB
Threads:	2

2021-11-19 19:04:46
1.15 1.17 1.46 1/148 23809
MemTotal:        2033108 kB
MemAvailable:    1496916 kB
SwapTotal:       1048572 kB
SwapFree:        1033980 kB
benchmark_vitis PID=5550
State:	S (sleeping)
VmPeak:	 1187224 kB
VmSize:	  980544 kB
VmRSS:	  156632 kB
VmSwap:	    3036 kB
Threads:	2

2021-11-19 19:04:48
1.15 1.17 1.46 1/148 23823
MemTotal:        2033108 kB
MemAvailable:    1496376 kB
SwapTotal:       1048572 kB
SwapFree:        1033980 kB
benchmark_vitis PID=5550
State:	S (sleeping)
VmPeak:	 1187224 kB
VmSize:	  980544 kB
VmRSS:	  156632 kB
VmSwap:	    3036 kB
Threads:	2

2021-11-19 19:04:50
1.14 1.17 1.46 2/148 23837
MemTotal:        2033108 kB
MemAvailable:    1496248 kB
SwapTotal:       1048572 kB
SwapFree:        1033980 kB
benchmark_vitis PID=5550
State:	R (running)
VmPeak:	 1187224 kB
VmSize:	  981644 kB
VmRSS:	  156632 kB
VmSwap:	    3036 kB
Threads:	2

2021-11-19 19:04:52
1.14 1.17 1.46 1/148 23851
MemTotal:        2033108 kB
MemAvailable:    1496732 kB
SwapTotal:       1048572 kB
SwapFree:        1033980 kB
benchmark_vitis PID=5550
State:	S (sleeping)
VmPeak:	 1187224 kB
VmSize:	  980544 kB
VmRSS:	  156632 kB
VmSwap:	    3036 kB
Threads:	2

2021-11-19 19:04:54
1.21 1.19 1.46 1/148 23865
MemTotal:        2033108 kB
MemAvailable:    1496768 kB
SwapTotal:       1048572 kB
SwapFree:        1033980 kB
benchmark_vitis PID=5550
State:	S (sleeping)
VmPeak:	 1187224 kB
VmSize:	  980544 kB
VmRSS:	  156632 kB
VmSwap:	    3036 kB
Threads:	2

2021-11-19 19:04:56
1.21 1.19 1.46 1/148 23879
MemTotal:        2033108 kB
MemAvailable:    1496148 kB
SwapTotal:       1048572 kB
SwapFree:        1033980 kB
benchmark_vitis PID=5550
State:	S (sleeping)
VmPeak:	 1187224 kB
VmSize:	  980544 kB
VmRSS:	  156632 kB
VmSwap:	    3036 kB
Threads:	2

2021-11-19 19:04:58
1.21 1.19 1.46 1/148 23893
MemTotal:        2033108 kB
MemAvailable:    1495560 kB
SwapTotal:       1048572 kB
SwapFree:        1033980 kB
benchmark_vitis PID=5550
State:	R (running)
VmPeak:	 1187224 kB
VmSize:	  981500 kB
VmRSS:	  156632 kB
VmSwap:	    3036 kB
Threads:	2

2021-11-19 19:05:00
1.19 1.18 1.46 1/148 23907
MemTotal:        2033108 kB
MemAvailable:    1495216 kB
SwapTotal:       1048572 kB
SwapFree:        1033980 kB
benchmark_vitis PID=5550
State:	R (running)
VmPeak:	 1187224 kB
VmSize:	  980548 kB
VmRSS:	  156632 kB
VmSwap:	    3036 kB
Threads:	2

2021-11-19 19:05:02
1.19 1.18 1.46 1/148 23921
MemTotal:        2033108 kB
MemAvailable:    1498420 kB
SwapTotal:       1048572 kB
SwapFree:        1033980 kB
benchmark_vitis PID=5550
State:	S (sleeping)
VmPeak:	 1187224 kB
VmSize:	  980544 kB
VmRSS:	  156632 kB
VmSwap:	    3036 kB
Threads:	2

2021-11-19 19:05:04
1.17 1.18 1.46 1/148 23935
MemTotal:        2033108 kB
MemAvailable:    1498072 kB
SwapTotal:       1048572 kB
SwapFree:        1033980 kB
benchmark_vitis PID=5550
State:	S (sleeping)
VmPeak:	 1187224 kB
VmSize:	  980544 kB
VmRSS:	  156632 kB
VmSwap:	    3036 kB
Threads:	2

2021-11-19 19:05:06
1.17 1.18 1.46 1/148 23949
MemTotal:        2033108 kB
MemAvailable:    1497088 kB
SwapTotal:       1048572 kB
SwapFree:        1033980 kB
benchmark_vitis PID=5550
State:	S (sleeping)
VmPeak:	 1187224 kB
VmSize:	  980544 kB
VmRSS:	  156632 kB
VmSwap:	    3036 kB
Threads:	2

2021-11-19 19:05:08
1.17 1.18 1.46 2/148 23963
MemTotal:        2033108 kB
MemAvailable:    1496540 kB
SwapTotal:       1048572 kB
SwapFree:        1033980 kB
benchmark_vitis PID=5550
State:	R (running)
VmPeak:	 1187224 kB
VmSize:	  981540 kB
VmRSS:	  156632 kB
VmSwap:	    3036 kB
Threads:	2

2021-11-19 19:05:10
1.24 1.19 1.46 1/148 23977
MemTotal:        2033108 kB
MemAvailable:    1494888 kB
SwapTotal:       1048572 kB
SwapFree:        1033980 kB
benchmark_vitis PID=5550
State:	S (sleeping)
VmPeak:	 1187224 kB
VmSize:	  980544 kB
VmRSS:	  156632 kB
VmSwap:	    3036 kB
Threads:	2

2021-11-19 19:05:12
1.24 1.19 1.46 1/149 23992
MemTotal:        2033108 kB
MemAvailable:    1493864 kB
SwapTotal:       1048572 kB
SwapFree:        1033980 kB
benchmark_vitis PID=5550
State:	S (sleeping)
VmPeak:	 1187224 kB
VmSize:	  980544 kB
VmRSS:	  156632 kB
VmSwap:	    3036 kB
Threads:	2

2021-11-19 19:05:14
1.30 1.21 1.46 2/149 24006
MemTotal:        2033108 kB
MemAvailable:    1495420 kB
SwapTotal:       1048572 kB
SwapFree:        1033980 kB
benchmark_vitis PID=5550
State:	R (running)
VmPeak:	 1187224 kB
VmSize:	  981344 kB
VmRSS:	  156632 kB
VmSwap:	    3036 kB
Threads:	2

2021-11-19 19:05:16
1.30 1.21 1.46 1/149 24020
MemTotal:        2033108 kB
MemAvailable:    1494436 kB
SwapTotal:       1048572 kB
SwapFree:        1033980 kB
benchmark_vitis PID=5550
State:	R (running)
VmPeak:	 1187224 kB
VmSize:	  980548 kB
VmRSS:	  156632 kB
VmSwap:	    3036 kB
Threads:	2

2021-11-19 19:05:18
1.28 1.20 1.46 1/149 24034
MemTotal:        2033108 kB
MemAvailable:    1493880 kB
SwapTotal:       1048572 kB
SwapFree:        1033980 kB
benchmark_vitis PID=5550
State:	S (sleeping)
VmPeak:	 1187224 kB
VmSize:	  980544 kB
VmRSS:	  156632 kB
VmSwap:	    3036 kB
Threads:	2

2021-11-19 19:05:20
1.28 1.20 1.46 1/149 24048
MemTotal:        2033108 kB
MemAvailable:    1492776 kB
SwapTotal:       1048572 kB
SwapFree:        1033980 kB
benchmark_vitis PID=5550
State:	S (sleeping)
VmPeak:	 1187224 kB
VmSize:	  980544 kB
VmRSS:	  156632 kB
VmSwap:	    3036 kB
Threads:	2

2021-11-19 19:05:22
1.28 1.20 1.46 1/149 24062
MemTotal:        2033108 kB
MemAvailable:    1492840 kB
SwapTotal:       1048572 kB
SwapFree:        1033980 kB
benchmark_vitis PID=5550
State:	S (sleeping)
VmPeak:	 1187224 kB
VmSize:	  980544 kB
VmRSS:	  156632 kB
VmSwap:	    3036 kB
Threads:	2

2021-11-19 19:05:25
1.25 1.20 1.46 2/149 24076
MemTotal:        2033108 kB
MemAvailable:    1491824 kB
SwapTotal:       1048572 kB
SwapFree:        1033980 kB
benchmark_vitis PID=5550
State:	R (running)
VmPeak:	 1187224 kB
VmSize:	  981464 kB
VmRSS:	  156632 kB
VmSwap:	    3036 kB
Threads:	2

2021-11-19 19:05:27
1.25 1.20 1.46 4/149 24090
MemTotal:        2033108 kB
MemAvailable:    1493408 kB
SwapTotal:       1048572 kB
SwapFree:        1033980 kB
benchmark_vitis PID=5550
State:	D (disk sleep)
VmPeak:	 1187224 kB
VmSize:	  980544 kB
VmRSS:	  156632 kB
VmSwap:	    3036 kB
Threads:	2

2021-11-19 19:05:29
1.39 1.23 1.47 1/149 24104
MemTotal:        2033108 kB
MemAvailable:    1492816 kB
SwapTotal:       1048572 kB
SwapFree:        1033980 kB
benchmark_vitis PID=5550
State:	S (sleeping)
VmPeak:	 1187224 kB
VmSize:	  980544 kB
VmRSS:	  156632 kB
VmSwap:	    3036 kB
Threads:	2

2021-11-19 19:05:31
1.39 1.23 1.47 1/149 24118
MemTotal:        2033108 kB
MemAvailable:    1495348 kB
SwapTotal:       1048572 kB
SwapFree:        1033980 kB
benchmark_vitis PID=5550
State:	S (sleeping)
VmPeak:	 1187224 kB
VmSize:	  980544 kB
VmRSS:	  156632 kB
VmSwap:	    3036 kB
Threads:	2

2021-11-19 19:05:33
1.39 1.23 1.47 1/149 24132
MemTotal:        2033108 kB
MemAvailable:    1494732 kB
SwapTotal:       1048572 kB
SwapFree:        1033980 kB
benchmark_vitis PID=5550
State:	S (sleeping)
VmPeak:	 1187224 kB
VmSize:	  980544 kB
VmRSS:	  156632 kB
VmSwap:	    3036 kB
Threads:	2

2021-11-19 19:05:35
1.36 1.23 1.46 1/149 24146
MemTotal:        2033108 kB
MemAvailable:    1494348 kB
SwapTotal:       1048572 kB
SwapFree:        1033980 kB
benchmark_vitis PID=5550
State:	R (running)
VmPeak:	 1187224 kB
VmSize:	  981644 kB
VmRSS:	  156632 kB
VmSwap:	    3036 kB
Threads:	2

2021-11-19 19:05:37
1.36 1.23 1.46 1/148 24160
MemTotal:        2033108 kB
MemAvailable:    1494256 kB
SwapTotal:       1048572 kB
SwapFree:        1033980 kB
benchmark_vitis PID=5550
State:	S (sleeping)
VmPeak:	 1187224 kB
VmSize:	  980544 kB
VmRSS:	  156632 kB
VmSwap:	    3036 kB
Threads:	2

2021-11-19 19:05:39
1.33 1.22 1.46 1/149 24176
MemTotal:        2033108 kB
MemAvailable:    1489148 kB
SwapTotal:       1048572 kB
SwapFree:        1033980 kB
benchmark_vitis PID=5550
State:	S (sleeping)
VmPeak:	 1187224 kB
VmSize:	  980544 kB
VmRSS:	  156632 kB
VmSwap:	    3036 kB
Threads:	2

2021-11-19 19:05:41
1.33 1.22 1.46 1/149 24190
MemTotal:        2033108 kB
MemAvailable:    1495000 kB
SwapTotal:       1048572 kB
SwapFree:        1033980 kB
benchmark_vitis PID=5550
State:	S (sleeping)
VmPeak:	 1187224 kB
VmSize:	  980544 kB
VmRSS:	  156632 kB
VmSwap:	    3036 kB
Threads:	2

2021-11-19 19:05:43
1.33 1.22 1.46 2/149 24204
MemTotal:        2033108 kB
MemAvailable:    1495076 kB
SwapTotal:       1048572 kB
SwapFree:        1033980 kB
benchmark_vitis PID=5550
State:	D (disk sleep)
VmPeak:	 1187224 kB
VmSize:	  981492 kB
VmRSS:	  156548 kB
VmSwap:	    3036 kB
Threads:	2

2021-11-19 19:05:45
1.31 1.22 1.46 1/149 24218
MemTotal:        2033108 kB
MemAvailable:    1493708 kB
SwapTotal:       1048572 kB
SwapFree:        1033980 kB
benchmark_vitis PID=5550
State:	S (sleeping)
VmPeak:	 1187224 kB
VmSize:	  980544 kB
VmRSS:	  156548 kB
VmSwap:	    3036 kB
Threads:	2

2021-11-19 19:05:47
1.31 1.22 1.46 1/150 24233
MemTotal:        2033108 kB
MemAvailable:    1492236 kB
SwapTotal:       1048572 kB
SwapFree:        1033980 kB
benchmark_vitis PID=5550
State:	S (sleeping)
VmPeak:	 1187224 kB
VmSize:	  980544 kB
VmRSS:	  156548 kB
VmSwap:	    3036 kB
Threads:	2

2021-11-19 19:05:49
1.28 1.21 1.45 1/150 24247
MemTotal:        2033108 kB
MemAvailable:    1491828 kB
SwapTotal:       1048572 kB
SwapFree:        1033980 kB
benchmark_vitis PID=5550
State:	S (sleeping)
VmPeak:	 1187224 kB
VmSize:	  980544 kB
VmRSS:	  156548 kB
VmSwap:	    3036 kB
Threads:	2

2021-11-19 19:05:51
1.28 1.21 1.45 2/150 24261
MemTotal:        2033108 kB
MemAvailable:    1492080 kB
SwapTotal:       1048572 kB
SwapFree:        1033980 kB
benchmark_vitis PID=5550
State:	R (running)
VmPeak:	 1187224 kB
VmSize:	  981160 kB
VmRSS:	  156548 kB
VmSwap:	    3036 kB
Threads:	2

2021-11-19 19:05:53
1.28 1.21 1.45 2/150 24275
MemTotal:        2033108 kB
MemAvailable:    1492156 kB
SwapTotal:       1048572 kB
SwapFree:        1033980 kB
benchmark_vitis PID=5550
State:	R (running)
VmPeak:	 1187224 kB
VmSize:	  981652 kB
VmRSS:	  156548 kB
VmSwap:	    3036 kB
Threads:	2

2021-11-19 19:05:55
1.26 1.21 1.45 1/150 24289
MemTotal:        2033108 kB
MemAvailable:    1491848 kB
SwapTotal:       1048572 kB
SwapFree:        1033980 kB
benchmark_vitis PID=5550
State:	S (sleeping)
VmPeak:	 1187224 kB
VmSize:	  980544 kB
VmRSS:	  156548 kB
VmSwap:	    3036 kB
Threads:	2

2021-11-19 19:05:57
1.26 1.21 1.45 1/150 24303
MemTotal:        2033108 kB
MemAvailable:    1491888 kB
SwapTotal:       1048572 kB
SwapFree:        1033980 kB
benchmark_vitis PID=5550
State:	S (sleeping)
VmPeak:	 1187224 kB
VmSize:	  980544 kB
VmRSS:	  156548 kB
VmSwap:	    3036 kB
Threads:	2

2021-11-19 19:05:59
1.24 1.21 1.45 1/150 24317
MemTotal:        2033108 kB
MemAvailable:    1492388 kB
SwapTotal:       1048572 kB
SwapFree:        1033980 kB
benchmark_vitis PID=5550
State:	S (sleeping)
VmPeak:	 1187224 kB
VmSize:	  980544 kB
VmRSS:	  156548 kB
VmSwap:	    3036 kB
Threads:	2

2021-11-19 19:06:01
1.24 1.21 1.45 2/150 24331
MemTotal:        2033108 kB
MemAvailable:    1498536 kB
SwapTotal:       1048572 kB
SwapFree:        1033980 kB
benchmark_vitis PID=5550
State:	D (disk sleep)
VmPeak:	 1187224 kB
VmSize:	  981620 kB
VmRSS:	  156548 kB
VmSwap:	    3036 kB
Threads:	2

2021-11-19 19:06:03
1.24 1.21 1.45 1/150 24345
MemTotal:        2033108 kB
MemAvailable:    1497548 kB
SwapTotal:       1048572 kB
SwapFree:        1033980 kB
benchmark_vitis PID=5550
State:	R (running)
VmPeak:	 1187224 kB
VmSize:	  980544 kB
VmRSS:	  156548 kB
VmSwap:	    3036 kB
Threads:	2

2021-11-19 19:06:05
1.22 1.20 1.45 1/150 24359
MemTotal:        2033108 kB
MemAvailable:    1496704 kB
SwapTotal:       1048572 kB
SwapFree:        1033980 kB
benchmark_vitis PID=5550
State:	S (sleeping)
VmPeak:	 1187224 kB
VmSize:	  980544 kB
VmRSS:	  156548 kB
VmSwap:	    3036 kB
Threads:	2

2021-11-19 19:06:07
1.22 1.20 1.45 1/150 24376
MemTotal:        2033108 kB
MemAvailable:    1495612 kB
SwapTotal:       1048572 kB
SwapFree:        1033980 kB
benchmark_vitis PID=5550
State:	S (sleeping)
VmPeak:	 1187224 kB
VmSize:	  980544 kB
VmRSS:	  156548 kB
VmSwap:	    3036 kB
Threads:	2

2021-11-19 19:06:09
1.20 1.20 1.44 1/150 24390
MemTotal:        2033108 kB
MemAvailable:    1496112 kB
SwapTotal:       1048572 kB
SwapFree:        1033724 kB
benchmark_vitis PID=5550
State:	S (sleeping)
VmPeak:	 1187224 kB
VmSize:	  980544 kB
VmRSS:	  156548 kB
VmSwap:	    3036 kB
Threads:	2

2021-11-19 19:06:11
1.20 1.20 1.44 2/150 24404
MemTotal:        2033108 kB
MemAvailable:    1495024 kB
SwapTotal:       1048572 kB
SwapFree:        1033724 kB
benchmark_vitis PID=5550
State:	R (running)
VmPeak:	 1187224 kB
VmSize:	  981640 kB
VmRSS:	  156548 kB
VmSwap:	    3036 kB
Threads:	2

2021-11-19 19:06:13
1.18 1.20 1.44 3/150 24418
MemTotal:        2033108 kB
MemAvailable:    1493796 kB
SwapTotal:       1048572 kB
SwapFree:        1033724 kB
benchmark_vitis PID=5550
State:	R (running)
VmPeak:	 1187224 kB
VmSize:	  980692 kB
VmRSS:	  156548 kB
VmSwap:	    3036 kB
Threads:	2

2021-11-19 19:06:15
1.18 1.20 1.44 2/150 24432
MemTotal:        2033108 kB
MemAvailable:    1495116 kB
SwapTotal:       1048572 kB
SwapFree:        1033724 kB
benchmark_vitis PID=5550
State:	S (sleeping)
VmPeak:	 1187224 kB
VmSize:	  980544 kB
VmRSS:	  156548 kB
VmSwap:	    3036 kB
Threads:	2

2021-11-19 19:06:17
1.18 1.20 1.44 2/150 24446
MemTotal:        2033108 kB
MemAvailable:    1494372 kB
SwapTotal:       1048572 kB
SwapFree:        1033724 kB
benchmark_vitis PID=5550
State:	S (sleeping)
VmPeak:	 1187224 kB
VmSize:	  980544 kB
VmRSS:	  156548 kB
VmSwap:	    3036 kB
Threads:	2

2021-11-19 19:06:20
1.17 1.19 1.44 2/150 24460
MemTotal:        2033108 kB
MemAvailable:    1492680 kB
SwapTotal:       1048572 kB
SwapFree:        1033724 kB
benchmark_vitis PID=5550
State:	R (running)
VmPeak:	 1187224 kB
VmSize:	  981412 kB
VmRSS:	  156548 kB
VmSwap:	    3036 kB
Threads:	2

2021-11-19 19:06:22
1.17 1.19 1.44 2/150 24474
MemTotal:        2033108 kB
MemAvailable:    1493916 kB
SwapTotal:       1048572 kB
SwapFree:        1033724 kB
benchmark_vitis PID=5550
State:	S (sleeping)
VmPeak:	 1187224 kB
VmSize:	  980544 kB
VmRSS:	  156548 kB
VmSwap:	    3036 kB
Threads:	2

2021-11-19 19:06:24
1.16 1.19 1.44 1/150 24488
MemTotal:        2033108 kB
MemAvailable:    1494044 kB
SwapTotal:       1048572 kB
SwapFree:        1033724 kB
benchmark_vitis PID=5550
State:	S (sleeping)
VmPeak:	 1187224 kB
VmSize:	  980544 kB
VmRSS:	  156548 kB
VmSwap:	    3036 kB
Threads:	2

2021-11-19 19:06:26
1.16 1.19 1.44 2/150 24502
MemTotal:        2033108 kB
MemAvailable:    1492672 kB
SwapTotal:       1048572 kB
SwapFree:        1033724 kB
benchmark_vitis PID=5550
State:	R (running)
VmPeak:	 1187224 kB
VmSize:	  981640 kB
VmRSS:	  156548 kB
VmSwap:	    3036 kB
Threads:	2

2021-11-19 19:06:28
1.16 1.19 1.44 3/149 24516
MemTotal:        2033108 kB
MemAvailable:    1491772 kB
SwapTotal:       1048572 kB
SwapFree:        1033724 kB
benchmark_vitis PID=5550
State:	D (disk sleep)
VmPeak:	 1187224 kB
VmSize:	  980544 kB
VmRSS:	  156548 kB
VmSwap:	    3036 kB
Threads:	2

2021-11-19 19:06:30
1.14 1.18 1.43 1/149 24530
MemTotal:        2033108 kB
MemAvailable:    1491580 kB
SwapTotal:       1048572 kB
SwapFree:        1033724 kB
benchmark_vitis PID=5550
State:	S (sleeping)
VmPeak:	 1187224 kB
VmSize:	  980544 kB
VmRSS:	  156548 kB
VmSwap:	    3036 kB
Threads:	2

2021-11-19 19:06:32
1.14 1.18 1.43 1/149 24544
MemTotal:        2033108 kB
MemAvailable:    1491340 kB
SwapTotal:       1048572 kB
SwapFree:        1033724 kB
benchmark_vitis PID=5550
State:	S (sleeping)
VmPeak:	 1187224 kB
VmSize:	  980544 kB
VmRSS:	  156548 kB
VmSwap:	    3036 kB
Threads:	2

2021-11-19 19:06:34
1.13 1.18 1.43 2/149 24558
MemTotal:        2033108 kB
MemAvailable:    1490736 kB
SwapTotal:       1048572 kB
SwapFree:        1033724 kB
benchmark_vitis PID=5550
State:	S (sleeping)
VmPeak:	 1187224 kB
VmSize:	  980544 kB
VmRSS:	  156548 kB
VmSwap:	    3036 kB
Threads:	2

2021-11-19 19:06:36
1.13 1.18 1.43 1/149 24572
MemTotal:        2033108 kB
MemAvailable:    1490740 kB
SwapTotal:       1048572 kB
SwapFree:        1033724 kB
benchmark_vitis PID=5550
State:	R (running)
VmPeak:	 1187224 kB
VmSize:	  981284 kB
VmRSS:	  156548 kB
VmSwap:	    3036 kB
Threads:	2

2021-11-19 19:06:38
1.13 1.18 1.43 2/149 24586
MemTotal:        2033108 kB
MemAvailable:    1490280 kB
SwapTotal:       1048572 kB
SwapFree:        1033724 kB
benchmark_vitis PID=5550
State:	R (running)
VmPeak:	 1187224 kB
VmSize:	  981484 kB
VmRSS:	  156548 kB
VmSwap:	    3036 kB
Threads:	2

2021-11-19 19:06:40
1.12 1.18 1.43 1/149 24601
MemTotal:        2033108 kB
MemAvailable:    1495696 kB
SwapTotal:       1048572 kB
SwapFree:        1033724 kB
benchmark_vitis PID=5550
State:	S (sleeping)
VmPeak:	 1187224 kB
VmSize:	  980544 kB
VmRSS:	  156548 kB
VmSwap:	    3036 kB
Threads:	2

2021-11-19 19:06:42
1.12 1.18 1.43 1/149 24615
MemTotal:        2033108 kB
MemAvailable:    1495836 kB
SwapTotal:       1048572 kB
SwapFree:        1033724 kB
benchmark_vitis PID=5550
State:	S (sleeping)
VmPeak:	 1187224 kB
VmSize:	  980544 kB
VmRSS:	  156548 kB
VmSwap:	    3036 kB
Threads:	2

2021-11-19 19:06:44
1.19 1.19 1.43 2/148 24629
MemTotal:        2033108 kB
MemAvailable:    1494992 kB
SwapTotal:       1048572 kB
SwapFree:        1033724 kB
benchmark_vitis PID=5550
State:	S (sleeping)
VmPeak:	 1187224 kB
VmSize:	  980544 kB
VmRSS:	  156548 kB
VmSwap:	    3036 kB
Threads:	2

2021-11-19 19:06:46
1.19 1.19 1.43 2/148 24643
MemTotal:        2033108 kB
MemAvailable:    1494620 kB
SwapTotal:       1048572 kB
SwapFree:        1033724 kB
benchmark_vitis PID=5550
State:	R (running)
VmPeak:	 1187224 kB
VmSize:	  981380 kB
VmRSS:	  156548 kB
VmSwap:	    3036 kB
Threads:	2

2021-11-19 19:06:48
1.19 1.19 1.43 1/148 24657
MemTotal:        2033108 kB
MemAvailable:    1495460 kB
SwapTotal:       1048572 kB
SwapFree:        1033468 kB
benchmark_vitis PID=5550
State:	R (running)
VmPeak:	 1187224 kB
VmSize:	  980544 kB
VmRSS:	  156548 kB
VmSwap:	    3036 kB
Threads:	2

2021-11-19 19:06:50
1.18 1.19 1.43 1/148 24671
MemTotal:        2033108 kB
MemAvailable:    1495188 kB
SwapTotal:       1048572 kB
SwapFree:        1033468 kB
benchmark_vitis PID=5550
State:	S (sleeping)
VmPeak:	 1187224 kB
VmSize:	  980544 kB
VmRSS:	  156548 kB
VmSwap:	    3036 kB
Threads:	2

2021-11-19 19:06:52
1.18 1.19 1.43 1/148 24685
MemTotal:        2033108 kB
MemAvailable:    1495504 kB
SwapTotal:       1048572 kB
SwapFree:        1033468 kB
benchmark_vitis PID=5550
State:	S (sleeping)
VmPeak:	 1187224 kB
VmSize:	  980544 kB
VmRSS:	  156548 kB
VmSwap:	    3036 kB
Threads:	2

2021-11-19 19:06:54
1.16 1.18 1.43 1/148 24699
MemTotal:        2033108 kB
MemAvailable:    1495624 kB
SwapTotal:       1048572 kB
SwapFree:        1033468 kB
benchmark_vitis PID=5550
State:	S (sleeping)
VmPeak:	 1187224 kB
VmSize:	  980544 kB
VmRSS:	  156548 kB
VmSwap:	    3036 kB
Threads:	2

2021-11-19 19:06:56
1.16 1.18 1.43 2/149 24714
MemTotal:        2033108 kB
MemAvailable:    1495600 kB
SwapTotal:       1048572 kB
SwapFree:        1033468 kB
benchmark_vitis PID=5550
State:	S (sleeping)
VmPeak:	 1187224 kB
VmSize:	  980544 kB
VmRSS:	  156548 kB
VmSwap:	    3036 kB
Threads:	2

2021-11-19 19:06:58
1.16 1.18 1.43 2/149 24728
MemTotal:        2033108 kB
MemAvailable:    1496068 kB
SwapTotal:       1048572 kB
SwapFree:        1033468 kB
benchmark_vitis PID=5550
State:	R (running)
VmPeak:	 1187224 kB
VmSize:	  981648 kB
VmRSS:	  156548 kB
VmSwap:	    3036 kB
Threads:	2

2021-11-19 19:07:00
1.15 1.18 1.43 1/149 24742
MemTotal:        2033108 kB
MemAvailable:    1495668 kB
SwapTotal:       1048572 kB
SwapFree:        1033468 kB
benchmark_vitis PID=5550
State:	S (sleeping)
VmPeak:	 1187224 kB
VmSize:	  980544 kB
VmRSS:	  156548 kB
VmSwap:	    3036 kB
Threads:	2

2021-11-19 19:07:02
1.15 1.18 1.43 1/149 24756
MemTotal:        2033108 kB
MemAvailable:    1499120 kB
SwapTotal:       1048572 kB
SwapFree:        1033468 kB
benchmark_vitis PID=5550
State:	S (sleeping)
VmPeak:	 1187224 kB
VmSize:	  980544 kB
VmRSS:	  156548 kB
VmSwap:	    3036 kB
Threads:	2

2021-11-19 19:07:04
1.14 1.18 1.42 2/149 24769
MemTotal:        2033108 kB
MemAvailable:    1493008 kB
SwapTotal:       1048572 kB
SwapFree:        1033468 kB
benchmark_vitis PID=5550
State:	S (sleeping)
VmPeak:	 1187224 kB
VmSize:	  980544 kB
VmRSS:	  156548 kB
VmSwap:	    3036 kB
Threads:	2

2021-11-19 19:07:06
1.14 1.18 1.42 4/149 24783
MemTotal:        2033108 kB
MemAvailable:    1496936 kB
SwapTotal:       1048572 kB
SwapFree:        1033468 kB
benchmark_vitis PID=5550
State:	R (running)
VmPeak:	 1187224 kB
VmSize:	  980544 kB
VmRSS:	  156544 kB
VmSwap:	    3036 kB
Threads:	2

2021-11-19 19:07:08
1.13 1.17 1.42 3/149 24797
MemTotal:        2033108 kB
MemAvailable:    1497676 kB
SwapTotal:       1048572 kB
SwapFree:        1033468 kB
benchmark_vitis PID=5550
State:	D (disk sleep)
VmPeak:	 1187224 kB
VmSize:	  980544 kB
VmRSS:	  156544 kB
VmSwap:	    3036 kB
Threads:	2

2021-11-19 19:07:10
1.13 1.17 1.42 2/149 24811
MemTotal:        2033108 kB
MemAvailable:    1497112 kB
SwapTotal:       1048572 kB
SwapFree:        1033468 kB
benchmark_vitis PID=5550
State:	S (sleeping)
VmPeak:	 1187224 kB
VmSize:	  980544 kB
VmRSS:	  156544 kB
VmSwap:	    3036 kB
Threads:	2

2021-11-19 19:07:12
1.13 1.17 1.42 2/149 24826
MemTotal:        2033108 kB
MemAvailable:    1497228 kB
SwapTotal:       1048572 kB
SwapFree:        1033468 kB
benchmark_vitis PID=5550
State:	S (sleeping)
VmPeak:	 1187224 kB
VmSize:	  980544 kB
VmRSS:	  156544 kB
VmSwap:	    3036 kB
Threads:	2

2021-11-19 19:07:14
1.12 1.17 1.42 1/149 24840
MemTotal:        2033108 kB
MemAvailable:    1496980 kB
SwapTotal:       1048572 kB
SwapFree:        1033468 kB
benchmark_vitis PID=5550
State:	S (sleeping)
VmPeak:	 1187224 kB
VmSize:	  980544 kB
VmRSS:	  156544 kB
VmSwap:	    3036 kB
Threads:	2

2021-11-19 19:07:17
1.12 1.17 1.42 2/149 24854
MemTotal:        2033108 kB
MemAvailable:    1496068 kB
SwapTotal:       1048572 kB
SwapFree:        1033468 kB
benchmark_vitis PID=5550
State:	R (running)
VmPeak:	 1187224 kB
VmSize:	  980944 kB
VmRSS:	  156544 kB
VmSwap:	    3036 kB
Threads:	2

2021-11-19 19:07:19
1.11 1.17 1.42 1/149 24868
MemTotal:        2033108 kB
MemAvailable:    1497360 kB
SwapTotal:       1048572 kB
SwapFree:        1033212 kB
benchmark_vitis PID=5550
State:	R (running)
VmPeak:	 1187224 kB
VmSize:	  980544 kB
VmRSS:	  156528 kB
VmSwap:	    3036 kB
Threads:	2

2021-11-19 19:07:21
1.11 1.17 1.42 2/149 24882
MemTotal:        2033108 kB
MemAvailable:    1496520 kB
SwapTotal:       1048572 kB
SwapFree:        1033212 kB
benchmark_vitis PID=5550
State:	R (running)
VmPeak:	 1187224 kB
VmSize:	  980544 kB
VmRSS:	  156528 kB
VmSwap:	    3036 kB
Threads:	2

2021-11-19 19:07:23
1.11 1.17 1.42 1/149 24896
MemTotal:        2033108 kB
MemAvailable:    1495524 kB
SwapTotal:       1048572 kB
SwapFree:        1033212 kB
benchmark_vitis PID=5550
State:	S (sleeping)
VmPeak:	 1187224 kB
VmSize:	  980544 kB
VmRSS:	  156528 kB
VmSwap:	    3036 kB
Threads:	2

2021-11-19 19:07:25
1.10 1.17 1.41 3/149 24910
MemTotal:        2033108 kB
MemAvailable:    1496496 kB
SwapTotal:       1048572 kB
SwapFree:        1033212 kB
benchmark_vitis PID=5550
State:	S (sleeping)
VmPeak:	 1187224 kB
VmSize:	  980544 kB
VmRSS:	  156528 kB
VmSwap:	    3036 kB
Threads:	2

2021-11-19 19:07:27
1.10 1.17 1.41 2/149 24924
MemTotal:        2033108 kB
MemAvailable:    1496236 kB
SwapTotal:       1048572 kB
SwapFree:        1033212 kB
benchmark_vitis PID=5550
State:	S (sleeping)
VmPeak:	 1187224 kB
VmSize:	  980544 kB
VmRSS:	  156528 kB
VmSwap:	    3036 kB
Threads:	2

2021-11-19 19:07:29
1.09 1.16 1.41 3/149 24938
MemTotal:        2033108 kB
MemAvailable:    1495384 kB
SwapTotal:       1048572 kB
SwapFree:        1033212 kB
benchmark_vitis PID=5550
State:	S (sleeping)
VmPeak:	 1187224 kB
VmSize:	  980544 kB
VmRSS:	  156528 kB
VmSwap:	    3036 kB
Threads:	2

2021-11-19 19:07:31
1.09 1.16 1.41 2/149 24950
MemTotal:        2033108 kB
MemAvailable:    1497488 kB
SwapTotal:       1048572 kB
SwapFree:        1032956 kB
benchmark_vitis PID=5550
State:	S (sleeping)
VmPeak:	 1187224 kB
VmSize:	  980544 kB
VmRSS:	  156504 kB
VmSwap:	    3036 kB
Threads:	2

2021-11-19 19:07:33
1.09 1.16 1.41 2/148 24965
MemTotal:        2033108 kB
MemAvailable:    1497112 kB
SwapTotal:       1048572 kB
SwapFree:        1032956 kB
benchmark_vitis PID=5550
State:	S (sleeping)
VmPeak:	 1187224 kB
VmSize:	  980544 kB
VmRSS:	  156504 kB
VmSwap:	    3036 kB
Threads:	2

2021-11-19 19:07:35
1.08 1.16 1.41 3/149 24980
MemTotal:        2033108 kB
MemAvailable:    1496096 kB
SwapTotal:       1048572 kB
SwapFree:        1032956 kB
benchmark_vitis PID=5550
State:	S (sleeping)
VmPeak:	 1187224 kB
VmSize:	  980544 kB
VmRSS:	  156504 kB
VmSwap:	    3036 kB
Threads:	2

2021-11-19 19:07:37
1.08 1.16 1.41 4/148 24994
MemTotal:        2033108 kB
MemAvailable:    1495688 kB
SwapTotal:       1048572 kB
SwapFree:        1032956 kB
benchmark_vitis PID=5550
State:	R (running)
VmPeak:	 1187224 kB
VmSize:	  981460 kB
VmRSS:	  156504 kB
VmSwap:	    3036 kB
Threads:	2

2021-11-19 19:07:39
1.08 1.16 1.41 2/149 25009
MemTotal:        2033108 kB
MemAvailable:    1496096 kB
SwapTotal:       1048572 kB
SwapFree:        1032956 kB
benchmark_vitis PID=5550
State:	R (running)
VmPeak:	 1187224 kB
VmSize:	  980544 kB
VmRSS:	  156504 kB
VmSwap:	    3036 kB
Threads:	2

2021-11-19 19:07:41
1.08 1.16 1.41 2/148 25023
MemTotal:        2033108 kB
MemAvailable:    1496916 kB
SwapTotal:       1048572 kB
SwapFree:        1032956 kB
benchmark_vitis PID=5550
State:	S (sleeping)
VmPeak:	 1187224 kB
VmSize:	  980544 kB
VmRSS:	  156504 kB
VmSwap:	    3036 kB
Threads:	2

2021-11-19 19:07:43
1.08 1.16 1.41 2/149 25037
MemTotal:        2033108 kB
MemAvailable:    1496644 kB
SwapTotal:       1048572 kB
SwapFree:        1032956 kB
benchmark_vitis PID=5550
State:	S (sleeping)
VmPeak:	 1187224 kB
VmSize:	  980544 kB
VmRSS:	  156504 kB
VmSwap:	    3036 kB
Threads:	2

2021-11-19 19:07:45
1.07 1.15 1.40 2/149 25051
MemTotal:        2033108 kB
MemAvailable:    1496104 kB
SwapTotal:       1048572 kB
SwapFree:        1032956 kB
benchmark_vitis PID=5550
State:	R (running)
VmPeak:	 1187224 kB
VmSize:	  981660 kB
VmRSS:	  156504 kB
VmSwap:	    3036 kB
Threads:	2

2021-11-19 19:07:47
1.07 1.15 1.40 2/149 25066
MemTotal:        2033108 kB
MemAvailable:    1498828 kB
SwapTotal:       1048572 kB
SwapFree:        1032956 kB
benchmark_vitis PID=5550
State:	S (sleeping)
VmPeak:	 1187224 kB
VmSize:	  980544 kB
VmRSS:	  156496 kB
VmSwap:	    3036 kB
Threads:	2

2021-11-19 19:07:49
1.06 1.15 1.40 1/149 25080
MemTotal:        2033108 kB
MemAvailable:    1497672 kB
SwapTotal:       1048572 kB
SwapFree:        1032956 kB
benchmark_vitis PID=5550
State:	S (sleeping)
VmPeak:	 1187224 kB
VmSize:	  980544 kB
VmRSS:	  156496 kB
VmSwap:	    3036 kB
Threads:	2

2021-11-19 19:07:51
1.06 1.15 1.40 2/149 25094
MemTotal:        2033108 kB
MemAvailable:    1496348 kB
SwapTotal:       1048572 kB
SwapFree:        1032956 kB
benchmark_vitis PID=5550
State:	R (running)
VmPeak:	 1187224 kB
VmSize:	  981380 kB
VmRSS:	  156496 kB
VmSwap:	    3036 kB
Threads:	2

2021-11-19 19:07:53
1.06 1.15 1.40 1/149 25108
MemTotal:        2033108 kB
MemAvailable:    1498596 kB
SwapTotal:       1048572 kB
SwapFree:        1032956 kB
benchmark_vitis PID=5550
State:	S (sleeping)
VmPeak:	 1187224 kB
VmSize:	  980544 kB
VmRSS:	  156496 kB
VmSwap:	    3036 kB
Threads:	2

2021-11-19 19:07:55
1.06 1.15 1.40 1/149 25122
MemTotal:        2033108 kB
MemAvailable:    1497372 kB
SwapTotal:       1048572 kB
SwapFree:        1032956 kB
benchmark_vitis PID=5550
State:	S (sleeping)
VmPeak:	 1187224 kB
VmSize:	  980544 kB
VmRSS:	  156496 kB
VmSwap:	    3036 kB
Threads:	2

2021-11-19 19:07:57
1.06 1.15 1.40 2/149 25136
MemTotal:        2033108 kB
MemAvailable:    1498992 kB
SwapTotal:       1048572 kB
SwapFree:        1032956 kB
benchmark_vitis PID=5550
State:	S (sleeping)
VmPeak:	 1187224 kB
VmSize:	  980544 kB
VmRSS:	  156448 kB
VmSwap:	    3036 kB
Threads:	2

2021-11-19 19:07:59
1.05 1.15 1.40 1/149 25150
MemTotal:        2033108 kB
MemAvailable:    1497504 kB
SwapTotal:       1048572 kB
SwapFree:        1032956 kB
benchmark_vitis PID=5550
State:	S (sleeping)
VmPeak:	 1187224 kB
VmSize:	  980544 kB
VmRSS:	  156448 kB
VmSwap:	    3036 kB
Threads:	2

2021-11-19 19:08:01
1.05 1.15 1.40 1/149 25164
MemTotal:        2033108 kB
MemAvailable:    1499460 kB
SwapTotal:       1048572 kB
SwapFree:        1032956 kB
benchmark_vitis PID=5550
State:	R (running)
VmPeak:	 1187224 kB
VmSize:	  981340 kB
VmRSS:	  156448 kB
VmSwap:	    3036 kB
Threads:	2

2021-11-19 19:08:03
1.05 1.15 1.40 3/149 25178
MemTotal:        2033108 kB
MemAvailable:    1498968 kB
SwapTotal:       1048572 kB
SwapFree:        1032956 kB
benchmark_vitis PID=5550
State:	R (running)
VmPeak:	 1187224 kB
VmSize:	  981552 kB
VmRSS:	  156448 kB
VmSwap:	    3036 kB
Threads:	2

2021-11-19 19:08:05
1.13 1.16 1.40 2/147 25191
MemTotal:        2033108 kB
MemAvailable:    1498504 kB
SwapTotal:       1048572 kB
SwapFree:        1032956 kB
benchmark_vitis PID=5550
State:	S (sleeping)
VmPeak:	 1187224 kB
VmSize:	  980544 kB
VmRSS:	  156448 kB
VmSwap:	    3036 kB
Threads:	2

2021-11-19 19:08:07
1.13 1.16 1.40 2/148 25206
MemTotal:        2033108 kB
MemAvailable:    1497804 kB
SwapTotal:       1048572 kB
SwapFree:        1032956 kB
benchmark_vitis PID=5550
State:	S (sleeping)
VmPeak:	 1187224 kB
VmSize:	  980544 kB
VmRSS:	  156448 kB
VmSwap:	    3036 kB
Threads:	2

2021-11-19 19:08:09
1.12 1.16 1.40 2/148 25220
MemTotal:        2033108 kB
MemAvailable:    1497688 kB
SwapTotal:       1048572 kB
SwapFree:        1032956 kB
benchmark_vitis PID=5550
State:	S (sleeping)
VmPeak:	 1187224 kB
VmSize:	  980544 kB
VmRSS:	  156448 kB
VmSwap:	    3036 kB
Threads:	2

2021-11-19 19:08:12
1.12 1.16 1.40 1/148 25234
MemTotal:        2033108 kB
MemAvailable:    1496644 kB
SwapTotal:       1048572 kB
SwapFree:        1032956 kB
benchmark_vitis PID=5550
State:	R (running)
VmPeak:	 1187224 kB
VmSize:	  981620 kB
VmRSS:	  156448 kB
VmSwap:	    3036 kB
Threads:	2

2021-11-19 19:08:14
1.11 1.15 1.39 1/148 25248
MemTotal:        2033108 kB
MemAvailable:    1495940 kB
SwapTotal:       1048572 kB
SwapFree:        1032700 kB
benchmark_vitis PID=5550
State:	R (running)
VmPeak:	 1187224 kB
VmSize:	  981548 kB
VmRSS:	  156448 kB
VmSwap:	    3036 kB
Threads:	2

2021-11-19 19:08:16
1.11 1.15 1.39 1/148 25262
MemTotal:        2033108 kB
MemAvailable:    1497180 kB
SwapTotal:       1048572 kB
SwapFree:        1032700 kB
benchmark_vitis PID=5550
State:	S (sleeping)
VmPeak:	 1187224 kB
VmSize:	  980544 kB
VmRSS:	  156440 kB
VmSwap:	    3036 kB
Threads:	2

2021-11-19 19:08:18
1.11 1.15 1.39 1/148 25276
MemTotal:        2033108 kB
MemAvailable:    1496828 kB
SwapTotal:       1048572 kB
SwapFree:        1032700 kB
benchmark_vitis PID=5550
State:	S (sleeping)
VmPeak:	 1187224 kB
VmSize:	  980544 kB
VmRSS:	  156440 kB
VmSwap:	    3036 kB
Threads:	2

2021-11-19 19:08:20
1.10 1.15 1.39 2/148 25290
MemTotal:        2033108 kB
MemAvailable:    1496548 kB
SwapTotal:       1048572 kB
SwapFree:        1032700 kB
benchmark_vitis PID=5550
State:	R (running)
VmPeak:	 1187224 kB
VmSize:	  981504 kB
VmRSS:	  156440 kB
VmSwap:	    3036 kB
Threads:	2

2021-11-19 19:08:22
1.10 1.15 1.39 1/147 25304
MemTotal:        2033108 kB
MemAvailable:    1496676 kB
SwapTotal:       1048572 kB
SwapFree:        1032700 kB
benchmark_vitis PID=5550
State:	S (sleeping)
VmPeak:	 1187224 kB
VmSize:	  980544 kB
VmRSS:	  156424 kB
VmSwap:	    3036 kB
Threads:	2

2021-11-19 19:08:24
1.09 1.15 1.39 1/147 25318
MemTotal:        2033108 kB
MemAvailable:    1496940 kB
SwapTotal:       1048572 kB
SwapFree:        1032700 kB
benchmark_vitis PID=5550
State:	S (sleeping)
VmPeak:	 1187224 kB
VmSize:	  980544 kB
VmRSS:	  156424 kB
VmSwap:	    3036 kB
Threads:	2

2021-11-19 19:08:26
1.09 1.15 1.39 2/147 25332
MemTotal:        2033108 kB
MemAvailable:    1496220 kB
SwapTotal:       1048572 kB
SwapFree:        1032700 kB
benchmark_vitis PID=5550
State:	S (sleeping)
VmPeak:	 1187224 kB
VmSize:	  980544 kB
VmRSS:	  156424 kB
VmSwap:	    3036 kB
Threads:	2

2021-11-19 19:08:28
1.09 1.15 1.39 2/148 25347
MemTotal:        2033108 kB
MemAvailable:    1492524 kB
SwapTotal:       1048572 kB
SwapFree:        1032700 kB
benchmark_vitis PID=5550
State:	R (running)
VmPeak:	 1187224 kB
VmSize:	  981448 kB
VmRSS:	  156424 kB
VmSwap:	    3036 kB
Threads:	2

2021-11-19 19:08:30
1.08 1.15 1.39 1/148 25361
MemTotal:        2033108 kB
MemAvailable:    1491948 kB
SwapTotal:       1048572 kB
SwapFree:        1032700 kB
benchmark_vitis PID=5550
State:	S (sleeping)
VmPeak:	 1187224 kB
VmSize:	  980544 kB
VmRSS:	  156424 kB
VmSwap:	    3036 kB
Threads:	2

2021-11-19 19:08:32
1.08 1.15 1.39 1/148 25375
MemTotal:        2033108 kB
MemAvailable:    1493444 kB
SwapTotal:       1048572 kB
SwapFree:        1032700 kB
benchmark_vitis PID=5550
State:	S (sleeping)
VmPeak:	 1187224 kB
VmSize:	  980544 kB
VmRSS:	  156408 kB
VmSwap:	    3036 kB
Threads:	2

2021-11-19 19:08:34
1.08 1.14 1.38 2/148 25389
MemTotal:        2033108 kB
MemAvailable:    1493124 kB
SwapTotal:       1048572 kB
SwapFree:        1032700 kB
benchmark_vitis PID=5550
State:	R (running)
VmPeak:	 1187224 kB
VmSize:	  981572 kB
VmRSS:	  156408 kB
VmSwap:	    3036 kB
Threads:	2

2021-11-19 19:08:36
1.08 1.14 1.38 2/148 25403
MemTotal:        2033108 kB
MemAvailable:    1492088 kB
SwapTotal:       1048572 kB
SwapFree:        1032700 kB
benchmark_vitis PID=5550
State:	R (running)
VmPeak:	 1187224 kB
VmSize:	  980544 kB
VmRSS:	  156408 kB
VmSwap:	    3036 kB
Threads:	2

2021-11-19 19:08:38
1.08 1.14 1.38 1/148 25417
MemTotal:        2033108 kB
MemAvailable:    1496364 kB
SwapTotal:       1048572 kB
SwapFree:        1032700 kB
benchmark_vitis PID=5550
State:	S (sleeping)
VmPeak:	 1187224 kB
VmSize:	  980544 kB
VmRSS:	  156408 kB
VmSwap:	    3036 kB
Threads:	2

2021-11-19 19:08:40
1.07 1.14 1.38 1/148 25432
MemTotal:        2033108 kB
MemAvailable:    1496472 kB
SwapTotal:       1048572 kB
SwapFree:        1032700 kB
benchmark_vitis PID=5550
State:	S (sleeping)
VmPeak:	 1187224 kB
VmSize:	  980544 kB
VmRSS:	  156408 kB
VmSwap:	    3036 kB
Threads:	2

2021-11-19 19:08:42
1.07 1.14 1.38 1/148 25446
MemTotal:        2033108 kB
MemAvailable:    1494772 kB
SwapTotal:       1048572 kB
SwapFree:        1032700 kB
benchmark_vitis PID=5550
State:	S (sleeping)
VmPeak:	 1187224 kB
VmSize:	  980544 kB
VmRSS:	  156408 kB
VmSwap:	    3036 kB
Threads:	2

2021-11-19 19:08:44
1.06 1.14 1.38 3/148 25460
MemTotal:        2033108 kB
MemAvailable:    1494056 kB
SwapTotal:       1048572 kB
SwapFree:        1032700 kB
benchmark_vitis PID=5550
State:	D (disk sleep)
VmPeak:	 1187224 kB
VmSize:	  980544 kB
VmRSS:	  156392 kB
VmSwap:	    3036 kB
Threads:	2

2021-11-19 19:08:46
1.06 1.14 1.38 1/148 25474
MemTotal:        2033108 kB
MemAvailable:    1493404 kB
SwapTotal:       1048572 kB
SwapFree:        1032700 kB
benchmark_vitis PID=5550
State:	S (sleeping)
VmPeak:	 1187224 kB
VmSize:	  980544 kB
VmRSS:	  156392 kB
VmSwap:	    3036 kB
Threads:	2

2021-11-19 19:08:48
1.06 1.14 1.38 1/148 25488
MemTotal:        2033108 kB
MemAvailable:    1498100 kB
SwapTotal:       1048572 kB
SwapFree:        1032700 kB
benchmark_vitis PID=5550
State:	S (sleeping)
VmPeak:	 1187224 kB
VmSize:	  980544 kB
VmRSS:	  156348 kB
VmSwap:	    3036 kB
Threads:	2

2021-11-19 19:08:50
1.06 1.14 1.38 2/148 25502
MemTotal:        2033108 kB
MemAvailable:    1496636 kB
SwapTotal:       1048572 kB
SwapFree:        1032700 kB
benchmark_vitis PID=5550
State:	D (disk sleep)
VmPeak:	 1187224 kB
VmSize:	  981644 kB
VmRSS:	  156348 kB
VmSwap:	    3036 kB
Threads:	2

2021-11-19 19:08:52
1.06 1.14 1.38 1/148 25516
MemTotal:        2033108 kB
MemAvailable:    1496504 kB
SwapTotal:       1048572 kB
SwapFree:        1032700 kB
benchmark_vitis PID=5550
State:	R (running)
VmPeak:	 1187224 kB
VmSize:	  981636 kB
VmRSS:	  156348 kB
VmSwap:	    3036 kB
Threads:	2

2021-11-19 19:08:54
1.05 1.13 1.37 1/148 25530
MemTotal:        2033108 kB
MemAvailable:    1496628 kB
SwapTotal:       1048572 kB
SwapFree:        1032700 kB
benchmark_vitis PID=5550
State:	S (sleeping)
VmPeak:	 1187224 kB
VmSize:	  980544 kB
VmRSS:	  156348 kB
VmSwap:	    3036 kB
Threads:	2

2021-11-19 19:08:56
1.05 1.13 1.37 1/148 25544
MemTotal:        2033108 kB
MemAvailable:    1496300 kB
SwapTotal:       1048572 kB
SwapFree:        1032700 kB
benchmark_vitis PID=5550
State:	S (sleeping)
VmPeak:	 1187224 kB
VmSize:	  980544 kB
VmRSS:	  156348 kB
VmSwap:	    3036 kB
Threads:	2

2021-11-19 19:08:58
1.05 1.13 1.37 2/148 25558
MemTotal:        2033108 kB
MemAvailable:    1496204 kB
SwapTotal:       1048572 kB
SwapFree:        1032700 kB
benchmark_vitis PID=5550
State:	D (disk sleep)
VmPeak:	 1187224 kB
VmSize:	  981624 kB
VmRSS:	  156348 kB
VmSwap:	    3036 kB
Threads:	2

2021-11-19 19:09:00
1.05 1.13 1.37 1/148 25572
MemTotal:        2033108 kB
MemAvailable:    1495696 kB
SwapTotal:       1048572 kB
SwapFree:        1032700 kB
benchmark_vitis PID=5550
State:	R (running)
VmPeak:	 1187224 kB
VmSize:	  980544 kB
VmRSS:	  156348 kB
VmSwap:	    3036 kB
Threads:	2

2021-11-19 19:09:02
1.05 1.13 1.37 1/148 25586
MemTotal:        2033108 kB
MemAvailable:    1499584 kB
SwapTotal:       1048572 kB
SwapFree:        1032700 kB
benchmark_vitis PID=5550
State:	S (sleeping)
VmPeak:	 1187224 kB
VmSize:	  980544 kB
VmRSS:	  156348 kB
VmSwap:	    3036 kB
Threads:	2

2021-11-19 19:09:04
1.05 1.13 1.37 2/148 25600
MemTotal:        2033108 kB
MemAvailable:    1498164 kB
SwapTotal:       1048572 kB
SwapFree:        1032700 kB
benchmark_vitis PID=5550
State:	S (sleeping)
VmPeak:	 1187224 kB
VmSize:	  980544 kB
VmRSS:	  156344 kB
VmSwap:	    3036 kB
Threads:	2

2021-11-19 19:09:06
1.05 1.13 1.37 2/148 25614
MemTotal:        2033108 kB
MemAvailable:    1497936 kB
SwapTotal:       1048572 kB
SwapFree:        1032700 kB
benchmark_vitis PID=5550
State:	R (running)
VmPeak:	 1187224 kB
VmSize:	  981488 kB
VmRSS:	  156344 kB
VmSwap:	    3036 kB
Threads:	2

2021-11-19 19:09:09
1.04 1.13 1.37 1/148 25628
MemTotal:        2033108 kB
MemAvailable:    1498380 kB
SwapTotal:       1048572 kB
SwapFree:        1032700 kB
benchmark_vitis PID=5550
State:	S (sleeping)
VmPeak:	 1187224 kB
VmSize:	  980544 kB
VmRSS:	  156344 kB
VmSwap:	    3036 kB
Threads:	2

2021-11-19 19:09:11
1.04 1.13 1.37 1/148 25642
MemTotal:        2033108 kB
MemAvailable:    1497252 kB
SwapTotal:       1048572 kB
SwapFree:        1032700 kB
benchmark_vitis PID=5550
State:	S (sleeping)
VmPeak:	 1187224 kB
VmSize:	  980544 kB
VmRSS:	  156340 kB
VmSwap:	    3036 kB
Threads:	2

2021-11-19 19:09:13
1.04 1.13 1.37 1/148 25656
MemTotal:        2033108 kB
MemAvailable:    1497264 kB
SwapTotal:       1048572 kB
SwapFree:        1032700 kB
benchmark_vitis PID=5550
State:	S (sleeping)
VmPeak:	 1187224 kB
VmSize:	  980544 kB
VmRSS:	  156340 kB
VmSwap:	    3036 kB
Threads:	2

2021-11-19 19:09:15
1.04 1.12 1.37 2/148 25670
MemTotal:        2033108 kB
MemAvailable:    1498140 kB
SwapTotal:       1048572 kB
SwapFree:        1032444 kB
benchmark_vitis PID=5550
State:	S (sleeping)
VmPeak:	 1187224 kB
VmSize:	  980544 kB
VmRSS:	  156340 kB
VmSwap:	    3036 kB
Threads:	2

2021-11-19 19:09:17
1.04 1.12 1.37 2/148 25684
MemTotal:        2033108 kB
MemAvailable:    1497220 kB
SwapTotal:       1048572 kB
SwapFree:        1032444 kB
benchmark_vitis PID=5550
State:	D (disk sleep)
VmPeak:	 1187224 kB
VmSize:	  981376 kB
VmRSS:	  156340 kB
VmSwap:	    3036 kB
Threads:	2

2021-11-19 19:09:19
1.12 1.14 1.37 1/148 25698
MemTotal:        2033108 kB
MemAvailable:    1496392 kB
SwapTotal:       1048572 kB
SwapFree:        1032444 kB
benchmark_vitis PID=5550
State:	S (sleeping)
VmPeak:	 1187224 kB
VmSize:	  980544 kB
VmRSS:	  156340 kB
VmSwap:	    3036 kB
Threads:	2

2021-11-19 19:09:21
1.12 1.14 1.37 1/148 25712
MemTotal:        2033108 kB
MemAvailable:    1496492 kB
SwapTotal:       1048572 kB
SwapFree:        1032444 kB
benchmark_vitis PID=5550
State:	S (sleeping)
VmPeak:	 1187224 kB
VmSize:	  980544 kB
VmRSS:	  156336 kB
VmSwap:	    3036 kB
Threads:	2

2021-11-19 19:09:23
1.12 1.14 1.37 1/148 25726
MemTotal:        2033108 kB
MemAvailable:    1494648 kB
SwapTotal:       1048572 kB
SwapFree:        1032444 kB
benchmark_vitis PID=5550
State:	S (sleeping)
VmPeak:	 1187224 kB
VmSize:	  980544 kB
VmRSS:	  156336 kB
VmSwap:	    3036 kB
Threads:	2

2021-11-19 19:09:25
1.11 1.14 1.37 2/148 25740
MemTotal:        2033108 kB
MemAvailable:    1495320 kB
SwapTotal:       1048572 kB
SwapFree:        1032444 kB
benchmark_vitis PID=5550
State:	S (sleeping)
VmPeak:	 1187224 kB
VmSize:	  980544 kB
VmRSS:	  156336 kB
VmSwap:	    3036 kB
Threads:	2

2021-11-19 19:09:27
1.11 1.14 1.37 1/148 25754
MemTotal:        2033108 kB
MemAvailable:    1492100 kB
SwapTotal:       1048572 kB
SwapFree:        1032444 kB
benchmark_vitis PID=5550
State:	D (disk sleep)
VmPeak:	 1187224 kB
VmSize:	  980544 kB
VmRSS:	  156292 kB
VmSwap:	    3036 kB
Threads:	2

2021-11-19 19:09:29
1.10 1.13 1.36 1/148 25768
MemTotal:        2033108 kB
MemAvailable:    1491640 kB
SwapTotal:       1048572 kB
SwapFree:        1032444 kB
benchmark_vitis PID=5550
State:	R (running)
VmPeak:	 1187224 kB
VmSize:	  980544 kB
VmRSS:	  156292 kB
VmSwap:	    3036 kB
Threads:	2

2021-11-19 19:09:31
1.10 1.13 1.36 1/148 25782
MemTotal:        2033108 kB
MemAvailable:    1490896 kB
SwapTotal:       1048572 kB
SwapFree:        1032444 kB
benchmark_vitis PID=5550
State:	S (sleeping)
VmPeak:	 1187224 kB
VmSize:	  980544 kB
VmRSS:	  156292 kB
VmSwap:	    3036 kB
Threads:	2

2021-11-19 19:09:33
1.10 1.13 1.36 1/148 25796
MemTotal:        2033108 kB
MemAvailable:    1490468 kB
SwapTotal:       1048572 kB
SwapFree:        1032444 kB
benchmark_vitis PID=5550
State:	S (sleeping)
VmPeak:	 1187224 kB
VmSize:	  980544 kB
VmRSS:	  156292 kB
VmSwap:	    3036 kB
Threads:	2

2021-11-19 19:09:35
1.09 1.13 1.36 2/148 25810
MemTotal:        2033108 kB
MemAvailable:    1489472 kB
SwapTotal:       1048572 kB
SwapFree:        1032444 kB
benchmark_vitis PID=5550
State:	R (running)
VmPeak:	 1187224 kB
VmSize:	  981568 kB
VmRSS:	  156292 kB
VmSwap:	    3036 kB
Threads:	2

2021-11-19 19:09:37
1.09 1.13 1.36 2/148 25824
MemTotal:        2033108 kB
MemAvailable:    1492220 kB
SwapTotal:       1048572 kB
SwapFree:        1032444 kB
benchmark_vitis PID=5550
State:	R (running)
VmPeak:	 1187224 kB
VmSize:	  981512 kB
VmRSS:	  156276 kB
VmSwap:	    3036 kB
Threads:	2

2021-11-19 19:09:39
1.08 1.13 1.36 1/148 25839
MemTotal:        2033108 kB
MemAvailable:    1496536 kB
SwapTotal:       1048572 kB
SwapFree:        1032444 kB
benchmark_vitis PID=5550
State:	D (disk sleep)
VmPeak:	 1187224 kB
VmSize:	  980544 kB
VmRSS:	  156276 kB
VmSwap:	    3036 kB
Threads:	2

2021-11-19 19:09:41
1.08 1.13 1.36 1/148 25853
MemTotal:        2033108 kB
MemAvailable:    1494412 kB
SwapTotal:       1048572 kB
SwapFree:        1032444 kB
benchmark_vitis PID=5550
State:	S (sleeping)
VmPeak:	 1187224 kB
VmSize:	  980544 kB
VmRSS:	  156276 kB
VmSwap:	    3036 kB
Threads:	2

2021-11-19 19:09:43
1.08 1.13 1.36 1/148 25867
MemTotal:        2033108 kB
MemAvailable:    1493128 kB
SwapTotal:       1048572 kB
SwapFree:        1032444 kB
benchmark_vitis PID=5550
State:	S (sleeping)
VmPeak:	 1187224 kB
VmSize:	  980544 kB
VmRSS:	  156276 kB
VmSwap:	    3036 kB
Threads:	2

2021-11-19 19:09:45
1.08 1.13 1.36 1/148 25881
MemTotal:        2033108 kB
MemAvailable:    1495788 kB
SwapTotal:       1048572 kB
SwapFree:        1032444 kB
benchmark_vitis PID=5550
State:	S (sleeping)
VmPeak:	 1187224 kB
VmSize:	  980544 kB
VmRSS:	  156268 kB
VmSwap:	    3036 kB
Threads:	2

2021-11-19 19:09:47
1.08 1.13 1.36 2/148 25895
MemTotal:        2033108 kB
MemAvailable:    1494316 kB
SwapTotal:       1048572 kB
SwapFree:        1032444 kB
benchmark_vitis PID=5550
State:	R (running)
VmPeak:	 1187224 kB
VmSize:	  981244 kB
VmRSS:	  156268 kB
VmSwap:	    3036 kB
Threads:	2

2021-11-19 19:09:49
1.07 1.12 1.36 2/148 25909
MemTotal:        2033108 kB
MemAvailable:    1492940 kB
SwapTotal:       1048572 kB
SwapFree:        1032444 kB
benchmark_vitis PID=5550
State:	R (running)
VmPeak:	 1187224 kB
VmSize:	  980688 kB
VmRSS:	  156268 kB
VmSwap:	    3036 kB
Threads:	2

2021-11-19 19:09:51
1.07 1.12 1.36 1/148 25923
MemTotal:        2033108 kB
MemAvailable:    1493500 kB
SwapTotal:       1048572 kB
SwapFree:        1032444 kB
benchmark_vitis PID=5550
State:	S (sleeping)
VmPeak:	 1187224 kB
VmSize:	  980544 kB
VmRSS:	  156228 kB
VmSwap:	    3036 kB
Threads:	2

2021-11-19 19:09:53
1.07 1.12 1.36 1/148 25937
MemTotal:        2033108 kB
MemAvailable:    1492432 kB
SwapTotal:       1048572 kB
SwapFree:        1032444 kB
benchmark_vitis PID=5550
State:	S (sleeping)
VmPeak:	 1187224 kB
VmSize:	  980544 kB
VmRSS:	  156228 kB
VmSwap:	    3036 kB
Threads:	2

2021-11-19 19:09:55
1.06 1.12 1.35 3/148 25950
MemTotal:        2033108 kB
MemAvailable:    1491972 kB
SwapTotal:       1048572 kB
SwapFree:        1032444 kB
benchmark_vitis PID=5550
State:	S (sleeping)
VmPeak:	 1187224 kB
VmSize:	  980544 kB
VmRSS:	  156228 kB
VmSwap:	    3036 kB
Threads:	2

2021-11-19 19:09:57
1.06 1.12 1.35 3/148 25964
MemTotal:        2033108 kB
MemAvailable:    1493912 kB
SwapTotal:       1048572 kB
SwapFree:        1032444 kB
benchmark_vitis PID=5550
State:	R (running)
VmPeak:	 1187224 kB
VmSize:	  980656 kB
VmRSS:	  156228 kB
VmSwap:	    3036 kB
Threads:	2

2021-11-19 19:09:59
1.06 1.12 1.35 2/148 25978
MemTotal:        2033108 kB
MemAvailable:    1493264 kB
SwapTotal:       1048572 kB
SwapFree:        1032444 kB
benchmark_vitis PID=5550
State:	S (sleeping)
VmPeak:	 1187224 kB
VmSize:	  980544 kB
VmRSS:	  156228 kB
VmSwap:	    3036 kB
Threads:	2

2021-11-19 19:10:01
1.06 1.12 1.35 2/147 25992
MemTotal:        2033108 kB
MemAvailable:    1499348 kB
SwapTotal:       1048572 kB
SwapFree:        1032444 kB
benchmark_vitis PID=5550
State:	S (sleeping)
VmPeak:	 1187224 kB
VmSize:	  980544 kB
VmRSS:	  156228 kB
VmSwap:	    3036 kB
Threads:	2

2021-11-19 19:10:03
1.06 1.12 1.35 2/148 26006
MemTotal:        2033108 kB
MemAvailable:    1497888 kB
SwapTotal:       1048572 kB
SwapFree:        1032444 kB
benchmark_vitis PID=5550
State:	S (sleeping)
VmPeak:	 1187224 kB
VmSize:	  980544 kB
VmRSS:	  156228 kB
VmSwap:	    3036 kB
Threads:	2

2021-11-19 19:10:06
1.05 1.12 1.35 2/148 26020
MemTotal:        2033108 kB
MemAvailable:    1497684 kB
SwapTotal:       1048572 kB
SwapFree:        1032444 kB
benchmark_vitis PID=5550
State:	R (running)
VmPeak:	 1187224 kB
VmSize:	  981636 kB
VmRSS:	  156228 kB
VmSwap:	    3036 kB
Threads:	2

2021-11-19 19:10:08
1.05 1.12 1.35 2/148 26034
MemTotal:        2033108 kB
MemAvailable:    1497364 kB
SwapTotal:       1048572 kB
SwapFree:        1032444 kB
benchmark_vitis PID=5550
State:	R (running)
VmPeak:	 1187224 kB
VmSize:	  980544 kB
VmRSS:	  156228 kB
VmSwap:	    3036 kB
Threads:	2

2021-11-19 19:10:10
1.05 1.11 1.35 2/147 26048
MemTotal:        2033108 kB
MemAvailable:    1497140 kB
SwapTotal:       1048572 kB
SwapFree:        1032444 kB
benchmark_vitis PID=5550
State:	S (sleeping)
VmPeak:	 1187224 kB
VmSize:	  980544 kB
VmRSS:	  156212 kB
VmSwap:	    3036 kB
Threads:	2

2021-11-19 19:10:12
1.05 1.11 1.35 2/148 26063
MemTotal:        2033108 kB
MemAvailable:    1497168 kB
SwapTotal:       1048572 kB
SwapFree:        1032444 kB
benchmark_vitis PID=5550
State:	S (sleeping)
VmPeak:	 1187224 kB
VmSize:	  980544 kB
VmRSS:	  156212 kB
VmSwap:	    3036 kB
Threads:	2

2021-11-19 19:10:14
1.04 1.11 1.35 2/148 26077
MemTotal:        2033108 kB
MemAvailable:    1496936 kB
SwapTotal:       1048572 kB
SwapFree:        1032444 kB
benchmark_vitis PID=5550
State:	S (sleeping)
VmPeak:	 1187224 kB
VmSize:	  980544 kB
VmRSS:	  156212 kB
VmSwap:	    3036 kB
Threads:	2

2021-11-19 19:10:16
1.04 1.11 1.35 3/147 26091
MemTotal:        2033108 kB
MemAvailable:    1496716 kB
SwapTotal:       1048572 kB
SwapFree:        1032444 kB
benchmark_vitis PID=5550
State:	D (disk sleep)
VmPeak:	 1187224 kB
VmSize:	  981484 kB
VmRSS:	  156212 kB
VmSwap:	    3036 kB
Threads:	2

2021-11-19 19:10:18
1.04 1.11 1.35 2/147 26105
MemTotal:        2033108 kB
MemAvailable:    1496632 kB
SwapTotal:       1048572 kB
SwapFree:        1032444 kB
benchmark_vitis PID=5550
State:	R (running)
VmPeak:	 1187224 kB
VmSize:	  980544 kB
VmRSS:	  156212 kB
VmSwap:	    3036 kB
Threads:	2

2021-11-19 19:10:20
1.12 1.13 1.35 1/147 26119
MemTotal:        2033108 kB
MemAvailable:    1498020 kB
SwapTotal:       1048572 kB
SwapFree:        1032444 kB
benchmark_vitis PID=5550
State:	S (sleeping)
VmPeak:	 1187224 kB
VmSize:	  980544 kB
VmRSS:	  156212 kB
VmSwap:	    3036 kB
Threads:	2

2021-11-19 19:10:22
1.12 1.13 1.35 1/147 26133
MemTotal:        2033108 kB
MemAvailable:    1497220 kB
SwapTotal:       1048572 kB
SwapFree:        1032444 kB
benchmark_vitis PID=5550
State:	S (sleeping)
VmPeak:	 1187224 kB
VmSize:	  980544 kB
VmRSS:	  156212 kB
VmSwap:	    3036 kB
Threads:	2

2021-11-19 19:10:24
1.11 1.12 1.35 3/147 26147
MemTotal:        2033108 kB
MemAvailable:    1497556 kB
SwapTotal:       1048572 kB
SwapFree:        1032444 kB
benchmark_vitis PID=5550
State:	R (running)
VmPeak:	 1187224 kB
VmSize:	  981480 kB
VmRSS:	  156212 kB
VmSwap:	    3036 kB
Threads:	2

2021-11-19 19:10:26
1.11 1.12 1.35 2/147 26161
MemTotal:        2033108 kB
MemAvailable:    1496548 kB
SwapTotal:       1048572 kB
SwapFree:        1032444 kB
benchmark_vitis PID=5550
State:	R (running)
VmPeak:	 1187224 kB
VmSize:	  981524 kB
VmRSS:	  156212 kB
VmSwap:	    3036 kB
Threads:	2

2021-11-19 19:10:28
1.11 1.12 1.35 1/147 26175
MemTotal:        2033108 kB
MemAvailable:    1495868 kB
SwapTotal:       1048572 kB
SwapFree:        1032444 kB
benchmark_vitis PID=5550
State:	S (sleeping)
VmPeak:	 1187224 kB
VmSize:	  980544 kB
VmRSS:	  156212 kB
VmSwap:	    3036 kB
Threads:	2

2021-11-19 19:10:30
1.10 1.12 1.35 1/147 26189
MemTotal:        2033108 kB
MemAvailable:    1495320 kB
SwapTotal:       1048572 kB
SwapFree:        1032444 kB
benchmark_vitis PID=5550
State:	S (sleeping)
VmPeak:	 1187224 kB
VmSize:	  980544 kB
VmRSS:	  156212 kB
VmSwap:	    3036 kB
Threads:	2

2021-11-19 19:10:32
1.10 1.12 1.35 2/147 26203
MemTotal:        2033108 kB
MemAvailable:    1495448 kB
SwapTotal:       1048572 kB
SwapFree:        1032444 kB
benchmark_vitis PID=5550
State:	S (sleeping)
VmPeak:	 1187224 kB
VmSize:	  980544 kB
VmRSS:	  156212 kB
VmSwap:	    3036 kB
Threads:	2

2021-11-19 19:10:34
1.09 1.12 1.34 2/147 26217
MemTotal:        2033108 kB
MemAvailable:    1494092 kB
SwapTotal:       1048572 kB
SwapFree:        1032444 kB
benchmark_vitis PID=5550
State:	R (running)
VmPeak:	 1187224 kB
VmSize:	  981620 kB
VmRSS:	  156212 kB
VmSwap:	    3036 kB
Threads:	2

2021-11-19 19:10:36
1.09 1.12 1.34 1/148 26232
MemTotal:        2033108 kB
MemAvailable:    1494088 kB
SwapTotal:       1048572 kB
SwapFree:        1032444 kB
benchmark_vitis PID=5550
State:	S (sleeping)
VmPeak:	 1187224 kB
VmSize:	  980544 kB
VmRSS:	  156212 kB
VmSwap:	    3036 kB
Threads:	2

2021-11-19 19:10:38
1.09 1.12 1.34 1/148 26246
MemTotal:        2033108 kB
MemAvailable:    1492364 kB
SwapTotal:       1048572 kB
SwapFree:        1032444 kB
benchmark_vitis PID=5550
State:	S (sleeping)
VmPeak:	 1187224 kB
VmSize:	  980544 kB
VmRSS:	  156212 kB
VmSwap:	    3036 kB
Threads:	2

2021-11-19 19:10:40
1.09 1.12 1.34 2/149 26262
MemTotal:        2033108 kB
MemAvailable:    1491956 kB
SwapTotal:       1048572 kB
SwapFree:        1032444 kB
benchmark_vitis PID=5550
State:	R (running)
VmPeak:	 1187224 kB
VmSize:	  981484 kB
VmRSS:	  156212 kB
VmSwap:	    3036 kB
Threads:	2

2021-11-19 19:10:42
1.09 1.12 1.34 2/150 26274
MemTotal:        2033108 kB
MemAvailable:    1491356 kB
SwapTotal:       1048572 kB
SwapFree:        1031932 kB
benchmark_vitis PID=5550
State:	S (sleeping)
VmPeak:	 1187224 kB
VmSize:	  980544 kB
VmRSS:	  156188 kB
VmSwap:	    3036 kB
Threads:	2

2021-11-19 19:10:44
1.08 1.12 1.34 2/150 26288
MemTotal:        2033108 kB
MemAvailable:    1491160 kB
SwapTotal:       1048572 kB
SwapFree:        1031932 kB
benchmark_vitis PID=5550
State:	S (sleeping)
VmPeak:	 1187224 kB
VmSize:	  980544 kB
VmRSS:	  156188 kB
VmSwap:	    3036 kB
Threads:	2

2021-11-19 19:10:46
1.08 1.12 1.34 2/150 26302
MemTotal:        2033108 kB
MemAvailable:    1490956 kB
SwapTotal:       1048572 kB
SwapFree:        1031932 kB
benchmark_vitis PID=5550
State:	S (sleeping)
VmPeak:	 1187224 kB
VmSize:	  980544 kB
VmRSS:	  156188 kB
VmSwap:	    3036 kB
Threads:	2

2021-11-19 19:10:48
1.08 1.12 1.34 3/148 26316
MemTotal:        2033108 kB
MemAvailable:    1492184 kB
SwapTotal:       1048572 kB
SwapFree:        1031932 kB
benchmark_vitis PID=5550
State:	S (sleeping)
VmPeak:	 1187224 kB
VmSize:	  980544 kB
VmRSS:	  156164 kB
VmSwap:	    3036 kB
Threads:	2

2021-11-19 19:10:50
1.07 1.11 1.34 3/148 26330
MemTotal:        2033108 kB
MemAvailable:    1492888 kB
SwapTotal:       1048572 kB
SwapFree:        1031932 kB
benchmark_vitis PID=5550
State:	R (running)
VmPeak:	 1187224 kB
VmSize:	  981500 kB
VmRSS:	  156164 kB
VmSwap:	    3036 kB
Threads:	2

2021-11-19 19:10:52
1.07 1.11 1.34 3/148 26344
MemTotal:        2033108 kB
MemAvailable:    1492840 kB
SwapTotal:       1048572 kB
SwapFree:        1031932 kB
benchmark_vitis PID=5550
State:	D (disk sleep)
VmPeak:	 1187224 kB
VmSize:	  981260 kB
VmRSS:	  156164 kB
VmSwap:	    3036 kB
Threads:	2

2021-11-19 19:10:54
1.07 1.11 1.34 2/148 26358
MemTotal:        2033108 kB
MemAvailable:    1492740 kB
SwapTotal:       1048572 kB
SwapFree:        1031932 kB
benchmark_vitis PID=5550
State:	D (disk sleep)
VmPeak:	 1187224 kB
VmSize:	  981496 kB
VmRSS:	  156164 kB
VmSwap:	    3036 kB
Threads:	2

2021-11-19 19:10:56
1.07 1.11 1.34 2/148 26372
MemTotal:        2033108 kB
MemAvailable:    1492408 kB
SwapTotal:       1048572 kB
SwapFree:        1031932 kB
benchmark_vitis PID=5550
State:	D (disk sleep)
VmPeak:	 1187224 kB
VmSize:	  980544 kB
VmRSS:	  156164 kB
VmSwap:	    3036 kB
Threads:	2

2021-11-19 19:10:58
1.07 1.11 1.34 2/148 26386
MemTotal:        2033108 kB
MemAvailable:    1492860 kB
SwapTotal:       1048572 kB
SwapFree:        1031932 kB
benchmark_vitis PID=5550
State:	S (sleeping)
VmPeak:	 1187224 kB
VmSize:	  980544 kB
VmRSS:	  156164 kB
VmSwap:	    3036 kB
Threads:	2

2021-11-19 19:11:00
1.14 1.13 1.34 2/148 26400
MemTotal:        2033108 kB
MemAvailable:    1492328 kB
SwapTotal:       1048572 kB
SwapFree:        1031932 kB
benchmark_vitis PID=5550
State:	S (sleeping)
VmPeak:	 1187224 kB
VmSize:	  980544 kB
VmRSS:	  156164 kB
VmSwap:	    3036 kB
Threads:	2

2021-11-19 19:11:03
1.14 1.13 1.34 4/149 26415
MemTotal:        2033108 kB
MemAvailable:    1500596 kB
SwapTotal:       1048572 kB
SwapFree:        1031676 kB
benchmark_vitis PID=5550
State:	R (running)
VmPeak:	 1187224 kB
VmSize:	  980544 kB
VmRSS:	  156088 kB
VmSwap:	    3036 kB
Threads:	2

2021-11-19 19:11:05
1.13 1.12 1.34 3/148 26430
MemTotal:        2033108 kB
MemAvailable:    1499864 kB
SwapTotal:       1048572 kB
SwapFree:        1031676 kB
benchmark_vitis PID=5550
State:	R (running)
VmPeak:	 1187224 kB
VmSize:	  981576 kB
VmRSS:	  156088 kB
VmSwap:	    3036 kB
Threads:	2

2021-11-19 19:11:07
1.13 1.12 1.34 2/148 26444
MemTotal:        2033108 kB
MemAvailable:    1499380 kB
SwapTotal:       1048572 kB
SwapFree:        1031676 kB
benchmark_vitis PID=5550
State:	S (sleeping)
VmPeak:	 1187224 kB
VmSize:	  980544 kB
VmRSS:	  156088 kB
VmSwap:	    3036 kB
Threads:	2

2021-11-19 19:11:09
1.12 1.12 1.34 2/148 26458
MemTotal:        2033108 kB
MemAvailable:    1498424 kB
SwapTotal:       1048572 kB
SwapFree:        1031676 kB
benchmark_vitis PID=5550
State:	S (sleeping)
VmPeak:	 1187224 kB
VmSize:	  980544 kB
VmRSS:	  156088 kB
VmSwap:	    3036 kB
Threads:	2

2021-11-19 19:11:11
1.12 1.12 1.34 2/148 26473
MemTotal:        2033108 kB
MemAvailable:    1498256 kB
SwapTotal:       1048572 kB
SwapFree:        1031676 kB
benchmark_vitis PID=5550
State:	S (sleeping)
VmPeak:	 1187224 kB
VmSize:	  980544 kB
VmRSS:	  156088 kB
VmSwap:	    3036 kB
Threads:	2

2021-11-19 19:11:13
1.12 1.12 1.34 2/148 26487
MemTotal:        2033108 kB
MemAvailable:    1498708 kB
SwapTotal:       1048572 kB
SwapFree:        1031676 kB
benchmark_vitis PID=5550
State:	R (running)
VmPeak:	 1187224 kB
VmSize:	  981432 kB
VmRSS:	  156088 kB
VmSwap:	    3036 kB
Threads:	2

2021-11-19 19:11:15
1.11 1.12 1.33 1/148 26501
MemTotal:        2033108 kB
MemAvailable:    1497584 kB
SwapTotal:       1048572 kB
SwapFree:        1031676 kB
benchmark_vitis PID=5550
State:	S (sleeping)
VmPeak:	 1187224 kB
VmSize:	  980544 kB
VmRSS:	  156056 kB
VmSwap:	    3036 kB
Threads:	2

2021-11-19 19:11:17
1.11 1.12 1.33 1/148 26515
MemTotal:        2033108 kB
MemAvailable:    1499112 kB
SwapTotal:       1048572 kB
SwapFree:        1031676 kB
benchmark_vitis PID=5550
State:	S (sleeping)
VmPeak:	 1187224 kB
VmSize:	  980544 kB
VmRSS:	  156056 kB
VmSwap:	    3036 kB
Threads:	2

2021-11-19 19:11:19
1.10 1.12 1.33 1/149 26530
MemTotal:        2033108 kB
MemAvailable:    1498276 kB
SwapTotal:       1048572 kB
SwapFree:        1031676 kB
benchmark_vitis PID=5550
State:	S (sleeping)
VmPeak:	 1187224 kB
VmSize:	  980544 kB
VmRSS:	  156056 kB
VmSwap:	    3036 kB
Threads:	2

2021-11-19 19:11:21
1.10 1.12 1.33 2/149 26544
MemTotal:        2033108 kB
MemAvailable:    1497420 kB
SwapTotal:       1048572 kB
SwapFree:        1031676 kB
benchmark_vitis PID=5550
State:	S (sleeping)
VmPeak:	 1187224 kB
VmSize:	  980544 kB
VmRSS:	  156056 kB
VmSwap:	    3036 kB
Threads:	2

2021-11-19 19:11:23
1.10 1.12 1.33 2/149 26558
MemTotal:        2033108 kB
MemAvailable:    1496312 kB
SwapTotal:       1048572 kB
SwapFree:        1031676 kB
benchmark_vitis PID=5550
State:	R (running)
VmPeak:	 1187224 kB
VmSize:	  981648 kB
VmRSS:	  156056 kB
VmSwap:	    3036 kB
Threads:	2

2021-11-19 19:11:25
1.09 1.11 1.33 1/149 26575
MemTotal:        2033108 kB
MemAvailable:    1497292 kB
SwapTotal:       1048572 kB
SwapFree:        1031420 kB
benchmark_vitis PID=5550
State:	S (sleeping)
VmPeak:	 1187224 kB
VmSize:	  980544 kB
VmRSS:	  155980 kB
VmSwap:	    3036 kB
Threads:	2

2021-11-19 19:11:27
1.09 1.11 1.33 1/149 26589
MemTotal:        2033108 kB
MemAvailable:    1496812 kB
SwapTotal:       1048572 kB
SwapFree:        1031420 kB
benchmark_vitis PID=5550
State:	S (sleeping)
VmPeak:	 1187224 kB
VmSize:	  980544 kB
VmRSS:	  155980 kB
VmSwap:	    3036 kB
Threads:	2

2021-11-19 19:11:29
1.08 1.11 1.33 2/149 26603
MemTotal:        2033108 kB
MemAvailable:    1496616 kB
SwapTotal:       1048572 kB
SwapFree:        1031420 kB
benchmark_vitis PID=5550
State:	R (running)
VmPeak:	 1187224 kB
VmSize:	  981272 kB
VmRSS:	  155980 kB
VmSwap:	    3036 kB
Threads:	2

2021-11-19 19:11:31
1.08 1.11 1.33 1/149 26617
MemTotal:        2033108 kB
MemAvailable:    1497112 kB
SwapTotal:       1048572 kB
SwapFree:        1031164 kB
benchmark_vitis PID=5550
State:	S (sleeping)
VmPeak:	 1187224 kB
VmSize:	  980544 kB
VmRSS:	  155912 kB
VmSwap:	    3036 kB
Threads:	2

2021-11-19 19:11:33
1.08 1.11 1.33 1/149 26631
MemTotal:        2033108 kB
MemAvailable:    1499112 kB
SwapTotal:       1048572 kB
SwapFree:        1031164 kB
benchmark_vitis PID=5550
State:	S (sleeping)
VmPeak:	 1187224 kB
VmSize:	  980544 kB
VmRSS:	  155912 kB
VmSwap:	    3036 kB
Threads:	2

2021-11-19 19:11:35
1.08 1.11 1.33 1/149 26645
MemTotal:        2033108 kB
MemAvailable:    1498608 kB
SwapTotal:       1048572 kB
SwapFree:        1031164 kB
benchmark_vitis PID=5550
State:	S (sleeping)
VmPeak:	 1187224 kB
VmSize:	  980544 kB
VmRSS:	  155912 kB
VmSwap:	    3036 kB
Threads:	2

2021-11-19 19:11:37
1.08 1.11 1.33 3/149 26659
MemTotal:        2033108 kB
MemAvailable:    1498648 kB
SwapTotal:       1048572 kB
SwapFree:        1031164 kB
benchmark_vitis PID=5550
State:	D (disk sleep)
VmPeak:	 1187224 kB
VmSize:	  981308 kB
VmRSS:	  155912 kB
VmSwap:	    3036 kB
Threads:	2

2021-11-19 19:11:39
1.07 1.11 1.32 1/150 26675
MemTotal:        2033108 kB
MemAvailable:    1498068 kB
SwapTotal:       1048572 kB
SwapFree:        1031164 kB
benchmark_vitis PID=5550
State:	S (sleeping)
VmPeak:	 1187224 kB
VmSize:	  980544 kB
VmRSS:	  155912 kB
VmSwap:	    3036 kB
Threads:	2

2021-11-19 19:11:41
1.07 1.11 1.32 2/150 26689
MemTotal:        2033108 kB
MemAvailable:    1497640 kB
SwapTotal:       1048572 kB
SwapFree:        1031164 kB
benchmark_vitis PID=5550
State:	S (sleeping)
VmPeak:	 1187224 kB
VmSize:	  980544 kB
VmRSS:	  155912 kB
VmSwap:	    3036 kB
Threads:	2

2021-11-19 19:11:43
1.07 1.11 1.32 1/150 26703
MemTotal:        2033108 kB
MemAvailable:    1499512 kB
SwapTotal:       1048572 kB
SwapFree:        1031164 kB
benchmark_vitis PID=5550
State:	S (sleeping)
VmPeak:	 1187224 kB
VmSize:	  980544 kB
VmRSS:	  155860 kB
VmSwap:	    3036 kB
Threads:	2

2021-11-19 19:11:45
1.07 1.11 1.32 3/149 26716
MemTotal:        2033108 kB
MemAvailable:    1499432 kB
SwapTotal:       1048572 kB
SwapFree:        1031164 kB
benchmark_vitis PID=5550
State:	R (running)
VmPeak:	 1187224 kB
VmSize:	  981492 kB
VmRSS:	  156548 kB
VmSwap:	    3036 kB
Threads:	2

2021-11-19 19:11:47
1.07 1.11 1.32 3/150 26729
MemTotal:        2033108 kB
MemAvailable:    1498728 kB
SwapTotal:       1048572 kB
SwapFree:        1031164 kB
benchmark_vitis PID=5550
State:	R (running)
VmPeak:	 1187224 kB
VmSize:	  981656 kB
VmRSS:	  155860 kB
VmSwap:	    3036 kB
Threads:	2

2021-11-19 19:11:49
1.06 1.10 1.32 2/150 26744
MemTotal:        2033108 kB
MemAvailable:    1497788 kB
SwapTotal:       1048572 kB
SwapFree:        1031164 kB
benchmark_vitis PID=5550
State:	S (sleeping)
VmPeak:	 1187224 kB
VmSize:	  980544 kB
VmRSS:	  155860 kB
VmSwap:	    3036 kB
Threads:	2

2021-11-19 19:11:51
1.06 1.10 1.32 2/151 26757
MemTotal:        2033108 kB
MemAvailable:    1496992 kB
SwapTotal:       1048572 kB
SwapFree:        1031164 kB
benchmark_vitis PID=5550
State:	S (sleeping)
VmPeak:	 1187224 kB
VmSize:	  980544 kB
VmRSS:	  155700 kB
VmSwap:	    3036 kB
Threads:	2

2021-11-19 19:11:53
1.06 1.10 1.32 2/150 26771
MemTotal:        2033108 kB
MemAvailable:    1802748 kB
SwapTotal:       1048572 kB
SwapFree:        1031164 kB
benchmark_vitis PID=5550
State:	D (disk sleep)
VmPeak:	 1187224 kB
VmSize:	  674016 kB
VmRSS:	   49512 kB
VmSwap:	    3004 kB
Threads:	1
