modelo,id,dificuldade,tp,fp,fn,tn,precision,recall,f1,iou,fpr,acuracia
"methane_mobilenet_v3.xmodel","ang20190922t192642_r0_c256_w512_h512",sem_pluma,0,0,0,262144,0,0,0,0,0,1
"methane_mobilenet_v3.xmodel","ang20190922t192642_r10752_c0_w512_h512",sem_pluma,0,0,0,262144,0,0,0,0,0,1
"methane_mobilenet_v3.xmodel","ang20190922t192642_r512_c256_w512_h512",sem_pluma,0,0,0,262144,0,0,0,0,0,1
"methane_mobilenet_v3.xmodel","ang20190922t192642_r9472_c0_w512_h512",sem_pluma,0,0,0,262144,0,0,0,0,0,1
"methane_mobilenet_v3.xmodel","ang20190922t192642_r2048_c0_w512_h512",sem_pluma,0,0,0,262144,0,0,0,0,0,1
"methane_mobilenet_v3.xmodel","ang20190922t192642_r10240_c0_w512_h512",sem_pluma,0,0,0,262144,0,0,0,0,0,1
"methane_mobilenet_v3.xmodel","ang20190922t192642_r7680_c0_w512_h512",sem_pluma,0,0,0,262144,0,0,0,0,0,1
"methane_mobilenet_v3.xmodel","ang20190922t194340_r0_c256_w512_h512",sem_pluma,0,0,0,262144,0,0,0,0,0,1
"methane_mobilenet_v3.xmodel","ang20190922t194340_r9984_c0_w512_h512",sem_pluma,0,0,0,262144,0,0,0,0,0,1
"methane_mobilenet_v3.xmodel","ang20190922t194340_r9472_c0_w512_h512",sem_pluma,0,0,0,262144,0,0,0,0,0,1
"methane_mobilenet_v3.xmodel","ang20190922t194340_r3328_c0_w512_h512",sem_pluma,0,0,0,262144,0,0,0,0,0,1
"methane_mobilenet_v3.xmodel","ang20190922t194340_r7936_c0_w512_h512",sem_pluma,0,0,0,262144,0,0,0,0,0,1
"methane_mobilenet_v3.xmodel","ang20190922t194340_r8448_c0_w512_h512",sem_pluma,0,0,0,262144,0,0,0,0,0,1
"methane_mobilenet_v3.xmodel","ang20190922t194340_r6144_c0_w512_h512",sem_pluma,0,0,0,262144,0,0,0,0,0,1
"methane_mobilenet_v3.xmodel","ang20190922t203229_r256_c512_w512_h512",sem_pluma,0,0,0,262144,0,0,0,0,0,1
"methane_mobilenet_v3.xmodel","ang20190922t203229_r8192_c256_w512_h512",sem_pluma,0,0,0,262144,0,0,0,0,0,1
"methane_mobilenet_v3.xmodel","ang20190922t203229_r768_c512_w512_h512",sem_pluma,0,0,0,262144,0,0,0,0,0,1
"methane_mobilenet_v3.xmodel","ang20190922t203229_r3328_c512_w512_h512",sem_pluma,0,0,0,262144,0,0,0,0,0,1
"methane_mobilenet_v3.xmodel","ang20190922t203229_r10752_c512_w512_h512",sem_pluma,0,0,0,262144,0,0,0,0,0,1
"methane_mobilenet_v3.xmodel","ang20190922t203229_r5632_c256_w512_h512",sem_pluma,0,0,0,262144,0,0,0,0,0,1
"methane_mobilenet_v3.xmodel","ang20190922t203229_r1280_c768_w512_h512",sem_pluma,0,0,0,262144,0,0,0,0,0,1
"methane_mobilenet_v3.xmodel","ang20190923t163307_r0_c0_w512_h512",sem_pluma,0,0,0,262144,0,0,0,0,0,1
"methane_mobilenet_v3.xmodel","ang20190923t163307_r10752_c0_w512_h512",sem_pluma,0,0,0,262144,0,0,0,0,0,1
"methane_mobilenet_v3.xmodel","ang20190923t163307_r1024_c0_w512_h512",sem_pluma,0,0,0,262144,0,0,0,0,0,1
"methane_mobilenet_v3.xmodel","ang20190923t163307_r5120_c256_w512_h512",sem_pluma,0,0,0,262144,0,0,0,0,0,1
"methane_mobilenet_v3.xmodel","ang20190923t163307_r7936_c256_w512_h512",sem_pluma,0,0,0,262144,0,0,0,0,0,1
"methane_mobilenet_v3.xmodel","ang20190923t163307_r7168_c256_w512_h512",sem_pluma,0,48,0,262096,0,0,0,0,0.00018310546875,0.999816894531
"methane_mobilenet_v3.xmodel","ang20190923t163307_r1536_c0_w512_h512",sem_pluma,0,0,0,262144,0,0,0,0,0,1
"methane_mobilenet_v3.xmodel","ang20190923t170747_r15616_c256_w512_h512",sem_pluma,0,0,0,262144,0,0,0,0,0,1
"methane_mobilenet_v3.xmodel","ang20190923t170747_r0_c0_w512_h512",sem_pluma,0,0,0,262144,0,0,0,0,0,1
"methane_mobilenet_v3.xmodel","ang20190923t170747_r512_c0_w512_h512",sem_pluma,0,0,0,262144,0,0,0,0,0,1
"methane_mobilenet_v3.xmodel","ang20190923t170747_r12288_c256_w512_h512",sem_pluma,0,0,0,262144,0,0,0,0,0,1
"methane_mobilenet_v3.xmodel","ang20190923t170747_r5120_c256_w512_h512",sem_pluma,0,0,0,262144,0,0,0,0,0,1
"methane_mobilenet_v3.xmodel","ang20190923t170747_r10752_c256_w512_h512",sem_pluma,0,0,0,262144,0,0,0,0,0,1
"methane_mobilenet_v3.xmodel","ang20190923t170747_r10240_c256_w512_h512",sem_pluma,0,0,0,262144,0,0,0,0,0,1
"methane_mobilenet_v3.xmodel","ang20190923t172416_r0_c0_w512_h512",sem_pluma,0,0,0,262144,0,0,0,0,0,1
"methane_mobilenet_v3.xmodel","ang20190923t172416_r13824_c256_w512_h512",sem_pluma,0,0,0,262144,0,0,0,0,0,1
"methane_mobilenet_v3.xmodel","ang20190923t172416_r4608_c0_w512_h512",sem_pluma,0,0,0,262144,0,0,0,0,0,1
"methane_mobilenet_v3.xmodel","ang20190923t172416_r13312_c256_w512_h512",sem_pluma,0,0,0,262144,0,0,0,0,0,1
"methane_mobilenet_v3.xmodel","ang20190923t172416_r9472_c0_w512_h512",sem_pluma,0,0,0,262144,0,0,0,0,0,1
"methane_mobilenet_v3.xmodel","ang20190923t172416_r2048_c0_w512_h512",sem_pluma,0,0,0,262144,0,0,0,0,0,1
"methane_mobilenet_v3.xmodel","ang20190923t172416_r3584_c0_w512_h512",sem_pluma,0,0,0,262144,0,0,0,0,0,1
"methane_mobilenet_v3.xmodel","ang20190923t174142_r0_c0_w512_h512",sem_pluma,0,0,0,262144,0,0,0,0,0,1
"methane_mobilenet_v3.xmodel","ang20190923t174142_r4096_c0_w512_h512",sem_pluma,0,0,0,262144,0,0,0,0,0,1
"methane_mobilenet_v3.xmodel","ang20190923t174142_r512_c0_w512_h512",sem_pluma,0,0,0,262144,0,0,0,0,0,1
"methane_mobilenet_v3.xmodel","ang20190923t174142_r7936_c0_w512_h512",sem_pluma,0,0,0,262144,0,0,0,0,0,1
"methane_mobilenet_v3.xmodel","ang20190923t174142_r11776_c256_w512_h512",sem_pluma,0,0,0,262144,0,0,0,0,0,1
"methane_mobilenet_v3.xmodel","ang20190923t174142_r11264_c256_w512_h512",sem_pluma,0,0,0,262144,0,0,0,0,0,1
"methane_mobilenet_v3.xmodel","ang20190923t174142_r12544_c256_w512_h512",sem_pluma,0,0,0,262144,0,0,0,0,0,1
"methane_mobilenet_v3.xmodel","ang20190923t181729_r0_c256_w512_h512",sem_pluma,0,0,0,262144,0,0,0,0,0,1
"methane_mobilenet_v3.xmodel","ang20190923t181729_r512_c256_w512_h512",sem_pluma,0,0,0,262144,0,0,0,0,0,1
"methane_mobilenet_v3.xmodel","ang20190923t181729_r11776_c0_w512_h512",sem_pluma,0,0,0,262144,0,0,0,0,0,1
"methane_mobilenet_v3.xmodel","ang20190923t181729_r10752_c0_w512_h512",sem_pluma,0,0,0,262144,0,0,0,0,0,1
"methane_mobilenet_v3.xmodel","ang20190923t181729_r8192_c256_w512_h512",sem_pluma,0,0,0,262144,0,0,0,0,0,1
"methane_mobilenet_v3.xmodel","ang20190923t181729_r8704_c256_w512_h512",sem_pluma,0,0,0,262144,0,0,0,0,0,1
"methane_mobilenet_v3.xmodel","ang20190923t181729_r4864_c256_w512_h512",sem_pluma,0,0,0,262144,0,0,0,0,0,1
"methane_mobilenet_v3.xmodel","ang20190923t183439_r0_c0_w512_h512",sem_pluma,0,0,0,262144,0,0,0,0,0,1
"methane_mobilenet_v3.xmodel","ang20190923t183439_r512_c0_w512_h512",sem_pluma,0,0,0,262144,0,0,0,0,0,1
"methane_mobilenet_v3.xmodel","ang20190923t183439_r1792_c0_w512_h512",sem_pluma,0,0,0,262144,0,0,0,0,0,1
"methane_mobilenet_v3.xmodel","ang20190923t183439_r10240_c0_w512_h512",sem_pluma,0,0,0,262144,0,0,0,0,0,1
"methane_mobilenet_v3.xmodel","ang20190923t183439_r3840_c0_w512_h512",sem_pluma,0,0,0,262144,0,0,0,0,0,1
"methane_mobilenet_v3.xmodel","ang20190923t183439_r10752_c256_w512_h512",sem_pluma,0,0,0,262144,0,0,0,0,0,1
"methane_mobilenet_v3.xmodel","ang20190923t183439_r11264_c0_w512_h512",sem_pluma,0,3,0,262141,0,0,0,0,1.14440917969e-05,0.999988555908
"methane_mobilenet_v3.xmodel","ang20190923t185208_r12032_c0_w512_h512",sem_pluma,0,0,0,262144,0,0,0,0,0,1
"methane_mobilenet_v3.xmodel","ang20190923t185208_r0_c0_w512_h512",sem_pluma,0,0,0,262144,0,0,0,0,0,1
"methane_mobilenet_v3.xmodel","ang20190923t185208_r768_c0_w512_h512",sem_pluma,0,0,0,262144,0,0,0,0,0,1
"methane_mobilenet_v3.xmodel","ang20190923t185208_r5632_c0_w512_h512",sem_pluma,0,0,0,262144,0,0,0,0,0,1
"methane_mobilenet_v3.xmodel","ang20190923t185208_r7936_c256_w512_h512",sem_pluma,0,0,0,262144,0,0,0,0,0,1
"methane_mobilenet_v3.xmodel","ang20190923t185208_r1536_c0_w512_h512",sem_pluma,0,0,0,262144,0,0,0,0,0,1
"methane_mobilenet_v3.xmodel","ang20190923t185208_r3584_c0_w512_h512",sem_pluma,0,0,0,262144,0,0,0,0,0,1
"methane_mobilenet_v3.xmodel","ang20190923t190921_r12288_c256_w512_h512",sem_pluma,0,0,0,262144,0,0,0,0,0,1
"methane_mobilenet_v3.xmodel","ang20190923t190921_r11776_c256_w512_h512",sem_pluma,0,0,0,262144,0,0,0,0,0,1
"methane_mobilenet_v3.xmodel","ang20190923t190921_r1024_c0_w512_h512",sem_pluma,0,0,0,262144,0,0,0,0,0,1
"methane_mobilenet_v3.xmodel","ang20190923t190921_r9984_c256_w512_h512",sem_pluma,0,12,0,262132,0,0,0,0,4.57763671875e-05,0.999954223633
"methane_mobilenet_v3.xmodel","ang20190923t190921_r5376_c0_w512_h512",sem_pluma,0,0,0,262144,0,0,0,0,0,1
"methane_mobilenet_v3.xmodel","ang20190923t190921_r0_c0_w512_h512",sem_pluma,0,0,0,262144,0,0,0,0,0,1
"methane_mobilenet_v3.xmodel","ang20190923t190921_r5888_c256_w512_h512",sem_pluma,0,0,0,262144,0,0,0,0,0,1
"methane_mobilenet_v3.xmodel","ang20190923t192543_r11008_c0_w512_h512",sem_pluma,0,0,0,262144,0,0,0,0,0,1
"methane_mobilenet_v3.xmodel","ang20190923t192543_r11520_c256_w512_h512",sem_pluma,0,0,0,262144,0,0,0,0,0,1
"methane_mobilenet_v3.xmodel","ang20190923t192543_r12032_c256_w512_h512",sem_pluma,0,0,0,262144,0,0,0,0,0,1
"methane_mobilenet_v3.xmodel","ang20190923t192543_r9216_c0_w512_h512",sem_pluma,0,0,0,262144,0,0,0,0,0,1
"methane_mobilenet_v3.xmodel","ang20190923t192543_r5376_c256_w512_h512",sem_pluma,0,0,0,262144,0,0,0,0,0,1
"methane_mobilenet_v3.xmodel","ang20190923t192543_r13056_c256_w512_h512",sem_pluma,0,0,0,262144,0,0,0,0,0,1
"methane_mobilenet_v3.xmodel","ang20190923t192543_r768_c0_w512_h512",sem_pluma,0,4,0,262140,0,0,0,0,1.52587890625e-05,0.999984741211
"methane_mobilenet_v3.xmodel","ang20190923t194235_r3072_c0_w512_h512",sem_pluma,0,0,0,262144,0,0,0,0,0,1
"methane_mobilenet_v3.xmodel","ang20190923t194235_r2560_c0_w512_h512",sem_pluma,0,0,0,262144,0,0,0,0,0,1
"methane_mobilenet_v3.xmodel","ang20190923t194235_r3584_c0_w512_h512",sem_pluma,0,0,0,262144,0,0,0,0,0,1
"methane_mobilenet_v3.xmodel","ang20190923t194235_r256_c0_w512_h512",sem_pluma,0,0,0,262144,0,0,0,0,0,1
"methane_mobilenet_v3.xmodel","ang20190923t194235_r1280_c0_w512_h512",sem_pluma,0,0,0,262144,0,0,0,0,0,1
"methane_mobilenet_v3.xmodel","ang20190923t194235_r13312_c0_w512_h512",sem_pluma,0,0,0,262144,0,0,0,0,0,1
"methane_mobilenet_v3.xmodel","ang20190923t194235_r11520_c0_w512_h512",sem_pluma,0,0,0,262144,0,0,0,0,0,1
"methane_mobilenet_v3.xmodel","ang20190923t195907_r8704_c0_w512_h512",sem_pluma,0,90,0,262054,0,0,0,0,0.000343322753906,0.999656677246
"methane_mobilenet_v3.xmodel","ang20190923t195907_r3840_c0_w512_h512",sem_pluma,0,0,0,262144,0,0,0,0,0,1
"methane_mobilenet_v3.xmodel","ang20190923t195907_r5376_c256_w512_h512",sem_pluma,0,0,0,262144,0,0,0,0,0,1
"methane_mobilenet_v3.xmodel","ang20190923t195907_r4864_c0_w512_h512",sem_pluma,0,0,0,262144,0,0,0,0,0,1
"methane_mobilenet_v3.xmodel","ang20190923t195907_r6144_c0_w512_h512",sem_pluma,0,0,0,262144,0,0,0,0,0,1
"methane_mobilenet_v3.xmodel","ang20190923t195907_r10752_c256_w512_h512",sem_pluma,0,0,0,262144,0,0,0,0,0,1
"methane_mobilenet_v3.xmodel","ang20190923t195907_r9216_c0_w512_h512",sem_pluma,0,0,0,262144,0,0,0,0,0,1
"methane_mobilenet_v3.xmodel","ang20190924t165509_r0_c0_w512_h512",sem_pluma,0,0,0,262144,0,0,0,0,0,1
"methane_mobilenet_v3.xmodel","ang20190924t165509_r512_c0_w512_h512",sem_pluma,0,0,0,262144,0,0,0,0,0,1
"methane_mobilenet_v3.xmodel","ang20190924t165509_r2048_c0_w512_h512",sem_pluma,0,0,0,262144,0,0,0,0,0,1
"methane_mobilenet_v3.xmodel","ang20190924t165836_r2560_c0_w512_h512",sem_pluma,0,0,0,262144,0,0,0,0,0,1
"methane_mobilenet_v3.xmodel","ang20190924t165836_r3328_c0_w512_h512",sem_pluma,0,0,0,262144,0,0,0,0,0,1
"methane_mobilenet_v3.xmodel","ang20190924t165836_r256_c0_w512_h512",sem_pluma,0,0,0,262144,0,0,0,0,0,1
"methane_mobilenet_v3.xmodel","ang20190924t165836_r4608_c0_w512_h512",sem_pluma,0,0,0,262144,0,0,0,0,0,1
"methane_mobilenet_v3.xmodel","ang20190924t165836_r15360_c0_w512_h512",sem_pluma,0,0,0,262144,0,0,0,0,0,1
"methane_mobilenet_v3.xmodel","ang20190924t165836_r10496_c0_w512_h512",sem_pluma,0,0,0,262144,0,0,0,0,0,1
"methane_mobilenet_v3.xmodel","ang20190924t165836_r5888_c0_w512_h512",sem_pluma,0,0,0,262144,0,0,0,0,0,1
"methane_mobilenet_v3.xmodel","ang20190924t172057_r7424_c0_w512_h512",sem_pluma,0,0,0,262144,0,0,0,0,0,1
"methane_mobilenet_v3.xmodel","ang20190924t172057_r0_c0_w512_h512",sem_pluma,0,0,0,262144,0,0,0,0,0,1
"methane_mobilenet_v3.xmodel","ang20190924t172057_r1280_c0_w512_h512",sem_pluma,0,0,0,262144,0,0,0,0,0,1
"methane_mobilenet_v3.xmodel","ang20190924t172057_r10752_c0_w512_h512",sem_pluma,0,0,0,262144,0,0,0,0,0,1
"methane_mobilenet_v3.xmodel","ang20190924t172057_r19200_c0_w512_h512",sem_pluma,0,0,0,262144,0,0,0,0,0,1
"methane_mobilenet_v3.xmodel","ang20190924t172057_r15360_c256_w512_h512",sem_pluma,0,0,0,262144,0,0,0,0,0,1
"methane_mobilenet_v3.xmodel","ang20190924t172057_r16896_c0_w512_h512",sem_pluma,0,0,0,262144,0,0,0,0,0,1
"methane_mobilenet_v3.xmodel","ang20190924t174538_r0_c0_w512_h512",sem_pluma,0,0,0,262144,0,0,0,0,0,1
"methane_mobilenet_v3.xmodel","ang20190924t174538_r1280_c0_w512_h512",sem_pluma,0,0,0,262144,0,0,0,0,0,1
"methane_mobilenet_v3.xmodel","ang20190924t174538_r512_c0_w512_h512",sem_pluma,0,0,0,262144,0,0,0,0,0,1
"methane_mobilenet_v3.xmodel","ang20190924t174538_r15104_c0_w512_h512",sem_pluma,0,0,0,262144,0,0,0,0,0,1
"methane_mobilenet_v3.xmodel","ang20190924t174538_r16384_c0_w512_h512",sem_pluma,0,0,0,262144,0,0,0,0,0,1
"methane_mobilenet_v3.xmodel","ang20190924t174538_r22272_c0_w512_h512",sem_pluma,0,0,0,262144,0,0,0,0,0,1
"methane_mobilenet_v3.xmodel","ang20190924t174538_r13312_c256_w512_h512",sem_pluma,0,0,0,262144,0,0,0,0,0,1
"methane_mobilenet_v3.xmodel","ang20190924t181121_r768_c0_w512_h512",sem_pluma,0,0,0,262144,0,0,0,0,0,1
"methane_mobilenet_v3.xmodel","ang20190924t181121_r18176_c256_w512_h512",sem_pluma,0,0,0,262144,0,0,0,0,0,1
"methane_mobilenet_v3.xmodel","ang20190924t181121_r4864_c0_w512_h512",sem_pluma,0,0,0,262144,0,0,0,0,0,1
"methane_mobilenet_v3.xmodel","ang20190924t181121_r20480_c256_w512_h512",sem_pluma,0,0,0,262144,0,0,0,0,0,1
"methane_mobilenet_v3.xmodel","ang20190924t181121_r19712_c0_w512_h512",sem_pluma,0,0,0,262144,0,0,0,0,0,1
"methane_mobilenet_v3.xmodel","ang20190924t181121_r2560_c0_w512_h512",sem_pluma,0,0,0,262144,0,0,0,0,0,1
"methane_mobilenet_v3.xmodel","ang20190924t181121_r22784_c0_w512_h512",sem_pluma,0,0,0,262144,0,0,0,0,0,1
"methane_mobilenet_v3.xmodel","ang20190924t183641_r13312_c0_w512_h512",sem_pluma,0,0,0,262144,0,0,0,0,0,1
"methane_mobilenet_v3.xmodel","ang20190924t183641_r2304_c0_w512_h512",sem_pluma,0,0,0,262144,0,0,0,0,0,1
"methane_mobilenet_v3.xmodel","ang20190924t183641_r4608_c0_w512_h512",sem_pluma,0,0,0,262144,0,0,0,0,0,1
"methane_mobilenet_v3.xmodel","ang20190924t183641_r7168_c0_w512_h512",sem_pluma,0,0,0,262144,0,0,0,0,0,1
"methane_mobilenet_v3.xmodel","ang20190924t183641_r10496_c0_w512_h512",sem_pluma,0,0,0,262144,0,0,0,0,0,1
"methane_mobilenet_v3.xmodel","ang20190924t183641_r9984_c256_w512_h512",sem_pluma,0,0,0,262144,0,0,0,0,0,1
"methane_mobilenet_v3.xmodel","ang20190924t183641_r7936_c0_w512_h512",sem_pluma,0,0,0,262144,0,0,0,0,0,1
"methane_mobilenet_v3.xmodel","ang20190924t193726_r3072_c0_w512_h512",sem_pluma,0,0,0,262144,0,0,0,0,0,1
"methane_mobilenet_v3.xmodel","ang20190924t193726_r1024_c0_w512_h512",sem_pluma,0,0,0,262144,0,0,0,0,0,1
"methane_mobilenet_v3.xmodel","ang20190924t193726_r1536_c0_w512_h512",sem_pluma,0,0,0,262144,0,0,0,0,0,1
"methane_mobilenet_v3.xmodel","ang20190924t193726_r4352_c0_w512_h512",sem_pluma,0,0,0,262144,0,0,0,0,0,1
"methane_mobilenet_v3.xmodel","ang20190924t193726_r512_c0_w512_h512",sem_pluma,0,0,0,262144,0,0,0,0,0,1
"methane_mobilenet_v3.xmodel","ang20190924t193726_r5120_c0_w512_h512",sem_pluma,0,0,0,262144,0,0,0,0,0,1
"methane_mobilenet_v3.xmodel","ang20190924t193726_r3584_c0_w512_h512",sem_pluma,0,0,0,262144,0,0,0,0,0,1
"methane_mobilenet_v3.xmodel","ang20190926t152524_r0_c256_w512_h512",sem_pluma,0,0,0,262144,0,0,0,0,0,1
"methane_mobilenet_v3.xmodel","ang20190926t152524_r7680_c0_w512_h512",sem_pluma,0,0,0,262144,0,0,0,0,0,1
"methane_mobilenet_v3.xmodel","ang20190926t152524_r512_c256_w512_h512",sem_pluma,0,0,0,262144,0,0,0,0,0,1
"methane_mobilenet_v3.xmodel","ang20190926t152524_r13312_c0_w512_h512",sem_pluma,0,0,0,262144,0,0,0,0,0,1
"methane_mobilenet_v3.xmodel","ang20190926t152524_r10240_c0_w512_h512",sem_pluma,0,2,0,262142,0,0,0,0,7.62939453125e-06,0.999992370605
"methane_mobilenet_v3.xmodel","ang20190926t152524_r5888_c256_w512_h512",sem_pluma,0,0,0,262144,0,0,0,0,0,1
"methane_mobilenet_v3.xmodel","ang20190926t152524_r12800_c0_w512_h512",sem_pluma,0,0,0,262144,0,0,0,0,0,1
"methane_mobilenet_v3.xmodel","ang20190926t154314_r13568_c256_w512_h512",sem_pluma,0,0,0,262144,0,0,0,0,0,1
"methane_mobilenet_v3.xmodel","ang20190926t154314_r7936_c256_w512_h512",sem_pluma,0,0,0,262144,0,0,0,0,0,1
"methane_mobilenet_v3.xmodel","ang20190926t154314_r11776_c0_w512_h512",sem_pluma,0,0,0,262144,0,0,0,0,0,1
"methane_mobilenet_v3.xmodel","ang20190926t154314_r3840_c0_w512_h512",sem_pluma,0,0,0,262144,0,0,0,0,0,1
"methane_mobilenet_v3.xmodel","ang20190926t154314_r11008_c0_w512_h512",sem_pluma,0,0,0,262144,0,0,0,0,0,1
"methane_mobilenet_v3.xmodel","ang20190926t154314_r10240_c256_w512_h512",sem_pluma,0,0,0,262144,0,0,0,0,0,1
"methane_mobilenet_v3.xmodel","ang20190926t154314_r5376_c0_w512_h512",sem_pluma,0,0,0,262144,0,0,0,0,0,1
"methane_mobilenet_v3.xmodel","ang20190926t160016_r10240_c0_w512_h512",sem_pluma,0,0,0,262144,0,0,0,0,0,1
"methane_mobilenet_v3.xmodel","ang20190926t160016_r7680_c256_w512_h512",sem_pluma,0,0,0,262144,0,0,0,0,0,1
"methane_mobilenet_v3.xmodel","ang20190926t160016_r8448_c0_w512_h512",sem_pluma,0,0,0,262144,0,0,0,0,0,1
"methane_mobilenet_v3.xmodel","ang20190926t160016_r5632_c256_w512_h512",sem_pluma,0,0,0,262144,0,0,0,0,0,1
"methane_mobilenet_v3.xmodel","ang20190926t160016_r4096_c256_w512_h512",sem_pluma,0,0,0,262144,0,0,0,0,0,1
"methane_mobilenet_v3.xmodel","ang20190926t160016_r4608_c0_w512_h512",sem_pluma,0,0,0,262144,0,0,0,0,0,1
"methane_mobilenet_v3.xmodel","ang20190926t160016_r6400_c0_w512_h512",sem_pluma,0,0,0,262144,0,0,0,0,0,1
"methane_mobilenet_v3.xmodel","ang20190926t161748_r8960_c256_w512_h512",sem_pluma,0,50,0,262094,0,0,0,0,0.000190734863281,0.999809265137
"methane_mobilenet_v3.xmodel","ang20190926t161748_r10752_c256_w512_h512",sem_pluma,0,0,0,262144,0,0,0,0,0,1
"methane_mobilenet_v3.xmodel","ang20190926t161748_r5376_c0_w512_h512",sem_pluma,0,0,0,262144,0,0,0,0,0,1
"methane_mobilenet_v3.xmodel","ang20190926t161748_r9984_c256_w512_h512",sem_pluma,0,0,0,262144,0,0,0,0,0,1
"methane_mobilenet_v3.xmodel","ang20190926t161748_r13312_c256_w512_h512",sem_pluma,0,0,0,262144,0,0,0,0,0,1
"methane_mobilenet_v3.xmodel","ang20190926t161748_r12544_c256_w512_h512",sem_pluma,0,0,0,262144,0,0,0,0,0,1
"methane_mobilenet_v3.xmodel","ang20190926t161748_r7936_c256_w512_h512",sem_pluma,0,0,0,262144,0,0,0,0,0,1
"methane_mobilenet_v3.xmodel","ang20190926t163428_r8960_c256_w512_h512",sem_pluma,0,0,0,262144,0,0,0,0,0,1
"methane_mobilenet_v3.xmodel","ang20190926t163428_r2048_c0_w512_h512",sem_pluma,0,0,0,262144,0,0,0,0,0,1
"methane_mobilenet_v3.xmodel","ang20190926t163428_r0_c0_w512_h512",sem_pluma,0,0,0,262144,0,0,0,0,0,1
"methane_mobilenet_v3.xmodel","ang20190926t163428_r11520_c256_w512_h512",sem_pluma,0,0,0,262144,0,0,0,0,0,1
"methane_mobilenet_v3.xmodel","ang20190926t163428_r12544_c0_w512_h512",sem_pluma,0,0,0,262144,0,0,0,0,0,1
"methane_mobilenet_v3.xmodel","ang20190926t163428_r4352_c0_w512_h512",sem_pluma,0,0,0,262144,0,0,0,0,0,1
"methane_mobilenet_v3.xmodel","ang20190926t163428_r8448_c0_w512_h512",sem_pluma,0,0,0,262144,0,0,0,0,0,1
"methane_mobilenet_v3.xmodel","ang20190926t165202_r1024_c0_w512_h512",sem_pluma,0,0,0,262144,0,0,0,0,0,1
"methane_mobilenet_v3.xmodel","ang20190926t165202_r4608_c0_w512_h512",sem_pluma,0,0,0,262144,0,0,0,0,0,1
"methane_mobilenet_v3.xmodel","ang20190926t165202_r512_c0_w512_h512",sem_pluma,0,0,0,262144,0,0,0,0,0,1
"methane_mobilenet_v3.xmodel","ang20190926t165202_r3584_c0_w512_h512",sem_pluma,0,0,0,262144,0,0,0,0,0,1
"methane_mobilenet_v3.xmodel","ang20190926t165202_r7680_c256_w512_h512",sem_pluma,0,0,0,262144,0,0,0,0,0,1
"methane_mobilenet_v3.xmodel","ang20190926t165202_r8192_c256_w512_h512",sem_pluma,0,0,0,262144,0,0,0,0,0,1
"methane_mobilenet_v3.xmodel","ang20190926t165202_r6144_c0_w512_h512",sem_pluma,0,0,0,262144,0,0,0,0,0,1
"methane_mobilenet_v3.xmodel","ang20190926t171159_r0_c0_w512_h512",sem_pluma,0,0,0,262144,0,0,0,0,0,1
"methane_mobilenet_v3.xmodel","ang20190926t171159_r5120_c256_w512_h512",sem_pluma,0,0,0,262144,0,0,0,0,0,1
"methane_mobilenet_v3.xmodel","ang20190926t171159_r7168_c256_w512_h512",sem_pluma,0,181,0,261963,0,0,0,0,0.000690460205078,0.999309539795
"methane_mobilenet_v3.xmodel","ang20190926t171159_r11264_c256_w512_h512",sem_pluma,0,0,0,262144,0,0,0,0,0,1
"methane_mobilenet_v3.xmodel","ang20190926t171159_r11776_c0_w512_h512",sem_pluma,0,0,0,262144,0,0,0,0,0,1
"methane_mobilenet_v3.xmodel","ang20190926t171159_r9728_c256_w512_h512",sem_pluma,0,15,0,262129,0,0,0,0,5.72204589844e-05,0.999942779541
"methane_mobilenet_v3.xmodel","ang20190926t171159_r8448_c256_w512_h512",sem_pluma,0,0,0,262144,0,0,0,0,0,1
"methane_mobilenet_v3.xmodel","ang20190926t172904_r0_c0_w512_h512",sem_pluma,0,0,0,262144,0,0,0,0,0,1
"methane_mobilenet_v3.xmodel","ang20190926t172904_r3840_c0_w512_h512",sem_pluma,0,0,0,262144,0,0,0,0,0,1
"methane_mobilenet_v3.xmodel","ang20190926t172904_r2560_c0_w512_h512",sem_pluma,0,0,0,262144,0,0,0,0,0,1
"methane_mobilenet_v3.xmodel","ang20190926t172904_r1792_c0_w512_h512",sem_pluma,0,0,0,262144,0,0,0,0,0,1
"methane_mobilenet_v3.xmodel","ang20190926t172904_r9984_c256_w512_h512",sem_pluma,0,0,0,262144,0,0,0,0,0,1
"methane_mobilenet_v3.xmodel","ang20190926t172904_r11264_c256_w512_h512",sem_pluma,0,0,0,262144,0,0,0,0,0,1
"methane_mobilenet_v3.xmodel","ang20190926t172904_r7168_c256_w512_h512",sem_pluma,0,0,0,262144,0,0,0,0,0,1
"methane_mobilenet_v3.xmodel","ang20190926t174644_r8192_c0_w512_h512",sem_pluma,0,0,0,262144,0,0,0,0,0,1
"methane_mobilenet_v3.xmodel","ang20190926t174644_r3840_c0_w512_h512",sem_pluma,0,0,0,262144,0,0,0,0,0,1
"methane_mobilenet_v3.xmodel","ang20190926t174644_r0_c0_w512_h512",sem_pluma,0,0,0,262144,0,0,0,0,0,1
"methane_mobilenet_v3.xmodel","ang20190926t174644_r7680_c0_w512_h512",sem_pluma,0,0,0,262144,0,0,0,0,0,1
"methane_mobilenet_v3.xmodel","ang20190926t174644_r10496_c0_w512_h512",sem_pluma,0,0,0,262144,0,0,0,0,0,1
"methane_mobilenet_v3.xmodel","ang20190926t174644_r6912_c256_w512_h512",sem_pluma,0,477,0,261667,0,0,0,0,0.0018196105957,0.998180389404
"methane_mobilenet_v3.xmodel","ang20190926t174644_r8704_c0_w512_h512",sem_pluma,0,0,0,262144,0,0,0,0,0,1
"methane_mobilenet_v3.xmodel","ang20190926t180335_r3584_c0_w512_h512",sem_pluma,0,0,0,262144,0,0,0,0,0,1
"methane_mobilenet_v3.xmodel","ang20190926t180335_r5632_c0_w512_h512",sem_pluma,0,0,0,262144,0,0,0,0,0,1
"methane_mobilenet_v3.xmodel","ang20190926t180335_r0_c0_w512_h512",sem_pluma,0,0,0,262144,0,0,0,0,0,1
"methane_mobilenet_v3.xmodel","ang20190926t180335_r4352_c0_w512_h512",sem_pluma,0,0,0,262144,0,0,0,0,0,1
"methane_mobilenet_v3.xmodel","ang20190926t180335_r8448_c0_w512_h512",sem_pluma,0,0,0,262144,0,0,0,0,0,1
"methane_mobilenet_v3.xmodel","ang20190926t180335_r10240_c0_w512_h512",sem_pluma,0,0,0,262144,0,0,0,0,0,1
"methane_mobilenet_v3.xmodel","ang20190926t180335_r7680_c0_w512_h512",sem_pluma,0,0,0,262144,0,0,0,0,0,1
"methane_mobilenet_v3.xmodel","ang20190926t182043_r4096_c0_w512_h512",sem_pluma,0,0,0,262144,0,0,0,0,0,1
"methane_mobilenet_v3.xmodel","ang20190926t182043_r0_c256_w512_h512",sem_pluma,0,0,0,262144,0,0,0,0,0,1
"methane_mobilenet_v3.xmodel","ang20190926t182043_r6656_c0_w512_h512",sem_pluma,0,0,0,262144,0,0,0,0,0,1
"methane_mobilenet_v3.xmodel","ang20190926t182043_r4864_c256_w512_h512",sem_pluma,0,0,0,262144,0,0,0,0,0,1
"methane_mobilenet_v3.xmodel","ang20190926t182043_r8960_c0_w512_h512",sem_pluma,0,0,0,262144,0,0,0,0,0,1
"methane_mobilenet_v3.xmodel","ang20190926t182043_r8192_c0_w512_h512",sem_pluma,0,0,0,262144,0,0,0,0,0,1
"methane_mobilenet_v3.xmodel","ang20190926t182043_r768_c256_w512_h512",sem_pluma,0,6,0,262138,0,0,0,0,2.28881835938e-05,0.999977111816
"methane_mobilenet_v3.xmodel","ang20190926t184029_r12800_c256_w512_h512",sem_pluma,0,0,0,262144,0,0,0,0,0,1
"methane_mobilenet_v3.xmodel","ang20190926t184029_r9216_c256_w512_h512",sem_pluma,0,0,0,262144,0,0,0,0,0,1
"methane_mobilenet_v3.xmodel","ang20190926t184029_r8192_c256_w512_h512",sem_pluma,0,0,0,262144,0,0,0,0,0,1
"methane_mobilenet_v3.xmodel","ang20190926t184029_r8704_c256_w512_h512",sem_pluma,0,0,0,262144,0,0,0,0,0,1
"methane_mobilenet_v3.xmodel","ang20190926t184029_r3328_c0_w512_h512",sem_pluma,0,0,0,262144,0,0,0,0,0,1
"methane_mobilenet_v3.xmodel","ang20190926t184029_r6912_c256_w512_h512",sem_pluma,0,0,0,262144,0,0,0,0,0,1
"methane_mobilenet_v3.xmodel","ang20190926t184029_r7424_c0_w512_h512",sem_pluma,0,0,0,262144,0,0,0,0,0,1
"methane_mobilenet_v3.xmodel","ang20190926t185727_r8704_c0_w512_h512",sem_pluma,0,0,0,262144,0,0,0,0,0,1
"methane_mobilenet_v3.xmodel","ang20190926t185727_r13056_c256_w512_h512",sem_pluma,0,0,0,262144,0,0,0,0,0,1
"methane_mobilenet_v3.xmodel","ang20190926t185727_r7680_c256_w512_h512",sem_pluma,0,0,0,262144,0,0,0,0,0,1
"methane_mobilenet_v3.xmodel","ang20190926t185727_r9984_c256_w512_h512",sem_pluma,0,0,0,262144,0,0,0,0,0,1
"methane_mobilenet_v3.xmodel","ang20190926t185727_r12032_c0_w512_h512",sem_pluma,0,0,0,262144,0,0,0,0,0,1
"methane_mobilenet_v3.xmodel","ang20190926t185727_r5632_c0_w512_h512",sem_pluma,0,0,0,262144,0,0,0,0,0,1
"methane_mobilenet_v3.xmodel","ang20190926t185727_r3072_c0_w512_h512",sem_pluma,0,0,0,262144,0,0,0,0,0,1
"methane_mobilenet_v3.xmodel","ang20190926t191417_r0_c0_w512_h512",sem_pluma,0,0,0,262144,0,0,0,0,0,1
"methane_mobilenet_v3.xmodel","ang20190926t191417_r7936_c256_w512_h512",sem_pluma,0,0,0,262144,0,0,0,0,0,1
"methane_mobilenet_v3.xmodel","ang20190926t191417_r8448_c256_w512_h512",sem_pluma,0,0,0,262144,0,0,0,0,0,1
"methane_mobilenet_v3.xmodel","ang20190926t191417_r11776_c0_w512_h512",sem_pluma,0,0,0,262144,0,0,0,0,0,1
"methane_mobilenet_v3.xmodel","ang20190926t191417_r1024_c0_w512_h512",sem_pluma,0,0,0,262144,0,0,0,0,0,1
"methane_mobilenet_v3.xmodel","ang20190926t191417_r9216_c0_w512_h512",sem_pluma,0,0,0,262144,0,0,0,0,0,1
"methane_mobilenet_v3.xmodel","ang20190926t191417_r6144_c256_w512_h512",sem_pluma,0,0,0,262144,0,0,0,0,0,1
"methane_mobilenet_v3.xmodel","ang20190926t193117_r0_c0_w512_h512",sem_pluma,0,0,0,262144,0,0,0,0,0,1
"methane_mobilenet_v3.xmodel","ang20190926t193117_r11008_c256_w512_h512",sem_pluma,0,0,0,262144,0,0,0,0,0,1
"methane_mobilenet_v3.xmodel","ang20190926t193117_r9472_c0_w512_h512",sem_pluma,0,0,0,262144,0,0,0,0,0,1
"methane_mobilenet_v3.xmodel","ang20190926t193117_r3328_c0_w512_h512",sem_pluma,0,0,0,262144,0,0,0,0,0,1
"methane_mobilenet_v3.xmodel","ang20190926t193117_r4352_c0_w512_h512",sem_pluma,0,0,0,262144,0,0,0,0,0,1
"methane_mobilenet_v3.xmodel","ang20190926t193117_r3840_c0_w512_h512",sem_pluma,0,0,0,262144,0,0,0,0,0,1
"methane_mobilenet_v3.xmodel","ang20190926t193117_r6656_c0_w512_h512",sem_pluma,0,0,0,262144,0,0,0,0,0,1
"methane_mobilenet_v3.xmodel","ang20190926t213844_r6144_c256_w512_h512",sem_pluma,0,0,0,262144,0,0,0,0,0,1
"methane_mobilenet_v3.xmodel","ang20190926t213844_r1280_c256_w512_h512",sem_pluma,0,0,0,262144,0,0,0,0,0,1
"methane_mobilenet_v3.xmodel","ang20190926t213844_r3584_c256_w512_h512",sem_pluma,0,0,0,262144,0,0,0,0,0,1
"methane_mobilenet_v3.xmodel","ang20190926t213844_r5632_c256_w512_h512",sem_pluma,0,0,0,262144,0,0,0,0,0,1
"methane_mobilenet_v3.xmodel","ang20190926t213844_r2560_c256_w512_h512",sem_pluma,0,0,0,262144,0,0,0,0,0,1
"methane_mobilenet_v3.xmodel","ang20190926t213844_r4864_c256_w512_h512",sem_pluma,0,0,0,262144,0,0,0,0,0,1
"methane_mobilenet_v3.xmodel","ang20190926t213844_r256_c256_w512_h512",sem_pluma,0,0,0,262144,0,0,0,0,0,1
"methane_mobilenet_v3.xmodel","ang20190926t220008_r8704_c256_w512_h512",sem_pluma,0,0,0,262144,0,0,0,0,0,1
"methane_mobilenet_v3.xmodel","ang20190926t220008_r7936_c256_w512_h512",sem_pluma,0,0,0,262144,0,0,0,0,0,1
"methane_mobilenet_v3.xmodel","ang20190926t220008_r7424_c256_w512_h512",sem_pluma,0,0,0,262144,0,0,0,0,0,1
"methane_mobilenet_v3.xmodel","ang20190926t220008_r768_c0_w512_h512",sem_pluma,0,0,0,262144,0,0,0,0,0,1
"methane_mobilenet_v3.xmodel","ang20190926t220008_r2304_c256_w512_h512",sem_pluma,0,0,0,262144,0,0,0,0,0,1
"methane_mobilenet_v3.xmodel","ang20190926t220008_r2816_c0_w512_h512",sem_pluma,0,0,0,262144,0,0,0,0,0,1
"methane_mobilenet_v3.xmodel","ang20190926t220008_r256_c0_w512_h512",sem_pluma,0,0,0,262144,0,0,0,0,0,1
"methane_mobilenet_v3.xmodel","ang20190926t221757_r5376_c0_w512_h512",sem_pluma,0,0,0,262144,0,0,0,0,0,1
"methane_mobilenet_v3.xmodel","ang20190926t221757_r1792_c0_w512_h512",sem_pluma,0,0,0,262144,0,0,0,0,0,1
"methane_mobilenet_v3.xmodel","ang20190926t221757_r4864_c0_w512_h512",sem_pluma,0,0,0,262144,0,0,0,0,0,1
"methane_mobilenet_v3.xmodel","ang20190926t221757_r10240_c256_w512_h512",sem_pluma,0,0,0,262144,0,0,0,0,0,1
"methane_mobilenet_v3.xmodel","ang20190926t221757_r3840_c0_w512_h512",sem_pluma,0,0,0,262144,0,0,0,0,0,1
"methane_mobilenet_v3.xmodel","ang20190926t221757_r10752_c0_w512_h512",sem_pluma,0,0,0,262144,0,0,0,0,0,1
"methane_mobilenet_v3.xmodel","ang20190926t221757_r0_c0_w512_h512",sem_pluma,0,0,0,262144,0,0,0,0,0,1
"methane_mobilenet_v3.xmodel","ang20190926t223557_r12288_c256_w512_h512",sem_pluma,0,0,0,262144,0,0,0,0,0,1
"methane_mobilenet_v3.xmodel","ang20190926t223557_r7168_c0_w512_h512",sem_pluma,0,0,0,262144,0,0,0,0,0,1
"methane_mobilenet_v3.xmodel","ang20190926t223557_r8704_c0_w512_h512",sem_pluma,0,0,0,262144,0,0,0,0,0,1
"methane_mobilenet_v3.xmodel","ang20190926t223557_r1536_c0_w512_h512",sem_pluma,0,0,0,262144,0,0,0,0,0,1
"methane_mobilenet_v3.xmodel","ang20190926t223557_r11520_c256_w512_h512",sem_pluma,0,0,0,262144,0,0,0,0,0,1
"methane_mobilenet_v3.xmodel","ang20190926t223557_r5120_c0_w512_h512",sem_pluma,0,3,0,262141,0,0,0,0,1.14440917969e-05,0.999988555908
"methane_mobilenet_v3.xmodel","ang20190926t223557_r6656_c0_w512_h512",sem_pluma,0,0,0,262144,0,0,0,0,0,1
"methane_mobilenet_v3.xmodel","ang20190927t145113_r0_c0_w512_h512",sem_pluma,0,0,0,262144,0,0,0,0,0,1
"methane_mobilenet_v3.xmodel","ang20190927t145113_r1280_c0_w512_h512",sem_pluma,0,0,0,262144,0,0,0,0,0,1
"methane_mobilenet_v3.xmodel","ang20190927t145113_r6144_c0_w512_h512",sem_pluma,0,0,0,262144,0,0,0,0,0,1
"methane_mobilenet_v3.xmodel","ang20190927t145113_r3328_c0_w512_h512",sem_pluma,0,0,0,262144,0,0,0,0,0,1
"methane_mobilenet_v3.xmodel","ang20190927t145113_r4864_c0_w512_h512",sem_pluma,0,0,0,262144,0,0,0,0,0,1
"methane_mobilenet_v3.xmodel","ang20190927t145113_r4352_c0_w512_h512",sem_pluma,0,0,0,262144,0,0,0,0,0,1
"methane_mobilenet_v3.xmodel","ang20190927t145113_r3840_c0_w512_h512",sem_pluma,0,0,0,262144,0,0,0,0,0,1
"methane_mobilenet_v3.xmodel","ang20190927t151239_r0_c0_w512_h512",sem_pluma,0,0,0,262144,0,0,0,0,0,1
"methane_mobilenet_v3.xmodel","ang20190927t151239_r512_c0_w512_h512",sem_pluma,0,0,0,262144,0,0,0,0,0,1
"methane_mobilenet_v3.xmodel","ang20190927t151239_r7680_c0_w512_h512",sem_pluma,0,0,0,262144,0,0,0,0,0,1
"methane_mobilenet_v3.xmodel","ang20190927t151239_r2304_c0_w512_h512",sem_pluma,0,0,0,262144,0,0,0,0,0,1
"methane_mobilenet_v3.xmodel","ang20190927t151239_r3584_c0_w512_h512",sem_pluma,0,0,0,262144,0,0,0,0,0,1
"methane_mobilenet_v3.xmodel","ang20190927t151239_r10240_c0_w512_h512",sem_pluma,0,0,0,262144,0,0,0,0,0,1
"methane_mobilenet_v3.xmodel","ang20190927t151239_r9728_c256_w512_h512",sem_pluma,0,0,0,262144,0,0,0,0,0,1
"methane_mobilenet_v3.xmodel","ang20190927t153023_r13056_c256_w512_h512",sem_pluma,0,0,0,262144,0,0,0,0,0,1
"methane_mobilenet_v3.xmodel","ang20190927t153023_r9472_c256_w512_h512",sem_pluma,0,0,0,262144,0,0,0,0,0,1
"methane_mobilenet_v3.xmodel","ang20190927t153023_r7680_c0_w512_h512",sem_pluma,0,0,0,262144,0,0,0,0,0,1
"methane_mobilenet_v3.xmodel","ang20190927t153023_r5120_c0_w512_h512",sem_pluma,0,0,0,262144,0,0,0,0,0,1
"methane_mobilenet_v3.xmodel","ang20190927t153023_r11776_c256_w512_h512",sem_pluma,0,0,0,262144,0,0,0,0,0,1
"methane_mobilenet_v3.xmodel","ang20190927t153023_r10496_c256_w512_h512",sem_pluma,0,0,0,262144,0,0,0,0,0,1
"methane_mobilenet_v3.xmodel","ang20190927t153023_r2560_c0_w512_h512",sem_pluma,0,0,0,262144,0,0,0,0,0,1
"methane_mobilenet_v3.xmodel","ang20190927t154855_r9984_c0_w512_h512",sem_pluma,0,0,0,262144,0,0,0,0,0,1
"methane_mobilenet_v3.xmodel","ang20190927t154855_r7168_c256_w512_h512",sem_pluma,0,0,0,262144,0,0,0,0,0,1
"methane_mobilenet_v3.xmodel","ang20190927t154855_r7680_c0_w512_h512",sem_pluma,0,0,0,262144,0,0,0,0,0,1
"methane_mobilenet_v3.xmodel","ang20190927t154855_r11520_c0_w512_h512",sem_pluma,0,0,0,262144,0,0,0,0,0,1
"methane_mobilenet_v3.xmodel","ang20190927t154855_r5632_c256_w512_h512",sem_pluma,0,0,0,262144,0,0,0,0,0,1
"methane_mobilenet_v3.xmodel","ang20190927t154855_r4096_c256_w512_h512",sem_pluma,0,0,0,262144,0,0,0,0,0,1
"methane_mobilenet_v3.xmodel","ang20190927t154855_r8448_c256_w512_h512",sem_pluma,0,0,0,262144,0,0,0,0,0,1
"methane_mobilenet_v3.xmodel","ang20190927t160700_r9472_c0_w512_h512",sem_pluma,0,0,0,262144,0,0,0,0,0,1
"methane_mobilenet_v3.xmodel","ang20190927t160700_r9984_c0_w512_h512",sem_pluma,0,0,0,262144,0,0,0,0,0,1
"methane_mobilenet_v3.xmodel","ang20190927t160700_r7168_c0_w512_h512",sem_pluma,0,0,0,262144,0,0,0,0,0,1
"methane_mobilenet_v3.xmodel","ang20190927t160700_r12800_c0_w512_h512",sem_pluma,0,0,0,262144,0,0,0,0,0,1
"methane_mobilenet_v3.xmodel","ang20190927t160700_r3072_c0_w512_h512",sem_pluma,0,0,0,262144,0,0,0,0,0,1
"methane_mobilenet_v3.xmodel","ang20190927t160700_r8960_c256_w512_h512",sem_pluma,0,0,0,262144,0,0,0,0,0,1
"methane_mobilenet_v3.xmodel","ang20190927t160700_r8192_c0_w512_h512",sem_pluma,0,326,0,261818,0,0,0,0,0.00124359130859,0.998756408691
"methane_mobilenet_v3.xmodel","ang20190927t162514_r8704_c0_w512_h512",sem_pluma,0,0,0,262144,0,0,0,0,0,1
"methane_mobilenet_v3.xmodel","ang20190927t162514_r6400_c256_w512_h512",sem_pluma,0,0,0,262144,0,0,0,0,0,1
"methane_mobilenet_v3.xmodel","ang20190927t162514_r4096_c0_w512_h512",sem_pluma,0,0,0,262144,0,0,0,0,0,1
"methane_mobilenet_v3.xmodel","ang20190927t162514_r2560_c256_w512_h512",sem_pluma,0,39,0,262105,0,0,0,0,0.000148773193359,0.999851226807
"methane_mobilenet_v3.xmodel","ang20190927t162514_r12544_c0_w512_h512",sem_pluma,0,0,0,262144,0,0,0,0,0,1
"methane_mobilenet_v3.xmodel","ang20190927t162514_r11008_c0_w512_h512",sem_pluma,0,0,0,262144,0,0,0,0,0,1
"methane_mobilenet_v3.xmodel","ang20190927t162514_r1536_c256_w512_h512",sem_pluma,0,0,0,262144,0,0,0,0,0,1
"methane_mobilenet_v3.xmodel","ang20190927t164322_r9472_c0_w512_h512",sem_pluma,0,0,0,262144,0,0,0,0,0,1
"methane_mobilenet_v3.xmodel","ang20190927t164322_r5120_c0_w512_h512",sem_pluma,0,0,0,262144,0,0,0,0,0,1
"methane_mobilenet_v3.xmodel","ang20190927t164322_r10752_c0_w512_h512",sem_pluma,0,0,0,262144,0,0,0,0,0,1
"methane_mobilenet_v3.xmodel","ang20190927t164322_r1536_c0_w512_h512",sem_pluma,0,0,0,262144,0,0,0,0,0,1
"methane_mobilenet_v3.xmodel","ang20190927t164322_r7424_c0_w512_h512",sem_pluma,0,0,0,262144,0,0,0,0,0,1
"methane_mobilenet_v3.xmodel","ang20190927t164322_r768_c0_w512_h512",sem_pluma,0,0,0,262144,0,0,0,0,0,1
"methane_mobilenet_v3.xmodel","ang20190927t164322_r7936_c0_w512_h512",sem_pluma,0,0,0,262144,0,0,0,0,0,1
"methane_mobilenet_v3.xmodel","ang20190927t170107_r10240_c0_w512_h512",sem_pluma,0,1,0,262143,0,0,0,0,3.81469726562e-06,0.999996185303
"methane_mobilenet_v3.xmodel","ang20190927t170107_r7424_c0_w512_h512",sem_pluma,0,0,0,262144,0,0,0,0,0,1
"methane_mobilenet_v3.xmodel","ang20190927t170107_r4864_c0_w512_h512",sem_pluma,0,0,0,262144,0,0,0,0,0,1
"methane_mobilenet_v3.xmodel","ang20190927t170107_r1536_c256_w512_h512",sem_pluma,0,0,0,262144,0,0,0,0,0,1
"methane_mobilenet_v3.xmodel","ang20190927t170107_r11520_c0_w512_h512",sem_pluma,0,0,0,262144,0,0,0,0,0,1
"methane_mobilenet_v3.xmodel","ang20190927t170107_r3072_c256_w512_h512",sem_pluma,0,16,0,262128,0,0,0,0,6.103515625e-05,0.999938964844
"methane_mobilenet_v3.xmodel","ang20190927t170107_r6144_c256_w512_h512",sem_pluma,0,0,0,262144,0,0,0,0,0,1
"methane_mobilenet_v3.xmodel","ang20190927t171836_r11008_c256_w512_h512",sem_pluma,0,0,0,262144,0,0,0,0,0,1
"methane_mobilenet_v3.xmodel","ang20190927t171836_r10496_c256_w512_h512",sem_pluma,0,0,0,262144,0,0,0,0,0,1
"methane_mobilenet_v3.xmodel","ang20190927t171836_r8704_c256_w512_h512",sem_pluma,0,0,0,262144,0,0,0,0,0,1
"methane_mobilenet_v3.xmodel","ang20190927t171836_r9472_c0_w512_h512",sem_pluma,0,0,0,262144,0,0,0,0,0,1
"methane_mobilenet_v3.xmodel","ang20190927t171836_r4608_c0_w512_h512",sem_pluma,0,0,0,262144,0,0,0,0,0,1
"methane_mobilenet_v3.xmodel","ang20190927t171836_r12288_c256_w512_h512",sem_pluma,0,0,0,262144,0,0,0,0,0,1
"methane_mobilenet_v3.xmodel","ang20190927t171836_r9984_c256_w512_h512",sem_pluma,0,0,0,262144,0,0,0,0,0,1
"methane_mobilenet_v3.xmodel","ang20190927t173620_r9216_c256_w512_h512",sem_pluma,0,0,0,262144,0,0,0,0,0,1
"methane_mobilenet_v3.xmodel","ang20190927t173620_r8704_c256_w512_h512",sem_pluma,0,0,0,262144,0,0,0,0,0,1
"methane_mobilenet_v3.xmodel","ang20190927t173620_r9984_c256_w512_h512",sem_pluma,0,0,0,262144,0,0,0,0,0,1
"methane_mobilenet_v3.xmodel","ang20190927t173620_r12544_c256_w512_h512",sem_pluma,0,0,0,262144,0,0,0,0,0,1
"methane_mobilenet_v3.xmodel","ang20190927t173620_r7936_c256_w512_h512",sem_pluma,0,0,0,262144,0,0,0,0,0,1
"methane_mobilenet_v3.xmodel","ang20190927t173620_r4608_c256_w512_h512",sem_pluma,0,0,0,262144,0,0,0,0,0,1
"methane_mobilenet_v3.xmodel","ang20190927t173620_r5888_c256_w512_h512",sem_pluma,0,0,0,262144,0,0,0,0,0,1
"methane_mobilenet_v3.xmodel","ang20190927t175410_r10496_c256_w512_h512",sem_pluma,0,0,0,262144,0,0,0,0,0,1
"methane_mobilenet_v3.xmodel","ang20190927t175410_r7424_c0_w512_h512",sem_pluma,0,0,0,262144,0,0,0,0,0,1
"methane_mobilenet_v3.xmodel","ang20190927t175410_r256_c0_w512_h512",sem_pluma,0,0,0,262144,0,0,0,0,0,1
"methane_mobilenet_v3.xmodel","ang20190927t175410_r5376_c0_w512_h512",sem_pluma,0,0,0,262144,0,0,0,0,0,1
"methane_mobilenet_v3.xmodel","ang20190927t175410_r6656_c256_w512_h512",sem_pluma,0,0,0,262144,0,0,0,0,0,1
"methane_mobilenet_v3.xmodel","ang20190927t175410_r2048_c0_w512_h512",sem_pluma,0,0,0,262144,0,0,0,0,0,1
"methane_mobilenet_v3.xmodel","ang20190927t175410_r3072_c0_w512_h512",sem_pluma,0,0,0,262144,0,0,0,0,0,1
"methane_mobilenet_v3.xmodel","ang20190927t181142_r9472_c0_w512_h512",sem_pluma,0,0,0,262144,0,0,0,0,0,1
"methane_mobilenet_v3.xmodel","ang20190927t181142_r8960_c0_w512_h512",sem_pluma,0,0,0,262144,0,0,0,0,0,1
"methane_mobilenet_v3.xmodel","ang20190927t181142_r11776_c0_w512_h512",sem_pluma,0,0,0,262144,0,0,0,0,0,1
"methane_mobilenet_v3.xmodel","ang20190927t181142_r6912_c0_w512_h512",sem_pluma,0,0,0,262144,0,0,0,0,0,1
"methane_mobilenet_v3.xmodel","ang20190927t181142_r2304_c256_w512_h512",sem_pluma,0,0,0,262144,0,0,0,0,0,1
"methane_mobilenet_v3.xmodel","ang20190927t181142_r6144_c256_w512_h512",sem_pluma,0,0,0,262144,0,0,0,0,0,1
"methane_mobilenet_v3.xmodel","ang20190927t181142_r3328_c0_w512_h512",sem_pluma,0,0,0,262144,0,0,0,0,0,1
"methane_mobilenet_v3.xmodel","ang20190927t182905_r10240_c0_w512_h512",sem_pluma,0,0,0,262144,0,0,0,0,0,1
"methane_mobilenet_v3.xmodel","ang20190927t182905_r9728_c0_w512_h512",sem_pluma,0,0,0,262144,0,0,0,0,0,1
"methane_mobilenet_v3.xmodel","ang20190927t182905_r11776_c256_w512_h512",sem_pluma,0,0,0,262144,0,0,0,0,0,1
"methane_mobilenet_v3.xmodel","ang20190927t182905_r768_c256_w512_h512",sem_pluma,0,0,0,262144,0,0,0,0,0,1
"methane_mobilenet_v3.xmodel","ang20190927t182905_r5632_c256_w512_h512",sem_pluma,0,0,0,262144,0,0,0,0,0,1
"methane_mobilenet_v3.xmodel","ang20190927t182905_r12800_c0_w512_h512",sem_pluma,0,0,0,262144,0,0,0,0,0,1
"methane_mobilenet_v3.xmodel","ang20190927t182905_r11264_c0_w512_h512",sem_pluma,0,0,0,262144,0,0,0,0,0,1
"methane_mobilenet_v3.xmodel","ang20190927t184620_r9472_c0_w512_h512",sem_pluma,0,0,0,262144,0,0,0,0,0,1
"methane_mobilenet_v3.xmodel","ang20190927t184620_r8960_c0_w512_h512",sem_pluma,0,0,0,262144,0,0,0,0,0,1
"methane_mobilenet_v3.xmodel","ang20190927t184620_r256_c256_w512_h512",sem_pluma,0,0,0,262144,0,0,0,0,0,1
"methane_mobilenet_v3.xmodel","ang20190927t184620_r4352_c0_w512_h512",sem_pluma,0,0,0,262144,0,0,0,0,0,1
"methane_mobilenet_v3.xmodel","ang20190927t184620_r6400_c0_w512_h512",sem_pluma,0,0,0,262144,0,0,0,0,0,1
"methane_mobilenet_v3.xmodel","ang20190927t184620_r12800_c0_w512_h512",sem_pluma,0,0,0,262144,0,0,0,0,0,1
"methane_mobilenet_v3.xmodel","ang20190927t184620_r768_c256_w512_h512",sem_pluma,0,0,0,262144,0,0,0,0,0,1
"methane_mobilenet_v3.xmodel","ang20190927t190436_r8960_c0_w512_h512",sem_pluma,0,0,0,262144,0,0,0,0,0,1
"methane_mobilenet_v3.xmodel","ang20190927t190436_r9472_c0_w512_h512",sem_pluma,0,0,0,262144,0,0,0,0,0,1
"methane_mobilenet_v3.xmodel","ang20190927t190436_r12032_c256_w512_h512",sem_pluma,0,0,0,262144,0,0,0,0,0,1
"methane_mobilenet_v3.xmodel","ang20190927t190436_r10496_c256_w512_h512",sem_pluma,0,0,0,262144,0,0,0,0,0,1
"methane_mobilenet_v3.xmodel","ang20190927t190436_r1280_c0_w512_h512",sem_pluma,0,0,0,262144,0,0,0,0,0,1
"methane_mobilenet_v3.xmodel","ang20190927t190436_r11264_c0_w512_h512",sem_pluma,0,0,0,262144,0,0,0,0,0,1
"methane_mobilenet_v3.xmodel","ang20190927t190436_r4096_c0_w512_h512",sem_pluma,0,0,0,262144,0,0,0,0,0,1
"methane_mobilenet_v3.xmodel","ang20190927t192237_r12288_c256_w512_h512",sem_pluma,0,0,0,262144,0,0,0,0,0,1
"methane_mobilenet_v3.xmodel","ang20190927t192237_r8960_c0_w512_h512",sem_pluma,0,0,0,262144,0,0,0,0,0,1
"methane_mobilenet_v3.xmodel","ang20190927t192237_r13056_c256_w512_h512",sem_pluma,0,0,0,262144,0,0,0,0,0,1
"methane_mobilenet_v3.xmodel","ang20190927t192237_r10240_c0_w512_h512",sem_pluma,0,0,0,262144,0,0,0,0,0,1
"methane_mobilenet_v3.xmodel","ang20190927t192237_r2304_c0_w512_h512",sem_pluma,0,0,0,262144,0,0,0,0,0,1
"methane_mobilenet_v3.xmodel","ang20190927t192237_r6656_c0_w512_h512",sem_pluma,0,0,0,262144,0,0,0,0,0,1
"methane_mobilenet_v3.xmodel","ang20190927t192237_r256_c0_w512_h512",sem_pluma,0,0,0,262144,0,0,0,0,0,1
"methane_mobilenet_v3.xmodel","ang20190927t194104_r11776_c0_w512_h512",sem_pluma,0,0,0,262144,0,0,0,0,0,1
"methane_mobilenet_v3.xmodel","ang20190927t194104_r7936_c256_w512_h512",sem_pluma,0,0,0,262144,0,0,0,0,0,1
"methane_mobilenet_v3.xmodel","ang20190927t194104_r8448_c0_w512_h512",sem_pluma,0,0,0,262144,0,0,0,0,0,1
"methane_mobilenet_v3.xmodel","ang20190927t194104_r12288_c256_w512_h512",sem_pluma,0,0,0,262144,0,0,0,0,0,1
"methane_mobilenet_v3.xmodel","ang20190927t194104_r9728_c0_w512_h512",sem_pluma,0,0,0,262144,0,0,0,0,0,1
"methane_mobilenet_v3.xmodel","ang20190927t194104_r9216_c0_w512_h512",sem_pluma,0,0,0,262144,0,0,0,0,0,1
"methane_mobilenet_v3.xmodel","ang20190927t194104_r1024_c0_w512_h512",sem_pluma,0,0,0,262144,0,0,0,0,0,1
"methane_mobilenet_v3.xmodel","ang20190928t175550_r3328_c0_w512_h512",sem_pluma,0,0,0,262144,0,0,0,0,0,1
"methane_mobilenet_v3.xmodel","ang20190928t175550_r2816_c0_w512_h512",sem_pluma,0,0,0,262144,0,0,0,0,0,1
"methane_mobilenet_v3.xmodel","ang20190928t175550_r7424_c0_w512_h512",sem_pluma,0,0,0,262144,0,0,0,0,0,1
"methane_mobilenet_v3.xmodel","ang20190928t175550_r1792_c0_w512_h512",sem_pluma,0,0,0,262144,0,0,0,0,0,1
"methane_mobilenet_v3.xmodel","ang20190928t175550_r12800_c0_w512_h512",sem_pluma,0,0,0,262144,0,0,0,0,0,1
"methane_mobilenet_v3.xmodel","ang20190928t175550_r11776_c256_w512_h512",sem_pluma,0,0,0,262144,0,0,0,0,0,1
"methane_mobilenet_v3.xmodel","ang20190928t175550_r3840_c0_w512_h512",sem_pluma,0,0,0,262144,0,0,0,0,0,1
"methane_mobilenet_v3.xmodel","ang20190928t181405_r3840_c0_w512_h512",sem_pluma,0,0,0,262144,0,0,0,0,0,1
"methane_mobilenet_v3.xmodel","ang20190928t181405_r7936_c256_w512_h512",sem_pluma,0,0,0,262144,0,0,0,0,0,1
"methane_mobilenet_v3.xmodel","ang20190928t181405_r13312_c256_w512_h512",sem_pluma,0,0,0,262144,0,0,0,0,0,1
"methane_mobilenet_v3.xmodel","ang20190928t181405_r9472_c256_w512_h512",sem_pluma,0,0,0,262144,0,0,0,0,0,1
"methane_mobilenet_v3.xmodel","ang20190928t181405_r11008_c256_w512_h512",sem_pluma,0,0,0,262144,0,0,0,0,0,1
"methane_mobilenet_v3.xmodel","ang20190928t181405_r1024_c0_w512_h512",sem_pluma,0,0,0,262144,0,0,0,0,0,1
"methane_mobilenet_v3.xmodel","ang20190928t181405_r10496_c0_w512_h512",sem_pluma,0,0,0,262144,0,0,0,0,0,1
"methane_mobilenet_v3.xmodel","ang20190928t183313_r13056_c0_w512_h512",sem_pluma,0,0,0,262144,0,0,0,0,0,1
"methane_mobilenet_v3.xmodel","ang20190928t183313_r3840_c0_w512_h512",sem_pluma,0,0,0,262144,0,0,0,0,0,1
"methane_mobilenet_v3.xmodel","ang20190928t183313_r7424_c0_w512_h512",sem_pluma,0,0,0,262144,0,0,0,0,0,1
"methane_mobilenet_v3.xmodel","ang20190928t183313_r7936_c0_w512_h512",sem_pluma,0,0,0,262144,0,0,0,0,0,1
"methane_mobilenet_v3.xmodel","ang20190928t183313_r5632_c0_w512_h512",sem_pluma,0,0,0,262144,0,0,0,0,0,1
"methane_mobilenet_v3.xmodel","ang20190928t183313_r12288_c256_w512_h512",sem_pluma,0,0,0,262144,0,0,0,0,0,1
"methane_mobilenet_v3.xmodel","ang20190928t183313_r11264_c0_w512_h512",sem_pluma,0,0,0,262144,0,0,0,0,0,1
"methane_mobilenet_v3.xmodel","ang20190928t185111_r13312_c0_w512_h512",sem_pluma,0,0,0,262144,0,0,0,0,0,1
"methane_mobilenet_v3.xmodel","ang20190928t185111_r8960_c0_w512_h512",sem_pluma,0,0,0,262144,0,0,0,0,0,1
"methane_mobilenet_v3.xmodel","ang20190928t185111_r12800_c0_w512_h512",sem_pluma,0,0,0,262144,0,0,0,0,0,1
"methane_mobilenet_v3.xmodel","ang20190928t185111_r9472_c0_w512_h512",sem_pluma,0,0,0,262144,0,0,0,0,0,1
"methane_mobilenet_v3.xmodel","ang20190928t185111_r7936_c0_w512_h512",sem_pluma,0,1,0,262143,0,0,0,0,3.81469726562e-06,0.999996185303
"methane_mobilenet_v3.xmodel","ang20190928t185111_r2304_c256_w512_h512",sem_pluma,0,0,0,262144,0,0,0,0,0,1
"methane_mobilenet_v3.xmodel","ang20190928t185111_r3840_c0_w512_h512",sem_pluma,0,0,0,262144,0,0,0,0,0,1
"methane_mobilenet_v3.xmodel","ang20190928t190948_r12800_c256_w512_h512",sem_pluma,0,0,0,262144,0,0,0,0,0,1
"methane_mobilenet_v3.xmodel","ang20190928t190948_r0_c0_w512_h512",sem_pluma,0,0,0,262144,0,0,0,0,0,1
"methane_mobilenet_v3.xmodel","ang20190928t190948_r2560_c0_w512_h512",sem_pluma,0,0,0,262144,0,0,0,0,0,1
"methane_mobilenet_v3.xmodel","ang20190928t190948_r11520_c0_w512_h512",sem_pluma,0,0,0,262144,0,0,0,0,0,1
"methane_mobilenet_v3.xmodel","ang20190928t190948_r4096_c0_w512_h512",sem_pluma,0,0,0,262144,0,0,0,0,0,1
"methane_mobilenet_v3.xmodel","ang20190928t190948_r10752_c256_w512_h512",sem_pluma,0,0,0,262144,0,0,0,0,0,1
"methane_mobilenet_v3.xmodel","ang20190928t190948_r8960_c256_w512_h512",sem_pluma,0,0,0,262144,0,0,0,0,0,1
"methane_mobilenet_v3.xmodel","ang20190928t192731_r0_c256_w512_h512",sem_pluma,0,0,0,262144,0,0,0,0,0,1
"methane_mobilenet_v3.xmodel","ang20190928t192731_r512_c256_w512_h512",sem_pluma,0,0,0,262144,0,0,0,0,0,1
"methane_mobilenet_v3.xmodel","ang20190928t192731_r3584_c256_w512_h512",sem_pluma,0,0,0,262144,0,0,0,0,0,1
"methane_mobilenet_v3.xmodel","ang20190928t192731_r8192_c0_w512_h512",sem_pluma,0,0,0,262144,0,0,0,0,0,1
"methane_mobilenet_v3.xmodel","ang20190928t192731_r1024_c256_w512_h512",sem_pluma,0,0,0,262144,0,0,0,0,0,1
"methane_mobilenet_v3.xmodel","ang20190928t192731_r2816_c256_w512_h512",sem_pluma,0,0,0,262144,0,0,0,0,0,1
"methane_mobilenet_v3.xmodel","ang20190928t192731_r6912_c256_w512_h512",sem_pluma,0,0,0,262144,0,0,0,0,0,1
"methane_mobilenet_v3.xmodel","ang20190928t193847_r256_c0_w512_h512",sem_pluma,0,0,0,262144,0,0,0,0,0,1
"methane_mobilenet_v3.xmodel","ang20190928t193847_r11008_c512_w512_h512",sem_pluma,0,0,0,262144,0,0,0,0,0,1
"methane_mobilenet_v3.xmodel","ang20190928t193847_r11520_c512_w512_h512",sem_pluma,0,0,0,262144,0,0,0,0,0,1
"methane_mobilenet_v3.xmodel","ang20190928t193847_r1792_c256_w512_h512",sem_pluma,0,0,0,262144,0,0,0,0,0,1
"methane_mobilenet_v3.xmodel","ang20190928t193847_r6912_c256_w512_h512",sem_pluma,0,0,0,262144,0,0,0,0,0,1
"methane_mobilenet_v3.xmodel","ang20190928t193847_r12800_c768_w512_h512",sem_pluma,0,0,0,262144,0,0,0,0,0,1
"methane_mobilenet_v3.xmodel","ang20190928t193847_r12288_c768_w512_h512",sem_pluma,0,0,0,262144,0,0,0,0,0,1
"methane_mobilenet_v3.xmodel","ang20191005t210402_r15872_c256_w512_h512",sem_pluma,0,0,0,262144,0,0,0,0,0,1
"methane_mobilenet_v3.xmodel","ang20191005t210402_r12032_c0_w512_h512",sem_pluma,0,0,0,262144,0,0,0,0,0,1
"methane_mobilenet_v3.xmodel","ang20191005t210402_r16640_c256_w512_h512",sem_pluma,0,0,0,262144,0,0,0,0,0,1
"methane_mobilenet_v3.xmodel","ang20191005t210402_r19712_c0_w512_h512",sem_pluma,0,28,0,262116,0,0,0,0,0.000106811523438,0.999893188477
"methane_mobilenet_v3.xmodel","ang20191005t210402_r18176_c256_w512_h512",sem_pluma,0,0,0,262144,0,0,0,0,0,1
"methane_mobilenet_v3.xmodel","ang20191005t210402_r14592_c256_w512_h512",sem_pluma,0,0,0,262144,0,0,0,0,0,1
"methane_mobilenet_v3.xmodel","ang20191005t210402_r13056_c0_w512_h512",sem_pluma,0,0,0,262144,0,0,0,0,0,1
"methane_mobilenet_v3.xmodel","ang20191005t215301_r14336_c0_w512_h512",sem_pluma,0,0,0,262144,0,0,0,0,0,1
"methane_mobilenet_v3.xmodel","ang20191005t215301_r11520_c0_w512_h512",sem_pluma,0,0,0,262144,0,0,0,0,0,1
"methane_mobilenet_v3.xmodel","ang20191005t215301_r15872_c256_w512_h512",sem_pluma,0,0,0,262144,0,0,0,0,0,1
"methane_mobilenet_v3.xmodel","ang20191005t215301_r19712_c256_w512_h512",sem_pluma,0,0,0,262144,0,0,0,0,0,1
"methane_mobilenet_v3.xmodel","ang20191005t215301_r12544_c0_w512_h512",sem_pluma,0,0,0,262144,0,0,0,0,0,1
"methane_mobilenet_v3.xmodel","ang20191005t215301_r1024_c0_w512_h512",sem_pluma,0,0,0,262144,0,0,0,0,0,1
"methane_mobilenet_v3.xmodel","ang20191005t215301_r17408_c256_w512_h512",sem_pluma,0,0,0,262144,0,0,0,0,0,1
"methane_mobilenet_v3.xmodel","ang20191005t221554_r0_c0_w512_h512",sem_pluma,0,0,0,262144,0,0,0,0,0,1
"methane_mobilenet_v3.xmodel","ang20191005t221554_r5632_c0_w512_h512",sem_pluma,0,0,0,262144,0,0,0,0,0,1
"methane_mobilenet_v3.xmodel","ang20191005t221554_r14080_c0_w512_h512",sem_pluma,0,0,0,262144,0,0,0,0,0,1
"methane_mobilenet_v3.xmodel","ang20191005t221554_r3840_c0_w512_h512",sem_pluma,0,0,0,262144,0,0,0,0,0,1
"methane_mobilenet_v3.xmodel","ang20191005t221554_r15616_c0_w512_h512",sem_pluma,0,0,0,262144,0,0,0,0,0,1
"methane_mobilenet_v3.xmodel","ang20191005t221554_r8704_c0_w512_h512",sem_pluma,0,0,0,262144,0,0,0,0,0,1
"methane_mobilenet_v3.xmodel","ang20191005t221554_r768_c0_w512_h512",sem_pluma,0,0,0,262144,0,0,0,0,0,1
"methane_mobilenet_v3.xmodel","ang20191006t150453_r0_c256_w512_h512",sem_pluma,0,0,0,262144,0,0,0,0,0,1
"methane_mobilenet_v3.xmodel","ang20191006t150453_r6400_c256_w512_h512",sem_pluma,0,0,0,262144,0,0,0,0,0,1
"methane_mobilenet_v3.xmodel","ang20191006t150453_r512_c256_w512_h512",sem_pluma,0,0,0,262144,0,0,0,0,0,1
"methane_mobilenet_v3.xmodel","ang20191006t150453_r10240_c0_w512_h512",sem_pluma,0,0,0,262144,0,0,0,0,0,1
"methane_mobilenet_v3.xmodel","ang20191006t150453_r8704_c0_w512_h512",sem_pluma,0,0,0,262144,0,0,0,0,0,1
"methane_mobilenet_v3.xmodel","ang20191006t150453_r8192_c0_w512_h512",sem_pluma,0,0,0,262144,0,0,0,0,0,1
"methane_mobilenet_v3.xmodel","ang20191006t150453_r6912_c0_w512_h512",sem_pluma,0,0,0,262144,0,0,0,0,0,1
"methane_mobilenet_v3.xmodel","ang20191006t152009_r6400_c0_w512_h512",sem_pluma,0,0,0,262144,0,0,0,0,0,1
"methane_mobilenet_v3.xmodel","ang20191006t152009_r5888_c0_w512_h512",sem_pluma,0,0,0,262144,0,0,0,0,0,1
"methane_mobilenet_v3.xmodel","ang20191006t152009_r7936_c0_w512_h512",sem_pluma,0,49,0,262095,0,0,0,0,0.000186920166016,0.999813079834
"methane_mobilenet_v3.xmodel","ang20191006t152009_r11008_c0_w512_h512",sem_pluma,0,0,0,262144,0,0,0,0,0,1
"methane_mobilenet_v3.xmodel","ang20191006t152009_r3840_c0_w512_h512",sem_pluma,0,0,0,262144,0,0,0,0,0,1
"methane_mobilenet_v3.xmodel","ang20191006t152009_r4864_c0_w512_h512",sem_pluma,0,0,0,262144,0,0,0,0,0,1
"methane_mobilenet_v3.xmodel","ang20191006t152009_r9984_c0_w512_h512",sem_pluma,0,0,0,262144,0,0,0,0,0,1
"methane_mobilenet_v3.xmodel","ang20191006t153731_r6144_c0_w512_h512",sem_pluma,0,0,0,262144,0,0,0,0,0,1
"methane_mobilenet_v3.xmodel","ang20191006t153731_r1792_c256_w512_h512",sem_pluma,0,0,0,262144,0,0,0,0,0,1
"methane_mobilenet_v3.xmodel","ang20191006t153731_r3584_c256_w512_h512",sem_pluma,0,0,0,262144,0,0,0,0,0,1
"methane_mobilenet_v3.xmodel","ang20191006t153731_r8960_c0_w512_h512",sem_pluma,0,0,0,262144,0,0,0,0,0,1
"methane_mobilenet_v3.xmodel","ang20191006t153731_r0_c256_w512_h512",sem_pluma,0,0,0,262144,0,0,0,0,0,1
"methane_mobilenet_v3.xmodel","ang20191006t153731_r8192_c0_w512_h512",sem_pluma,0,0,0,262144,0,0,0,0,0,1
"methane_mobilenet_v3.xmodel","ang20191006t153731_r9984_c0_w512_h512",sem_pluma,0,0,0,262144,0,0,0,0,0,1
"methane_mobilenet_v3.xmodel","ang20191006t155231_r6400_c256_w512_h512",sem_pluma,0,0,0,262144,0,0,0,0,0,1
"methane_mobilenet_v3.xmodel","ang20191006t155231_r5888_c0_w512_h512",sem_pluma,0,0,0,262144,0,0,0,0,0,1
"methane_mobilenet_v3.xmodel","ang20191006t155231_r11008_c0_w512_h512",sem_pluma,0,0,0,262144,0,0,0,0,0,1
"methane_mobilenet_v3.xmodel","ang20191006t155231_r512_c0_w512_h512",sem_pluma,0,0,0,262144,0,0,0,0,0,1
"methane_mobilenet_v3.xmodel","ang20191006t155231_r4096_c0_w512_h512",sem_pluma,0,0,0,262144,0,0,0,0,0,1
"methane_mobilenet_v3.xmodel","ang20191006t155231_r3584_c0_w512_h512",sem_pluma,0,0,0,262144,0,0,0,0,0,1
"methane_mobilenet_v3.xmodel","ang20191006t155231_r1792_c0_w512_h512",sem_pluma,0,0,0,262144,0,0,0,0,0,1
"methane_mobilenet_v3.xmodel","ang20191006t160931_r5376_c256_w512_h512",sem_pluma,0,0,0,262144,0,0,0,0,0,1
"methane_mobilenet_v3.xmodel","ang20191006t160931_r4864_c0_w512_h512",sem_pluma,0,0,0,262144,0,0,0,0,0,1
"methane_mobilenet_v3.xmodel","ang20191006t160931_r256_c0_w512_h512",sem_pluma,0,0,0,262144,0,0,0,0,0,1
"methane_mobilenet_v3.xmodel","ang20191006t160931_r8704_c0_w512_h512",sem_pluma,0,0,0,262144,0,0,0,0,0,1
"methane_mobilenet_v3.xmodel","ang20191006t160931_r3072_c0_w512_h512",sem_pluma,0,0,0,262144,0,0,0,0,0,1
"methane_mobilenet_v3.xmodel","ang20191006t160931_r1280_c0_w512_h512",sem_pluma,0,0,0,262144,0,0,0,0,0,1
"methane_mobilenet_v3.xmodel","ang20191006t160931_r1792_c0_w512_h512",sem_pluma,0,0,0,262144,0,0,0,0,0,1
"methane_mobilenet_v3.xmodel","ang20191006t162415_r4096_c0_w512_h512",sem_pluma,0,0,0,262144,0,0,0,0,0,1
"methane_mobilenet_v3.xmodel","ang20191006t162415_r4608_c0_w512_h512",sem_pluma,0,0,0,262144,0,0,0,0,0,1
"methane_mobilenet_v3.xmodel","ang20191006t162415_r3584_c0_w512_h512",sem_pluma,0,0,0,262144,0,0,0,0,0,1
"methane_mobilenet_v3.xmodel","ang20191006t162415_r9472_c256_w512_h512",sem_pluma,0,0,0,262144,0,0,0,0,0,1
"methane_mobilenet_v3.xmodel","ang20191006t162415_r512_c0_w512_h512",sem_pluma,0,0,0,262144,0,0,0,0,0,1
"methane_mobilenet_v3.xmodel","ang20191006t162415_r5376_c0_w512_h512",sem_pluma,0,0,0,262144,0,0,0,0,0,1
"methane_mobilenet_v3.xmodel","ang20191006t162415_r10240_c0_w512_h512",sem_pluma,0,0,0,262144,0,0,0,0,0,1
"methane_mobilenet_v3.xmodel","ang20191006t164135_r4864_c0_w512_h512",sem_pluma,0,0,0,262144,0,0,0,0,0,1
"methane_mobilenet_v3.xmodel","ang20191006t164135_r3840_c256_w512_h512",sem_pluma,0,0,0,262144,0,0,0,0,0,1
"methane_mobilenet_v3.xmodel","ang20191006t164135_r4352_c0_w512_h512",sem_pluma,0,0,0,262144,0,0,0,0,0,1
"methane_mobilenet_v3.xmodel","ang20191006t164135_r6912_c0_w512_h512",sem_pluma,0,0,0,262144,0,0,0,0,0,1
"methane_mobilenet_v3.xmodel","ang20191006t164135_r8704_c0_w512_h512",sem_pluma,0,0,0,262144,0,0,0,0,0,1
"methane_mobilenet_v3.xmodel","ang20191006t164135_r8192_c0_w512_h512",sem_pluma,0,0,0,262144,0,0,0,0,0,1
"methane_mobilenet_v3.xmodel","ang20191006t164135_r7424_c0_w512_h512",sem_pluma,0,0,0,262144,0,0,0,0,0,1
"methane_mobilenet_v3.xmodel","ang20191006t165608_r5120_c0_w512_h512",sem_pluma,0,0,0,262144,0,0,0,0,0,1
"methane_mobilenet_v3.xmodel","ang20191006t165608_r8960_c0_w512_h512",sem_pluma,0,0,0,262144,0,0,0,0,0,1
"methane_mobilenet_v3.xmodel","ang20191006t165608_r6656_c256_w512_h512",sem_pluma,0,0,0,262144,0,0,0,0,0,1
"methane_mobilenet_v3.xmodel","ang20191006t171344_r8704_c0_w512_h512",sem_pluma,0,0,0,262144,0,0,0,0,0,1
"methane_mobilenet_v3.xmodel","ang20191006t171344_r3584_c256_w512_h512",sem_pluma,0,0,0,262144,0,0,0,0,0,1
"methane_mobilenet_v3.xmodel","ang20191006t171344_r4096_c256_w512_h512",sem_pluma,0,0,0,262144,0,0,0,0,0,1
"methane_mobilenet_v3.xmodel","ang20191006t171344_r9984_c0_w512_h512",sem_pluma,0,0,0,262144,0,0,0,0,0,1
"methane_mobilenet_v3.xmodel","ang20191006t171344_r10496_c0_w512_h512",sem_pluma,0,0,0,262144,0,0,0,0,0,1
"methane_mobilenet_v3.xmodel","ang20191006t172739_r11008_c0_w512_h512",sem_pluma,0,0,0,262144,0,0,0,0,0,1
"methane_mobilenet_v3.xmodel","ang20191006t172739_r8192_c0_w512_h512",sem_pluma,0,0,0,262144,0,0,0,0,0,1
"methane_mobilenet_v3.xmodel","ang20191006t172739_r4096_c0_w512_h512",sem_pluma,0,0,0,262144,0,0,0,0,0,1
"methane_mobilenet_v3.xmodel","ang20191006t172739_r9216_c256_w512_h512",sem_pluma,0,0,0,262144,0,0,0,0,0,1
"methane_mobilenet_v3.xmodel","ang20191006t172739_r10496_c0_w512_h512",sem_pluma,0,0,0,262144,0,0,0,0,0,1
"methane_mobilenet_v3.xmodel","ang20191006t172739_r9728_c256_w512_h512",sem_pluma,0,0,0,262144,0,0,0,0,0,1
"methane_mobilenet_v3.xmodel","ang20191006t172739_r0_c0_w512_h512",sem_pluma,0,0,0,262144,0,0,0,0,0,1
"methane_mobilenet_v3.xmodel","ang20191006t174505_r6144_c0_w512_h512",sem_pluma,0,0,0,262144,0,0,0,0,0,1
"methane_mobilenet_v3.xmodel","ang20191006t174505_r8704_c0_w512_h512",sem_pluma,0,0,0,262144,0,0,0,0,0,1
"methane_mobilenet_v3.xmodel","ang20191006t174505_r0_c0_w512_h512",sem_pluma,0,0,0,262144,0,0,0,0,0,1
"methane_mobilenet_v3.xmodel","ang20191006t174505_r9472_c0_w512_h512",sem_pluma,0,0,0,262144,0,0,0,0,0,1
"methane_mobilenet_v3.xmodel","ang20191006t174505_r10496_c0_w512_h512",sem_pluma,0,0,0,262144,0,0,0,0,0,1
"methane_mobilenet_v3.xmodel","ang20191006t174505_r1280_c0_w512_h512",sem_pluma,0,0,0,262144,0,0,0,0,0,1
"methane_mobilenet_v3.xmodel","ang20191006t174505_r9984_c0_w512_h512",sem_pluma,0,0,0,262144,0,0,0,0,0,1
"methane_mobilenet_v3.xmodel","ang20191006t180341_r5888_c0_w512_h512",sem_pluma,0,0,0,262144,0,0,0,0,0,1
"methane_mobilenet_v3.xmodel","ang20191006t180341_r8448_c0_w512_h512",sem_pluma,0,0,0,262144,0,0,0,0,0,1
"methane_mobilenet_v3.xmodel","ang20191006t180341_r6400_c256_w512_h512",sem_pluma,0,1,0,262143,0,0,0,0,3.81469726562e-06,0.999996185303
"methane_mobilenet_v3.xmodel","ang20191006t180341_r10496_c256_w512_h512",sem_pluma,0,0,0,262144,0,0,0,0,0,1
"methane_mobilenet_v3.xmodel","ang20191006t180341_r2560_c0_w512_h512",sem_pluma,0,0,0,262144,0,0,0,0,0,1
"methane_mobilenet_v3.xmodel","ang20191006t180341_r12032_c0_w512_h512",sem_pluma,0,0,0,262144,0,0,0,0,0,1
"methane_mobilenet_v3.xmodel","ang20191006t180341_r7936_c256_w512_h512",sem_pluma,0,0,0,262144,0,0,0,0,0,1
"methane_mobilenet_v3.xmodel","ang20191006t182329_r3328_c256_w512_h512",sem_pluma,0,0,0,262144,0,0,0,0,0,1
"methane_mobilenet_v3.xmodel","ang20191006t182329_r8704_c256_w512_h512",sem_pluma,0,0,0,262144,0,0,0,0,0,1
"methane_mobilenet_v3.xmodel","ang20191006t182329_r6400_c256_w512_h512",sem_pluma,0,0,0,262144,0,0,0,0,0,1
"methane_mobilenet_v3.xmodel","ang20191006t182329_r12544_c256_w512_h512",sem_pluma,0,0,0,262144,0,0,0,0,0,1
"methane_mobilenet_v3.xmodel","ang20191006t182329_r8192_c256_w512_h512",sem_pluma,0,0,0,262144,0,0,0,0,0,1
"methane_mobilenet_v3.xmodel","ang20191006t182329_r11776_c512_w512_h512",sem_pluma,0,0,0,262144,0,0,0,0,0,1
"methane_mobilenet_v3.xmodel","ang20191006t182329_r2560_c256_w512_h512",sem_pluma,0,0,0,262144,0,0,0,0,0,1
"methane_mobilenet_v3.xmodel","ang20191006t183904_r6656_c0_w512_h512",sem_pluma,0,0,0,262144,0,0,0,0,0,1
"methane_mobilenet_v3.xmodel","ang20191006t183904_r3584_c0_w512_h512",sem_pluma,0,0,0,262144,0,0,0,0,0,1
"methane_mobilenet_v3.xmodel","ang20191006t183904_r2816_c0_w512_h512",sem_pluma,0,0,0,262144,0,0,0,0,0,1
"methane_mobilenet_v3.xmodel","ang20191006t183904_r1280_c0_w512_h512",sem_pluma,0,0,0,262144,0,0,0,0,0,1
"methane_mobilenet_v3.xmodel","ang20191006t183904_r12288_c0_w512_h512",sem_pluma,0,0,0,262144,0,0,0,0,0,1
"methane_mobilenet_v3.xmodel","ang20191006t183904_r4352_c0_w512_h512",sem_pluma,0,0,0,262144,0,0,0,0,0,1
"methane_mobilenet_v3.xmodel","ang20191006t183904_r12800_c256_w512_h512",sem_pluma,0,0,0,262144,0,0,0,0,0,1
"methane_mobilenet_v3.xmodel","ang20191006t185838_r2816_c0_w512_h512",sem_pluma,0,0,0,262144,0,0,0,0,0,1
"methane_mobilenet_v3.xmodel","ang20191006t185838_r7424_c256_w512_h512",sem_pluma,0,0,0,262144,0,0,0,0,0,1
"methane_mobilenet_v3.xmodel","ang20191006t185838_r4096_c0_w512_h512",sem_pluma,0,0,0,262144,0,0,0,0,0,1
"methane_mobilenet_v3.xmodel","ang20191006t185838_r12288_c256_w512_h512",sem_pluma,0,4,0,262140,0,0,0,0,1.52587890625e-05,0.999984741211
"methane_mobilenet_v3.xmodel","ang20191006t185838_r11520_c256_w512_h512",sem_pluma,0,0,0,262144,0,0,0,0,0,1
"methane_mobilenet_v3.xmodel","ang20191006t185838_r5376_c0_w512_h512",sem_pluma,0,0,0,262144,0,0,0,0,0,1
"methane_mobilenet_v3.xmodel","ang20191006t185838_r9984_c0_w512_h512",sem_pluma,0,0,0,262144,0,0,0,0,0,1
"methane_mobilenet_v3.xmodel","ang20191006t191332_r7936_c256_w512_h512",sem_pluma,0,0,0,262144,0,0,0,0,0,1
"methane_mobilenet_v3.xmodel","ang20191006t191332_r6144_c256_w512_h512",sem_pluma,0,0,0,262144,0,0,0,0,0,1
"methane_mobilenet_v3.xmodel","ang20191006t191332_r7424_c0_w512_h512",sem_pluma,0,0,0,262144,0,0,0,0,0,1
"methane_mobilenet_v3.xmodel","ang20191006t191332_r12032_c0_w512_h512",sem_pluma,0,0,0,262144,0,0,0,0,0,1
"methane_mobilenet_v3.xmodel","ang20191006t191332_r9472_c0_w512_h512",sem_pluma,0,0,0,262144,0,0,0,0,0,1
"methane_mobilenet_v3.xmodel","ang20191006t191332_r1280_c0_w512_h512",sem_pluma,0,0,0,262144,0,0,0,0,0,1
"methane_mobilenet_v3.xmodel","ang20191006t191332_r10752_c0_w512_h512",sem_pluma,0,0,0,262144,0,0,0,0,0,1
"methane_mobilenet_v3.xmodel","ang20191007t175016_r2816_c0_w512_h512",sem_pluma,0,0,0,262144,0,0,0,0,0,1
"methane_mobilenet_v3.xmodel","ang20191007t175016_r3328_c0_w512_h512",sem_pluma,0,0,0,262144,0,0,0,0,0,1
"methane_mobilenet_v3.xmodel","ang20191007t175016_r0_c0_w512_h512",sem_pluma,0,0,0,262144,0,0,0,0,0,1
"methane_mobilenet_v3.xmodel","ang20191007t175016_r7168_c0_w512_h512",sem_pluma,0,0,0,262144,0,0,0,0,0,1
"methane_mobilenet_v3.xmodel","ang20191007t175016_r9728_c0_w512_h512",sem_pluma,0,0,0,262144,0,0,0,0,0,1
"methane_mobilenet_v3.xmodel","ang20191007t175016_r3840_c0_w512_h512",sem_pluma,0,0,0,262144,0,0,0,0,0,1
"methane_mobilenet_v3.xmodel","ang20191007t180411_r4864_c0_w512_h512",sem_pluma,0,0,0,262144,0,0,0,0,0,1
"methane_mobilenet_v3.xmodel","ang20191007t180411_r8704_c0_w512_h512",sem_pluma,0,0,0,262144,0,0,0,0,0,1
"methane_mobilenet_v3.xmodel","ang20191007t180411_r9216_c0_w512_h512",sem_pluma,0,0,0,262144,0,0,0,0,0,1
"methane_mobilenet_v3.xmodel","ang20191007t180411_r6400_c0_w512_h512",sem_pluma,0,0,0,262144,0,0,0,0,0,1
"methane_mobilenet_v3.xmodel","ang20191007t180411_r1792_c0_w512_h512",sem_pluma,0,0,0,262144,0,0,0,0,0,1
"methane_mobilenet_v3.xmodel","ang20191007t180411_r2304_c0_w512_h512",sem_pluma,0,0,0,262144,0,0,0,0,0,1
"methane_mobilenet_v3.xmodel","ang20191007t180411_r9728_c0_w512_h512",sem_pluma,0,0,0,262144,0,0,0,0,0,1
"methane_mobilenet_v3.xmodel","ang20191007t182352_r0_c0_w512_h512",sem_pluma,0,0,0,262144,0,0,0,0,0,1
"methane_mobilenet_v3.xmodel","ang20191007t182352_r11008_c0_w512_h512",sem_pluma,0,0,0,262144,0,0,0,0,0,1
"methane_mobilenet_v3.xmodel","ang20191007t182352_r1536_c0_w512_h512",sem_pluma,0,0,0,262144,0,0,0,0,0,1
"methane_mobilenet_v3.xmodel","ang20191007t182352_r9472_c256_w512_h512",sem_pluma,0,0,0,262144,0,0,0,0,0,1
"methane_mobilenet_v3.xmodel","ang20191007t182352_r5120_c0_w512_h512",sem_pluma,0,0,0,262144,0,0,0,0,0,1
"methane_mobilenet_v3.xmodel","ang20191007t182352_r8960_c256_w512_h512",sem_pluma,0,0,0,262144,0,0,0,0,0,1
"methane_mobilenet_v3.xmodel","ang20191007t182352_r10496_c256_w512_h512",sem_pluma,0,0,0,262144,0,0,0,0,0,1
"methane_mobilenet_v3.xmodel","ang20191007t184008_r256_c0_w512_h512",sem_pluma,0,0,0,262144,0,0,0,0,0,1
"methane_mobilenet_v3.xmodel","ang20191007t184008_r11264_c256_w512_h512",sem_pluma,0,0,0,262144,0,0,0,0,0,1
"methane_mobilenet_v3.xmodel","ang20191007t184008_r1536_c0_w512_h512",sem_pluma,0,0,0,262144,0,0,0,0,0,1
"methane_mobilenet_v3.xmodel","ang20191007t184008_r7936_c0_w512_h512",sem_pluma,0,0,0,262144,0,0,0,0,0,1
"methane_mobilenet_v3.xmodel","ang20191007t184008_r6144_c256_w512_h512",sem_pluma,0,0,0,262144,0,0,0,0,0,1
"methane_mobilenet_v3.xmodel","ang20191007t184008_r9216_c0_w512_h512",sem_pluma,0,0,0,262144,0,0,0,0,0,1
"methane_mobilenet_v3.xmodel","ang20191007t184008_r10752_c256_w512_h512",sem_pluma,0,0,0,262144,0,0,0,0,0,1
"methane_mobilenet_v3.xmodel","ang20191007t185303_r1280_c0_w512_h512",sem_pluma,0,0,0,262144,0,0,0,0,0,1
"methane_mobilenet_v3.xmodel","ang20191007t185303_r768_c0_w512_h512",sem_pluma,0,0,0,262144,0,0,0,0,0,1
"methane_mobilenet_v3.xmodel","ang20191007t185303_r11264_c0_w512_h512",sem_pluma,0,0,0,262144,0,0,0,0,0,1
"methane_mobilenet_v3.xmodel","ang20191007t185303_r9984_c0_w512_h512",sem_pluma,0,0,0,262144,0,0,0,0,0,1
"methane_mobilenet_v3.xmodel","ang20191007t185303_r7424_c0_w512_h512",sem_pluma,0,0,0,262144,0,0,0,0,0,1
"methane_mobilenet_v3.xmodel","ang20191007t185303_r5376_c0_w512_h512",sem_pluma,0,0,0,262144,0,0,0,0,0,1
"methane_mobilenet_v3.xmodel","ang20191007t185303_r6912_c256_w512_h512",sem_pluma,0,0,0,262144,0,0,0,0,0,1
"methane_mobilenet_v3.xmodel","ang20191007t190840_r0_c0_w512_h512",sem_pluma,0,0,0,262144,0,0,0,0,0,1
"methane_mobilenet_v3.xmodel","ang20191007t190840_r512_c0_w512_h512",sem_pluma,0,0,0,262144,0,0,0,0,0,1
"methane_mobilenet_v3.xmodel","ang20191007t190840_r1792_c0_w512_h512",sem_pluma,0,0,0,262144,0,0,0,0,0,1
"methane_mobilenet_v3.xmodel","ang20191007t190840_r9472_c0_w512_h512",sem_pluma,0,1,0,262143,0,0,0,0,3.81469726562e-06,0.999996185303
"methane_mobilenet_v3.xmodel","ang20191007t190840_r3840_c0_w512_h512",sem_pluma,0,0,0,262144,0,0,0,0,0,1
"methane_mobilenet_v3.xmodel","ang20191007t190840_r3328_c256_w512_h512",sem_pluma,0,0,0,262144,0,0,0,0,0,1
"methane_mobilenet_v3.xmodel","ang20191007t190840_r2304_c0_w512_h512",sem_pluma,0,0,0,262144,0,0,0,0,0,1
"methane_mobilenet_v3.xmodel","ang20191007t193705_r512_c0_w512_h512",sem_pluma,0,0,0,262144,0,0,0,0,0,1
"methane_mobilenet_v3.xmodel","ang20191007t193705_r10752_c256_w512_h512",sem_pluma,0,0,0,262144,0,0,0,0,0,1
"methane_mobilenet_v3.xmodel","ang20191007t193705_r3328_c0_w512_h512",sem_pluma,0,0,0,262144,0,0,0,0,0,1
"methane_mobilenet_v3.xmodel","ang20191007t193705_r10240_c0_w512_h512",sem_pluma,0,0,0,262144,0,0,0,0,0,1
"methane_mobilenet_v3.xmodel","ang20191007t193705_r4352_c0_w512_h512",sem_pluma,0,0,0,262144,0,0,0,0,0,1
"methane_mobilenet_v3.xmodel","ang20191007t193705_r8960_c256_w512_h512",sem_pluma,0,0,0,262144,0,0,0,0,0,1
"methane_mobilenet_v3.xmodel","ang20191007t193705_r8448_c0_w512_h512",sem_pluma,0,0,0,262144,0,0,0,0,0,1
"methane_mobilenet_v3.xmodel","ang20191007t195115_r0_c0_w512_h512",sem_pluma,0,0,0,262144,0,0,0,0,0,1
"methane_mobilenet_v3.xmodel","ang20191007t195115_r6144_c256_w512_h512",sem_pluma,0,0,0,262144,0,0,0,0,0,1
"methane_mobilenet_v3.xmodel","ang20191007t195115_r2816_c0_w512_h512",sem_pluma,0,0,0,262144,0,0,0,0,0,1
"methane_mobilenet_v3.xmodel","ang20191007t195115_r9216_c0_w512_h512",sem_pluma,0,0,0,262144,0,0,0,0,0,1
"methane_mobilenet_v3.xmodel","ang20191007t195115_r6656_c0_w512_h512",sem_pluma,0,0,0,262144,0,0,0,0,0,1
"methane_mobilenet_v3.xmodel","ang20191007t195115_r8704_c0_w512_h512",sem_pluma,0,0,0,262144,0,0,0,0,0,1
"methane_mobilenet_v3.xmodel","ang20191007t195115_r4608_c0_w512_h512",sem_pluma,0,0,0,262144,0,0,0,0,0,1
"methane_mobilenet_v3.xmodel","ang20191007t200647_r11264_c256_w512_h512",sem_pluma,0,0,0,262144,0,0,0,0,0,1
"methane_mobilenet_v3.xmodel","ang20191007t200647_r2560_c0_w512_h512",sem_pluma,0,0,0,262144,0,0,0,0,0,1
"methane_mobilenet_v3.xmodel","ang20191007t200647_r9472_c0_w512_h512",sem_pluma,0,0,0,262144,0,0,0,0,0,1
"methane_mobilenet_v3.xmodel","ang20191007t200647_r7680_c256_w512_h512",sem_pluma,0,0,0,262144,0,0,0,0,0,1
"methane_mobilenet_v3.xmodel","ang20191007t200647_r8448_c0_w512_h512",sem_pluma,0,0,0,262144,0,0,0,0,0,1
"methane_mobilenet_v3.xmodel","ang20191007t200647_r3072_c0_w512_h512",sem_pluma,0,0,0,262144,0,0,0,0,0,1
"methane_mobilenet_v3.xmodel","ang20191007t200647_r8960_c256_w512_h512",sem_pluma,0,0,0,262144,0,0,0,0,0,1
"methane_mobilenet_v3.xmodel","ang20191007t201917_r0_c1536_w512_h512",sem_pluma,0,0,0,262144,0,0,0,0,0,1
"methane_mobilenet_v3.xmodel","ang20191007t201917_r2560_c1536_w512_h512",sem_pluma,0,0,0,262144,0,0,0,0,0,1
"methane_mobilenet_v3.xmodel","ang20191007t201917_r512_c1536_w512_h512",sem_pluma,0,0,0,262144,0,0,0,0,0,1
"methane_mobilenet_v3.xmodel","ang20191007t201917_r7424_c1536_w512_h512",sem_pluma,0,0,0,262144,0,0,0,0,0,1
"methane_mobilenet_v3.xmodel","ang20191007t201917_r7936_c1536_w512_h512",sem_pluma,0,0,0,262144,0,0,0,0,0,1
"methane_mobilenet_v3.xmodel","ang20191007t201917_r2048_c1536_w512_h512",sem_pluma,0,0,0,262144,0,0,0,0,0,1
"methane_mobilenet_v3.xmodel","ang20191007t201917_r1280_c1536_w512_h512",sem_pluma,0,0,0,262144,0,0,0,0,0,1
"methane_mobilenet_v3.xmodel","ang20191008t151045_r3328_c0_w512_h512",sem_pluma,0,0,0,262144,0,0,0,0,0,1
"methane_mobilenet_v3.xmodel","ang20191008t151045_r2048_c0_w512_h512",sem_pluma,0,0,0,262144,0,0,0,0,0,1
"methane_mobilenet_v3.xmodel","ang20191008t151045_r5888_c0_w512_h512",sem_pluma,0,0,0,262144,0,0,0,0,0,1
"methane_mobilenet_v3.xmodel","ang20191008t151045_r12544_c256_w512_h512",sem_pluma,0,0,0,262144,0,0,0,0,0,1
"methane_mobilenet_v3.xmodel","ang20191008t151045_r15104_c0_w512_h512",sem_pluma,0,0,0,262144,0,0,0,0,0,1
"methane_mobilenet_v3.xmodel","ang20191008t151045_r16896_c256_w512_h512",sem_pluma,0,0,0,262144,0,0,0,0,0,1
"methane_mobilenet_v3.xmodel","ang20191008t151045_r0_c0_w512_h512",sem_pluma,0,0,0,262144,0,0,0,0,0,1
"methane_mobilenet_v3.xmodel","ang20191008t153517_r18176_c0_w512_h512",sem_pluma,0,0,0,262144,0,0,0,0,0,1
"methane_mobilenet_v3.xmodel","ang20191008t153517_r16896_c0_w512_h512",sem_pluma,0,0,0,262144,0,0,0,0,0,1
"methane_mobilenet_v3.xmodel","ang20191008t153517_r20224_c0_w512_h512",sem_pluma,0,0,0,262144,0,0,0,0,0,1
"methane_mobilenet_v3.xmodel","ang20191008t153517_r15616_c256_w512_h512",sem_pluma,0,0,0,262144,0,0,0,0,0,1
"methane_mobilenet_v3.xmodel","ang20191008t153517_r13312_c0_w512_h512",sem_pluma,0,0,0,262144,0,0,0,0,0,1
"methane_mobilenet_v3.xmodel","ang20191008t153517_r512_c0_w512_h512",sem_pluma,0,0,0,262144,0,0,0,0,0,1
"methane_mobilenet_v3.xmodel","ang20191008t153517_r10752_c0_w512_h512",sem_pluma,0,0,0,262144,0,0,0,0,0,1
"methane_mobilenet_v3.xmodel","ang20191008t160209_r1024_c0_w512_h512",sem_pluma,0,0,0,262144,0,0,0,0,0,1
"methane_mobilenet_v3.xmodel","ang20191008t160209_r4352_c0_w512_h512",sem_pluma,0,0,0,262144,0,0,0,0,0,1
"methane_mobilenet_v3.xmodel","ang20191008t160209_r2048_c0_w512_h512",sem_pluma,0,0,0,262144,0,0,0,0,0,1
"methane_mobilenet_v3.xmodel","ang20191008t160209_r11008_c256_w512_h512",sem_pluma,0,0,0,262144,0,0,0,0,0,1
"methane_mobilenet_v3.xmodel","ang20191008t160209_r17664_c0_w512_h512",sem_pluma,0,5,0,262139,0,0,0,0,1.90734863281e-05,0.999980926514
"methane_mobilenet_v3.xmodel","ang20191008t160209_r14848_c0_w512_h512",sem_pluma,0,0,0,262144,0,0,0,0,0,1
"methane_mobilenet_v3.xmodel","ang20191008t160209_r3072_c0_w512_h512",sem_pluma,0,0,0,262144,0,0,0,0,0,1
"methane_mobilenet_v3.xmodel","ang20191008t165855_r15360_c256_w512_h512",sem_pluma,0,0,0,262144,0,0,0,0,0,1
"methane_mobilenet_v3.xmodel","ang20191008t165855_r15872_c256_w512_h512",sem_pluma,0,0,0,262144,0,0,0,0,0,1
"methane_mobilenet_v3.xmodel","ang20191008t165855_r1536_c0_w512_h512",sem_pluma,0,0,0,262144,0,0,0,0,0,1
"methane_mobilenet_v3.xmodel","ang20191008t165855_r19200_c0_w512_h512",sem_pluma,0,0,0,262144,0,0,0,0,0,1
"methane_mobilenet_v3.xmodel","ang20191008t165855_r17664_c0_w512_h512",sem_pluma,0,0,0,262144,0,0,0,0,0,1
"methane_mobilenet_v3.xmodel","ang20191008t165855_r14080_c0_w512_h512",sem_pluma,0,0,0,262144,0,0,0,0,0,1
"methane_mobilenet_v3.xmodel","ang20191008t165855_r12032_c256_w512_h512",sem_pluma,0,0,0,262144,0,0,0,0,0,1
"methane_mobilenet_v3.xmodel","ang20191008t172458_r1536_c0_w512_h512",sem_pluma,0,0,0,262144,0,0,0,0,0,1
"methane_mobilenet_v3.xmodel","ang20191008t172458_r768_c0_w512_h512",sem_pluma,0,0,0,262144,0,0,0,0,0,1
"methane_mobilenet_v3.xmodel","ang20191008t172458_r3840_c0_w512_h512",sem_pluma,0,0,0,262144,0,0,0,0,0,1
"methane_mobilenet_v3.xmodel","ang20191008t172458_r16640_c0_w512_h512",sem_pluma,0,0,0,262144,0,0,0,0,0,1
"methane_mobilenet_v3.xmodel","ang20191008t172458_r11264_c0_w512_h512",sem_pluma,0,0,0,262144,0,0,0,0,0,1
"methane_mobilenet_v3.xmodel","ang20191008t172458_r19456_c256_w512_h512",sem_pluma,0,0,0,262144,0,0,0,0,0,1
"methane_mobilenet_v3.xmodel","ang20191008t172458_r13312_c0_w512_h512",sem_pluma,0,0,0,262144,0,0,0,0,0,1
"methane_mobilenet_v3.xmodel","ang20191008t182150_r13312_c256_w512_h512",sem_pluma,0,0,0,262144,0,0,0,0,0,1
"methane_mobilenet_v3.xmodel","ang20191008t182150_r7424_c256_w512_h512",sem_pluma,0,0,0,262144,0,0,0,0,0,1
"methane_mobilenet_v3.xmodel","ang20191008t182150_r12800_c256_w512_h512",sem_pluma,0,0,0,262144,0,0,0,0,0,1
"methane_mobilenet_v3.xmodel","ang20191008t182150_r7936_c256_w512_h512",sem_pluma,0,0,0,262144,0,0,0,0,0,1
"methane_mobilenet_v3.xmodel","ang20191008t182150_r1792_c256_w512_h512",sem_pluma,0,0,0,262144,0,0,0,0,0,1
"methane_mobilenet_v3.xmodel","ang20191008t182150_r3072_c256_w512_h512",sem_pluma,0,0,0,262144,0,0,0,0,0,1
"methane_mobilenet_v3.xmodel","ang20191008t182150_r0_c0_w512_h512",sem_pluma,0,0,0,262144,0,0,0,0,0,1
"methane_mobilenet_v3.xmodel","ang20191008t183946_r6656_c0_w512_h512",sem_pluma,0,0,0,262144,0,0,0,0,0,1
"methane_mobilenet_v3.xmodel","ang20191008t183946_r7424_c0_w512_h512",sem_pluma,0,0,0,262144,0,0,0,0,0,1
"methane_mobilenet_v3.xmodel","ang20191008t183946_r8192_c0_w512_h512",sem_pluma,0,0,0,262144,0,0,0,0,0,1
"methane_mobilenet_v3.xmodel","ang20191008t183946_r3328_c256_w512_h512",sem_pluma,0,0,0,262144,0,0,0,0,0,1
"methane_mobilenet_v3.xmodel","ang20191008t183946_r4864_c0_w512_h512",sem_pluma,0,0,0,262144,0,0,0,0,0,1
"methane_mobilenet_v3.xmodel","ang20191008t183946_r1280_c256_w512_h512",sem_pluma,0,0,0,262144,0,0,0,0,0,1
"methane_mobilenet_v3.xmodel","ang20191008t183946_r768_c0_w512_h512",sem_pluma,0,0,0,262144,0,0,0,0,0,1
"methane_mobilenet_v3.xmodel","ang20191008t190449_r6400_c0_w512_h512",sem_pluma,0,0,0,262144,0,0,0,0,0,1
"methane_mobilenet_v3.xmodel","ang20191008t190449_r7168_c256_w512_h512",sem_pluma,0,0,0,262144,0,0,0,0,0,1
"methane_mobilenet_v3.xmodel","ang20191008t190449_r5888_c0_w512_h512",sem_pluma,0,0,0,262144,0,0,0,0,0,1
"methane_mobilenet_v3.xmodel","ang20191008t190449_r12800_c256_w512_h512",sem_pluma,0,0,0,262144,0,0,0,0,0,1
"methane_mobilenet_v3.xmodel","ang20191008t190449_r11776_c256_w512_h512",sem_pluma,0,0,0,262144,0,0,0,0,0,1
"methane_mobilenet_v3.xmodel","ang20191008t190449_r11264_c256_w512_h512",sem_pluma,0,0,0,262144,0,0,0,0,0,1
"methane_mobilenet_v3.xmodel","ang20191008t190449_r9728_c256_w512_h512",sem_pluma,0,0,0,262144,0,0,0,0,0,1
"methane_mobilenet_v3.xmodel","ang20191008t194115_r11776_c256_w512_h512",sem_pluma,0,0,0,262144,0,0,0,0,0,1
"methane_mobilenet_v3.xmodel","ang20191008t194115_r0_c0_w512_h512",sem_pluma,0,176,0,261968,0,0,0,0,0.00067138671875,0.999328613281
"methane_mobilenet_v3.xmodel","ang20191008t194115_r6144_c256_w512_h512",sem_pluma,0,0,0,262144,0,0,0,0,0,1
"methane_mobilenet_v3.xmodel","ang20191008t194115_r13056_c256_w512_h512",sem_pluma,0,0,0,262144,0,0,0,0,0,1
"methane_mobilenet_v3.xmodel","ang20191008t194115_r7424_c256_w512_h512",sem_pluma,0,0,0,262144,0,0,0,0,0,1
"methane_mobilenet_v3.xmodel","ang20191008t194115_r4096_c0_w512_h512",sem_pluma,0,0,0,262144,0,0,0,0,0,1
"methane_mobilenet_v3.xmodel","ang20191008t194115_r8704_c256_w512_h512",sem_pluma,0,9,0,262135,0,0,0,0,3.43322753906e-05,0.999965667725
"methane_mobilenet_v3.xmodel","ang20191008t195936_r12800_c256_w512_h512",sem_pluma,0,0,0,262144,0,0,0,0,0,1
"methane_mobilenet_v3.xmodel","ang20191008t195936_r13312_c0_w512_h512",sem_pluma,0,0,0,262144,0,0,0,0,0,1
"methane_mobilenet_v3.xmodel","ang20191008t195936_r6144_c256_w512_h512",sem_pluma,0,0,0,262144,0,0,0,0,0,1
"methane_mobilenet_v3.xmodel","ang20191008t195936_r9728_c256_w512_h512",sem_pluma,0,0,0,262144,0,0,0,0,0,1
"methane_mobilenet_v3.xmodel","ang20191008t195936_r11776_c0_w512_h512",sem_pluma,0,0,0,262144,0,0,0,0,0,1
"methane_mobilenet_v3.xmodel","ang20191008t195936_r8960_c256_w512_h512",sem_pluma,0,0,0,262144,0,0,0,0,0,1
"methane_mobilenet_v3.xmodel","ang20191008t195936_r2560_c256_w512_h512",sem_pluma,0,0,0,262144,0,0,0,0,0,1
"methane_mobilenet_v3.xmodel","ang20191010t152203_r768_c0_w512_h512",sem_pluma,0,0,0,262144,0,0,0,0,0,1
"methane_mobilenet_v3.xmodel","ang20191010t152203_r256_c0_w512_h512",sem_pluma,0,0,0,262144,0,0,0,0,0,1
"methane_mobilenet_v3.xmodel","ang20191010t152203_r8448_c0_w512_h512",sem_pluma,0,0,0,262144,0,0,0,0,0,1
"methane_mobilenet_v3.xmodel","ang20191010t152203_r6144_c0_w512_h512",sem_pluma,0,0,0,262144,0,0,0,0,0,1
"methane_mobilenet_v3.xmodel","ang20191010t152203_r1280_c0_w512_h512",sem_pluma,0,0,0,262144,0,0,0,0,0,1
"methane_mobilenet_v3.xmodel","ang20191010t152203_r11776_c0_w512_h512",sem_pluma,0,0,0,262144,0,0,0,0,0,1
"methane_mobilenet_v3.xmodel","ang20191010t152203_r10240_c0_w512_h512",sem_pluma,0,0,0,262144,0,0,0,0,0,1
"methane_mobilenet_v3.xmodel","ang20191010t155034_r3840_c0_w512_h512",sem_pluma,0,0,0,262144,0,0,0,0,0,1
"methane_mobilenet_v3.xmodel","ang20191010t155034_r20224_c256_w512_h512",sem_pluma,0,0,0,262144,0,0,0,0,0,1
"methane_mobilenet_v3.xmodel","ang20191010t155034_r256_c0_w512_h512",sem_pluma,0,0,0,262144,0,0,0,0,0,1
"methane_mobilenet_v3.xmodel","ang20191010t155034_r12288_c0_w512_h512",sem_pluma,0,0,0,262144,0,0,0,0,0,1
"methane_mobilenet_v3.xmodel","ang20191010t155034_r17920_c256_w512_h512",sem_pluma,0,0,0,262144,0,0,0,0,0,1
"methane_mobilenet_v3.xmodel","ang20191010t155034_r14848_c0_w512_h512",sem_pluma,0,0,0,262144,0,0,0,0,0,1
"methane_mobilenet_v3.xmodel","ang20191010t155034_r10240_c0_w512_h512",sem_pluma,0,0,0,262144,0,0,0,0,0,1
"methane_mobilenet_v3.xmodel","ang20191010t161700_r4352_c0_w512_h512",sem_pluma,0,0,0,262144,0,0,0,0,0,1
"methane_mobilenet_v3.xmodel","ang20191010t161700_r5632_c0_w512_h512",sem_pluma,0,0,0,262144,0,0,0,0,0,1
"methane_mobilenet_v3.xmodel","ang20191010t161700_r4864_c0_w512_h512",sem_pluma,0,0,0,262144,0,0,0,0,0,1
"methane_mobilenet_v3.xmodel","ang20191010t161700_r13056_c0_w512_h512",sem_pluma,0,0,0,262144,0,0,0,0,0,1
"methane_mobilenet_v3.xmodel","ang20191010t161700_r17408_c0_w512_h512",sem_pluma,0,0,0,262144,0,0,0,0,0,1
"methane_mobilenet_v3.xmodel","ang20191010t161700_r6656_c0_w512_h512",sem_pluma,0,0,0,262144,0,0,0,0,0,1
"methane_mobilenet_v3.xmodel","ang20191010t161700_r18944_c0_w512_h512",sem_pluma,0,0,0,262144,0,0,0,0,0,1
"methane_mobilenet_v3.xmodel","ang20191010t174755_r19712_c1024_w512_h512",sem_pluma,0,0,0,262144,0,0,0,0,0,1
"methane_mobilenet_v3.xmodel","ang20191010t174755_r1536_c256_w512_h512",sem_pluma,0,0,0,262144,0,0,0,0,0,1
"methane_mobilenet_v3.xmodel","ang20191010t174755_r9216_c256_w512_h512",sem_pluma,0,0,0,262144,0,0,0,0,0,1
"methane_mobilenet_v3.xmodel","ang20191010t174755_r18688_c512_w512_h512",sem_pluma,0,0,0,262144,0,0,0,0,0,1
"methane_mobilenet_v3.xmodel","ang20191010t174755_r15360_c512_w512_h512",sem_pluma,0,0,0,262144,0,0,0,0,0,1
"methane_mobilenet_v3.xmodel","ang20191010t174755_r13056_c512_w512_h512",sem_pluma,0,0,0,262144,0,0,0,0,0,1
"methane_mobilenet_v3.xmodel","ang20191010t174755_r18176_c512_w512_h512",sem_pluma,0,0,0,262144,0,0,0,0,0,1
"methane_mobilenet_v3.xmodel","ang20191010t182147_r7168_c0_w512_h512",sem_pluma,0,0,0,262144,0,0,0,0,0,1
"methane_mobilenet_v3.xmodel","ang20191010t182147_r13312_c0_w512_h512",sem_pluma,0,0,0,262144,0,0,0,0,0,1
"methane_mobilenet_v3.xmodel","ang20191010t182147_r7680_c0_w512_h512",sem_pluma,0,0,0,262144,0,0,0,0,0,1
"methane_mobilenet_v3.xmodel","ang20191010t182147_r10752_c0_w512_h512",sem_pluma,0,0,0,262144,0,0,0,0,0,1
"methane_mobilenet_v3.xmodel","ang20191010t182147_r10240_c256_w512_h512",sem_pluma,0,0,0,262144,0,0,0,0,0,1
"methane_mobilenet_v3.xmodel","ang20191010t182147_r12544_c0_w512_h512",sem_pluma,0,0,0,262144,0,0,0,0,0,1
"methane_mobilenet_v3.xmodel","ang20191010t182147_r2304_c0_w512_h512",sem_pluma,0,0,0,262144,0,0,0,0,0,1
"methane_mobilenet_v3.xmodel","ang20191010t184216_r13568_c256_w512_h512",sem_pluma,0,0,0,262144,0,0,0,0,0,1
"methane_mobilenet_v3.xmodel","ang20191010t184216_r8192_c256_w512_h512",sem_pluma,0,0,0,262144,0,0,0,0,0,1
"methane_mobilenet_v3.xmodel","ang20191010t184216_r13056_c256_w512_h512",sem_pluma,0,0,0,262144,0,0,0,0,0,1
"methane_mobilenet_v3.xmodel","ang20191010t184216_r768_c0_w512_h512",sem_pluma,0,0,0,262144,0,0,0,0,0,1
"methane_mobilenet_v3.xmodel","ang20191010t184216_r0_c0_w512_h512",sem_pluma,0,0,0,262144,0,0,0,0,0,1
"methane_mobilenet_v3.xmodel","ang20191010t184216_r5376_c0_w512_h512",sem_pluma,0,0,0,262144,0,0,0,0,0,1
"methane_mobilenet_v3.xmodel","ang20191010t184216_r6400_c256_w512_h512",sem_pluma,0,0,0,262144,0,0,0,0,0,1
"methane_mobilenet_v3.xmodel","ang20191010t185941_r7424_c0_w512_h512",sem_pluma,0,0,0,262144,0,0,0,0,0,1
"methane_mobilenet_v3.xmodel","ang20191010t185941_r9216_c0_w512_h512",sem_pluma,0,0,0,262144,0,0,0,0,0,1
"methane_mobilenet_v3.xmodel","ang20191010t185941_r12800_c0_w512_h512",sem_pluma,0,0,0,262144,0,0,0,0,0,1
"methane_mobilenet_v3.xmodel","ang20191010t185941_r4096_c256_w512_h512",sem_pluma,0,0,0,262144,0,0,0,0,0,1
"methane_mobilenet_v3.xmodel","ang20191010t185941_r512_c256_w512_h512",sem_pluma,0,0,0,262144,0,0,0,0,0,1
"methane_mobilenet_v3.xmodel","ang20191010t185941_r5120_c0_w512_h512",sem_pluma,0,0,0,262144,0,0,0,0,0,1
"methane_mobilenet_v3.xmodel","ang20191010t185941_r9984_c0_w512_h512",sem_pluma,0,0,0,262144,0,0,0,0,0,1
"methane_mobilenet_v3.xmodel","ang20191010t192008_r6656_c256_w512_h512",sem_pluma,0,0,0,262144,0,0,0,0,0,1
"methane_mobilenet_v3.xmodel","ang20191010t192008_r13312_c256_w512_h512",sem_pluma,0,0,0,262144,0,0,0,0,0,1
"methane_mobilenet_v3.xmodel","ang20191010t192008_r3840_c0_w512_h512",sem_pluma,0,0,0,262144,0,0,0,0,0,1
"methane_mobilenet_v3.xmodel","ang20191010t192008_r9984_c256_w512_h512",sem_pluma,0,0,0,262144,0,0,0,0,0,1
"methane_mobilenet_v3.xmodel","ang20191010t192008_r2560_c0_w512_h512",sem_pluma,0,0,0,262144,0,0,0,0,0,1
"methane_mobilenet_v3.xmodel","ang20191010t192008_r10496_c256_w512_h512",sem_pluma,0,0,0,262144,0,0,0,0,0,1
"methane_mobilenet_v3.xmodel","ang20191010t192008_r5888_c256_w512_h512",sem_pluma,0,0,0,262144,0,0,0,0,0,1
"methane_mobilenet_v3.xmodel","ang20191010t193818_r6400_c0_w512_h512",sem_pluma,0,0,0,262144,0,0,0,0,0,1
"methane_mobilenet_v3.xmodel","ang20191010t193818_r9984_c256_w512_h512",sem_pluma,0,0,0,262144,0,0,0,0,0,1
"methane_mobilenet_v3.xmodel","ang20191010t193818_r1280_c0_w512_h512",sem_pluma,0,0,0,262144,0,0,0,0,0,1
"methane_mobilenet_v3.xmodel","ang20191010t193818_r11520_c0_w512_h512",sem_pluma,0,0,0,262144,0,0,0,0,0,1
"methane_mobilenet_v3.xmodel","ang20191010t193818_r8704_c0_w512_h512",sem_pluma,0,0,0,262144,0,0,0,0,0,1
"methane_mobilenet_v3.xmodel","ang20191010t193818_r9472_c256_w512_h512",sem_pluma,0,0,0,262144,0,0,0,0,0,1
"methane_mobilenet_v3.xmodel","ang20191010t193818_r10752_c256_w512_h512",sem_pluma,0,0,0,262144,0,0,0,0,0,1
"methane_mobilenet_v3.xmodel","ang20191010t195717_r6144_c0_w512_h512",sem_pluma,0,0,0,262144,0,0,0,0,0,1
"methane_mobilenet_v3.xmodel","ang20191010t195717_r12544_c0_w512_h512",sem_pluma,0,0,0,262144,0,0,0,0,0,1
"methane_mobilenet_v3.xmodel","ang20191010t195717_r4608_c0_w512_h512",sem_pluma,0,0,0,262144,0,0,0,0,0,1
"methane_mobilenet_v3.xmodel","ang20191010t195717_r8448_c0_w512_h512",sem_pluma,0,0,0,262144,0,0,0,0,0,1
"methane_mobilenet_v3.xmodel","ang20191010t195717_r6656_c256_w512_h512",sem_pluma,0,0,0,262144,0,0,0,0,0,1
"methane_mobilenet_v3.xmodel","ang20191010t195717_r2304_c256_w512_h512",sem_pluma,0,0,0,262144,0,0,0,0,0,1
"methane_mobilenet_v3.xmodel","ang20191010t195717_r11008_c0_w512_h512",sem_pluma,0,0,0,262144,0,0,0,0,0,1
"methane_mobilenet_v3.xmodel","ang20191011t152413_r7168_c0_w512_h512",sem_pluma,0,0,0,262144,0,0,0,0,0,1
"methane_mobilenet_v3.xmodel","ang20191011t152413_r0_c0_w512_h512",sem_pluma,0,0,0,262144,0,0,0,0,0,1
"methane_mobilenet_v3.xmodel","ang20191011t152413_r3584_c0_w512_h512",sem_pluma,0,0,0,262144,0,0,0,0,0,1
"methane_mobilenet_v3.xmodel","ang20191011t152413_r11520_c0_w512_h512",sem_pluma,0,0,0,262144,0,0,0,0,0,1
"methane_mobilenet_v3.xmodel","ang20191011t152413_r2304_c0_w512_h512",sem_pluma,0,0,0,262144,0,0,0,0,0,1
"methane_mobilenet_v3.xmodel","ang20191011t152413_r12800_c256_w512_h512",sem_pluma,0,14,0,262130,0,0,0,0,5.34057617188e-05,0.999946594238
"methane_mobilenet_v3.xmodel","ang20191011t152413_r6656_c256_w512_h512",sem_pluma,0,0,0,262144,0,0,0,0,0,1
"methane_mobilenet_v3.xmodel","ang20191011t154103_r0_c0_w512_h512",sem_pluma,0,0,0,262144,0,0,0,0,0,1
"methane_mobilenet_v3.xmodel","ang20191011t154103_r13056_c256_w512_h512",sem_pluma,0,0,0,262144,0,0,0,0,0,1
"methane_mobilenet_v3.xmodel","ang20191011t154103_r6144_c0_w512_h512",sem_pluma,0,0,0,262144,0,0,0,0,0,1
"methane_mobilenet_v3.xmodel","ang20191011t154103_r1280_c0_w512_h512",sem_pluma,0,0,0,262144,0,0,0,0,0,1
"methane_mobilenet_v3.xmodel","ang20191011t154103_r10496_c256_w512_h512",sem_pluma,0,0,0,262144,0,0,0,0,0,1
"methane_mobilenet_v3.xmodel","ang20191011t154103_r7936_c0_w512_h512",sem_pluma,0,0,0,262144,0,0,0,0,0,1
"methane_mobilenet_v3.xmodel","ang20191011t154103_r11520_c0_w512_h512",sem_pluma,0,0,0,262144,0,0,0,0,0,1
"methane_mobilenet_v3.xmodel","ang20191011t160043_r6912_c256_w512_h512",sem_pluma,0,54,0,262090,0,0,0,0,0.000205993652344,0.999794006348
"methane_mobilenet_v3.xmodel","ang20191011t160043_r6400_c0_w512_h512",sem_pluma,0,0,0,262144,0,0,0,0,0,1
"methane_mobilenet_v3.xmodel","ang20191011t160043_r7424_c256_w512_h512",sem_pluma,0,0,0,262144,0,0,0,0,0,1
"methane_mobilenet_v3.xmodel","ang20191011t160043_r0_c0_w512_h512",sem_pluma,0,0,0,262144,0,0,0,0,0,1
"methane_mobilenet_v3.xmodel","ang20191011t160043_r5888_c256_w512_h512",sem_pluma,0,0,0,262144,0,0,0,0,0,1
"methane_mobilenet_v3.xmodel","ang20191011t160043_r10752_c0_w512_h512",sem_pluma,0,0,0,262144,0,0,0,0,0,1
"methane_mobilenet_v3.xmodel","ang20191011t160043_r10240_c256_w512_h512",sem_pluma,0,75,0,262069,0,0,0,0,0.000286102294922,0.999713897705
"methane_mobilenet_v3.xmodel","ang20191011t161719_r13056_c256_w512_h512",sem_pluma,0,0,0,262144,0,0,0,0,0,1
"methane_mobilenet_v3.xmodel","ang20191011t161719_r11776_c256_w512_h512",sem_pluma,0,0,0,262144,0,0,0,0,0,1
"methane_mobilenet_v3.xmodel","ang20191011t161719_r6912_c0_w512_h512",sem_pluma,0,35,0,262109,0,0,0,0,0.000133514404297,0.999866485596
"methane_mobilenet_v3.xmodel","ang20191011t161719_r9216_c256_w512_h512",sem_pluma,0,0,0,262144,0,0,0,0,0,1
"methane_mobilenet_v3.xmodel","ang20191011t161719_r256_c0_w512_h512",sem_pluma,0,0,0,262144,0,0,0,0,0,1
"methane_mobilenet_v3.xmodel","ang20191011t161719_r10496_c0_w512_h512",sem_pluma,0,0,0,262144,0,0,0,0,0,1
"methane_mobilenet_v3.xmodel","ang20191011t161719_r3072_c0_w512_h512",sem_pluma,0,0,0,262144,0,0,0,0,0,1
"methane_mobilenet_v3.xmodel","ang20191011t163647_r7680_c256_w512_h512",sem_pluma,0,0,0,262144,0,0,0,0,0,1
"methane_mobilenet_v3.xmodel","ang20191011t163647_r6912_c0_w512_h512",sem_pluma,0,0,0,262144,0,0,0,0,0,1
"methane_mobilenet_v3.xmodel","ang20191011t163647_r9216_c256_w512_h512",sem_pluma,0,0,0,262144,0,0,0,0,0,1
"methane_mobilenet_v3.xmodel","ang20191011t163647_r12800_c256_w512_h512",sem_pluma,0,0,0,262144,0,0,0,0,0,1
"methane_mobilenet_v3.xmodel","ang20191011t163647_r11264_c256_w512_h512",sem_pluma,0,0,0,262144,0,0,0,0,0,1
"methane_mobilenet_v3.xmodel","ang20191011t163647_r13312_c256_w512_h512",sem_pluma,0,0,0,262144,0,0,0,0,0,1
"methane_mobilenet_v3.xmodel","ang20191011t163647_r12032_c256_w512_h512",sem_pluma,0,0,0,262144,0,0,0,0,0,1
"methane_mobilenet_v3.xmodel","ang20191011t165345_r11520_c0_w512_h512",sem_pluma,0,0,0,262144,0,0,0,0,0,1
"methane_mobilenet_v3.xmodel","ang20191011t165345_r0_c0_w512_h512",sem_pluma,0,0,0,262144,0,0,0,0,0,1
"methane_mobilenet_v3.xmodel","ang20191011t165345_r11008_c256_w512_h512",sem_pluma,0,0,0,262144,0,0,0,0,0,1
"methane_mobilenet_v3.xmodel","ang20191011t165345_r13056_c256_w512_h512",sem_pluma,0,0,0,262144,0,0,0,0,0,1
"methane_mobilenet_v3.xmodel","ang20191011t165345_r8960_c256_w512_h512",sem_pluma,0,0,0,262144,0,0,0,0,0,1
"methane_mobilenet_v3.xmodel","ang20191011t165345_r7936_c0_w512_h512",sem_pluma,0,0,0,262144,0,0,0,0,0,1
"methane_mobilenet_v3.xmodel","ang20191011t165345_r9984_c256_w512_h512",sem_pluma,0,0,0,262144,0,0,0,0,0,1
"methane_mobilenet_v3.xmodel","ang20191011t171218_r7936_c0_w512_h512",sem_pluma,0,0,0,262144,0,0,0,0,0,1
"methane_mobilenet_v3.xmodel","ang20191011t171218_r7424_c0_w512_h512",sem_pluma,0,0,0,262144,0,0,0,0,0,1
"methane_mobilenet_v3.xmodel","ang20191011t171218_r6912_c256_w512_h512",sem_pluma,0,18,0,262126,0,0,0,0,6.86645507812e-05,0.999931335449
"methane_mobilenet_v3.xmodel","ang20191011t171218_r9216_c0_w512_h512",sem_pluma,0,0,0,262144,0,0,0,0,0,1
"methane_mobilenet_v3.xmodel","ang20191011t171218_r6400_c0_w512_h512",sem_pluma,0,0,0,262144,0,0,0,0,0,1
"methane_mobilenet_v3.xmodel","ang20191011t171218_r9984_c0_w512_h512",sem_pluma,0,0,0,262144,0,0,0,0,0,1
"methane_mobilenet_v3.xmodel","ang20191011t171218_r11008_c0_w512_h512",sem_pluma,0,0,0,262144,0,0,0,0,0,1
"methane_mobilenet_v3.xmodel","ang20191011t172641_r4864_c0_w512_h512",sem_pluma,0,0,0,262144,0,0,0,0,0,1
"methane_mobilenet_v3.xmodel","ang20191011t172641_r3584_c0_w512_h512",sem_pluma,0,0,0,262144,0,0,0,0,0,1
"methane_mobilenet_v3.xmodel","ang20191011t172641_r8192_c0_w512_h512",sem_pluma,0,0,0,262144,0,0,0,0,0,1
"methane_mobilenet_v3.xmodel","ang20191011t172641_r9472_c0_w512_h512",sem_pluma,0,0,0,262144,0,0,0,0,0,1
"methane_mobilenet_v3.xmodel","ang20191011t172641_r1280_c0_w512_h512",sem_pluma,0,0,0,262144,0,0,0,0,0,1
"methane_mobilenet_v3.xmodel","ang20191011t172641_r9984_c256_w512_h512",sem_pluma,0,0,0,262144,0,0,0,0,0,1
"methane_mobilenet_v3.xmodel","ang20191011t172641_r6912_c256_w512_h512",sem_pluma,0,0,0,262144,0,0,0,0,0,1
"methane_mobilenet_v3.xmodel","ang20191011t174241_r2816_c0_w512_h512",sem_pluma,0,0,0,262144,0,0,0,0,0,1
"methane_mobilenet_v3.xmodel","ang20191011t174241_r6400_c256_w512_h512",sem_pluma,0,0,0,262144,0,0,0,0,0,1
"methane_mobilenet_v3.xmodel","ang20191011t174241_r3840_c0_w512_h512",sem_pluma,0,0,0,262144,0,0,0,0,0,1
"methane_mobilenet_v3.xmodel","ang20191011t174241_r8448_c0_w512_h512",sem_pluma,0,0,0,262144,0,0,0,0,0,1
"methane_mobilenet_v3.xmodel","ang20191011t174241_r9472_c0_w512_h512",sem_pluma,0,0,0,262144,0,0,0,0,0,1
"methane_mobilenet_v3.xmodel","ang20191011t174241_r7936_c256_w512_h512",sem_pluma,0,0,0,262144,0,0,0,0,0,1
"methane_mobilenet_v3.xmodel","ang20191011t174241_r10240_c0_w512_h512",sem_pluma,0,0,0,262144,0,0,0,0,0,1
"methane_mobilenet_v3.xmodel","ang20191011t175712_r256_c0_w512_h512",sem_pluma,0,0,0,262144,0,0,0,0,0,1
"methane_mobilenet_v3.xmodel","ang20191011t175712_r2048_c0_w512_h512",sem_pluma,0,0,0,262144,0,0,0,0,0,1
"methane_mobilenet_v3.xmodel","ang20191011t175712_r1536_c0_w512_h512",sem_pluma,0,0,0,262144,0,0,0,0,0,1
"methane_mobilenet_v3.xmodel","ang20191011t175712_r8448_c256_w512_h512",sem_pluma,0,0,0,262144,0,0,0,0,0,1
"methane_mobilenet_v3.xmodel","ang20191011t175712_r9728_c0_w512_h512",sem_pluma,0,0,0,262144,0,0,0,0,0,1
"methane_mobilenet_v3.xmodel","ang20191011t175712_r9216_c0_w512_h512",sem_pluma,0,7,0,262137,0,0,0,0,2.67028808594e-05,0.999973297119
"methane_mobilenet_v3.xmodel","ang20191011t175712_r7424_c0_w512_h512",sem_pluma,0,0,0,262144,0,0,0,0,0,1
"methane_mobilenet_v3.xmodel","ang20191011t181301_r2304_c0_w512_h512",sem_pluma,0,0,0,262144,0,0,0,0,0,1
"methane_mobilenet_v3.xmodel","ang20191011t181301_r1024_c0_w512_h512",sem_pluma,0,0,0,262144,0,0,0,0,0,1
"methane_mobilenet_v3.xmodel","ang20191011t181301_r9728_c256_w512_h512",sem_pluma,0,0,0,262144,0,0,0,0,0,1
"methane_mobilenet_v3.xmodel","ang20191011t181301_r7168_c0_w512_h512",sem_pluma,0,0,0,262144,0,0,0,0,0,1
"methane_mobilenet_v3.xmodel","ang20191011t181301_r7936_c0_w512_h512",sem_pluma,0,0,0,262144,0,0,0,0,0,1
"methane_mobilenet_v3.xmodel","ang20191011t181301_r8704_c0_w512_h512",sem_pluma,0,0,0,262144,0,0,0,0,0,1
"methane_mobilenet_v3.xmodel","ang20191011t181301_r3584_c0_w512_h512",sem_pluma,0,0,0,262144,0,0,0,0,0,1
"methane_mobilenet_v3.xmodel","ang20191011t182731_r512_c0_w512_h512",sem_pluma,0,0,0,262144,0,0,0,0,0,1
"methane_mobilenet_v3.xmodel","ang20191011t182731_r11008_c0_w512_h512",sem_pluma,0,0,0,262144,0,0,0,0,0,1
"methane_mobilenet_v3.xmodel","ang20191011t182731_r9984_c256_w512_h512",sem_pluma,0,11,0,262133,0,0,0,0,4.19616699219e-05,0.99995803833
"methane_mobilenet_v3.xmodel","ang20191011t182731_r9216_c0_w512_h512",sem_pluma,0,0,0,262144,0,0,0,0,0,1
"methane_mobilenet_v3.xmodel","ang20191011t182731_r4608_c0_w512_h512",sem_pluma,0,0,0,262144,0,0,0,0,0,1
"methane_mobilenet_v3.xmodel","ang20191011t182731_r5376_c0_w512_h512",sem_pluma,0,0,0,262144,0,0,0,0,0,1
"methane_mobilenet_v3.xmodel","ang20191011t182731_r7168_c0_w512_h512",sem_pluma,0,0,0,262144,0,0,0,0,0,1
"methane_mobilenet_v3.xmodel","ang20191011t184311_r1280_c0_w512_h512",sem_pluma,0,0,0,262144,0,0,0,0,0,1
"methane_mobilenet_v3.xmodel","ang20191011t184311_r256_c0_w512_h512",sem_pluma,0,0,0,262144,0,0,0,0,0,1
"methane_mobilenet_v3.xmodel","ang20191011t184311_r10240_c0_w512_h512",sem_pluma,0,569,0,261575,0,0,0,0,0.00217056274414,0.997829437256
"methane_mobilenet_v3.xmodel","ang20191011t184311_r9728_c256_w512_h512",sem_pluma,0,7,0,262137,0,0,0,0,2.67028808594e-05,0.999973297119
"methane_mobilenet_v3.xmodel","ang20191011t184311_r7168_c256_w512_h512",sem_pluma,0,0,0,262144,0,0,0,0,0,1
"methane_mobilenet_v3.xmodel","ang20191011t184311_r2304_c0_w512_h512",sem_pluma,0,0,0,262144,0,0,0,0,0,1
"methane_mobilenet_v3.xmodel","ang20191011t184311_r3328_c0_w512_h512",sem_pluma,0,0,0,262144,0,0,0,0,0,1
"methane_mobilenet_v3.xmodel","ang20191011t185825_r0_c0_w512_h512",sem_pluma,0,0,0,262144,0,0,0,0,0,1
"methane_mobilenet_v3.xmodel","ang20191011t185825_r512_c0_w512_h512",sem_pluma,0,0,0,262144,0,0,0,0,0,1
"methane_mobilenet_v3.xmodel","ang20191011t185825_r4352_c0_w512_h512",sem_pluma,0,0,0,262144,0,0,0,0,0,1
"methane_mobilenet_v3.xmodel","ang20191011t185825_r11264_c256_w512_h512",sem_pluma,0,0,0,262144,0,0,0,0,0,1
"methane_mobilenet_v3.xmodel","ang20191011t185825_r2048_c0_w512_h512",sem_pluma,0,0,0,262144,0,0,0,0,0,1
"methane_mobilenet_v3.xmodel","ang20191011t185825_r8704_c0_w512_h512",sem_pluma,0,0,0,262144,0,0,0,0,0,1
"methane_mobilenet_v3.xmodel","ang20191011t185825_r3840_c0_w512_h512",sem_pluma,0,0,0,262144,0,0,0,0,0,1
"methane_mobilenet_v3.xmodel","ang20191011t191345_r768_c0_w512_h512",sem_pluma,0,0,0,262144,0,0,0,0,0,1
"methane_mobilenet_v3.xmodel","ang20191011t191345_r0_c0_w512_h512",sem_pluma,0,0,0,262144,0,0,0,0,0,1
"methane_mobilenet_v3.xmodel","ang20191011t191345_r1280_c0_w512_h512",sem_pluma,0,0,0,262144,0,0,0,0,0,1
"methane_mobilenet_v3.xmodel","ang20191011t191345_r9216_c256_w512_h512",sem_pluma,0,0,0,262144,0,0,0,0,0,1
"methane_mobilenet_v3.xmodel","ang20191011t191345_r6912_c256_w512_h512",sem_pluma,0,0,0,262144,0,0,0,0,0,1
"methane_mobilenet_v3.xmodel","ang20191011t191345_r7936_c256_w512_h512",sem_pluma,0,0,0,262144,0,0,0,0,0,1
"methane_mobilenet_v3.xmodel","ang20191011t191345_r11008_c0_w512_h512",sem_pluma,0,0,0,262144,0,0,0,0,0,1
"methane_mobilenet_v3.xmodel","ang20191011t192741_r256_c0_w512_h512",sem_pluma,0,0,0,262144,0,0,0,0,0,1
"methane_mobilenet_v3.xmodel","ang20191011t192741_r11264_c256_w512_h512",sem_pluma,0,0,0,262144,0,0,0,0,0,1
"methane_mobilenet_v3.xmodel","ang20191011t192741_r1792_c0_w512_h512",sem_pluma,0,0,0,262144,0,0,0,0,0,1
"methane_mobilenet_v3.xmodel","ang20191011t192741_r6144_c0_w512_h512",sem_pluma,0,0,0,262144,0,0,0,0,0,1
"methane_mobilenet_v3.xmodel","ang20191011t192741_r4864_c0_w512_h512",sem_pluma,0,0,0,262144,0,0,0,0,0,1
"methane_mobilenet_v3.xmodel","ang20191011t192741_r8704_c0_w512_h512",sem_pluma,0,0,0,262144,0,0,0,0,0,1
"methane_mobilenet_v3.xmodel","ang20191011t192741_r7936_c0_w512_h512",sem_pluma,0,0,0,262144,0,0,0,0,0,1
"methane_mobilenet_v3.xmodel","ang20191011t194308_r0_c0_w512_h512",sem_pluma,0,0,0,262144,0,0,0,0,0,1
"methane_mobilenet_v3.xmodel","ang20191011t194308_r11520_c256_w512_h512",sem_pluma,0,0,0,262144,0,0,0,0,0,1
"methane_mobilenet_v3.xmodel","ang20191011t194308_r512_c0_w512_h512",sem_pluma,0,0,0,262144,0,0,0,0,0,1
"methane_mobilenet_v3.xmodel","ang20191011t194308_r1280_c0_w512_h512",sem_pluma,0,0,0,262144,0,0,0,0,0,1
"methane_mobilenet_v3.xmodel","ang20191011t194308_r10240_c0_w512_h512",sem_pluma,0,0,0,262144,0,0,0,0,0,1
"methane_mobilenet_v3.xmodel","ang20191011t194308_r9216_c0_w512_h512",sem_pluma,0,0,0,262144,0,0,0,0,0,1
"methane_mobilenet_v3.xmodel","ang20191011t194308_r10752_c256_w512_h512",sem_pluma,0,0,0,262144,0,0,0,0,0,1
"methane_mobilenet_v3.xmodel","ang20191012t154407_r2304_c256_w512_h512",sem_pluma,0,0,0,262144,0,0,0,0,0,1
"methane_mobilenet_v3.xmodel","ang20191012t154407_r2816_c256_w512_h512",sem_pluma,0,0,0,262144,0,0,0,0,0,1
"methane_mobilenet_v3.xmodel","ang20191012t154407_r512_c256_w512_h512",sem_pluma,0,0,0,262144,0,0,0,0,0,1
"methane_mobilenet_v3.xmodel","ang20191012t154407_r1024_c256_w512_h512",sem_pluma,0,0,0,262144,0,0,0,0,0,1
"methane_mobilenet_v3.xmodel","ang20191012t154800_r0_c512_w512_h512",sem_pluma,0,0,0,262144,0,0,0,0,0,1
"methane_mobilenet_v3.xmodel","ang20191012t154800_r4352_c1280_w512_h512",sem_pluma,0,0,0,262144,0,0,0,0,0,1
"methane_mobilenet_v3.xmodel","ang20191012t154800_r512_c512_w512_h512",sem_pluma,0,0,0,262144,0,0,0,0,0,1
"methane_mobilenet_v3.xmodel","ang20191012t154800_r1536_c768_w512_h512",sem_pluma,0,0,0,262144,0,0,0,0,0,1
"methane_mobilenet_v3.xmodel","ang20191012t154800_r256_c1280_w512_h512",sem_pluma,0,0,0,262144,0,0,0,0,0,1
"methane_mobilenet_v3.xmodel","ang20191012t154800_r768_c0_w512_h512",sem_pluma,0,0,0,262144,0,0,0,0,0,1
"methane_mobilenet_v3.xmodel","ang20191012t154800_r5632_c1536_w512_h512",sem_pluma,0,0,0,262144,0,0,0,0,0,1
"methane_mobilenet_v3.xmodel","ang20191012t155942_r2048_c0_w512_h512",sem_pluma,0,0,0,262144,0,0,0,0,0,1
"methane_mobilenet_v3.xmodel","ang20191012t155942_r512_c0_w512_h512",sem_pluma,0,0,0,262144,0,0,0,0,0,1
"methane_mobilenet_v3.xmodel","ang20191012t155942_r0_c0_w512_h512",sem_pluma,0,0,0,262144,0,0,0,0,0,1
"methane_mobilenet_v3.xmodel","ang20191012t155942_r3072_c0_w512_h512",sem_pluma,0,0,0,262144,0,0,0,0,0,1
"methane_mobilenet_v3.xmodel","ang20191012t155942_r2560_c0_w512_h512",sem_pluma,0,0,0,262144,0,0,0,0,0,1
"methane_mobilenet_v3.xmodel","ang20191012t162223_r1024_c0_w512_h512",sem_pluma,0,0,0,262144,0,0,0,0,0,1
"methane_mobilenet_v3.xmodel","ang20191012t162223_r1536_c256_w512_h512",sem_pluma,0,0,0,262144,0,0,0,0,0,1
"methane_mobilenet_v3.xmodel","ang20191012t162223_r2048_c0_w512_h512",sem_pluma,0,0,0,262144,0,0,0,0,0,1
"methane_mobilenet_v3.xmodel","ang20191012t162223_r3840_c0_w512_h512",sem_pluma,0,0,0,262144,0,0,0,0,0,1
"methane_mobilenet_v3.xmodel","ang20191012t162223_r2560_c0_w512_h512",sem_pluma,0,0,0,262144,0,0,0,0,0,1
"methane_mobilenet_v3.xmodel","ang20191012t162223_r0_c0_w512_h512",sem_pluma,0,0,0,262144,0,0,0,0,0,1
"methane_mobilenet_v3.xmodel","ang20191012t162223_r4608_c0_w512_h512",sem_pluma,0,0,0,262144,0,0,0,0,0,1
"methane_mobilenet_v3.xmodel","ang20191013t144828_r2048_c0_w512_h512",sem_pluma,0,0,0,262144,0,0,0,0,0,1
"methane_mobilenet_v3.xmodel","ang20191013t145516_r7936_c256_w512_h512",sem_pluma,0,0,0,262144,0,0,0,0,0,1
"methane_mobilenet_v3.xmodel","ang20191013t145516_r13056_c0_w512_h512",sem_pluma,0,0,0,262144,0,0,0,0,0,1
"methane_mobilenet_v3.xmodel","ang20191013t145516_r6912_c256_w512_h512",sem_pluma,0,0,0,262144,0,0,0,0,0,1
"methane_mobilenet_v3.xmodel","ang20191013t145516_r1024_c256_w512_h512",sem_pluma,0,0,0,262144,0,0,0,0,0,1
"methane_mobilenet_v3.xmodel","ang20191013t145516_r13568_c0_w512_h512",sem_pluma,0,0,0,262144,0,0,0,0,0,1
"methane_mobilenet_v3.xmodel","ang20191013t145516_r16384_c0_w512_h512",sem_pluma,0,0,0,262144,0,0,0,0,0,1
"methane_mobilenet_v3.xmodel","ang20191013t145516_r8704_c0_w512_h512",sem_pluma,0,0,0,262144,0,0,0,0,0,1
"methane_mobilenet_v3.xmodel","ang20191013t151222_r3584_c0_w512_h512",sem_pluma,0,0,0,262144,0,0,0,0,0,1
"methane_mobilenet_v3.xmodel","ang20191013t151222_r3072_c0_w512_h512",sem_pluma,0,0,0,262144,0,0,0,0,0,1
"methane_mobilenet_v3.xmodel","ang20191013t151222_r4096_c0_w512_h512",sem_pluma,0,0,0,262144,0,0,0,0,0,1
"methane_mobilenet_v3.xmodel","ang20191013t151222_r9728_c0_w512_h512",sem_pluma,0,0,0,262144,0,0,0,0,0,1
"methane_mobilenet_v3.xmodel","ang20191013t151222_r11264_c256_w512_h512",sem_pluma,0,0,0,262144,0,0,0,0,0,1
"methane_mobilenet_v3.xmodel","ang20191013t151222_r15872_c0_w512_h512",sem_pluma,0,0,0,262144,0,0,0,0,0,1
"methane_mobilenet_v3.xmodel","ang20191013t151222_r9216_c0_w512_h512",sem_pluma,0,0,0,262144,0,0,0,0,0,1
"methane_mobilenet_v3.xmodel","ang20191013t152730_r15104_c0_w512_h512",sem_pluma,0,0,0,262144,0,0,0,0,0,1
"methane_mobilenet_v3.xmodel","ang20191013t152730_r4864_c0_w512_h512",sem_pluma,0,0,0,262144,0,0,0,0,0,1
"methane_mobilenet_v3.xmodel","ang20191013t152730_r13568_c0_w512_h512",sem_pluma,0,0,0,262144,0,0,0,0,0,1
"methane_mobilenet_v3.xmodel","ang20191013t152730_r5632_c0_w512_h512",sem_pluma,0,0,0,262144,0,0,0,0,0,1
"methane_mobilenet_v3.xmodel","ang20191013t152730_r512_c256_w512_h512",sem_pluma,0,0,0,262144,0,0,0,0,0,1
"methane_mobilenet_v3.xmodel","ang20191013t152730_r3072_c256_w512_h512",sem_pluma,0,0,0,262144,0,0,0,0,0,1
"methane_mobilenet_v3.xmodel","ang20191013t152730_r8192_c0_w512_h512",sem_pluma,0,0,0,262144,0,0,0,0,0,1
"methane_mobilenet_v3.xmodel","ang20191013t154421_r5376_c0_w512_h512",sem_pluma,0,0,0,262144,0,0,0,0,0,1
"methane_mobilenet_v3.xmodel","ang20191013t154421_r4864_c0_w512_h512",sem_pluma,0,0,0,262144,0,0,0,0,0,1
"methane_mobilenet_v3.xmodel","ang20191013t154421_r4352_c256_w512_h512",sem_pluma,0,0,0,262144,0,0,0,0,0,1
"methane_mobilenet_v3.xmodel","ang20191013t154421_r17664_c0_w512_h512",sem_pluma,0,0,0,262144,0,0,0,0,0,1
"methane_mobilenet_v3.xmodel","ang20191013t154421_r13824_c0_w512_h512",sem_pluma,0,0,0,262144,0,0,0,0,0,1
"methane_mobilenet_v3.xmodel","ang20191013t154421_r18944_c0_w512_h512",sem_pluma,0,0,0,262144,0,0,0,0,0,1
"methane_mobilenet_v3.xmodel","ang20191013t154421_r12288_c0_w512_h512",sem_pluma,0,0,0,262144,0,0,0,0,0,1
"methane_mobilenet_v3.xmodel","ang20191013t155909_r6912_c0_w512_h512",sem_pluma,0,0,0,262144,0,0,0,0,0,1
"methane_mobilenet_v3.xmodel","ang20191013t155909_r6400_c256_w512_h512",sem_pluma,0,0,0,262144,0,0,0,0,0,1
"methane_mobilenet_v3.xmodel","ang20191013t155909_r5888_c0_w512_h512",sem_pluma,0,0,0,262144,0,0,0,0,0,1
"methane_mobilenet_v3.xmodel","ang20191013t155909_r2816_c0_w512_h512",sem_pluma,0,0,0,262144,0,0,0,0,0,1
"methane_mobilenet_v3.xmodel","ang20191013t155909_r16128_c0_w512_h512",sem_pluma,0,0,0,262144,0,0,0,0,0,1
"methane_mobilenet_v3.xmodel","ang20191013t155909_r14592_c0_w512_h512",sem_pluma,0,0,0,262144,0,0,0,0,0,1
"methane_mobilenet_v3.xmodel","ang20191013t155909_r16640_c0_w512_h512",sem_pluma,0,0,0,262144,0,0,0,0,0,1
"methane_mobilenet_v3.xmodel","ang20191013t161540_r6912_c256_w512_h512",sem_pluma,0,0,0,262144,0,0,0,0,0,1
"methane_mobilenet_v3.xmodel","ang20191013t161540_r6144_c0_w512_h512",sem_pluma,0,0,0,262144,0,0,0,0,0,1
"methane_mobilenet_v3.xmodel","ang20191013t161540_r5376_c0_w512_h512",sem_pluma,0,0,0,262144,0,0,0,0,0,1
"methane_mobilenet_v3.xmodel","ang20191013t161540_r16896_c0_w512_h512",sem_pluma,0,0,0,262144,0,0,0,0,0,1
"methane_mobilenet_v3.xmodel","ang20191013t161540_r14336_c0_w512_h512",sem_pluma,0,0,0,262144,0,0,0,0,0,1
"methane_mobilenet_v3.xmodel","ang20191013t161540_r10752_c0_w512_h512",sem_pluma,0,0,0,262144,0,0,0,0,0,1
"methane_mobilenet_v3.xmodel","ang20191013t161540_r9472_c0_w512_h512",sem_pluma,0,0,0,262144,0,0,0,0,0,1
"methane_mobilenet_v3.xmodel","ang20191013t164602_r6656_c256_w512_h512",sem_pluma,0,0,0,262144,0,0,0,0,0,1
"methane_mobilenet_v3.xmodel","ang20191013t164602_r5888_c256_w512_h512",sem_pluma,0,0,0,262144,0,0,0,0,0,1
"methane_mobilenet_v3.xmodel","ang20191013t164602_r4864_c0_w512_h512",sem_pluma,0,26,0,262118,0,0,0,0,9.91821289062e-05,0.999900817871
"methane_mobilenet_v3.xmodel","ang20191013t164602_r10496_c0_w512_h512",sem_pluma,0,0,0,262144,0,0,0,0,0,1
"methane_mobilenet_v3.xmodel","ang20191013t164602_r1024_c256_w512_h512",sem_pluma,0,0,0,262144,0,0,0,0,0,1
"methane_mobilenet_v3.xmodel","ang20191013t164602_r12800_c0_w512_h512",sem_pluma,0,0,0,262144,0,0,0,0,0,1
"methane_mobilenet_v3.xmodel","ang20191013t164602_r2560_c256_w512_h512",sem_pluma,0,0,0,262144,0,0,0,0,0,1
"methane_mobilenet_v3.xmodel","ang20191013t170032_r5632_c256_w512_h512",sem_pluma,0,0,0,262144,0,0,0,0,0,1
"methane_mobilenet_v3.xmodel","ang20191013t170032_r6144_c256_w512_h512",sem_pluma,0,0,0,262144,0,0,0,0,0,1
"methane_mobilenet_v3.xmodel","ang20191013t170032_r5120_c256_w512_h512",sem_pluma,0,0,0,262144,0,0,0,0,0,1
"methane_mobilenet_v3.xmodel","ang20191013t170032_r3328_c0_w512_h512",sem_pluma,0,0,0,262144,0,0,0,0,0,1
"methane_mobilenet_v3.xmodel","ang20191013t170032_r13824_c0_w512_h512",sem_pluma,0,0,0,262144,0,0,0,0,0,1
"methane_mobilenet_v3.xmodel","ang20191013t170032_r1536_c256_w512_h512",sem_pluma,0,0,0,262144,0,0,0,0,0,1
"methane_mobilenet_v3.xmodel","ang20191013t170032_r11264_c0_w512_h512",sem_pluma,0,54,0,262090,0,0,0,0,0.000205993652344,0.999794006348
"methane_mobilenet_v3.xmodel","ang20191013t171742_r9728_c256_w512_h512",sem_pluma,0,0,0,262144,0,0,0,0,0,1
"methane_mobilenet_v3.xmodel","ang20191013t171742_r8960_c0_w512_h512",sem_pluma,0,0,0,262144,0,0,0,0,0,1
"methane_mobilenet_v3.xmodel","ang20191013t171742_r7936_c256_w512_h512",sem_pluma,0,0,0,262144,0,0,0,0,0,1
"methane_mobilenet_v3.xmodel","ang20191013t171742_r4864_c0_w512_h512",sem_pluma,0,0,0,262144,0,0,0,0,0,1
"methane_mobilenet_v3.xmodel","ang20191013t171742_r7424_c256_w512_h512",sem_pluma,0,0,0,262144,0,0,0,0,0,1
"methane_mobilenet_v3.xmodel","ang20191013t171742_r4352_c256_w512_h512",sem_pluma,0,0,0,262144,0,0,0,0,0,1
"methane_mobilenet_v3.xmodel","ang20191013t171742_r2560_c256_w512_h512",sem_pluma,0,0,0,262144,0,0,0,0,0,1
"methane_mobilenet_v3.xmodel","ang20191013t173258_r11776_c0_w512_h512",sem_pluma,0,0,0,262144,0,0,0,0,0,1
"methane_mobilenet_v3.xmodel","ang20191013t173258_r8960_c0_w512_h512",sem_pluma,0,0,0,262144,0,0,0,0,0,1
"methane_mobilenet_v3.xmodel","ang20191013t173258_r12288_c0_w512_h512",sem_pluma,0,0,0,262144,0,0,0,0,0,1
"methane_mobilenet_v3.xmodel","ang20191013t173258_r13056_c0_w512_h512",sem_pluma,0,0,0,262144,0,0,0,0,0,1
"methane_mobilenet_v3.xmodel","ang20191013t173258_r2048_c0_w512_h512",sem_pluma,0,0,0,262144,0,0,0,0,0,1
"methane_mobilenet_v3.xmodel","ang20191013t173258_r18432_c0_w512_h512",sem_pluma,0,0,0,262144,0,0,0,0,0,1
"methane_mobilenet_v3.xmodel","ang20191013t173258_r7168_c256_w512_h512",sem_pluma,0,0,0,262144,0,0,0,0,0,1
"methane_mobilenet_v3.xmodel","ang20191013t174928_r12800_c0_w512_h512",sem_pluma,0,0,0,262144,0,0,0,0,0,1
"methane_mobilenet_v3.xmodel","ang20191013t174928_r13312_c0_w512_h512",sem_pluma,0,0,0,262144,0,0,0,0,0,1
"methane_mobilenet_v3.xmodel","ang20191013t174928_r9728_c256_w512_h512",sem_pluma,0,0,0,262144,0,0,0,0,0,1
"methane_mobilenet_v3.xmodel","ang20191013t174928_r8960_c0_w512_h512",sem_pluma,0,0,0,262144,0,0,0,0,0,1
"methane_mobilenet_v3.xmodel","ang20191013t174928_r7424_c256_w512_h512",sem_pluma,0,0,0,262144,0,0,0,0,0,1
"methane_mobilenet_v3.xmodel","ang20191013t174928_r17408_c0_w512_h512",sem_pluma,0,0,0,262144,0,0,0,0,0,1
"methane_mobilenet_v3.xmodel","ang20191013t174928_r4608_c256_w512_h512",sem_pluma,0,0,0,262144,0,0,0,0,0,1
"methane_mobilenet_v3.xmodel","ang20191013t180441_r13056_c0_w512_h512",sem_pluma,0,0,0,262144,0,0,0,0,0,1
"methane_mobilenet_v3.xmodel","ang20191013t180441_r13568_c0_w512_h512",sem_pluma,0,0,0,262144,0,0,0,0,0,1
"methane_mobilenet_v3.xmodel","ang20191013t180441_r8448_c0_w512_h512",sem_pluma,0,0,0,262144,0,0,0,0,0,1
"methane_mobilenet_v3.xmodel","ang20191013t180441_r5888_c0_w512_h512",sem_pluma,0,0,0,262144,0,0,0,0,0,1
"methane_mobilenet_v3.xmodel","ang20191013t180441_r1024_c0_w512_h512",sem_pluma,0,0,0,262144,0,0,0,0,0,1
"methane_mobilenet_v3.xmodel","ang20191013t180441_r14592_c0_w512_h512",sem_pluma,0,0,0,262144,0,0,0,0,0,1
"methane_mobilenet_v3.xmodel","ang20191013t180441_r6400_c0_w512_h512",sem_pluma,0,0,0,262144,0,0,0,0,0,1
"methane_mobilenet_v3.xmodel","ang20191013t182140_r14336_c0_w512_h512",sem_pluma,0,0,0,262144,0,0,0,0,0,1
"methane_mobilenet_v3.xmodel","ang20191013t182140_r9472_c256_w512_h512",sem_pluma,0,0,0,262144,0,0,0,0,0,1
"methane_mobilenet_v3.xmodel","ang20191013t182140_r11264_c0_w512_h512",sem_pluma,0,0,0,262144,0,0,0,0,0,1
"methane_mobilenet_v3.xmodel","ang20191013t182140_r7168_c0_w512_h512",sem_pluma,0,0,0,262144,0,0,0,0,0,1
"methane_mobilenet_v3.xmodel","ang20191013t182140_r17408_c0_w512_h512",sem_pluma,0,0,0,262144,0,0,0,0,0,1
"methane_mobilenet_v3.xmodel","ang20191013t182140_r2560_c0_w512_h512",sem_pluma,0,0,0,262144,0,0,0,0,0,1
"methane_mobilenet_v3.xmodel","ang20191013t182140_r15104_c0_w512_h512",sem_pluma,0,0,0,262144,0,0,0,0,0,1
"methane_mobilenet_v3.xmodel","ang20191013t185356_r256_c256_w512_h512",sem_pluma,0,0,0,262144,0,0,0,0,0,1
"methane_mobilenet_v3.xmodel","ang20191013t185356_r3072_c256_w512_h512",sem_pluma,0,0,0,262144,0,0,0,0,0,1
"methane_mobilenet_v3.xmodel","ang20191013t185356_r768_c256_w512_h512",sem_pluma,0,0,0,262144,0,0,0,0,0,1
"methane_mobilenet_v3.xmodel","ang20191013t185356_r11520_c0_w512_h512",sem_pluma,0,0,0,262144,0,0,0,0,0,1
"methane_mobilenet_v3.xmodel","ang20191013t185356_r13312_c0_w512_h512",sem_pluma,0,0,0,262144,0,0,0,0,0,1
"methane_mobilenet_v3.xmodel","ang20191013t185356_r6656_c256_w512_h512",sem_pluma,0,0,0,262144,0,0,0,0,0,1
"methane_mobilenet_v3.xmodel","ang20191013t185356_r2304_c256_w512_h512",sem_pluma,0,0,0,262144,0,0,0,0,0,1
"methane_mobilenet_v3.xmodel","ang20191013t192848_r6144_c256_w512_h512",sem_pluma,0,0,0,262144,0,0,0,0,0,1
"methane_mobilenet_v3.xmodel","ang20191013t192848_r3584_c256_w512_h512",sem_pluma,0,0,0,262144,0,0,0,0,0,1
"methane_mobilenet_v3.xmodel","ang20191013t192848_r6656_c256_w512_h512",sem_pluma,0,0,0,262144,0,0,0,0,0,1
"methane_mobilenet_v3.xmodel","ang20191013t192848_r19200_c0_w512_h512",sem_pluma,0,0,0,262144,0,0,0,0,0,1
"methane_mobilenet_v3.xmodel","ang20191013t192848_r8448_c256_w512_h512",sem_pluma,0,0,0,262144,0,0,0,0,0,1
"methane_mobilenet_v3.xmodel","ang20191013t192848_r9728_c256_w512_h512",sem_pluma,0,0,0,262144,0,0,0,0,0,1
"methane_mobilenet_v3.xmodel","ang20191013t192848_r7680_c256_w512_h512",sem_pluma,0,0,0,262144,0,0,0,0,0,1
"methane_mobilenet_v3.xmodel","ang20191016t143714_r4608_c256_w512_h512",sem_pluma,0,0,0,262144,0,0,0,0,0,1
"methane_mobilenet_v3.xmodel","ang20191016t143714_r3584_c256_w512_h512",sem_pluma,0,0,0,262144,0,0,0,0,0,1
"methane_mobilenet_v3.xmodel","ang20191016t143714_r5632_c256_w512_h512",sem_pluma,0,0,0,262144,0,0,0,0,0,1
"methane_mobilenet_v3.xmodel","ang20191016t143714_r1792_c256_w512_h512",sem_pluma,0,0,0,262144,0,0,0,0,0,1
"methane_mobilenet_v3.xmodel","ang20191016t143714_r8704_c256_w512_h512",sem_pluma,0,0,0,262144,0,0,0,0,0,1
"methane_mobilenet_v3.xmodel","ang20191016t143714_r768_c0_w512_h512",sem_pluma,0,0,0,262144,0,0,0,0,0,1
"methane_mobilenet_v3.xmodel","ang20191016t143714_r8192_c512_w512_h512",sem_pluma,0,0,0,262144,0,0,0,0,0,1
"methane_mobilenet_v3.xmodel","ang20191016t145145_r7168_c256_w512_h512",sem_pluma,0,0,0,262144,0,0,0,0,0,1
"methane_mobilenet_v3.xmodel","ang20191016t145145_r7936_c256_w512_h512",sem_pluma,0,0,0,262144,0,0,0,0,0,1
"methane_mobilenet_v3.xmodel","ang20191016t145145_r10752_c256_w512_h512",sem_pluma,0,0,0,262144,0,0,0,0,0,1
"methane_mobilenet_v3.xmodel","ang20191016t145145_r11264_c256_w512_h512",sem_pluma,0,0,0,262144,0,0,0,0,0,1
"methane_mobilenet_v3.xmodel","ang20191016t145145_r2048_c0_w512_h512",sem_pluma,0,0,0,262144,0,0,0,0,0,1
"methane_mobilenet_v3.xmodel","ang20191016t150743_r0_c0_w512_h512",sem_pluma,0,0,0,262144,0,0,0,0,0,1
"methane_mobilenet_v3.xmodel","ang20191016t150743_r512_c0_w512_h512",sem_pluma,0,0,0,262144,0,0,0,0,0,1
"methane_mobilenet_v3.xmodel","ang20191016t150743_r2048_c0_w512_h512",sem_pluma,0,0,0,262144,0,0,0,0,0,1
"methane_mobilenet_v3.xmodel","ang20191016t150743_r5632_c0_w512_h512",sem_pluma,0,0,0,262144,0,0,0,0,0,1
"methane_mobilenet_v3.xmodel","ang20191016t150743_r4864_c0_w512_h512",sem_pluma,0,0,0,262144,0,0,0,0,0,1
"methane_mobilenet_v3.xmodel","ang20191016t150743_r6656_c0_w512_h512",sem_pluma,0,0,0,262144,0,0,0,0,0,1
"methane_mobilenet_v3.xmodel","ang20191016t150743_r6144_c0_w512_h512",sem_pluma,0,0,0,262144,0,0,0,0,0,1
"methane_mobilenet_v3.xmodel","ang20191016t152245_r7680_c0_w512_h512",sem_pluma,0,0,0,262144,0,0,0,0,0,1
"methane_mobilenet_v3.xmodel","ang20191016t152245_r256_c0_w512_h512",sem_pluma,0,0,0,262144,0,0,0,0,0,1
"methane_mobilenet_v3.xmodel","ang20191016t152245_r768_c0_w512_h512",sem_pluma,0,0,0,262144,0,0,0,0,0,1
"methane_mobilenet_v3.xmodel","ang20191016t152245_r11008_c256_w512_h512",sem_pluma,0,0,0,262144,0,0,0,0,0,1
"methane_mobilenet_v3.xmodel","ang20191016t152245_r2560_c0_w512_h512",sem_pluma,0,0,0,262144,0,0,0,0,0,1
"methane_mobilenet_v3.xmodel","ang20191016t152245_r4608_c0_w512_h512",sem_pluma,0,0,0,262144,0,0,0,0,0,1
"methane_mobilenet_v3.xmodel","ang20191016t152245_r1280_c0_w512_h512",sem_pluma,0,0,0,262144,0,0,0,0,0,1
"methane_mobilenet_v3.xmodel","ang20191016t153826_r0_c0_w512_h512",sem_pluma,0,0,0,262144,0,0,0,0,0,1
"methane_mobilenet_v3.xmodel","ang20191016t153826_r512_c0_w512_h512",sem_pluma,0,0,0,262144,0,0,0,0,0,1
"methane_mobilenet_v3.xmodel","ang20191016t153826_r6400_c256_w512_h512",sem_pluma,0,0,0,262144,0,0,0,0,0,1
"methane_mobilenet_v3.xmodel","ang20191016t153826_r10752_c0_w512_h512",sem_pluma,0,0,0,262144,0,0,0,0,0,1
"methane_mobilenet_v3.xmodel","ang20191016t153826_r3840_c0_w512_h512",sem_pluma,0,0,0,262144,0,0,0,0,0,1
"methane_mobilenet_v3.xmodel","ang20191016t153826_r5888_c256_w512_h512",sem_pluma,0,0,0,262144,0,0,0,0,0,1
"methane_mobilenet_v3.xmodel","ang20191016t153826_r8960_c0_w512_h512",sem_pluma,0,0,0,262144,0,0,0,0,0,1
"methane_mobilenet_v3.xmodel","ang20191016t155337_r5376_c0_w512_h512",sem_pluma,0,0,0,262144,0,0,0,0,0,1
"methane_mobilenet_v3.xmodel","ang20191016t155337_r768_c0_w512_h512",sem_pluma,0,0,0,262144,0,0,0,0,0,1
"methane_mobilenet_v3.xmodel","ang20191016t155337_r4864_c0_w512_h512",sem_pluma,0,0,0,262144,0,0,0,0,0,1
"methane_mobilenet_v3.xmodel","ang20191016t155337_r9472_c256_w512_h512",sem_pluma,0,0,0,262144,0,0,0,0,0,1
"methane_mobilenet_v3.xmodel","ang20191016t155337_r8960_c0_w512_h512",sem_pluma,0,0,0,262144,0,0,0,0,0,1
"methane_mobilenet_v3.xmodel","ang20191016t155337_r1536_c0_w512_h512",sem_pluma,0,0,0,262144,0,0,0,0,0,1
"methane_mobilenet_v3.xmodel","ang20191016t155337_r10752_c0_w512_h512",sem_pluma,0,0,0,262144,0,0,0,0,0,1
"methane_mobilenet_v3.xmodel","ang20191016t160914_r256_c0_w512_h512",sem_pluma,0,0,0,262144,0,0,0,0,0,1
"methane_mobilenet_v3.xmodel","ang20191016t160914_r6912_c0_w512_h512",sem_pluma,0,0,0,262144,0,0,0,0,0,1
"methane_mobilenet_v3.xmodel","ang20191016t160914_r7424_c256_w512_h512",sem_pluma,0,0,0,262144,0,0,0,0,0,1
"methane_mobilenet_v3.xmodel","ang20191016t160914_r8192_c256_w512_h512",sem_pluma,0,0,0,262144,0,0,0,0,0,1
"methane_mobilenet_v3.xmodel","ang20191016t160914_r10240_c0_w512_h512",sem_pluma,0,0,0,262144,0,0,0,0,0,1
"methane_mobilenet_v3.xmodel","ang20191016t160914_r9472_c0_w512_h512",sem_pluma,0,0,0,262144,0,0,0,0,0,1
"methane_mobilenet_v3.xmodel","ang20191016t160914_r5120_c0_w512_h512",sem_pluma,0,0,0,262144,0,0,0,0,0,1
"methane_mobilenet_v3.xmodel","ang20191016t162417_r5632_c0_w512_h512",sem_pluma,0,0,0,262144,0,0,0,0,0,1
"methane_mobilenet_v3.xmodel","ang20191016t162417_r9728_c256_w512_h512",sem_pluma,0,0,0,262144,0,0,0,0,0,1
"methane_mobilenet_v3.xmodel","ang20191016t162417_r10240_c256_w512_h512",sem_pluma,0,0,0,262144,0,0,0,0,0,1
"methane_mobilenet_v3.xmodel","ang20191016t162417_r6400_c0_w512_h512",sem_pluma,0,0,0,262144,0,0,0,0,0,1
"methane_mobilenet_v3.xmodel","ang20191016t162417_r8704_c0_w512_h512",sem_pluma,0,0,0,262144,0,0,0,0,0,1
"methane_mobilenet_v3.xmodel","ang20191016t162417_r7680_c0_w512_h512",sem_pluma,0,0,0,262144,0,0,0,0,0,1
"methane_mobilenet_v3.xmodel","ang20191016t162417_r3840_c0_w512_h512",sem_pluma,0,0,0,262144,0,0,0,0,0,1
"methane_mobilenet_v3.xmodel","ang20191016t163955_r256_c0_w512_h512",sem_pluma,0,0,0,262144,0,0,0,0,0,1
"methane_mobilenet_v3.xmodel","ang20191016t163955_r9216_c256_w512_h512",sem_pluma,0,0,0,262144,0,0,0,0,0,1
"methane_mobilenet_v3.xmodel","ang20191016t163955_r11008_c0_w512_h512",sem_pluma,0,0,0,262144,0,0,0,0,0,1
"methane_mobilenet_v3.xmodel","ang20191016t163955_r9728_c256_w512_h512",sem_pluma,0,0,0,262144,0,0,0,0,0,1
"methane_mobilenet_v3.xmodel","ang20191016t163955_r8192_c256_w512_h512",sem_pluma,0,0,0,262144,0,0,0,0,0,1
"methane_mobilenet_v3.xmodel","ang20191016t163955_r8704_c0_w512_h512",sem_pluma,0,0,0,262144,0,0,0,0,0,1
"methane_mobilenet_v3.xmodel","ang20191016t163955_r7680_c256_w512_h512",sem_pluma,0,0,0,262144,0,0,0,0,0,1
"methane_mobilenet_v3.xmodel","ang20191016t165454_r4608_c0_w512_h512",sem_pluma,0,0,0,262144,0,0,0,0,0,1
"methane_mobilenet_v3.xmodel","ang20191016t165454_r1024_c0_w512_h512",sem_pluma,0,0,0,262144,0,0,0,0,0,1
"methane_mobilenet_v3.xmodel","ang20191016t165454_r10752_c256_w512_h512",sem_pluma,0,0,0,262144,0,0,0,0,0,1
"methane_mobilenet_v3.xmodel","ang20191016t165454_r8192_c0_w512_h512",sem_pluma,0,0,0,262144,0,0,0,0,0,1
"methane_mobilenet_v3.xmodel","ang20191016t165454_r8960_c256_w512_h512",sem_pluma,0,0,0,262144,0,0,0,0,0,1
"methane_mobilenet_v3.xmodel","ang20191016t165454_r9472_c256_w512_h512",sem_pluma,0,0,0,262144,0,0,0,0,0,1
"methane_mobilenet_v3.xmodel","ang20191016t165454_r2560_c0_w512_h512",sem_pluma,0,0,0,262144,0,0,0,0,0,1
"methane_mobilenet_v3.xmodel","ang20191016t171023_r3584_c0_w512_h512",sem_pluma,0,0,0,262144,0,0,0,0,0,1
"methane_mobilenet_v3.xmodel","ang20191016t171023_r768_c0_w512_h512",sem_pluma,0,0,0,262144,0,0,0,0,0,1
"methane_mobilenet_v3.xmodel","ang20191016t171023_r9984_c256_w512_h512",sem_pluma,0,0,0,262144,0,0,0,0,0,1
"methane_mobilenet_v3.xmodel","ang20191016t171023_r9216_c0_w512_h512",sem_pluma,0,0,0,262144,0,0,0,0,0,1
"methane_mobilenet_v3.xmodel","ang20191016t171023_r0_c0_w512_h512",sem_pluma,0,0,0,262144,0,0,0,0,0,1
"methane_mobilenet_v3.xmodel","ang20191016t171023_r11264_c0_w512_h512",sem_pluma,0,0,0,262144,0,0,0,0,0,1
"methane_mobilenet_v3.xmodel","ang20191016t171023_r8704_c256_w512_h512",sem_pluma,0,0,0,262144,0,0,0,0,0,1
"methane_mobilenet_v3.xmodel","ang20191016t172526_r7936_c0_w512_h512",sem_pluma,0,0,0,262144,0,0,0,0,0,1
"methane_mobilenet_v3.xmodel","ang20191016t172526_r2560_c0_w512_h512",sem_pluma,0,0,0,262144,0,0,0,0,0,1
"methane_mobilenet_v3.xmodel","ang20191016t172526_r0_c0_w512_h512",sem_pluma,0,0,0,262144,0,0,0,0,0,1
"methane_mobilenet_v3.xmodel","ang20191016t172526_r9728_c0_w512_h512",sem_pluma,0,0,0,262144,0,0,0,0,0,1
"methane_mobilenet_v3.xmodel","ang20191016t172526_r6400_c256_w512_h512",sem_pluma,0,0,0,262144,0,0,0,0,0,1
"methane_mobilenet_v3.xmodel","ang20191016t172526_r2048_c0_w512_h512",sem_pluma,0,0,0,262144,0,0,0,0,0,1
"methane_mobilenet_v3.xmodel","ang20191016t172526_r10752_c256_w512_h512",sem_pluma,0,0,0,262144,0,0,0,0,0,1
"methane_mobilenet_v3.xmodel","ang20191016t174016_r3840_c0_w512_h512",sem_pluma,0,0,0,262144,0,0,0,0,0,1
"methane_mobilenet_v3.xmodel","ang20191016t174016_r2560_c0_w512_h512",sem_pluma,0,0,0,262144,0,0,0,0,0,1
"methane_mobilenet_v3.xmodel","ang20191016t174016_r4864_c0_w512_h512",sem_pluma,0,0,0,262144,0,0,0,0,0,1
"methane_mobilenet_v3.xmodel","ang20191016t174016_r6400_c0_w512_h512",sem_pluma,0,0,0,262144,0,0,0,0,0,1
"methane_mobilenet_v3.xmodel","ang20191016t174016_r9728_c0_w512_h512",sem_pluma,0,0,0,262144,0,0,0,0,0,1
"methane_mobilenet_v3.xmodel","ang20191016t174016_r6912_c256_w512_h512",sem_pluma,0,63,0,262081,0,0,0,0,0.000240325927734,0.999759674072
"methane_mobilenet_v3.xmodel","ang20191016t174016_r12288_c256_w512_h512",sem_pluma,0,0,0,262144,0,0,0,0,0,1
"methane_mobilenet_v3.xmodel","ang20191016t175642_r4864_c0_w512_h512",sem_pluma,0,0,0,262144,0,0,0,0,0,1
"methane_mobilenet_v3.xmodel","ang20191016t175642_r2048_c0_w512_h512",sem_pluma,0,0,0,262144,0,0,0,0,0,1
"methane_mobilenet_v3.xmodel","ang20191016t175642_r6400_c0_w512_h512",sem_pluma,0,0,0,262144,0,0,0,0,0,1
"methane_mobilenet_v3.xmodel","ang20191016t175642_r13056_c0_w512_h512",sem_pluma,0,0,0,262144,0,0,0,0,0,1
"methane_mobilenet_v3.xmodel","ang20191016t175642_r8704_c0_w512_h512",sem_pluma,0,0,0,262144,0,0,0,0,0,1
"methane_mobilenet_v3.xmodel","ang20191016t175642_r12032_c256_w512_h512",sem_pluma,0,0,0,262144,0,0,0,0,0,1
"methane_mobilenet_v3.xmodel","ang20191016t175642_r12544_c0_w512_h512",sem_pluma,0,0,0,262144,0,0,0,0,0,1
"methane_mobilenet_v3.xmodel","ang20191016t181351_r3840_c0_w512_h512",sem_pluma,0,0,0,262144,0,0,0,0,0,1
"methane_mobilenet_v3.xmodel","ang20191016t181351_r6656_c0_w512_h512",sem_pluma,0,0,0,262144,0,0,0,0,0,1
"methane_mobilenet_v3.xmodel","ang20191016t181351_r8960_c0_w512_h512",sem_pluma,0,0,0,262144,0,0,0,0,0,1
"methane_mobilenet_v3.xmodel","ang20191016t181351_r7680_c256_w512_h512",sem_pluma,0,0,0,262144,0,0,0,0,0,1
"methane_mobilenet_v3.xmodel","ang20191016t181351_r10240_c256_w512_h512",sem_pluma,0,0,0,262144,0,0,0,0,0,1
"methane_mobilenet_v3.xmodel","ang20191016t181351_r11008_c0_w512_h512",sem_pluma,0,0,0,262144,0,0,0,0,0,1
"methane_mobilenet_v3.xmodel","ang20191016t181351_r9472_c0_w512_h512",sem_pluma,0,0,0,262144,0,0,0,0,0,1
"methane_mobilenet_v3.xmodel","ang20191016t183045_r4096_c0_w512_h512",sem_pluma,0,0,0,262144,0,0,0,0,0,1
"methane_mobilenet_v3.xmodel","ang20191016t183045_r7680_c0_w512_h512",sem_pluma,0,0,0,262144,0,0,0,0,0,1
"methane_mobilenet_v3.xmodel","ang20191016t183045_r9216_c256_w512_h512",sem_pluma,0,0,0,262144,0,0,0,0,0,1
"methane_mobilenet_v3.xmodel","ang20191016t183045_r9728_c0_w512_h512",sem_pluma,0,0,0,262144,0,0,0,0,0,1
"methane_mobilenet_v3.xmodel","ang20191016t183045_r11776_c0_w512_h512",sem_pluma,0,0,0,262144,0,0,0,0,0,1
"methane_mobilenet_v3.xmodel","ang20191016t183045_r10496_c256_w512_h512",sem_pluma,0,0,0,262144,0,0,0,0,0,1
"methane_mobilenet_v3.xmodel","ang20191016t183045_r11264_c0_w512_h512",sem_pluma,0,0,0,262144,0,0,0,0,0,1
"methane_mobilenet_v3.xmodel","ang20191016t184817_r8192_c256_w512_h512",sem_pluma,0,0,0,262144,0,0,0,0,0,1
"methane_mobilenet_v3.xmodel","ang20191016t184817_r6400_c256_w512_h512",sem_pluma,0,0,0,262144,0,0,0,0,0,1
"methane_mobilenet_v3.xmodel","ang20191016t184817_r5632_c0_w512_h512",sem_pluma,0,0,0,262144,0,0,0,0,0,1
"methane_mobilenet_v3.xmodel","ang20191016t184817_r10496_c0_w512_h512",sem_pluma,0,0,0,262144,0,0,0,0,0,1
"methane_mobilenet_v3.xmodel","ang20191016t184817_r12288_c256_w512_h512",sem_pluma,0,0,0,262144,0,0,0,0,0,1
"methane_mobilenet_v3.xmodel","ang20191016t184817_r11520_c256_w512_h512",sem_pluma,0,0,0,262144,0,0,0,0,0,1
"methane_mobilenet_v3.xmodel","ang20191016t184817_r11008_c256_w512_h512",sem_pluma,0,0,0,262144,0,0,0,0,0,1
"methane_mobilenet_v3.xmodel","ang20191016t190528_r6912_c0_w512_h512",sem_pluma,0,0,0,262144,0,0,0,0,0,1
"methane_mobilenet_v3.xmodel","ang20191016t190528_r7424_c0_w512_h512",sem_pluma,0,0,0,262144,0,0,0,0,0,1
"methane_mobilenet_v3.xmodel","ang20191016t190528_r3584_c0_w512_h512",sem_pluma,0,0,0,262144,0,0,0,0,0,1
"methane_mobilenet_v3.xmodel","ang20191016t190528_r9472_c256_w512_h512",sem_pluma,0,0,0,262144,0,0,0,0,0,1
"methane_mobilenet_v3.xmodel","ang20191016t190528_r2816_c0_w512_h512",sem_pluma,0,0,0,262144,0,0,0,0,0,1
"methane_mobilenet_v3.xmodel","ang20191016t190528_r1280_c0_w512_h512",sem_pluma,0,0,0,262144,0,0,0,0,0,1
"methane_mobilenet_v3.xmodel","ang20191016t190528_r256_c0_w512_h512",sem_pluma,0,0,0,262144,0,0,0,0,0,1
"methane_mobilenet_v3.xmodel","ang20191016t193637_r512_c0_w512_h512",sem_pluma,0,0,0,262144,0,0,0,0,0,1
"methane_mobilenet_v3.xmodel","ang20191016t193637_r0_c0_w512_h512",sem_pluma,0,0,0,262144,0,0,0,0,0,1
"methane_mobilenet_v3.xmodel","ang20191016t193637_r3584_c0_w512_h512",sem_pluma,0,0,0,262144,0,0,0,0,0,1
"methane_mobilenet_v3.xmodel","ang20191016t193637_r4352_c0_w512_h512",sem_pluma,0,0,0,262144,0,0,0,0,0,1
"methane_mobilenet_v3.xmodel","ang20191016t193637_r9984_c0_w512_h512",sem_pluma,0,0,0,262144,0,0,0,0,0,1
"methane_mobilenet_v3.xmodel","ang20191016t193637_r4864_c0_w512_h512",sem_pluma,0,0,0,262144,0,0,0,0,0,1
"methane_mobilenet_v3.xmodel","ang20191016t193637_r6144_c0_w512_h512",sem_pluma,0,0,0,262144,0,0,0,0,0,1
"methane_mobilenet_v3.xmodel","ang20191016t195058_r5888_c256_w512_h512",sem_pluma,0,0,0,262144,0,0,0,0,0,1
"methane_mobilenet_v3.xmodel","ang20191016t195058_r5376_c256_w512_h512",sem_pluma,0,0,0,262144,0,0,0,0,0,1
"methane_mobilenet_v3.xmodel","ang20191016t195058_r3584_c256_w512_h512",sem_pluma,0,0,0,262144,0,0,0,0,0,1
"methane_mobilenet_v3.xmodel","ang20191016t195058_r2304_c512_w512_h512",sem_pluma,0,0,0,262144,0,0,0,0,0,1
"methane_mobilenet_v3.xmodel","ang20191016t195058_r3072_c512_w512_h512",sem_pluma,0,0,0,262144,0,0,0,0,0,1
"methane_mobilenet_v3.xmodel","ang20191016t195058_r1792_c512_w512_h512",sem_pluma,0,0,0,262144,0,0,0,0,0,1
"methane_mobilenet_v3.xmodel","ang20191016t195058_r1024_c512_w512_h512",sem_pluma,0,0,0,262144,0,0,0,0,0,1
"methane_mobilenet_v3.xmodel","ang20191016t200430_r1280_c0_w512_h512",sem_pluma,0,0,0,262144,0,0,0,0,0,1
"methane_mobilenet_v3.xmodel","ang20191016t200430_r2048_c0_w512_h512",sem_pluma,0,0,0,262144,0,0,0,0,0,1
"methane_mobilenet_v3.xmodel","ang20191016t200430_r7680_c0_w512_h512",sem_pluma,0,0,0,262144,0,0,0,0,0,1
"methane_mobilenet_v3.xmodel","ang20191016t200430_r2560_c0_w512_h512",sem_pluma,0,0,0,262144,0,0,0,0,0,1
"methane_mobilenet_v3.xmodel","ang20191016t200430_r3328_c0_w512_h512",sem_pluma,0,0,0,262144,0,0,0,0,0,1
"methane_mobilenet_v3.xmodel","ang20191016t200430_r8960_c0_w512_h512",sem_pluma,0,0,0,262144,0,0,0,0,0,1
"methane_mobilenet_v3.xmodel","ang20191016t200430_r8448_c0_w512_h512",sem_pluma,0,0,0,262144,0,0,0,0,0,1
"methane_mobilenet_v3.xmodel","ang20191017t143318_r0_c0_w512_h512",sem_pluma,0,0,0,262144,0,0,0,0,0,1
"methane_mobilenet_v3.xmodel","ang20191017t143318_r3328_c0_w512_h512",sem_pluma,0,0,0,262144,0,0,0,0,0,1
"methane_mobilenet_v3.xmodel","ang20191017t143318_r7168_c0_w512_h512",sem_pluma,0,0,0,262144,0,0,0,0,0,1
"methane_mobilenet_v3.xmodel","ang20191017t143318_r11264_c0_w512_h512",sem_pluma,0,4,0,262140,0,0,0,0,1.52587890625e-05,0.999984741211
"methane_mobilenet_v3.xmodel","ang20191017t143318_r10496_c0_w512_h512",sem_pluma,0,0,0,262144,0,0,0,0,0,1
"methane_mobilenet_v3.xmodel","ang20191017t143318_r11776_c256_w512_h512",sem_pluma,0,0,0,262144,0,0,0,0,0,1
"methane_mobilenet_v3.xmodel","ang20191017t143318_r7680_c0_w512_h512",sem_pluma,0,0,0,262144,0,0,0,0,0,1
"methane_mobilenet_v3.xmodel","ang20191017t144928_r512_c0_w512_h512",sem_pluma,0,0,0,262144,0,0,0,0,0,1
"methane_mobilenet_v3.xmodel","ang20191017t144928_r0_c0_w512_h512",sem_pluma,0,0,0,262144,0,0,0,0,0,1
"methane_mobilenet_v3.xmodel","ang20191017t144928_r12288_c0_w512_h512",sem_pluma,0,0,0,262144,0,0,0,0,0,1
"methane_mobilenet_v3.xmodel","ang20191017t144928_r11264_c256_w512_h512",sem_pluma,0,0,0,262144,0,0,0,0,0,1
"methane_mobilenet_v3.xmodel","ang20191017t144928_r4608_c0_w512_h512",sem_pluma,0,0,0,262144,0,0,0,0,0,1
"methane_mobilenet_v3.xmodel","ang20191017t144928_r7680_c0_w512_h512",sem_pluma,0,0,0,262144,0,0,0,0,0,1
"methane_mobilenet_v3.xmodel","ang20191017t144928_r4096_c0_w512_h512",sem_pluma,0,0,0,262144,0,0,0,0,0,1
"methane_mobilenet_v3.xmodel","ang20191017t150903_r7680_c0_w512_h512",sem_pluma,0,0,0,262144,0,0,0,0,0,1
"methane_mobilenet_v3.xmodel","ang20191017t150903_r0_c0_w512_h512",sem_pluma,0,0,0,262144,0,0,0,0,0,1
"methane_mobilenet_v3.xmodel","ang20191017t150903_r4096_c0_w512_h512",sem_pluma,0,0,0,262144,0,0,0,0,0,1
"methane_mobilenet_v3.xmodel","ang20191017t150903_r9728_c256_w512_h512",sem_pluma,0,0,0,262144,0,0,0,0,0,1
"methane_mobilenet_v3.xmodel","ang20191017t150903_r11520_c0_w512_h512",sem_pluma,0,0,0,262144,0,0,0,0,0,1
"methane_mobilenet_v3.xmodel","ang20191017t150903_r1024_c0_w512_h512",sem_pluma,0,0,0,262144,0,0,0,0,0,1
"methane_mobilenet_v3.xmodel","ang20191017t150903_r10240_c0_w512_h512",sem_pluma,0,673,0,261471,0,0,0,0,0.00256729125977,0.99743270874
"methane_mobilenet_v3.xmodel","ang20191017t152518_r512_c0_w512_h512",sem_pluma,0,0,0,262144,0,0,0,0,0,1
"methane_mobilenet_v3.xmodel","ang20191017t152518_r5376_c0_w512_h512",sem_pluma,0,130,0,262014,0,0,0,0,0.000495910644531,0.999504089355
"methane_mobilenet_v3.xmodel","ang20191017t152518_r0_c0_w512_h512",sem_pluma,0,0,0,262144,0,0,0,0,0,1
"methane_mobilenet_v3.xmodel","ang20191017t152518_r7936_c0_w512_h512",sem_pluma,0,0,0,262144,0,0,0,0,0,1
"methane_mobilenet_v3.xmodel","ang20191017t152518_r4864_c0_w512_h512",sem_pluma,0,0,0,262144,0,0,0,0,0,1
"methane_mobilenet_v3.xmodel","ang20191017t152518_r10496_c0_w512_h512",sem_pluma,0,0,0,262144,0,0,0,0,0,1
"methane_mobilenet_v3.xmodel","ang20191017t152518_r9216_c256_w512_h512",sem_pluma,0,0,0,262144,0,0,0,0,0,1
"methane_mobilenet_v3.xmodel","ang20191017t154425_r13312_c0_w512_h512",sem_pluma,0,0,0,262144,0,0,0,0,0,1
"methane_mobilenet_v3.xmodel","ang20191017t154425_r0_c256_w512_h512",sem_pluma,0,0,0,262144,0,0,0,0,0,1
"methane_mobilenet_v3.xmodel","ang20191017t154425_r9216_c256_w512_h512",sem_pluma,0,97,0,262047,0,0,0,0,0.000370025634766,0.999629974365
"methane_mobilenet_v3.xmodel","ang20191017t154425_r2560_c256_w512_h512",sem_pluma,0,0,0,262144,0,0,0,0,0,1
"methane_mobilenet_v3.xmodel","ang20191017t154425_r1280_c256_w512_h512",sem_pluma,0,0,0,262144,0,0,0,0,0,1
"methane_mobilenet_v3.xmodel","ang20191017t154425_r11776_c0_w512_h512",sem_pluma,0,0,0,262144,0,0,0,0,0,1
"methane_mobilenet_v3.xmodel","ang20191017t154425_r9728_c256_w512_h512",sem_pluma,0,0,0,262144,0,0,0,0,0,1
"methane_mobilenet_v3.xmodel","ang20191017t160033_r512_c0_w512_h512",sem_pluma,0,0,0,262144,0,0,0,0,0,1
"methane_mobilenet_v3.xmodel","ang20191017t160033_r11776_c0_w512_h512",sem_pluma,0,0,0,262144,0,0,0,0,0,1
"methane_mobilenet_v3.xmodel","ang20191017t160033_r8448_c256_w512_h512",sem_pluma,0,0,0,262144,0,0,0,0,0,1
"methane_mobilenet_v3.xmodel","ang20191017t160033_r2304_c0_w512_h512",sem_pluma,0,0,0,262144,0,0,0,0,0,1
"methane_mobilenet_v3.xmodel","ang20191017t160033_r1792_c0_w512_h512",sem_pluma,0,0,0,262144,0,0,0,0,0,1
"methane_mobilenet_v3.xmodel","ang20191017t161837_r6656_c256_w512_h512",sem_pluma,0,0,0,262144,0,0,0,0,0,1
"methane_mobilenet_v3.xmodel","ang20191017t161837_r7424_c0_w512_h512",sem_pluma,0,25,0,262119,0,0,0,0,9.53674316406e-05,0.999904632568
"methane_mobilenet_v3.xmodel","ang20191017t161837_r2560_c256_w512_h512",sem_pluma,0,0,0,262144,0,0,0,0,0,1
"methane_mobilenet_v3.xmodel","ang20191017t161837_r1792_c256_w512_h512",sem_pluma,0,0,0,262144,0,0,0,0,0,1
"methane_mobilenet_v3.xmodel","ang20191017t161837_r1024_c256_w512_h512",sem_pluma,0,0,0,262144,0,0,0,0,0,1
"methane_mobilenet_v3.xmodel","ang20191017t161837_r9216_c0_w512_h512",sem_pluma,0,0,0,262144,0,0,0,0,0,1
"methane_mobilenet_v3.xmodel","ang20191017t161837_r9728_c0_w512_h512",sem_pluma,0,0,0,262144,0,0,0,0,0,1
"methane_mobilenet_v3.xmodel","ang20191017t163235_r6912_c0_w512_h512",sem_pluma,0,0,0,262144,0,0,0,0,0,1
"methane_mobilenet_v3.xmodel","ang20191017t163235_r4096_c0_w512_h512",sem_pluma,0,0,0,262144,0,0,0,0,0,1
"methane_mobilenet_v3.xmodel","ang20191017t163235_r3584_c0_w512_h512",sem_pluma,0,0,0,262144,0,0,0,0,0,1
"methane_mobilenet_v3.xmodel","ang20191017t163235_r1024_c0_w512_h512",sem_pluma,0,0,0,262144,0,0,0,0,0,1
"methane_mobilenet_v3.xmodel","ang20191017t163235_r9472_c256_w512_h512",sem_pluma,0,0,0,262144,0,0,0,0,0,1
"methane_mobilenet_v3.xmodel","ang20191017t163235_r512_c0_w512_h512",sem_pluma,0,0,0,262144,0,0,0,0,0,1
"methane_mobilenet_v3.xmodel","ang20191017t163235_r8960_c0_w512_h512",sem_pluma,0,0,0,262144,0,0,0,0,0,1
"methane_mobilenet_v3.xmodel","ang20191017t164928_r5888_c0_w512_h512",sem_pluma,0,0,0,262144,0,0,0,0,0,1
"methane_mobilenet_v3.xmodel","ang20191017t164928_r2816_c0_w512_h512",sem_pluma,0,0,0,262144,0,0,0,0,0,1
"methane_mobilenet_v3.xmodel","ang20191017t164928_r3584_c0_w512_h512",sem_pluma,0,0,0,262144,0,0,0,0,0,1
"methane_mobilenet_v3.xmodel","ang20191017t164928_r8704_c0_w512_h512",sem_pluma,0,0,0,262144,0,0,0,0,0,1
"methane_mobilenet_v3.xmodel","ang20191017t164928_r9216_c256_w512_h512",sem_pluma,0,0,0,262144,0,0,0,0,0,1
"methane_mobilenet_v3.xmodel","ang20191017t164928_r4864_c0_w512_h512",sem_pluma,0,0,0,262144,0,0,0,0,0,1
"methane_mobilenet_v3.xmodel","ang20191017t164928_r8192_c256_w512_h512",sem_pluma,0,0,0,262144,0,0,0,0,0,1
"methane_mobilenet_v3.xmodel","ang20191017t170330_r5120_c0_w512_h512",sem_pluma,0,0,0,262144,0,0,0,0,0,1
"methane_mobilenet_v3.xmodel","ang20191017t170330_r7424_c0_w512_h512",sem_pluma,0,0,0,262144,0,0,0,0,0,1
"methane_mobilenet_v3.xmodel","ang20191017t170330_r7936_c256_w512_h512",sem_pluma,0,0,0,262144,0,0,0,0,0,1
"methane_mobilenet_v3.xmodel","ang20191017t170330_r8448_c256_w512_h512",sem_pluma,0,0,0,262144,0,0,0,0,0,1
"methane_mobilenet_v3.xmodel","ang20191017t171949_r1024_c0_w512_h512",sem_pluma,0,0,0,262144,0,0,0,0,0,1
"methane_mobilenet_v3.xmodel","ang20191017t171949_r2816_c0_w512_h512",sem_pluma,0,0,0,262144,0,0,0,0,0,1
"methane_mobilenet_v3.xmodel","ang20191017t171949_r512_c0_w512_h512",sem_pluma,0,0,0,262144,0,0,0,0,0,1
"methane_mobilenet_v3.xmodel","ang20191017t171949_r7424_c256_w512_h512",sem_pluma,0,0,0,262144,0,0,0,0,0,1
"methane_mobilenet_v3.xmodel","ang20191017t171949_r3840_c0_w512_h512",sem_pluma,0,0,0,262144,0,0,0,0,0,1
"methane_mobilenet_v3.xmodel","ang20191017t171949_r7936_c0_w512_h512",sem_pluma,0,0,0,262144,0,0,0,0,0,1
"methane_mobilenet_v3.xmodel","ang20191017t171949_r8704_c0_w512_h512",sem_pluma,0,0,0,262144,0,0,0,0,0,1
"methane_mobilenet_v3.xmodel","ang20191017t173348_r1280_c0_w512_h512",sem_pluma,0,0,0,262144,0,0,0,0,0,1
"methane_mobilenet_v3.xmodel","ang20191017t173348_r0_c0_w512_h512",sem_pluma,0,0,0,262144,0,0,0,0,0,1
"methane_mobilenet_v3.xmodel","ang20191017t173348_r10496_c256_w512_h512",sem_pluma,0,0,0,262144,0,0,0,0,0,1
"methane_mobilenet_v3.xmodel","ang20191017t173348_r7936_c0_w512_h512",sem_pluma,0,0,0,262144,0,0,0,0,0,1
"methane_mobilenet_v3.xmodel","ang20191017t173348_r8960_c256_w512_h512",sem_pluma,0,0,0,262144,0,0,0,0,0,1
"methane_mobilenet_v3.xmodel","ang20191017t173348_r3584_c0_w512_h512",sem_pluma,0,0,0,262144,0,0,0,0,0,1
"methane_mobilenet_v3.xmodel","ang20191017t173348_r8448_c0_w512_h512",sem_pluma,0,0,0,262144,0,0,0,0,0,1
"methane_mobilenet_v3.xmodel","ang20191017t174946_r1024_c0_w512_h512",sem_pluma,0,0,0,262144,0,0,0,0,0,1
"methane_mobilenet_v3.xmodel","ang20191017t174946_r256_c0_w512_h512",sem_pluma,0,0,0,262144,0,0,0,0,0,1
"methane_mobilenet_v3.xmodel","ang20191017t174946_r8448_c256_w512_h512",sem_pluma,0,0,0,262144,0,0,0,0,0,1
"methane_mobilenet_v3.xmodel","ang20191017t174946_r3584_c0_w512_h512",sem_pluma,0,0,0,262144,0,0,0,0,0,1
"methane_mobilenet_v3.xmodel","ang20191017t174946_r4864_c256_w512_h512",sem_pluma,0,0,0,262144,0,0,0,0,0,1
"methane_mobilenet_v3.xmodel","ang20191017t174946_r3072_c0_w512_h512",sem_pluma,0,0,0,262144,0,0,0,0,0,1
"methane_mobilenet_v3.xmodel","ang20191017t174946_r4096_c0_w512_h512",sem_pluma,0,0,0,262144,0,0,0,0,0,1
"methane_mobilenet_v3.xmodel","ang20191017t180347_r0_c0_w512_h512",sem_pluma,0,0,0,262144,0,0,0,0,0,1
"methane_mobilenet_v3.xmodel","ang20191017t180347_r512_c0_w512_h512",sem_pluma,0,0,0,262144,0,0,0,0,0,1
"methane_mobilenet_v3.xmodel","ang20191017t180347_r1024_c0_w512_h512",sem_pluma,0,0,0,262144,0,0,0,0,0,1
"methane_mobilenet_v3.xmodel","ang20191017t180347_r4096_c0_w512_h512",sem_pluma,0,0,0,262144,0,0,0,0,0,1
"methane_mobilenet_v3.xmodel","ang20191017t180347_r8704_c256_w512_h512",sem_pluma,0,0,0,262144,0,0,0,0,0,1
"methane_mobilenet_v3.xmodel","ang20191017t180347_r10752_c0_w512_h512",sem_pluma,0,0,0,262144,0,0,0,0,0,1
"methane_mobilenet_v3.xmodel","ang20191017t180347_r1536_c0_w512_h512",sem_pluma,0,0,0,262144,0,0,0,0,0,1
"methane_mobilenet_v3.xmodel","ang20191017t182024_r1024_c0_w512_h512",sem_pluma,0,0,0,262144,0,0,0,0,0,1
"methane_mobilenet_v3.xmodel","ang20191017t182024_r512_c0_w512_h512",sem_pluma,0,0,0,262144,0,0,0,0,0,1
"methane_mobilenet_v3.xmodel","ang20191017t182024_r0_c0_w512_h512",sem_pluma,0,0,0,262144,0,0,0,0,0,1
"methane_mobilenet_v3.xmodel","ang20191017t182024_r9728_c0_w512_h512",sem_pluma,0,0,0,262144,0,0,0,0,0,1
"methane_mobilenet_v3.xmodel","ang20191017t182024_r8960_c256_w512_h512",sem_pluma,0,0,0,262144,0,0,0,0,0,1
"methane_mobilenet_v3.xmodel","ang20191017t182024_r7936_c0_w512_h512",sem_pluma,0,0,0,262144,0,0,0,0,0,1
"methane_mobilenet_v3.xmodel","ang20191017t182024_r10240_c256_w512_h512",sem_pluma,0,0,0,262144,0,0,0,0,0,1
"methane_mobilenet_v3.xmodel","ang20191017t183448_r1536_c0_w512_h512",sem_pluma,0,0,0,262144,0,0,0,0,0,1
"methane_mobilenet_v3.xmodel","ang20191017t183448_r11264_c0_w512_h512",sem_pluma,0,0,0,262144,0,0,0,0,0,1
"methane_mobilenet_v3.xmodel","ang20191017t183448_r10752_c0_w512_h512",sem_pluma,0,0,0,262144,0,0,0,0,0,1
"methane_mobilenet_v3.xmodel","ang20191017t183448_r4864_c0_w512_h512",sem_pluma,0,0,0,262144,0,0,0,0,0,1
"methane_mobilenet_v3.xmodel","ang20191017t183448_r6400_c0_w512_h512",sem_pluma,0,0,0,262144,0,0,0,0,0,1
"methane_mobilenet_v3.xmodel","ang20191017t183448_r10240_c0_w512_h512",sem_pluma,0,0,0,262144,0,0,0,0,0,1
"methane_mobilenet_v3.xmodel","ang20191017t183448_r3328_c0_w512_h512",sem_pluma,0,0,0,262144,0,0,0,0,0,1
"methane_mobilenet_v3.xmodel","ang20191017t185057_r0_c0_w512_h512",sem_pluma,0,0,0,262144,0,0,0,0,0,1
"methane_mobilenet_v3.xmodel","ang20191017t185057_r512_c0_w512_h512",sem_pluma,0,0,0,262144,0,0,0,0,0,1
"methane_mobilenet_v3.xmodel","ang20191017t185057_r11520_c256_w512_h512",sem_pluma,0,0,0,262144,0,0,0,0,0,1
"methane_mobilenet_v3.xmodel","ang20191017t185057_r10496_c0_w512_h512",sem_pluma,0,0,0,262144,0,0,0,0,0,1
"methane_mobilenet_v3.xmodel","ang20191017t185057_r9472_c256_w512_h512",sem_pluma,0,0,0,262144,0,0,0,0,0,1
"methane_mobilenet_v3.xmodel","ang20191017t185057_r11008_c0_w512_h512",sem_pluma,0,0,0,262144,0,0,0,0,0,1
"methane_mobilenet_v3.xmodel","ang20191017t185057_r8704_c256_w512_h512",sem_pluma,0,0,0,262144,0,0,0,0,0,1
"methane_mobilenet_v3.xmodel","ang20191017t191119_r9728_c0_w512_h512",sem_pluma,0,0,0,262144,0,0,0,0,0,1
"methane_mobilenet_v3.xmodel","ang20191019t145204_r4608_c0_w512_h512",sem_pluma,0,0,0,262144,0,0,0,0,0,1
"methane_mobilenet_v3.xmodel","ang20191019t145204_r5120_c0_w512_h512",sem_pluma,0,0,0,262144,0,0,0,0,0,1
"methane_mobilenet_v3.xmodel","ang20191019t145204_r7168_c0_w512_h512",sem_pluma,0,0,0,262144,0,0,0,0,0,1
"methane_mobilenet_v3.xmodel","ang20191019t145204_r768_c0_w512_h512",sem_pluma,0,0,0,262144,0,0,0,0,0,1
"methane_mobilenet_v3.xmodel","ang20191019t145204_r1280_c0_w512_h512",sem_pluma,0,0,0,262144,0,0,0,0,0,1
"methane_mobilenet_v3.xmodel","ang20191019t145204_r2048_c0_w512_h512",sem_pluma,0,0,0,262144,0,0,0,0,0,1
"methane_mobilenet_v3.xmodel","ang20191019t145204_r6144_c0_w512_h512",sem_pluma,0,0,0,262144,0,0,0,0,0,1
"methane_mobilenet_v3.xmodel","ang20191019t150925_r4608_c0_w512_h512",sem_pluma,0,0,0,262144,0,0,0,0,0,1
"methane_mobilenet_v3.xmodel","ang20191019t150925_r5120_c0_w512_h512",sem_pluma,0,0,0,262144,0,0,0,0,0,1
"methane_mobilenet_v3.xmodel","ang20191019t150925_r7424_c0_w512_h512",sem_pluma,0,0,0,262144,0,0,0,0,0,1
"methane_mobilenet_v3.xmodel","ang20191019t150925_r1792_c0_w512_h512",sem_pluma,0,0,0,262144,0,0,0,0,0,1
"methane_mobilenet_v3.xmodel","ang20191019t150925_r5632_c0_w512_h512",sem_pluma,0,0,0,262144,0,0,0,0,0,1
"methane_mobilenet_v3.xmodel","ang20191019t150925_r1024_c0_w512_h512",sem_pluma,0,0,0,262144,0,0,0,0,0,1
"methane_mobilenet_v3.xmodel","ang20191019t150925_r6912_c0_w512_h512",sem_pluma,0,0,0,262144,0,0,0,0,0,1
"methane_mobilenet_v3.xmodel","ang20191019t151749_r4608_c0_w512_h512",sem_pluma,0,0,0,262144,0,0,0,0,0,1
"methane_mobilenet_v3.xmodel","ang20191019t151749_r5120_c0_w512_h512",sem_pluma,0,0,0,262144,0,0,0,0,0,1
"methane_mobilenet_v3.xmodel","ang20191019t151749_r7168_c0_w512_h512",sem_pluma,0,0,0,262144,0,0,0,0,0,1
"methane_mobilenet_v3.xmodel","ang20191019t151749_r5632_c0_w512_h512",sem_pluma,0,0,0,262144,0,0,0,0,0,1
"methane_mobilenet_v3.xmodel","ang20191019t151749_r6656_c0_w512_h512",sem_pluma,0,0,0,262144,0,0,0,0,0,1
"methane_mobilenet_v3.xmodel","ang20191019t151749_r2816_c0_w512_h512",sem_pluma,0,0,0,262144,0,0,0,0,0,1
"methane_mobilenet_v3.xmodel","ang20191019t151749_r1536_c0_w512_h512",sem_pluma,0,0,0,262144,0,0,0,0,0,1
"methane_mobilenet_v3.xmodel","ang20191019t152610_r4608_c0_w512_h512",sem_pluma,0,0,0,262144,0,0,0,0,0,1
"methane_mobilenet_v3.xmodel","ang20191019t152610_r5120_c0_w512_h512",sem_pluma,0,0,0,262144,0,0,0,0,0,1
"methane_mobilenet_v3.xmodel","ang20191019t152610_r7424_c0_w512_h512",sem_pluma,0,0,0,262144,0,0,0,0,0,1
"methane_mobilenet_v3.xmodel","ang20191019t152610_r2560_c0_w512_h512",sem_pluma,0,0,0,262144,0,0,0,0,0,1
"methane_mobilenet_v3.xmodel","ang20191019t152610_r3072_c0_w512_h512",sem_pluma,0,0,0,262144,0,0,0,0,0,1
"methane_mobilenet_v3.xmodel","ang20191019t152610_r1280_c0_w512_h512",sem_pluma,0,0,0,262144,0,0,0,0,0,1
"methane_mobilenet_v3.xmodel","ang20191019t152610_r0_c0_w512_h512",sem_pluma,0,0,0,262144,0,0,0,0,0,1
"methane_mobilenet_v3.xmodel","ang20191019t153454_r4608_c0_w512_h512",sem_pluma,0,0,0,262144,0,0,0,0,0,1
"methane_mobilenet_v3.xmodel","ang20191019t153454_r5120_c0_w512_h512",sem_pluma,0,0,0,262144,0,0,0,0,0,1
"methane_mobilenet_v3.xmodel","ang20191019t153454_r7168_c0_w512_h512",sem_pluma,0,0,0,262144,0,0,0,0,0,1
"methane_mobilenet_v3.xmodel","ang20191019t153454_r1024_c0_w512_h512",sem_pluma,0,0,0,262144,0,0,0,0,0,1
"methane_mobilenet_v3.xmodel","ang20191019t153454_r256_c0_w512_h512",sem_pluma,0,0,0,262144,0,0,0,0,0,1
"methane_mobilenet_v3.xmodel","ang20191019t153454_r2560_c0_w512_h512",sem_pluma,0,0,0,262144,0,0,0,0,0,1
"methane_mobilenet_v3.xmodel","ang20191019t153454_r6400_c0_w512_h512",sem_pluma,0,0,0,262144,0,0,0,0,0,1
"methane_mobilenet_v3.xmodel","ang20191019t155740_r4096_c256_w512_h512",sem_pluma,0,0,0,262144,0,0,0,0,0,1
"methane_mobilenet_v3.xmodel","ang20191019t155740_r0_c256_w512_h512",sem_pluma,0,0,0,262144,0,0,0,0,0,1
"methane_mobilenet_v3.xmodel","ang20191019t155740_r3584_c256_w512_h512",sem_pluma,0,0,0,262144,0,0,0,0,0,1
"methane_mobilenet_v3.xmodel","ang20191019t155740_r5888_c256_w512_h512",sem_pluma,0,0,0,262144,0,0,0,0,0,1
"methane_mobilenet_v3.xmodel","ang20191019t155740_r1792_c0_w512_h512",sem_pluma,0,0,0,262144,0,0,0,0,0,1
"methane_mobilenet_v3.xmodel","ang20191019t155740_r512_c0_w512_h512",sem_pluma,0,0,0,262144,0,0,0,0,0,1
"methane_mobilenet_v3.xmodel","ang20191019t155740_r2816_c256_w512_h512",sem_pluma,0,0,0,262144,0,0,0,0,0,1
"methane_mobilenet_v3.xmodel","ang20191019t160518_r3328_c0_w512_h512",sem_pluma,0,0,0,262144,0,0,0,0,0,1
"methane_mobilenet_v3.xmodel","ang20191019t160518_r5888_c0_w512_h512",sem_pluma,0,0,0,262144,0,0,0,0,0,1
"methane_mobilenet_v3.xmodel","ang20191019t160518_r4864_c0_w512_h512",sem_pluma,0,0,0,262144,0,0,0,0,0,1
"methane_mobilenet_v3.xmodel","ang20191019t160518_r5376_c0_w512_h512",sem_pluma,0,0,0,262144,0,0,0,0,0,1
"methane_mobilenet_v3.xmodel","ang20191019t160518_r2304_c0_w512_h512",sem_pluma,0,0,0,262144,0,0,0,0,0,1
"methane_mobilenet_v3.xmodel","ang20191019t160518_r2816_c0_w512_h512",sem_pluma,0,0,0,262144,0,0,0,0,0,1
"methane_mobilenet_v3.xmodel","ang20191019t160518_r7168_c0_w512_h512",sem_pluma,0,0,0,262144,0,0,0,0,0,1
"methane_mobilenet_v3.xmodel","ang20191019t161418_r3328_c0_w512_h512",sem_pluma,0,0,0,262144,0,0,0,0,0,1
"methane_mobilenet_v3.xmodel","ang20191019t161418_r5120_c0_w512_h512",sem_pluma,0,0,0,262144,0,0,0,0,0,1
"methane_mobilenet_v3.xmodel","ang20191019t161418_r5632_c0_w512_h512",sem_pluma,0,0,0,262144,0,0,0,0,0,1
"methane_mobilenet_v3.xmodel","ang20191019t161418_r2560_c0_w512_h512",sem_pluma,0,0,0,262144,0,0,0,0,0,1
"methane_mobilenet_v3.xmodel","ang20191019t161418_r7424_c0_w512_h512",sem_pluma,0,0,0,262144,0,0,0,0,0,1
"methane_mobilenet_v3.xmodel","ang20191019t161418_r4608_c0_w512_h512",sem_pluma,0,0,0,262144,0,0,0,0,0,1
"methane_mobilenet_v3.xmodel","ang20191019t161418_r2048_c0_w512_h512",sem_pluma,0,0,0,262144,0,0,0,0,0,1
"methane_mobilenet_v3.xmodel","ang20191019t162211_r5120_c0_w512_h512",sem_pluma,0,0,0,262144,0,0,0,0,0,1
"methane_mobilenet_v3.xmodel","ang20191019t162211_r5888_c0_w512_h512",sem_pluma,0,0,0,262144,0,0,0,0,0,1
"methane_mobilenet_v3.xmodel","ang20191019t162211_r4608_c0_w512_h512",sem_pluma,0,0,0,262144,0,0,0,0,0,1
"methane_mobilenet_v3.xmodel","ang20191019t162211_r2048_c0_w512_h512",sem_pluma,0,0,0,262144,0,0,0,0,0,1
"methane_mobilenet_v3.xmodel","ang20191019t162211_r7168_c0_w512_h512",sem_pluma,0,0,0,262144,0,0,0,0,0,1
"methane_mobilenet_v3.xmodel","ang20191019t163936_r4864_c0_w512_h512",sem_pluma,0,0,0,262144,0,0,0,0,0,1
"methane_mobilenet_v3.xmodel","ang20191019t163936_r5888_c0_w512_h512",sem_pluma,0,0,0,262144,0,0,0,0,0,1
"methane_mobilenet_v3.xmodel","ang20191019t163936_r5376_c0_w512_h512",sem_pluma,0,0,0,262144,0,0,0,0,0,1
"methane_mobilenet_v3.xmodel","ang20191019t163936_r2560_c0_w512_h512",sem_pluma,0,0,0,262144,0,0,0,0,0,1
"methane_mobilenet_v3.xmodel","ang20191019t163936_r1792_c0_w512_h512",sem_pluma,0,0,0,262144,0,0,0,0,0,1
"methane_mobilenet_v3.xmodel","ang20191019t163936_r3328_c0_w512_h512",sem_pluma,0,0,0,262144,0,0,0,0,0,1
"methane_mobilenet_v3.xmodel","ang20191019t163936_r7168_c0_w512_h512",sem_pluma,0,0,0,262144,0,0,0,0,0,1
"methane_mobilenet_v3.xmodel","ang20191019t164827_r3584_c0_w512_h512",sem_pluma,0,0,0,262144,0,0,0,0,0,1
"methane_mobilenet_v3.xmodel","ang20191019t164827_r5120_c0_w512_h512",sem_pluma,0,0,0,262144,0,0,0,0,0,1
"methane_mobilenet_v3.xmodel","ang20191019t164827_r6144_c0_w512_h512",sem_pluma,0,0,0,262144,0,0,0,0,0,1
"methane_mobilenet_v3.xmodel","ang20191019t164827_r1792_c0_w512_h512",sem_pluma,0,0,0,262144,0,0,0,0,0,1
"methane_mobilenet_v3.xmodel","ang20191019t164827_r7424_c0_w512_h512",sem_pluma,0,0,0,262144,0,0,0,0,0,1
"methane_mobilenet_v3.xmodel","ang20191019t164827_r5632_c0_w512_h512",sem_pluma,0,0,0,262144,0,0,0,0,0,1
"methane_mobilenet_v3.xmodel","ang20191019t164827_r2560_c0_w512_h512",sem_pluma,0,0,0,262144,0,0,0,0,0,1
"methane_mobilenet_v3.xmodel","ang20191019t170014_r4608_c256_w512_h512",sem_pluma,0,0,0,262144,0,0,0,0,0,1
"methane_mobilenet_v3.xmodel","ang20191019t170014_r1280_c0_w512_h512",sem_pluma,0,0,0,262144,0,0,0,0,0,1
"methane_mobilenet_v3.xmodel","ang20191019t170014_r4096_c256_w512_h512",sem_pluma,0,0,0,262144,0,0,0,0,0,1
"methane_mobilenet_v3.xmodel","ang20191019t170014_r512_c0_w512_h512",sem_pluma,0,0,0,262144,0,0,0,0,0,1
"methane_mobilenet_v3.xmodel","ang20191019t170014_r0_c0_w512_h512",sem_pluma,0,0,0,262144,0,0,0,0,0,1
"methane_mobilenet_v3.xmodel","ang20191019t170014_r3584_c256_w512_h512",sem_pluma,0,0,0,262144,0,0,0,0,0,1
"methane_mobilenet_v3.xmodel","ang20191019t170014_r8192_c256_w512_h512",sem_pluma,0,0,0,262144,0,0,0,0,0,1
"methane_mobilenet_v3.xmodel","ang20191019t171416_r4864_c256_w512_h512",sem_pluma,0,0,0,262144,0,0,0,0,0,1
"methane_mobilenet_v3.xmodel","ang20191019t171416_r2816_c0_w512_h512",sem_pluma,0,0,0,262144,0,0,0,0,0,1
"methane_mobilenet_v3.xmodel","ang20191019t171416_r4352_c0_w512_h512",sem_pluma,0,0,0,262144,0,0,0,0,0,1
"methane_mobilenet_v3.xmodel","ang20191019t171416_r9728_c0_w512_h512",sem_pluma,0,0,0,262144,0,0,0,0,0,1
"methane_mobilenet_v3.xmodel","ang20191019t171416_r3328_c0_w512_h512",sem_pluma,0,0,0,262144,0,0,0,0,0,1
"methane_mobilenet_v3.xmodel","ang20191019t171416_r8192_c256_w512_h512",sem_pluma,0,0,0,262144,0,0,0,0,0,1
"methane_mobilenet_v3.xmodel","ang20191019t171416_r8704_c0_w512_h512",sem_pluma,0,0,0,262144,0,0,0,0,0,1
"methane_mobilenet_v3.xmodel","ang20191019t172500_r4352_c256_w512_h512",sem_pluma,0,0,0,262144,0,0,0,0,0,1
"methane_mobilenet_v3.xmodel","ang20191019t172500_r5888_c256_w512_h512",sem_pluma,0,0,0,262144,0,0,0,0,0,1
"methane_mobilenet_v3.xmodel","ang20191019t172500_r3840_c256_w512_h512",sem_pluma,0,0,0,262144,0,0,0,0,0,1
"methane_mobilenet_v3.xmodel","ang20191019t172500_r9216_c256_w512_h512",sem_pluma,0,0,0,262144,0,0,0,0,0,1
"methane_mobilenet_v3.xmodel","ang20191019t172500_r9728_c0_w512_h512",sem_pluma,0,0,0,262144,0,0,0,0,0,1
"methane_mobilenet_v3.xmodel","ang20191019t172500_r12032_c256_w512_h512",sem_pluma,0,0,0,262144,0,0,0,0,0,1
"methane_mobilenet_v3.xmodel","ang20191019t172500_r3328_c256_w512_h512",sem_pluma,0,0,0,262144,0,0,0,0,0,1
"methane_mobilenet_v3.xmodel","ang20191019t173905_r5632_c256_w512_h512",sem_pluma,0,0,0,262144,0,0,0,0,0,1
"methane_mobilenet_v3.xmodel","ang20191019t173905_r4864_c256_w512_h512",sem_pluma,0,0,0,262144,0,0,0,0,0,1
"methane_mobilenet_v3.xmodel","ang20191019t173905_r6144_c0_w512_h512",sem_pluma,0,0,0,262144,0,0,0,0,0,1
"methane_mobilenet_v3.xmodel","ang20191019t173905_r12800_c256_w512_h512",sem_pluma,0,0,0,262144,0,0,0,0,0,1
"methane_mobilenet_v3.xmodel","ang20191019t173905_r8960_c256_w512_h512",sem_pluma,0,0,0,262144,0,0,0,0,0,1
"methane_mobilenet_v3.xmodel","ang20191019t173905_r4352_c256_w512_h512",sem_pluma,0,0,0,262144,0,0,0,0,0,1
"methane_mobilenet_v3.xmodel","ang20191019t173905_r8192_c0_w512_h512",sem_pluma,0,0,0,262144,0,0,0,0,0,1
"methane_mobilenet_v3.xmodel","ang20191019t175004_r5888_c256_w512_h512",sem_pluma,0,0,0,262144,0,0,0,0,0,1
"methane_mobilenet_v3.xmodel","ang20191019t175004_r4608_c256_w512_h512",sem_pluma,0,0,0,262144,0,0,0,0,0,1
"methane_mobilenet_v3.xmodel","ang20191019t175004_r8192_c256_w512_h512",sem_pluma,0,0,0,262144,0,0,0,0,0,1
"methane_mobilenet_v3.xmodel","ang20191019t175004_r10240_c0_w512_h512",sem_pluma,0,0,0,262144,0,0,0,0,0,1
"methane_mobilenet_v3.xmodel","ang20191019t175004_r11776_c256_w512_h512",sem_pluma,0,0,0,262144,0,0,0,0,0,1
"methane_mobilenet_v3.xmodel","ang20191019t175004_r7680_c256_w512_h512",sem_pluma,0,0,0,262144,0,0,0,0,0,1
"methane_mobilenet_v3.xmodel","ang20191019t175004_r512_c0_w512_h512",sem_pluma,0,0,0,262144,0,0,0,0,0,1
"methane_mobilenet_v3.xmodel","ang20191019t181857_r0_c0_w512_h512",sem_pluma,0,0,0,262144,0,0,0,0,0,1
"methane_mobilenet_v3.xmodel","ang20191019t181857_r3840_c0_w512_h512",sem_pluma,0,0,0,262144,0,0,0,0,0,1
"methane_mobilenet_v3.xmodel","ang20191019t181857_r4608_c0_w512_h512",sem_pluma,0,0,0,262144,0,0,0,0,0,1
"methane_mobilenet_v3.xmodel","ang20191019t181857_r8192_c0_w512_h512",sem_pluma,0,0,0,262144,0,0,0,0,0,1
"methane_mobilenet_v3.xmodel","ang20191019t181857_r8704_c0_w512_h512",sem_pluma,0,0,0,262144,0,0,0,0,0,1
"methane_mobilenet_v3.xmodel","ang20191019t181857_r768_c0_w512_h512",sem_pluma,0,0,0,262144,0,0,0,0,0,1
"methane_mobilenet_v3.xmodel","ang20191019t181857_r1536_c0_w512_h512",sem_pluma,0,0,0,262144,0,0,0,0,0,1
"methane_mobilenet_v3.xmodel","ang20191019t182848_r0_c0_w512_h512",sem_pluma,0,7,0,262137,0,0,0,0,2.67028808594e-05,0.999973297119
"methane_mobilenet_v3.xmodel","ang20191019t182848_r3840_c256_w512_h512",sem_pluma,0,0,0,262144,0,0,0,0,0,1
"methane_mobilenet_v3.xmodel","ang20191019t182848_r4352_c0_w512_h512",sem_pluma,0,0,0,262144,0,0,0,0,0,1
"methane_mobilenet_v3.xmodel","ang20191019t182848_r1024_c256_w512_h512",sem_pluma,0,93,0,262051,0,0,0,0,0.000354766845703,0.999645233154
"methane_mobilenet_v3.xmodel","ang20191019t182848_r1536_c256_w512_h512",sem_pluma,0,65,0,262079,0,0,0,0,0.000247955322266,0.999752044678
"methane_mobilenet_v3.xmodel","ang20191019t182848_r5120_c0_w512_h512",sem_pluma,0,0,0,262144,0,0,0,0,0,1
"methane_mobilenet_v3.xmodel","ang20191019t182848_r512_c256_w512_h512",sem_pluma,0,57,0,262087,0,0,0,0,0.000217437744141,0.999782562256
"methane_mobilenet_v3.xmodel","ang20191019t183727_r0_c0_w512_h512",sem_pluma,0,0,0,262144,0,0,0,0,0,1
"methane_mobilenet_v3.xmodel","ang20191019t183727_r4096_c0_w512_h512",sem_pluma,0,0,0,262144,0,0,0,0,0,1
"methane_mobilenet_v3.xmodel","ang20191019t183727_r2560_c0_w512_h512",sem_pluma,0,0,0,262144,0,0,0,0,0,1
"methane_mobilenet_v3.xmodel","ang20191019t183727_r8704_c0_w512_h512",sem_pluma,0,0,0,262144,0,0,0,0,0,1
"methane_mobilenet_v3.xmodel","ang20191019t183727_r5120_c0_w512_h512",sem_pluma,0,0,0,262144,0,0,0,0,0,1
"methane_mobilenet_v3.xmodel","ang20191019t183727_r2048_c256_w512_h512",sem_pluma,0,0,0,262144,0,0,0,0,0,1
"methane_mobilenet_v3.xmodel","ang20191019t183727_r512_c0_w512_h512",sem_pluma,0,0,0,262144,0,0,0,0,0,1
"methane_mobilenet_v3.xmodel","ang20191019t184718_r2048_c256_w512_h512",sem_pluma,0,11,0,262133,0,0,0,0,4.19616699219e-05,0.99995803833
"methane_mobilenet_v3.xmodel","ang20191019t184718_r0_c0_w512_h512",sem_pluma,0,0,0,262144,0,0,0,0,0,1
"methane_mobilenet_v3.xmodel","ang20191019t184718_r2560_c0_w512_h512",sem_pluma,0,0,0,262144,0,0,0,0,0,1
"methane_mobilenet_v3.xmodel","ang20191019t184718_r7680_c0_w512_h512",sem_pluma,0,51,0,262093,0,0,0,0,0.000194549560547,0.999805450439
"methane_mobilenet_v3.xmodel","ang20191019t184718_r4608_c0_w512_h512",sem_pluma,0,0,0,262144,0,0,0,0,0,1
"methane_mobilenet_v3.xmodel","ang20191019t184718_r3840_c0_w512_h512",sem_pluma,0,0,0,262144,0,0,0,0,0,1
"methane_mobilenet_v3.xmodel","ang20191019t184718_r5120_c0_w512_h512",sem_pluma,0,0,0,262144,0,0,0,0,0,1
"methane_mobilenet_v3.xmodel","ang20191019t185452_r17152_c0_w512_h512",sem_pluma,0,0,0,262144,0,0,0,0,0,1
"methane_mobilenet_v3.xmodel","ang20191019t185452_r18176_c0_w512_h512",sem_pluma,0,0,0,262144,0,0,0,0,0,1
"methane_mobilenet_v3.xmodel","ang20191019t185452_r26368_c0_w512_h512",sem_pluma,0,0,0,262144,0,0,0,0,0,1
"methane_mobilenet_v3.xmodel","ang20191019t185452_r24832_c0_w512_h512",sem_pluma,0,0,0,262144,0,0,0,0,0,1
"methane_mobilenet_v3.xmodel","ang20191019t185452_r10496_c0_w512_h512",sem_pluma,0,0,0,262144,0,0,0,0,0,1
"methane_mobilenet_v3.xmodel","ang20191019t185452_r21760_c0_w512_h512",sem_pluma,0,0,0,262144,0,0,0,0,0,1
"methane_mobilenet_v3.xmodel","ang20191019t185452_r22272_c0_w512_h512",sem_pluma,0,0,0,262144,0,0,0,0,0,1
"methane_mobilenet_v3.xmodel","ang20191022t143154_r12800_c512_w512_h512",sem_pluma,0,0,0,262144,0,0,0,0,0,1
"methane_mobilenet_v3.xmodel","ang20191022t143154_r24064_c768_w512_h512",sem_pluma,0,0,0,262144,0,0,0,0,0,1
"methane_mobilenet_v3.xmodel","ang20191022t143154_r23552_c768_w512_h512",sem_pluma,0,0,0,262144,0,0,0,0,0,1
"methane_mobilenet_v3.xmodel","ang20191022t143154_r14592_c512_w512_h512",sem_pluma,0,0,0,262144,0,0,0,0,0,1
"methane_mobilenet_v3.xmodel","ang20191022t143154_r11008_c256_w512_h512",sem_pluma,0,0,0,262144,0,0,0,0,0,1
"methane_mobilenet_v3.xmodel","ang20191022t143154_r21248_c768_w512_h512",sem_pluma,0,0,0,262144,0,0,0,0,0,1
"methane_mobilenet_v3.xmodel","ang20191022t143154_r9472_c512_w512_h512",sem_pluma,0,0,0,262144,0,0,0,0,0,1
"methane_mobilenet_v3.xmodel","ang20191022t150110_r5888_c0_w512_h512",sem_pluma,0,0,0,262144,0,0,0,0,0,1
"methane_mobilenet_v3.xmodel","ang20191022t150110_r768_c0_w512_h512",sem_pluma,0,0,0,262144,0,0,0,0,0,1
"methane_mobilenet_v3.xmodel","ang20191022t150110_r5376_c0_w512_h512",sem_pluma,0,0,0,262144,0,0,0,0,0,1
"methane_mobilenet_v3.xmodel","ang20191022t150110_r2560_c0_w512_h512",sem_pluma,0,0,0,262144,0,0,0,0,0,1
"methane_mobilenet_v3.xmodel","ang20191022t150110_r3328_c0_w512_h512",sem_pluma,0,0,0,262144,0,0,0,0,0,1
"methane_mobilenet_v3.xmodel","ang20191022t150110_r4608_c0_w512_h512",sem_pluma,0,2,0,262142,0,0,0,0,7.62939453125e-06,0.999992370605
"methane_mobilenet_v3.xmodel","ang20191022t150110_r2048_c0_w512_h512",sem_pluma,0,0,0,262144,0,0,0,0,0,1
"methane_mobilenet_v3.xmodel","ang20191022t151202_r0_c0_w512_h512",sem_pluma,0,0,0,262144,0,0,0,0,0,1
"methane_mobilenet_v3.xmodel","ang20191022t151202_r1024_c0_w512_h512",sem_pluma,0,0,0,262144,0,0,0,0,0,1
"methane_mobilenet_v3.xmodel","ang20191022t151202_r512_c0_w512_h512",sem_pluma,0,0,0,262144,0,0,0,0,0,1
"methane_mobilenet_v3.xmodel","ang20191022t151202_r5888_c256_w512_h512",sem_pluma,0,0,0,262144,0,0,0,0,0,1
"methane_mobilenet_v3.xmodel","ang20191022t151202_r8960_c0_w512_h512",sem_pluma,0,0,0,262144,0,0,0,0,0,1
"methane_mobilenet_v3.xmodel","ang20191022t151202_r11008_c0_w512_h512",sem_pluma,0,0,0,262144,0,0,0,0,0,1
"methane_mobilenet_v3.xmodel","ang20191022t151202_r8448_c256_w512_h512",sem_pluma,0,0,0,262144,0,0,0,0,0,1
"methane_mobilenet_v3.xmodel","ang20191022t152357_r3840_c0_w512_h512",sem_pluma,0,0,0,262144,0,0,0,0,0,1
"methane_mobilenet_v3.xmodel","ang20191022t152357_r6400_c0_w512_h512",sem_pluma,0,0,0,262144,0,0,0,0,0,1
"methane_mobilenet_v3.xmodel","ang20191022t152357_r2304_c256_w512_h512",sem_pluma,0,0,0,262144,0,0,0,0,0,1
"methane_mobilenet_v3.xmodel","ang20191022t152357_r8192_c256_w512_h512",sem_pluma,0,0,0,262144,0,0,0,0,0,1
"methane_mobilenet_v3.xmodel","ang20191022t152357_r9728_c0_w512_h512",sem_pluma,0,0,0,262144,0,0,0,0,0,1
"methane_mobilenet_v3.xmodel","ang20191022t152357_r11520_c0_w512_h512",sem_pluma,0,0,0,262144,0,0,0,0,0,1
"methane_mobilenet_v3.xmodel","ang20191022t152357_r10752_c256_w512_h512",sem_pluma,0,0,0,262144,0,0,0,0,0,1
"methane_mobilenet_v3.xmodel","ang20191022t153425_r3328_c0_w512_h512",sem_pluma,0,0,0,262144,0,0,0,0,0,1
"methane_mobilenet_v3.xmodel","ang20191022t153425_r2816_c0_w512_h512",sem_pluma,0,0,0,262144,0,0,0,0,0,1
"methane_mobilenet_v3.xmodel","ang20191022t153425_r5632_c0_w512_h512",sem_pluma,0,14,0,262130,0,0,0,0,5.34057617188e-05,0.999946594238
"methane_mobilenet_v3.xmodel","ang20191022t153425_r4608_c0_w512_h512",sem_pluma,0,0,0,262144,0,0,0,0,0,1
"methane_mobilenet_v3.xmodel","ang20191022t153425_r3840_c0_w512_h512",sem_pluma,0,0,0,262144,0,0,0,0,0,1
"methane_mobilenet_v3.xmodel","ang20191022t153425_r2048_c0_w512_h512",sem_pluma,0,0,0,262144,0,0,0,0,0,1
"methane_mobilenet_v3.xmodel","ang20191022t153425_r5120_c0_w512_h512",sem_pluma,0,0,0,262144,0,0,0,0,0,1
"methane_mobilenet_v3.xmodel","ang20191022t154405_r1280_c0_w512_h512",sem_pluma,0,0,0,262144,0,0,0,0,0,1
"methane_mobilenet_v3.xmodel","ang20191022t154405_r0_c0_w512_h512",sem_pluma,0,0,0,262144,0,0,0,0,0,1
"methane_mobilenet_v3.xmodel","ang20191022t154405_r1792_c0_w512_h512",sem_pluma,0,0,0,262144,0,0,0,0,0,1
"methane_mobilenet_v3.xmodel","ang20191022t154405_r4352_c0_w512_h512",sem_pluma,0,0,0,262144,0,0,0,0,0,1
"methane_mobilenet_v3.xmodel","ang20191022t154405_r9984_c256_w512_h512",sem_pluma,0,0,0,262144,0,0,0,0,0,1
"methane_mobilenet_v3.xmodel","ang20191022t154405_r11776_c256_w512_h512",sem_pluma,0,0,0,262144,0,0,0,0,0,1
"methane_mobilenet_v3.xmodel","ang20191022t154405_r8960_c0_w512_h512",sem_pluma,0,0,0,262144,0,0,0,0,0,1
"methane_mobilenet_v3.xmodel","ang20191022t162321_r2560_c0_w512_h512",sem_pluma,0,0,0,262144,0,0,0,0,0,1
"methane_mobilenet_v3.xmodel","ang20191022t162321_r8192_c0_w512_h512",sem_pluma,0,0,0,262144,0,0,0,0,0,1
"methane_mobilenet_v3.xmodel","ang20191022t162321_r5632_c0_w512_h512",sem_pluma,0,0,0,262144,0,0,0,0,0,1
"methane_mobilenet_v3.xmodel","ang20191022t162321_r2048_c0_w512_h512",sem_pluma,0,0,0,262144,0,0,0,0,0,1
"methane_mobilenet_v3.xmodel","ang20191022t162321_r256_c0_w512_h512",sem_pluma,0,0,0,262144,0,0,0,0,0,1
"methane_mobilenet_v3.xmodel","ang20191022t162321_r7424_c256_w512_h512",sem_pluma,0,0,0,262144,0,0,0,0,0,1
"methane_mobilenet_v3.xmodel","ang20191022t162321_r3840_c0_w512_h512",sem_pluma,0,0,0,262144,0,0,0,0,0,1
"methane_mobilenet_v3.xmodel","ang20191022t163722_r3328_c0_w512_h512",sem_pluma,0,0,0,262144,0,0,0,0,0,1
"methane_mobilenet_v3.xmodel","ang20191022t163722_r1024_c0_w512_h512",sem_pluma,0,0,0,262144,0,0,0,0,0,1
"methane_mobilenet_v3.xmodel","ang20191022t163722_r1536_c0_w512_h512",sem_pluma,0,48,0,262096,0,0,0,0,0.00018310546875,0.999816894531
"methane_mobilenet_v3.xmodel","ang20191022t163722_r4096_c0_w512_h512",sem_pluma,0,0,0,262144,0,0,0,0,0,1
"methane_mobilenet_v3.xmodel","ang20191022t163722_r4608_c0_w512_h512",sem_pluma,0,0,0,262144,0,0,0,0,0,1
"methane_mobilenet_v3.xmodel","ang20191022t163722_r6656_c0_w512_h512",sem_pluma,0,0,0,262144,0,0,0,0,0,1
"methane_mobilenet_v3.xmodel","ang20191022t163722_r2048_c0_w512_h512",sem_pluma,0,0,0,262144,0,0,0,0,0,1
"methane_mobilenet_v3.xmodel","ang20191022t164918_r2560_c0_w512_h512",sem_pluma,0,0,0,262144,0,0,0,0,0,1
"methane_mobilenet_v3.xmodel","ang20191022t164918_r768_c0_w512_h512",sem_pluma,0,0,0,262144,0,0,0,0,0,1
"methane_mobilenet_v3.xmodel","ang20191022t164918_r2048_c0_w512_h512",sem_pluma,0,0,0,262144,0,0,0,0,0,1
"methane_mobilenet_v3.xmodel","ang20191022t164918_r4608_c0_w512_h512",sem_pluma,0,0,0,262144,0,0,0,0,0,1
"methane_mobilenet_v3.xmodel","ang20191022t164918_r5120_c0_w512_h512",sem_pluma,0,0,0,262144,0,0,0,0,0,1
"methane_mobilenet_v3.xmodel","ang20191022t165908_r2048_c0_w512_h512",sem_pluma,0,0,0,262144,0,0,0,0,0,1
"methane_mobilenet_v3.xmodel","ang20191022t165908_r3072_c0_w512_h512",sem_pluma,0,0,0,262144,0,0,0,0,0,1
"methane_mobilenet_v3.xmodel","ang20191022t165908_r2560_c0_w512_h512",sem_pluma,0,0,0,262144,0,0,0,0,0,1
"methane_mobilenet_v3.xmodel","ang20191022t171226_r3328_c0_w512_h512",sem_pluma,0,0,0,262144,0,0,0,0,0,1
"methane_mobilenet_v3.xmodel","ang20191022t171226_r3840_c0_w512_h512",sem_pluma,0,0,0,262144,0,0,0,0,0,1
"methane_mobilenet_v3.xmodel","ang20191022t171226_r1280_c0_w512_h512",sem_pluma,0,0,0,262144,0,0,0,0,0,1
"methane_mobilenet_v3.xmodel","ang20191022t171226_r2048_c0_w512_h512",sem_pluma,0,0,0,262144,0,0,0,0,0,1
"methane_mobilenet_v3.xmodel","ang20191022t171226_r2560_c0_w512_h512",sem_pluma,0,0,0,262144,0,0,0,0,0,1
"methane_mobilenet_v3.xmodel","ang20191022t171226_r0_c0_w512_h512",sem_pluma,0,0,0,262144,0,0,0,0,0,1
"methane_mobilenet_v3.xmodel","ang20191022t172245_r3584_c0_w512_h512",sem_pluma,0,0,0,262144,0,0,0,0,0,1
"methane_mobilenet_v3.xmodel","ang20191022t172245_r0_c0_w512_h512",sem_pluma,0,0,0,262144,0,0,0,0,0,1
"methane_mobilenet_v3.xmodel","ang20191022t173357_r0_c0_w512_h512",sem_pluma,0,0,0,262144,0,0,0,0,0,1
"methane_mobilenet_v3.xmodel","ang20191022t173357_r6144_c256_w512_h512",sem_pluma,0,0,0,262144,0,0,0,0,0,1
"methane_mobilenet_v3.xmodel","ang20191022t173357_r4608_c0_w512_h512",sem_pluma,0,0,0,262144,0,0,0,0,0,1
"methane_mobilenet_v3.xmodel","ang20191022t173357_r5376_c0_w512_h512",sem_pluma,0,0,0,262144,0,0,0,0,0,1
"methane_mobilenet_v3.xmodel","ang20191022t173357_r6912_c0_w512_h512",sem_pluma,0,0,0,262144,0,0,0,0,0,1
"methane_mobilenet_v3.xmodel","ang20191022t175031_r1024_c256_w512_h512",sem_pluma,0,0,0,262144,0,0,0,0,0,1
"methane_mobilenet_v3.xmodel","ang20191022t175031_r3584_c0_w512_h512",sem_pluma,0,0,0,262144,0,0,0,0,0,1
"methane_mobilenet_v3.xmodel","ang20191022t175031_r2304_c0_w512_h512",sem_pluma,0,0,0,262144,0,0,0,0,0,1
"methane_mobilenet_v3.xmodel","ang20191022t175031_r1536_c256_w512_h512",sem_pluma,0,87,0,262057,0,0,0,0,0.000331878662109,0.999668121338
"methane_mobilenet_v3.xmodel","ang20191022t175031_r4096_c0_w512_h512",sem_pluma,0,0,0,262144,0,0,0,0,0,1
"methane_mobilenet_v3.xmodel","ang20191022t180237_r5120_c256_w512_h512",sem_pluma,0,0,0,262144,0,0,0,0,0,1
"methane_mobilenet_v3.xmodel","ang20191022t180237_r2816_c256_w512_h512",sem_pluma,0,0,0,262144,0,0,0,0,0,1
"methane_mobilenet_v3.xmodel","ang20191022t180237_r4352_c256_w512_h512",sem_pluma,0,63,0,262081,0,0,0,0,0.000240325927734,0.999759674072
"methane_mobilenet_v3.xmodel","ang20191022t180237_r256_c0_w512_h512",sem_pluma,0,0,0,262144,0,0,0,0,0,1
"methane_mobilenet_v3.xmodel","ang20191022t180237_r768_c0_w512_h512",sem_pluma,0,0,0,262144,0,0,0,0,0,1
"methane_mobilenet_v3.xmodel","ang20191022t181138_r1792_c0_w512_h512",sem_pluma,0,0,0,262144,0,0,0,0,0,1
"methane_mobilenet_v3.xmodel","ang20191022t181138_r2304_c0_w512_h512",sem_pluma,0,0,0,262144,0,0,0,0,0,1
"methane_mobilenet_v3.xmodel","ang20191022t181138_r3072_c0_w512_h512",sem_pluma,0,0,0,262144,0,0,0,0,0,1
"methane_mobilenet_v3.xmodel","ang20191022t182432_r3840_c0_w512_h512",sem_pluma,0,0,0,262144,0,0,0,0,0,1
"methane_mobilenet_v3.xmodel","ang20191022t182432_r3072_c0_w512_h512",sem_pluma,0,0,0,262144,0,0,0,0,0,1
"methane_mobilenet_v3.xmodel","ang20191022t182432_r1536_c0_w512_h512",sem_pluma,0,0,0,262144,0,0,0,0,0,1
"methane_mobilenet_v3.xmodel","ang20191022t182432_r0_c0_w512_h512",sem_pluma,0,0,0,262144,0,0,0,0,0,1
"methane_mobilenet_v3.xmodel","ang20191022t182432_r2304_c0_w512_h512",sem_pluma,0,0,0,262144,0,0,0,0,0,1
"methane_mobilenet_v3.xmodel","ang20191022t183431_r0_c0_w512_h512",sem_pluma,0,0,0,262144,0,0,0,0,0,1
"methane_mobilenet_v3.xmodel","ang20191022t183431_r512_c0_w512_h512",sem_pluma,0,0,0,262144,0,0,0,0,0,1
"methane_mobilenet_v3.xmodel","ang20191022t184525_r3072_c256_w512_h512",sem_pluma,0,0,0,262144,0,0,0,0,0,1
"methane_mobilenet_v3.xmodel","ang20191022t184525_r3584_c0_w512_h512",sem_pluma,0,73,0,262071,0,0,0,0,0.000278472900391,0.9997215271
"methane_mobilenet_v3.xmodel","ang20191022t184525_r4096_c0_w512_h512",sem_pluma,0,0,0,262144,0,0,0,0,0,1
"methane_mobilenet_v3.xmodel","ang20191022t184525_r5632_c0_w512_h512",sem_pluma,0,0,0,262144,0,0,0,0,0,1
"methane_mobilenet_v3.xmodel","ang20191022t184525_r4608_c0_w512_h512",sem_pluma,0,0,0,262144,0,0,0,0,0,1
"methane_mobilenet_v3.xmodel","ang20191022t184525_r6912_c0_w512_h512",sem_pluma,0,0,0,262144,0,0,0,0,0,1
"methane_mobilenet_v3.xmodel","ang20191022t184525_r0_c0_w512_h512",sem_pluma,0,0,0,262144,0,0,0,0,0,1
"methane_mobilenet_v3.xmodel","ang20191022t190019_r3584_c0_w512_h512",sem_pluma,0,0,0,262144,0,0,0,0,0,1
"methane_mobilenet_v3.xmodel","ang20191022t190019_r4352_c0_w512_h512",sem_pluma,0,0,0,262144,0,0,0,0,0,1
"methane_mobilenet_v3.xmodel","ang20191022t190019_r1024_c0_w512_h512",sem_pluma,0,0,0,262144,0,0,0,0,0,1
"methane_mobilenet_v3.xmodel","ang20191022t190019_r5120_c0_w512_h512",sem_pluma,0,0,0,262144,0,0,0,0,0,1
"methane_mobilenet_v3.xmodel","ang20191022t190019_r1536_c0_w512_h512",sem_pluma,0,39,0,262105,0,0,0,0,0.000148773193359,0.999851226807
"methane_mobilenet_v3.xmodel","ang20191022t190019_r256_c0_w512_h512",sem_pluma,0,0,0,262144,0,0,0,0,0,1
"methane_mobilenet_v3.xmodel","ang20191022t190019_r2304_c0_w512_h512",sem_pluma,0,0,0,262144,0,0,0,0,0,1
"methane_mobilenet_v3.xmodel","ang20191022t191141_r1280_c0_w512_h512",sem_pluma,0,0,0,262144,0,0,0,0,0,1
"methane_mobilenet_v3.xmodel","ang20191022t191141_r4096_c0_w512_h512",sem_pluma,0,0,0,262144,0,0,0,0,0,1
"methane_mobilenet_v3.xmodel","ang20191022t191141_r2304_c0_w512_h512",sem_pluma,0,0,0,262144,0,0,0,0,0,1
"methane_mobilenet_v3.xmodel","ang20191022t191141_r4864_c0_w512_h512",sem_pluma,0,0,0,262144,0,0,0,0,0,1
"methane_mobilenet_v3.xmodel","ang20191022t191141_r1792_c0_w512_h512",sem_pluma,0,0,0,262144,0,0,0,0,0,1
"methane_mobilenet_v3.xmodel","ang20191022t191141_r768_c256_w512_h512",sem_pluma,0,0,0,262144,0,0,0,0,0,1
"methane_mobilenet_v3.xmodel","ang20191022t192048_r2304_c0_w512_h512",sem_pluma,0,0,0,262144,0,0,0,0,0,1
"methane_mobilenet_v3.xmodel","ang20191022t192048_r1792_c0_w512_h512",sem_pluma,0,0,0,262144,0,0,0,0,0,1
"methane_mobilenet_v3.xmodel","ang20191022t192048_r3072_c0_w512_h512",sem_pluma,0,0,0,262144,0,0,0,0,0,1
"methane_mobilenet_v3.xmodel","ang20191022t193257_r3584_c0_w512_h512",sem_pluma,0,0,0,262144,0,0,0,0,0,1
"methane_mobilenet_v3.xmodel","ang20191022t193257_r3072_c0_w512_h512",sem_pluma,0,0,0,262144,0,0,0,0,0,1
"methane_mobilenet_v3.xmodel","ang20191022t193257_r1792_c0_w512_h512",sem_pluma,0,0,0,262144,0,0,0,0,0,1
"methane_mobilenet_v3.xmodel","ang20191022t193257_r2560_c0_w512_h512",sem_pluma,0,0,0,262144,0,0,0,0,0,1
"methane_mobilenet_v3.xmodel","ang20191022t193257_r1280_c0_w512_h512",sem_pluma,0,0,0,262144,0,0,0,0,0,1
"methane_mobilenet_v3.xmodel","ang20191022t194233_r3840_c0_w512_h512",sem_pluma,0,0,0,262144,0,0,0,0,0,1
"methane_mobilenet_v3.xmodel","ang20191022t194233_r3328_c0_w512_h512",sem_pluma,0,0,0,262144,0,0,0,0,0,1
"methane_mobilenet_v3.xmodel","ang20191022t194233_r0_c0_w512_h512",sem_pluma,0,0,0,262144,0,0,0,0,0,1
"methane_mobilenet_v3.xmodel","ang20191022t194233_r768_c0_w512_h512",sem_pluma,0,0,0,262144,0,0,0,0,0,1
"methane_mobilenet_v3.xmodel","ang20191022t194943_r18688_c256_w512_h512",sem_pluma,0,0,0,262144,0,0,0,0,0,1
"methane_mobilenet_v3.xmodel","ang20191022t194943_r18176_c256_w512_h512",sem_pluma,0,0,0,262144,0,0,0,0,0,1
"methane_mobilenet_v3.xmodel","ang20191022t194943_r15104_c512_w512_h512",sem_pluma,0,0,0,262144,0,0,0,0,0,1
"methane_mobilenet_v3.xmodel","ang20191022t194943_r11008_c768_w512_h512",sem_pluma,0,0,0,262144,0,0,0,0,0,1
"methane_mobilenet_v3.xmodel","ang20191022t194943_r16640_c256_w512_h512",sem_pluma,0,0,0,262144,0,0,0,0,0,1
"methane_mobilenet_v3.xmodel","ang20191022t194943_r12800_c512_w512_h512",sem_pluma,0,0,0,262144,0,0,0,0,0,1
"methane_mobilenet_v3.xmodel","ang20191022t194943_r10496_c768_w512_h512",sem_pluma,0,0,0,262144,0,0,0,0,0,1
"methane_mobilenet_v3.xmodel","ang20191023t142135_r8192_c256_w512_h512",sem_pluma,0,0,0,262144,0,0,0,0,0,1
"methane_mobilenet_v3.xmodel","ang20191023t142135_r10240_c0_w512_h512",sem_pluma,0,0,0,262144,0,0,0,0,0,1
"methane_mobilenet_v3.xmodel","ang20191023t142135_r9728_c256_w512_h512",sem_pluma,0,0,0,262144,0,0,0,0,0,1
"methane_mobilenet_v3.xmodel","ang20191023t142135_r12544_c256_w512_h512",sem_pluma,0,0,0,262144,0,0,0,0,0,1
"methane_mobilenet_v3.xmodel","ang20191023t142135_r13056_c256_w512_h512",sem_pluma,0,0,0,262144,0,0,0,0,0,1
"methane_mobilenet_v3.xmodel","ang20191023t142135_r19456_c256_w512_h512",sem_pluma,0,0,0,262144,0,0,0,0,0,1
"methane_mobilenet_v3.xmodel","ang20191023t142135_r11008_c0_w512_h512",sem_pluma,0,0,0,262144,0,0,0,0,0,1
"methane_mobilenet_v3.xmodel","ang20191023t145837_r10496_c0_w512_h512",sem_pluma,0,0,0,262144,0,0,0,0,0,1
"methane_mobilenet_v3.xmodel","ang20191023t145837_r9984_c0_w512_h512",sem_pluma,0,0,0,262144,0,0,0,0,0,1
"methane_mobilenet_v3.xmodel","ang20191023t145837_r1536_c0_w512_h512",sem_pluma,0,0,0,262144,0,0,0,0,0,1
"methane_mobilenet_v3.xmodel","ang20191023t145837_r4608_c0_w512_h512",sem_pluma,0,0,0,262144,0,0,0,0,0,1
"methane_mobilenet_v3.xmodel","ang20191023t145837_r7424_c0_w512_h512",sem_pluma,0,0,0,262144,0,0,0,0,0,1
"methane_mobilenet_v3.xmodel","ang20191023t145837_r4096_c0_w512_h512",sem_pluma,0,0,0,262144,0,0,0,0,0,1
"methane_mobilenet_v3.xmodel","ang20191023t145837_r256_c0_w512_h512",sem_pluma,0,0,0,262144,0,0,0,0,0,1
"methane_mobilenet_v3.xmodel","ang20191023t151141_r768_c0_w512_h512",sem_pluma,0,0,0,262144,0,0,0,0,0,1
"methane_mobilenet_v3.xmodel","ang20191023t151141_r1280_c0_w512_h512",sem_pluma,0,0,0,262144,0,0,0,0,0,1
"methane_mobilenet_v3.xmodel","ang20191023t151141_r0_c0_w512_h512",sem_pluma,0,0,0,262144,0,0,0,0,0,1
"methane_mobilenet_v3.xmodel","ang20191023t151141_r4096_c0_w512_h512",sem_pluma,0,0,0,262144,0,0,0,0,0,1
"methane_mobilenet_v3.xmodel","ang20191023t151141_r3072_c0_w512_h512",sem_pluma,0,0,0,262144,0,0,0,0,0,1
"methane_mobilenet_v3.xmodel","ang20191023t151141_r1792_c0_w512_h512",sem_pluma,0,0,0,262144,0,0,0,0,0,1
"methane_mobilenet_v3.xmodel","ang20191023t151141_r10496_c0_w512_h512",sem_pluma,0,0,0,262144,0,0,0,0,0,1
"methane_mobilenet_v3.xmodel","ang20191023t152801_r9472_c0_w512_h512",sem_pluma,0,0,0,262144,0,0,0,0,0,1
"methane_mobilenet_v3.xmodel","ang20191023t152801_r9984_c0_w512_h512",sem_pluma,0,0,0,262144,0,0,0,0,0,1
"methane_mobilenet_v3.xmodel","ang20191023t152801_r1280_c0_w512_h512",sem_pluma,0,0,0,262144,0,0,0,0,0,1
"methane_mobilenet_v3.xmodel","ang20191023t152801_r4864_c0_w512_h512",sem_pluma,0,0,0,262144,0,0,0,0,0,1
"methane_mobilenet_v3.xmodel","ang20191023t152801_r3840_c0_w512_h512",sem_pluma,0,0,0,262144,0,0,0,0,0,1
"methane_mobilenet_v3.xmodel","ang20191023t152801_r2816_c0_w512_h512",sem_pluma,0,0,0,262144,0,0,0,0,0,1
"methane_mobilenet_v3.xmodel","ang20191023t152801_r2304_c0_w512_h512",sem_pluma,0,0,0,262144,0,0,0,0,0,1
"methane_mobilenet_v3.xmodel","ang20191023t154154_r0_c0_w512_h512",sem_pluma,0,0,0,262144,0,0,0,0,0,1
"methane_mobilenet_v3.xmodel","ang20191023t154154_r512_c0_w512_h512",sem_pluma,0,0,0,262144,0,0,0,0,0,1
"methane_mobilenet_v3.xmodel","ang20191023t154154_r1280_c0_w512_h512",sem_pluma,0,0,0,262144,0,0,0,0,0,1
"methane_mobilenet_v3.xmodel","ang20191023t154154_r2560_c0_w512_h512",sem_pluma,0,0,0,262144,0,0,0,0,0,1
"methane_mobilenet_v3.xmodel","ang20191023t154154_r3840_c0_w512_h512",sem_pluma,0,0,0,262144,0,0,0,0,0,1
"methane_mobilenet_v3.xmodel","ang20191023t154154_r4608_c0_w512_h512",sem_pluma,0,0,0,262144,0,0,0,0,0,1
"methane_mobilenet_v3.xmodel","ang20191023t154154_r9472_c0_w512_h512",sem_pluma,0,0,0,262144,0,0,0,0,0,1
"methane_mobilenet_v3.xmodel","ang20191023t155808_r8192_c0_w512_h512",sem_pluma,0,0,0,262144,0,0,0,0,0,1
"methane_mobilenet_v3.xmodel","ang20191023t155808_r8704_c0_w512_h512",sem_pluma,0,0,0,262144,0,0,0,0,0,1
"methane_mobilenet_v3.xmodel","ang20191023t155808_r5888_c256_w512_h512",sem_pluma,0,0,0,262144,0,0,0,0,0,1
"methane_mobilenet_v3.xmodel","ang20191023t155808_r7680_c0_w512_h512",sem_pluma,0,0,0,262144,0,0,0,0,0,1
"methane_mobilenet_v3.xmodel","ang20191023t155808_r2816_c0_w512_h512",sem_pluma,0,0,0,262144,0,0,0,0,0,1
"methane_mobilenet_v3.xmodel","ang20191023t155808_r4096_c256_w512_h512",sem_pluma,0,0,0,262144,0,0,0,0,0,1
"methane_mobilenet_v3.xmodel","ang20191023t155808_r3584_c0_w512_h512",sem_pluma,0,0,0,262144,0,0,0,0,0,1
"methane_mobilenet_v3.xmodel","ang20191023t161300_r0_c0_w512_h512",sem_pluma,0,0,0,262144,0,0,0,0,0,1
"methane_mobilenet_v3.xmodel","ang20191023t161300_r7680_c0_w512_h512",sem_pluma,0,0,0,262144,0,0,0,0,0,1
"methane_mobilenet_v3.xmodel","ang20191023t161300_r5888_c0_w512_h512",sem_pluma,0,0,0,262144,0,0,0,0,0,1
"methane_mobilenet_v3.xmodel","ang20191023t161300_r1024_c0_w512_h512",sem_pluma,0,0,0,262144,0,0,0,0,0,1
"methane_mobilenet_v3.xmodel","ang20191023t161300_r3328_c0_w512_h512",sem_pluma,0,0,0,262144,0,0,0,0,0,1
"methane_mobilenet_v3.xmodel","ang20191023t161300_r4608_c0_w512_h512",sem_pluma,0,0,0,262144,0,0,0,0,0,1
"methane_mobilenet_v3.xmodel","ang20191023t161300_r512_c0_w512_h512",sem_pluma,0,0,0,262144,0,0,0,0,0,1
"methane_mobilenet_v3.xmodel","ang20191023t162847_r4864_c0_w512_h512",sem_pluma,0,0,0,262144,0,0,0,0,0,1
"methane_mobilenet_v3.xmodel","ang20191023t162847_r10752_c0_w512_h512",sem_pluma,0,0,0,262144,0,0,0,0,0,1
"methane_mobilenet_v3.xmodel","ang20191023t162847_r6144_c0_w512_h512",sem_pluma,0,0,0,262144,0,0,0,0,0,1
"methane_mobilenet_v3.xmodel","ang20191023t162847_r6656_c0_w512_h512",sem_pluma,0,0,0,262144,0,0,0,0,0,1
"methane_mobilenet_v3.xmodel","ang20191023t162847_r8192_c0_w512_h512",sem_pluma,0,0,0,262144,0,0,0,0,0,1
"methane_mobilenet_v3.xmodel","ang20191023t162847_r256_c0_w512_h512",sem_pluma,0,0,0,262144,0,0,0,0,0,1
"methane_mobilenet_v3.xmodel","ang20191023t162847_r1536_c0_w512_h512",sem_pluma,0,0,0,262144,0,0,0,0,0,1
"methane_mobilenet_v3.xmodel","ang20191023t164221_r6656_c0_w512_h512",sem_pluma,0,0,0,262144,0,0,0,0,0,1
"methane_mobilenet_v3.xmodel","ang20191023t164221_r0_c0_w512_h512",sem_pluma,0,0,0,262144,0,0,0,0,0,1
"methane_mobilenet_v3.xmodel","ang20191023t164221_r1280_c0_w512_h512",sem_pluma,0,0,0,262144,0,0,0,0,0,1
"methane_mobilenet_v3.xmodel","ang20191023t164221_r3840_c0_w512_h512",sem_pluma,0,0,0,262144,0,0,0,0,0,1
"methane_mobilenet_v3.xmodel","ang20191023t164221_r3328_c0_w512_h512",sem_pluma,0,0,0,262144,0,0,0,0,0,1
"methane_mobilenet_v3.xmodel","ang20191023t164221_r9216_c0_w512_h512",sem_pluma,0,0,0,262144,0,0,0,0,0,1
"methane_mobilenet_v3.xmodel","ang20191023t164221_r4864_c0_w512_h512",sem_pluma,0,0,0,262144,0,0,0,0,0,1
"methane_mobilenet_v3.xmodel","ang20191023t165811_r1280_c0_w512_h512",sem_pluma,0,0,0,262144,0,0,0,0,0,1
"methane_mobilenet_v3.xmodel","ang20191023t165811_r9728_c0_w512_h512",sem_pluma,0,0,0,262144,0,0,0,0,0,1
"methane_mobilenet_v3.xmodel","ang20191023t165811_r512_c0_w512_h512",sem_pluma,0,0,0,262144,0,0,0,0,0,1
"methane_mobilenet_v3.xmodel","ang20191023t165811_r0_c0_w512_h512",sem_pluma,0,0,0,262144,0,0,0,0,0,1
"methane_mobilenet_v3.xmodel","ang20191023t165811_r3840_c0_w512_h512",sem_pluma,0,0,0,262144,0,0,0,0,0,1
"methane_mobilenet_v3.xmodel","ang20191023t165811_r3328_c0_w512_h512",sem_pluma,0,0,0,262144,0,0,0,0,0,1
"methane_mobilenet_v3.xmodel","ang20191023t172753_r10496_c0_w512_h512",sem_pluma,0,0,0,262144,0,0,0,0,0,1
"methane_mobilenet_v3.xmodel","ang20191023t172753_r7168_c0_w512_h512",sem_pluma,0,0,0,262144,0,0,0,0,0,1
"methane_mobilenet_v3.xmodel","ang20191023t172753_r8448_c0_w512_h512",sem_pluma,0,0,0,262144,0,0,0,0,0,1
"methane_mobilenet_v3.xmodel","ang20191023t172753_r1792_c0_w512_h512",sem_pluma,0,0,0,262144,0,0,0,0,0,1
"methane_mobilenet_v3.xmodel","ang20191023t172753_r3840_c0_w512_h512",sem_pluma,0,0,0,262144,0,0,0,0,0,1
"methane_mobilenet_v3.xmodel","ang20191023t172753_r3328_c0_w512_h512",sem_pluma,0,0,0,262144,0,0,0,0,0,1
"methane_mobilenet_v3.xmodel","ang20191023t172753_r512_c0_w512_h512",sem_pluma,0,0,0,262144,0,0,0,0,0,1
"methane_mobilenet_v3.xmodel","ang20191023t174017_r9216_c0_w512_h512",sem_pluma,0,0,0,262144,0,0,0,0,0,1
"methane_mobilenet_v3.xmodel","ang20191023t174017_r256_c0_w512_h512",sem_pluma,0,0,0,262144,0,0,0,0,0,1
"methane_mobilenet_v3.xmodel","ang20191023t174017_r3584_c0_w512_h512",sem_pluma,0,0,0,262144,0,0,0,0,0,1
"methane_mobilenet_v3.xmodel","ang20191023t174017_r4608_c0_w512_h512",sem_pluma,0,0,0,262144,0,0,0,0,0,1
"methane_mobilenet_v3.xmodel","ang20191023t174017_r5376_c0_w512_h512",sem_pluma,0,0,0,262144,0,0,0,0,0,1
"methane_mobilenet_v3.xmodel","ang20191023t174017_r1024_c0_w512_h512",sem_pluma,0,0,0,262144,0,0,0,0,0,1
"methane_mobilenet_v3.xmodel","ang20191023t174017_r2304_c0_w512_h512",sem_pluma,0,0,0,262144,0,0,0,0,0,1
"methane_mobilenet_v3.xmodel","ang20191023t175603_r9728_c0_w512_h512",sem_pluma,0,0,0,262144,0,0,0,0,0,1
"methane_mobilenet_v3.xmodel","ang20191023t175603_r7168_c0_w512_h512",sem_pluma,0,0,0,262144,0,0,0,0,0,1
"methane_mobilenet_v3.xmodel","ang20191023t175603_r6656_c0_w512_h512",sem_pluma,0,0,0,262144,0,0,0,0,0,1
"methane_mobilenet_v3.xmodel","ang20191023t175603_r768_c0_w512_h512",sem_pluma,0,0,0,262144,0,0,0,0,0,1
"methane_mobilenet_v3.xmodel","ang20191023t175603_r3328_c0_w512_h512",sem_pluma,0,0,0,262144,0,0,0,0,0,1
"methane_mobilenet_v3.xmodel","ang20191023t175603_r3840_c0_w512_h512",sem_pluma,0,0,0,262144,0,0,0,0,0,1
"methane_mobilenet_v3.xmodel","ang20191023t175603_r2048_c0_w512_h512",sem_pluma,0,0,0,262144,0,0,0,0,0,1
"methane_mobilenet_v3.xmodel","ang20191023t180821_r10240_c0_w512_h512",sem_pluma,0,0,0,262144,0,0,0,0,0,1
"methane_mobilenet_v3.xmodel","ang20191023t180821_r1536_c0_w512_h512",sem_pluma,0,0,0,262144,0,0,0,0,0,1
"methane_mobilenet_v3.xmodel","ang20191023t180821_r2304_c0_w512_h512",sem_pluma,0,0,0,262144,0,0,0,0,0,1
"methane_mobilenet_v3.xmodel","ang20191023t180821_r0_c0_w512_h512",sem_pluma,0,0,0,262144,0,0,0,0,0,1
"methane_mobilenet_v3.xmodel","ang20191023t180821_r6400_c0_w512_h512",sem_pluma,0,0,0,262144,0,0,0,0,0,1
"methane_mobilenet_v3.xmodel","ang20191023t180821_r512_c0_w512_h512",sem_pluma,0,0,0,262144,0,0,0,0,0,1
"methane_mobilenet_v3.xmodel","ang20191023t180821_r4352_c0_w512_h512",sem_pluma,0,0,0,262144,0,0,0,0,0,1
"methane_mobilenet_v3.xmodel","ang20191023t182357_r10496_c0_w512_h512",sem_pluma,0,0,0,262144,0,0,0,0,0,1
"methane_mobilenet_v3.xmodel","ang20191023t182357_r9984_c0_w512_h512",sem_pluma,0,0,0,262144,0,0,0,0,0,1
"methane_mobilenet_v3.xmodel","ang20191023t182357_r1536_c0_w512_h512",sem_pluma,0,0,0,262144,0,0,0,0,0,1
"methane_mobilenet_v3.xmodel","ang20191023t182357_r7424_c0_w512_h512",sem_pluma,0,0,0,262144,0,0,0,0,0,1
"methane_mobilenet_v3.xmodel","ang20191023t182357_r5888_c0_w512_h512",sem_pluma,0,0,0,262144,0,0,0,0,0,1
"methane_mobilenet_v3.xmodel","ang20191023t182357_r6912_c0_w512_h512",sem_pluma,0,0,0,262144,0,0,0,0,0,1
"methane_mobilenet_v3.xmodel","ang20191023t182357_r4352_c0_w512_h512",sem_pluma,0,0,0,262144,0,0,0,0,0,1
"methane_mobilenet_v3.xmodel","ang20191023t183654_r2816_c0_w512_h512",sem_pluma,0,0,0,262144,0,0,0,0,0,1
"methane_mobilenet_v3.xmodel","ang20191023t183654_r8960_c0_w512_h512",sem_pluma,0,0,0,262144,0,0,0,0,0,1
"methane_mobilenet_v3.xmodel","ang20191023t183654_r5632_c0_w512_h512",sem_pluma,0,0,0,262144,0,0,0,0,0,1
"methane_mobilenet_v3.xmodel","ang20191023t183654_r4352_c0_w512_h512",sem_pluma,0,0,0,262144,0,0,0,0,0,1
"methane_mobilenet_v3.xmodel","ang20191023t183654_r9472_c0_w512_h512",sem_pluma,0,0,0,262144,0,0,0,0,0,1
"methane_mobilenet_v3.xmodel","ang20191023t183654_r512_c0_w512_h512",sem_pluma,0,0,0,262144,0,0,0,0,0,1
"methane_mobilenet_v3.xmodel","ang20191023t183654_r0_c0_w512_h512",sem_pluma,0,0,0,262144,0,0,0,0,0,1
"methane_mobilenet_v3.xmodel","ang20191023t185210_r5632_c0_w512_h512",sem_pluma,0,0,0,262144,0,0,0,0,0,1
"methane_mobilenet_v3.xmodel","ang20191023t185210_r3840_c0_w512_h512",sem_pluma,0,0,0,262144,0,0,0,0,0,1
"methane_mobilenet_v3.xmodel","ang20191023t185210_r4352_c0_w512_h512",sem_pluma,0,0,0,262144,0,0,0,0,0,1
"methane_mobilenet_v3.xmodel","ang20191023t185210_r7168_c0_w512_h512",sem_pluma,0,0,0,262144,0,0,0,0,0,1
"methane_mobilenet_v3.xmodel","ang20191023t185210_r7936_c0_w512_h512",sem_pluma,0,0,0,262144,0,0,0,0,0,1
"methane_mobilenet_v3.xmodel","ang20191023t185210_r2048_c0_w512_h512",sem_pluma,0,0,0,262144,0,0,0,0,0,1
"methane_mobilenet_v3.xmodel","ang20191023t185210_r6144_c0_w512_h512",sem_pluma,0,0,0,262144,0,0,0,0,0,1
"methane_mobilenet_v3.xmodel","ang20191023t190429_r5376_c0_w512_h512",sem_pluma,0,0,0,262144,0,0,0,0,0,1
"methane_mobilenet_v3.xmodel","ang20191023t190429_r3840_c0_w512_h512",sem_pluma,0,0,0,262144,0,0,0,0,0,1
"methane_mobilenet_v3.xmodel","ang20191023t190429_r4864_c0_w512_h512",sem_pluma,0,0,0,262144,0,0,0,0,0,1
"methane_mobilenet_v3.xmodel","ang20191023t190429_r4352_c0_w512_h512",sem_pluma,0,0,0,262144,0,0,0,0,0,1
"methane_mobilenet_v3.xmodel","ang20191023t190429_r512_c0_w512_h512",sem_pluma,0,0,0,262144,0,0,0,0,0,1
"methane_mobilenet_v3.xmodel","ang20191023t190429_r0_c0_w512_h512",sem_pluma,0,0,0,262144,0,0,0,0,0,1
"methane_mobilenet_v3.xmodel","ang20191023t190429_r7936_c0_w512_h512",sem_pluma,0,0,0,262144,0,0,0,0,0,1
"methane_mobilenet_v3.xmodel","ang20191023t191942_r4352_c0_w512_h512",sem_pluma,0,0,0,262144,0,0,0,0,0,1
"methane_mobilenet_v3.xmodel","ang20191023t191942_r5376_c0_w512_h512",sem_pluma,0,0,0,262144,0,0,0,0,0,1
"methane_mobilenet_v3.xmodel","ang20191023t191942_r4864_c0_w512_h512",sem_pluma,0,0,0,262144,0,0,0,0,0,1
"methane_mobilenet_v3.xmodel","ang20191023t191942_r6656_c0_w512_h512",sem_pluma,0,0,0,262144,0,0,0,0,0,1
"methane_mobilenet_v3.xmodel","ang20191023t191942_r10240_c0_w512_h512",sem_pluma,0,0,0,262144,0,0,0,0,0,1
"methane_mobilenet_v3.xmodel","ang20191023t191942_r1792_c0_w512_h512",sem_pluma,0,0,0,262144,0,0,0,0,0,1
"methane_mobilenet_v3.xmodel","ang20191023t191942_r6144_c0_w512_h512",sem_pluma,0,0,0,262144,0,0,0,0,0,1
"methane_mobilenet_v3.xmodel","ang20191023t193139_r4864_c0_w512_h512",sem_pluma,0,0,0,262144,0,0,0,0,0,1
"methane_mobilenet_v3.xmodel","ang20191023t193139_r4352_c0_w512_h512",sem_pluma,0,0,0,262144,0,0,0,0,0,1
"methane_mobilenet_v3.xmodel","ang20191023t193139_r2816_c0_w512_h512",sem_pluma,0,0,0,262144,0,0,0,0,0,1
"methane_mobilenet_v3.xmodel","ang20191023t193139_r1536_c0_w512_h512",sem_pluma,0,0,0,262144,0,0,0,0,0,1
"methane_mobilenet_v3.xmodel","ang20191023t193139_r1024_c0_w512_h512",sem_pluma,0,0,0,262144,0,0,0,0,0,1
"methane_mobilenet_v3.xmodel","ang20191023t193139_r0_c0_w512_h512",sem_pluma,0,0,0,262144,0,0,0,0,0,1
"methane_mobilenet_v3.xmodel","ang20191023t193139_r512_c0_w512_h512",sem_pluma,0,0,0,262144,0,0,0,0,0,1
"methane_mobilenet_v3.xmodel","ang20191023t194035_r1792_c512_w512_h512",sem_pluma,0,0,0,262144,0,0,0,0,0,1
"methane_mobilenet_v3.xmodel","ang20191023t194035_r1024_c512_w512_h512",sem_pluma,0,0,0,262144,0,0,0,0,0,1
"methane_mobilenet_v3.xmodel","ang20191023t194035_r5376_c256_w512_h512",sem_pluma,0,177,0,261967,0,0,0,0,0.000675201416016,0.999324798584
"methane_mobilenet_v3.xmodel","ang20191023t194035_r4608_c256_w512_h512",sem_pluma,0,0,0,262144,0,0,0,0,0,1
"methane_mobilenet_v3.xmodel","ang20191023t194035_r3328_c512_w512_h512",sem_pluma,0,0,0,262144,0,0,0,0,0,1
"methane_mobilenet_v3.xmodel","ang20191011t165345_r4367_c196_w151_h151",forte,272,124,703,261045,0.686868686869,0.278974358974,0.396790663749,0.247497725205,0.000474788355433,0.996845245361
"methane_mobilenet_v3.xmodel","ang20190924t183641_r14137_c154_w151_h151",forte,1750,534,7712,252148,0.766199649737,0.184950327626,0.297973778308,0.175070028011,0.00211332821491,0.968544006348
"methane_mobilenet_v3.xmodel","ang20191008t151045_r5097_c477_w151_h151",forte,239,505,454,260946,0.32123655914,0.344877344877,0.332637439109,0.199499165275,0.00193152827872,0.996341705322
"methane_mobilenet_v3.xmodel","ang20191010t155034_r16931_c325_w151_h151",forte,163,663,0,261318,0.197336561743,1,0.329625884732,0.197336561743,0.00253071787649,0.997470855713
"methane_mobilenet_v3.xmodel","ang20191005t210402_r9366_c472_w151_h151",forte,604,95,1298,260147,0.864091559371,0.317560462671,0.464436755094,0.302453680521,0.000365044842877,0.994686126709
"methane_mobilenet_v3.xmodel","ang20190923t174142_r5826_c168_w151_h151",forte,1586,646,172,259740,0.710573476703,0.902161547213,0.794987468672,0.659733777038,0.00248093215457,0.996879577637
"methane_mobilenet_v3.xmodel","ang20191011t174241_r4837_c234_w151_h151",forte,1095,628,1242,259179,0.635519442832,0.468549422336,0.539408866995,0.369308600337,0.00241717890588,0.992866516113
"methane_mobilenet_v3.xmodel","ang20191005t221554_r5023_c432_w151_h151",forte,0,0,2322,259822,0,0,0,0,0,0.991142272949
"methane_mobilenet_v3.xmodel","ang20191011t165345_r5135_c169_w151_h151",forte,350,67,16,261711,0.83932853717,0.956284153005,0.893997445722,0.80831408776,0.000255942057774,0.999683380127
"methane_mobilenet_v3.xmodel","ang20190922t203229_r7396_c411_w151_h151",forte,0,55,5700,256389,0,0,0,0,0.000214471775514,0.978046417236
"methane_mobilenet_v3.xmodel","ang20191008t151045_r4379_c101_w151_h151",forte,1392,4467,230,256055,0.237583205325,0.858199753391,0.372142761663,0.22860896699,0.0171463446465,0.982082366943
"methane_mobilenet_v3.xmodel","ang20191013t145516_r15455_c176_w151_h151",forte,322,32,9949,251841,0.909604519774,0.0313504040502,0.0606117647059,0.0312530330972,0.000127048155221,0.961925506592
"methane_mobilenet_v3.xmodel","ang20191017t152518_r12492_c121_w151_h151",forte,3099,332,45226,213487,0.903235208394,0.0641282979824,0.119754231393,0.0636907330908,0.00155271514692,0.826210021973
"methane_mobilenet_v3.xmodel","ang20191022t152357_r4993_c33_w151_h151",forte,0,0,1414,260730,0,0,0,0,0,0.994606018066
"methane_mobilenet_v3.xmodel","ang20190926t152524_r7081_c116_w151_h151",forte,1209,9083,0,251852,0.117469879518,1,0.210242587601,0.117469879518,0.0348094353,0.965351104736
"methane_mobilenet_v3.xmodel","ang20190928t185111_r3501_c600_w151_h151",forte,465,593,0,261086,0.439508506616,1,0.610636900854,0.439508506616,0.00226613522675,0.997737884521
"methane_mobilenet_v3.xmodel","ang20191011t181301_r3081_c240_w151_h151",forte,3120,267,4134,254623,0.921169176262,0.430107526882,0.586411051593,0.414838452333,0.00104751069089,0.983211517334
"methane_mobilenet_v3.xmodel","ang20191017t154425_r4708_c381_w151_h151",forte,1173,698,1513,258760,0.626937466595,0.436708860759,0.514812376564,0.346631205674,0.00269022346584,0.991565704346
"methane_mobilenet_v3.xmodel","ang20191016t155337_r8132_c506_w151_h151",forte,6046,815,737,254546,0.881212651217,0.891346012089,0.886250366461,0.795735719926,0.00319156018343,0.994079589844
"methane_mobilenet_v3.xmodel","ang20191008t172458_r14826_c583_w151_h151",forte,2679,304,2907,256254,0.898089171975,0.479591836735,0.625277161863,0.454838709677,0.00118491725068,0.98775100708
"methane_mobilenet_v3.xmodel","ang20190924t172057_r4159_c297_w151_h151",forte,359,359,525,260901,0.5,0.406108597285,0.448189762797,0.288817377313,0.00137411008191,0.996627807617
"methane_mobilenet_v3.xmodel","ang20191011t152413_r9254_c440_w151_h151",forte,148,87,317,261592,0.629787234043,0.318279569892,0.422857142857,0.268115942029,0.000332468405948,0.998458862305
"methane_mobilenet_v3.xmodel","ang20191011t191345_r10180_c27_w151_h151",forte,98,15,15,262016,0.867256637168,0.867256637168,0.867256637168,0.765625,5.72451351176e-05,0.999885559082
"methane_mobilenet_v3.xmodel","ang20190924t165836_r1962_c318_w151_h151",forte,681,878,0,260585,0.43681847338,1,0.608035714286,0.43681847338,0.00335802771329,0.996650695801
"methane_mobilenet_v3.xmodel","ang20190923t172416_r10579_c413_w151_h151",forte,174,135,0,261835,0.563106796117,1,0.72049689441,0.563106796117,0.000515326182387,0.999485015869
"methane_mobilenet_v3.xmodel","ang20190927t162514_r3685_c352_w151_h151",forte,783,1191,511,259659,0.396656534954,0.605100463679,0.479192166463,0.31509054326,0.00456584243818,0.993507385254
"methane_mobilenet_v3.xmodel","ang20191011t163647_r6575_c122_w151_h151",forte,280,339,2,261523,0.452342487884,0.992907801418,0.621531631521,0.450885668277,0.00129457500516,0.998699188232
"methane_mobilenet_v3.xmodel","ang20191016t175642_r7289_c521_w151_h151",forte,2163,215,371,259395,0.909587888982,0.853591160221,0.880700325733,0.786831575118,0.00082816532491,0.997764587402
"methane_mobilenet_v3.xmodel","ang20190926t154314_r6804_c307_w151_h151",forte,2045,137,835,259127,0.937213565536,0.710069444444,0.807981035164,0.677825654624,0.000528418908911,0.996292114258
"methane_mobilenet_v3.xmodel","ang20191011t152413_r8823_c513_w151_h151",forte,563,122,162,261297,0.821897810219,0.776551724138,0.798581560284,0.664698937426,0.000466683752902,0.998916625977
"methane_mobilenet_v3.xmodel","ang20190923t183439_r2497_c25_w151_h151",forte,173,620,508,260843,0.21815889029,0.254038179148,0.23473541384,0.132974634896,0.00237127241713,0.995697021484
"methane_mobilenet_v3.xmodel","ang20191010t193818_r7868_c337_w151_h151",forte,511,100,76,261457,0.836333878887,0.870528109029,0.853088480801,0.743813682678,0.000382325841021,0.999328613281
"methane_mobilenet_v3.xmodel","ang20191023t145837_r8341_c489_w151_h151",forte,2957,451,2178,256558,0.867664319249,0.575851996105,0.692262671193,0.529359112066,0.00175480236101,0.989971160889
"methane_mobilenet_v3.xmodel","ang20191022t192048_r1361_c265_w151_h151",forte,1171,2207,0,258766,0.34665482534,1,0.514838426028,0.34665482534,0.0084568135401,0.991580963135
"methane_mobilenet_v3.xmodel","ang20190927t153023_r7067_c8_w151_h151",forte,0,2218,234,259692,0,0,0,0,0.00846855790157,0.990646362305
"methane_mobilenet_v3.xmodel","ang20190924t181121_r3294_c442_w151_h151",forte,479,1327,0,260338,0.265227021041,1,0.419256017505,0.265227021041,0.00507136988134,0.994937896729
"methane_mobilenet_v3.xmodel","ang20191007t195115_r11116_c285_w151_h151",forte,614,115,141,261274,0.842249657064,0.813245033113,0.827493261456,0.705747126437,0.000439957305013,0.9990234375
"methane_mobilenet_v3.xmodel","ang20190922t192642_r4578_c217_w151_h151",forte,284,4797,0,257063,0.0558945089549,1,0.10587138863,0.0558945089549,0.0183189490567,0.981700897217
"methane_mobilenet_v3.xmodel","ang20191006t191332_r8705_c82_w151_h151",forte,249,768,0,261127,0.244837758112,1,0.39336492891,0.244837758112,0.00293247293763,0.9970703125
"methane_mobilenet_v3.xmodel","ang20191022t163722_r6202_c430_w151_h151",forte,432,5154,0,256558,0.0773361976369,1,0.143569292124,0.0773361976369,0.0196934034358,0.980339050293
"methane_mobilenet_v3.xmodel","ang20191016t152245_r8626_c460_w151_h151",forte,151,17,411,261565,0.89880952381,0.268683274021,0.413698630137,0.26079447323,6.49891812128e-05,0.99836730957
"methane_mobilenet_v3.xmodel","ang20191022t194943_r17610_c210_w151_h151",forte,1293,284,19,260548,0.819911223843,0.985518292683,0.895119418484,0.81015037594,0.00108882345724,0.998844146729
"methane_mobilenet_v3.xmodel","ang20191007t182352_r8520_c196_w151_h151",forte,131,19,18,261976,0.873333333333,0.879194630872,0.876254180602,0.779761904762,7.25204679479e-05,0.999858856201
"methane_mobilenet_v3.xmodel","ang20191016t165454_r5517_c18_w151_h151",forte,514,822,0,260808,0.384730538922,1,0.555675675676,0.384730538922,0.00314184153193,0.996864318848
"methane_mobilenet_v3.xmodel","ang20190927t151239_r7121_c584_w151_h151",forte,1066,1153,0,259925,0.480396575034,1,0.64901065449,0.480396575034,0.00441630470587,0.995601654053
"methane_mobilenet_v3.xmodel","ang20191005t210402_r1854_c108_w151_h151",forte,683,4174,0,257287,0.140621782994,1,0.246570397112,0.140621782994,0.0159641399673,0.984077453613
"methane_mobilenet_v3.xmodel","ang20190927t192237_r6043_c457_w151_h151",forte,610,96,316,261122,0.86402266289,0.658747300216,0.747549019608,0.59686888454,0.000367509130305,0.998428344727
"methane_mobilenet_v3.xmodel","ang20191010t155034_r9423_c4_w151_h151",forte,96,38,162,261848,0.716417910448,0.372093023256,0.489795918367,0.324324324324,0.000145101303621,0.999237060547
"methane_mobilenet_v3.xmodel","ang20191017t185057_r4474_c267_w151_h151",forte,348,92,198,261506,0.790909090909,0.637362637363,0.705882352941,0.545454545455,0.000351684645907,0.998893737793
"methane_mobilenet_v3.xmodel","ang20191010t193818_r2146_c142_w151_h151",forte,393,102,79,261570,0.793939393939,0.832627118644,0.812823164426,0.684668989547,0.000389800972209,0.999309539795
"methane_mobilenet_v3.xmodel","ang20191016t174016_r5893_c405_w151_h151",forte,1135,119,69,260821,0.905103668262,0.9426910299,0.923515052889,0.857898715042,0.000456043534912,0.999282836914
"methane_mobilenet_v3.xmodel","ang20191023t162847_r9887_c159_w151_h151",forte,0,0,15159,246985,0,0,0,0,0,0.94217300415
"methane_mobilenet_v3.xmodel","ang20190923t195907_r1434_c324_w151_h151",forte,1255,133,16,260740,0.904178674352,0.987411487018,0.943963896202,0.893874643875,0.000509826620616,0.999431610107
"methane_mobilenet_v3.xmodel","ang20191007t200647_r1009_c453_w151_h151",forte,1326,232,6981,253605,0.85109114249,0.159624413146,0.268829194121,0.155287504392,0.000913972352336,0.972484588623
"methane_mobilenet_v3.xmodel","ang20191010t155034_r2710_c421_w151_h151",forte,198,205,93,261648,0.491315136476,0.680412371134,0.57060518732,0.399193548387,0.000782881998679,0.998863220215
"methane_mobilenet_v3.xmodel","ang20191017t150903_r12514_c392_w151_h151",forte,1635,2599,2752,255158,0.386159659896,0.372692044677,0.379306344972,0.234039507587,0.0100831403221,0.979587554932
"methane_mobilenet_v3.xmodel","ang20191011t185825_r6531_c549_w151_h151",forte,491,310,66,261277,0.612983770287,0.881508078995,0.723122238586,0.566320645905,0.00118507418182,0.998565673828
"methane_mobilenet_v3.xmodel","ang20190926t184029_r1661_c357_w151_h151",forte,541,786,0,260817,0.407686510927,1,0.579229122056,0.407686510927,0.00300455270008,0.997001647949
"methane_mobilenet_v3.xmodel","ang20191011t185825_r10104_c497_w151_h151",forte,2371,242,840,258691,0.907386146192,0.738399252569,0.814217032967,0.686649290472,0.000934604704692,0.995872497559
"methane_mobilenet_v3.xmodel","ang20191016t162417_r4834_c50_w151_h151",forte,786,103,2220,259035,0.884139482565,0.261477045908,0.403594351733,0.252814409778,0.000397471617439,0.991138458252
"methane_mobilenet_v3.xmodel","ang20190927t151239_r8689_c582_w151_h151",forte,1430,1214,0,259500,0.54084720121,1,0.702012763868,0.54084720121,0.00465644345912,0.99536895752
"methane_mobilenet_v3.xmodel","ang20191010t155034_r2711_c421_w151_h151",forte,461,190,319,261174,0.708141321045,0.591025641026,0.644304682041,0.475257731959,0.000726955510323,0.998058319092
"methane_mobilenet_v3.xmodel","ang20190926t184029_r12122_c485_w151_h151",forte,705,103,1868,259468,0.872524752475,0.273999222697,0.417036379769,0.263452914798,0.000396808580311,0.992481231689
"methane_mobilenet_v3.xmodel","ang20191023t161300_r9825_c527_w151_h151",forte,5285,274,38,256547,0.950710559453,0.992861168514,0.971328799853,0.944255851349,0.00106689094739,0.998809814453
"methane_mobilenet_v3.xmodel","ang20191016t163955_r5575_c321_w151_h151",forte,495,83,2420,259146,0.856401384083,0.169811320755,0.283423990839,0.165110073382,0.000320180226749,0.990451812744
"methane_mobilenet_v3.xmodel","ang20191011t161719_r6484_c552_w151_h151",forte,737,126,177,261104,0.853997682503,0.806345733042,0.829487900957,0.708653846154,0.000482333575776,0.998844146729
"methane_mobilenet_v3.xmodel","ang20191008t172458_r9631_c119_w151_h151",forte,487,116,852,260689,0.807628524046,0.363704256908,0.501544799176,0.33470790378,0.000444776748912,0.996307373047
"methane_mobilenet_v3.xmodel","ang20191008t172458_r12658_c123_w151_h151",forte,497,68,3295,258284,0.879646017699,0.131065400844,0.228138627496,0.128756476684,0.000263206787639,0.987171173096
"methane_mobilenet_v3.xmodel","ang20191007t200647_r3927_c109_w151_h151",forte,1211,849,905,259179,0.58786407767,0.572306238185,0.579980842912,0.408431703204,0.00326503299645,0.993309020996
"methane_mobilenet_v3.xmodel","ang20191016t175642_r3709_c249_w151_h151",forte,596,62,46,261440,0.905775075988,0.928348909657,0.916923076923,0.846590909091,0.000237091876926,0.999588012695
"methane_mobilenet_v3.xmodel","ang20191023t152801_r9013_c303_w151_h151",forte,843,73,11015,250213,0.920305676856,0.0710912464159,0.131986848286,0.070656273573,0.000291666333714,0.957702636719
"methane_mobilenet_v3.xmodel","ang20191016t163955_r4756_c462_w151_h151",forte,11708,788,14415,235233,0.936939820743,0.448187421047,0.606333669955,0.435063728587,0.00333868596438,0.942005157471
"methane_mobilenet_v3.xmodel","ang20190923t170747_r2291_c472_w151_h151",forte,1922,272,1711,258239,0.876025524157,0.529039361409,0.659687660889,0.49218950064,0.00105217959777,0.992435455322
"methane_mobilenet_v3.xmodel","ang20191010t155034_r9423_c1_w151_h151",forte,228,76,30,261810,0.75,0.883720930233,0.811387900356,0.682634730539,0.000290202607241,0.99959564209
"methane_mobilenet_v3.xmodel","ang20191016t145145_r5805_c177_w151_h151",forte,1612,250,1024,259258,0.865735767991,0.61153262519,0.71676300578,0.558558558559,0.000963361437798,0.995140075684
"methane_mobilenet_v3.xmodel","ang20191010t185941_r6888_c147_w151_h151",forte,954,227,5114,255849,0.807790008467,0.157218193804,0.263208718444,0.151548848292,0.000886455583499,0.979625701904
"methane_mobilenet_v3.xmodel","ang20190927t153023_r7101_c126_w151_h151",forte,0,226,1753,260165,0,0,0,0,0.000867925542741,0.992450714111
"methane_mobilenet_v3.xmodel","ang20190923t192543_r10448_c55_w151_h151",forte,2441,276,444,258983,0.898417372102,0.846100519931,0.871474473402,0.772223979753,0.00106457249314,0.997253417969
"methane_mobilenet_v3.xmodel","ang20190926t180335_r5137_c294_w151_h151",forte,1108,52,501,260483,0.955172413793,0.688626476072,0.800288912965,0.667068031306,0.000199589306619,0.997890472412
"methane_mobilenet_v3.xmodel","ang20191017t150903_r6794_c173_w151_h151",forte,20,1,26444,235679,0.952380952381,0.000755743651753,0.00151028884274,0.000755715095409,4.24304141208e-06,0.899120330811
"methane_mobilenet_v3.xmodel","ang20191016t145145_r6177_c468_w151_h151",forte,149,51,7,261937,0.745,0.955128205128,0.837078651685,0.719806763285,0.000194665404522,0.999778747559
"methane_mobilenet_v3.xmodel","ang20191010t192008_r3365_c296_w151_h151",forte,0,591,19,261534,0,0,0,0,0.00225464949928,0.997673034668
"methane_mobilenet_v3.xmodel","ang20191007t190840_r8232_c229_w151_h151",forte,153,393,84,261514,0.28021978022,0.645569620253,0.390804597701,0.242857142857,0.00150053263181,0.998180389404
"methane_mobilenet_v3.xmodel","ang20191022t194943_r11945_c1020_w151_h151",forte,653,173,73,261245,0.790556900726,0.899449035813,0.841494845361,0.726362625139,0.000661775394196,0.999061584473
"methane_mobilenet_v3.xmodel","ang20190926t185727_r2249_c72_w151_h151",forte,1403,332,38,260371,0.808645533141,0.973629424011,0.883501259446,0.791314156796,0.00127347978351,0.998588562012
"methane_mobilenet_v3.xmodel","ang20191016t155337_r3781_c466_w151_h151",forte,45,20,1,262078,0.692307692308,0.978260869565,0.810810810811,0.681818181818,7.63073354242e-05,0.999919891357
"methane_mobilenet_v3.xmodel","ang20190926t160016_r9568_c98_w151_h151",forte,706,97,957,260384,0.879202988792,0.424533974744,0.572587185726,0.401136363636,0.000372388005267,0.995979309082
"methane_mobilenet_v3.xmodel","ang20191011t181301_r11383_c341_w151_h151",forte,173,33,8,261930,0.839805825243,0.955801104972,0.894056847545,0.808411214953,0.000125971988411,0.999843597412
"methane_mobilenet_v3.xmodel","ang20190928t192731_r10149_c226_w151_h151",forte,530,396,12,261206,0.572354211663,0.977859778598,0.722070844687,0.565031982942,0.00151374989488,0.998443603516
"methane_mobilenet_v3.xmodel","ang20191008t165855_r11317_c252_w151_h151",forte,427,320,51,261346,0.571619812584,0.893305439331,0.697142857143,0.535087719298,0.00122293305206,0.998584747314
"methane_mobilenet_v3.xmodel","ang20191023t145837_r9154_c520_w151_h151",forte,403,22,3693,258026,0.948235294118,0.098388671875,0.178279141783,0.0978630403108,8.52554563492e-05,0.985828399658
"methane_mobilenet_v3.xmodel","ang20190926t172904_r6111_c198_w151_h151",forte,3297,411,6382,252054,0.889158576052,0.340634363054,0.49256741615,0.326759167493,0.0016279484285,0.974086761475
"methane_mobilenet_v3.xmodel","ang20191007t175016_r5614_c544_w151_h151",forte,234,37,28,261845,0.863468634686,0.893129770992,0.878048780488,0.782608695652,0.000141285006224,0.999752044678
"methane_mobilenet_v3.xmodel","ang20190927t173620_r11953_c121_w151_h151",forte,1322,148,79,260595,0.899319727891,0.943611705924,0.920933472658,0.853453841188,0.000567608718163,0.999134063721
"methane_mobilenet_v3.xmodel","ang20191022t181138_r1385_c251_w151_h151",forte,8501,1100,658,251885,0.885428601187,0.928158095862,0.906289978678,0.828638268837,0.00434808387849,0.993293762207
"methane_mobilenet_v3.xmodel","ang20191011t154103_r4577_c309_w151_h151",forte,1358,326,80,260380,0.806413301663,0.944367176634,0.869955156951,0.769841269841,0.00125045069926,0.99845123291
"methane_mobilenet_v3.xmodel","ang20191016t153826_r4970_c126_w151_h151",forte,252,69,265,261558,0.785046728972,0.487427466151,0.601431980907,0.430034129693,0.000263734247612,0.998725891113
"methane_mobilenet_v3.xmodel","ang20191016t181351_r8382_c309_w151_h151",forte,275,210,11,261648,0.567010309278,0.961538461538,0.713359273671,0.554435483871,0.000801961368375,0.999156951904
"methane_mobilenet_v3.xmodel","ang20191011t182731_r1569_c198_w151_h151",forte,178,23,70,261873,0.885572139303,0.717741935484,0.792873051225,0.656826568266,8.78211198338e-05,0.999645233154
"methane_mobilenet_v3.xmodel","ang20190926t193117_r8967_c212_w151_h151",forte,909,52,215,260968,0.945889698231,0.80871886121,0.871942446043,0.772959183673,0.000199218450693,0.99898147583
"methane_mobilenet_v3.xmodel","ang20190924t165836_r12262_c48_w151_h151",forte,263,66,9,261806,0.799392097264,0.966911764706,0.875207986689,0.778106508876,0.000252031526853,0.999713897705
"methane_mobilenet_v3.xmodel","ang20190924t174538_r9525_c70_w151_h151",forte,1026,171,372,260575,0.857142857143,0.733905579399,0.790751445087,0.653919694073,0.000655810635638,0.997928619385
"methane_mobilenet_v3.xmodel","ang20191016t145145_r9988_c209_w151_h151",forte,73,42,0,262029,0.634782608696,1,0.776595744681,0.634782608696,0.000160261913756,0.999839782715
"methane_mobilenet_v3.xmodel","ang20190922t194340_r1953_c438_w151_h151",forte,1127,76,1615,259326,0.936824605154,0.411013858497,0.571356147022,0.399929027679,0.000292981549872,0.993549346924
"methane_mobilenet_v3.xmodel","ang20191010t155034_r17229_c293_w151_h151",forte,577,152,193,261222,0.791495198903,0.749350649351,0.769846564376,0.625813449024,0.000581542157981,0.998683929443
"methane_mobilenet_v3.xmodel","ang20191011t154103_r8882_c570_w151_h151",forte,229,48,33,261834,0.826714801444,0.874045801527,0.849721706865,0.738709677419,0.000183288656723,0.999691009521
"methane_mobilenet_v3.xmodel","ang20190927t160700_r2050_c493_w151_h151",forte,211,38,7,261888,0.847389558233,0.967889908257,0.903640256959,0.82421875,0.000145079144491,0.999828338623
"methane_mobilenet_v3.xmodel","ang20191016t190528_r8841_c607_w151_h151",forte,534,79,251,261280,0.871125611746,0.68025477707,0.763948497854,0.618055555556,0.000302266231505,0.998741149902
"methane_mobilenet_v3.xmodel","ang20190927t194104_r2687_c139_w151_h151",forte,115,35,10,261984,0.766666666667,0.92,0.836363636364,0.71875,0.000133578099298,0.999828338623
"methane_mobilenet_v3.xmodel","ang20191011t172641_r6360_c318_w151_h151",forte,358,53,353,261380,0.87104622871,0.503516174402,0.638146167558,0.468586387435,0.000202728806233,0.99845123291
"methane_mobilenet_v3.xmodel","ang20191017t144928_r8472_c569_w151_h151",forte,0,0,11465,250679,0,0,0,0,0,0.95626449585
"methane_mobilenet_v3.xmodel","ang20191022t154405_r2909_c406_w151_h151",forte,1306,165,437,260236,0.887831407206,0.749282845668,0.81269446173,0.684486373166,0.000633638119669,0.997703552246
"methane_mobilenet_v3.xmodel","ang20191008t151045_r912_c452_w151_h151",forte,502,128,1117,260397,0.796825396825,0.310067943175,0.446420631392,0.287349742416,0.000491315612705,0.995250701904
"methane_mobilenet_v3.xmodel","ang20190923t190921_r4784_c487_w151_h151",forte,2221,207,49,259667,0.914744645799,0.978414096916,0.945508727118,0.896649172386,0.000796539861625,0.9990234375
"methane_mobilenet_v3.xmodel","ang20191016t145145_r9252_c461_w151_h151",forte,305,67,27,261745,0.819892473118,0.918674698795,0.866477272727,0.764411027569,0.000255908820069,0.999641418457
"methane_mobilenet_v3.xmodel","ang20191010t152203_r12659_c122_w151_h151",forte,168,38,514,261424,0.815533980583,0.24633431085,0.378378378378,0.233333333333,0.000145336607232,0.997894287109
"methane_mobilenet_v3.xmodel","ang20190927t192237_r9728_c425_w151_h151",forte,487,67,460,261130,0.879061371841,0.514255543823,0.648900732845,0.480276134122,0.000256511368814,0.997989654541
"methane_mobilenet_v3.xmodel","ang20190927t154855_r6809_c182_w151_h151",forte,103,0,13786,248255,1,0.00741594067247,0.014722698685,0.00741594067247,0,0.947410583496
"methane_mobilenet_v3.xmodel","ang20190926t223557_r4461_c372_w151_h151",forte,556,139,78,261371,0.8,0.876971608833,0.836719337848,0.719275549806,0.000531528431035,0.999172210693
"methane_mobilenet_v3.xmodel","ang20191006t153731_r2984_c74_w151_h151",forte,1728,308,328,259780,0.848722986248,0.84046692607,0.844574780059,0.730964467005,0.00118421457353,0.997573852539
"methane_mobilenet_v3.xmodel","ang20191011t194308_r4290_c195_w151_h151",forte,362,64,506,261212,0.849765258216,0.417050691244,0.559505409583,0.388412017167,0.000244951698587,0.997825622559
"methane_mobilenet_v3.xmodel","ang20190927t160700_r6815_c355_w151_h151",forte,3248,670,847,257379,0.82899438489,0.793162393162,0.810682640709,0.681636935992,0.00259640610892,0.994213104248
"methane_mobilenet_v3.xmodel","ang20191010t155034_r17231_c293_w151_h151",forte,553,150,217,261224,0.786628733997,0.718181818182,0.750848608282,0.601086956522,0.000573890287481,0.998600006104
"methane_mobilenet_v3.xmodel","ang20190927t182905_r2258_c142_w151_h151",forte,946,192,120,260886,0.831282952548,0.887429643527,0.858439201452,0.751987281399,0.000735412405488,0.998809814453
"methane_mobilenet_v3.xmodel","ang20190923t170747_r3502_c419_w151_h151",forte,1867,265,91,259921,0.875703564728,0.953524004086,0.912958435208,0.839856050382,0.00101850214846,0.998641967773
"methane_mobilenet_v3.xmodel","ang20190928t190948_r3706_c242_w151_h151",forte,682,94,29,261339,0.878865979381,0.959212376934,0.917283120377,0.847204968944,0.000359556750678,0.999530792236
"methane_mobilenet_v3.xmodel","ang20191008t172458_r15248_c287_w151_h151",forte,218,40,104,261782,0.84496124031,0.67701863354,0.751724137931,0.602209944751,0.000152775549801,0.999450683594
"methane_mobilenet_v3.xmodel","ang20191010t182147_r9145_c341_w151_h151",forte,106,26,123,261889,0.80303030303,0.46288209607,0.587257617729,0.41568627451,9.92688467633e-05,0.999431610107
"methane_mobilenet_v3.xmodel","ang20191022t151202_r2901_c413_w151_h151",forte,0,0,3347,258797,0,0,0,0,0,0.987232208252
"methane_mobilenet_v3.xmodel","ang20191022t175031_r6400_c441_w151_h151",forte,1560,100,8672,251812,0.939759036145,0.152462861611,0.262361251261,0.150987224158,0.000396964019181,0.966537475586
"methane_mobilenet_v3.xmodel","ang20190927t153023_r2097_c16_w151_h151",forte,1759,321,3871,256193,0.845673076923,0.31243339254,0.456290531777,0.295580574693,0.00125139368611,0.984008789062
"methane_mobilenet_v3.xmodel","ang20191011t154103_r2173_c178_w151_h151",forte,396,241,1420,260087,0.621664050235,0.218061674009,0.322869955157,0.192513368984,0.000925755201131,0.993663787842
"methane_mobilenet_v3.xmodel","ang20191010t193818_r5258_c337_w151_h151",forte,453,78,182,261431,0.853107344633,0.713385826772,0.777015437393,0.635343618513,0.000298268893231,0.999008178711
"methane_mobilenet_v3.xmodel","ang20191012t162223_r5562_c349_w151_h151",forte,159,87,80,261818,0.646341463415,0.665271966527,0.655670103093,0.48773006135,0.000332181516199,0.999362945557
"methane_mobilenet_v3.xmodel","ang20190928t190948_r8008_c591_w151_h151",forte,596,91,14,261443,0.867540029112,0.977049180328,0.919043947571,0.850213980029,0.000347947112039,0.999599456787
"methane_mobilenet_v3.xmodel","ang20191022t150110_r6897_c137_w151_h151",forte,0,0,1076,261068,0,0,0,0,0,0.995895385742
"methane_mobilenet_v3.xmodel","ang20191022t190019_r6346_c386_w151_h151",forte,0,0,34481,227663,0,0,0,0,0,0.868465423584
"methane_mobilenet_v3.xmodel","ang20191023t151141_r9647_c396_w151_h151",forte,2175,269,64,259636,0.889934533552,0.97141581063,0.928891736067,0.867224880383,0.00103499355534,0.998729705811
"methane_mobilenet_v3.xmodel","ang20191011t181301_r526_c290_w151_h151",forte,0,0,908,261236,0,0,0,0,0,0.996536254883
"methane_mobilenet_v3.xmodel","ang20191006t171344_r8193_c581_w151_h151",forte,61,14,9,262060,0.813333333333,0.871428571429,0.841379310345,0.72619047619,5.34200264048e-05,0.999912261963
"methane_mobilenet_v3.xmodel","ang20191022t162321_r1260_c408_w151_h151",forte,1325,160,25,260634,0.892255892256,0.981481481481,0.934744268078,0.877483443709,0.000613511047033,0.999294281006
"methane_mobilenet_v3.xmodel","ang20190923t194235_r10418_c544_w151_h151",forte,2189,186,1536,258233,0.921684210526,0.587651006711,0.717704918033,0.559703400665,0.00071976131786,0.993431091309
"methane_mobilenet_v3.xmodel","ang20190928t175550_r9174_c405_w151_h151",forte,1043,101,3100,257900,0.911713286713,0.251749939657,0.394552676376,0.24575871819,0.000391471350886,0.987789154053
"methane_mobilenet_v3.xmodel","ang20191022t162321_r4946_c446_w151_h151",forte,538,61,1921,259624,0.89816360601,0.218788125254,0.351863963375,0.213492063492,0.00023489997497,0.99243927002
"methane_mobilenet_v3.xmodel","ang20191022t183431_r1386_c516_w151_h151",forte,355,515,66,261208,0.408045977011,0.8432304038,0.549961270333,0.379273504274,0.00196772924046,0.997783660889
"methane_mobilenet_v3.xmodel","ang20191022t184525_r6382_c291_w151_h151",forte,229,44,4,261867,0.838827838828,0.982832618026,0.905138339921,0.826714801444,0.000167995998641,0.999816894531
"methane_mobilenet_v3.xmodel","ang20191022t172245_r1376_c518_w151_h151",forte,367,248,29,261500,0.59674796748,0.926767676768,0.726013847676,0.569875776398,0.000947476198481,0.998943328857
"methane_mobilenet_v3.xmodel","ang20191011t160043_r12279_c108_w151_h151",forte,698,163,175,261108,0.81068524971,0.799541809851,0.805074971165,0.673745173745,0.000623873296309,0.998710632324
"methane_mobilenet_v3.xmodel","ang20191006t182329_r9636_c338_w151_h151",forte,111,8,581,261444,0.932773109244,0.160404624277,0.273736128237,0.158571428571,3.05983507489e-05,0.997753143311
"methane_mobilenet_v3.xmodel","ang20191016t183045_r7208_c234_w151_h151",forte,0,1014,117,261013,0,0,0,0,0.00386983020834,0.995685577393
"methane_mobilenet_v3.xmodel","ang20191011t154103_r12233_c585_w151_h151",forte,1404,643,91,260006,0.685881778212,0.939130434783,0.792772444946,0.65668849392,0.00246691911344,0.997200012207
"methane_mobilenet_v3.xmodel","ang20190923t181729_r1984_c475_w151_h151",forte,1112,182,79,260771,0.859350850077,0.933669185558,0.894969818913,0.809905316824,0.000697443600955,0.999004364014
"methane_mobilenet_v3.xmodel","ang20191007t184008_r7400_c506_w151_h151",forte,543,119,60,261422,0.820241691843,0.900497512438,0.858498023715,0.752077562327,0.000454995583866,0.999317169189
"methane_mobilenet_v3.xmodel","ang20191017t170330_r3852_c44_w151_h151",forte,1162,712,605,259665,0.620064034152,0.657611771364,0.638286185114,0.468737394111,0.00273449651851,0.994976043701
"methane_mobilenet_v3.xmodel","ang20191017t161837_r104_c95_w151_h151",forte,496,98,35,261515,0.835016835017,0.934086629002,0.881777777778,0.788553259141,0.000374599121603,0.999492645264
"methane_mobilenet_v3.xmodel","ang20191011t174241_r403_c405_w151_h151",forte,195,44,13,261892,0.81589958159,0.9375,0.872483221477,0.77380952381,0.000167979964571,0.999782562256
"methane_mobilenet_v3.xmodel","ang20190923t170747_r3144_c180_w151_h151",forte,134,40,2,261968,0.770114942529,0.985294117647,0.864516129032,0.761363636364,0.000152667094135,0.999839782715
"methane_mobilenet_v3.xmodel","ang20191019t163936_r6711_c134_w151_h151",forte,484,45,1844,259771,0.914933837429,0.207903780069,0.338816940847,0.20396123051,0.000173199495027,0.992794036865
"methane_mobilenet_v3.xmodel","ang20191011t171218_r8732_c384_w151_h151",forte,239,48,162,261695,0.83275261324,0.596009975062,0.69476744186,0.532293986637,0.000183385993131,0.999198913574
"methane_mobilenet_v3.xmodel","ang20191010t193818_r13416_c120_w151_h151",forte,714,146,161,261123,0.83023255814,0.816,0.823054755043,0.699314397649,0.000558811033839,0.998828887939
"methane_mobilenet_v3.xmodel","ang20191007t190840_r9101_c215_w151_h151",forte,180,44,8,261912,0.803571428571,0.957446808511,0.873786407767,0.775862068966,0.00016796713952,0.999801635742
"methane_mobilenet_v3.xmodel","ang20190923t174142_r15306_c621_w151_h151",forte,543,45,63,261493,0.923469387755,0.89603960396,0.909547738693,0.834101382488,0.000172059127163,0.999588012695
"methane_mobilenet_v3.xmodel","ang20190927t181142_r11202_c266_w151_h151",forte,171,3,2476,259494,0.98275862069,0.0646014355875,0.121233605105,0.0645283018868,1.15608272928e-05,0.990543365479
"methane_mobilenet_v3.xmodel","ang20191008t165855_r9654_c48_w151_h151",forte,702,175,31,261236,0.800456100342,0.957708049113,0.872049689441,0.773127753304,0.000669443902514,0.999214172363
"methane_mobilenet_v3.xmodel","ang20191017t183448_r4279_c65_w151_h151",forte,1437,203,928,259576,0.876219512195,0.607610993658,0.717602996255,0.559579439252,0.000781433449201,0.995685577393
"methane_mobilenet_v3.xmodel","ang20191011t174241_r2478_c244_w151_h151",forte,428,229,56,261431,0.651445966514,0.884297520661,0.750219106047,0.600280504909,0.000875181533287,0.998912811279
"methane_mobilenet_v3.xmodel","ang20191019t160518_r1073_c233_w151_h151",forte,500,57,901,260686,0.897666068223,0.356887937188,0.510725229826,0.342935528121,0.000218606060374,0.99634552002
"methane_mobilenet_v3.xmodel","ang20191007t175016_r742_c418_w151_h151",forte,613,131,76,261324,0.823924731183,0.88969521045,0.855547801814,0.74756097561,0.000501042244363,0.999210357666
"methane_mobilenet_v3.xmodel","ang20190927t184620_r7541_c401_w151_h151",forte,0,0,495,261649,0,0,0,0,0,0.998111724854
"methane_mobilenet_v3.xmodel","ang20191023t151141_r9205_c186_w151_h151",forte,0,0,6947,255197,0,0,0,0,0,0.973499298096
"methane_mobilenet_v3.xmodel","ang20191010t192008_r8444_c339_w151_h151",forte,378,63,21,261682,0.857142857143,0.947368421053,0.9,0.818181818182,0.000240692276834,0.99967956543
"methane_mobilenet_v3.xmodel","ang20190926t174644_r3404_c97_w151_h151",forte,1317,681,67,260079,0.659159159159,0.951589595376,0.77882909521,0.637772397094,0.00261159687069,0.997146606445
"methane_mobilenet_v3.xmodel","ang20191006t182329_r9777_c254_w151_h151",forte,240,49,169,261686,0.83044982699,0.586797066015,0.687679083095,0.524017467249,0.000187212256672,0.999168395996
"methane_mobilenet_v3.xmodel","ang20191019t162211_r1073_c232_w151_h151",forte,636,109,790,260609,0.853691275168,0.446002805049,0.585905112851,0.414332247557,0.000418076235626,0.996570587158
"methane_mobilenet_v3.xmodel","ang20191019t145204_r3787_c202_w151_h151",forte,0,0,537,261607,0,0,0,0,0,0.997951507568
"methane_mobilenet_v3.xmodel","ang20191006t183904_r9558_c232_w151_h151",forte,160,29,4,261951,0.846560846561,0.975609756098,0.906515580737,0.829015544041,0.000110695472937,0.99987411499
"methane_mobilenet_v3.xmodel","ang20191011t174241_r1369_c499_w151_h151",forte,649,156,17,261322,0.806211180124,0.974474474474,0.88239292998,0.789537712895,0.000596608510085,0.999340057373
"methane_mobilenet_v3.xmodel","ang20190927t151239_r8627_c19_w151_h151",forte,4035,872,1241,255996,0.822294681068,0.764783927218,0.792497299421,0.656310995446,0.00339473971067,0.991939544678
"methane_mobilenet_v3.xmodel","ang20191019t164827_r7007_c179_w151_h151",forte,882,71,1101,260090,0.925498426023,0.444780635401,0.600817438692,0.429406037001,0.000272907930089,0.995529174805
"methane_mobilenet_v3.xmodel","ang20191011t175712_r2748_c214_w151_h151",forte,493,109,73,261469,0.818936877076,0.871024734982,0.844178082192,0.73037037037,0.000416701710388,0.999305725098
"methane_mobilenet_v3.xmodel","ang20191006t191332_r8717_c568_w151_h151",forte,154,24,34,261932,0.865168539326,0.81914893617,0.841530054645,0.72641509434,9.1618439738e-05,0.999778747559
"methane_mobilenet_v3.xmodel","ang20191006t185838_r6877_c192_w151_h151",forte,167,47,55,261875,0.780373831776,0.752252252252,0.766055045872,0.620817843866,0.00017944273486,0.999610900879
"methane_mobilenet_v3.xmodel","ang20191019t162211_r6712_c129_w151_h151",forte,1313,199,1588,259044,0.868386243386,0.452602550845,0.595060049853,0.423548387097,0.000767619569284,0.993183135986
"methane_mobilenet_v3.xmodel","ang20191016t152245_r10397_c218_w151_h151",forte,169,48,18,261909,0.778801843318,0.903743315508,0.836633663366,0.71914893617,0.000183236179984,0.99974822998
"methane_mobilenet_v3.xmodel","ang20191016t143714_r3056_c87_w151_h151",forte,41,5,1500,260598,0.891304347826,0.0266060999351,0.0516698172653,0.0265200517464,1.91862718388e-05,0.994258880615
"methane_mobilenet_v3.xmodel","ang20191022t190019_r6904_c397_w151_h151",forte,2698,146,2671,256629,0.948663853727,0.502514434718,0.657007183733,0.489211242067,0.000568591179048,0.989253997803
"methane_mobilenet_v3.xmodel","ang20191023t142135_r14078_c478_w151_h151",forte,660,90,183,261211,0.88,0.782918149466,0.828625235405,0.707395498392,0.000344430369574,0.998958587646
"methane_mobilenet_v3.xmodel","ang20191011t163647_r3757_c310_w151_h151",forte,15,0,5837,256292,1,0.00256322624744,0.00511334583262,0.00256322624744,0,0.977733612061
"methane_mobilenet_v3.xmodel","ang20191022t163722_r2878_c451_w151_h151",forte,1852,189,220,259883,0.90739833415,0.893822393822,0.900559202529,0.819106590004,0.000726721830878,0.998439788818
"methane_mobilenet_v3.xmodel","ang20191017t143318_r8763_c581_w151_h151",forte,0,0,1158,260986,0,0,0,0,0,0.995582580566
"methane_mobilenet_v3.xmodel","ang20191011t185825_r1311_c79_w151_h151",forte,485,82,490,261087,0.855379188713,0.497435897436,0.629053177691,0.458845789972,0.000313972944722,0.997817993164
"methane_mobilenet_v3.xmodel","ang20191017t182024_r2581_c205_w151_h151",forte,165,45,27,261907,0.785714285714,0.859375,0.820895522388,0.696202531646,0.000171787197655,0.999725341797
"methane_mobilenet_v3.xmodel","ang20191007t200647_r3963_c159_w151_h151",forte,1194,737,922,259291,0.618332470223,0.56427221172,0.590066716086,0.418506834911,0.00283431015121,0.993671417236
"methane_mobilenet_v3.xmodel","ang20191011t152413_r9481_c326_w151_h151",forte,247,54,218,261625,0.820598006645,0.531182795699,0.644908616188,0.47591522158,0.000206359700243,0.998962402344
"methane_mobilenet_v3.xmodel","ang20191011t175712_r6672_c132_w151_h151",forte,133,230,11,261770,0.366391184573,0.923611111111,0.524654832347,0.355614973262,0.00087786259542,0.999080657959
"methane_mobilenet_v3.xmodel","ang20190926t154314_r9475_c592_w151_h151",forte,816,195,75,261058,0.807121661721,0.915824915825,0.858044164038,0.75138121547,0.00074640291212,0.998970031738
"methane_mobilenet_v3.xmodel","ang20191022t190019_r3031_c431_w151_h151",forte,1692,75,2262,258115,0.957555178268,0.427921092564,0.591504981647,0.419955323902,0.000290483752275,0.99108505249
"methane_mobilenet_v3.xmodel","ang20191011t160043_r8918_c91_w151_h151",forte,189,46,22,261887,0.804255319149,0.895734597156,0.847533632287,0.735408560311,0.000175617428884,0.999740600586
"methane_mobilenet_v3.xmodel","ang20191008t160209_r5898_c517_w151_h151",forte,121,90,43,261890,0.57345971564,0.737804878049,0.645333333333,0.476377952756,0.000343537674632,0.999492645264
"methane_mobilenet_v3.xmodel","ang20191016t165454_r6700_c187_w151_h151",forte,447,115,5677,255905,0.79537366548,0.0729915088178,0.13371223452,0.071646097131,0.000449183657527,0.977905273438
"methane_mobilenet_v3.xmodel","ang20191022t162321_r3494_c460_w151_h151",forte,287,68,74,261715,0.808450704225,0.795013850416,0.801675977654,0.668997668998,0.000259757127086,0.999458312988
"methane_mobilenet_v3.xmodel","ang20191011t185825_r1553_c386_w151_h151",forte,280,39,28,261797,0.877742946708,0.909090909091,0.893141945774,0.806916426513,0.000148948196581,0.999744415283
"methane_mobilenet_v3.xmodel","ang20191019t161418_r6978_c183_w151_h151",forte,184,13,2047,259900,0.934010152284,0.0824742268041,0.151565074135,0.0819964349376,5.00167363695e-05,0.992141723633
"methane_mobilenet_v3.xmodel","ang20191016t152245_r2093_c108_w151_h151",forte,540,104,61,261439,0.83850931677,0.89850249584,0.867469879518,0.765957446809,0.000397640158597,0.999370574951
"methane_mobilenet_v3.xmodel","ang20191006t180341_r5236_c208_w151_h151",forte,0,0,3426,258718,0,0,0,0,0,0.986930847168
"methane_mobilenet_v3.xmodel","ang20191011t172641_r5907_c414_w151_h151",forte,563,145,9,261427,0.795197740113,0.984265734266,0.8796875,0.785216178522,0.000554340678666,0.999412536621
"methane_mobilenet_v3.xmodel","ang20190927t173620_r3817_c258_w151_h151",forte,322,25,11,261786,0.92795389049,0.966966966967,0.947058823529,0.899441340782,9.548873042e-05,0.999862670898
"methane_mobilenet_v3.xmodel","ang20191016t165454_r3889_c557_w151_h151",forte,698,81,12,261353,0.896020539153,0.983098591549,0.93754197448,0.882427307206,0.000309829631953,0.999645233154
"methane_mobilenet_v3.xmodel","ang20191019t163936_r1070_c236_w151_h151",forte,1513,239,201,260191,0.863584474886,0.882730455076,0.873052510098,0.774705581157,0.000917713013094,0.998321533203
"methane_mobilenet_v3.xmodel","ang20191016t184817_r8999_c125_w151_h151",forte,923,129,137,260955,0.877376425856,0.870754716981,0.874053030303,0.776282590412,0.000494093854851,0.998985290527
"methane_mobilenet_v3.xmodel","ang20191023t162847_r7610_c492_w151_h151",forte,1919,355,56,259814,0.843887423043,0.97164556962,0.903271357967,0.823605150215,0.00136449769188,0.998432159424
"methane_mobilenet_v3.xmodel","ang20191016t162417_r1290_c217_w151_h151",forte,2443,144,5628,253929,0.944337069965,0.302688638335,0.45843497842,0.297382836275,0.000566766244347,0.977981567383
"methane_mobilenet_v3.xmodel","ang20191011t185825_r8204_c158_w151_h151",forte,448,60,1027,260609,0.88188976378,0.303728813559,0.451840645487,0.291856677524,0.000230176967725,0.995853424072
"methane_mobilenet_v3.xmodel","ang20191017t170330_r3895_c90_w151_h151",forte,906,97,861,260280,0.903290129611,0.51273344652,0.654151624549,0.486051502146,0.000372536744797,0.99634552002
"methane_mobilenet_v3.xmodel","ang20191022t172245_r2610_c395_w151_h151",forte,1454,289,4089,256312,0.834193918531,0.262312826989,0.399121603074,0.249314128944,0.00112626217357,0.983299255371
"methane_mobilenet_v3.xmodel","ang20191019t155740_r7062_c414_w151_h151",forte,429,55,1114,260546,0.886363636364,0.278029812054,0.423285643809,0.26846057572,0.000211050609936,0.995540618896
"methane_mobilenet_v3.xmodel","ang20191017t164928_r389_c481_w151_h151",forte,725,158,153,261108,0.821064552661,0.825740318907,0.823395797842,0.699806949807,0.000604747651818,0.99881362915
"methane_mobilenet_v3.xmodel","ang20191022t151202_r1965_c338_w151_h151",forte,0,0,382,261762,0,0,0,0,0,0.998542785645
"methane_mobilenet_v3.xmodel","ang20191022t154405_r6601_c531_w151_h151",forte,1004,77,478,260585,0.928769657724,0.677462887989,0.783456886461,0.644002565747,0.000295401707959,0.997882843018
"methane_mobilenet_v3.xmodel","ang20191016t153826_r8208_c199_w151_h151",forte,0,255,668,261221,0,0,0,0,0.000975232908565,0.996479034424
"methane_mobilenet_v3.xmodel","ang20190923t174142_r9431_c547_w151_h151",forte,802,92,76,261174,0.897091722595,0.913439635535,0.905191873589,0.826804123711,0.000352131544097,0.999359130859
"methane_mobilenet_v3.xmodel","ang20191019t161418_r1203_c286_w151_h151",forte,436,47,728,260933,0.902691511387,0.374570446735,0.529447480267,0.360033030553,0.000180090428385,0.997043609619
"methane_mobilenet_v3.xmodel","ang20191006t191332_r4222_c393_w151_h151",forte,1044,1502,150,259448,0.410054988217,0.874371859296,0.558288770053,0.387240356083,0.00575589193332,0.993698120117
"methane_mobilenet_v3.xmodel","ang20190926t184029_r11413_c159_w151_h151",forte,1240,304,29,260571,0.80310880829,0.977147360126,0.881621045148,0.788302606484,0.00116530905606,0.998729705811
"methane_mobilenet_v3.xmodel","ang20190926t191417_r11115_c421_w151_h151",forte,1065,86,449,260544,0.925282363162,0.703434610304,0.799249530957,0.665625,0.000329969688831,0.997959136963
"methane_mobilenet_v3.xmodel","ang20191019t160518_r6709_c134_w151_h151",forte,426,61,3232,258425,0.874743326489,0.116457080372,0.205548854041,0.114546921215,0.000235989570035,0.987438201904
"methane_mobilenet_v3.xmodel","ang20191022t181138_r3978_c64_w151_h151",forte,507,63,134,261440,0.889473684211,0.790951638066,0.837324525186,0.720170454545,0.000240915018183,0.999248504639
"methane_mobilenet_v3.xmodel","ang20190928t190948_r3463_c508_w151_h151",forte,151,74,62,261857,0.671111111111,0.708920187793,0.689497716895,0.526132404181,0.000282517151464,0.999481201172
"methane_mobilenet_v3.xmodel","ang20191019t155740_r1286_c317_w151_h151",forte,449,43,789,260863,0.912601626016,0.36268174475,0.519075144509,0.350507416081,0.000164810314826,0.996826171875
"methane_mobilenet_v3.xmodel","ang20190922t194340_r5074_c444_w151_h151",forte,200,29,8,261907,0.873362445415,0.961538461538,0.91533180778,0.84388185654,0.000110714067558,0.999858856201
"methane_mobilenet_v3.xmodel","ang20191007t175016_r1376_c245_w151_h151",forte,0,0,132,262012,0,0,0,0,0,0.999496459961
"methane_mobilenet_v3.xmodel","ang20191022t172245_r3222_c491_w151_h151",forte,834,105,16,261189,0.888178913738,0.981176470588,0.932364449413,0.873298429319,0.000401846196239,0.999538421631
"methane_mobilenet_v3.xmodel","ang20191006t183904_r8739_c281_w151_h151",forte,586,41,75,261442,0.934609250399,0.886535552194,0.909937888199,0.834757834758,0.000156797956272,0.999557495117
"methane_mobilenet_v3.xmodel","ang20191022t172245_r2296_c338_w151_h151",forte,168,29,742,261205,0.852791878173,0.184615384615,0.30352303523,0.178913738019,0.000111011583485,0.997058868408
"methane_mobilenet_v3.xmodel","ang20191007t180411_r242_c360_w151_h151",forte,210,50,215,261669,0.807692307692,0.494117647059,0.613138686131,0.442105263158,0.000191044593629,0.998989105225
"methane_mobilenet_v3.xmodel","ang20191011t174241_r7242_c516_w151_h151",forte,388,65,21,261670,0.85651214128,0.948655256724,0.900232018561,0.818565400844,0.000248342789463,0.999671936035
"methane_mobilenet_v3.xmodel","ang20191023t155808_r10511_c37_w151_h151",forte,1264,151,42,260687,0.893286219081,0.967840735069,0.929070194781,0.867536032944,0.000578903380642,0.999263763428
"methane_mobilenet_v3.xmodel","ang20191011t172641_r2908_c427_w151_h151",forte,123,350,0,261671,0.260042283298,1,0.412751677852,0.260042283298,0.001335770797,0.998664855957
"methane_mobilenet_v3.xmodel","ang20191019t152610_r3873_c193_w151_h151",forte,0,0,565,261579,0,0,0,0,0,0.997844696045
"methane_mobilenet_v3.xmodel","ang20191008t165855_r13182_c90_w151_h151",forte,1029,162,67,260886,0.863979848866,0.938868613139,0.899868823787,0.817965023847,0.00062057552634,0.999126434326
"methane_mobilenet_v3.xmodel","ang20191011t175712_r6346_c50_w151_h151",forte,126,279,0,261739,0.311111111111,1,0.474576271186,0.311111111111,0.00106481234114,0.998935699463
"methane_mobilenet_v3.xmodel","ang20190926t193117_r8100_c232_w151_h151",forte,641,118,330,261055,0.844532279315,0.660144181256,0.741040462428,0.588613406795,0.000451807805554,0.998291015625
"methane_mobilenet_v3.xmodel","ang20191007t193705_r7017_c270_w151_h151",forte,3480,408,4581,253675,0.895061728395,0.431708224786,0.582475520964,0.410910379029,0.00160577449101,0.980968475342
"methane_mobilenet_v3.xmodel","ang20190923t190921_r7029_c212_w151_h151",forte,1652,95,6877,253520,0.945621064682,0.193692109274,0.321525885559,0.191558441558,0.000374583522268,0.973403930664
"methane_mobilenet_v3.xmodel","ang20191017t185057_r4238_c210_w151_h151",forte,496,155,483,261010,0.761904761905,0.506639427988,0.608588957055,0.437389770723,0.000593494534107,0.997566223145
"methane_mobilenet_v3.xmodel","ang20191022t184525_r851_c152_w151_h151",forte,513,781,83,260767,0.396445131376,0.860738255034,0.542857142857,0.372549019608,0.00298606756695,0.996704101562
"methane_mobilenet_v3.xmodel","ang20191019t151749_r3851_c242_w151_h151",forte,356,69,523,261196,0.837647058824,0.405005688282,0.546012269939,0.37552742616,0.000264099668919,0.997741699219
"methane_mobilenet_v3.xmodel","ang20191017t160033_r9358_c86_w151_h151",forte,2100,224,7490,252330,0.903614457831,0.21897810219,0.352526439483,0.213980028531,0.000886939030861,0.970573425293
"methane_mobilenet_v3.xmodel","ang20191022t194943_r16197_c776_w151_h151",forte,542,95,15,261492,0.850863422292,0.973070017953,0.907872696817,0.831288343558,0.000363167894429,0.999580383301
"methane_mobilenet_v3.xmodel","ang20190922t203229_r7371_c312_w151_h151",forte,1,1,29061,233081,0.5,3.44091941367e-05,6.88136526287e-05,3.44080101848e-05,4.29033559005e-06,0.889137268066
"methane_mobilenet_v3.xmodel","ang20190928t181405_r6351_c299_w151_h151",forte,663,85,43,261353,0.886363636364,0.939093484419,0.91196698762,0.838179519595,0.000325124886206,0.99951171875
"methane_mobilenet_v3.xmodel","ang20190922t192642_r6423_c113_w151_h151",forte,349,188,31,261576,0.64990689013,0.918421052632,0.761177753544,0.614436619718,0.000718204183921,0.999164581299
"methane_mobilenet_v3.xmodel","ang20191008t153517_r7561_c474_w151_h151",forte,43,108,1,261992,0.284768211921,0.977272727273,0.441025641026,0.282894736842,0.000412056466997,0.999584197998
"methane_mobilenet_v3.xmodel","ang20191006t183904_r9884_c569_w151_h151",forte,133,88,30,261893,0.601809954751,0.815950920245,0.692708333333,0.529880478088,0.000335902221917,0.999549865723
"methane_mobilenet_v3.xmodel","ang20191022t190019_r6299_c84_w151_h151",forte,0,0,30215,231929,0,0,0,0,0,0.884738922119
"methane_mobilenet_v3.xmodel","ang20191008t160209_r5967_c574_w151_h151",forte,19,262,145,261718,0.067615658363,0.115853658537,0.085393258427,0.0446009389671,0.00100007634171,0.998447418213
"methane_mobilenet_v3.xmodel","ang20190927t190436_r6480_c506_w151_h151",forte,159,84,10,261891,0.654320987654,0.940828402367,0.771844660194,0.628458498024,0.000320641282565,0.999641418457
"methane_mobilenet_v3.xmodel","ang20191008t172458_r8804_c224_w151_h151",forte,26,5,55,262058,0.838709677419,0.320987654321,0.464285714286,0.302325581395,1.90793816754e-05,0.999771118164
"methane_mobilenet_v3.xmodel","ang20191016t145145_r5096_c300_w151_h151",forte,13,230,211,261690,0.0534979423868,0.0580357142857,0.0556745182013,0.0286343612335,0.00087813072694,0.998317718506
"methane_mobilenet_v3.xmodel","ang20191006t150453_r4168_c237_w151_h151",forte,3310,302,2613,255919,0.916389811739,0.558838426473,0.694284216046,0.531726907631,0.00117866997631,0.988880157471
"methane_mobilenet_v3.xmodel","ang20191023t145837_r9504_c353_w151_h151",forte,0,0,6075,256069,0,0,0,0,0,0.976825714111
"methane_mobilenet_v3.xmodel","ang20190923t163307_r5958_c123_w151_h151",forte,151,560,6,261427,0.212376933896,0.96178343949,0.347926267281,0.21059972106,0.00213751063984,0.997840881348
"methane_mobilenet_v3.xmodel","ang20191006t164135_r11198_c363_w151_h151",forte,367,82,228,261467,0.817371937639,0.616806722689,0.7030651341,0.542097488922,0.000313516778883,0.998817443848
"methane_mobilenet_v3.xmodel","ang20191016t184817_r9016_c619_w151_h151",forte,274,51,270,261549,0.843076923077,0.503676470588,0.630609896433,0.460504201681,0.00019495412844,0.998775482178
"methane_mobilenet_v3.xmodel","ang20190923t185208_r3001_c276_w151_h151",forte,395,45,8497,253207,0.897727272727,0.0444219523167,0.0846549507072,0.0441982768267,0.000177688626348,0.967414855957
"methane_mobilenet_v3.xmodel","ang20191016t172526_r1632_c333_w151_h151",forte,58,15,1,262070,0.794520547945,0.983050847458,0.878787878788,0.783783783784,5.72333403285e-05,0.999938964844
"methane_mobilenet_v3.xmodel","ang20190928t183313_r6764_c114_w151_h151",forte,1798,582,61,259703,0.755462184874,0.967186659494,0.848313281434,0.736583367472,0.00223601052692,0.997547149658
"methane_mobilenet_v3.xmodel","ang20191017t163235_r5863_c421_w151_h151",forte,163,2319,10,259652,0.0656728444803,0.942196531792,0.122787193974,0.0654093097913,0.00885212485351,0.991115570068
"methane_mobilenet_v3.xmodel","ang20190926t174644_r4660_c175_w151_h151",forte,892,138,40,261074,0.866019417476,0.957081545064,0.909276248726,0.833644859813,0.000528306509655,0.999320983887
"methane_mobilenet_v3.xmodel","ang20191019t164827_r1228_c285_w151_h151",forte,553,83,1076,260432,0.869496855346,0.339472068754,0.488300220751,0.323014018692,0.000318599696755,0.995578765869
"methane_mobilenet_v3.xmodel","ang20191006t183904_r5785_c464_w151_h151",forte,50,6,6,262082,0.892857142857,0.892857142857,0.892857142857,0.806451612903,2.2893074082e-05,0.999954223633
"methane_mobilenet_v3.xmodel","ang20191019t155740_r6736_c262_w151_h151",forte,435,69,466,261174,0.863095238095,0.482796892342,0.619217081851,0.448453608247,0.000264121909487,0.997959136963
"methane_mobilenet_v3.xmodel","ang20190926t185727_r1703_c372_w151_h151",forte,192,32,4,261916,0.857142857143,0.979591836735,0.914285714286,0.842105263158,0.000122161650404,0.999862670898
"methane_mobilenet_v3.xmodel","ang20191019t182848_r3423_c266_w151_h151",fraca,608,210,181,261145,0.743276283619,0.770595690748,0.75668948351,0.608608608609,0.000803504811463,0.998508453369
"methane_mobilenet_v3.xmodel","ang20191022t165908_r1361_c422_w151_h151",fraca,180,70,27,261867,0.72,0.869565217391,0.787746170678,0.649819494585,0.000267239832479,0.999629974365
"methane_mobilenet_v3.xmodel","ang20191012t155942_r1395_c500_w151_h151",fraca,0,0,91,262053,0,0,0,0,0,0.999652862549
"methane_mobilenet_v3.xmodel","ang20191017t173348_r6534_c221_w151_h151",fraca,166,37,43,261898,0.817733990148,0.794258373206,0.805825242718,0.674796747967,0.000141256418577,0.999694824219
"methane_mobilenet_v3.xmodel","ang20191019t150925_r3870_c199_w151_h151",fraca,0,0,437,261707,0,0,0,0,0,0.998332977295
"methane_mobilenet_v3.xmodel","ang20191023t154154_r2212_c386_w151_h151",forte,2600,329,2074,257141,0.887674974394,0.556268720582,0.683940549783,0.519688187088,0.001277818775,0.990833282471
"methane_mobilenet_v3.xmodel","ang20191022t173357_r1714_c356_w151_h151",fraca,366,68,410,261300,0.84331797235,0.471649484536,0.604958677686,0.4336492891,0.000260169569343,0.998176574707
"methane_mobilenet_v3.xmodel","ang20191017t150903_r13213_c599_w151_h151",forte,2071,356,235,259482,0.853316852081,0.898091934085,0.875132051553,0.777986476334,0.00137008443723,0.997745513916
"methane_mobilenet_v3.xmodel","ang20191016t181351_r2486_c336_w151_h151",fraca,681,138,59,261266,0.831501831502,0.92027027027,0.873636946761,0.77562642369,0.000527918471026,0.999248504639
"methane_mobilenet_v3.xmodel","ang20191007t182352_r7110_c565_w151_h151",fraca,941,162,34,261007,0.853127833182,0.965128205128,0.905678537055,0.827616534741,0.000620288012743,0.999252319336
"methane_mobilenet_v3.xmodel","ang20191010t155034_r9718_c40_w151_h151",fraca,149,37,30,261928,0.801075268817,0.832402234637,0.816438356164,0.689814814815,0.000141240242017,0.999744415283
"methane_mobilenet_v3.xmodel","ang20191016t183045_r8868_c31_w151_h151",fraca,358,61,35,261690,0.854415274463,0.910941475827,0.881773399015,0.788546255507,0.000233045910044,0.999633789062
"methane_mobilenet_v3.xmodel","ang20190928t181405_r7180_c179_w151_h151",fraca,476,53,29,261586,0.899810964083,0.942574257426,0.920696324952,0.853046594982,0.000202569188844,0.999687194824
"methane_mobilenet_v3.xmodel","ang20190926t180335_r12854_c434_w151_h151",fraca,101,30,4,262009,0.770992366412,0.961904761905,0.85593220339,0.748148148148,0.000114486774869,0.999870300293
"methane_mobilenet_v3.xmodel","ang20191008t172458_r2271_c325_w151_h151",fraca,0,0,86,262058,0,0,0,0,0,0.999671936035
"methane_mobilenet_v3.xmodel","ang20190927t153023_r6716_c561_w151_h151",forte,1400,166,5465,255113,0.893997445722,0.203932993445,0.332107697782,0.199118190869,0.000650268921455,0.978519439697
"methane_mobilenet_v3.xmodel","ang20191011t175712_r4190_c93_w151_h151",fraca,416,50,44,261634,0.892703862661,0.904347826087,0.89848812095,0.81568627451,0.000191070145672,0.999641418457
"methane_mobilenet_v3.xmodel","ang20191016t171023_r5662_c534_w151_h151",fraca,864,206,66,261008,0.807476635514,0.929032258065,0.864,0.760563380282,0.000788625418239,0.998962402344
"methane_mobilenet_v3.xmodel","ang20190926t220008_r4696_c281_w151_h151",fraca,185,70,15,261874,0.725490196078,0.925,0.813186813187,0.685185185185,0.000267232690957,0.999675750732
"methane_mobilenet_v3.xmodel","ang20191022t143154_r3356_c748_w151_h151",forte,1143,213,235,260553,0.842920353982,0.82946298984,0.836137527432,0.718416090509,0.000816824279239,0.998291015625
"methane_mobilenet_v3.xmodel","ang20191016t152245_r5541_c285_w151_h151",fraca,340,96,607,261101,0.779816513761,0.359028511088,0.491684743312,0.32598274209,0.000367538677703,0.997318267822
"methane_mobilenet_v3.xmodel","ang20191006t160931_r7395_c398_w151_h151",fraca,672,183,145,261144,0.785964912281,0.822521419829,0.803827751196,0.672,0.00070027207292,0.998748779297
"methane_mobilenet_v3.xmodel","ang20190926t180335_r1642_c349_w151_h151",fraca,374,69,129,261572,0.844243792325,0.743538767396,0.790697674419,0.653846153846,0.000263720135606,0.999244689941
"methane_mobilenet_v3.xmodel","ang20190923t163307_r4113_c198_w151_h151",fraca,353,117,631,261043,0.751063829787,0.358739837398,0.485557083906,0.320617620345,0.000448001225302,0.997146606445
"methane_mobilenet_v3.xmodel","ang20190927t192237_r8612_c512_w151_h151",forte,478,47,4326,257293,0.910476190476,0.0995004163197,0.179395759054,0.0985363842507,0.000182637755499,0.983318328857
"methane_mobilenet_v3.xmodel","ang20191016t162417_r11186_c275_w151_h151",fraca,461,93,20,261570,0.832129963899,0.95841995842,0.890821256039,0.803135888502,0.000355418993132,0.999568939209
"methane_mobilenet_v3.xmodel","ang20191006t165608_r673_c64_w151_h151",fraca,361,37,24,261722,0.907035175879,0.937662337662,0.922094508301,0.855450236967,0.00014135139575,0.999767303467
"methane_mobilenet_v3.xmodel","ang20191023t165811_r10555_c522_w151_h151",forte,2026,398,845,258875,0.835808580858,0.705677464298,0.765250236072,0.619761394922,0.00153506149888,0.995258331299
"methane_mobilenet_v3.xmodel","ang20191017t143318_r9047_c228_w151_h151",forte,130,27,2717,259270,0.828025477707,0.0456621004566,0.08655126498,0.0452331245651,0.000104127699125,0.989532470703
"methane_mobilenet_v3.xmodel","ang20191007t195115_r11516_c181_w151_h151",fraca,54,16,65,262009,0.771428571429,0.453781512605,0.571428571429,0.4,6.10628756798e-05,0.999691009521
"methane_mobilenet_v3.xmodel","ang20191006t183904_r5393_c97_w151_h151",fraca,198,30,12,261904,0.868421052632,0.942857142857,0.904109589041,0.825,0.000114532668535,0.999839782715
"methane_mobilenet_v3.xmodel","ang20190928t183313_r6715_c41_w151_h151",forte,1789,543,70,259742,0.767152658662,0.962345346961,0.853734192317,0.744796003331,0.00208617476996,0.997661590576
"methane_mobilenet_v3.xmodel","ang20190926t182043_r12429_c322_w151_h151",fraca,92,33,3,262016,0.736,0.968421052632,0.836363636364,0.71875,0.000125930646558,0.999862670898
"methane_mobilenet_v3.xmodel","ang20191016t193637_r1311_c205_w151_h151",fraca,213,34,336,261561,0.862348178138,0.387978142077,0.535175879397,0.365351629503,0.000129971903133,0.998588562012
"methane_mobilenet_v3.xmodel","ang20190926t182043_r2258_c245_w151_h151",fraca,260,45,8,261831,0.852459016393,0.970149253731,0.907504363002,0.830670926518,0.000171837052651,0.999797821045
"methane_mobilenet_v3.xmodel","ang20190926t184029_r2205_c535_w151_h151",forte,2845,363,259,258677,0.886845386534,0.916559278351,0.901457541191,0.820594173637,0.00140132798023,0.997627258301
"methane_mobilenet_v3.xmodel","ang20191017t182024_r2076_c173_w151_h151",fraca,120,33,202,261789,0.78431372549,0.372670807453,0.505263157895,0.338028169014,0.000126039828586,0.999103546143
"methane_mobilenet_v3.xmodel","ang20191012t154800_r3870_c1399_w151_h151",fraca,0,0,101,262043,0,0,0,0,0,0.999614715576
"methane_mobilenet_v3.xmodel","ang20191016t162417_r2337_c13_w151_h151",forte,1945,317,83,259799,0.859858532272,0.959072978304,0.90675990676,0.829424307036,0.00121868704732,0.998474121094
"methane_mobilenet_v3.xmodel","ang20191016t153826_r7748_c125_w151_h151",forte,706,99,681,260658,0.87701863354,0.509012256669,0.644160583942,0.475100942127,0.00037966382494,0.997024536133
"methane_mobilenet_v3.xmodel","ang20191017t143318_r9463_c250_w151_h151",forte,462,177,703,260802,0.723004694836,0.396566523605,0.512195121951,0.344262295082,0.000678215488603,0.996643066406
"methane_mobilenet_v3.xmodel","ang20190927t151239_r8891_c128_w151_h151",forte,9507,1589,16172,234876,0.856795241528,0.370224697223,0.517036029912,0.348650432742,0.00671981054279,0.932247161865
"methane_mobilenet_v3.xmodel","ang20191006t155231_r3026_c497_w151_h151",forte,2630,268,1315,257931,0.907522429262,0.666666666667,0.768668712553,0.624258248279,0.00103795909357,0.993961334229
"methane_mobilenet_v3.xmodel","ang20191007t195115_r10270_c37_w151_h151",fraca,720,135,259,261030,0.842105263158,0.73544433095,0.785169029444,0.64631956912,0.000516914594222,0.998497009277
"methane_mobilenet_v3.xmodel","ang20190927t173620_r10796_c542_w151_h151",fraca,298,54,301,261491,0.846590909091,0.497495826377,0.626708727655,0.456355283308,0.0002064654266,0.998645782471
"methane_mobilenet_v3.xmodel","ang20191016t153826_r1379_c184_w151_h151",fraca,0,0,388,261756,0,0,0,0,0,0.998519897461
"methane_mobilenet_v3.xmodel","ang20191016t155337_r434_c90_w151_h151",forte,2361,412,189,259182,0.851424450054,0.925882352941,0.887093744129,0.797096556381,0.00158709369246,0.997707366943
"methane_mobilenet_v3.xmodel","ang20191016t162417_r2247_c531_w151_h151",forte,1840,288,346,259670,0.864661654135,0.841720036597,0.853036624942,0.743734842361,0.00110787127151,0.997581481934
"methane_mobilenet_v3.xmodel","ang20191007t200647_r10915_c606_w151_h151",fraca,198,33,84,261829,0.857142857143,0.702127659574,0.771929824561,0.628571428571,0.000126020575723,0.99955368042
"methane_mobilenet_v3.xmodel","ang20190926t184029_r1824_c307_w151_h151",forte,1868,199,128,259949,0.903725205612,0.935871743487,0.919517597834,0.851025056948,0.000764949182773,0.998752593994
"methane_mobilenet_v3.xmodel","ang20191013t192848_r3233_c79_w151_h151",forte,859,106,1615,259564,0.890155440415,0.347210994341,0.499563826694,0.332945736434,0.000408210420919,0.993434906006
"methane_mobilenet_v3.xmodel","ang20190926t152524_r7296_c498_w151_h151",fraca,276,61,34,261773,0.818991097923,0.890322580645,0.853168469861,0.743935309973,0.000232972035717,0.99963760376
"methane_mobilenet_v3.xmodel","ang20191013t192848_r3231_c76_w151_h151",forte,1073,154,1401,259516,0.874490627547,0.433710590137,0.579843285598,0.408295281583,0.000593060422844,0.994068145752
"methane_mobilenet_v3.xmodel","ang20191011t175712_r4487_c553_w151_h151",fraca,114,19,79,261932,0.857142857143,0.59067357513,0.699386503067,0.537735849057,7.25326492359e-05,0.999626159668
"methane_mobilenet_v3.xmodel","ang20190926t191417_r12888_c186_w151_h151",forte,685,110,783,260566,0.861635220126,0.466621253406,0.605391073796,0.434093789607,0.00042197977566,0.996593475342
"methane_mobilenet_v3.xmodel","ang20190924t165509_r1701_c451_w151_h151",forte,784,239,565,260556,0.766373411535,0.581171237954,0.661045531197,0.493702770781,0.000916428612512,0.996932983398
"methane_mobilenet_v3.xmodel","ang20190922t194340_r2642_c324_w151_h151",fraca,311,54,317,261462,0.852054794521,0.495222929936,0.62638469285,0.456011730205,0.000206488321938,0.998584747314
"methane_mobilenet_v3.xmodel","ang20191016t160914_r2265_c52_w151_h151",forte,1571,402,99,260072,0.796249366447,0.940718562874,0.862475981334,0.758204633205,0.00154334021822,0.99808883667
"methane_mobilenet_v3.xmodel","ang20191011t191345_r10576_c621_w151_h151",forte,568,78,1013,260485,0.879256965944,0.35926628716,0.510103277952,0.342374924653,0.000299351788243,0.995838165283
"methane_mobilenet_v3.xmodel","ang20191016t153826_r8086_c273_w151_h151",fraca,478,345,443,260878,0.580801944107,0.519001085776,0.548165137615,0.3775671406,0.00132071065718,0.996994018555
"methane_mobilenet_v3.xmodel","ang20191022t183431_r2737_c338_w151_h151",forte,1008,200,90,260846,0.834437086093,0.918032786885,0.874241110147,0.776579352851,0.000766148494901,0.998893737793
"methane_mobilenet_v3.xmodel","ang20191019t153454_r3851_c253_w151_h151",fraca,206,20,523,261395,0.911504424779,0.282578875171,0.431413612565,0.275033377837,7.65067038999e-05,0.997928619385
"methane_mobilenet_v3.xmodel","ang20191017t144928_r8854_c566_w151_h151",forte,921,204,360,260659,0.818666666667,0.718969555035,0.765586034913,0.620202020202,0.000782019680829,0.997848510742
"methane_mobilenet_v3.xmodel","ang20191011t182731_r7883_c390_w151_h151",fraca,311,46,141,261646,0.871148459384,0.688053097345,0.768850432633,0.624497991968,0.000175779160234,0.999286651611
"methane_mobilenet_v3.xmodel","ang20190926t160016_r9206_c85_w151_h151",fraca,204,34,30,261876,0.857142857143,0.871794871795,0.864406779661,0.761194029851,0.000129815585506,0.999755859375
"methane_mobilenet_v3.xmodel","ang20191017t150903_r3099_c488_w151_h151",fraca,440,143,432,261129,0.754716981132,0.504587155963,0.604810996564,0.433497536946,0.000547322330751,0.997806549072
"methane_mobilenet_v3.xmodel","ang20190926t193117_r7793_c333_w151_h151",fraca,780,119,112,261133,0.867630700779,0.874439461883,0.871021775544,0.771513353116,0.000455498905272,0.999118804932
"methane_mobilenet_v3.xmodel","ang20191016t163955_r6769_c182_w151_h151",fraca,414,151,9,261570,0.732743362832,0.978723404255,0.838056680162,0.721254355401,0.000576950263831,0.999389648438
"methane_mobilenet_v3.xmodel","ang20191016t190528_r9072_c384_w151_h151",fraca,83,14,587,261460,0.855670103093,0.123880597015,0.216427640156,0.12134502924,5.35426084429e-05,0.997707366943
"methane_mobilenet_v3.xmodel","ang20190926t171159_r775_c533_w151_h151",fraca,304,56,22,261762,0.844444444444,0.932515337423,0.886297376093,0.795811518325,0.000213889037423,0.999702453613
"methane_mobilenet_v3.xmodel","ang20191022t151202_r6600_c534_w151_h151",forte,1297,143,878,259826,0.900694444444,0.59632183908,0.717565698479,0.559534081104,0.000550065584743,0.996105194092
"methane_mobilenet_v3.xmodel","ang20191007t193705_r8017_c464_w151_h151",fraca,31,15,21,262077,0.673913043478,0.596153846154,0.632653061224,0.462686567164,5.72318117302e-05,0.999862670898
"methane_mobilenet_v3.xmodel","ang20191006t182329_r9647_c559_w151_h151",fraca,172,23,123,261826,0.882051282051,0.583050847458,0.702040816327,0.540880503145,8.78368830891e-05,0.999443054199
"methane_mobilenet_v3.xmodel","ang20191007t182352_r2873_c280_w151_h151",fraca,256,49,87,261752,0.839344262295,0.746355685131,0.79012345679,0.65306122449,0.000187165060485,0.999481201172
"methane_mobilenet_v3.xmodel","ang20190926t180335_r6486_c221_w151_h151",fraca,361,75,17,261691,0.827981651376,0.955026455026,0.886977886978,0.796909492274,0.000286515437452,0.999649047852
"methane_mobilenet_v3.xmodel","ang20191016t171023_r4585_c535_w151_h151",fraca,442,135,139,261428,0.766031195841,0.760757314974,0.763385146805,0.617318435754,0.000516128045633,0.998954772949
"methane_mobilenet_v3.xmodel","ang20191017t143318_r4889_c126_w151_h151",fraca,170,84,13,261877,0.669291338583,0.928961748634,0.778032036613,0.63670411985,0.00032065841862,0.999629974365
"methane_mobilenet_v3.xmodel","ang20191010t182147_r3340_c343_w151_h151",fraca,135,17,29,261963,0.888157894737,0.823170731707,0.854430379747,0.745856353591,6.48904496526e-05,0.999824523926
"methane_mobilenet_v3.xmodel","ang20190927t153023_r9123_c574_w151_h151",forte,8394,1477,27147,225126,0.850369770033,0.236177935342,0.369682022373,0.22675455184,0.0065180072638,0.890808105469
"methane_mobilenet_v3.xmodel","ang20190926t221757_r7279_c469_w151_h151",fraca,418,95,141,261490,0.814814814815,0.747763864043,0.779850746269,0.639143730887,0.000363170671101,0.999099731445
"methane_mobilenet_v3.xmodel","ang20191007t182352_r4062_c150_w151_h151",fraca,297,59,222,261566,0.834269662921,0.57225433526,0.678857142857,0.51384083045,0.000225513616818,0.998928070068
"methane_mobilenet_v3.xmodel","ang20191016t165454_r11626_c190_w151_h151",fraca,113,27,6,261998,0.807142857143,0.949579831933,0.872586872587,0.77397260274,0.00010304360271,0.99987411499
"methane_mobilenet_v3.xmodel","ang20191017t163235_r2177_c515_w151_h151",fraca,103,213,3,261825,0.325949367089,0.971698113208,0.488151658768,0.322884012539,0.000812859203627,0.999176025391
"methane_mobilenet_v3.xmodel","ang20191022t173357_r1586_c16_w151_h151",forte,701,192,789,260462,0.784994400896,0.470469798658,0.588334032732,0.416765755054,0.000736608684309,0.996257781982
"methane_mobilenet_v3.xmodel","ang20191022t154405_r5330_c81_w151_h151",forte,348,72,1035,260689,0.828571428571,0.251626898048,0.386023294509,0.239175257732,0.000276114909822,0.995777130127
"methane_mobilenet_v3.xmodel","ang20191023t151141_r8386_c150_w151_h151",forte,5943,476,1189,254536,0.925845147219,0.833286595625,0.877130839052,0.781151419558,0.00186657882766,0.993648529053
"methane_mobilenet_v3.xmodel","ang20190926t180335_r2957_c57_w151_h151",fraca,112,148,1,261883,0.430769230769,0.991150442478,0.600536193029,0.429118773946,0.000564818666494,0.999431610107
"methane_mobilenet_v3.xmodel","ang20191022t175031_r6343_c57_w151_h151",forte,1288,208,267,260381,0.860962566845,0.828295819936,0.844313339889,0.730572887124,0.000798191788602,0.998188018799
"methane_mobilenet_v3.xmodel","ang20190926t154314_r9104_c74_w151_h151",fraca,820,166,42,261116,0.831643002028,0.951276102088,0.887445887446,0.79766536965,0.000635328878377,0.999206542969
"methane_mobilenet_v3.xmodel","ang20191022t143154_r7282_c503_w151_h151",fraca,6,0,355,261783,1,0.016620498615,0.0326975476839,0.016620498615,0,0.998645782471
"methane_mobilenet_v3.xmodel","ang20191023t191942_r3519_c447_w151_h151",fraca,803,130,33,261178,0.860664523044,0.960526315789,0.907857546637,0.831262939959,0.000497497206362,0.999378204346
"methane_mobilenet_v3.xmodel","ang20190926t191417_r10036_c194_w151_h151",fraca,817,202,74,261051,0.801766437684,0.916947250281,0.855497382199,0.747483989021,0.000773196862811,0.998947143555
"methane_mobilenet_v3.xmodel","ang20191011t163647_r354_c83_w151_h151",fraca,234,54,18,261838,0.8125,0.928571428571,0.866666666667,0.764705882353,0.000206191865349,0.999725341797
"methane_mobilenet_v3.xmodel","ang20191006t191332_r2114_c180_w151_h151",forte,922,142,86,260994,0.866541353383,0.914682539683,0.889961389961,0.801739130435,0.000543777954782,0.999130249023
"methane_mobilenet_v3.xmodel","ang20191007t200647_r10362_c627_w151_h151",fraca,505,88,201,261350,0.851602023609,0.715297450425,0.777521170131,0.636020151134,0.00033659988219,0.99889755249
"methane_mobilenet_v3.xmodel","ang20191011t185825_r8145_c97_w151_h151",forte,1159,153,316,260516,0.883384146341,0.785762711864,0.831718693936,0.711916461916,0.0005869512677,0.998210906982
"methane_mobilenet_v3.xmodel","ang20191005t215301_r8757_c532_w151_h151",fraca,100,61,50,261933,0.621118012422,0.666666666667,0.64308681672,0.473933649289,0.00023282975946,0.999576568604
"methane_mobilenet_v3.xmodel","ang20190928t181405_r8846_c135_w151_h151",fraca,687,124,68,261265,0.847102342787,0.909933774834,0.877394636015,0.78156996587,0.000474388746275,0.999267578125
"methane_mobilenet_v3.xmodel","ang20191022t143154_r5314_c1047_w151_h151",fraca,120,53,259,261712,0.693641618497,0.316622691293,0.434782608696,0.277777777778,0.000202471682616,0.998809814453
"methane_mobilenet_v3.xmodel","ang20190927t153023_r2162_c181_w151_h151",forte,4827,1178,803,255336,0.803830141549,0.857371225577,0.829737859905,0.70901880141,0.00459234193845,0.992443084717
"methane_mobilenet_v3.xmodel","ang20191007t190840_r1369_c202_w151_h151",fraca,431,72,53,261588,0.856858846918,0.890495867769,0.873353596758,0.775179856115,0.000275166246274,0.999523162842
"methane_mobilenet_v3.xmodel","ang20191011t165345_r3599_c176_w151_h151",fraca,381,71,377,261315,0.842920353982,0.502638522427,0.629752066116,0.45958986731,0.000271628931924,0.998291015625
"methane_mobilenet_v3.xmodel","ang20191022t164918_r1507_c358_w151_h151",fraca,860,155,137,260992,0.847290640394,0.86258776329,0.854870775348,0.746527777778,0.000593535441724,0.998886108398
"methane_mobilenet_v3.xmodel","ang20191016t162417_r2322_c147_w151_h151",forte,1544,277,484,259839,0.847885777046,0.76134122288,0.802286308132,0.669848156182,0.00106490950191,0.997097015381
"methane_mobilenet_v3.xmodel","ang20191017t150903_r8845_c81_w151_h151",forte,530,70,3204,258340,0.883333333333,0.141938939475,0.244577757268,0.139327024185,0.000270887349561,0.987510681152
"methane_mobilenet_v3.xmodel","ang20191019t171416_r11067_c328_w151_h151",fraca,620,127,13,261384,0.829986613119,0.979462875197,0.898550724638,0.815789473684,0.000485639227413,0.999465942383
"methane_mobilenet_v3.xmodel","ang20190927t194104_r7290_c459_w151_h151",fraca,460,40,221,261423,0.92,0.675477239354,0.77900084674,0.638002773925,0.000152985317234,0.999004364014
"methane_mobilenet_v3.xmodel","ang20190926t160016_r12847_c313_w151_h151",fraca,790,211,128,261015,0.789210789211,0.860566448802,0.823345492444,0.699734278122,0.000807729705313,0.998706817627
"methane_mobilenet_v3.xmodel","ang20191016t195058_r346_c638_w151_h151",forte,1531,176,1526,258911,0.896895137668,0.500817795224,0.642737195634,0.473553974637,0.00067930849483,0.993507385254
"methane_mobilenet_v3.xmodel","ang20191017t143318_r9514_c463_w151_h151",forte,534,156,631,260823,0.773913043478,0.458369098712,0.575741239892,0.404239212718,0.000597749244192,0.996997833252
"methane_mobilenet_v3.xmodel","ang20190927t145113_r835_c88_w151_h151",forte,663,125,987,260369,0.841370558376,0.401818181818,0.543888433142,0.373521126761,0.000479857501516,0.995758056641
"methane_mobilenet_v3.xmodel","ang20191013t164602_r3340_c231_w151_h151",forte,2171,204,687,259082,0.914105263158,0.759622113366,0.829734377986,0.709013716525,0.000786775992533,0.996601104736
"methane_mobilenet_v3.xmodel","ang20190928t185111_r6871_c424_w151_h151",fraca,153,25,24,261942,0.859550561798,0.864406779661,0.861971830986,0.757425742574,9.54318673726e-05,0.999813079834
"methane_mobilenet_v3.xmodel","ang20191016t163955_r3985_c131_w151_h151",fraca,216,54,199,261675,0.8,0.520481927711,0.630656934307,0.460554371002,0.000206320277845,0.999034881592
"methane_mobilenet_v3.xmodel","ang20191022t162321_r6674_c142_w151_h151",fraca,790,139,33,261182,0.850376749193,0.959902794654,0.901826484018,0.821205821206,0.000531912858132,0.99934387207
"methane_mobilenet_v3.xmodel","ang20191012t154407_r1807_c59_w151_h151",fraca,1,0,152,261991,1,0.00653594771242,0.012987012987,0.00653594771242,0,0.999420166016
"methane_mobilenet_v3.xmodel","ang20190926t193117_r1329_c205_w151_h151",fraca,174,267,3,261700,0.394557823129,0.983050847458,0.563106796117,0.391891891892,0.00101921234354,0.998970031738
"methane_mobilenet_v3.xmodel","ang20191011t165345_r5573_c276_w151_h151",fraca,78,25,46,261995,0.757281553398,0.629032258065,0.687224669604,0.523489932886,9.54125639264e-05,0.999729156494
"methane_mobilenet_v3.xmodel","ang20190927t153023_r6341_c268_w151_h151",forte,4479,1227,450,255988,0.784963196635,0.908703590992,0.842313117066,0.727582846004,0.00477032832455,0.993602752686
"methane_mobilenet_v3.xmodel","ang20191011t181301_r3141_c49_w151_h151",forte,1575,177,5679,254713,0.89897260274,0.217121588089,0.349766822119,0.211949939443,0.000694417199576,0.977661132812
"methane_mobilenet_v3.xmodel","ang20190923t170747_r8630_c560_w151_h151",fraca,597,136,36,261375,0.81446111869,0.943127962085,0.874084919473,0.77633289987,0.000520054605734,0.99934387207
"methane_mobilenet_v3.xmodel","ang20191006t183904_r6303_c119_w151_h151",fraca,463,30,388,261263,0.939148073022,0.544065804935,0.688988095238,0.525539160045,0.000114813638329,0.998405456543
"methane_mobilenet_v3.xmodel","ang20191016t152245_r6006_c345_w151_h151",fraca,255,68,295,261526,0.789473684211,0.463636363636,0.584192439863,0.412621359223,0.000259944799957,0.998615264893
"methane_mobilenet_v3.xmodel","ang20191007t180411_r4476_c78_w151_h151",fraca,66,13,5,262060,0.835443037975,0.929577464789,0.88,0.785714285714,4.96044995097e-05,0.999931335449
"methane_mobilenet_v3.xmodel","ang20190926t184029_r11014_c285_w151_h151",fraca,282,34,12,261816,0.892405063291,0.959183673469,0.924590163934,0.859756097561,0.000129845331297,0.999824523926
"methane_mobilenet_v3.xmodel","ang20190923t183439_r13105_c371_w151_h151",fraca,621,148,12,261363,0.807542262679,0.981042654028,0.885877318117,0.795134443022,0.000565941776828,0.999389648438
"methane_mobilenet_v3.xmodel","ang20191007t180411_r7473_c341_w151_h151",fraca,126,558,182,261278,0.184210526316,0.409090909091,0.254032258065,0.145496535797,0.00213110496647,0.997177124023
"methane_mobilenet_v3.xmodel","ang20191007t184008_r2619_c339_w151_h151",fraca,99,23,328,261694,0.811475409836,0.231850117096,0.360655737705,0.22,8.78811846384e-05,0.99866104126
"methane_mobilenet_v3.xmodel","ang20191008t165855_r5992_c1_w151_h151",fraca,299,61,15,261769,0.830555555556,0.952229299363,0.887240356083,0.797333333333,0.000232975594852,0.999710083008
"methane_mobilenet_v3.xmodel","ang20191006t185838_r8904_c97_w151_h151",fraca,106,16,68,261954,0.868852459016,0.609195402299,0.716216216216,0.557894736842,6.10756956903e-05,0.99967956543
"methane_mobilenet_v3.xmodel","ang20190926t163428_r5577_c404_w151_h151",forte,2149,355,124,259516,0.858226837061,0.945446546414,0.899727862675,0.817732115677,0.00136606239249,0.99817276001
"methane_mobilenet_v3.xmodel","ang20191007t200647_r540_c477_w151_h151",fraca,0,0,954,261190,0,0,0,0,0,0.996360778809
"methane_mobilenet_v3.xmodel","ang20191010t192008_r3313_c356_w151_h151",fraca,0,0,19,262125,0,0,0,0,0,0.999927520752
"methane_mobilenet_v3.xmodel","ang20191007t184008_r2975_c285_w151_h151",fraca,158,34,315,261637,0.822916666667,0.334038054968,0.475187969925,0.311637080868,0.000129934153957,0.998668670654
"methane_mobilenet_v3.xmodel","ang20191022t172245_r2586_c225_w151_h151",forte,409,47,1483,260205,0.896929824561,0.216173361522,0.348381601363,0.210933470861,0.00018059419332,0.994163513184
"methane_mobilenet_v3.xmodel","ang20191011t161719_r6115_c144_w151_h151",fraca,51,4,105,261984,0.927272727273,0.326923076923,0.483412322275,0.31875,1.52678748645e-05,0.999584197998
"methane_mobilenet_v3.xmodel","ang20191006t183904_r10569_c449_w151_h151",fraca,133,31,5,261975,0.810975609756,0.963768115942,0.880794701987,0.786982248521,0.000118317901117,0.999862670898
"methane_mobilenet_v3.xmodel","ang20191022t175031_r6353_c295_w151_h151",forte,9840,4595,1267,246442,0.681676480776,0.885927793284,0.770495654217,0.626671761559,0.0183040746982,0.977638244629
"methane_mobilenet_v3.xmodel","ang20191011t172641_r179_c220_w151_h151",fraca,69,6,140,261929,0.92,0.33014354067,0.485915492958,0.320930232558,2.29064462558e-05,0.999443054199
"methane_mobilenet_v3.xmodel","ang20191016t153826_r1356_c178_w151_h151",fraca,16,4,354,261770,0.8,0.0432432432432,0.0820512820513,0.0427807486631,1.52803563379e-05,0.998634338379
"methane_mobilenet_v3.xmodel","ang20190923t174142_r9678_c231_w151_h151",fraca,834,195,9,261106,0.810495626822,0.989323843416,0.891025641026,0.803468208092,0.000746265800743,0.999221801758
"methane_mobilenet_v3.xmodel","ang20191017t152518_r13050_c28_w151_h151",forte,16499,3472,376,241797,0.826147914476,0.977718518519,0.895565325951,0.810881210989,0.0141558859864,0.985321044922
"methane_mobilenet_v3.xmodel","ang20190923t181729_r13645_c146_w151_h151",fraca,421,170,3,261550,0.712351945854,0.992924528302,0.829556650246,0.708754208754,0.000649549136482,0.999340057373
"methane_mobilenet_v3.xmodel","ang20191017t143318_r8893_c327_w151_h151",forte,672,149,2540,258783,0.818514007308,0.209215442092,0.333250681875,0.199940493901,0.000575440656234,0.989742279053
"methane_mobilenet_v3.xmodel","ang20191019t181857_r7183_c429_w151_h151",fraca,510,92,459,261083,0.847176079734,0.526315789474,0.649267982177,0.48067860509,0.000352254235666,0.997898101807
"methane_mobilenet_v3.xmodel","ang20191011t161719_r5682_c416_w151_h151",fraca,91,24,53,261976,0.791304347826,0.631944444444,0.702702702703,0.541666666667,9.16030534351e-05,0.999706268311
"methane_mobilenet_v3.xmodel","ang20191007t195115_r7694_c541_w151_h151",fraca,59,7,101,261977,0.893939393939,0.36875,0.522123893805,0.353293413174,2.67191889581e-05,0.999588012695
"methane_mobilenet_v3.xmodel","ang20191006t172739_r6883_c446_w151_h151",forte,556,153,455,260980,0.784203102962,0.549950544016,0.646511627907,0.477663230241,0.000585908330238,0.997680664062
"methane_mobilenet_v3.xmodel","ang20190926t191417_r7600_c530_w151_h151",fraca,218,24,63,261839,0.900826446281,0.775800711744,0.833652007648,0.714754098361,9.16509778014e-05,0.999668121338
"methane_mobilenet_v3.xmodel","ang20191017t183448_r2833_c207_w151_h151",fraca,42,17,245,261840,0.71186440678,0.146341463415,0.242774566474,0.138157894737,6.4920930126e-05,0.999000549316
"methane_mobilenet_v3.xmodel","ang20191006t172739_r2847_c436_w151_h151",forte,2024,375,334,259411,0.843684868695,0.858354537744,0.85095648518,0.740578119283,0.00144349580039,0.997295379639
"methane_mobilenet_v3.xmodel","ang20191007t184008_r2727_c199_w151_h151",fraca,328,96,499,261221,0.77358490566,0.39661426844,0.524380495604,0.355362946912,0.000367369899394,0.997730255127
"methane_mobilenet_v3.xmodel","ang20190928t193847_r4815_c480_w151_h151",fraca,35,11,99,261999,0.760869565217,0.261194029851,0.388888888889,0.241379310345,4.19831304149e-05,0.999580383301
"methane_mobilenet_v3.xmodel","ang20190927t190436_r8129_c169_w151_h151",fraca,240,41,293,261570,0.85409252669,0.450281425891,0.589680589681,0.418118466899,0.000156721238786,0.998725891113
"methane_mobilenet_v3.xmodel","ang20190926t191417_r1772_c223_w151_h151",forte,2804,296,199,258845,0.904516129032,0.933732933733,0.918892348026,0.849954531676,0.00114223530819,0.998111724854
"methane_mobilenet_v3.xmodel","ang20191010t152203_r15617_c225_w151_h151",fraca,87,41,7,262009,0.6796875,0.925531914894,0.783783783784,0.644444444444,0.000156458691089,0.999816894531
"methane_mobilenet_v3.xmodel","ang20191016t150743_r8540_c205_w151_h151",fraca,0,8,1,262135,0,0,0,0,3.05176945408e-05,0.999965667725
"methane_mobilenet_v3.xmodel","ang20191011t184311_r7918_c580_w151_h151",fraca,134,32,48,261930,0.807228915663,0.736263736264,0.770114942529,0.626168224299,0.000122155121735,0.999694824219
"methane_mobilenet_v3.xmodel","ang20191007t180411_r8343_c334_w151_h151",fraca,139,46,11,261948,0.751351351351,0.926666666667,0.829850746269,0.709183673469,0.000175576539921,0.999782562256
"methane_mobilenet_v3.xmodel","ang20191005t210402_r2602_c488_w151_h151",fraca,89,21,13,262021,0.809090909091,0.872549019608,0.839622641509,0.723577235772,8.01398249136e-05,0.999870300293
"methane_mobilenet_v3.xmodel","ang20191017t161837_r6209_c247_w151_h151",forte,1239,135,127,260643,0.901746724891,0.907027818448,0.904379562044,0.8254497002,0.000517681706279,0.999000549316
"methane_mobilenet_v3.xmodel","ang20191006t182329_r7678_c336_w151_h151",fraca,8,86,124,261926,0.0851063829787,0.0606060606061,0.070796460177,0.0366972477064,0.000328229241409,0.999198913574
"methane_mobilenet_v3.xmodel","ang20191017t183448_r7319_c440_w151_h151",fraca,418,66,518,261142,0.863636363636,0.446581196581,0.588732394366,0.417165668663,0.000252672199933,0.997772216797
"methane_mobilenet_v3.xmodel","ang20191017t150903_r3005_c424_w151_h151",fraca,598,246,274,261026,0.708530805687,0.685779816514,0.69696969697,0.53488372093,0.000941547506047,0.998016357422
"methane_mobilenet_v3.xmodel","ang20191010t161700_r7551_c0_w151_h151",fraca,209,96,22,261817,0.685245901639,0.904761904762,0.779850746269,0.639143730887,0.000366533925387,0.999549865723
"methane_mobilenet_v3.xmodel","ang20191008t190449_r8485_c615_w151_h151",fraca,86,374,18,261666,0.186956521739,0.826923076923,0.304964539007,0.179916317992,0.00142726301328,0.998504638672
"methane_mobilenet_v3.xmodel","ang20190927t192237_r7830_c232_w151_h151",fraca,0,0,209,261935,0,0,0,0,0,0.999202728271
"methane_mobilenet_v3.xmodel","ang20190926t221757_r11914_c644_w151_h151",fraca,121,35,21,261967,0.775641025641,0.852112676056,0.812080536913,0.683615819209,0.000133586766513,0.999786376953
"methane_mobilenet_v3.xmodel","ang20191017t170330_r6636_c139_w151_h151",fraca,316,104,22,261702,0.752380952381,0.934911242604,0.833773087071,0.714932126697,0.000397240704949,0.999519348145
"methane_mobilenet_v3.xmodel","ang20191011t185825_r1341_c130_w151_h151",forte,688,195,504,260757,0.779161947905,0.577181208054,0.66313253012,0.496034607066,0.000747263864619,0.997333526611
"methane_mobilenet_v3.xmodel","ang20191022t173357_r862_c86_w151_h151",forte,9890,1940,9571,240743,0.836010143702,0.508195878937,0.632130644594,0.462127937947,0.007993967439,0.956089019775
"methane_mobilenet_v3.xmodel","ang20191011t182731_r2234_c17_w151_h151",fraca,106,16,39,261983,0.868852459016,0.731034482759,0.794007490637,0.658385093168,6.10689353776e-05,0.99979019165
"methane_mobilenet_v3.xmodel","ang20191006t171344_r11295_c136_w151_h151",fraca,135,24,5,261980,0.849056603774,0.964285714286,0.903010033445,0.823170731707,9.16016549366e-05,0.999889373779
"methane_mobilenet_v3.xmodel","ang20191019t171416_r1650_c325_w151_h151",fraca,240,52,20,261832,0.821917808219,0.923076923077,0.869565217391,0.769230769231,0.000198561195033,0.999725341797
"methane_mobilenet_v3.xmodel","ang20190924t193726_r2271_c283_w151_h151",forte,1477,137,2317,258213,0.91511771995,0.389298892989,0.546227810651,0.375731366065,0.000530288368492,0.99063873291
"methane_mobilenet_v3.xmodel","ang20191017t183448_r4263_c115_w151_h151",fraca,181,34,9,261920,0.841860465116,0.952631578947,0.893827160494,0.808035714286,0.000129793780587,0.999835968018
"methane_mobilenet_v3.xmodel","ang20190926t163428_r3651_c282_w151_h151",forte,1989,168,1062,258925,0.922114047288,0.65191740413,0.763824884793,0.617893755825,0.000648415819802,0.995307922363
"methane_mobilenet_v3.xmodel","ang20191007t180411_r8333_c435_w151_h151",fraca,127,47,23,261947,0.729885057471,0.846666666667,0.783950617284,0.644670050761,0.000179393421223,0.999732971191
"methane_mobilenet_v3.xmodel","ang20191008t165855_r16764_c566_w151_h151",fraca,77,27,0,262040,0.740384615385,1,0.850828729282,0.740384615385,0.000103027088493,0.999897003174
"methane_mobilenet_v3.xmodel","ang20191022t164918_r3781_c445_w151_h151",fraca,259,61,71,261753,0.809375,0.784848484848,0.796923076923,0.662404092072,0.000232989832476,0.999496459961
"methane_mobilenet_v3.xmodel","ang20191016t172526_r4916_c28_w151_h151",fraca,716,108,210,261110,0.868932038835,0.773218142549,0.818285714286,0.692456479691,0.000413447771593,0.99878692627
"methane_mobilenet_v3.xmodel","ang20191022t150110_r1541_c384_w151_h151",fraca,639,100,355,261050,0.864682002706,0.642857142857,0.737449509521,0.584095063985,0.000382921692514,0.998264312744
"methane_mobilenet_v3.xmodel","ang20191017t163235_r8530_c81_w151_h151",fraca,448,54,127,261515,0.892430278884,0.779130434783,0.831940575673,0.712241653418,0.000206446482572,0.999309539795
"methane_mobilenet_v3.xmodel","ang20191016t165454_r399_c429_w151_h151",forte,1247,304,512,260081,0.803997421019,0.708925525867,0.753474320242,0.604459524964,0.00116750196824,0.996887207031
"methane_mobilenet_v3.xmodel","ang20190926t163428_r10145_c601_w151_h151",fraca,98,15,7,262024,0.867256637168,0.933333333333,0.899082568807,0.816666666667,5.72433874347e-05,0.99991607666
"methane_mobilenet_v3.xmodel","ang20191007t180411_r238_c97_w151_h151",fraca,146,38,292,261668,0.79347826087,0.333333333333,0.469453376206,0.306722689076,0.000145201103528,0.998741149902
"methane_mobilenet_v3.xmodel","ang20190928t190948_r9684_c338_w151_h151",fraca,166,57,4,261917,0.744394618834,0.976470588235,0.844783715013,0.73127753304,0.000217578843702,0.999767303467
"methane_mobilenet_v3.xmodel","ang20190923t163307_r2796_c346_w151_h151",fraca,96,20,20,262008,0.827586206897,0.827586206897,0.827586206897,0.705882352941,7.63277207016e-05,0.999847412109
"methane_mobilenet_v3.xmodel","ang20191022t172245_r770_c271_w151_h151",fraca,454,68,39,261583,0.869731800766,0.920892494929,0.894581280788,0.80926916221,0.000259888171648,0.999591827393
"methane_mobilenet_v3.xmodel","ang20190923t174142_r13784_c155_w151_h151",fraca,164,23,15,261942,0.877005347594,0.916201117318,0.896174863388,0.811881188119,8.77979882809e-05,0.999855041504
"methane_mobilenet_v3.xmodel","ang20191022t184525_r1727_c394_w151_h151",forte,918,181,192,260853,0.835304822566,0.827027027027,0.831145314622,0.711076684741,0.000693396262556,0.99857711792
"methane_mobilenet_v3.xmodel","ang20191022t194233_r2576_c381_w151_h151",forte,2238,438,277,259191,0.836322869955,0.88986083499,0.862261606627,0.757873349136,0.00168702263615,0.997272491455
"methane_mobilenet_v3.xmodel","ang20191016t150743_r4301_c153_w151_h151",fraca,112,33,89,261910,0.772413793103,0.557213930348,0.647398843931,0.478632478632,0.000125981606685,0.999534606934
"methane_mobilenet_v3.xmodel","ang20191016t162417_r4609_c154_w151_h151",forte,2098,323,1665,258058,0.866584056175,0.557533882541,0.678525226391,0.513460597161,0.00125009191852,0.992416381836
"methane_mobilenet_v3.xmodel","ang20191011t181301_r4604_c79_w151_h151",fraca,462,58,364,261260,0.888461538462,0.559322033898,0.686478454681,0.522624434389,0.000221951798192,0.998390197754
"methane_mobilenet_v3.xmodel","ang20191006t164135_r10351_c112_w151_h151",forte,742,146,365,260891,0.835585585586,0.670280036134,0.743859649123,0.59217877095,0.000559307684351,0.998050689697
"methane_mobilenet_v3.xmodel","ang20191022t151202_r5332_c83_w151_h151",fraca,238,415,262,261229,0.364471669219,0.476,0.412836079792,0.260109289617,0.00158612465793,0.997417449951
"methane_mobilenet_v3.xmodel","ang20191016t145145_r4191_c139_w151_h151",fraca,192,20,472,261460,0.905660377358,0.289156626506,0.438356164384,0.280701754386,7.64876854826e-05,0.998123168945
"methane_mobilenet_v3.xmodel","ang20191017t171949_r4650_c228_w151_h151",fraca,455,173,14,261502,0.724522292994,0.970149253731,0.829535095716,0.708722741433,0.000661125441865,0.999286651611
"methane_mobilenet_v3.xmodel","ang20191016t145145_r6688_c484_w151_h151",fraca,99,33,3,262009,0.75,0.970588235294,0.846153846154,0.733333333333,0.000125934010578,0.999862670898
"methane_mobilenet_v3.xmodel","ang20190926t172904_r6224_c63_w151_h151",forte,14385,1574,2271,243914,0.901372266433,0.863652737752,0.882109458838,0.789083927592,0.00641171869908,0.985332489014
"methane_mobilenet_v3.xmodel","ang20191016t153826_r8007_c472_w151_h151",fraca,624,201,108,261211,0.756363636364,0.852459016393,0.801541425819,0.668810289389,0.000768901198109,0.998821258545
"methane_mobilenet_v3.xmodel","ang20191016t153826_r10114_c552_w151_h151",fraca,170,49,5,261920,0.776255707763,0.971428571429,0.862944162437,0.758928571429,0.000187045032046,0.999794006348
"methane_mobilenet_v3.xmodel","ang20190927t151239_r8961_c230_w151_h151",forte,9974,1102,15449,235619,0.900505597689,0.392321913228,0.546535521521,0.37602262017,0.00465526928325,0.936862945557
"methane_mobilenet_v3.xmodel","ang20191008t165855_r992_c271_w151_h151",fraca,126,26,29,261963,0.828947368421,0.812903225806,0.820846905537,0.696132596685,9.92408078202e-05,0.99979019165
"methane_mobilenet_v3.xmodel","ang20191011t172641_r290_c384_w151_h151",fraca,101,15,108,261920,0.870689655172,0.483253588517,0.621538461538,0.450892857143,5.72661156394e-05,0.999530792236
"methane_mobilenet_v3.xmodel","ang20191017t170330_r2523_c49_w151_h151",fraca,90,15,485,261554,0.857142857143,0.15652173913,0.264705882353,0.152542372881,5.7346245159e-05,0.998092651367
"methane_mobilenet_v3.xmodel","ang20191013t171742_r7030_c293_w151_h151",fraca,292,59,8,261785,0.831908831909,0.973333333333,0.89708141321,0.813370473538,0.000225325002673,0.999744415283
"methane_mobilenet_v3.xmodel","ang20191007t201917_r11140_c1504_w151_h151",fraca,17,3,1,262123,0.85,0.944444444444,0.894736842105,0.809523809524,1.14448776543e-05,0.999984741211
"methane_mobilenet_v3.xmodel","ang20191006t171344_r6499_c59_w151_h151",fraca,549,84,243,261268,0.867298578199,0.693181818182,0.770526315789,0.626712328767,0.000321405613885,0.998752593994
"methane_mobilenet_v3.xmodel","ang20190926t154314_r7388_c121_w151_h151",fraca,487,85,49,261523,0.851398601399,0.908582089552,0.879061371841,0.78421900161,0.000324913611205,0.999488830566
"methane_mobilenet_v3.xmodel","ang20191023t151141_r8860_c432_w151_h151",forte,7725,891,5861,247667,0.896587743733,0.568600029442,0.695883253761,0.533605028666,0.00358467641355,0.974243164062
"methane_mobilenet_v3.xmodel","ang20190922t192642_r4034_c360_w151_h151",fraca,92,45,2,262005,0.671532846715,0.978723404255,0.796536796537,0.661870503597,0.000171722953635,0.999820709229
"methane_mobilenet_v3.xmodel","ang20190923t172416_r12122_c231_w151_h151",fraca,196,98,246,261604,0.666666666667,0.443438914027,0.532608695652,0.362962962963,0.000374471727385,0.998687744141
"methane_mobilenet_v3.xmodel","ang20191006t180341_r12854_c530_w151_h151",fraca,87,23,4,262030,0.790909090909,0.956043956044,0.865671641791,0.763157894737,8.77685048444e-05,0.999897003174
"methane_mobilenet_v3.xmodel","ang20191007t200647_r3826_c309_w151_h151",forte,1891,741,225,259287,0.718465045593,0.893667296786,0.796545914069,0.661883094155,0.00284969310997,0.996315002441
"methane_mobilenet_v3.xmodel","ang20191019t175004_r6836_c572_w151_h151",fraca,610,100,258,261176,0.859154929577,0.702764976959,0.773130544994,0.630165289256,0.000382737029042,0.998634338379
"methane_mobilenet_v3.xmodel","ang20191006t180341_r4754_c553_w151_h151",fraca,320,82,13,261729,0.796019900498,0.960960960961,0.87074829932,0.771084337349,0.000313203035778,0.99963760376
"methane_mobilenet_v3.xmodel","ang20190926t182043_r1646_c560_w151_h151",fraca,596,75,15,261458,0.888226527571,0.975450081833,0.929797191888,0.868804664723,0.000286770694329,0.999656677246
"methane_mobilenet_v3.xmodel","ang20191016t183045_r6828_c112_w151_h151",fraca,586,218,64,261276,0.728855721393,0.901538461538,0.806052269601,0.675115207373,0.000833671135858,0.998924255371
"methane_mobilenet_v3.xmodel","ang20191011t165345_r1317_c247_w151_h151",fraca,90,26,42,261986,0.775862068966,0.681818181818,0.725806451613,0.569620253165,9.92320962399e-05,0.999740600586
"methane_mobilenet_v3.xmodel","ang20190923t174142_r7561_c18_w151_h151",fraca,0,0,82,262062,0,0,0,0,0,0.999687194824
"methane_mobilenet_v3.xmodel","ang20190923t170747_r9537_c44_w151_h151",fraca,131,37,8,261968,0.779761904762,0.942446043165,0.85342019544,0.744318181818,0.000141218679033,0.999828338623
"methane_mobilenet_v3.xmodel","ang20191019t161418_r6643_c39_w151_h151",fraca,164,32,384,261564,0.836734693878,0.299270072993,0.440860215054,0.28275862069,0.00012232602945,0.998413085938
"methane_mobilenet_v3.xmodel","ang20191023t151141_r6732_c127_w151_h151",fraca,706,103,265,261070,0.872682323857,0.727085478888,0.793258426966,0.657355679702,0.000394374609933,0.998596191406
"methane_mobilenet_v3.xmodel","ang20191022t151202_r10560_c359_w151_h151",forte,1676,491,325,259652,0.773419473927,0.837581209395,0.804222648752,0.672552166934,0.00188742345556,0.996887207031
"methane_mobilenet_v3.xmodel","ang20191008t194115_r6986_c506_w151_h151",fraca,117,48,45,261934,0.709090909091,0.722222222222,0.715596330275,0.557142857143,0.000183218694414,0.999645233154
"methane_mobilenet_v3.xmodel","ang20191023t165811_r7299_c48_w151_h151",fraca,456,80,21,261587,0.850746268657,0.955974842767,0.900296150049,0.818671454219,0.000305732094609,0.999614715576
"methane_mobilenet_v3.xmodel","ang20191023t154154_r10468_c428_w151_h151",fraca,695,186,44,261219,0.788876276958,0.940460081191,0.858024691358,0.751351351351,0.000711539565043,0.999122619629
"methane_mobilenet_v3.xmodel","ang20190927t182905_r147_c396_w151_h151",fraca,109,13,3,262019,0.893442622951,0.973214285714,0.931623931624,0.872,4.96122610979e-05,0.999938964844
"methane_mobilenet_v3.xmodel","ang20191016t163955_r7126_c284_w151_h151",fraca,71,13,12,262048,0.845238095238,0.855421686747,0.850299401198,0.739583333333,4.96067709426e-05,0.999904632568
"methane_mobilenet_v3.xmodel","ang20190927t154855_r9198_c75_w151_h151",forte,2009,232,90,259813,0.896474788041,0.957122439257,0.925806451613,0.861861861862,0.000892153281163,0.99877166748
"methane_mobilenet_v3.xmodel","ang20191008t160209_r5510_c345_w151_h151",fraca,10,0,97,262037,1,0.0934579439252,0.17094017094,0.0934579439252,0,0.999629974365
"methane_mobilenet_v3.xmodel","ang20191008t160209_r7519_c6_w151_h151",fraca,85,63,2,261994,0.574324324324,0.977011494253,0.723404255319,0.566666666667,0.000240405713261,0.999752044678
"methane_mobilenet_v3.xmodel","ang20191007t184008_r2717_c75_w151_h151",fraca,286,63,348,261447,0.819484240688,0.451104100946,0.581892166836,0.410329985653,0.000240908569462,0.998432159424
"methane_mobilenet_v3.xmodel","ang20191023t190429_r10757_c74_w151_h151",forte,15540,1705,5117,239782,0.90113076254,0.752287360217,0.82000949818,0.694928897236,0.00706042147196,0.973976135254
"methane_mobilenet_v3.xmodel","ang20191013t154421_r6633_c614_w151_h151",fraca,0,0,561,261583,0,0,0,0,0,0.997859954834
"methane_mobilenet_v3.xmodel","ang20191019t172500_r1569_c371_w151_h151",fraca,402,59,17,261666,0.872017353579,0.959427207637,0.913636363636,0.8410041841,0.000225427452479,0.999710083008
"methane_mobilenet_v3.xmodel","ang20191022t194233_r2201_c511_w151_h151",fraca,421,73,37,261613,0.852226720648,0.919213973799,0.884453781513,0.792843691149,0.000278960280642,0.999580383301
"methane_mobilenet_v3.xmodel","ang20191017t191119_r259_c524_w151_h151",fraca,524,169,46,261405,0.756132756133,0.919298245614,0.829770387965,0.709066305819,0.000646088678538,0.999179840088
"methane_mobilenet_v3.xmodel","ang20191011t172641_r6469_c529_w151_h151",fraca,462,52,249,261381,0.898832684825,0.649789029536,0.754285714286,0.605504587156,0.000198903734418,0.998851776123
"methane_mobilenet_v3.xmodel","ang20191023t193139_r2457_c374_w151_h151",fraca,426,51,79,261588,0.893081761006,0.843564356436,0.867617107943,0.76618705036,0.00019492506851,0.999504089355
"methane_mobilenet_v3.xmodel","ang20191016t155337_r2316_c213_w151_h151",fraca,112,12,10,262010,0.903225806452,0.918032786885,0.910569105691,0.835820895522,4.57976811107e-05,0.99991607666
"methane_mobilenet_v3.xmodel","ang20190923t170747_r8220_c606_w151_h151",fraca,225,206,16,261697,0.522041763341,0.933609958506,0.669642857143,0.503355704698,0.000786550745887,0.999153137207
"methane_mobilenet_v3.xmodel","ang20190923t163307_r13801_c577_w151_h151",fraca,276,80,74,261714,0.775280898876,0.788571428571,0.781869688385,0.641860465116,0.000305583779613,0.999412536621
"methane_mobilenet_v3.xmodel","ang20191022t143154_r5199_c882_w151_h151",fraca,0,0,379,261765,0,0,0,0,0,0.998554229736
"methane_mobilenet_v3.xmodel","ang20191005t210402_r3026_c243_w151_h151",fraca,55,16,7,262066,0.774647887324,0.887096774194,0.827067669173,0.705128205128,6.10495951649e-05,0.999912261963
"methane_mobilenet_v3.xmodel","ang20191022t181138_r4798_c381_w151_h151",fraca,408,54,58,261624,0.883116883117,0.875536480687,0.879310344828,0.784615384615,0.000206360488845,0.999572753906
"methane_mobilenet_v3.xmodel","ang20191007t180411_r328_c40_w151_h151",fraca,202,46,161,261735,0.814516129032,0.556473829201,0.661211129296,0.493887530562,0.00017571939904,0.999210357666
"methane_mobilenet_v3.xmodel","ang20191016t160914_r1462_c430_w151_h151",fraca,77,21,48,261998,0.785714285714,0.616,0.690582959641,0.527397260274,8.01468595789e-05,0.999736785889
"methane_mobilenet_v3.xmodel","ang20191008t190449_r8830_c37_w151_h151",fraca,169,25,130,261820,0.871134020619,0.565217391304,0.685598377282,0.521604938272,9.54763314174e-05,0.999408721924
"methane_mobilenet_v3.xmodel","ang20191011t174241_r2016_c166_w151_h151",fraca,27,31,0,262086,0.465517241379,1,0.635294117647,0.465517241379,0.000118267796442,0.999881744385
"methane_mobilenet_v3.xmodel","ang20191011t171218_r5805_c317_w151_h151",fraca,186,34,107,261817,0.845454545455,0.634812286689,0.72514619883,0.56880733945,0.000129844835422,0.999462127686
"methane_mobilenet_v3.xmodel","ang20191016t174016_r1345_c311_w151_h151",fraca,195,60,18,261871,0.764705882353,0.915492957746,0.833333333333,0.714285714286,0.000229067960646,0.999702453613
"methane_mobilenet_v3.xmodel","ang20191016t193637_r1286_c131_w151_h151",fraca,361,87,188,261508,0.805803571429,0.657559198543,0.724172517553,0.567610062893,0.000332575163898,0.998950958252
"methane_mobilenet_v3.xmodel","ang20191017t160033_r7859_c18_w151_h151",fraca,241,61,15,261827,0.798013245033,0.94140625,0.863799283154,0.760252365931,0.000232923998045,0.999710083008
"methane_mobilenet_v3.xmodel","ang20191016t190528_r8321_c177_w151_h151",fraca,31,7,5,262101,0.815789473684,0.861111111111,0.837837837838,0.720930232558,2.67065484457e-05,0.999954223633
"methane_mobilenet_v3.xmodel","ang20191007t195115_r10468_c473_w151_h151",fraca,382,87,89,261586,0.814498933902,0.811040339703,0.812765957447,0.68458781362,0.000332476029243,0.999328613281
"methane_mobilenet_v3.xmodel","ang20191016t153826_r4914_c341_w151_h151",fraca,124,80,393,261547,0.607843137255,0.239845261122,0.343966712899,0.20770519263,0.000305778837811,0.998195648193
"methane_mobilenet_v3.xmodel","ang20191016t150743_r7534_c462_w151_h151",fraca,165,45,6,261928,0.785714285714,0.964912280702,0.866141732283,0.763888888889,0.000171773427033,0.999805450439
"methane_mobilenet_v3.xmodel","ang20191019t172500_r5517_c100_w151_h151",fraca,398,72,85,261589,0.846808510638,0.824016563147,0.835257082896,0.717117117117,0.00027516519466,0.999401092529
"methane_mobilenet_v3.xmodel","ang20191017t150903_r8459_c83_w151_h151",forte,2165,632,1843,257504,0.774043618162,0.540169660679,0.636296840558,0.466594827586,0.00244832181486,0.990558624268
"methane_mobilenet_v3.xmodel","ang20191011t181301_r4715_c216_w151_h151",fraca,718,101,108,261217,0.876678876679,0.869249394673,0.872948328267,0.774541531823,0.000386502269266,0.999202728271
"methane_mobilenet_v3.xmodel","ang20191007t180411_r385_c220_w151_h151",fraca,159,37,476,261472,0.811224489796,0.250393700787,0.382671480144,0.236607142857,0.000141486526276,0.998043060303
"methane_mobilenet_v3.xmodel","ang20191017t191119_r8161_c166_w151_h151",fraca,143,222,1,261778,0.391780821918,0.993055555556,0.561886051081,0.390710382514,0.000847328244275,0.99914932251
"methane_mobilenet_v3.xmodel","ang20191017t183448_r2595_c353_w151_h151",fraca,220,44,130,261750,0.833333333333,0.628571428571,0.71661237785,0.558375634518,0.000168071078787,0.999336242676
"methane_mobilenet_v3.xmodel","ang20191007t193705_r6677_c293_w151_h151",fraca,224,76,48,261796,0.746666666667,0.823529411765,0.783216783217,0.64367816092,0.000290218121831,0.999526977539
"methane_mobilenet_v3.xmodel","ang20191022t183431_r3684_c51_w151_h151",fraca,99,30,3,262012,0.767441860465,0.970588235294,0.857142857143,0.75,0.000114485464162,0.99987411499
"methane_mobilenet_v3.xmodel","ang20191008t172458_r15618_c226_w151_h151",fraca,160,60,47,261877,0.727272727273,0.772946859903,0.749414519906,0.59925093633,0.000229062713553,0.999591827393
"methane_mobilenet_v3.xmodel","ang20191006t165608_r3851_c102_w151_h151",forte,8885,954,13455,238850,0.90303892672,0.397717099373,0.552223499798,0.381428694084,0.00397824890327,0.9450340271
"methane_mobilenet_v3.xmodel","ang20191011t194308_r3422_c371_w151_h151",fraca,63,22,35,262024,0.741176470588,0.642857142857,0.688524590164,0.525,8.39547255062e-05,0.999782562256
"methane_mobilenet_v3.xmodel","ang20191010t155034_r1054_c264_w151_h151",fraca,37,6,34,262067,0.860465116279,0.521126760563,0.649122807018,0.480519480519,2.28943843891e-05,0.999847412109
"methane_mobilenet_v3.xmodel","ang20191010t161700_r9154_c68_w151_h151",fraca,22,5,36,262081,0.814814814815,0.379310344828,0.517647058824,0.349206349206,1.90777073174e-05,0.999843597412
"methane_mobilenet_v3.xmodel","ang20190926t191417_r7292_c321_w151_h151",forte,150,9,1024,260961,0.943396226415,0.127768313458,0.225056264066,0.126796280642,3.44867226118e-05,0.996059417725
"methane_mobilenet_v3.xmodel","ang20191008t151045_r7709_c339_w151_h151",fraca,0,0,7,262137,0,0,0,0,0,0.999973297119
"methane_mobilenet_v3.xmodel","ang20191022t172245_r1500_c8_w151_h151",fraca,407,64,131,261542,0.864118895966,0.756505576208,0.806739345887,0.676079734219,0.000244642706972,0.999256134033
"methane_mobilenet_v3.xmodel","ang20191016t150743_r7485_c497_w151_h151",fraca,170,49,1,261924,0.776255707763,0.994152046784,0.871794871795,0.772727272727,0.000187042176102,0.999809265137
"methane_mobilenet_v3.xmodel","ang20191007t190840_r10266_c512_w151_h151",fraca,27,6,3,262108,0.818181818182,0.9,0.857142857143,0.75,2.28908032383e-05,0.999965667725
"methane_mobilenet_v3.xmodel","ang20190927t192237_r4742_c244_w151_h151",fraca,43,8,49,262044,0.843137254902,0.467391304348,0.601398601399,0.43,3.05282920947e-05,0.999782562256
"methane_mobilenet_v3.xmodel","ang20191013t154421_r6544_c120_w151_h151",forte,0,0,7339,254805,0,0,0,0,0,0.972003936768
"methane_mobilenet_v3.xmodel","ang20191011t185825_r7106_c375_w151_h151",fraca,15,6,33,262090,0.714285714286,0.3125,0.434782608696,0.277777777778,2.28923753129e-05,0.999851226807
"methane_mobilenet_v3.xmodel","ang20191007t193705_r6743_c324_w151_h151",forte,4378,667,3820,253279,0.867789890981,0.5340326909,0.661179491052,0.493852227862,0.0026265426508,0.982883453369
"methane_mobilenet_v3.xmodel","ang20190927t192237_r3815_c230_w151_h151",fraca,79,29,4,262032,0.731481481481,0.951807228916,0.82722513089,0.705357142857,0.000110661258257,0.99987411499
"methane_mobilenet_v3.xmodel","ang20191016t174016_r10486_c183_w151_h151",fraca,74,155,4,261911,0.323144104803,0.948717948718,0.482084690554,0.317596566524,0.000591454061191,0.999393463135
"methane_mobilenet_v3.xmodel","ang20191010t152203_r3308_c291_w151_h151",fraca,21,3,35,262085,0.875,0.375,0.525,0.35593220339,1.1446537041e-05,0.999855041504
"methane_mobilenet_v3.xmodel","ang20191016t190528_r6562_c257_w151_h151",fraca,113,27,32,261972,0.807142857143,0.779310344828,0.79298245614,0.656976744186,0.00010305382845,0.999774932861
"methane_mobilenet_v3.xmodel","ang20191023t194035_r2804_c564_w151_h151",fraca,400,46,88,261610,0.896860986547,0.819672131148,0.856531049251,0.749063670412,0.00017580334485,0.999488830566
"methane_mobilenet_v3.xmodel","ang20191016t193637_r7529_c196_w151_h151",forte,790,131,268,260955,0.85776330076,0.746691871456,0.798383021728,0.664423885618,0.0005017503811,0.998477935791
"methane_mobilenet_v3.xmodel","ang20191007t190840_r8073_c608_w151_h151",fraca,61,12,58,262013,0.835616438356,0.512605042017,0.635416666667,0.465648854962,4.57971567599e-05,0.999732971191
"methane_mobilenet_v3.xmodel","ang20191023t152801_r8494_c121_w151_h151",forte,48580,5571,5117,202876,0.897121013462,0.904706035719,0.900897559528,0.819666599177,0.0267262181754,0.959228515625
"methane_mobilenet_v3.xmodel","ang20191017t170330_r2719_c223_w151_h151",fraca,186,34,497,261427,0.845454545455,0.272327964861,0.41196013289,0.259414225941,0.000130038514348,0.997974395752
"methane_mobilenet_v3.xmodel","ang20191022t194943_r13696_c736_w151_h151",fraca,228,40,59,261817,0.850746268657,0.794425087108,0.821621621622,0.697247706422,0.000152755129708,0.999622344971
"methane_mobilenet_v3.xmodel","ang20190927t162514_r9665_c344_w151_h151",forte,933,249,715,260247,0.789340101523,0.566140776699,0.659363957597,0.491829204006,0.000955868804128,0.996322631836
"methane_mobilenet_v3.xmodel","ang20191008t194115_r5136_c359_w151_h151",fraca,67,9,7,262061,0.881578947368,0.905405405405,0.893333333333,0.807228915663,3.43419697028e-05,0.999938964844
"methane_mobilenet_v3.xmodel","ang20191022t151202_r2097_c308_w151_h151",forte,0,0,4390,257754,0,0,0,0,0,0.983253479004
"methane_mobilenet_v3.xmodel","ang20191011t191345_r3132_c20_w151_h151",fraca,95,23,164,261862,0.805084745763,0.366795366795,0.503978779841,0.336879432624,8.78248085992e-05,0.999286651611
"methane_mobilenet_v3.xmodel","ang20191008t182150_r9373_c480_w151_h151",forte,826,103,1010,260205,0.889128094726,0.449891067538,0.59746835443,0.425992779783,0.000395685111483,0.995754241943
"methane_mobilenet_v3.xmodel","ang20191022t194943_r14339_c896_w151_h151",fraca,44,7,5,262088,0.862745098039,0.897959183673,0.88,0.785714285714,2.67078730994e-05,0.999954223633
"methane_mobilenet_v3.xmodel","ang20191022t152357_r3245_c210_w151_h151",forte,488,84,1478,260094,0.853146853147,0.248219735504,0.384554767533,0.238048780488,0.000322855890967,0.994041442871
"methane_mobilenet_v3.xmodel","ang20191019t172500_r1997_c346_w151_h151",fraca,299,54,224,261567,0.847025495751,0.571701720841,0.682648401826,0.518197573657,0.000206405449104,0.99893951416
"methane_mobilenet_v3.xmodel","ang20191008t165855_r5763_c547_w151_h151",fraca,0,0,277,261867,0,0,0,0,0,0.998943328857
"methane_mobilenet_v3.xmodel","ang20191007t201917_r4581_c1646_w151_h151",fraca,142,26,10,261966,0.845238095238,0.934210526316,0.8875,0.797752808989,9.92396714403e-05,0.999862670898
"methane_mobilenet_v3.xmodel","ang20191011t184311_r5660_c460_w151_h151",fraca,165,38,20,261921,0.812807881773,0.891891891892,0.850515463918,0.739910313901,0.000145060868304,0.999778747559
"methane_mobilenet_v3.xmodel","ang20191006t172739_r852_c455_w151_h151",fraca,59,124,6,261955,0.322404371585,0.907692307692,0.475806451613,0.312169312169,0.000473139778464,0.999504089355
"methane_mobilenet_v3.xmodel","ang20191017t185057_r3011_c352_w151_h151",fraca,77,15,11,262041,0.836956521739,0.875,0.855555555556,0.747572815534,5.72396739628e-05,0.999900817871
"methane_mobilenet_v3.xmodel","ang20191016t145145_r5157_c282_w151_h151",fraca,34,5,190,261915,0.871794871795,0.151785714286,0.25855513308,0.148471615721,1.90897984117e-05,0.999256134033
"methane_mobilenet_v3.xmodel","ang20191017t161837_r633_c413_w151_h151",fraca,56,13,2,262073,0.811594202899,0.965517241379,0.88188976378,0.788732394366,4.96020390254e-05,0.999942779541
"methane_mobilenet_v3.xmodel","ang20191011t161719_r1702_c20_w151_h151",fraca,96,25,41,261982,0.793388429752,0.700729927007,0.744186046512,0.592592592593,9.54172980111e-05,0.99974822998
"methane_mobilenet_v3.xmodel","ang20191007t201917_r6099_c1760_w151_h151",fraca,28,3,6,262107,0.903225806452,0.823529411765,0.861538461538,0.756756756757,1.14455762848e-05,0.999965667725
"methane_mobilenet_v3.xmodel","ang20190926t174644_r6413_c463_w151_h151",forte,2300,243,74,259527,0.904443570586,0.968828980623,0.93552979459,0.878868933894,0.000935442891789,0.998790740967
"methane_mobilenet_v3.xmodel","ang20191010t193818_r5450_c229_w151_h151",fraca,366,44,289,261445,0.892682926829,0.558778625954,0.687323943662,0.523605150215,0.000168267116399,0.998729705811
"methane_mobilenet_v3.xmodel","ang20190926t184029_r1773_c101_w151_h151",forte,846,70,669,260559,0.923580786026,0.558415841584,0.69600987248,0.533753943218,0.000268581009788,0.997180938721
"methane_mobilenet_v3.xmodel","ang20191010t184216_r2221_c250_w151_h151",fraca,286,62,81,261715,0.82183908046,0.779291553134,0.8,0.666666666667,0.000236842808956,0.999454498291
"methane_mobilenet_v3.xmodel","ang20191017t170330_r2979_c90_w151_h151",fraca,114,24,40,261966,0.826086956522,0.74025974026,0.780821917808,0.640449438202,9.16065498683e-05,0.999755859375
"methane_mobilenet_v3.xmodel","ang20191007t180411_r197_c203_w151_h151",fraca,290,57,345,261452,0.835734870317,0.456692913386,0.590631364562,0.419075144509,0.000217965729669,0.998466491699
"methane_mobilenet_v3.xmodel","ang20191023t152801_r8786_c7_w151_h151",forte,6985,844,32610,221705,0.892195682718,0.176411163026,0.294576585695,0.172729295977,0.00379242324162,0.872383117676
"methane_mobilenet_v3.xmodel","ang20191023t194035_r453_c807_w151_h151",fraca,0,95,520,261529,0,0,0,0,0.000363116533651,0.997653961182
"methane_mobilenet_v3.xmodel","ang20191006t162415_r2230_c31_w151_h151",fraca,346,39,44,261715,0.898701298701,0.887179487179,0.892903225806,0.806526806527,0.000148994857767,0.999683380127
"methane_mobilenet_v3.xmodel","ang20191007t180411_r382_c211_w151_h151",fraca,139,21,496,261488,0.86875,0.218897637795,0.349685534591,0.211890243902,8.03031635622e-05,0.998027801514
"methane_mobilenet_v3.xmodel","ang20191022t165908_r237_c391_w151_h151",fraca,87,25,35,261997,0.776785714286,0.713114754098,0.74358974359,0.591836734694,9.54118356474e-05,0.999771118164
"methane_mobilenet_v3.xmodel","ang20190928t183313_r8780_c41_w151_h151",fraca,750,131,94,261169,0.851305334847,0.888625592417,0.869565217391,0.769230769231,0.000501339456563,0.999141693115
"methane_mobilenet_v3.xmodel","ang20191016t155337_r7518_c314_w151_h151",fraca,120,16,198,261810,0.882352941176,0.377358490566,0.528634361233,0.359281437126,6.11092863199e-05,0.999183654785
"methane_mobilenet_v3.xmodel","ang20191019t185452_r23436_c591_w151_h151",fraca,574,103,198,261269,0.847858197932,0.743523316062,0.792270531401,0.656,0.000394074346143,0.998851776123
"methane_mobilenet_v3.xmodel","ang20191006t165608_r2694_c228_w151_h151",fraca,786,123,137,261098,0.864686468647,0.851570964247,0.85807860262,0.751434034417,0.000470865665471,0.999008178711
"methane_mobilenet_v3.xmodel","ang20190923t185208_r6456_c108_w151_h151",fraca,176,29,72,261867,0.858536585366,0.709677419355,0.777041942605,0.635379061372,0.000110730977182,0.999614715576
"methane_mobilenet_v3.xmodel","ang20191017t164928_r1924_c168_w151_h151",fraca,0,0,165,261979,0,0,0,0,0,0.999370574951
"methane_mobilenet_v3.xmodel","ang20191022t194943_r19384_c244_w151_h151",forte,0,0,16666,245478,0,0,0,0,0,0.936424255371
"methane_mobilenet_v3.xmodel","ang20191007t180411_r377_c192_w151_h151",fraca,371,57,264,261452,0.866822429907,0.584251968504,0.698024459078,0.53612716763,0.000217965729669,0.998775482178
"methane_mobilenet_v3.xmodel","ang20191011t181301_r1934_c372_w151_h151",fraca,117,20,75,261932,0.85401459854,0.609375,0.711246200608,0.551886792453,7.63498656242e-05,0.99963760376
"methane_mobilenet_v3.xmodel","ang20191013t145516_r15602_c363_w151_h151",forte,1561,244,15132,245207,0.864819944598,0.093512250644,0.168775002703,0.0921650823641,0.000994088433129,0.941345214844
"methane_mobilenet_v3.xmodel","ang20190923t183439_r12388_c183_w151_h151",fraca,75,16,2,262051,0.824175824176,0.974025974026,0.892857142857,0.806451612903,6.10530894771e-05,0.999931335449
"methane_mobilenet_v3.xmodel","ang20191011t182731_r2294_c481_w151_h151",fraca,238,86,64,261756,0.734567901235,0.788079470199,0.760383386581,0.613402061856,0.000328442343092,0.99942779541
"methane_mobilenet_v3.xmodel","ang20191011t154103_r7201_c121_w151_h151",fraca,196,41,21,261886,0.827004219409,0.903225806452,0.863436123348,0.759689922481,0.000156532163542,0.99976348877
"methane_mobilenet_v3.xmodel","ang20191019t171416_r6921_c517_w151_h151",fraca,327,66,208,261543,0.832061068702,0.611214953271,0.70474137931,0.544093178037,0.000252284898455,0.998954772949
"methane_mobilenet_v3.xmodel","ang20191019t181857_r3335_c290_w151_h151",fraca,700,86,289,261069,0.89058524173,0.707785642063,0.788732394366,0.651162790698,0.000329306350635,0.998569488525
"methane_mobilenet_v3.xmodel","ang20190923t181729_r6905_c570_w151_h151",fraca,19,195,11,261919,0.088785046729,0.633333333333,0.155737704918,0.0844444444444,0.000743951105244,0.999214172363
"methane_mobilenet_v3.xmodel","ang20191011t175712_r10519_c398_w151_h151",fraca,47,13,14,262070,0.783333333333,0.770491803279,0.776859504132,0.635135135135,4.96026068078e-05,0.999897003174
"methane_mobilenet_v3.xmodel","ang20191017t182024_r4733_c246_w151_h151",fraca,81,22,33,262008,0.78640776699,0.710526315789,0.746543778802,0.595588235294,8.39598519254e-05,0.99979019165
"methane_mobilenet_v3.xmodel","ang20191016t150743_r10717_c139_w151_h151",fraca,0,0,71,262073,0,0,0,0,0,0.999729156494
"methane_mobilenet_v3.xmodel","ang20191006t171344_r9427_c360_w151_h151",fraca,29,5,23,262087,0.852941176471,0.557692307692,0.674418604651,0.508771929825,1.90772705767e-05,0.999893188477
"methane_mobilenet_v3.xmodel","ang20191016t152245_r5983_c340_w151_h151",fraca,425,111,54,261554,0.792910447761,0.887265135699,0.837438423645,0.720338983051,0.000424206523608,0.999370574951
"methane_mobilenet_v3.xmodel","ang20191016t152245_r6252_c305_w151_h151",fraca,0,0,300,261844,0,0,0,0,0,0.99885559082
"methane_mobilenet_v3.xmodel","ang20190927t181142_r496_c397_w151_h151",fraca,150,51,140,261803,0.746268656716,0.51724137931,0.61099796334,0.439882697947,0.00019476502173,0.999271392822
"methane_mobilenet_v3.xmodel","ang20191010t193818_r7805_c145_w151_h151",fraca,373,58,214,261499,0.865429234339,0.635434412266,0.732809430255,0.578294573643,0.000221748987792,0.998962402344
"methane_mobilenet_v3.xmodel","ang20191017t180347_r8056_c173_w151_h151",fraca,164,51,321,261608,0.762790697674,0.338144329897,0.468571428571,0.305970149254,0.000194910169343,0.998580932617
"methane_mobilenet_v3.xmodel","ang20191016t165454_r2143_c260_w151_h151",fraca,73,15,12,262044,0.829545454545,0.858823529412,0.843930635838,0.73,5.72390186943e-05,0.999897003174
"methane_mobilenet_v3.xmodel","ang20191016t195058_r7586_c437_w151_h151",fraca,226,51,6,261861,0.815884476534,0.974137931034,0.888015717092,0.798586572438,0.000194721891322,0.999782562256
"methane_mobilenet_v3.xmodel","ang20191016t155337_r10331_c197_w151_h151",fraca,275,62,69,261738,0.816023738872,0.799418604651,0.807635829662,0.677339901478,0.000236822001528,0.999500274658
"methane_mobilenet_v3.xmodel","ang20191022t154405_r5099_c206_w151_h151",forte,348,62,1136,260598,0.848780487805,0.234501347709,0.36747624076,0.22509702458,0.000237857745722,0.995429992676
"methane_mobilenet_v3.xmodel","ang20191017t160033_r67_c448_w151_h151",fraca,293,82,7,261762,0.781333333333,0.976666666667,0.868148148148,0.767015706806,0.000313163563038,0.999660491943
"methane_mobilenet_v3.xmodel","ang20191008t165855_r13225_c356_w151_h151",fraca,0,0,136,262008,0,0,0,0,0,0.999481201172
"methane_mobilenet_v3.xmodel","ang20190928t190948_r1327_c440_w151_h151",fraca,187,36,14,261907,0.838565022422,0.930348258706,0.882075471698,0.789029535865,0.00013743448002,0.999809265137
"methane_mobilenet_v3.xmodel","ang20191022t192048_r3969_c36_w151_h151",fraca,645,85,264,261150,0.883561643836,0.709570957096,0.78706528371,0.648893360161,0.000325377533638,0.998668670654
"methane_mobilenet_v3.xmodel","ang20190927t190436_r5336_c357_w151_h151",fraca,84,26,12,262022,0.763636363636,0.875,0.815533980583,0.688524590164,9.92184637929e-05,0.999855041504
"methane_mobilenet_v3.xmodel","ang20191008t165855_r11435_c305_w151_h151",fraca,194,25,284,261641,0.885844748858,0.405857740586,0.556671449067,0.385685884692,9.55416446921e-05,0.998821258545
"methane_mobilenet_v3.xmodel","ang20191006t165608_r8029_c40_w151_h151",fraca,239,46,39,261820,0.838596491228,0.859712230216,0.849023090586,0.737654320988,0.000175662361666,0.999675750732
"methane_mobilenet_v3.xmodel","ang20191010t195717_r3512_c140_w151_h151",fraca,101,28,83,261932,0.782945736434,0.548913043478,0.645367412141,0.47641509434,0.000106886547565,0.999576568604
"methane_mobilenet_v3.xmodel","ang20191023t162847_r10192_c462_w151_h151",forte,578,113,539,260914,0.836468885673,0.51745747538,0.639380530973,0.469918699187,0.000432905408253,0.997512817383
"methane_mobilenet_v3.xmodel","ang20191007t200647_r5947_c145_w151_h151",fraca,110,38,26,261970,0.743243243243,0.808823529412,0.774647887324,0.632183908046,0.000145033739428,0.999755859375
"methane_mobilenet_v3.xmodel","ang20191016t150743_r8506_c372_w151_h151",fraca,0,0,349,261795,0,0,0,0,0,0.998668670654
"methane_mobilenet_v3.xmodel","ang20191017t185057_r7440_c2_w151_h151",fraca,97,17,313,261717,0.850877192982,0.236585365854,0.370229007634,0.227166276347,6.49514392475e-05,0.998741149902
"methane_mobilenet_v3.xmodel","ang20191016t153826_r7478_c403_w151_h151",fraca,59,8,31,262046,0.880597014925,0.655555555556,0.751592356688,0.602040816327,3.05280591023e-05,0.999851226807
"methane_mobilenet_v3.xmodel","ang20191007t190840_r6560_c616_w151_h151",fraca,207,45,40,261852,0.821428571429,0.838056680162,0.829659318637,0.708904109589,0.000171823274035,0.999675750732
"methane_mobilenet_v3.xmodel","ang20191022t152357_r3480_c152_w151_h151",forte,173,13,2878,259080,0.930107526882,0.0567027204195,0.106889094841,0.0564621409922,5.01750336752e-05,0.988971710205
"methane_mobilenet_v3.xmodel","ang20191008t172458_r7713_c115_w151_h151",fraca,55,20,14,262055,0.733333333333,0.797101449275,0.763888888889,0.61797752809,7.63140322427e-05,0.999870300293
"methane_mobilenet_v3.xmodel","ang20191017t171949_r2334_c222_w151_h151",forte,218,62,3529,258335,0.778571428571,0.0581798772351,0.108269183015,0.0572328695196,0.000239940866187,0.986301422119
"methane_mobilenet_v3.xmodel","ang20191006t152009_r2694_c249_w151_h151",forte,707,212,355,260870,0.769314472252,0.665725047081,0.713780918728,0.554945054945,0.000812005423583,0.99783706665
"methane_mobilenet_v3.xmodel","ang20190926t184029_r10009_c90_w151_h151",fraca,68,18,50,262008,0.790697674419,0.576271186441,0.666666666667,0.5,6.86954729683e-05,0.999740600586
"methane_mobilenet_v3.xmodel","ang20191010t193818_r3753_c248_w151_h151",fraca,243,50,31,261820,0.829351535836,0.886861313869,0.857142857143,0.75,0.000190934433116,0.999691009521
"methane_mobilenet_v3.xmodel","ang20191008t190449_r3662_c563_w151_h151",fraca,181,42,7,261914,0.811659192825,0.962765957447,0.880778588808,0.786956521739,0.000160332269541,0.999813079834
"methane_mobilenet_v3.xmodel","ang20191011t175712_r4641_c326_w151_h151",fraca,132,18,190,261804,0.88,0.409937888199,0.559322033898,0.388235294118,6.87489974105e-05,0.999206542969
"methane_mobilenet_v3.xmodel","ang20191008t165855_r5779_c454_w151_h151",fraca,124,28,153,261839,0.815789473684,0.447653429603,0.578088578089,0.406557377049,0.000106924507479,0.999309539795
"methane_mobilenet_v3.xmodel","ang20191022t183431_r2245_c516_w151_h151",fraca,265,41,276,261562,0.866013071895,0.489833641405,0.625737898465,0.455326460481,0.000156726031429,0.998790740967
"methane_mobilenet_v3.xmodel","ang20190926t185727_r6574_c94_w151_h151",fraca,221,51,24,261848,0.8125,0.902040816327,0.854932301741,0.746621621622,0.000194731556822,0.999713897705
"methane_mobilenet_v3.xmodel","ang20191016t163955_r2792_c267_w151_h151",fraca,71,227,458,261388,0.238255033557,0.134215500945,0.171704957678,0.0939153439153,0.000867687250349,0.997386932373
"methane_mobilenet_v3.xmodel","ang20191011t182731_r6578_c227_w151_h151",fraca,48,5,20,262071,0.905660377358,0.705882352941,0.793388429752,0.657534246575,1.90784352631e-05,0.999904632568
"methane_mobilenet_v3.xmodel","ang20191010t174755_r5972_c727_w151_h151",fraca,92,27,11,262014,0.773109243697,0.893203883495,0.828828828829,0.707692307692,0.000103037310955,0.999855041504
"methane_mobilenet_v3.xmodel","ang20191011t161719_r2540_c80_w151_h151",fraca,154,27,52,261911,0.850828729282,0.747572815534,0.795865633075,0.660944206009,0.000103077827578,0.999698638916
"methane_mobilenet_v3.xmodel","ang20191010t195717_r1411_c400_w151_h151",fraca,72,18,17,262037,0.8,0.808988764045,0.804469273743,0.672897196262,6.86878708668e-05,0.999866485596
"methane_mobilenet_v3.xmodel","ang20191017t161837_r3564_c381_w151_h151",fraca,216,59,58,261811,0.785454545455,0.788321167883,0.786885245902,0.648648648649,0.000225302631076,0.99955368042
"methane_mobilenet_v3.xmodel","ang20191017t185057_r5074_c337_w151_h151",fraca,54,19,8,262063,0.739726027397,0.870967741935,0.8,0.666666666667,7.24963942583e-05,0.999897003174
"methane_mobilenet_v3.xmodel","ang20191011t181301_r6123_c175_w151_h151",fraca,26,11,1,262106,0.702702702703,0.962962962963,0.8125,0.684210526316,4.19659922859e-05,0.999954223633
"methane_mobilenet_v3.xmodel","ang20190928t185111_r247_c473_w151_h151",fraca,116,18,653,261357,0.865671641791,0.150845253576,0.2569213732,0.147395171537,6.88665710187e-05,0.997440338135
"methane_mobilenet_v3.xmodel","ang20190926t152524_r9314_c202_w151_h151",fraca,278,72,9,261785,0.794285714286,0.968641114983,0.87284144427,0.774373259053,0.000274959233475,0.999691009521
"methane_mobilenet_v3.xmodel","ang20191023t162847_r5792_c559_w151_h151",fraca,447,104,19,261574,0.811252268603,0.959227467811,0.879056047198,0.784210526316,0.000397435015553,0.999530792236
"methane_mobilenet_v3.xmodel","ang20191016t174016_r2132_c350_w151_h151",fraca,436,90,147,261471,0.828897338403,0.747855917667,0.786293958521,0.647845468053,0.00034408799477,0.999095916748
"methane_mobilenet_v3.xmodel","ang20191022t143154_r3627_c924_w151_h151",fraca,58,15,639,261432,0.794520547945,0.0832137733142,0.150649350649,0.0814606741573,5.73730048538e-05,0.997505187988
"methane_mobilenet_v3.xmodel","ang20191007t200647_r1952_c20_w151_h151",fraca,57,15,2,262070,0.791666666667,0.966101694915,0.870229007634,0.77027027027,5.72333403285e-05,0.999935150146
"methane_mobilenet_v3.xmodel","ang20191007t193705_r11611_c126_w151_h151",fraca,39,5,24,262076,0.886363636364,0.619047619048,0.728971962617,0.573529411765,1.90780712833e-05,0.999889373779
"methane_mobilenet_v3.xmodel","ang20191022t165908_r269_c318_w151_h151",fraca,0,19,122,262003,0,0,0,0,7.2512995092e-05,0.999462127686
"methane_mobilenet_v3.xmodel","ang20191011t165345_r3229_c379_w151_h151",fraca,16,7,20,262101,0.695652173913,0.444444444444,0.542372881356,0.372093023256,2.67065484457e-05,0.999897003174
"methane_mobilenet_v3.xmodel","ang20191011t163647_r6181_c192_w151_h151",fraca,71,18,9,262046,0.797752808989,0.8875,0.840236686391,0.724489795918,6.8685511936e-05,0.999897003174
"methane_mobilenet_v3.xmodel","ang20191017t173348_r2197_c17_w151_h151",fraca,159,40,5,261940,0.798994974874,0.969512195122,0.876033057851,0.779411764706,0.000152683410947,0.999828338623
"methane_mobilenet_v3.xmodel","ang20191006t160931_r11274_c502_w151_h151",fraca,276,67,37,261764,0.804664723032,0.88178913738,0.841463414634,0.726315789474,0.000255890249818,0.999603271484
"methane_mobilenet_v3.xmodel","ang20191007t193705_r9802_c132_w151_h151",fraca,345,49,40,261710,0.875634517766,0.896103896104,0.885750962773,0.794930875576,0.000187195091668,0.999660491943
"methane_mobilenet_v3.xmodel","ang20190926t160016_r12710_c107_w151_h151",fraca,669,179,54,261242,0.78891509434,0.92531120332,0.851686823679,0.741685144124,0.00068471928422,0.999111175537
"methane_mobilenet_v3.xmodel","ang20190923t183439_r8375_c559_w151_h151",fraca,42,5,47,262050,0.893617021277,0.47191011236,0.617647058824,0.446808510638,1.90799641297e-05,0.999801635742
"methane_mobilenet_v3.xmodel","ang20191022t175031_r3060_c477_w151_h151",forte,1994,261,598,259291,0.884257206208,0.769290123457,0.822776975449,0.698913424465,0.00100557884355,0.996723175049
"methane_mobilenet_v3.xmodel","ang20191016t160914_r1357_c233_w151_h151",fraca,32,7,93,262012,0.820512820513,0.256,0.390243902439,0.242424242424,2.67156198596e-05,0.999618530273
"methane_mobilenet_v3.xmodel","ang20191006t183904_r8230_c262_w151_h151",fraca,165,126,14,261839,0.567010309278,0.921787709497,0.702127659574,0.540983606557,0.000480980283626,0.999465942383
"methane_mobilenet_v3.xmodel","ang20191011t192741_r5743_c218_w151_h151",fraca,0,0,133,262011,0,0,0,0,0,0.999492645264
"methane_mobilenet_v3.xmodel","ang20191022t183431_r2314_c337_w151_h151",fraca,477,94,64,261509,0.835376532399,0.881700554529,0.857913669065,0.751181102362,0.000359323096448,0.999397277832
"methane_mobilenet_v3.xmodel","ang20190926t160016_r13060_c411_w151_h151",forte,774,207,390,260773,0.788990825688,0.664948453608,0.721678321678,0.564551422319,0.000793164227144,0.997722625732
"methane_mobilenet_v3.xmodel","ang20191008t151045_r10167_c436_w151_h151",fraca,55,37,14,262038,0.597826086957,0.797101449275,0.683229813665,0.518867924528,0.000141180959649,0.999805450439
"methane_mobilenet_v3.xmodel","ang20191017t144928_r8839_c75_w151_h151",fraca,95,66,45,261938,0.590062111801,0.678571428571,0.63122923588,0.461165048544,0.000251904551076,0.999576568604
"methane_mobilenet_v3.xmodel","ang20191011t194308_r4531_c243_w151_h151",fraca,362,46,498,261238,0.887254901961,0.420930232558,0.570977917981,0.399558498896,0.00017605364278,0.997924804688
"methane_mobilenet_v3.xmodel","ang20191013t173258_r5436_c441_w151_h151",fraca,595,158,176,261215,0.790172642762,0.771725032425,0.780839895013,0.640473627557,0.000604500082258,0.998725891113
"methane_mobilenet_v3.xmodel","ang20190927t160700_r5001_c34_w151_h151",fraca,96,15,102,261931,0.864864864865,0.484848484848,0.621359223301,0.450704225352,5.72637108412e-05,0.99955368042
"methane_mobilenet_v3.xmodel","ang20191011t171218_r3593_c332_w151_h151",fraca,145,28,20,261951,0.838150289017,0.878787878788,0.85798816568,0.751295336788,0.000106878795629,0.999816894531
"methane_mobilenet_v3.xmodel","ang20191007t195115_r1797_c316_w151_h151",forte,714,133,539,260758,0.842975206612,0.569832402235,0.68,0.515151515152,0.00050979144547,0.997436523438
"methane_mobilenet_v3.xmodel","ang20191016t200430_r6887_c325_w151_h151",fraca,94,29,7,262014,0.764227642276,0.930693069307,0.839285714286,0.723076923077,0.000110668859691,0.999862670898
"methane_mobilenet_v3.xmodel","ang20191010t182147_r4915_c111_w151_h151",sem_pluma,0,17,0,262127,0,0,0,0,6.48498535156e-05,0.999935150146
"methane_mobilenet_v3.xmodel","ang20191017t164928_r10756_c447_w151_h151",fraca,259,133,5,261747,0.660714285714,0.981060606061,0.789634146341,0.652392947103,0.000507866198259,0.999473571777
"methane_mobilenet_v3.xmodel","ang20190927t184620_r11319_c398_w151_h151",fraca,185,23,15,261921,0.889423076923,0.925,0.906862745098,0.829596412556,8.78050270287e-05,0.999855041504
"methane_mobilenet_v3.xmodel","ang20191016t174016_r5584_c215_w151_h151",forte,1830,210,4226,255878,0.897058823529,0.302179656539,0.452075098814,0.292052345994,0.000820030614476,0.98307800293
"methane_mobilenet_v3.xmodel","ang20191010t155034_r3347_c498_w151_h151",fraca,24,1,7,262112,0.96,0.774193548387,0.857142857143,0.75,3.81514842835e-06,0.999969482422
"methane_mobilenet_v3.xmodel","ang20191016t171023_r6452_c377_w151_h151",forte,1454,243,724,259723,0.856806128462,0.667584940312,0.750451612903,0.600578273441,0.000934737619535,0.996311187744
"methane_mobilenet_v3.xmodel","ang20191023t174017_r8481_c109_w151_h151",fraca,184,28,63,261869,0.867924528302,0.744939271255,0.80174291939,0.669090909091,0.0001069122594,0.999652862549
"methane_mobilenet_v3.xmodel","ang20191013t145516_r6319_c499_w151_h151",fraca,19,1,974,261150,0.95,0.0191339375629,0.0375123395854,0.0191146881288,3.82920226229e-06,0.996280670166
"methane_mobilenet_v3.xmodel","ang20190928t175550_r6882_c432_w151_h151",fraca,600,146,91,261307,0.804289544236,0.868306801737,0.835073068894,0.716845878136,0.000558417765334,0.999095916748
"methane_mobilenet_v3.xmodel","ang20191022t184525_r1594_c62_w151_h151",forte,2594,330,189,259031,0.887140902873,0.932087675171,0.909059050289,0.833279794411,0.00127235783329,0.998020172119
"methane_mobilenet_v3.xmodel","ang20191023t193139_r3517_c140_w151_h151",forte,1164,222,59,260699,0.839826839827,0.9517579722,0.892295898812,0.80553633218,0.000850832244243,0.998928070068
"methane_mobilenet_v3.xmodel","ang20191011t191345_r4796_c233_w151_h151",fraca,88,15,50,261991,0.854368932039,0.63768115942,0.730290456432,0.575163398693,5.72505973146e-05,0.999752044678
"methane_mobilenet_v3.xmodel","ang20191022t175031_r5939_c264_w151_h151",fraca,123,8,77,261936,0.93893129771,0.615,0.743202416918,0.591346153846,3.05408789665e-05,0.999675750732
"methane_mobilenet_v3.xmodel","ang20190923t183439_r11958_c293_w151_h151",forte,1375,331,4160,256278,0.805978898007,0.248419150858,0.379781798094,0.23440163655,0.00128990019836,0.98286819458
"methane_mobilenet_v3.xmodel","ang20191022t183431_r2378_c366_w151_h151",fraca,198,106,343,261497,0.651315789474,0.365988909427,0.468639053254,0.306027820711,0.000405194130037,0.998287200928
"methane_mobilenet_v3.xmodel","ang20191019t170014_r2002_c351_w151_h151",fraca,181,46,191,261726,0.797356828194,0.486559139785,0.604340567613,0.433014354067,0.00017572544046,0.999095916748
"methane_mobilenet_v3.xmodel","ang20191022t191141_r3762_c440_w151_h151",fraca,629,80,76,261359,0.887165021157,0.89219858156,0.889674681754,0.80127388535,0.000305998722455,0.999404907227
"methane_mobilenet_v3.xmodel","ang20191016t153826_r5359_c360_w151_h151",fraca,25,1,144,261974,0.961538461538,0.147928994083,0.25641025641,0.147058823529,3.81715812578e-06,0.999446868896
"methane_mobilenet_v3.xmodel","ang20191006t174505_r8318_c402_w151_h151",fraca,189,53,39,261863,0.780991735537,0.828947368421,0.804255319149,0.672597864769,0.000202354953497,0.999649047852
"methane_mobilenet_v3.xmodel","ang20191006t171344_r6609_c517_w151_h151",fraca,534,100,189,261321,0.842271293375,0.738589211618,0.787030213707,0.648845686513,0.000382524739788,0.99889755249
"methane_mobilenet_v3.xmodel","ang20191022t164918_r3452_c148_w151_h151",fraca,403,69,48,261624,0.853813559322,0.893569844789,0.87323943662,0.775,0.000263667732801,0.99955368042
"methane_mobilenet_v3.xmodel","ang20190926t182043_r2733_c352_w151_h151",fraca,416,296,53,261379,0.584269662921,0.886993603412,0.704487722269,0.543790849673,0.00113117416643,0.998668670654
"methane_mobilenet_v3.xmodel","ang20191023t145837_r969_c338_w151_h151",fraca,388,209,164,261383,0.649916247906,0.702898550725,0.675369886858,0.509855453351,0.000798954096456,0.99857711792
"methane_mobilenet_v3.xmodel","ang20191017t160033_r11427_c47_w151_h151",fraca,487,87,26,261544,0.848432055749,0.949317738791,0.896044158234,0.811666666667,0.000332529402097,0.999568939209
"methane_mobilenet_v3.xmodel","ang20190926t171159_r7992_c91_w151_h151",fraca,377,65,5,261697,0.852941176471,0.986910994764,0.915048543689,0.843400447427,0.000248317173616,0.999732971191
"methane_mobilenet_v3.xmodel","ang20190926t172904_r8191_c333_w151_h151",fraca,190,34,64,261856,0.848214285714,0.748031496063,0.794979079498,0.659722222222,0.000129825499255,0.999626159668
"methane_mobilenet_v3.xmodel","ang20191006t152009_r1798_c487_w151_h151",fraca,141,37,34,261932,0.792134831461,0.805714285714,0.798866855524,0.665094339623,0.000141238085422,0.999729156494
"methane_mobilenet_v3.xmodel","ang20191016t143714_r2968_c223_w151_h151",forte,53,37,1488,260566,0.588888888889,0.0343932511356,0.0649908031882,0.0335868187579,0.000141978411607,0.99418258667
"methane_mobilenet_v3.xmodel","ang20190927t151239_r5770_c331_w151_h151",fraca,318,89,37,261700,0.781326781327,0.895774647887,0.834645669291,0.716216216216,0.000339968447872,0.999519348145
"methane_mobilenet_v3.xmodel","ang20191006t172739_r6369_c536_w151_h151",fraca,443,53,236,261412,0.89314516129,0.652430044183,0.754042553191,0.605191256831,0.000202703994799,0.99889755249
"methane_mobilenet_v3.xmodel","ang20191016t155337_r11453_c421_w151_h151",fraca,167,38,45,261894,0.814634146341,0.787735849057,0.800959232614,0.668,0.000145075821206,0.999683380127
"methane_mobilenet_v3.xmodel","ang20191011t194308_r5470_c298_w151_h151",fraca,164,46,13,261921,0.780952380952,0.926553672316,0.847545219638,0.735426008969,0.000175594635966,0.999774932861
"methane_mobilenet_v3.xmodel","ang20191011t163647_r8810_c409_w151_h151",fraca,48,7,14,262075,0.872727272727,0.774193548387,0.820512820513,0.695652173913,2.67091978846e-05,0.999919891357
"methane_mobilenet_v3.xmodel","ang20191007t180411_r7702_c402_w151_h151",fraca,155,24,153,261812,0.865921787709,0.503246753247,0.636550308008,0.46686746988,9.16604286653e-05,0.999324798584
"methane_mobilenet_v3.xmodel","ang20190926t191417_r7044_c188_w151_h151",fraca,0,0,980,261164,0,0,0,0,0,0.99626159668
"methane_mobilenet_v3.xmodel","ang20191022t150110_r4122_c407_w151_h151",fraca,172,37,658,261277,0.822966507177,0.207228915663,0.331087584216,0.198385236448,0.000141592107579,0.9973487854
"methane_mobilenet_v3.xmodel","ang20191017t170330_r1503_c32_w151_h151",fraca,0,0,22,262122,0,0,0,0,0,0.99991607666
"methane_mobilenet_v3.xmodel","ang20190928t183313_r9386_c282_w151_h151",forte,720,98,326,261000,0.880195599022,0.688336520076,0.772532188841,0.629370629371,0.000375337995695,0.998382568359
"methane_mobilenet_v3.xmodel","ang20191017t170330_r762_c514_w151_h151",fraca,0,0,349,261795,0,0,0,0,0,0.998668670654
"methane_mobilenet_v3.xmodel","ang20191022t192048_r5198_c309_w151_h151",fraca,161,11,41,261931,0.936046511628,0.79702970297,0.860962566845,0.755868544601,4.19940292126e-05,0.999801635742
"methane_mobilenet_v3.xmodel","ang20191013t144828_r2842_c520_w151_h151",fraca,0,0,645,261499,0,0,0,0,0,0.997539520264
"methane_mobilenet_v3.xmodel","ang20191022t165908_r3993_c44_w151_h151",fraca,635,141,28,261340,0.818298969072,0.957767722474,0.88255733148,0.789800995025,0.000539236120406,0.999355316162
"methane_mobilenet_v3.xmodel","ang20191011t181301_r5184_c82_w151_h151",fraca,0,0,20,262124,0,0,0,0,0,0.999923706055
"methane_mobilenet_v3.xmodel","ang20191017t150903_r3051_c48_w151_h151",fraca,102,60,11,261971,0.62962962963,0.902654867257,0.741818181818,0.589595375723,0.00022898054047,0.999729156494
"methane_mobilenet_v3.xmodel","ang20191019t171416_r2073_c298_w151_h151",fraca,263,55,323,261503,0.827044025157,0.448805460751,0.58185840708,0.410296411856,0.000210278408613,0.998558044434
"methane_mobilenet_v3.xmodel","ang20191006t182329_r9431_c223_w151_h151",fraca,62,63,88,261931,0.496,0.413333333333,0.450909090909,0.291079812207,0.000240463522065,0.999423980713
"methane_mobilenet_v3.xmodel","ang20190924t183641_r12120_c311_w151_h151",fraca,19,3,119,262003,0.863636363636,0.13768115942,0.2375,0.13475177305,1.14501194629e-05,0.999534606934
"methane_mobilenet_v3.xmodel","ang20191022t150110_r4057_c323_w151_h151",fraca,207,43,623,261271,0.828,0.249397590361,0.383333333333,0.237113402062,0.00016455298989,0.997459411621
"methane_mobilenet_v3.xmodel","ang20190927t173620_r6630_c421_w151_h151",fraca,423,51,66,261604,0.892405063291,0.865030674847,0.878504672897,0.783333333333,0.000194913148994,0.99955368042
"methane_mobilenet_v3.xmodel","ang20191022t173357_r3908_c437_w151_h151",fraca,429,51,28,261636,0.89375,0.938730853392,0.915688367129,0.844488188976,0.000194889314334,0.999698638916
"methane_mobilenet_v3.xmodel","ang20191006t180341_r7440_c429_w151_h151",fraca,284,177,145,261538,0.616052060738,0.662004662005,0.638202247191,0.468646864686,0.000676308197849,0.99877166748
"methane_mobilenet_v3.xmodel","ang20190926t223557_r4139_c225_w151_h151",fraca,52,16,64,262012,0.764705882353,0.448275862069,0.565217391304,0.393939393939,6.10621765613e-05,0.999694824219
"methane_mobilenet_v3.xmodel","ang20190928t181405_r2149_c243_w151_h151",fraca,364,61,23,261696,0.856470588235,0.940568475452,0.896551724138,0.8125,0.000233040568161,0.99967956543
"methane_mobilenet_v3.xmodel","ang20191017t164928_r6688_c260_w151_h151",fraca,160,29,30,261925,0.846560846561,0.842105263158,0.844327176781,0.730593607306,0.000110706459913,0.999774932861
"methane_mobilenet_v3.xmodel","ang20190926t172904_r3349_c562_w151_h151",fraca,360,221,35,261528,0.619621342513,0.911392405063,0.737704918033,0.584415584416,0.000844320322141,0.9990234375
"methane_mobilenet_v3.xmodel","ang20190926t185727_r6903_c288_w151_h151",fraca,570,73,62,261439,0.886469673406,0.901898734177,0.894117647059,0.808510638298,0.000279145890055,0.999485015869
"methane_mobilenet_v3.xmodel","ang20191007t184008_r3035_c411_w151_h151",fraca,0,0,311,261833,0,0,0,0,0,0.99881362915
"methane_mobilenet_v3.xmodel","ang20191019t182848_r6046_c81_w151_h151",fraca,574,115,74,261381,0.833091436865,0.885802469136,0.858638743455,0.752293577982,0.000439777281488,0.999279022217
"methane_mobilenet_v3.xmodel","ang20191007t175016_r4889_c526_w151_h151",fraca,94,15,32,262003,0.862385321101,0.746031746032,0.8,0.666666666667,5.72479753299e-05,0.999820709229
"methane_mobilenet_v3.xmodel","ang20191011t192741_r2691_c128_w151_h151",fraca,112,35,115,261882,0.761904761905,0.493392070485,0.598930481283,0.427480916031,0.000133630119465,0.99942779541
"methane_mobilenet_v3.xmodel","ang20191023t182357_r3420_c144_w151_h151",fraca,261,50,366,261467,0.83922829582,0.416267942584,0.556503198294,0.38552437223,0.000191192159592,0.998413085938
"methane_mobilenet_v3.xmodel","ang20191006t174505_r5751_c335_w151_h151",fraca,262,35,47,261800,0.882154882155,0.847896440129,0.864686468647,0.761627906977,0.000133671968988,0.999687194824
"methane_mobilenet_v3.xmodel","ang20191011t192741_r7362_c453_w151_h151",fraca,683,118,126,261217,0.852684144819,0.844252163164,0.848447204969,0.736785329018,0.000451527732604,0.999069213867
"methane_mobilenet_v3.xmodel","ang20191011t161719_r2437_c284_w151_h151",fraca,91,22,115,261916,0.805309734513,0.441747572816,0.570532915361,0.399122807018,8.39893409891e-05,0.999477386475
"methane_mobilenet_v3.xmodel","ang20191019t173905_r2861_c308_w151_h151",fraca,60,18,66,262000,0.769230769231,0.47619047619,0.588235294118,0.416666666667,6.86975703959e-05,0.99967956543
"methane_mobilenet_v3.xmodel","ang20191006t160931_r10165_c277_w151_h151",fraca,29,291,25,261799,0.090625,0.537037037037,0.155080213904,0.0840579710145,0.00111030562021,0.998794555664
"methane_mobilenet_v3.xmodel","ang20191006t182329_r5877_c264_w151_h151",fraca,119,24,13,261988,0.832167832168,0.901515151515,0.865454545455,0.762820512821,9.15988580676e-05,0.999858856201
"methane_mobilenet_v3.xmodel","ang20191022t173357_r1119_c519_w151_h151",fraca,73,39,14,262018,0.651785714286,0.83908045977,0.733668341709,0.579365079365,0.0001488225844,0.999797821045
"methane_mobilenet_v3.xmodel","ang20191017t163235_r6330_c317_w151_h151",forte,5200,1136,571,255237,0.820707070707,0.901057009184,0.859007185925,0.752859417982,0.00443104383067,0.993488311768
"methane_mobilenet_v3.xmodel","ang20191006t182329_r2016_c59_w151_h151",fraca,400,60,20,261664,0.869565217391,0.952380952381,0.909090909091,0.833333333333,0.000229249132674,0.999694824219
"methane_mobilenet_v3.xmodel","ang20191016t165454_r283_c95_w151_h151",fraca,234,170,488,261252,0.579207920792,0.324099722992,0.415630550622,0.262331838565,0.00065028957012,0.997489929199
"methane_mobilenet_v3.xmodel","ang20190923t163307_r12822_c605_w151_h151",fraca,55,27,50,262012,0.670731707317,0.52380952381,0.588235294118,0.416666666667,0.000103038097382,0.999706268311
"methane_mobilenet_v3.xmodel","ang20191011t175712_r4592_c251_w151_h151",fraca,155,133,50,261806,0.538194444444,0.756097560976,0.628803245436,0.458579881657,0.00050775180481,0.9993019104
"methane_mobilenet_v3.xmodel","ang20191017t154425_r7934_c553_w151_h151",fraca,796,119,146,261083,0.869945355191,0.845010615711,0.857296715132,0.750235626767,0.000455586098116,0.998989105225
"methane_mobilenet_v3.xmodel","ang20191006t164135_r11597_c261_w151_h151",fraca,158,50,213,261723,0.759615384615,0.425876010782,0.545768566494,0.375296912114,0.000191005183881,0.998996734619
"methane_mobilenet_v3.xmodel","ang20191016t153826_r8147_c160_w151_h151",fraca,1,0,667,261476,1,0.00149700598802,0.00298953662182,0.00149700598802,0,0.997455596924
"methane_mobilenet_v3.xmodel","ang20191017t144928_r9603_c193_w151_h151",fraca,228,79,25,261812,0.742671009772,0.901185770751,0.814285714286,0.686746987952,0.000301652214089,0.999603271484
"methane_mobilenet_v3.xmodel","ang20191022t172245_r2236_c515_w151_h151",fraca,313,66,36,261729,0.825857519789,0.896848137536,0.85989010989,0.75421686747,0.000252105655188,0.999610900879
"methane_mobilenet_v3.xmodel","ang20190927t182905_r1592_c329_w151_h151",fraca,0,0,53,262091,0,0,0,0,0,0.999797821045
"methane_mobilenet_v3.xmodel","ang20191016t163955_r2589_c89_w151_h151",fraca,145,38,313,261648,0.792349726776,0.316593886463,0.452418096724,0.292338709677,0.000145212200882,0.99866104126
"methane_mobilenet_v3.xmodel","ang20191017t143318_r6653_c313_w151_h151",fraca,83,96,34,261931,0.463687150838,0.709401709402,0.560810810811,0.389671361502,0.000366374457594,0.999504089355
"methane_mobilenet_v3.xmodel","ang20191017t174946_r10277_c360_w151_h151",forte,1486,101,98,260459,0.936357908003,0.938131313131,0.937243771681,0.881899109792,0.000387626650292,0.999240875244
"methane_mobilenet_v3.xmodel","ang20191011t171218_r2904_c116_w151_h151",fraca,89,26,31,261998,0.773913043478,0.741666666667,0.757446808511,0.609589041096,9.92275516747e-05,0.999782562256
"methane_mobilenet_v3.xmodel","ang20191013t152730_r7052_c86_w151_h151",forte,1196,146,11324,249478,0.891207153502,0.0955271565495,0.172558072428,0.0944260224222,0.000584879659007,0.956245422363
"methane_mobilenet_v3.xmodel","ang20191016t152245_r7098_c320_w151_h151",fraca,57,15,4,262068,0.791666666667,0.934426229508,0.857142857143,0.75,5.72337770859e-05,0.999927520752
"methane_mobilenet_v3.xmodel","ang20191006t150453_r1807_c85_w151_h151",forte,1993,749,313,259089,0.726841721371,0.864267129228,0.789619651347,0.652373158756,0.00288256529068,0.995948791504
"methane_mobilenet_v3.xmodel","ang20191019t171416_r2192_c262_w151_h151",fraca,446,79,140,261479,0.849523809524,0.761092150171,0.802880288029,0.670676691729,0.000302036259644,0.999164581299
"methane_mobilenet_v3.xmodel","ang20191016t175642_r10789_c230_w151_h151",fraca,42,10,6,262086,0.807692307692,0.875,0.84,0.724137931034,3.81539588548e-05,0.999938964844
"methane_mobilenet_v3.xmodel","ang20191013t144828_r697_c43_w151_h151",fraca,741,167,197,261039,0.816079295154,0.789978678038,0.802816901408,0.670588235294,0.000639342128435,0.998611450195
"methane_mobilenet_v3.xmodel","ang20191011t175712_r958_c410_w151_h151",fraca,0,2,27,262115,0,0,0,0,7.63018041562e-06,0.999889373779
"methane_mobilenet_v3.xmodel","ang20191011t192741_r10154_c395_w151_h151",fraca,27,1,17,262099,0.964285714286,0.613636363636,0.75,0.6,3.81533765738e-06,0.999931335449
"methane_mobilenet_v3.xmodel","ang20191007t193705_r2739_c559_w151_h151",fraca,349,66,270,261459,0.840963855422,0.563812600969,0.675048355899,0.509489051095,0.000252365930599,0.998718261719
"methane_mobilenet_v3.xmodel","ang20191019t164827_r4292_c325_w151_h151",fraca,0,0,184,261960,0,0,0,0,0,0.999298095703
"methane_mobilenet_v3.xmodel","ang20190928t185111_r1236_c350_w151_h151",fraca,485,121,55,261483,0.800330033003,0.898148148148,0.846422338569,0.733736762481,0.000462531153958,0.999328613281
"methane_mobilenet_v3.xmodel","ang20191011t182731_r2914_c320_w151_h151",fraca,4,0,87,262053,1,0.043956043956,0.0842105263158,0.043956043956,0,0.999668121338
"methane_mobilenet_v3.xmodel","ang20191017t180347_r8010_c129_w151_h151",fraca,386,79,99,261580,0.830107526882,0.79587628866,0.812631578947,0.684397163121,0.00030191967408,0.999320983887
"methane_mobilenet_v3.xmodel","ang20191017t170330_r3709_c175_w151_h151",forte,1121,172,646,260205,0.866976024749,0.634408602151,0.732679738562,0.578133058277,0.00066058061964,0.996879577637
"methane_mobilenet_v3.xmodel","ang20191017t182024_r5925_c296_w151_h151",fraca,0,16,18,262110,0,0,0,0,6.10393474894e-05,0.999870300293
"methane_mobilenet_v3.xmodel","ang20190922t192642_r4928_c373_w151_h151",fraca,73,10,211,261850,0.879518072289,0.257042253521,0.397820163488,0.248299319728,3.81883449171e-05,0.999156951904
"methane_mobilenet_v3.xmodel","ang20191006t171344_r7119_c516_w151_h151",fraca,32,4,157,261951,0.888888888889,0.169312169312,0.284444444444,0.165803108808,1.52697982478e-05,0.99938583374
"methane_mobilenet_v3.xmodel","ang20190923t163307_r13596_c639_w151_h151",fraca,314,115,36,261679,0.731934731935,0.897142857143,0.806161745828,0.675268817204,0.000439276683194,0.999423980713
"methane_mobilenet_v3.xmodel","ang20191011t181301_r10726_c523_w151_h151",fraca,284,66,36,261758,0.811428571429,0.8875,0.84776119403,0.735751295337,0.000252077731606,0.999610900879
"methane_mobilenet_v3.xmodel","ang20191016t195058_r416_c816_w151_h151",forte,2055,368,1280,258441,0.848122162608,0.616191904048,0.713789510247,0.554955441534,0.001421898002,0.993713378906
"methane_mobilenet_v3.xmodel","ang20191016t165454_r7176_c190_w151_h151",fraca,79,18,20,262027,0.814432989691,0.79797979798,0.80612244898,0.675213675214,6.86904920911e-05,0.999855041504
"methane_mobilenet_v3.xmodel","ang20190926t223557_r2988_c24_w151_h151",fraca,84,36,12,262012,0.7,0.875,0.777777777778,0.636363636364,0.000137379411406,0.999816894531
"methane_mobilenet_v3.xmodel","ang20191016t155337_r7832_c527_w151_h151",forte,3502,612,442,257588,0.851239669421,0.887931034483,0.869198312236,0.768656716418,0.0023702556158,0.995979309082
"methane_mobilenet_v3.xmodel","ang20191022t165908_r4089_c472_w151_h151",fraca,199,30,125,261790,0.868995633188,0.614197530864,0.719710669078,0.562146892655,0.000114582537621,0.999408721924
"methane_mobilenet_v3.xmodel","ang20191016t152245_r9146_c549_w151_h151",fraca,22,9,3,262110,0.709677419355,0.88,0.785714285714,0.647058823529,3.43355498838e-05,0.999954223633
"methane_mobilenet_v3.xmodel","ang20191006t171344_r528_c506_w151_h151",fraca,79,16,219,261830,0.831578947368,0.265100671141,0.40203562341,0.251592356688,6.11046187454e-05,0.999103546143
"methane_mobilenet_v3.xmodel","ang20191011t182731_r2675_c491_w151_h151",fraca,0,0,91,262053,0,0,0,0,0,0.999652862549
"methane_mobilenet_v3.xmodel","ang20191019t183727_r5903_c124_w151_h151",fraca,260,55,263,261566,0.825396825397,0.497131931166,0.620525059666,0.449826989619,0.000210227772235,0.99878692627
"methane_mobilenet_v3.xmodel","ang20190927t171836_r11777_c526_w151_h151",forte,758,130,385,260871,0.853603603604,0.663167104112,0.746430329887,0.595443833464,0.000498082382826,0.998035430908
"methane_mobilenet_v3.xmodel","ang20191016t171023_r5974_c472_w151_h151",fraca,229,75,4,261836,0.753289473684,0.982832618026,0.852886405959,0.743506493506,0.000286356815865,0.999698638916
"methane_mobilenet_v3.xmodel","ang20191013t152730_r7245_c298_w151_h151",forte,2242,351,6327,253224,0.86463555727,0.261640798226,0.401720121842,0.25134529148,0.00138420585626,0.97452545166
"methane_mobilenet_v3.xmodel","ang20191019t184718_r1275_c527_w151_h151",fraca,703,85,221,261135,0.892131979695,0.760822510823,0.821261682243,0.696729435084,0.000325396217747,0.998832702637
"methane_mobilenet_v3.xmodel","ang20191013t145516_r6548_c542_w151_h151",forte,465,134,1619,259926,0.776293823038,0.223128598848,0.346626910175,0.20964833183,0.000515265707914,0.993312835693
"methane_mobilenet_v3.xmodel","ang20191013t145516_r6578_c510_w151_h151",forte,119,53,1538,260434,0.691860465116,0.0718165359083,0.130125751777,0.0695906432749,0.00020346504816,0.99393081665
"methane_mobilenet_v3.xmodel","ang20190927t173620_r10774_c528_w151_h151",fraca,371,50,228,261495,0.881235154394,0.619365609349,0.727450980392,0.571648690293,0.000191171691296,0.99893951416
"methane_mobilenet_v3.xmodel","ang20191017t191119_r1314_c197_w151_h151",fraca,0,0,130,262014,0,0,0,0,0,0.999504089355
"methane_mobilenet_v3.xmodel","ang20191007t193705_r7885_c86_w151_h151",fraca,152,28,61,261903,0.844444444444,0.713615023474,0.773536895674,0.630705394191,0.000106898381635,0.999660491943
"methane_mobilenet_v3.xmodel","ang20191013t144828_r3782_c461_w151_h151",fraca,271,58,309,261506,0.823708206687,0.46724137931,0.596259625963,0.424764890282,0.000221743053325,0.998600006104
"methane_mobilenet_v3.xmodel","ang20191022t184525_r2341_c36_w151_h151",fraca,93,15,23,262013,0.861111111111,0.801724137931,0.830357142857,0.709923664122,5.72457905262e-05,0.999855041504
"methane_mobilenet_v3.xmodel","ang20191008t183946_r6239_c233_w151_h151",fraca,71,395,14,261664,0.152360515021,0.835294117647,0.257713248639,0.147916666667,0.00150729415895,0.998439788818
"methane_mobilenet_v3.xmodel","ang20191007t190840_r8184_c152_w151_h151",fraca,223,395,14,261512,0.360841423948,0.940928270042,0.521637426901,0.352848101266,0.00150816893019,0.998439788818
"methane_mobilenet_v3.xmodel","ang20190924t183641_r12619_c558_w151_h151",fraca,51,22,2,262069,0.698630136986,0.962264150943,0.809523809524,0.68,8.39403108081e-05,0.999908447266
"methane_mobilenet_v3.xmodel","ang20191013t173258_r104_c646_w151_h151",fraca,197,43,11,261893,0.820833333333,0.947115384615,0.879464285714,0.784860557769,0.000164162238104,0.999794006348
"methane_mobilenet_v3.xmodel","ang20191022t152357_r5293_c281_w151_h151",forte,0,0,5764,256380,0,0,0,0,0,0.978012084961
"methane_mobilenet_v3.xmodel","ang20191007t190840_r7494_c425_w151_h151",fraca,55,7,8,262074,0.887096774194,0.873015873016,0.88,0.785714285714,2.67092997966e-05,0.999942779541
"methane_mobilenet_v3.xmodel","ang20190928t175550_r8789_c183_w151_h151",fraca,173,48,60,261863,0.782805429864,0.742489270386,0.762114537445,0.615658362989,0.000183268362154,0.999588012695
"methane_mobilenet_v3.xmodel","ang20190927t190436_r7288_c42_w151_h151",fraca,89,78,248,261729,0.532934131737,0.26409495549,0.353174603175,0.214457831325,0.000297929390734,0.998756408691
"methane_mobilenet_v3.xmodel","ang20191006t164135_r10178_c163_w151_h151",forte,107,28,1000,261009,0.792592592593,0.096657633243,0.17230273752,0.0942731277533,0.00010726448741,0.996078491211
"methane_mobilenet_v3.xmodel","ang20191006t162415_r6910_c231_w151_h151",fraca,578,168,7,261391,0.774798927614,0.988034188034,0.868519909842,0.767596281541,0.000642302501539,0.999332427979
"methane_mobilenet_v3.xmodel","ang20191007t184008_r10222_c448_w151_h151",fraca,0,0,50,262094,0,0,0,0,0,0.999809265137
"methane_mobilenet_v3.xmodel","ang20191016t163955_r5549_c307_w151_h151",forte,2800,561,188,258595,0.833085391253,0.937081659973,0.882028665932,0.788954635108,0.00216471931964,0.997142791748
"methane_mobilenet_v3.xmodel","ang20191006t164135_r10153_c33_w151_h151",forte,826,159,281,260878,0.838578680203,0.746160794941,0.789674952199,0.652448657188,0.000609109053506,0.998321533203
"methane_mobilenet_v3.xmodel","ang20191019t170014_r10999_c380_w151_h151",fraca,789,123,160,261072,0.865131578947,0.831401475237,0.847931219774,0.736007462687,0.000470912536611,0.998920440674
"methane_mobilenet_v3.xmodel","ang20191006t150453_r5792_c230_w151_h151",forte,1409,286,204,260245,0.831268436578,0.873527588345,0.851874244256,0.741969457609,0.00109775804031,0.99813079834
"methane_mobilenet_v3.xmodel","ang20190926t223557_r5830_c155_w151_h151",fraca,130,51,6,261957,0.718232044199,0.955882352941,0.820189274448,0.695187165775,0.000194650545022,0.999782562256
"methane_mobilenet_v3.xmodel","ang20191006t165608_r11244_c455_w151_h151",fraca,168,43,17,261916,0.796208530806,0.908108108108,0.848484848485,0.736842105263,0.00016414782466,0.999771118164
"methane_mobilenet_v3.xmodel","ang20191017t164928_r594_c397_w151_h151",fraca,653,187,98,261206,0.777380952381,0.869507323569,0.820867379007,0.696162046908,0.000715397887472,0.998912811279
"methane_mobilenet_v3.xmodel","ang20191011t191345_r6299_c361_w151_h151",fraca,5,0,17,262122,1,0.227272727273,0.37037037037,0.227272727273,0,0.999935150146
"methane_mobilenet_v3.xmodel","ang20191022t192048_r4785_c373_w151_h151",fraca,655,94,71,261324,0.874499332443,0.902203856749,0.88813559322,0.798780487805,0.000359577381818,0.999370574951
"methane_mobilenet_v3.xmodel","ang20191010t161700_r8845_c3_w151_h151",fraca,41,11,6,262086,0.788461538462,0.872340425532,0.828282828283,0.706896551724,4.19691946112e-05,0.999935150146
"methane_mobilenet_v3.xmodel","ang20191016t145145_r8966_c264_w151_h151",fraca,43,22,15,262064,0.661538461538,0.741379310345,0.69918699187,0.5375,8.39419121968e-05,0.999858856201
"methane_mobilenet_v3.xmodel","ang20191011t163647_r5264_c395_w151_h151",fraca,376,99,201,261468,0.791578947368,0.65164644714,0.714828897338,0.556213017751,0.000378488112032,0.99885559082
"methane_mobilenet_v3.xmodel","ang20191023t165811_r4914_c354_w151_h151",fraca,520,120,5,261499,0.8125,0.990476190476,0.892703862661,0.806201550388,0.00045868228225,0.999523162842
"methane_mobilenet_v3.xmodel","ang20191019t184718_r6044_c83_w151_h151",fraca,172,31,290,261651,0.847290640394,0.372294372294,0.517293233083,0.348884381339,0.000118464395717,0.998775482178
"methane_mobilenet_v3.xmodel","ang20191022t173357_r2340_c8_w151_h151",fraca,112,19,8,262005,0.854961832061,0.933333333333,0.892430278884,0.805755395683,7.25124416084e-05,0.999897003174
"methane_mobilenet_v3.xmodel","ang20191017t170330_r677_c291_w151_h151",fraca,90,69,259,261726,0.566037735849,0.25787965616,0.354330708661,0.215311004785,0.000263565003151,0.998748779297
"methane_mobilenet_v3.xmodel","ang20190927t184620_r7506_c426_w151_h151",fraca,0,56,495,261593,0,0,0,0,0.000214027189097,0.997898101807
"methane_mobilenet_v3.xmodel","ang20191019t172500_r10990_c375_w151_h151",fraca,826,165,93,261060,0.833501513623,0.89880304679,0.864921465969,0.761992619926,0.000631639391329,0.999015808105
"methane_mobilenet_v3.xmodel","ang20191019t172500_r6838_c563_w151_h151",fraca,431,80,535,261098,0.843444227006,0.446169772257,0.583615436696,0.412045889101,0.000306304512631,0.997653961182
"methane_mobilenet_v3.xmodel","ang20191006t172739_r6284_c381_w151_h151",fraca,519,107,363,261155,0.829073482428,0.58843537415,0.688328912467,0.524772497472,0.000409550566098,0.998207092285
"methane_mobilenet_v3.xmodel","ang20191006t165608_r8248_c345_w151_h151",fraca,228,55,9,261852,0.805653710247,0.962025316456,0.876923076923,0.780821917808,0.00020999820547,0.999755859375
"methane_mobilenet_v3.xmodel","ang20190927t164322_r10185_c44_w151_h151",forte,785,89,231,261039,0.898169336384,0.772637795276,0.830687830688,0.710407239819,0.000340829018719,0.998779296875
"methane_mobilenet_v3.xmodel","ang20191016t145145_r3279_c318_w151_h151",fraca,69,13,9,262053,0.841463414634,0.884615384615,0.8625,0.758241758242,4.9605824487e-05,0.99991607666
"methane_mobilenet_v3.xmodel","ang20191017t171949_r1871_c381_w151_h151",forte,562,127,1188,260267,0.815674891147,0.321142857143,0.460844608446,0.299413958444,0.000487722451362,0.994983673096
"methane_mobilenet_v3.xmodel","ang20190923t163307_r11597_c539_w151_h151",fraca,127,40,5,261972,0.760479041916,0.962121212121,0.849498327759,0.738372093023,0.000152664763446,0.999828338623
"methane_mobilenet_v3.xmodel","ang20190927t182905_r6901_c261_w151_h151",fraca,168,34,112,261830,0.831683168317,0.6,0.697095435685,0.535031847134,0.000129838389393,0.999443054199
"methane_mobilenet_v3.xmodel","ang20190926t223557_r2793_c508_w151_h151",fraca,38,21,0,262085,0.64406779661,1,0.783505154639,0.64406779661,8.012025669e-05,0.999919891357
"methane_mobilenet_v3.xmodel","ang20191007t201917_r6959_c1883_w151_h151",fraca,43,8,18,262075,0.843137254902,0.704918032787,0.767857142857,0.623188405797,3.05246811125e-05,0.999900817871
"methane_mobilenet_v3.xmodel","ang20191006t165608_r3827_c49_w151_h151",forte,11017,1438,10987,238702,0.884544359695,0.500681694237,0.639426564903,0.469968432728,0.00598817356542,0.952602386475
"methane_mobilenet_v3.xmodel","ang20191006t150453_r2368_c105_w151_h151",fraca,282,61,306,261495,0.822157434402,0.479591836735,0.605800214823,0.434514637904,0.000233219654682,0.998600006104
"methane_mobilenet_v3.xmodel","ang20191006t165608_r1067_c494_w151_h151",forte,1453,180,973,259538,0.889773423148,0.598928276999,0.715939886672,0.557559478127,0.00069305939519,0.995601654053
"methane_mobilenet_v3.xmodel","ang20191007t193705_r2294_c90_w151_h151",fraca,88,18,10,262028,0.830188679245,0.897959183673,0.862745098039,0.758620689655,6.86902299596e-05,0.999893188477
"methane_mobilenet_v3.xmodel","ang20191016t163955_r5157_c260_w151_h151",fraca,174,47,111,261812,0.787330316742,0.610526315789,0.687747035573,0.524096385542,0.000179485906537,0.999397277832
"methane_mobilenet_v3.xmodel","ang20191016t165454_r596_c345_w151_h151",forte,1156,238,410,260340,0.829268292683,0.738186462324,0.781081081081,0.640798226164,0.000913354158832,0.997528076172
"methane_mobilenet_v3.xmodel","ang20190923t181729_r2423_c148_w151_h151",fraca,101,20,5,262018,0.834710743802,0.952830188679,0.88986784141,0.801587301587,7.63248078523e-05,0.999904632568
"methane_mobilenet_v3.xmodel","ang20191023t182357_r9451_c132_w151_h151",forte,6141,756,25838,229409,0.890387124837,0.192032271178,0.315927564564,0.187597372843,0.00328460017813,0.898551940918
"methane_mobilenet_v3.xmodel","ang20191007t195115_r2387_c379_w151_h151",fraca,80,15,86,261963,0.842105263158,0.481927710843,0.613026819923,0.441988950276,5.72567162128e-05,0.999614715576
"methane_mobilenet_v3.xmodel","ang20190926t163428_r7652_c191_w151_h151",fraca,60,29,5,262050,0.674157303371,0.923076923077,0.779220779221,0.63829787234,0.000110653657867,0.999870300293
"methane_mobilenet_v3.xmodel","ang20190923t163307_r4370_c239_w151_h151",fraca,298,74,369,261403,0.801075268817,0.446776611694,0.573628488932,0.402159244265,0.000283007683276,0.998310089111
"methane_mobilenet_v3.xmodel","ang20191016t181351_r1747_c71_w151_h151",fraca,1,0,14,262129,1,0.0666666666667,0.125,0.0666666666667,0,0.999946594238
"methane_mobilenet_v3.xmodel","ang20191017t163235_r2777_c162_w151_h151",fraca,98,31,24,261991,0.759689922481,0.803278688525,0.780876494024,0.640522875817,0.000118310676203,0.99979019165
"methane_mobilenet_v3.xmodel","ang20191019t163936_r4058_c274_w151_h151",fraca,59,4,40,262041,0.936507936508,0.59595959596,0.728395061728,0.572815533981,1.5264553798e-05,0.99983215332
"methane_mobilenet_v3.xmodel","ang20191023t142135_r14457_c557_w151_h151",fraca,8,0,80,262056,1,0.0909090909091,0.166666666667,0.0909090909091,0,0.999694824219
"methane_mobilenet_v3.xmodel","ang20191023t180821_r9422_c552_w151_h151",forte,13257,1982,5089,241816,0.869938972374,0.722609833206,0.78945958017,0.652154663518,0.00812968112946,0.973026275635
"methane_mobilenet_v3.xmodel","ang20191017t160033_r7323_c185_w151_h151",forte,1025,278,213,260628,0.786646201074,0.827948303716,0.806768988587,0.676121372032,0.00106551784934,0.998126983643
"methane_mobilenet_v3.xmodel","ang20191006t155231_r8094_c179_w151_h151",forte,658,157,1080,260249,0.80736196319,0.378596087457,0.515471993733,0.347229551451,0.000602904694976,0.995281219482
"methane_mobilenet_v3.xmodel","ang20190923t170747_r6732_c289_w151_h151",fraca,162,33,25,261924,0.830769230769,0.866310160428,0.848167539267,0.736363636364,0.000125974873739,0.999778747559
"methane_mobilenet_v3.xmodel","ang20191011t185825_r10236_c443_w151_h151",forte,1190,94,2021,258839,0.926791277259,0.37060105886,0.529477196885,0.360060514372,0.000363028273723,0.991931915283
"methane_mobilenet_v3.xmodel","ang20191019t171416_r5586_c43_w151_h151",fraca,280,199,137,261528,0.584551148225,0.671462829736,0.625,0.454545454545,0.000760334241404,0.998718261719
"methane_mobilenet_v3.xmodel","ang20191016t153826_r7139_c427_w151_h151",fraca,0,4,9,262131,0,0,0,0,1.52593129494e-05,0.999950408936
"methane_mobilenet_v3.xmodel","ang20191022t183431_r3309_c278_w151_h151",forte,158,31,904,261051,0.835978835979,0.148775894539,0.252597921663,0.144556267155,0.000118736642128,0.996433258057
"methane_mobilenet_v3.xmodel","ang20191007t184008_r2748_c324_w151_h151",fraca,99,25,577,261443,0.798387096774,0.146449704142,0.2475,0.14122681883,9.56139948292e-05,0.997703552246
"methane_mobilenet_v3.xmodel","ang20191011t185825_r9617_c261_w151_h151",fraca,86,11,47,262000,0.886597938144,0.646616541353,0.747826086957,0.597222222222,4.19829701806e-05,0.999778747559
"methane_mobilenet_v3.xmodel","ang20191006t182329_r4796_c502_w151_h151",fraca,139,35,20,261950,0.798850574713,0.874213836478,0.834834834835,0.716494845361,0.000133595434853,0.99979019165
"methane_mobilenet_v3.xmodel","ang20191006t164135_r1114_c37_w151_h151",forte,2774,547,292,258531,0.835290575128,0.904761904762,0.86863942383,0.767783005812,0.00211133326643,0.996799468994
"methane_mobilenet_v3.xmodel","ang20191019t162211_r4062_c270_w151_h151",fraca,113,16,233,261782,0.875968992248,0.326589595376,0.475789473684,0.312154696133,6.11158221224e-05,0.999050140381
"methane_mobilenet_v3.xmodel","ang20190927t175410_r3898_c88_w151_h151",fraca,173,554,220,261197,0.237964236589,0.440203562341,0.308928571429,0.182682154171,0.00211651531417,0.997047424316
"methane_mobilenet_v3.xmodel","ang20191019t185452_r16114_c447_w151_h151",fraca,436,77,261,261370,0.849902534113,0.625538020086,0.720661157025,0.56330749354,0.000294514758249,0.998710632324
"methane_mobilenet_v3.xmodel","ang20191008t151045_r14764_c437_w151_h151",fraca,33,10,8,262093,0.767441860465,0.80487804878,0.785714285714,0.647058823529,3.81529398748e-05,0.999931335449
"methane_mobilenet_v3.xmodel","ang20191017t143318_r6133_c142_w151_h151",fraca,45,21,12,262066,0.681818181818,0.789473684211,0.731707317073,0.576923076923,8.01260650089e-05,0.99987411499
"methane_mobilenet_v3.xmodel","ang20191011t185825_r3021_c473_w151_h151",fraca,511,77,180,261376,0.869047619048,0.739507959479,0.799061767005,0.665364583333,0.000294507999526,0.999019622803
"methane_mobilenet_v3.xmodel","ang20191022t152357_r5468_c488_w151_h151",fraca,75,20,531,261518,0.789473684211,0.123762376238,0.213980028531,0.119808306709,7.64707231836e-05,0.997898101807
"methane_mobilenet_v3.xmodel","ang20190923t174142_r7604_c458_w151_h151",fraca,261,33,75,261775,0.887755102041,0.776785714286,0.828571428571,0.707317073171,0.000126046568478,0.999588012695
"methane_mobilenet_v3.xmodel","ang20191017t152518_r10030_c286_w151_h151",fraca,123,32,11,261978,0.793548387097,0.917910447761,0.851211072664,0.740963855422,0.000122132743025,0.999835968018
"methane_mobilenet_v3.xmodel","ang20191006t180341_r9393_c74_w151_h151",fraca,16,0,18,262110,1,0.470588235294,0.64,0.470588235294,0,0.999931335449
"methane_mobilenet_v3.xmodel","ang20190924t172057_r723_c368_w151_h151",fraca,9,2,259,261874,0.818181818182,0.0335820895522,0.0645161290323,0.0333333333333,7.63720234004e-06,0.999004364014
"methane_mobilenet_v3.xmodel","ang20191017t180347_r5261_c358_w151_h151",fraca,32,6,11,262095,0.842105263158,0.744186046512,0.79012345679,0.65306122449,2.28919386038e-05,0.999935150146
"methane_mobilenet_v3.xmodel","ang20191007t195115_r2286_c39_w151_h151",fraca,361,124,68,261591,0.744329896907,0.841491841492,0.789934354486,0.652802893309,0.000473797833521,0.999267578125
"methane_mobilenet_v3.xmodel","ang20191017t170330_r1517_c72_w151_h151",fraca,0,0,22,262122,0,0,0,0,0,0.99991607666
"methane_mobilenet_v3.xmodel","ang20191022t181138_r263_c319_w151_h151",fraca,87,35,47,261975,0.713114754098,0.649253731343,0.6796875,0.514792899408,0.000133582687684,0.999687194824
"methane_mobilenet_v3.xmodel","ang20191008t172458_r3311_c293_w151_h151",fraca,71,14,45,262014,0.835294117647,0.612068965517,0.706467661692,0.546153846154,5.34294044911e-05,0.999774932861
"methane_mobilenet_v3.xmodel","ang20191017t163235_r8296_c165_w151_h151",fraca,562,349,13,261220,0.616904500549,0.977391304348,0.756393001346,0.608225108225,0.0013342559707,0.99861907959
"methane_mobilenet_v3.xmodel","ang20191008t195936_r4543_c312_w151_h151",fraca,108,25,5,262006,0.812030075188,0.955752212389,0.878048780488,0.782608695652,9.54085585293e-05,0.999885559082
"methane_mobilenet_v3.xmodel","ang20191016t165454_r6589_c198_w151_h151",forte,3817,615,461,257251,0.861236462094,0.892239364189,0.876463834673,0.780094011854,0.0023849596302,0.995895385742
"methane_mobilenet_v3.xmodel","ang20190926t152524_r3345_c477_w151_h151",forte,1366,400,157,260221,0.773499433749,0.896913985555,0.830647613256,0.710348413937,0.00153479573787,0.997875213623
"methane_mobilenet_v3.xmodel","ang20191013t152730_r7030_c251_w151_h151",forte,291,43,12081,249729,0.87125748503,0.0235208535403,0.045805131434,0.0234393878373,0.000172157007191,0.953750610352
"methane_mobilenet_v3.xmodel","ang20191007t201917_r5730_c1636_w151_h151",fraca,97,42,26,261979,0.697841726619,0.788617886179,0.740458015267,0.587878787879,0.00016029249564,0.999740600586
"methane_mobilenet_v3.xmodel","ang20191006t171344_r362_c513_w151_h151",fraca,204,75,94,261771,0.731182795699,0.684563758389,0.707105719237,0.54691689008,0.000286427900369,0.999355316162
"methane_mobilenet_v3.xmodel","ang20191006t172739_r7343_c208_w151_h151",fraca,47,10,25,262062,0.824561403509,0.652777777778,0.728682170543,0.573170731707,3.81574529137e-05,0.999866485596
"methane_mobilenet_v3.xmodel","ang20191007t175016_r7968_c153_w151_h151",fraca,21,46,6,262071,0.313432835821,0.777777777778,0.446808510638,0.287671232877,0.000175494149559,0.999801635742
"methane_mobilenet_v3.xmodel","ang20191006t165608_r10173_c561_w151_h151",fraca,237,34,164,261709,0.874538745387,0.59102244389,0.705357142857,0.544827586207,0.000129898411801,0.999244689941
"methane_mobilenet_v3.xmodel","ang20191010t192008_r7417_c105_w151_h151",fraca,105,25,7,262007,0.807692307692,0.9375,0.867768595041,0.766423357664,9.5408194419e-05,0.999877929688
"methane_mobilenet_v3.xmodel","ang20191019t161418_r1635_c383_w151_h151",fraca,228,51,412,261453,0.817204301075,0.35625,0.496191512514,0.32995658466,0.000195025697504,0.998233795166
"methane_mobilenet_v3.xmodel","ang20191016t153826_r7820_c42_w151_h151",forte,881,156,644,260463,0.849566055931,0.577704918033,0.687743950039,0.524092801904,0.000598574931221,0.996948242188
"methane_mobilenet_v3.xmodel","ang20191016t145145_r9422_c135_w151_h151",fraca,24,10,1,262109,0.705882352941,0.96,0.813559322034,0.685714285714,3.8150610982e-05,0.99995803833
"methane_mobilenet_v3.xmodel","ang20191006t152009_r2242_c360_w151_h151",forte,312,79,1015,260738,0.797953964194,0.235116804823,0.363213038417,0.221906116643,0.000302894366548,0.995826721191
"methane_mobilenet_v3.xmodel","ang20190924t172057_r8202_c494_w151_h151",fraca,24,8,16,262096,0.75,0.6,0.666666666667,0.5,3.05222354485e-05,0.999908447266
"methane_mobilenet_v3.xmodel","ang20191007t190840_r7834_c60_w151_h151",fraca,51,25,1,262067,0.671052631579,0.980769230769,0.796875,0.662337662338,9.53863528837e-05,0.999900817871
"methane_mobilenet_v3.xmodel","ang20191007t180411_r288_c225_w151_h151",fraca,43,2,592,261507,0.955555555556,0.0677165354331,0.126470588235,0.0675039246468,7.64792033926e-06,0.997734069824
"methane_mobilenet_v3.xmodel","ang20190927t171836_r6325_c367_w151_h151",fraca,0,0,64,262080,0,0,0,0,0,0.999755859375
"methane_mobilenet_v3.xmodel","ang20190923t174142_r15511_c283_w151_h151",fraca,111,24,7,262002,0.822222222222,0.940677966102,0.877470355731,0.781690140845,9.15939639578e-05,0.999881744385
"methane_mobilenet_v3.xmodel","ang20191007t193705_r1503_c455_w151_h151",fraca,489,84,176,261395,0.853403141361,0.735338345865,0.789983844911,0.652870493992,0.000321249507609,0.999008178711
"methane_mobilenet_v3.xmodel","ang20191013t144828_r4230_c517_w151_h151",forte,154,30,1689,260271,0.836956521739,0.0835594139989,0.151948692649,0.0822210357715,0.000115251189969,0.9934425354
"methane_mobilenet_v3.xmodel","ang20191019t173905_r1636_c317_w151_h151",fraca,266,53,214,261611,0.833855799373,0.554166666667,0.665832290363,0.499061913696,0.000202549834903,0.99898147583
"methane_mobilenet_v3.xmodel","ang20191017t144928_r2143_c178_w151_h151",fraca,353,107,26,261658,0.767391304348,0.931398416887,0.84147794994,0.72633744856,0.000408763585659,0.999492645264
"methane_mobilenet_v3.xmodel","ang20190924t172057_r6127_c406_w151_h151",fraca,250,43,31,261820,0.853242320819,0.889679715302,0.871080139373,0.771604938272,0.000164208001894,0.999717712402
"methane_mobilenet_v3.xmodel","ang20190927t181142_r375_c537_w151_h151",fraca,103,29,187,261825,0.780303030303,0.355172413793,0.488151658768,0.322884012539,0.000110748737846,0.999176025391
"methane_mobilenet_v3.xmodel","ang20190928t183313_r147_c411_w151_h151",fraca,0,0,41,262103,0,0,0,0,0,0.999843597412
"methane_mobilenet_v3.xmodel","ang20191006t160931_r3800_c551_w151_h151",fraca,111,29,63,261941,0.792857142857,0.637931034483,0.707006369427,0.546798029557,0.000110699698439,0.999649047852
"methane_mobilenet_v3.xmodel","ang20191022t192048_r247_c308_w151_h151",fraca,280,60,183,261621,0.823529411765,0.60475161987,0.697384806974,0.535372848948,0.000229286803398,0.999073028564
"methane_mobilenet_v3.xmodel","ang20190926t184029_r4986_c41_w151_h151",fraca,87,19,44,261994,0.820754716981,0.664122137405,0.73417721519,0.58,7.25154858728e-05,0.999759674072
"methane_mobilenet_v3.xmodel","ang20191017t144928_r6206_c310_w151_h151",fraca,100,38,43,261963,0.724637681159,0.699300699301,0.711743772242,0.552486187845,0.00014503761436,0.999691009521
"methane_mobilenet_v3.xmodel","ang20191006t185838_r9516_c346_w151_h151",fraca,85,18,45,261996,0.825242718447,0.653846153846,0.729613733906,0.574324324324,6.86986191578e-05,0.999759674072
"methane_mobilenet_v3.xmodel","ang20191006t162415_r7871_c404_w151_h151",fraca,126,42,157,261819,0.75,0.445229681979,0.558758314856,0.387692307692,0.000160390436147,0.999240875244
"methane_mobilenet_v3.xmodel","ang20191011t182731_r1443_c388_w151_h151",fraca,0,0,248,261896,0,0,0,0,0,0.999053955078
"methane_mobilenet_v3.xmodel","ang20191019t185452_r13962_c178_w151_h151",fraca,200,53,21,261870,0.790513833992,0.904977375566,0.84388185654,0.729927007299,0.000202349545477,0.999717712402
"methane_mobilenet_v3.xmodel","ang20191019t175004_r1995_c344_w151_h151",fraca,378,85,423,261258,0.816414686825,0.47191011236,0.598101265823,0.426636568849,0.000325243071366,0.998062133789
"methane_mobilenet_v3.xmodel","ang20191008t165855_r7643_c259_w151_h151",fraca,12,1,12,262119,0.923076923077,0.5,0.648648648649,0.48,3.81504654357e-06,0.999950408936
"methane_mobilenet_v3.xmodel","ang20191022t163722_r443_c91_w151_h151",fraca,175,50,74,261845,0.777777777778,0.70281124498,0.738396624473,0.585284280936,0.000190916206877,0.999526977539
"methane_mobilenet_v3.xmodel","ang20190923t185208_r13422_c400_w151_h151",fraca,149,37,217,261741,0.801075268817,0.407103825137,0.539855072464,0.369727047146,0.000141341136383,0.999031066895
"methane_mobilenet_v3.xmodel","ang20191006t171344_r7203_c245_w151_h151",fraca,220,58,90,261776,0.791366906475,0.709677419355,0.748299319728,0.597826086957,0.000221514394616,0.999435424805
"methane_mobilenet_v3.xmodel","ang20191019t183727_r3339_c295_w151_h151",forte,894,230,232,260788,0.79537366548,0.793960923623,0.794666666667,0.659292035398,0.00088116528362,0.998237609863
"methane_mobilenet_v3.xmodel","ang20191006t183904_r11469_c320_w151_h151",fraca,84,19,24,262017,0.815533980583,0.777777777778,0.796208530806,0.661417322835,7.25091208842e-05,0.999835968018
"methane_mobilenet_v3.xmodel","ang20191007t200647_r746_c361_w151_h151",forte,207,38,8250,253649,0.844897959184,0.0244767648102,0.0475752700529,0.0243672748676,0.000149790884042,0.968383789062
"methane_mobilenet_v3.xmodel","ang20191016t172526_r4323_c72_w151_h151",fraca,202,53,19,261870,0.792156862745,0.914027149321,0.848739495798,0.737226277372,0.000202349545477,0.999725341797
"methane_mobilenet_v3.xmodel","ang20191011t192741_r3755_c404_w151_h151",fraca,142,28,8,261966,0.835294117647,0.946666666667,0.8875,0.797752808989,0.000106872676474,0.999862670898
"methane_mobilenet_v3.xmodel","ang20191016t162417_r3004_c187_w151_h151",fraca,508,113,141,261382,0.818035426731,0.782742681048,0.8,0.666666666667,0.000432130633473,0.999031066895
"methane_mobilenet_v3.xmodel","ang20191013t145516_r6136_c601_w151_h151",fraca,626,173,230,261115,0.783479349186,0.731308411215,0.756495468278,0.608357628766,0.000662104650807,0.998462677002
"methane_mobilenet_v3.xmodel","ang20191016t153826_r1567_c439_w151_h151",fraca,61,25,44,262014,0.709302325581,0.580952380952,0.638743455497,0.469230769231,9.54056457245e-05,0.999736785889
"methane_mobilenet_v3.xmodel","ang20191006t172739_r4855_c525_w151_h151",fraca,262,27,145,261710,0.906574394464,0.643734643735,0.752873563218,0.603686635945,0.000103156985829,0.99934387207
"methane_mobilenet_v3.xmodel","ang20191019t175004_r10988_c377_w151_h151",fraca,823,158,38,261125,0.838939857288,0.955865272938,0.893593919653,0.807654563297,0.000604708304788,0.999252319336
"methane_mobilenet_v3.xmodel","ang20191017t171949_r10456_c96_w151_h151",fraca,158,24,103,261859,0.868131868132,0.605363984674,0.713318284424,0.554385964912,9.16439784178e-05,0.999515533447
"methane_mobilenet_v3.xmodel","ang20191016t193637_r1734_c303_w151_h151",fraca,208,53,120,261763,0.7969348659,0.634146341463,0.706281833616,0.54593175853,0.000202432242491,0.999340057373
"methane_mobilenet_v3.xmodel","ang20191006t164135_r1882_c392_w151_h151",fraca,222,53,39,261830,0.807272727273,0.850574712644,0.828358208955,0.707006369427,0.000202380452339,0.999649047852
"methane_mobilenet_v3.xmodel","ang20190927t171836_r5840_c416_w151_h151",fraca,133,49,11,261951,0.730769230769,0.923611111111,0.815950920245,0.689119170984,0.000187022900763,0.999771118164
"methane_mobilenet_v3.xmodel","ang20191017t163235_r2877_c426_w151_h151",fraca,177,40,69,261858,0.815668202765,0.719512195122,0.764578833693,0.618881118881,0.00015273121597,0.999584197998
"methane_mobilenet_v3.xmodel","ang20191017t191119_r1300_c123_w151_h151",fraca,69,10,61,262004,0.873417721519,0.530769230769,0.66028708134,0.492857142857,3.81658995321e-05,0.999729156494
"methane_mobilenet_v3.xmodel","ang20190927t171836_r13108_c371_w151_h151",forte,6601,1453,15184,238906,0.819592748945,0.303006655956,0.442441100573,0.284060590412,0.00604512416843,0.936534881592
"methane_mobilenet_v3.xmodel","ang20191016t145145_r3793_c99_w151_h151",fraca,29,20,4,262091,0.591836734694,0.878787878788,0.707317073171,0.547169811321,7.63035507857e-05,0.999908447266
"methane_mobilenet_v3.xmodel","ang20191016t172526_r3581_c275_w151_h151",fraca,186,38,29,261891,0.830357142857,0.86511627907,0.847380410023,0.735177865613,0.000145077482829,0.999744415283
"methane_mobilenet_v3.xmodel","ang20190927t184620_r7445_c361_w151_h151",fraca,280,28,157,261679,0.909090909091,0.640732265446,0.751677852349,0.602150537634,0.000106989877993,0.999294281006
"methane_mobilenet_v3.xmodel","ang20191017t163235_r11612_c609_w151_h151",forte,15638,1100,7664,237742,0.934281276138,0.671101193031,0.781118881119,0.640849110729,0.00460555513687,0.966567993164
"methane_mobilenet_v3.xmodel","ang20191017t170330_r5877_c75_w151_h151",fraca,200,37,44,261863,0.84388185654,0.819672131148,0.831600831601,0.711743772242,0.000141275295914,0.999691009521
"methane_mobilenet_v3.xmodel","ang20191006t164135_r235_c476_w151_h151",forte,1128,284,220,260512,0.798866855524,0.836795252226,0.817391304348,0.691176470588,0.00108897375727,0.998077392578
"methane_mobilenet_v3.xmodel","ang20191016t171023_r2954_c487_w151_h151",fraca,132,47,5,261960,0.737430167598,0.963503649635,0.835443037975,0.717391304348,0.000179384520261,0.999801635742
"methane_mobilenet_v3.xmodel","ang20191017t161837_r4287_c171_w151_h151",fraca,11,0,8,262125,1,0.578947368421,0.733333333333,0.578947368421,0,0.999969482422
"methane_mobilenet_v3.xmodel","ang20191019t181857_r5896_c121_w151_h151",fraca,292,36,61,261755,0.890243902439,0.827195467422,0.857562408223,0.750642673522,0.000137514276656,0.999629974365
"methane_mobilenet_v3.xmodel","ang20190926t163428_r5854_c155_w151_h151",forte,775,90,649,260630,0.895953757225,0.544241573034,0.677151594583,0.511889035667,0.00034519791347,0.997180938721
"methane_mobilenet_v3.xmodel","ang20191016t200430_r499_c135_w151_h151",fraca,43,17,27,262057,0.716666666667,0.614285714286,0.661538461538,0.494252873563,6.48671749201e-05,0.99983215332
"methane_mobilenet_v3.xmodel","ang20191016t193637_r9155_c166_w151_h151",fraca,149,27,214,261754,0.846590909091,0.410468319559,0.552875695733,0.382051282051,0.000103139647262,0.999080657959
"methane_mobilenet_v3.xmodel","ang20191022t181138_r225_c391_w151_h151",fraca,30,21,104,261989,0.588235294118,0.223880597015,0.324324324324,0.193548387097,8.01496126102e-05,0.999523162842
"methane_mobilenet_v3.xmodel","ang20191023t165811_r7786_c494_w151_h151",forte,1106,146,186,260706,0.88338658147,0.856037151703,0.869496855346,0.769123783032,0.000559704353426,0.998733520508
"methane_mobilenet_v3.xmodel","ang20191007t182352_r3218_c318_w151_h151",fraca,16,10,6,262112,0.615384615385,0.727272727273,0.666666666667,0.5,3.81501743463e-05,0.999938964844
"methane_mobilenet_v3.xmodel","ang20191017t180347_r7328_c361_w151_h151",fraca,108,14,107,261915,0.885245901639,0.502325581395,0.640949554896,0.471615720524,5.34495989371e-05,0.999538421631
"methane_mobilenet_v3.xmodel","ang20191022t173357_r3153_c165_w151_h151",fraca,780,156,66,261142,0.833333333333,0.921985815603,0.875420875421,0.778443113772,0.000597019494983,0.999153137207
"methane_mobilenet_v3.xmodel","ang20191007t193705_r2977_c392_w151_h151",fraca,39,6,369,261730,0.866666666667,0.0955882352941,0.172185430464,0.0942028985507,2.29238622123e-05,0.998569488525
"methane_mobilenet_v3.xmodel","ang20191017t152518_r6858_c196_w151_h151",fraca,0,0,887,261257,0,0,0,0,0,0.996616363525
"methane_mobilenet_v3.xmodel","ang20190924t165836_r13062_c413_w151_h151",fraca,45,21,3,262075,0.681818181818,0.9375,0.789473684211,0.652173913043,8.0123313595e-05,0.999908447266
"methane_mobilenet_v3.xmodel","ang20191016t160914_r2333_c520_w151_h151",fraca,43,15,11,262075,0.741379310345,0.796296296296,0.767857142857,0.623188405797,5.72322484643e-05,0.999900817871
"methane_mobilenet_v3.xmodel","ang20191006t152009_r2975_c354_w151_h151",fraca,217,74,457,261396,0.745704467354,0.321958456973,0.449740932642,0.290106951872,0.000283015259877,0.997974395752
"methane_mobilenet_v3.xmodel","ang20191016t145145_r572_c387_w151_h151",fraca,166,47,15,261916,0.779342723005,0.917127071823,0.842639593909,0.728070175439,0.000179414650161,0.99976348877
"methane_mobilenet_v3.xmodel","ang20191006t155231_r9497_c279_w151_h151",fraca,82,18,33,262011,0.82,0.713043478261,0.762790697674,0.616541353383,6.8694686466e-05,0.999805450439
"methane_mobilenet_v3.xmodel","ang20191007t185303_r9013_c327_w151_h151",fraca,222,29,95,261798,0.884462151394,0.700315457413,0.781690140845,0.64161849711,0.000110760158425,0.999526977539
"methane_mobilenet_v3.xmodel","ang20190926t174644_r2904_c484_w151_h151",fraca,630,165,47,261302,0.792452830189,0.930576070901,0.85597826087,0.748218527316,0.000631054779379,0.99919128418
"methane_mobilenet_v3.xmodel","ang20190927t175410_r6131_c149_w151_h151",fraca,36,3,7,262098,0.923076923077,0.837209302326,0.878048780488,0.782608695652,1.14459693019e-05,0.999961853027
"methane_mobilenet_v3.xmodel","ang20191006t164135_r2947_c373_w151_h151",forte,2122,219,617,259186,0.906450234942,0.774735304856,0.835433070866,0.717376605815,0.000844239702396,0.996810913086
"methane_mobilenet_v3.xmodel","ang20191022t150110_r261_c453_w151_h151",fraca,230,94,82,261738,0.70987654321,0.737179487179,0.723270440252,0.566502463054,0.00035900883009,0.999328613281
"methane_mobilenet_v3.xmodel","ang20191019t183727_r7059_c338_w151_h151",fraca,0,0,920,261224,0,0,0,0,0,0.996490478516
"methane_mobilenet_v3.xmodel","ang20191019t185452_r21112_c440_w151_h151",fraca,288,56,228,261572,0.837209302326,0.558139534884,0.66976744186,0.503496503497,0.00021404436834,0.998916625977
"methane_mobilenet_v3.xmodel","ang20191013t152730_r7456_c214_w151_h151",forte,312,76,3254,258502,0.80412371134,0.0874929893438,0.157814871017,0.0856672158155,0.000293915182266,0.987297058105
"methane_mobilenet_v3.xmodel","ang20191022t192048_r217_c387_w151_h151",fraca,396,73,67,261608,0.844349680171,0.855291576674,0.849785407725,0.738805970149,0.000278965610801,0.999465942383
"methane_mobilenet_v3.xmodel","ang20191016t145145_r5480_c383_w151_h151",fraca,244,127,46,261727,0.657681940701,0.841379310345,0.738275340393,0.585131894484,0.000485003093327,0.999340057373
"methane_mobilenet_v3.xmodel","ang20191013t151222_r6632_c214_w151_h151",forte,0,0,1876,260268,0,0,0,0,0,0.99284362793
"methane_mobilenet_v3.xmodel","ang20191019t183727_r1245_c553_w151_h151",fraca,660,94,108,261282,0.875331564987,0.859375,0.867279894875,0.7656612529,0.000359635161606,0.999229431152
"methane_mobilenet_v3.xmodel","ang20191016t171023_r10718_c443_w151_h151",fraca,187,8,96,261853,0.958974358974,0.660777385159,0.782426778243,0.642611683849,3.05505592662e-05,0.999603271484
"methane_mobilenet_v3.xmodel","ang20191008t172458_r15394_c392_w151_h151",fraca,117,38,342,261647,0.754838709677,0.254901960784,0.381107491857,0.235412474849,0.000145212755794,0.998550415039
"methane_mobilenet_v3.xmodel","ang20191016t195058_r554_c585_w151_h151",forte,1056,129,1606,259353,0.891139240506,0.396694214876,0.548999220172,0.378359011107,0.000497144310588,0.993381500244
"methane_mobilenet_v3.xmodel","ang20191022t165908_r5595_c486_w151_h151",forte,2045,404,1286,258409,0.835034708044,0.613929750826,0.707612456747,0.547523427041,0.00156097259411,0.993553161621
"methane_mobilenet_v3.xmodel","ang20191006t171344_r2930_c21_w151_h151",fraca,481,92,34,261537,0.839441535777,0.933980582524,0.884191176471,0.792421746293,0.000351642975358,0.999519348145
"methane_mobilenet_v3.xmodel","ang20191019t182848_r7227_c299_w151_h151",fraca,495,88,307,261254,0.849056603774,0.617206982544,0.714801444043,0.556179775281,0.000336723527026,0.99849319458
"methane_mobilenet_v3.xmodel","ang20191019t172500_r2114_c310_w151_h151",fraca,403,74,120,261547,0.844863731656,0.770554493308,0.806,0.675041876047,0.000282851911735,0.99925994873
"methane_mobilenet_v3.xmodel","ang20190924t174538_r9869_c29_w151_h151",fraca,107,31,10,261996,0.775362318841,0.91452991453,0.839215686275,0.722972972973,0.000118308418598,0.999843597412
"methane_mobilenet_v3.xmodel","ang20191016t163955_r5977_c570_w151_h151",fraca,1,0,189,261954,1,0.00526315789474,0.0104712041885,0.00526315789474,0,0.999279022217
"methane_mobilenet_v3.xmodel","ang20190927t182905_r6376_c535_w151_h151",fraca,59,41,4,262040,0.59,0.936507936508,0.723926380368,0.567307692308,0.000156440184523,0.999828338623
"methane_mobilenet_v3.xmodel","ang20191013t152730_r9307_c354_w151_h151",fraca,338,110,210,261486,0.754464285714,0.616788321168,0.678714859438,0.51367781155,0.000420495726234,0.998779296875
"methane_mobilenet_v3.xmodel","ang20191013t145516_r6262_c451_w151_h151",fraca,17,1,854,261272,0.944444444444,0.0195177956372,0.0382452193476,0.019495412844,3.82741423722e-06,0.996738433838
"methane_mobilenet_v3.xmodel","ang20190924t172057_r9804_c543_w151_h151",fraca,128,48,17,261951,0.727272727273,0.88275862069,0.797507788162,0.663212435233,0.000183206806133,0.999752044678
"methane_mobilenet_v3.xmodel","ang20191013t145516_r4790_c299_w151_h151",fraca,0,0,497,261647,0,0,0,0,0,0.998104095459
"methane_mobilenet_v3.xmodel","ang20191023t185210_r10689_c275_w151_h151",forte,7477,936,23002,230729,0.888743611078,0.24531644739,0.384500668518,0.238007321343,0.00404031683681,0.908683776855
"methane_mobilenet_v3.xmodel","ang20191019t170014_r6076_c22_w151_h151",fraca,141,27,13,261963,0.839285714286,0.915584415584,0.875776397516,0.779005524862,0.000103057368602,0.999847412109
"methane_mobilenet_v3.xmodel","ang20190924t172057_r14206_c242_w151_h151",sem_pluma,0,0,0,262144,0,0,0,0,0,1
"methane_mobilenet_v3.xmodel","ang20191006t183904_r1979_c502_w151_h151",fraca,364,54,28,261698,0.870813397129,0.928571428571,0.898765432099,0.816143497758,0.000206302148599,0.999687194824
"methane_mobilenet_v3.xmodel","ang20191007t180411_r344_c409_w151_h151",fraca,227,55,189,261673,0.804964539007,0.545673076923,0.650429799427,0.48195329087,0.000210141826629,0.999069213867
"methane_mobilenet_v3.xmodel","ang20191023t142135_r17930_c162_w151_h151",fraca,362,139,5,261638,0.72255489022,0.986376021798,0.834101382488,0.715415019763,0.000530986297497,0.999450683594
"methane_mobilenet_v3.xmodel","ang20190928t185111_r193_c398_w151_h151",fraca,288,22,481,261353,0.929032258065,0.374512353706,0.533827618165,0.36409608091,8.41702534672e-05,0.998081207275
"methane_mobilenet_v3.xmodel","ang20191008t172458_r8604_c408_w151_h151",fraca,52,19,29,262044,0.732394366197,0.641975308642,0.684210526316,0.52,7.25016503665e-05,0.999816894531
"methane_mobilenet_v3.xmodel","ang20190927t192237_r6246_c359_w151_h151",fraca,165,10,761,261208,0.942857142857,0.17818574514,0.299727520436,0.176282051282,3.82822010734e-05,0.997058868408
"methane_mobilenet_v3.xmodel","ang20191013t192848_r3017_c228_w151_h151",forte,381,73,2042,259648,0.839207048458,0.157243087082,0.264859228363,0.152644230769,0.000281070841403,0.991931915283
"methane_mobilenet_v3.xmodel","ang20191023t175603_r10969_c77_w151_h151",forte,4276,326,429,257113,0.929161234246,0.908820403826,0.918878263673,0.849930431326,0.00126631939994,0.997119903564
"methane_mobilenet_v3.xmodel","ang20191013t152730_r6958_c68_w151_h151",forte,1721,320,9022,251081,0.84321411073,0.160197337801,0.269242803504,0.155563590346,0.00127286685415,0.964363098145
"methane_mobilenet_v3.xmodel","ang20191007t190840_r5257_c441_w151_h151",fraca,75,21,14,262034,0.78125,0.842696629213,0.810810810811,0.681818181818,8.01358493446e-05,0.999866485596
"methane_mobilenet_v3.xmodel","ang20191006t182329_r7747_c400_w151_h151",fraca,117,20,15,261992,0.85401459854,0.886363636364,0.869888475836,0.769736842105,7.6332381723e-05,0.999866485596
"methane_mobilenet_v3.xmodel","ang20191011t181301_r11079_c61_w151_h151",fraca,38,4,65,262037,0.904761904762,0.368932038835,0.524137931034,0.355140186916,1.52647868082e-05,0.999736785889
"methane_mobilenet_v3.xmodel","ang20191006t172739_r1862_c27_w151_h151",fraca,56,46,1,262041,0.549019607843,0.982456140351,0.704402515723,0.543689320388,0.000175514237639,0.999820709229
"methane_mobilenet_v3.xmodel","ang20190926t154314_r6238_c231_w151_h151",fraca,274,69,38,261763,0.798833819242,0.878205128205,0.836641221374,0.719160104987,0.000263527758257,0.999591827393
"methane_mobilenet_v3.xmodel","ang20191017t150903_r7181_c295_w151_h151",forte,1240,379,108,260417,0.765904879555,0.919881305638,0.835861139198,0.718008106543,0.0014532431479,0.998142242432
"methane_mobilenet_v3.xmodel","ang20191016t172526_r5824_c260_w151_h151",fraca,280,44,96,261724,0.864197530864,0.744680851064,0.8,0.666666666667,0.000168087772379,0.999465942383
"methane_mobilenet_v3.xmodel","ang20191019t175004_r5508_c89_w151_h151",fraca,110,69,533,261432,0.614525139665,0.171073094868,0.267639902676,0.154494382022,0.000263861323666,0.997703552246
"methane_mobilenet_v3.xmodel","ang20191013t170032_r2806_c107_w151_h151",fraca,387,66,61,261630,0.854304635762,0.863839285714,0.859045504994,0.752918287938,0.000252201027146,0.999515533447
"methane_mobilenet_v3.xmodel","ang20191019t161418_r4261_c325_w151_h151",fraca,0,0,111,262033,0,0,0,0,0,0.999576568604
"methane_mobilenet_v3.xmodel","ang20191019t173905_r6908_c507_w151_h151",fraca,623,112,349,261060,0.847619047619,0.640946502058,0.729935559461,0.574723247232,0.000428836169268,0.998241424561
"methane_mobilenet_v3.xmodel","ang20191019t182848_r2632_c419_w151_h151",fraca,92,8,354,261690,0.92,0.206278026906,0.336996336996,0.202643171806,3.05695878455e-05,0.99861907959
"methane_mobilenet_v3.xmodel","ang20191017t150903_r13051_c393_w151_h151",forte,1926,351,28,259839,0.845849802372,0.985670419652,0.910423067833,0.83557483731,0.00134901418194,0.998554229736
"methane_mobilenet_v3.xmodel","ang20191013t173258_r6771_c139_w151_h151",fraca,129,15,23,261977,0.895833333333,0.848684210526,0.871621621622,0.77245508982,5.72536566002e-05,0.999855041504
"methane_mobilenet_v3.xmodel","ang20191013t151222_r6242_c432_w151_h151",fraca,254,83,220,261587,0.753709198813,0.535864978903,0.626387176326,0.456014362657,0.000317193411549,0.998844146729
"methane_mobilenet_v3.xmodel","ang20191008t183946_r2229_c296_w151_h151",fraca,211,89,2,261842,0.703333333333,0.990610328638,0.82261208577,0.698675496689,0.000339784141625,0.999652862549
"methane_mobilenet_v3.xmodel","ang20191007t175016_r2033_c316_w151_h151",fraca,37,12,120,261975,0.755102040816,0.235668789809,0.359223300971,0.218934911243,4.58037994252e-05,0.999496459961
"methane_mobilenet_v3.xmodel","ang20191011t185825_r3060_c497_w151_h151",fraca,440,29,361,261314,0.938166311301,0.549313358302,0.692913385827,0.530120481928,0.000110965283172,0.998512268066
"methane_mobilenet_v3.xmodel","ang20190927t182905_r6580_c276_w151_h151",fraca,32,6,8,262098,0.842105263158,0.8,0.820512820513,0.695652173913,2.28916765864e-05,0.999946594238
"methane_mobilenet_v3.xmodel","ang20191013t192848_r3020_c221_w151_h151",forte,344,31,2092,259677,0.917333333333,0.141215106732,0.244752757026,0.139440616133,0.000119364825111,0.991901397705
"methane_mobilenet_v3.xmodel","ang20191017t183448_r5698_c240_w151_h151",fraca,0,0,26,262118,0,0,0,0,0,0.999900817871
"methane_mobilenet_v3.xmodel","ang20191017t174946_r9742_c381_w151_h151",fraca,542,105,34,261463,0.83771251932,0.940972222222,0.886345053148,0.795888399413,0.000401425250795,0.99946975708
"methane_mobilenet_v3.xmodel","ang20191011t184311_r11537_c478_w151_h151",fraca,98,30,161,261855,0.765625,0.378378378378,0.50645994832,0.339100346021,0.000114554098173,0.999271392822
"methane_mobilenet_v3.xmodel","ang20191022t162321_r9250_c309_w151_h151",fraca,0,0,511,261633,0,0,0,0,0,0.998050689697
"methane_mobilenet_v3.xmodel","ang20191006t162415_r6342_c488_w151_h151",forte,282,24,1813,260025,0.921568627451,0.134606205251,0.234902124115,0.133081642284,9.22902991359e-05,0.992992401123
"methane_mobilenet_v3.xmodel","ang20191023t185210_r10760_c402_w151_h151",forte,243,45,23409,238447,0.84375,0.0102739726027,0.0203007518797,0.0102544625902,0.000188685574359,0.910530090332
"methane_mobilenet_v3.xmodel","ang20191006t171344_r917_c79_w151_h151",fraca,119,38,8,261979,0.757961783439,0.937007874016,0.838028169014,0.721212121212,0.000145028757676,0.999824523926
"methane_mobilenet_v3.xmodel","ang20191019t182848_r7074_c233_w151_h151",fraca,557,95,245,261247,0.854294478528,0.694513715711,0.766162310867,0.620958751394,0.000363508353039,0.99870300293
"methane_mobilenet_v3.xmodel","ang20191016t171023_r5020_c380_w151_h151",fraca,44,11,3,262086,0.8,0.936170212766,0.862745098039,0.758620689655,4.19691946112e-05,0.999946594238
"methane_mobilenet_v3.xmodel","ang20191011t175712_r10880_c531_w151_h151",fraca,116,18,16,261994,0.865671641791,0.878787878788,0.872180451128,0.773333333333,6.86991435507e-05,0.999870300293
"methane_mobilenet_v3.xmodel","ang20191006t165608_r10172_c581_w151_h151",fraca,234,50,167,261693,0.823943661972,0.583541147132,0.683211678832,0.518847006652,0.000191027076178,0.999172210693
"methane_mobilenet_v3.xmodel","ang20191019t173905_r2076_c289_w151_h151",fraca,327,118,501,261198,0.734831460674,0.394927536232,0.513747054203,0.345665961945,0.00045156056269,0.997638702393
"methane_mobilenet_v3.xmodel","ang20190927t173620_r2426_c486_w151_h151",fraca,255,71,14,261804,0.782208588957,0.947955390335,0.857142857143,0.75,0.000271121718377,0.999675750732
"methane_mobilenet_v3.xmodel","ang20191007t201917_r10803_c1486_w151_h151",fraca,41,8,42,262053,0.836734693878,0.493975903614,0.621212121212,0.450549450549,3.0527243657e-05,0.999809265137
"methane_mobilenet_v3.xmodel","ang20191016t183045_r5873_c556_w151_h151",fraca,78,23,7,262036,0.772277227723,0.917647058824,0.838709677419,0.722222222222,8.77664953312e-05,0.999885559082
"methane_mobilenet_v3.xmodel","ang20191017t160033_r3994_c211_w151_h151",fraca,66,136,8,261934,0.326732673267,0.891891891892,0.478260869565,0.314285714286,0.000518945319953,0.999450683594
"methane_mobilenet_v3.xmodel","ang20191013t192848_r2426_c505_w151_h151",fraca,476,114,250,261304,0.806779661017,0.65564738292,0.723404255319,0.566666666667,0.000436083207736,0.998611450195
"methane_mobilenet_v3.xmodel","ang20191011t174241_r2008_c524_w151_h151",fraca,81,18,21,262024,0.818181818182,0.794117647059,0.805970149254,0.675,6.86912784973e-05,0.999851226807
"methane_mobilenet_v3.xmodel","ang20190927t160700_r11528_c322_w151_h151",fraca,139,30,17,261958,0.822485207101,0.891025641026,0.855384615385,0.747311827957,0.000114509061484,0.999820709229
"methane_mobilenet_v3.xmodel","ang20190927t175410_r2740_c223_w151_h151",fraca,574,88,39,261443,0.867069486405,0.936378466558,0.900392156863,0.818830242511,0.000336480187817,0.999515533447
"methane_mobilenet_v3.xmodel","ang20191016t145145_r1239_c166_w151_h151",fraca,2,0,8,262134,1,0.2,0.333333333333,0.2,0,0.999969482422
"methane_mobilenet_v3.xmodel","ang20191006t172739_r7632_c42_w151_h151",fraca,61,22,9,262052,0.734939759036,0.871428571429,0.797385620915,0.663043478261,8.39457557789e-05,0.999881744385
"methane_mobilenet_v3.xmodel","ang20191007t195115_r2176_c543_w151_h151",fraca,51,13,195,261885,0.796875,0.207317073171,0.329032258065,0.196911196911,4.96376451901e-05,0.999206542969
"methane_mobilenet_v3.xmodel","ang20191023t164221_r5748_c232_w151_h151",forte,1092,195,83,260774,0.848484848485,0.929361702128,0.887083671812,0.797080291971,0.000747215186478,0.99893951416
"methane_mobilenet_v3.xmodel","ang20190927t151239_r4852_c129_w151_h151",fraca,145,54,8,261937,0.72864321608,0.947712418301,0.823863636364,0.700483091787,0.000206113950479,0.99976348877
"methane_mobilenet_v3.xmodel","ang20190926t171159_r743_c15_w151_h151",forte,1287,170,194,260493,0.883321894303,0.869007427414,0.87610619469,0.779527559055,0.000652183086974,0.998611450195
"methane_mobilenet_v3.xmodel","ang20191017t185057_r7015_c267_w151_h151",fraca,124,6,69,261945,0.953846153846,0.642487046632,0.767801857585,0.623115577889,2.29050471271e-05,0.999713897705
"methane_mobilenet_v3.xmodel","ang20190926t161748_r3493_c245_w151_h151",fraca,570,318,35,261221,0.641891891892,0.942148760331,0.763563295378,0.617551462622,0.00121587984966,0.998653411865
"methane_mobilenet_v3.xmodel","ang20191013t174928_r255_c211_w151_h151",fraca,373,66,91,261614,0.849658314351,0.803879310345,0.826135105205,0.703773584906,0.00025221644757,0.999401092529
"methane_mobilenet_v3.xmodel","ang20191011t192741_r10313_c52_w151_h151",fraca,83,11,16,262034,0.882978723404,0.838383838384,0.860103626943,0.754545454545,4.19775229445e-05,0.999897003174
"methane_mobilenet_v3.xmodel","ang20191017t174946_r7519_c377_w151_h151",fraca,644,51,171,261278,0.926618705036,0.79018404908,0.85298013245,0.743648960739,0.000195156297235,0.999153137207
"methane_mobilenet_v3.xmodel","ang20191017t185057_r5833_c565_w151_h151",fraca,75,26,8,262035,0.742574257426,0.903614457831,0.815217391304,0.688073394495,9.92135418853e-05,0.999870300293
"methane_mobilenet_v3.xmodel","ang20191006t165608_r9981_c485_w151_h151",fraca,222,37,179,261706,0.857142857143,0.5536159601,0.672727272727,0.506849315068,0.000141360036372,0.999176025391
"methane_mobilenet_v3.xmodel","ang20191008t194115_r9627_c362_w151_h151",fraca,23,11,1,262109,0.676470588235,0.958333333333,0.793103448276,0.657142857143,4.19655119792e-05,0.999954223633
"methane_mobilenet_v3.xmodel","ang20191011t175712_r5006_c494_w151_h151",fraca,0,10,16,262118,0,0,0,0,3.81493011048e-05,0.999900817871
"methane_mobilenet_v3.xmodel","ang20191007t200647_r4878_c331_w151_h151",fraca,44,67,496,261537,0.396396396396,0.0814814814815,0.135176651306,0.0724876441516,0.000256112291861,0.997852325439
"methane_mobilenet_v3.xmodel","ang20191022t164918_r332_c281_w151_h151",fraca,71,14,28,262031,0.835294117647,0.717171717172,0.771739130435,0.628318584071,5.3425938293e-05,0.999839782715
"methane_mobilenet_v3.xmodel","ang20191017t144928_r3059_c534_w151_h151",fraca,34,18,6,262086,0.653846153846,0.85,0.739130434783,0.586206896552,6.86750297592e-05,0.999908447266
"methane_mobilenet_v3.xmodel","ang20191008t172458_r6989_c452_w151_h151",fraca,107,44,4,261989,0.708609271523,0.963963963964,0.81679389313,0.690322580645,0.000167917781348,0.999816894531
"methane_mobilenet_v3.xmodel","ang20190927t175410_r4611_c328_w151_h151",fraca,97,15,158,261874,0.866071428571,0.380392156863,0.528610354223,0.359259259259,5.7276174257e-05,0.999340057373
"methane_mobilenet_v3.xmodel","ang20191006t165608_r4759_c263_w151_h151",forte,842,162,13116,248024,0.838645418327,0.0603238286287,0.112551797888,0.0596317280453,0.000652736254261,0.949348449707
"methane_mobilenet_v3.xmodel","ang20190927t181142_r1114_c118_w151_h151",fraca,62,10,5,262067,0.861111111111,0.925373134328,0.892086330935,0.805194805195,3.8156724932e-05,0.999942779541
"methane_mobilenet_v3.xmodel","ang20191006t150453_r2973_c397_w151_h151",fraca,79,21,30,262014,0.79,0.724770642202,0.755980861244,0.607692307692,8.01419657679e-05,0.999805450439
"methane_mobilenet_v3.xmodel","ang20191016t172526_r8629_c183_w151_h151",fraca,73,24,12,262035,0.752577319588,0.858823529412,0.802197802198,0.669724770642,9.15824299108e-05,0.999862670898
"methane_mobilenet_v3.xmodel","ang20190924t181121_r6640_c558_w151_h151",fraca,127,40,12,261965,0.760479041916,0.913669064748,0.830065359477,0.709497206704,0.000152668842198,0.999801635742
"methane_mobilenet_v3.xmodel","ang20191006t182329_r1538_c471_w151_h151",fraca,51,14,3,262076,0.784615384615,0.944444444444,0.857142857143,0.75,5.34167652333e-05,0.999935150146
"methane_mobilenet_v3.xmodel","ang20191008t182150_r6974_c475_w151_h151",fraca,170,31,21,261922,0.845771144279,0.890052356021,0.867346938776,0.765765765766,0.000118341839948,0.999801635742
"methane_mobilenet_v3.xmodel","ang20191013t164602_r12132_c11_w151_h151",fraca,50,26,1,262067,0.657894736842,0.980392156863,0.787401574803,0.649350649351,9.92014285006e-05,0.999897003174
"methane_mobilenet_v3.xmodel","ang20190926t165202_r2006_c556_w151_h151",fraca,689,99,266,261090,0.874365482234,0.721465968586,0.790590935169,0.653700189753,0.000379035870576,0.998607635498
"methane_mobilenet_v3.xmodel","ang20191007t182352_r6480_c477_w151_h151",fraca,80,13,19,262032,0.860215053763,0.808080808081,0.833333333333,0.714285714286,4.96097998435e-05,0.999877929688
"methane_mobilenet_v3.xmodel","ang20190922t192642_r3270_c384_w151_h151",fraca,98,8,360,261678,0.924528301887,0.213973799127,0.347517730496,0.210300429185,3.05709896594e-05,0.998596191406
"methane_mobilenet_v3.xmodel","ang20191017t173348_r2637_c488_w151_h151",fraca,67,8,73,261996,0.893333333333,0.478571428571,0.623255813953,0.452702702703,3.05338849789e-05,0.999691009521
"methane_mobilenet_v3.xmodel","ang20191017t161837_r5774_c330_w151_h151",fraca,65,18,57,262004,0.78313253012,0.532786885246,0.634146341463,0.464285714286,6.86965216661e-05,0.999713897705
"methane_mobilenet_v3.xmodel","ang20191016t150743_r3830_c453_w151_h151",fraca,116,52,4,261972,0.690476190476,0.966666666667,0.805555555556,0.674418604651,0.000198455103349,0.999786376953
"methane_mobilenet_v3.xmodel","ang20190924t181121_r11120_c183_w151_h151",fraca,31,17,3,262093,0.645833333333,0.911764705882,0.756097560976,0.607843137255,6.48582656137e-05,0.999923706055
"methane_mobilenet_v3.xmodel","ang20191008t183946_r6265_c255_w151_h151",fraca,0,0,85,262059,0,0,0,0,0,0.999675750732
"methane_mobilenet_v3.xmodel","ang20191017t180347_r9986_c373_w151_h151",fraca,49,23,74,261998,0.680555555556,0.39837398374,0.502564102564,0.335616438356,8.77792238027e-05,0.999629974365
"methane_mobilenet_v3.xmodel","ang20191019t161418_r283_c455_w151_h151",fraca,79,22,45,261998,0.782178217822,0.637096774194,0.702222222222,0.541095890411,8.39630562552e-05,0.999744415283
"methane_mobilenet_v3.xmodel","ang20191013t192848_r2425_c504_w151_h151",fraca,514,130,212,261288,0.798136645963,0.707988980716,0.750364963504,0.60046728972,0.000497287868471,0.998695373535
"methane_mobilenet_v3.xmodel","ang20191022t193257_r590_c227_w151_h151",fraca,230,19,45,261850,0.923694779116,0.836363636364,0.87786259542,0.78231292517,7.25553616503e-05,0.999755859375
"methane_mobilenet_v3.xmodel","ang20191017t170330_r9351_c429_w151_h151",fraca,0,0,11,262133,0,0,0,0,0,0.99995803833
"methane_mobilenet_v3.xmodel","ang20191013t145516_r10145_c322_w151_h151",fraca,132,34,6,261972,0.795180722892,0.95652173913,0.868421052632,0.767441860465,0.00012976802058,0.999847412109
"methane_mobilenet_v3.xmodel","ang20191007t190840_r6187_c432_w151_h151",fraca,44,4,13,262083,0.916666666667,0.771929824561,0.838095238095,0.72131147541,1.52621076208e-05,0.999935150146
"methane_mobilenet_v3.xmodel","ang20191023t142135_r14813_c361_w151_h151",fraca,167,63,149,261765,0.726086956522,0.528481012658,0.611721611722,0.440633245383,0.000240615976901,0.99919128418
"methane_mobilenet_v3.xmodel","ang20191017t154425_r2080_c286_w151_h151",fraca,174,30,57,261883,0.852941176471,0.753246753247,0.8,0.666666666667,0.000114541851684,0.999668121338
"methane_mobilenet_v3.xmodel","ang20191022t163722_r5753_c252_w151_h151",fraca,102,53,4,261985,0.658064516129,0.962264150943,0.781609195402,0.641509433962,0.000202260740809,0.999782562256
"methane_mobilenet_v3.xmodel","ang20191011t165345_r2762_c457_w151_h151",fraca,74,7,32,262031,0.913580246914,0.698113207547,0.791443850267,0.654867256637,2.67136827483e-05,0.999851226807
"methane_mobilenet_v3.xmodel","ang20191013t144828_r4066_c404_w151_h151",forte,0,0,1860,260284,0,0,0,0,0,0.992904663086
"methane_mobilenet_v3.xmodel","ang20191011t174241_r11150_c189_w151_h151",fraca,0,0,21,262123,0,0,0,0,0,0.999919891357
"methane_mobilenet_v3.xmodel","ang20191017t150903_r9252_c52_w151_h151",fraca,21,12,133,261978,0.636363636364,0.136363636364,0.224598930481,0.126506024096,4.58032749342e-05,0.999446868896
"methane_mobilenet_v3.xmodel","ang20191016t150743_r2776_c281_w151_h151",fraca,0,0,222,261922,0,0,0,0,0,0.999153137207
"methane_mobilenet_v3.xmodel","ang20191016t195058_r224_c814_w151_h151",forte,2273,446,1062,258363,0.835969106289,0.68155922039,0.750908490254,0.601163713303,0.00172327855677,0.994247436523
"methane_mobilenet_v3.xmodel","ang20191019t173905_r2062_c291_w151_h151",fraca,408,142,420,261174,0.741818181818,0.492753623188,0.592162554427,0.420618556701,0.000543403389,0.997856140137
"methane_mobilenet_v3.xmodel","ang20191019t163936_r174_c399_w151_h151",fraca,96,23,34,261991,0.806722689076,0.738461538462,0.771084337349,0.627450980392,8.77815689238e-05,0.999782562256
"methane_mobilenet_v3.xmodel","ang20191006t150453_r3320_c425_w151_h151",fraca,95,34,10,262005,0.736434108527,0.904761904762,0.811965811966,0.68345323741,0.000129751678185,0.99983215332
"methane_mobilenet_v3.xmodel","ang20191017t160033_r6024_c126_w151_h151",fraca,162,37,4,261941,0.814070351759,0.975903614458,0.887671232877,0.79802955665,0.000141233233325,0.999843597412
"methane_mobilenet_v3.xmodel","ang20191007t200647_r3782_c243_w151_h151",forte,946,81,1170,259947,0.921129503408,0.447069943289,0.601972637607,0.430587164315,0.000311504914855,0.995227813721
"methane_mobilenet_v3.xmodel","ang20190927t181142_r5030_c60_w151_h151",fraca,66,15,12,262051,0.814814814815,0.846153846154,0.830188679245,0.709677419355,5.72374897926e-05,0.999897003174
"methane_mobilenet_v3.xmodel","ang20190926t163428_r5453_c242_w151_h151",forte,2162,351,111,259520,0.860326303223,0.951165860097,0.903468449645,0.823932926829,0.00135067014018,0.998237609863
"methane_mobilenet_v3.xmodel","ang20191016t150743_r2947_c193_w151_h151",fraca,0,0,1,262143,0,0,0,0,0,0.999996185303
"methane_mobilenet_v3.xmodel","ang20191016t174016_r8334_c304_w151_h151",fraca,24,2,14,262104,0.923076923077,0.631578947368,0.75,0.6,7.63050063715e-06,0.999938964844
"methane_mobilenet_v3.xmodel","ang20191006t164135_r185_c125_w151_h151",fraca,519,144,72,261409,0.782805429864,0.878172588832,0.827751196172,0.70612244898,0.000550557630767,0.999176025391
"methane_mobilenet_v3.xmodel","ang20191006t165608_r3680_c177_w151_h151",forte,618,38,15487,246001,0.942073170732,0.0383731760323,0.073742616789,0.0382828470545,0.000154447059206,0.940776824951
"methane_mobilenet_v3.xmodel","ang20191017t152518_r1992_c496_w151_h151",fraca,61,25,10,262048,0.709302325581,0.859154929577,0.777070063694,0.635416666667,9.53932682878e-05,0.999866485596
"methane_mobilenet_v3.xmodel","ang20190922t192642_r4834_c257_w151_h151",forte,204,33,4731,257176,0.860759493671,0.0413373860182,0.0788863109049,0.0410628019324,0.000128300331637,0.981826782227
"methane_mobilenet_v3.xmodel","ang20191016t160914_r6437_c522_w151_h151",fraca,81,32,10,262021,0.716814159292,0.89010989011,0.794117647059,0.658536585366,0.000122112702392,0.999839782715
"methane_mobilenet_v3.xmodel","ang20190927t175410_r12204_c347_w151_h151",fraca,127,39,4,261974,0.765060240964,0.969465648855,0.855218855219,0.747058823529,0.000148847576265,0.999835968018
"methane_mobilenet_v3.xmodel","ang20191016t175642_r5951_c110_w151_h151",fraca,31,7,42,262064,0.815789473684,0.424657534247,0.558558558559,0.3875,2.67103189594e-05,0.999813079834
"methane_mobilenet_v3.xmodel","ang20191016t171023_r1905_c425_w151_h151",fraca,149,37,51,261907,0.801075268817,0.745,0.772020725389,0.628691983122,0.00014125156522,0.999664306641
"methane_mobilenet_v3.xmodel","ang20191023t165811_r8143_c73_w151_h151",fraca,177,59,327,261581,0.75,0.35119047619,0.478378378378,0.314387211368,0.000225500687968,0.998527526855
"methane_mobilenet_v3.xmodel","ang20190928t193847_r4737_c638_w151_h151",fraca,5,1,129,262009,0.833333333333,0.0373134328358,0.0714285714286,0.037037037037,3.81664821953e-06,0.999504089355
"methane_mobilenet_v3.xmodel","ang20191016t195058_r278_c973_w151_h151",forte,731,120,454,260839,0.858989424207,0.616877637131,0.718074656189,0.560153256705,0.000459842350714,0.99781036377
"methane_mobilenet_v3.xmodel","ang20190926t154314_r12563_c601_w151_h151",fraca,197,78,21,261848,0.716363636364,0.903669724771,0.799188640974,0.665540540541,0.000297794033429,0.999622344971
"methane_mobilenet_v3.xmodel","ang20191013t182140_r3872_c425_w151_h151",fraca,463,237,30,261414,0.661428571429,0.939148073022,0.776194467728,0.634246575342,0.000905786715893,0.99898147583
"methane_mobilenet_v3.xmodel","ang20191019t173905_r11057_c320_w151_h151",fraca,765,184,118,261077,0.806111696523,0.866364665912,0.835152838428,0.716963448922,0.000704276566346,0.998847961426
"methane_mobilenet_v3.xmodel","ang20190924t183641_r12355_c423_w151_h151",fraca,37,13,115,261979,0.74,0.243421052632,0.366336633663,0.224242424242,4.96198357202e-05,0.99951171875
"methane_mobilenet_v3.xmodel","ang20191016t195058_r409_c968_w151_h151",forte,964,188,221,260771,0.836805555556,0.813502109705,0.824989302525,0.702112163146,0.000720419682785,0.998439788818
"methane_mobilenet_v3.xmodel","ang20191017t160033_r3365_c25_w151_h151",fraca,126,59,26,261933,0.681081081081,0.828947368421,0.747774480712,0.597156398104,0.000225197715961,0.999675750732
"methane_mobilenet_v3.xmodel","ang20191017t180347_r7996_c114_w151_h151",fraca,436,170,49,261489,0.719471947195,0.898969072165,0.799266727773,0.665648854962,0.000649700564475,0.999164581299
"methane_mobilenet_v3.xmodel","ang20191016t195058_r319_c831_w151_h151",forte,1666,203,1103,259172,0.89138576779,0.601661249549,0.718413109099,0.560565275908,0.00078265060241,0.995018005371
"methane_mobilenet_v3.xmodel","ang20191010t184216_r7136_c10_w151_h151",fraca,115,31,44,261954,0.787671232877,0.723270440252,0.754098360656,0.605263157895,0.000118327385156,0.999713897705
"methane_mobilenet_v3.xmodel","ang20191013t182140_r630_c505_w151_h151",fraca,108,58,105,261873,0.650602409639,0.507042253521,0.569920844327,0.39852398524,0.000221432361958,0.999378204346
"methane_mobilenet_v3.xmodel","ang20191010t182147_r8988_c168_w151_h151",fraca,20,1,209,261914,0.952380952381,0.0873362445415,0.16,0.0869565217391,3.81803256782e-06,0.999198913574
"methane_mobilenet_v3.xmodel","ang20191022t181138_r5587_c485_w151_h151",fraca,198,25,43,261878,0.887892376682,0.821576763485,0.853448275862,0.744360902256,9.54551876076e-05,0.999740600586
"methane_mobilenet_v3.xmodel","ang20191023t161300_r6969_c418_w151_h151",forte,831,112,194,261007,0.881230116649,0.810731707317,0.844512195122,0.730870712401,0.000428923211256,0.998832702637
"methane_mobilenet_v3.xmodel","ang20191016t193637_r9048_c137_w151_h151",fraca,152,69,211,261712,0.68778280543,0.418732782369,0.520547945205,0.351851851852,0.000263579098559,0.998931884766
"methane_mobilenet_v3.xmodel","ang20191016t171023_r6570_c583_w151_h151",forte,734,90,1444,259876,0.890776699029,0.337006427916,0.489007328448,0.323633156966,0.000346199118346,0.994148254395
"methane_mobilenet_v3.xmodel","ang20191011t181301_r11788_c236_w151_h151",fraca,17,3,20,262104,0.85,0.459459459459,0.59649122807,0.425,1.14457072875e-05,0.999912261963
"methane_mobilenet_v3.xmodel","ang20191023t172753_r9206_c264_w151_h151",forte,0,0,1033,261111,0,0,0,0,0,0.996059417725
"methane_mobilenet_v3.xmodel","ang20191016t183045_r3028_c371_w151_h151",fraca,57,33,3,262051,0.633333333333,0.95,0.76,0.612903225806,0.000125913829154,0.999862670898
"methane_mobilenet_v3.xmodel","ang20191016t150743_r1683_c302_w151_h151",fraca,0,0,881,261263,0,0,0,0,0,0.996639251709
"methane_mobilenet_v3.xmodel","ang20191013t154421_r6579_c235_w151_h151",forte,0,0,7339,254805,0,0,0,0,0,0.972003936768
"methane_mobilenet_v3.xmodel","ang20191023t174017_r6602_c343_w151_h151",fraca,144,41,33,261926,0.778378378378,0.813559322034,0.795580110497,0.660550458716,0.000156508262491,0.999717712402
"methane_mobilenet_v3.xmodel","ang20191023t174017_r10157_c46_w151_h151",fraca,0,0,94,262050,0,0,0,0,0,0.999641418457
"methane_mobilenet_v3.xmodel","ang20191008t195936_r1361_c446_w151_h151",fraca,133,22,59,261930,0.858064516129,0.692708333333,0.766570605187,0.621495327103,8.39848521867e-05,0.999691009521
"methane_mobilenet_v3.xmodel","ang20190926t180335_r6976_c472_w151_h151",fraca,66,4,68,262006,0.942857142857,0.492537313433,0.647058823529,0.478260869565,1.52665928781e-05,0.999725341797
"methane_mobilenet_v3.xmodel","ang20191013t164602_r8145_c515_w151_h151",forte,212,46,808,261078,0.821705426357,0.207843137255,0.331768388106,0.198874296435,0.000176161517134,0.996742248535
"methane_mobilenet_v3.xmodel","ang20190926t172904_r3349_c507_w151_h151",fraca,377,173,18,261576,0.685454545455,0.954430379747,0.797883597884,0.663732394366,0.000660938532716,0.999271392822
"methane_mobilenet_v3.xmodel","ang20191006t180341_r1269_c248_w151_h151",fraca,668,128,32,261316,0.839195979899,0.954285714286,0.893048128342,0.806763285024,0.000489588592586,0.999389648438
"methane_mobilenet_v3.xmodel","ang20191007t200647_r10170_c553_w151_h151",fraca,555,109,151,261329,0.835843373494,0.78611898017,0.810218978102,0.680981595092,0.000416924854076,0.999008178711
"methane_mobilenet_v3.xmodel","ang20191019t162211_r1496_c332_w151_h151",fraca,211,30,161,261742,0.875518672199,0.567204301075,0.688417618271,0.524875621891,0.000114603548126,0.999271392822
"methane_mobilenet_v3.xmodel","ang20191016t193637_r7991_c108_w151_h151",fraca,98,54,8,261984,0.644736842105,0.924528301887,0.759689922481,0.6125,0.000206076981201,0.99976348877
"methane_mobilenet_v3.xmodel","ang20191017t174946_r7823_c591_w151_h151",fraca,0,0,86,262058,0,0,0,0,0,0.999671936035
"methane_mobilenet_v3.xmodel","ang20191011t191345_r3343_c265_w151_h151",fraca,112,11,110,261911,0.910569105691,0.504504504505,0.649275362319,0.480686695279,4.19972358183e-05,0.999538421631
"methane_mobilenet_v3.xmodel","ang20190926t172904_r5655_c267_w151_h151",fraca,151,30,66,261897,0.834254143646,0.695852534562,0.758793969849,0.611336032389,0.000114535729421,0.999633789062
"methane_mobilenet_v3.xmodel","ang20191016t163955_r5083_c556_w151_h151",fraca,0,95,127,261922,0,0,0,0,0.00036257189419,0.999153137207
"methane_mobilenet_v3.xmodel","ang20191016t200430_r6874_c570_w151_h151",fraca,38,1,63,262042,0.974358974359,0.376237623762,0.542857142857,0.372549019608,3.81616757555e-06,0.999755859375
"methane_mobilenet_v3.xmodel","ang20191016t183045_r5262_c84_w151_h151",fraca,157,32,21,261934,0.830687830688,0.88202247191,0.855585831063,0.747619047619,0.000122153256529,0.999797821045
"methane_mobilenet_v3.xmodel","ang20191006t152009_r1738_c274_w151_h151",fraca,133,28,42,261941,0.826086956522,0.76,0.791666666667,0.655172413793,0.000106882875455,0.999732971191
"methane_mobilenet_v3.xmodel","ang20191011t165345_r3395_c39_w151_h151",fraca,679,187,79,261199,0.784064665127,0.895778364116,0.836206896552,0.718518518519,0.000715417046054,0.998985290527
"methane_mobilenet_v3.xmodel","ang20191011t171218_r4916_c92_w151_h151",fraca,70,6,54,262014,0.921052631579,0.564516129032,0.7,0.538461538462,2.28990153423e-05,0.999771118164
"methane_mobilenet_v3.xmodel","ang20191019t160518_r4056_c274_w151_h151",fraca,0,0,113,262031,0,0,0,0,0,0.999568939209
"methane_mobilenet_v3.xmodel","ang20191016t174016_r11106_c154_w151_h151",fraca,2,0,16,262126,1,0.111111111111,0.2,0.111111111111,0,0.999938964844
"methane_mobilenet_v3.xmodel","ang20190926t180335_r9812_c119_w151_h151",fraca,91,14,20,262019,0.866666666667,0.81981981982,0.842592592593,0.728,5.34283849744e-05,0.999870300293
"methane_mobilenet_v3.xmodel","ang20191008t172458_r5767_c61_w151_h151",fraca,0,30,30,262084,0,0,0,0,0.000114454016191,0.999771118164
"methane_mobilenet_v3.xmodel","ang20191007t201917_r11493_c1532_w151_h151",fraca,51,19,48,262026,0.728571428571,0.515151515152,0.603550295858,0.432203389831,7.25066305406e-05,0.999744415283
"methane_mobilenet_v3.xmodel","ang20191006t174505_r11485_c152_w151_h151",fraca,37,3,13,262091,0.925,0.74,0.822222222222,0.698113207547,1.14462750006e-05,0.999938964844
"methane_mobilenet_v3.xmodel","ang20191006t152009_r7276_c467_w151_h151",fraca,256,58,19,261811,0.815286624204,0.930909090909,0.869269949066,0.768768768769,0.000221484788196,0.999706268311
"methane_mobilenet_v3.xmodel","ang20191019t185452_r24232_c166_w151_h151",fraca,96,16,94,261938,0.857142857143,0.505263157895,0.635761589404,0.466019417476,6.10794261588e-05,0.999580383301
"methane_mobilenet_v3.xmodel","ang20191017t170330_r2685_c231_w151_h151",fraca,202,40,373,261529,0.834710743802,0.351304347826,0.494492044064,0.328455284553,0.000152923320424,0.998424530029
"methane_mobilenet_v3.xmodel","ang20191016t183045_r6333_c95_w151_h151",fraca,47,9,36,262052,0.839285714286,0.566265060241,0.676258992806,0.510869565217,3.43431491141e-05,0.999828338623
"methane_mobilenet_v3.xmodel","ang20191006t164135_r2190_c170_w151_h151",fraca,114,39,430,261561,0.745098039216,0.209558823529,0.327116212339,0.195540308748,0.000149082568807,0.998210906982
"methane_mobilenet_v3.xmodel","ang20191010t193818_r458_c188_w151_h151",fraca,19,5,2,262118,0.791666666667,0.904761904762,0.844444444444,0.730769230769,1.90750144016e-05,0.999973297119
"methane_mobilenet_v3.xmodel","ang20191013t145516_r4161_c385_w151_h151",fraca,184,61,64,261835,0.751020408163,0.741935483871,0.74645030426,0.595469255663,0.000232916883038,0.999523162842
"methane_mobilenet_v3.xmodel","ang20191019t170014_r5520_c96_w151_h151",fraca,185,622,144,261193,0.229244114002,0.562310030395,0.325704225352,0.194532071504,0.00237572331608,0.997077941895
"methane_mobilenet_v3.xmodel","ang20191016t195058_r386_c1010_w151_h151",forte,401,92,784,260867,0.813387423935,0.338396624473,0.477949940405,0.314017227878,0.000352545802214,0.996658325195
"methane_mobilenet_v3.xmodel","ang20191016t195058_r261_c704_w151_h151",forte,1362,183,1785,258814,0.881553398058,0.43279313632,0.580562659847,0.409009009009,0.000706571890794,0.992492675781
"methane_mobilenet_v3.xmodel","ang20191019t145204_r2884_c0_w151_h151",fraca,21,5,3,262115,0.807692307692,0.875,0.84,0.724137931034,1.90752327178e-05,0.999969482422
"methane_mobilenet_v3.xmodel","ang20190926t174644_r892_c507_w151_h151",fraca,130,40,34,261940,0.764705882353,0.792682926829,0.778443113772,0.637254901961,0.000152683410947,0.999717712402
"methane_mobilenet_v3.xmodel","ang20191022t193257_r909_c393_w151_h151",fraca,262,57,37,261788,0.82131661442,0.876254180602,0.847896440129,0.73595505618,0.000217686035632,0.999641418457
"methane_mobilenet_v3.xmodel","ang20191007t182352_r3564_c271_w151_h151",fraca,92,18,6,262028,0.836363636364,0.938775510204,0.884615384615,0.793103448276,6.86902299596e-05,0.999908447266
"methane_mobilenet_v3.xmodel","ang20191013t173258_r1371_c553_w151_h151",fraca,187,33,14,261910,0.85,0.930348258706,0.888361045131,0.799145299145,0.000125981606685,0.999820709229
"methane_mobilenet_v3.xmodel","ang20191013t144828_r226_c395_w151_h151",forte,0,0,2055,260089,0,0,0,0,0,0.992160797119
"methane_mobilenet_v3.xmodel","ang20191022t180237_r3873_c679_w151_h151",fraca,201,15,64,261864,0.930555555556,0.758490566038,0.835758835759,0.717857142857,5.72783613806e-05,0.999698638916
"methane_mobilenet_v3.xmodel","ang20191023t151141_r8469_c109_w151_h151",forte,1504,232,4917,255491,0.866359447005,0.234231428126,0.368763025622,0.226063430032,0.000907231653,0.980358123779
"methane_mobilenet_v3.xmodel","ang20191013t145516_r11372_c121_w151_h151",fraca,188,49,39,261868,0.793248945148,0.828193832599,0.810344827586,0.68115942029,0.000187082167251,0.999664306641
"methane_mobilenet_v3.xmodel","ang20190927t175410_r10027_c480_w151_h151",forte,0,0,1518,260626,0,0,0,0,0,0.994209289551
"methane_mobilenet_v3.xmodel","ang20191017t152518_r1679_c18_w151_h151",fraca,88,34,2,262020,0.72131147541,0.977777777778,0.830188679245,0.709677419355,0.000129744251185,0.999862670898
"methane_mobilenet_v3.xmodel","ang20191006t150453_r2196_c261_w151_h151",fraca,375,108,213,261448,0.776397515528,0.637755102041,0.700280112045,0.538793103448,0.000412913486978,0.998775482178
"methane_mobilenet_v3.xmodel","ang20191006t150453_r3671_c370_w151_h151",fraca,173,92,0,261879,0.652830188679,1,0.7899543379,0.652830188679,0.000351183909669,0.999649047852
"methane_mobilenet_v3.xmodel","ang20191022t172245_r1735_c21_w151_h151",fraca,616,117,67,261344,0.840381991814,0.901903367496,0.870056497175,0.77,0.000447485475845,0.999298095703
"methane_mobilenet_v3.xmodel","ang20191016t193637_r6848_c465_w151_h151",fraca,82,21,51,261990,0.796116504854,0.616541353383,0.694915254237,0.532467532468,8.01493067085e-05,0.999725341797
"methane_mobilenet_v3.xmodel","ang20191007t175016_r9244_c205_w151_h151",fraca,130,27,209,261778,0.828025477707,0.383480825959,0.524193548387,0.355191256831,0.000103130192319,0.999099731445
"methane_mobilenet_v3.xmodel","ang20191016t193637_r9018_c131_w151_h151",fraca,107,15,256,261766,0.877049180328,0.29476584022,0.441237113402,0.283068783069,5.72998040347e-05,0.998966217041
"methane_mobilenet_v3.xmodel","ang20191022t162321_r1555_c111_w151_h151",fraca,8,1,6,262129,0.888888888889,0.571428571429,0.695652173913,0.533333333333,3.81490100332e-06,0.999973297119
"methane_mobilenet_v3.xmodel","ang20191019t172500_r8010_c225_w151_h151",fraca,27,1,11,262105,0.964285714286,0.710526315789,0.818181818182,0.692307692308,3.81525031857e-06,0.999954223633
"methane_mobilenet_v3.xmodel","ang20191006t180341_r3320_c29_w151_h151",fraca,275,47,34,261788,0.854037267081,0.88996763754,0.871632329635,0.772471910112,0.000179502358355,0.999691009521
"methane_mobilenet_v3.xmodel","ang20191017t150903_r9023_c277_w151_h151",forte,144,99,3559,258342,0.592592592593,0.0388873886038,0.0729853015712,0.0378748027354,0.000383066154364,0.986045837402
"methane_mobilenet_v3.xmodel","ang20191017t171949_r11317_c350_w151_h151",forte,2618,508,1040,257978,0.837492002559,0.715691634773,0.771816037736,0.628420547288,0.0019652901898,0.994094848633
"methane_mobilenet_v3.xmodel","ang20190923t192543_r2005_c449_w151_h151",forte,1101,191,374,260478,0.852167182663,0.746440677966,0.795807734008,0.660864345738,0.000732730013926,0.997844696045
"methane_mobilenet_v3.xmodel","ang20191016t171023_r4555_c494_w151_h151",fraca,234,35,347,261528,0.869888475836,0.402753872633,0.550588235294,0.37987012987,0.000133810974794,0.998542785645
"methane_mobilenet_v3.xmodel","ang20191019t175004_r1568_c374_w151_h151",fraca,77,12,72,261983,0.865168539326,0.51677852349,0.647058823529,0.478260869565,4.58024008092e-05,0.99967956543
"methane_mobilenet_v3.xmodel","ang20191007t182352_r4376_c293_w151_h151",fraca,37,8,181,261918,0.822222222222,0.169724770642,0.281368821293,0.163716814159,3.05429777876e-05,0.999279022217
"methane_mobilenet_v3.xmodel","ang20191008t183946_r9036_c563_w151_h151",fraca,206,54,22,261862,0.792307692308,0.90350877193,0.844262295082,0.730496453901,0.000206172971487,0.999710083008
"methane_mobilenet_v3.xmodel","ang20191016t145145_r2979_c283_w151_h151",fraca,95,29,12,262008,0.766129032258,0.88785046729,0.822510822511,0.698529411765,0.000110671393734,0.999843597412
"methane_mobilenet_v3.xmodel","ang20191010t193818_r5664_c429_w151_h151",fraca,0,0,76,262068,0,0,0,0,0,0.999710083008
"methane_mobilenet_v3.xmodel","ang20191022t153425_r1203_c565_w151_h151",fraca,182,43,562,261357,0.808888888889,0.244623655914,0.37564499484,0.23125794155,0.000164498852334,0.997692108154
"methane_mobilenet_v3.xmodel","ang20191007t200647_r1122_c553_w151_h151",forte,5654,925,990,254575,0.859401124791,0.850993377483,0.855176586251,0.746994318932,0.00362035225049,0.992694854736
"methane_mobilenet_v3.xmodel","ang20191006t165608_r2288_c556_w151_h151",fraca,404,70,39,261631,0.852320675105,0.911963882619,0.881134133043,0.787524366472,0.000267480827356,0.999584197998
"methane_mobilenet_v3.xmodel","ang20191017t154425_r2001_c119_w151_h151",fraca,223,65,8,261848,0.774305555556,0.965367965368,0.859344894027,0.753378378378,0.000248174011981,0.9997215271
"methane_mobilenet_v3.xmodel","ang20191007t200647_r7116_c18_w151_h151",fraca,10,0,13,262121,1,0.434782608696,0.606060606061,0.434782608696,0,0.999950408936
"methane_mobilenet_v3.xmodel","ang20191019t162211_r174_c398_w151_h151",fraca,35,7,47,262055,0.833333333333,0.426829268293,0.564516129032,0.393258426966,2.67112362723e-05,0.999794006348
"methane_mobilenet_v3.xmodel","ang20191022t165908_r3901_c305_w151_h151",fraca,500,62,301,261281,0.889679715302,0.624219725343,0.733675715334,0.579374275782,0.000237236122643,0.998615264893
"methane_mobilenet_v3.xmodel","ang20191008t194115_r6913_c529_w151_h151",fraca,76,13,86,261969,0.85393258427,0.469135802469,0.605577689243,0.434285714286,4.96217297372e-05,0.999622344971
"methane_mobilenet_v3.xmodel","ang20191011t182731_r111_c236_w151_h151",fraca,29,2,6,262107,0.935483870968,0.828571428571,0.878787878788,0.783783783784,7.63041330134e-06,0.999969482422
"methane_mobilenet_v3.xmodel","ang20191016t174016_r9181_c127_w151_h151",fraca,47,26,8,262063,0.643835616438,0.854545454545,0.734375,0.58024691358,9.92029425119e-05,0.999870300293
"methane_mobilenet_v3.xmodel","ang20191017t160033_r4831_c560_w151_h151",forte,551,105,472,261016,0.83993902439,0.538611925709,0.656343061346,0.488475177305,0.000402112430636,0.997798919678
"methane_mobilenet_v3.xmodel","ang20191016t171023_r8136_c321_w151_h151",fraca,0,0,19,262125,0,0,0,0,0,0.999927520752
"methane_mobilenet_v3.xmodel","ang20191016t155337_r6436_c506_w151_h151",fraca,229,50,72,261793,0.820788530466,0.760797342193,0.789655172414,0.652421652422,0.000190954121363,0.999534606934
"methane_mobilenet_v3.xmodel","ang20191016t200430_r715_c247_w151_h151",fraca,8,0,62,262074,1,0.114285714286,0.205128205128,0.114285714286,0,0.99976348877
"methane_mobilenet_v3.xmodel","ang20191011t163647_r3554_c0_w151_h151",fraca,23,4,16,262101,0.851851851852,0.589743589744,0.69696969697,0.53488372093,1.52610594991e-05,0.999923706055
"methane_mobilenet_v3.xmodel","ang20191017t174946_r1911_c73_w151_h151",fraca,73,19,12,262040,0.79347826087,0.858823529412,0.824858757062,0.701923076923,7.25027570127e-05,0.999881744385
"methane_mobilenet_v3.xmodel","ang20191023t185210_r10822_c345_w151_h151",forte,55,0,25765,236324,1,0.00213013168087,0.00425120772947,0.00213013168087,0,0.901714324951
"methane_mobilenet_v3.xmodel","ang20191011t192741_r2687_c7_w151_h151",fraca,155,33,72,261884,0.824468085106,0.68281938326,0.746987951807,0.596153846154,0.000125994112639,0.999599456787
"methane_mobilenet_v3.xmodel","ang20191017t173348_r6316_c476_w151_h151",fraca,246,50,19,261829,0.831081081081,0.928301886792,0.877005347594,0.780952380952,0.000190927871269,0.999736785889
"methane_mobilenet_v3.xmodel","ang20191006t171344_r6745_c249_w151_h151",fraca,166,56,810,261112,0.747747747748,0.170081967213,0.277128547579,0.160852713178,0.000214421368621,0.996696472168
"methane_mobilenet_v3.xmodel","ang20191007t175016_r1780_c347_w151_h151",fraca,107,46,24,261967,0.699346405229,0.81679389313,0.753521126761,0.604519774011,0.000175563807903,0.999732971191
"methane_mobilenet_v3.xmodel","ang20191016t163955_r3055_c131_w151_h151",fraca,87,32,60,261965,0.731092436975,0.591836734694,0.654135338346,0.486033519553,0.000122138803116,0.999649047852
"methane_mobilenet_v3.xmodel","ang20190926t171159_r3394_c83_w151_h151",fraca,177,470,17,261480,0.273570324575,0.912371134021,0.420927467301,0.26656626506,0.00179423554113,0.998142242432
"methane_mobilenet_v3.xmodel","ang20190927t175410_r3780_c250_w151_h151",fraca,89,32,304,261719,0.735537190083,0.226463104326,0.346303501946,0.209411764706,0.000122253592154,0.998718261719
"methane_mobilenet_v3.xmodel","ang20191017t182024_r6233_c369_w151_h151",fraca,0,0,8,262136,0,0,0,0,0,0.999969482422
"methane_mobilenet_v3.xmodel","ang20191022t181138_r1160_c151_w151_h151",forte,1463,83,203,260395,0.946313065977,0.878151260504,0.91095890411,0.836477987421,0.000318644952741,0.998908996582
"methane_mobilenet_v3.xmodel","ang20191016t153826_r3137_c196_w151_h151",fraca,61,6,26,262051,0.910447761194,0.701149425287,0.792207792208,0.655913978495,2.28957822153e-05,0.999877929688
"methane_mobilenet_v3.xmodel","ang20191016t195058_r8286_c304_w151_h151",fraca,39,9,11,262085,0.8125,0.78,0.795918367347,0.661016949153,3.43388250017e-05,0.999923706055
"methane_mobilenet_v3.xmodel","ang20191006t160931_r6337_c30_w151_h151",fraca,0,0,228,261916,0,0,0,0,0,0.999130249023
"methane_mobilenet_v3.xmodel","ang20190922t203229_r7486_c72_w151_h151",fraca,0,0,378,261766,0,0,0,0,0,0.998558044434
"methane_mobilenet_v3.xmodel","ang20191016t171023_r4618_c553_w151_h151",fraca,55,154,526,261409,0.263157894737,0.0946643717728,0.139240506329,0.0748299319728,0.000588768289093,0.997406005859
"methane_mobilenet_v3.xmodel","ang20191017t185057_r3726_c333_w151_h151",fraca,0,0,26,262118,0,0,0,0,0,0.999900817871
"methane_mobilenet_v3.xmodel","ang20190923t195907_r7563_c6_w151_h151",fraca,108,20,18,261998,0.84375,0.857142857143,0.850393700787,0.739726027397,7.63306337733e-05,0.999855041504
"methane_mobilenet_v3.xmodel","ang20191017t160033_r3587_c150_w151_h151",fraca,89,28,63,261964,0.760683760684,0.585526315789,0.661710037175,0.494444444444,0.00010687349232,0.999652862549
"methane_mobilenet_v3.xmodel","ang20191022t153425_r1069_c367_w151_h151",fraca,155,20,589,261380,0.885714285714,0.208333333333,0.337323177367,0.202879581152,7.65110941086e-05,0.997676849365
"methane_mobilenet_v3.xmodel","ang20190926t184029_r12219_c473_w151_h151",forte,113,22,2460,259549,0.837037037037,0.0439176059075,0.0834564254062,0.0435452793834,8.47552307461e-05,0.990531921387
"methane_mobilenet_v3.xmodel","ang20191022t183431_r3247_c535_w151_h151",forte,1184,188,239,260533,0.862973760933,0.832044975404,0.847227191413,0.734947237741,0.000721077320201,0.998371124268
"methane_mobilenet_v3.xmodel","ang20191013t151222_r6634_c284_w151_h151",forte,0,0,1876,260268,0,0,0,0,0,0.99284362793
"methane_mobilenet_v3.xmodel","ang20191006t171344_r305_c410_w151_h151",fraca,28,2,270,261844,0.933333333333,0.0939597315436,0.170731707317,0.0933333333333,7.63807734317e-06,0.998962402344
"methane_mobilenet_v3.xmodel","ang20190928t181405_r6053_c285_w151_h151",fraca,89,22,27,262006,0.801801801802,0.76724137931,0.784140969163,0.644927536232,8.39604927718e-05,0.999813079834
"methane_mobilenet_v3.xmodel","ang20190924t181121_r14632_c354_w151_h151",fraca,22,1,28,262093,0.95652173913,0.44,0.602739726027,0.43137254902,3.81542500019e-06,0.999889373779
"methane_mobilenet_v3.xmodel","ang20191016t145145_r4417_c158_w151_h151",fraca,115,68,549,261412,0.628415300546,0.173192771084,0.271546635183,0.157103825137,0.000260058130641,0.997646331787
"methane_mobilenet_v3.xmodel","ang20190927t175410_r9284_c428_w151_h151",fraca,75,26,110,261933,0.742574257426,0.405405405405,0.524475524476,0.355450236967,9.925217305e-05,0.999481201172
"methane_mobilenet_v3.xmodel","ang20191017t180347_r7667_c11_w151_h151",fraca,0,0,205,261939,0,0,0,0,0,0.999217987061
"methane_mobilenet_v3.xmodel","ang20191022t180237_r2007_c480_w151_h151",fraca,150,261,85,261648,0.36496350365,0.63829787234,0.46439628483,0.302419354839,0.000996529328889,0.998680114746
"methane_mobilenet_v3.xmodel","ang20191019t175004_r2126_c318_w151_h151",fraca,648,151,92,261253,0.811013767209,0.875675675676,0.842105263158,0.727272727273,0.000577649921195,0.999073028564
"methane_mobilenet_v3.xmodel","ang20191017t154425_r7522_c540_w151_h151",fraca,372,99,30,261643,0.789808917197,0.925373134328,0.852233676976,0.74251497006,0.000378235055895,0.999507904053
"methane_mobilenet_v3.xmodel","ang20191017t183448_r955_c305_w151_h151",fraca,125,40,2,261977,0.757575757576,0.984251968504,0.856164383562,0.748502994012,0.000152661850185,0.999839782715
"methane_mobilenet_v3.xmodel","ang20191007t193705_r6997_c288_w151_h151",forte,5208,712,2853,253371,0.87972972973,0.646073688128,0.745011086475,0.593639575972,0.00280223391569,0.986400604248
"methane_mobilenet_v3.xmodel","ang20191017t174946_r11442_c484_w151_h151",forte,1003,220,457,260464,0.820114472608,0.68698630137,0.747670518077,0.597023809524,0.000843933651471,0.997417449951
"methane_mobilenet_v3.xmodel","ang20191022t164918_r4051_c251_w151_h151",fraca,34,57,33,262020,0.373626373626,0.507462686567,0.430379746835,0.274193548387,0.000217493332112,0.999656677246
"methane_mobilenet_v3.xmodel","ang20191017t160033_r3204_c372_w151_h151",fraca,82,70,13,261979,0.539473684211,0.863157894737,0.663967611336,0.49696969697,0.000267125613912,0.999683380127
"methane_mobilenet_v3.xmodel","ang20191006t162415_r6616_c258_w151_h151",forte,609,69,923,260543,0.898230088496,0.397519582245,0.551131221719,0.380387257964,0.000264761407763,0.996215820312
"methane_mobilenet_v3.xmodel","ang20191016t152245_r10302_c578_w151_h151",fraca,78,34,9,262023,0.696428571429,0.896551724138,0.78391959799,0.644628099174,0.000129742765887,0.999835968018
"methane_mobilenet_v3.xmodel","ang20191016t195058_r4296_c688_w151_h151",fraca,92,23,15,262014,0.8,0.859813084112,0.828828828829,0.707692307692,8.77738639963e-05,0.999855041504
"methane_mobilenet_v3.xmodel","ang20191023t190429_r3215_c202_w151_h151",fraca,62,43,15,262024,0.590476190476,0.805194805195,0.681318681319,0.516666666667,0.00016408017797,0.999778747559
"methane_mobilenet_v3.xmodel","ang20190927t190436_r8004_c498_w151_h151",fraca,155,33,8,261948,0.824468085106,0.950920245399,0.883190883191,0.790816326531,0.000125963333219,0.999843597412
"methane_mobilenet_v3.xmodel","ang20191019t184718_r7225_c298_w151_h151",fraca,316,90,121,261617,0.778325123153,0.723112128146,0.749703440095,0.599620493359,0.000343896036407,0.999195098877
"methane_mobilenet_v3.xmodel","ang20191016t163955_r2757_c278_w151_h151",fraca,161,84,297,261602,0.657142857143,0.351528384279,0.458036984353,0.29704797048,0.000320995391423,0.998546600342
"methane_mobilenet_v3.xmodel","ang20191013t182140_r3871_c421_w151_h151",fraca,454,91,39,261560,0.833027522936,0.920892494929,0.874759152216,0.777397260274,0.000347791523824,0.999504089355
"methane_mobilenet_v3.xmodel","ang20191017t170330_r6284_c353_w151_h151",fraca,29,7,27,262081,0.805555555556,0.517857142857,0.630434782609,0.460317460317,2.6708586429e-05,0.999870300293
"methane_mobilenet_v3.xmodel","ang20191016t200430_r4457_c441_w151_h151",fraca,36,5,36,262067,0.878048780488,0.5,0.637168141593,0.467532467532,1.90787264569e-05,0.999843597412
"methane_mobilenet_v3.xmodel","ang20191016t162417_r1865_c306_w151_h151",fraca,45,62,2,262035,0.420560747664,0.957446808511,0.584415584416,0.412844036697,0.000236553642354,0.999755859375
"methane_mobilenet_v3.xmodel","ang20191017t183448_r8154_c228_w151_h151",fraca,66,5,59,262014,0.929577464789,0.528,0.673469387755,0.507692307692,1.9082585614e-05,0.999755859375
"methane_mobilenet_v3.xmodel","ang20191017t180347_r10064_c450_w151_h151",fraca,44,5,79,262016,0.897959183673,0.357723577236,0.511627906977,0.34375,1.90824399571e-05,0.99967956543
"methane_mobilenet_v3.xmodel","ang20191023t154154_r7124_c281_w151_h151",fraca,132,46,27,261939,0.741573033708,0.830188679245,0.783382789318,0.643902439024,0.000175582571521,0.9997215271
"methane_mobilenet_v3.xmodel","ang20191007t195115_r1971_c521_w151_h151",fraca,30,1,511,261602,0.967741935484,0.0554528650647,0.104895104895,0.0553505535055,3.82258613242e-06,0.998046875
"methane_mobilenet_v3.xmodel","ang20191013t144828_r4120_c470_w151_h151",forte,46,5,1797,260296,0.901960784314,0.0249593054802,0.0485744456177,0.0248917748918,1.92085316614e-05,0.993125915527
"methane_mobilenet_v3.xmodel","ang20191006t164135_r11396_c190_w151_h151",fraca,586,142,201,261215,0.804945054945,0.74459974587,0.773597359736,0.630785791173,0.000543318143382,0.998691558838
"methane_mobilenet_v3.xmodel","ang20191007t190840_r10960_c184_w151_h151",fraca,6,0,36,262102,1,0.142857142857,0.25,0.142857142857,0,0.999862670898
"methane_mobilenet_v3.xmodel","ang20191022t192048_r5574_c478_w151_h151",fraca,154,8,9,261973,0.950617283951,0.944785276074,0.947692307692,0.900584795322,3.05365656288e-05,0.999935150146
"methane_mobilenet_v3.xmodel","ang20191013t164602_r7501_c276_w151_h151",fraca,520,76,155,261393,0.872483221477,0.77037037037,0.818253343824,0.69241011984,0.000290665432613,0.999118804932
"methane_mobilenet_v3.xmodel","ang20191013t171742_r1886_c495_w151_h151",fraca,204,28,89,261823,0.879310344828,0.696245733788,0.777142857143,0.635514018692,0.000106931040935,0.99955368042
"methane_mobilenet_v3.xmodel","ang20191013t182140_r11986_c496_w151_h151",fraca,85,14,9,262036,0.858585858586,0.904255319149,0.880829015544,0.787037037037,5.34249189086e-05,0.999912261963
"methane_mobilenet_v3.xmodel","ang20191016t160914_r2713_c533_w151_h151",fraca,0,0,125,262019,0,0,0,0,0,0.999523162842
"methane_mobilenet_v3.xmodel","ang20190923t192543_r3134_c501_w151_h151",fraca,358,75,50,261661,0.826789838337,0.877450980392,0.851367419738,0.741200828157,0.000286548277654,0.999523162842
"methane_mobilenet_v3.xmodel","ang20191007t185303_r2630_c550_w151_h151",forte,2318,473,1987,257366,0.830526692942,0.538443670151,0.653325817362,0.485140226036,0.00183447810455,0.990615844727
"methane_mobilenet_v3.xmodel","ang20191016t165454_r508_c176_w151_h151",forte,687,165,498,260794,0.806338028169,0.579746835443,0.674521354934,0.508888888889,0.000632283232232,0.997470855713
"methane_mobilenet_v3.xmodel","ang20191011t172641_r893_c449_w151_h151",fraca,22,2,38,262082,0.916666666667,0.366666666667,0.52380952381,0.354838709677,7.63114116085e-06,0.999847412109
"methane_mobilenet_v3.xmodel","ang20191023t142135_r13793_c186_w151_h151",fraca,213,52,160,261719,0.803773584906,0.571045576408,0.667711598746,0.501176470588,0.000198646908939,0.99919128418
"methane_mobilenet_v3.xmodel","ang20191006t164135_r2368_c111_w151_h151",fraca,413,87,113,261531,0.826,0.785171102662,0.805068226121,0.673735725938,0.000332545925739,0.999237060547
"methane_mobilenet_v3.xmodel","ang20191017t163235_r4915_c319_w151_h151",fraca,14,9,3,262118,0.608695652174,0.823529411765,0.7,0.538461538462,3.4334501978e-05,0.999954223633
"methane_mobilenet_v3.xmodel","ang20190927t184620_r7749_c565_w151_h151",fraca,1,1,57,262085,0.5,0.0172413793103,0.0333333333333,0.0169491525424,3.81554146349e-06,0.999778747559
"methane_mobilenet_v3.xmodel","ang20191022t162321_r9083_c211_w151_h151",fraca,72,6,439,261627,0.923076923077,0.140900195695,0.244482173175,0.139264990329,2.29328869065e-05,0.998302459717
"methane_mobilenet_v3.xmodel","ang20191007t200647_r4678_c402_w151_h151",fraca,439,81,101,261523,0.844230769231,0.812962962963,0.828301886792,0.70692431562,0.000309628293145,0.999305725098
"methane_mobilenet_v3.xmodel","ang20191023t164221_r8242_c483_w151_h151",fraca,171,52,407,261514,0.766816143498,0.295847750865,0.426966292135,0.271428571429,0.000198802596668,0.998249053955
"methane_mobilenet_v3.xmodel","ang20191007t200647_r1571_c101_w151_h151",fraca,84,28,1,262031,0.75,0.988235294118,0.852791878173,0.743362831858,0.000106846168229,0.999889373779
"methane_mobilenet_v3.xmodel","ang20190927t175410_r10038_c603_w151_h151",forte,219,16,1299,260610,0.931914893617,0.144268774704,0.249857387336,0.142764015645,6.13906517385e-05,0.994983673096
"methane_mobilenet_v3.xmodel","ang20191016t175642_r747_c486_w151_h151",fraca,69,18,4,262053,0.793103448276,0.945205479452,0.8625,0.758241758242,6.86836773241e-05,0.99991607666
"methane_mobilenet_v3.xmodel","ang20191019t173905_r2889_c557_w151_h151",fraca,31,6,94,262013,0.837837837838,0.248,0.382716049383,0.236641221374,2.28991027368e-05,0.999618530273
"methane_mobilenet_v3.xmodel","ang20191017t154425_r3694_c377_w151_h151",fraca,321,62,39,261722,0.838120104439,0.891666666667,0.864064602961,0.760663507109,0.000236836475873,0.999614715576
"methane_mobilenet_v3.xmodel","ang20191007t175016_r6463_c149_w151_h151",fraca,23,1,17,262103,0.958333333333,0.575,0.71875,0.560975609756,3.81527943107e-06,0.999931335449
"methane_mobilenet_v3.xmodel","ang20191013t152730_r7630_c346_w151_h151",forte,0,0,1163,260981,0,0,0,0,0,0.99556350708
"methane_mobilenet_v3.xmodel","ang20191013t192848_r1527_c413_w151_h151",fraca,0,0,18,262126,0,0,0,0,0,0.999931335449
"methane_mobilenet_v3.xmodel","ang20191023t172753_r6778_c308_w151_h151",fraca,348,71,67,261658,0.830548926014,0.838554216867,0.834532374101,0.716049382716,0.000271272957907,0.999473571777
"methane_mobilenet_v3.xmodel","ang20190926t163428_r5135_c375_w151_h151",fraca,308,97,85,261654,0.76049382716,0.783715012723,0.771929824561,0.628571428571,0.000370581201218,0.999305725098
"methane_mobilenet_v3.xmodel","ang20191013t144828_r563_c623_w151_h151",fraca,143,65,109,261827,0.6875,0.56746031746,0.621739130435,0.451104100946,0.000248193911994,0.999336242676
"methane_mobilenet_v3.xmodel","ang20191013t145516_r5585_c528_w151_h151",fraca,59,10,27,262048,0.855072463768,0.686046511628,0.761290322581,0.614583333333,3.81594914103e-05,0.999858856201
"methane_mobilenet_v3.xmodel","ang20191022t184525_r1133_c567_w151_h151",fraca,157,33,28,261926,0.826315789474,0.848648648649,0.837333333333,0.720183486239,0.000125973911948,0.999767303467
"methane_mobilenet_v3.xmodel","ang20191006t162415_r6554_c232_w151_h151",forte,689,90,860,260505,0.884467265725,0.444803098773,0.591924398625,0.420378279439,0.000345363495079,0.996376037598
"methane_mobilenet_v3.xmodel","ang20191013t154421_r6986_c66_w151_h151",fraca,9,0,197,261938,1,0.0436893203883,0.0837209302326,0.0436893203883,0,0.999248504639
"methane_mobilenet_v3.xmodel","ang20191017t160033_r1290_c245_w151_h151",fraca,159,62,11,261912,0.719457013575,0.935294117647,0.813299232737,0.685344827586,0.000236664707185,0.9997215271
"methane_mobilenet_v3.xmodel","ang20191019t164827_r13_c361_w151_h151",fraca,3,0,9,262132,1,0.25,0.4,0.25,0,0.999965667725
"methane_mobilenet_v3.xmodel","ang20191013t151222_r5704_c200_w151_h151",forte,1631,551,344,259618,0.747479376719,0.82582278481,0.784700505172,0.645684877276,0.00211785416402,0.996585845947
"methane_mobilenet_v3.xmodel","ang20191006t155231_r10102_c450_w151_h151",fraca,17,6,10,262111,0.739130434783,0.62962962963,0.68,0.515151515152,2.28905412468e-05,0.999938964844
"methane_mobilenet_v3.xmodel","ang20191017t173348_r2875_c318_w151_h151",fraca,24,1,116,262003,0.96,0.171428571429,0.290909090909,0.170212765957,3.81673562236e-06,0.99955368042
"methane_mobilenet_v3.xmodel","ang20191016t163955_r3797_c222_w151_h151",fraca,167,50,248,261679,0.769585253456,0.402409638554,0.528481012658,0.359139784946,0.000191037294301,0.998863220215
"methane_mobilenet_v3.xmodel","ang20191019t173905_r2181_c254_w151_h151",fraca,282,71,546,261245,0.798866855524,0.340579710145,0.477561388654,0.313681868743,0.0002717016945,0.997646331787
"methane_mobilenet_v3.xmodel","ang20191023t142135_r15210_c66_w151_h151",fraca,110,15,119,261900,0.88,0.480349344978,0.621468926554,0.450819672131,5.72704885173e-05,0.999488830566
"methane_mobilenet_v3.xmodel","ang20191011t184311_r6519_c556_w151_h151",fraca,13,0,48,262083,1,0.213114754098,0.351351351351,0.213114754098,0,0.999816894531
"methane_mobilenet_v3.xmodel","ang20190927t175410_r8294_c340_w151_h151",fraca,252,44,13,261835,0.851351351351,0.950943396226,0.898395721925,0.815533980583,0.000168016526717,0.999782562256
"methane_mobilenet_v3.xmodel","ang20191023t191942_r9815_c180_w151_h151",fraca,14,2,805,261323,0.875,0.017094017094,0.0335329341317,0.0170523751523,7.65330527121e-06,0.996921539307
"methane_mobilenet_v3.xmodel","ang20191006t165608_r3735_c257_w151_h151",forte,705,89,17808,243542,0.887909319899,0.0380813482418,0.07303050707,0.037899150629,0.000365306549659,0.931728363037
"methane_mobilenet_v3.xmodel","ang20191023t175603_r8555_c374_w151_h151",forte,1560,165,3720,256699,0.904347826087,0.295454545455,0.44539614561,0.28650137741,0.00064236327395,0.985179901123
"methane_mobilenet_v3.xmodel","ang20191016t184817_r7334_c174_w151_h151",fraca,165,29,19,261931,0.850515463918,0.896739130435,0.873015873016,0.774647887324,0.000110703924263,0.999816894531
"methane_mobilenet_v3.xmodel","ang20191017t170330_r2250_c304_w151_h151",fraca,15,0,223,261906,1,0.063025210084,0.118577075099,0.063025210084,0,0.99914932251
"methane_mobilenet_v3.xmodel","ang20191017t164928_r283_c152_w151_h151",fraca,50,21,90,261983,0.704225352113,0.357142857143,0.473933649289,0.310559006211,8.01514480695e-05,0.999576568604
"methane_mobilenet_v3.xmodel","ang20191006t160931_r10976_c483_w151_h151",fraca,31,10,220,261883,0.756097560976,0.123505976096,0.212328767123,0.11877394636,3.81835329696e-05,0.999122619629
"methane_mobilenet_v3.xmodel","ang20191013t152730_r7405_c142_w151_h151",forte,256,53,3163,258672,0.828478964401,0.0748756946476,0.137339055794,0.073732718894,0.000204850710214,0.987731933594
"methane_mobilenet_v3.xmodel","ang20191017t161837_r3580_c455_w151_h151",fraca,149,31,125,261839,0.827777777778,0.543795620438,0.656387665198,0.488524590164,0.000118379348532,0.999404907227
"methane_mobilenet_v3.xmodel","ang20191022t192048_r4070_c460_w151_h151",fraca,482,57,42,261563,0.894248608534,0.919847328244,0.906867356538,0.829604130809,0.00021787325128,0.999622344971
"methane_mobilenet_v3.xmodel","ang20191017t170330_r11343_c639_w151_h151",fraca,397,78,109,261560,0.835789473684,0.784584980237,0.809378185525,0.679794520548,0.000298121832456,0.999286651611
"methane_mobilenet_v3.xmodel","ang20191006t171344_r5428_c404_w151_h151",fraca,33,11,77,262023,0.75,0.3,0.428571428571,0.272727272727,4.19792851309e-05,0.999664306641
"methane_mobilenet_v3.xmodel","ang20190927t153023_r12637_c207_w151_h151",fraca,676,122,73,261273,0.847117794486,0.902536715621,0.873949579832,0.776119402985,0.000466726601503,0.999256134033
"methane_mobilenet_v3.xmodel","ang20191006t172739_r4860_c333_w151_h151",fraca,65,20,336,261723,0.764705882353,0.162094763092,0.267489711934,0.154394299287,7.64108304711e-05,0.998641967773
"methane_mobilenet_v3.xmodel","ang20191017t164928_r509_c232_w151_h151",fraca,428,73,271,261372,0.854291417166,0.612303290415,0.713333333333,0.554404145078,0.000279217426227,0.998687744141
"methane_mobilenet_v3.xmodel","ang20190927t171836_r2892_c424_w151_h151",fraca,80,19,13,262032,0.808080808081,0.860215053763,0.833333333333,0.714285714286,7.25049704065e-05,0.999877929688
"methane_mobilenet_v3.xmodel","ang20190927t154855_r9470_c308_w151_h151",forte,295,23,1437,260389,0.927672955975,0.170323325635,0.287804878049,0.168091168091,8.83215827228e-05,0.994430541992
"methane_mobilenet_v3.xmodel","ang20191013t155909_r105_c234_w151_h151",fraca,31,9,58,262046,0.775,0.348314606742,0.480620155039,0.316326530612,3.43439354334e-05,0.999744415283
"methane_mobilenet_v3.xmodel","ang20191010t174755_r16391_c499_w151_h151",fraca,1,0,43,262100,1,0.0227272727273,0.0444444444444,0.0227272727273,0,0.999835968018
"methane_mobilenet_v3.xmodel","ang20191007t175016_r9115_c209_w151_h151",fraca,146,28,193,261777,0.83908045977,0.430678466077,0.569200779727,0.397820163488,0.000106949829071,0.999156951904
"methane_mobilenet_v3.xmodel","ang20190926t174644_r3406_c48_w151_h151",forte,1307,277,77,260483,0.825126262626,0.94436416185,0.880727762803,0.786875376279,0.00106227949072,0.998649597168
"methane_mobilenet_v3.xmodel","ang20191017t154425_r12955_c242_w151_h151",fraca,335,103,13,261693,0.764840182648,0.962643678161,0.852417302799,0.742793791574,0.000393436110559,0.999557495117
"methane_mobilenet_v3.xmodel","ang20191007t185303_r4669_c189_w151_h151",fraca,34,29,23,262058,0.539682539683,0.59649122807,0.566666666667,0.395348837209,0.00011065028025,0.999801635742
"methane_mobilenet_v3.xmodel","ang20191006t153731_r3016_c419_w151_h151",fraca,317,48,180,261599,0.868493150685,0.637826961771,0.735498839907,0.581651376147,0.000183453278654,0.999130249023
"methane_mobilenet_v3.xmodel","ang20191016t171023_r7214_c415_w151_h151",fraca,434,110,93,261507,0.797794117647,0.823529411765,0.81045751634,0.681318681319,0.000420461973037,0.999225616455
"methane_mobilenet_v3.xmodel","ang20191011t175712_r6310_c349_w151_h151",fraca,6,0,7,262131,1,0.461538461538,0.631578947368,0.461538461538,0,0.999973297119
"methane_mobilenet_v3.xmodel","ang20190923t170747_r14210_c160_w151_h151",fraca,115,32,16,261981,0.78231292517,0.87786259542,0.827338129496,0.705521472393,0.000122131344628,0.999816894531
"methane_mobilenet_v3.xmodel","ang20191006t155231_r9893_c133_w151_h151",fraca,68,34,29,262013,0.666666666667,0.701030927835,0.683417085427,0.519083969466,0.000129747717013,0.999759674072
"methane_mobilenet_v3.xmodel","ang20191017t183448_r9445_c477_w151_h151",fraca,53,14,9,262068,0.791044776119,0.854838709677,0.821705426357,0.697368421053,5.34183957693e-05,0.999912261963
"methane_mobilenet_v3.xmodel","ang20191007t195115_r2074_c344_w151_h151",fraca,34,6,110,261994,0.85,0.236111111111,0.369565217391,0.226666666667,2.29007633588e-05,0.999557495117
"methane_mobilenet_v3.xmodel","ang20191016t181351_r6216_c194_w151_h151",fraca,40,4,3,262097,0.909090909091,0.93023255814,0.919540229885,0.851063829787,1.52612924025e-05,0.999973297119
"methane_mobilenet_v3.xmodel","ang20191013t154421_r7542_c411_w151_h151",fraca,240,72,68,261764,0.769230769231,0.779220779221,0.774193548387,0.631578947368,0.000274981285996,0.999465942383
"methane_mobilenet_v3.xmodel","ang20191023t164221_r2102_c181_w151_h151",fraca,36,13,1,262094,0.734693877551,0.972972972973,0.837209302326,0.72,4.95980649124e-05,0.999946594238
"methane_mobilenet_v3.xmodel","ang20190927t181142_r7863_c571_w151_h151",fraca,9,0,22,262113,1,0.290322580645,0.45,0.290322580645,0,0.99991607666
"methane_mobilenet_v3.xmodel","ang20191017t174946_r6443_c7_w151_h151",fraca,206,74,23,261841,0.735714285714,0.899563318777,0.809430255403,0.679867986799,0.000282534410019,0.999629974365
"methane_mobilenet_v3.xmodel","ang20191006t171344_r1955_c256_w151_h151",fraca,139,47,16,261942,0.747311827957,0.896774193548,0.815249266862,0.688118811881,0.000179396844906,0.999759674072
"methane_mobilenet_v3.xmodel","ang20190927t170107_r8348_c362_w151_h151",fraca,66,7,27,262044,0.904109589041,0.709677419355,0.795180722892,0.66,2.67123575182e-05,0.999870300293
"methane_mobilenet_v3.xmodel","ang20191016t162417_r4764_c151_w151_h151",forte,2182,320,1474,258168,0.872102318145,0.596827133479,0.708671646639,0.548792756539,0.0012379684937,0.993156433105
"methane_mobilenet_v3.xmodel","ang20191007t195115_r1619_c346_w151_h151",forte,438,85,770,260851,0.837476099426,0.362582781457,0.506065857886,0.338747099768,0.000325750375571,0.996738433838
"methane_mobilenet_v3.xmodel","ang20190927t181142_r1888_c458_w151_h151",fraca,43,14,0,262087,0.754385964912,1,0.86,0.754385964912,5.34145234089e-05,0.999946594238
"methane_mobilenet_v3.xmodel","ang20191006t183904_r6086_c149_w151_h151",fraca,57,8,641,261438,0.876923076923,0.0816618911175,0.149410222805,0.0807365439093,3.05990529593e-05,0.997524261475
"methane_mobilenet_v3.xmodel","ang20190927t181142_r12683_c15_w151_h151",fraca,339,98,26,261681,0.775743707094,0.928767123288,0.845386533666,0.732181425486,0.000374361579806,0.999526977539
"methane_mobilenet_v3.xmodel","ang20191017t164928_r331_c400_w151_h151",fraca,635,128,267,261114,0.832241153342,0.70399113082,0.762762762763,0.616504854369,0.000489967156889,0.99849319458
"methane_mobilenet_v3.xmodel","ang20191013t173258_r2948_c539_w151_h151",fraca,520,86,29,261509,0.858085808581,0.947176684882,0.900432900433,0.818897637795,0.000328752460865,0.999561309814
"methane_mobilenet_v3.xmodel","ang20191006t172739_r6049_c410_w151_h151",fraca,455,253,144,261292,0.642655367232,0.75959933222,0.696250956389,0.534037558685,0.000967328757958,0.998485565186
"methane_mobilenet_v3.xmodel","ang20190926t160016_r7102_c179_w151_h151",fraca,127,101,48,261868,0.55701754386,0.725714285714,0.630272952854,0.460144927536,0.000385541800747,0.999431610107
"methane_mobilenet_v3.xmodel","ang20191016t193637_r1977_c271_w151_h151",fraca,33,5,154,261952,0.868421052632,0.176470588235,0.293333333333,0.171875,1.90871020816e-05,0.999393463135
"methane_mobilenet_v3.xmodel","ang20191022t182432_r846_c295_w151_h151",fraca,389,62,113,261580,0.862527716186,0.774900398406,0.816369359916,0.689716312057,0.000236965013262,0.999332427979
"methane_mobilenet_v3.xmodel","ang20191017t154425_r10758_c224_w151_h151",fraca,273,90,20,261761,0.752066115702,0.931740614334,0.832317073171,0.712793733681,0.000343706917293,0.999580383301
"methane_mobilenet_v3.xmodel","ang20191013t151222_r4801_c324_w151_h151",fraca,0,0,416,261728,0,0,0,0,0,0.998413085938
"methane_mobilenet_v3.xmodel","ang20191017t191119_r7791_c496_w151_h151",fraca,52,14,4,262074,0.787878787879,0.928571428571,0.852459016393,0.742857142857,5.3417172858e-05,0.999931335449
"methane_mobilenet_v3.xmodel","ang20191023t183654_r10379_c298_w151_h151",fraca,260,24,512,261348,0.915492957746,0.336787564767,0.492424242424,0.326633165829,9.18231486158e-05,0.997955322266
"methane_mobilenet_v3.xmodel","ang20191011t174241_r5658_c114_w151_h151",fraca,68,16,42,262018,0.809523809524,0.618181818182,0.701030927835,0.539682539683,6.10607783723e-05,0.999778747559
"methane_mobilenet_v3.xmodel","ang20191006t164135_r364_c444_w151_h151",forte,449,117,899,260679,0.793286219081,0.333086053412,0.469174503657,0.306484641638,0.000448626512677,0.996124267578
"methane_mobilenet_v3.xmodel","ang20191016t163955_r6404_c399_w151_h151",fraca,27,11,2,262104,0.710526315789,0.931034482759,0.805970149254,0.675,4.19663124964e-05,0.999950408936
"methane_mobilenet_v3.xmodel","ang20191017t161837_r6293_c4_w151_h151",forte,1128,472,114,260430,0.705,0.908212560386,0.793807178044,0.658109684947,0.00180910840086,0.997764587402
"methane_mobilenet_v3.xmodel","ang20190926t165202_r45_c198_w151_h151",forte,1482,324,184,260154,0.820598006645,0.889555822329,0.853686635945,0.74472361809,0.00124386704443,0.998062133789
"methane_mobilenet_v3.xmodel","ang20191016t153826_r7105_c420_w151_h151",fraca,0,0,9,262135,0,0,0,0,0,0.999965667725
"methane_mobilenet_v3.xmodel","ang20191022t191141_r3434_c139_w151_h151",fraca,101,254,69,261720,0.284507042254,0.594117647059,0.384761904762,0.23820754717,0.000969561864918,0.998767852783
"methane_mobilenet_v3.xmodel","ang20191019t184718_r6611_c267_w151_h151",fraca,53,1,252,261838,0.981481481481,0.173770491803,0.295264623955,0.173202614379,3.81914076971e-06,0.999034881592
"methane_mobilenet_v3.xmodel","ang20191006t162415_r6871_c224_w151_h151",fraca,666,222,160,261096,0.75,0.806295399516,0.777129521587,0.635496183206,0.000849539641357,0.998542785645
"methane_mobilenet_v3.xmodel","ang20191007t195115_r11371_c582_w151_h151",fraca,68,15,5,262056,0.819277108434,0.931506849315,0.871794871795,0.772727272727,5.72363977701e-05,0.999923706055
"methane_mobilenet_v3.xmodel","ang20191017t154425_r6493_c141_w151_h151",fraca,97,24,15,262008,0.801652892562,0.866071428571,0.832618025751,0.713235294118,9.15918666422e-05,0.999851226807
"methane_mobilenet_v3.xmodel","ang20191006t153731_r4626_c267_w151_h151",fraca,72,18,7,262047,0.8,0.911392405063,0.852071005917,0.742268041237,6.86852498426e-05,0.999904632568
"methane_mobilenet_v3.xmodel","ang20191017t182024_r7077_c387_w151_h151",fraca,18,0,32,262094,1,0.36,0.529411764706,0.36,0,0.999877929688
"methane_mobilenet_v3.xmodel","ang20190926t174644_r11717_c195_w151_h151",fraca,50,13,9,262072,0.793650793651,0.847457627119,0.819672131148,0.694444444444,4.96022282847e-05,0.99991607666
"methane_mobilenet_v3.xmodel","ang20191013t151222_r6133_c162_w151_h151",fraca,177,26,246,261695,0.871921182266,0.418439716312,0.565495207668,0.39420935412,9.93424295337e-05,0.998962402344
"methane_mobilenet_v3.xmodel","ang20190928t185111_r6424_c192_w151_h151",fraca,134,36,20,261954,0.788235294118,0.87012987013,0.827160493827,0.705263157895,0.000137409824802,0.999786376953
"methane_mobilenet_v3.xmodel","ang20191006t182329_r170_c270_w151_h151",fraca,0,3,35,262106,0,0,0,0,1.1445619952e-05,0.999855041504
"methane_mobilenet_v3.xmodel","ang20191022t194233_r1711_c18_w151_h151",fraca,169,39,15,261921,0.8125,0.91847826087,0.862244897959,0.757847533632,0.000148877691251,0.999794006348
"methane_mobilenet_v3.xmodel","ang20190927t173620_r6886_c316_w151_h151",fraca,0,0,44,262100,0,0,0,0,0,0.99983215332
"methane_mobilenet_v3.xmodel","ang20191022t154405_r3638_c141_w151_h151",fraca,120,20,30,261974,0.857142857143,0.8,0.827586206897,0.705882352941,7.63376260525e-05,0.999809265137
"methane_mobilenet_v3.xmodel","ang20191017t174946_r2715_c18_w151_h151",fraca,50,13,22,262059,0.793650793651,0.694444444444,0.740740740741,0.588235294118,4.96046887878e-05,0.999866485596
"methane_mobilenet_v3.xmodel","ang20191006t171344_r6990_c189_w151_h151",fraca,210,35,279,261620,0.857142857143,0.429447852761,0.572207084469,0.400763358779,0.00013376392578,0.998802185059
"methane_mobilenet_v3.xmodel","ang20190927t181142_r10295_c299_w151_h151",fraca,0,0,484,261660,0,0,0,0,0,0.998153686523
"methane_mobilenet_v3.xmodel","ang20191016t162417_r340_c356_w151_h151",fraca,47,19,51,262027,0.712121212121,0.479591836735,0.573170731707,0.401709401709,7.25063538463e-05,0.999732971191
"methane_mobilenet_v3.xmodel","ang20191023t162847_r7811_c213_w151_h151",fraca,188,39,71,261846,0.828193832599,0.725868725869,0.77366255144,0.630872483221,0.000148920327625,0.999580383301
"methane_mobilenet_v3.xmodel","ang20191022t152357_r8887_c363_w151_h151",fraca,73,23,55,261993,0.760416666667,0.5703125,0.651785714286,0.483443708609,8.77808988764e-05,0.999702453613
"methane_mobilenet_v3.xmodel","ang20190923t192543_r6652_c551_w151_h151",fraca,108,23,5,262008,0.824427480916,0.955752212389,0.885245901639,0.794117647059,8.7775873847e-05,0.999893188477
"methane_mobilenet_v3.xmodel","ang20191016t200430_r10034_c398_w151_h151",fraca,19,26,10,262089,0.422222222222,0.655172413793,0.513513513514,0.345454545455,9.91931022643e-05,0.999862670898
"methane_mobilenet_v3.xmodel","ang20191017t170330_r4552_c277_w151_h151",fraca,191,51,28,261874,0.789256198347,0.872146118721,0.82863340564,0.707407407407,0.000194712226782,0.999698638916
"methane_mobilenet_v3.xmodel","ang20191017t164928_r7174_c247_w151_h151",fraca,0,120,43,261981,0,0,0,0,0.000457838772076,0.999378204346
"methane_mobilenet_v3.xmodel","ang20191023t165811_r6937_c127_w151_h151",fraca,536,86,229,261293,0.861736334405,0.700653594771,0.772891131939,0.629847238543,0.000329024137364,0.998798370361
"methane_mobilenet_v3.xmodel","ang20191017t152518_r12002_c433_w151_h151",fraca,122,38,33,261951,0.7625,0.787096774194,0.774603174603,0.632124352332,0.000145044257583,0.999729156494
"methane_mobilenet_v3.xmodel","ang20191019t172500_r2800_c334_w151_h151",fraca,0,0,39,262105,0,0,0,0,0,0.999851226807
"methane_mobilenet_v3.xmodel","ang20191017t191119_r9054_c159_w151_h151",fraca,0,0,47,262097,0,0,0,0,0,0.999820709229
"methane_mobilenet_v3.xmodel","ang20191016t163955_r5996_c117_w151_h151",fraca,0,0,123,262021,0,0,0,0,0,0.999530792236
"methane_mobilenet_v3.xmodel","ang20191016t145145_r3334_c310_w151_h151",fraca,23,27,55,262039,0.46,0.294871794872,0.359375,0.219047619048,0.000103027481627,0.999687194824
"methane_mobilenet_v3.xmodel","ang20191007t184008_r2296_c422_w151_h151",fraca,19,15,10,262100,0.558823529412,0.655172413793,0.603174603175,0.431818181818,5.72267897678e-05,0.999904632568
"methane_mobilenet_v3.xmodel","ang20191006t160931_r9806_c475_w151_h151",sem_pluma,0,0,0,262144,0,0,0,0,0,1
"methane_mobilenet_v3.xmodel","ang20191017t170330_r4658_c415_w151_h151",fraca,194,55,25,261870,0.779116465863,0.885844748858,0.82905982906,0.70802919708,0.000209983773981,0.999694824219
"methane_mobilenet_v3.xmodel","ang20191017t170330_r4657_c414_w151_h151",fraca,4,0,215,261925,1,0.0182648401826,0.0358744394619,0.0182648401826,0,0.999179840088
"methane_mobilenet_v3.xmodel","ang20191023t164221_r10290_c281_w151_h151",fraca,93,35,82,261934,0.7265625,0.531428571429,0.613861386139,0.442857142857,0.000133603594318,0.99955368042
"methane_mobilenet_v3.xmodel","ang20191011t181301_r10517_c106_w151_h151",fraca,0,0,9,262135,0,0,0,0,0,0.999965667725
"methane_mobilenet_v3.xmodel","ang20191006t152009_r2673_c145_w151_h151",fraca,843,332,85,260884,0.717446808511,0.908405172414,0.801711840228,0.669047619048,0.00127097880681,0.99840927124
"methane_mobilenet_v3.xmodel","ang20191023t162847_r9235_c306_w151_h151",forte,1076,156,477,260435,0.873376623377,0.692852543464,0.772710951526,0.62960795787,0.000598639246943,0.997585296631
"methane_mobilenet_v3.xmodel","ang20191023t165811_r9026_c491_w151_h151",fraca,357,90,67,261630,0.798657718121,0.841981132075,0.819747416762,0.694552529183,0.000343878954608,0.999401092529
"methane_mobilenet_v3.xmodel","ang20191023t180821_r8525_c56_w151_h151",forte,7576,2009,2290,250269,0.790401669275,0.767889722279,0.778983085703,0.637978947368,0.00796343716059,0.983600616455
"methane_mobilenet_v3.xmodel","ang20191023t165811_r2770_c365_w151_h151",fraca,20,10,0,262114,0.666666666667,1,0.8,0.666666666667,3.81498832614e-05,0.999961853027
"methane_mobilenet_v3.xmodel","ang20191007t180411_r7740_c84_w151_h151",fraca,0,0,35,262109,0,0,0,0,0,0.999866485596
"methane_mobilenet_v3.xmodel","ang20191022t151202_r10337_c375_w151_h151",forte,1390,264,198,260292,0.84038694075,0.875314861461,0.857495373226,0.750539956803,0.0010132178879,0.998237609863
"methane_mobilenet_v3.xmodel","ang20191022t191141_r-29_c575_w151_h151",fraca,87,22,16,262019,0.798165137615,0.844660194175,0.820754716981,0.696,8.39563274449e-05,0.999855041504
"methane_mobilenet_v3.xmodel","ang20191016t183045_r5036_c559_w151_h151",fraca,84,18,46,261996,0.823529411765,0.646153846154,0.724137931034,0.567567567568,6.86986191578e-05,0.999755859375
"methane_mobilenet_v3.xmodel","ang20191016t162417_r3047_c348_w151_h151",fraca,197,47,452,261448,0.80737704918,0.303543913713,0.441209406495,0.283045977011,0.000179735750206,0.998096466064
"methane_mobilenet_v3.xmodel","ang20191007t190840_r5616_c413_w151_h151",fraca,40,7,19,262078,0.851063829787,0.677966101695,0.754716981132,0.606060606061,2.67088921533e-05,0.999900817871
"methane_mobilenet_v3.xmodel","ang20191017t161837_r8338_c353_w151_h151",fraca,105,11,174,261854,0.905172413793,0.376344086022,0.53164556962,0.362068965517,4.20063773318e-05,0.999294281006
"methane_mobilenet_v3.xmodel","ang20191022t175031_r4959_c457_w151_h151",fraca,56,8,8,262072,0.875,0.875,0.875,0.777777777778,3.0525030525e-05,0.999938964844
"methane_mobilenet_v3.xmodel","ang20191022t175031_r632_c107_w151_h151",fraca,146,25,62,261911,0.853801169591,0.701923076923,0.770448548813,0.62660944206,9.54431616884e-05,0.999668121338
"methane_mobilenet_v3.xmodel","ang20191016t174016_r3450_c87_w151_h151",fraca,132,52,13,261947,0.717391304348,0.910344827586,0.802431610942,0.670050761421,0.000198474039977,0.999752044678
"methane_mobilenet_v3.xmodel","ang20191023t165811_r10509_c392_w151_h151",forte,254,60,2617,259213,0.808917197452,0.0884709160571,0.159497645212,0.086659843057,0.000231416306364,0.98978805542
"methane_mobilenet_v3.xmodel","ang20191006t162415_r1734_c260_w151_h151",fraca,73,21,1,262049,0.776595744681,0.986486486486,0.869047619048,0.768421052632,8.01312626398e-05,0.99991607666
"methane_mobilenet_v3.xmodel","ang20191006t172739_r6256_c332_w151_h151",fraca,742,160,140,261102,0.822616407982,0.84126984127,0.831838565022,0.712092130518,0.000612412061456,0.99885559082
"methane_mobilenet_v3.xmodel","ang20191007t201917_r11525_c1426_w151_h151",fraca,77,16,22,262029,0.827956989247,0.777777777778,0.802083333333,0.669565217391,6.1058215192e-05,0.999855041504
"methane_mobilenet_v3.xmodel","ang20190927t184620_r10368_c43_w151_h151",fraca,97,14,46,261987,0.873873873874,0.678321678322,0.763779527559,0.617834394904,5.34349105538e-05,0.999771118164
"methane_mobilenet_v3.xmodel","ang20191007t193705_r138_c305_w151_h151",fraca,38,9,41,262056,0.808510638298,0.481012658228,0.603174603175,0.431818181818,3.43426249213e-05,0.999809265137
"methane_mobilenet_v3.xmodel","ang20191023t180821_r7146_c218_w151_h151",fraca,272,40,19,261813,0.871794871795,0.93470790378,0.902155887231,0.821752265861,0.000152757463157,0.999774932861
"methane_mobilenet_v3.xmodel","ang20190923t185208_r13550_c171_w151_h151",fraca,321,75,45,261703,0.810606060606,0.877049180328,0.842519685039,0.727891156463,0.000286502303479,0.999542236328
"methane_mobilenet_v3.xmodel","ang20190926t161748_r6595_c128_w151_h151",fraca,184,43,31,261886,0.810572687225,0.855813953488,0.83257918552,0.713178294574,0.000164166625307,0.999717712402
"methane_mobilenet_v3.xmodel","ang20191006t152009_r2353_c516_w151_h151",forte,673,224,654,260593,0.7502787068,0.507159005275,0.605215827338,0.433913604126,0.000858839722871,0.996650695801
"methane_mobilenet_v3.xmodel","ang20191008t182150_r8917_c216_w151_h151",fraca,172,31,136,261805,0.847290640394,0.558441558442,0.673189823875,0.507374631268,0.000118394720359,0.999362945557
"methane_mobilenet_v3.xmodel","ang20191010t184216_r9023_c137_w151_h151",fraca,340,57,81,261666,0.856423173804,0.807600950119,0.831295843521,0.71129707113,0.000217787508167,0.999473571777
"methane_mobilenet_v3.xmodel","ang20190927t182905_r7625_c204_w151_h151",fraca,20,2,20,262102,0.909090909091,0.5,0.645161290323,0.47619047619,7.63055886213e-06,0.99991607666
"methane_mobilenet_v3.xmodel","ang20190923t192543_r7638_c427_w151_h151",fraca,27,94,14,262009,0.223140495868,0.658536585366,0.333333333333,0.2,0.000358637634823,0.999588012695
"methane_mobilenet_v3.xmodel","ang20191017t160033_r6249_c468_w151_h151",fraca,87,19,257,261781,0.820754716981,0.252906976744,0.386666666667,0.239669421488,7.25744843392e-05,0.998947143555
"methane_mobilenet_v3.xmodel","ang20190927t181142_r1313_c378_w151_h151",fraca,4,1,64,262075,0.8,0.0588235294118,0.109589041096,0.0579710144928,3.81568705261e-06,0.999752044678
"methane_mobilenet_v3.xmodel","ang20191011t181301_r5131_c23_w151_h151",fraca,0,0,20,262124,0,0,0,0,0,0.999923706055
"methane_mobilenet_v3.xmodel","ang20191023t151141_r4856_c271_w151_h151",fraca,347,60,77,261660,0.85257985258,0.818396226415,0.835138387485,0.71694214876,0.000229252636405,0.999477386475
"methane_mobilenet_v3.xmodel","ang20191011t175712_r4693_c412_w151_h151",fraca,45,2,703,261394,0.957446808511,0.0601604278075,0.11320754717,0.06,7.65122649161e-06,0.997310638428
"methane_mobilenet_v3.xmodel","ang20191022t194233_r1562_c463_w151_h151",fraca,36,17,2,262089,0.679245283019,0.947368421053,0.791208791209,0.654545454545,6.48592554157e-05,0.999927520752
"methane_mobilenet_v3.xmodel","ang20190923t172416_r15067_c399_w151_h151",fraca,43,22,0,262079,0.661538461538,1,0.796296296296,0.661538461538,8.3937108214e-05,0.99991607666
"methane_mobilenet_v3.xmodel","ang20190926t213844_r2200_c775_w151_h151",fraca,216,62,68,261798,0.776978417266,0.760563380282,0.768683274021,0.624277456647,0.000236767738486,0.999504089355
"methane_mobilenet_v3.xmodel","ang20191017t170330_r10484_c397_w151_h151",fraca,146,37,125,261836,0.79781420765,0.538745387454,0.643171806167,0.474025974026,0.00014128986188,0.999382019043
"methane_mobilenet_v3.xmodel","ang20191013t185356_r1721_c231_w151_h151",fraca,161,22,380,261581,0.879781420765,0.297597042514,0.444751381215,0.285968028419,8.40968949133e-05,0.998466491699
"methane_mobilenet_v3.xmodel","ang20191013t145516_r3516_c216_w151_h151",fraca,50,22,55,262017,0.694444444444,0.47619047619,0.564971751412,0.393700787402,8.39569682376e-05,0.999706268311
"methane_mobilenet_v3.xmodel","ang20191016t200430_r5656_c23_w151_h151",fraca,52,17,6,262069,0.753623188406,0.896551724138,0.818897637795,0.693333333333,6.48642048793e-05,0.999912261963
"methane_mobilenet_v3.xmodel","ang20191016t200430_r6321_c504_w151_h151",fraca,57,15,7,262065,0.791666666667,0.890625,0.838235294118,0.721518987342,5.72344322344e-05,0.99991607666
"methane_mobilenet_v3.xmodel","ang20191023t151141_r5540_c227_w151_h151",fraca,120,24,31,261969,0.833333333333,0.794701986755,0.813559322034,0.685714285714,9.16055009103e-05,0.99979019165
"methane_mobilenet_v3.xmodel","ang20191019t182848_r6642_c282_w151_h151",fraca,17,3,258,261866,0.85,0.0618181818182,0.115254237288,0.0611510791367,1.14561097343e-05,0.999004364014
"methane_mobilenet_v3.xmodel","ang20191006t152009_r2667_c24_w151_h151",forte,727,251,274,260892,0.743353783231,0.726273726274,0.734714502274,0.580670926518,0.00096115921162,0.997997283936
"methane_mobilenet_v3.xmodel","ang20191011t175712_r4806_c229_w151_h151",fraca,45,3,160,261936,0.9375,0.219512195122,0.355731225296,0.216346153846,1.14530482288e-05,0.999378204346
"methane_mobilenet_v3.xmodel","ang20191023t154154_r8383_c334_w151_h151",fraca,0,0,159,261985,0,0,0,0,0,0.999393463135
"methane_mobilenet_v3.xmodel","ang20191017t170330_r10298_c562_w151_h151",fraca,112,29,274,261729,0.794326241135,0.290155440415,0.42504743833,0.269879518072,0.000110789355053,0.998844146729
"methane_mobilenet_v3.xmodel","ang20191016t195058_r6820_c440_w151_h151",fraca,76,14,4,262050,0.844444444444,0.95,0.894117647059,0.808510638298,5.34220648391e-05,0.999931335449
"methane_mobilenet_v3.xmodel","ang20191017t174946_r6426_c572_w151_h151",fraca,49,10,55,262030,0.830508474576,0.471153846154,0.601226993865,0.429824561404,3.81621126546e-05,0.999752044678
"methane_mobilenet_v3.xmodel","ang20191019t181857_r2567_c448_w151_h151",fraca,127,51,371,261595,0.713483146067,0.255020080321,0.37573964497,0.231329690346,0.000194919853543,0.998390197754
"methane_mobilenet_v3.xmodel","ang20191011t175712_r5061_c555_w151_h151",fraca,0,0,16,262128,0,0,0,0,0,0.999938964844
"methane_mobilenet_v3.xmodel","ang20191016t163955_r10665_c447_w151_h151",fraca,8,1,12,262123,0.888888888889,0.4,0.551724137931,0.380952380952,3.81498832614e-06,0.999950408936
"methane_mobilenet_v3.xmodel","ang20191023t142135_r16214_c96_w151_h151",fraca,0,92,19,262033,0,0,0,0,0.000350977587029,0.999576568604
"methane_mobilenet_v3.xmodel","ang20191019t164827_r311_c453_w151_h151",fraca,68,27,28,262021,0.715789473684,0.708333333333,0.712041884817,0.552845528455,0.000103034558554,0.99979019165
"methane_mobilenet_v3.xmodel","ang20191013t144828_r184_c144_w151_h151",forte,539,137,1579,259889,0.797337278107,0.254485363551,0.385826771654,0.239024390244,0.000526870389884,0.993453979492
"methane_mobilenet_v3.xmodel","ang20191016t165454_r330_c345_w151_h151",forte,1334,316,511,259983,0.808484848485,0.723035230352,0.763376251788,0.617306802406,0.00121398852858,0.996845245361
"methane_mobilenet_v3.xmodel","ang20191016t165454_r530_c423_w151_h151",forte,919,150,892,260183,0.859681945744,0.507454445058,0.638194444444,0.468638449771,0.000576185116754,0.996025085449
"methane_mobilenet_v3.xmodel","ang20191008t153517_r8856_c479_w151_h151",fraca,11,2,46,262085,0.846153846154,0.19298245614,0.314285714286,0.186440677966,7.63105381038e-06,0.999816894531
"methane_mobilenet_v3.xmodel","ang20191019t170014_r2139_c321_w151_h151",fraca,264,57,108,261715,0.822429906542,0.709677419355,0.761904761905,0.615384615385,0.000217746741439,0.999370574951
"methane_mobilenet_v3.xmodel","ang20191017t182024_r4485_c313_w151_h151",fraca,61,18,53,262012,0.772151898734,0.535087719298,0.632124352332,0.462121212121,6.86944243026e-05,0.999729156494
"methane_mobilenet_v3.xmodel","ang20191023t191942_r8222_c419_w151_h151",fraca,257,32,28,261827,0.889273356401,0.901754385965,0.895470383275,0.81072555205,0.000122203170409,0.999771118164
"methane_mobilenet_v3.xmodel","ang20191006t155231_r8048_c90_w151_h151",forte,1109,221,629,260185,0.833834586466,0.638089758343,0.72294654498,0.566105155692,0.000848674761718,0.996757507324
"methane_mobilenet_v3.xmodel","ang20191011t175712_r3744_c167_w151_h151",fraca,49,18,14,262063,0.731343283582,0.777777777778,0.753846153846,0.604938271605,6.86810566199e-05,0.999877929688
"methane_mobilenet_v3.xmodel","ang20191016t195058_r7946_c35_w151_h151",fraca,25,16,32,262071,0.609756097561,0.438596491228,0.510204081633,0.342465753425,6.1048430483e-05,0.999816894531
"methane_mobilenet_v3.xmodel","ang20191023t164221_r6088_c517_w151_h151",fraca,170,63,7,261904,0.729613733906,0.960451977401,0.829268292683,0.708333333333,0.000240488305779,0.999732971191
"methane_mobilenet_v3.xmodel","ang20191016t193637_r3183_c344_w151_h151",fraca,79,9,15,262041,0.897727272727,0.840425531915,0.868131868132,0.766990291262,3.4344590727e-05,0.999908447266
"methane_mobilenet_v3.xmodel","ang20191016t174016_r558_c372_w151_h151",fraca,0,0,14,262130,0,0,0,0,0,0.999946594238
"methane_mobilenet_v3.xmodel","ang20191017t170330_r4610_c325_w151_h151",fraca,95,170,124,261755,0.358490566038,0.433789954338,0.392561983471,0.244215938303,0.000649040755942,0.998878479004
"methane_mobilenet_v3.xmodel","ang20191016t163955_r1575_c115_w151_h151",fraca,0,118,297,261729,0,0,0,0,0.000450644842217,0.998416900635
"methane_mobilenet_v3.xmodel","ang20191019t183727_r7097_c350_w151_h151",fraca,107,14,813,261210,0.884297520661,0.116304347826,0.205571565802,0.114561027837,5.35938504885e-05,0.996845245361
"methane_mobilenet_v3.xmodel","ang20191023t161300_r8470_c490_w151_h151",fraca,887,208,65,260984,0.8100456621,0.931722689076,0.866634098681,0.764655172414,0.000796349045913,0.998958587646
"methane_mobilenet_v3.xmodel","ang20191006t165608_r7566_c50_w151_h151",fraca,0,0,26,262118,0,0,0,0,0,0.999900817871
"methane_mobilenet_v3.xmodel","ang20191017t152518_r6091_c139_w151_h151",fraca,64,21,92,261967,0.752941176471,0.410256410256,0.53112033195,0.361581920904,8.01563430386e-05,0.999568939209
"methane_mobilenet_v3.xmodel","ang20191006t165608_r5815_c82_w151_h151",fraca,170,45,29,261900,0.790697674419,0.854271356784,0.821256038647,0.696721311475,0.000171791788353,0.999717712402
"methane_mobilenet_v3.xmodel","ang20191017t161837_r4872_c118_w151_h151",fraca,119,62,6,261957,0.657458563536,0.952,0.777777777778,0.636363636364,0.000236624061614,0.999740600586
"methane_mobilenet_v3.xmodel","ang20191023t164221_r7359_c402_w151_h151",forte,675,80,3025,258364,0.894039735099,0.182432432432,0.30303030303,0.178571428571,0.00030954481435,0.98815536499
"methane_mobilenet_v3.xmodel","ang20191013t144828_r1439_c274_w151_h151",fraca,0,0,90,262054,0,0,0,0,0,0.999656677246
"methane_mobilenet_v3.xmodel","ang20191006t165608_r4695_c530_w151_h151",forte,5453,1540,10601,244550,0.77977977978,0.339666126822,0.473206924979,0.309935205184,0.00625787313584,0.953685760498
"methane_mobilenet_v3.xmodel","ang20191022t175031_r6951_c124_w151_h151",fraca,0,0,579,261565,0,0,0,0,0,0.997791290283
"methane_mobilenet_v3.xmodel","ang20191006t162415_r104_c244_w151_h151",fraca,64,4,47,262029,0.941176470588,0.576576576577,0.715083798883,0.55652173913,1.52652528498e-05,0.999805450439
"methane_mobilenet_v3.xmodel","ang20191007t193705_r1336_c174_w151_h151",fraca,117,41,28,261958,0.740506329114,0.806896551724,0.772277227723,0.629032258065,0.000156489146905,0.999736785889
"methane_mobilenet_v3.xmodel","ang20191017t180347_r6470_c216_w151_h151",fraca,1,0,20,262123,1,0.047619047619,0.0909090909091,0.047619047619,0,0.999923706055
"methane_mobilenet_v3.xmodel","ang20191019t172500_r5262_c225_w151_h151",fraca,0,0,505,261639,0,0,0,0,0,0.998073577881
"methane_mobilenet_v3.xmodel","ang20190923t163307_r6778_c561_w151_h151",fraca,128,24,22,261970,0.842105263158,0.853333333333,0.847682119205,0.735632183908,9.1605151263e-05,0.999824523926
"methane_mobilenet_v3.xmodel","ang20191007t190840_r6441_c40_w151_h151",sem_pluma,0,0,0,262144,0,0,0,0,0,1
"methane_mobilenet_v3.xmodel","ang20190926t180335_r11453_c199_w151_h151",fraca,44,24,8,262068,0.647058823529,0.846153846154,0.733333333333,0.578947368421,9.15708987684e-05,0.999877929688
"methane_mobilenet_v3.xmodel","ang20191006t172739_r3585_c333_w151_h151",fraca,310,67,15,261752,0.822281167109,0.953846153846,0.883190883191,0.790816326531,0.000255901978084,0.999687194824
"methane_mobilenet_v3.xmodel","ang20191023t162847_r10268_c377_w151_h151",fraca,151,42,838,261113,0.782383419689,0.152679474216,0.255499153976,0.146459747818,0.000160824031705,0.996643066406
"methane_mobilenet_v3.xmodel","ang20190926t180335_r6839_c215_w151_h151",fraca,53,10,58,262023,0.84126984127,0.477477477477,0.609195402299,0.438016528926,3.81631321246e-05,0.999740600586
"methane_mobilenet_v3.xmodel","ang20191016t172526_r3448_c516_w151_h151",fraca,179,60,36,261869,0.748953974895,0.832558139535,0.788546255507,0.650909090909,0.00022906970973,0.999633789062
"methane_mobilenet_v3.xmodel","ang20191006t174505_r7299_c228_w151_h151",fraca,0,0,57,262087,0,0,0,0,0,0.999782562256
"methane_mobilenet_v3.xmodel","ang20191016t162417_r2933_c288_w151_h151",fraca,12,0,637,261495,1,0.0184899845917,0.036308623298,0.0184899845917,0,0.997570037842
"methane_mobilenet_v3.xmodel","ang20191019t170014_r2810_c336_w151_h151",fraca,19,4,9,262112,0.826086956522,0.678571428571,0.745098039216,0.59375,1.52604190511e-05,0.999950408936
"methane_mobilenet_v3.xmodel","ang20191013t174928_r2043_c211_w151_h151",fraca,132,44,7,261961,0.75,0.94964028777,0.838095238095,0.72131147541,0.000167935726417,0.999805450439
"methane_mobilenet_v3.xmodel","ang20190923t194235_r14258_c296_w151_h151",fraca,81,12,74,261977,0.870967741935,0.522580645161,0.653225806452,0.48502994012,4.58034497632e-05,0.999671936035
"methane_mobilenet_v3.xmodel","ang20191006t174505_r7016_c446_w151_h151",fraca,99,11,32,262002,0.9,0.75572519084,0.821576763485,0.697183098592,4.19826497159e-05,0.999835968018
"methane_mobilenet_v3.xmodel","ang20191017t154425_r5914_c187_w151_h151",fraca,441,129,16,261558,0.773684210526,0.964989059081,0.858812074002,0.752559726962,0.000492955324491,0.999446868896
"methane_mobilenet_v3.xmodel","ang20191017t173348_r747_c18_w151_h151",fraca,7,0,29,262108,1,0.194444444444,0.325581395349,0.194444444444,0,0.999889373779
"methane_mobilenet_v3.xmodel","ang20191006t160931_r7704_c604_w151_h151",fraca,44,8,4,262088,0.846153846154,0.916666666667,0.88,0.785714285714,3.05231670838e-05,0.999954223633
"methane_mobilenet_v3.xmodel","ang20191016t174016_r763_c12_w151_h151",fraca,115,24,6,261999,0.827338129496,0.95041322314,0.884615384615,0.793103448276,9.15950126516e-05,0.999885559082
"methane_mobilenet_v3.xmodel","ang20191023t152801_r10775_c476_w151_h151",fraca,228,69,183,261664,0.767676767677,0.554744525547,0.64406779661,0.475,0.000263627437121,0.999038696289
"methane_mobilenet_v3.xmodel","ang20190927t175410_r12519_c587_w151_h151",fraca,151,36,58,261899,0.807486631016,0.722488038278,0.762626262626,0.616326530612,0.000137438677535,0.999641418457
"methane_mobilenet_v3.xmodel","ang20191017t160033_r13132_c224_w151_h151",fraca,156,58,14,261916,0.728971962617,0.917647058824,0.8125,0.684210526316,0.000221396016399,0.999725341797
"methane_mobilenet_v3.xmodel","ang20190926t184029_r1255_c223_w151_h151",fraca,21,1,69,262053,0.954545454545,0.233333333333,0.375,0.230769230769,3.81600738779e-06,0.999732971191
"methane_mobilenet_v3.xmodel","ang20191007t190840_r5793_c239_w151_h151",fraca,0,0,59,262085,0,0,0,0,0,0.999774932861
"methane_mobilenet_v3.xmodel","ang20190928t185111_r1731_c174_w151_h151",fraca,0,0,24,262120,0,0,0,0,0,0.999908447266
"methane_mobilenet_v3.xmodel","ang20191016t163955_r1562_c75_w151_h151",fraca,119,36,50,261939,0.767741935484,0.704142011834,0.734567901235,0.580487804878,0.000137417692528,0.999671936035
"methane_mobilenet_v3.xmodel","ang20191017t170330_r238_c67_w151_h151",sem_pluma,0,7,0,262137,0,0,0,0,2.67028808594e-05,0.999973297119
"methane_mobilenet_v3.xmodel","ang20191022t181138_r1353_c421_w151_h151",forte,803,120,8320,252901,0.869989165764,0.0880192918996,0.159864622735,0.086876555231,0.000474268934199,0.967803955078
"methane_mobilenet_v3.xmodel","ang20191016t160914_r2949_c361_w151_h151",fraca,26,6,99,262013,0.8125,0.208,0.331210191083,0.198473282443,2.28991027368e-05,0.999599456787
"methane_mobilenet_v3.xmodel","ang20191006t171344_r1952_c606_w151_h151",fraca,147,23,16,261958,0.864705882353,0.901840490798,0.882882882883,0.790322580645,8.77926261828e-05,0.999851226807
"methane_mobilenet_v3.xmodel","ang20191006t174505_r2537_c462_w151_h151",fraca,315,60,149,261620,0.84,0.678879310345,0.750893921335,0.601145038168,0.000229287679609,0.999202728271
"methane_mobilenet_v3.xmodel","ang20191019t162211_r3132_c507_w151_h151",fraca,1,0,228,261915,1,0.00436681222707,0.00869565217391,0.00436681222707,0,0.999130249023
"methane_mobilenet_v3.xmodel","ang20191023t165811_r2093_c110_w151_h151",fraca,7,1,52,262084,0.875,0.118644067797,0.208955223881,0.116666666667,3.8155560219e-06,0.999797821045
"methane_mobilenet_v3.xmodel","ang20191019t181857_r7051_c331_w151_h151",fraca,200,34,769,261141,0.854700854701,0.206398348813,0.332502078138,0.199401794616,0.000130180913181,0.996936798096
"methane_mobilenet_v3.xmodel","ang20191006t172739_r5800_c429_w151_h151",fraca,223,30,26,261865,0.881422924901,0.895582329317,0.888446215139,0.799283154122,0.000114549724126,0.999786376953
"methane_mobilenet_v3.xmodel","ang20191013t182140_r871_c331_w151_h151",fraca,13,1,200,261930,0.928571428571,0.0610328638498,0.114537444934,0.0607476635514,3.8177993441e-06,0.99923324585
"methane_mobilenet_v3.xmodel","ang20191006t165608_r992_c408_w151_h151",forte,1474,200,952,259518,0.880525686977,0.607584501237,0.719024390244,0.561309977152,0.000770065994656,0.99560546875
"methane_mobilenet_v3.xmodel","ang20191023t155808_r5442_c206_w151_h151",fraca,164,61,141,261778,0.728888888889,0.537704918033,0.618867924528,0.448087431694,0.000232967586952,0.999229431152
"methane_mobilenet_v3.xmodel","ang20190926t163428_r5412_c412_w151_h151",forte,1693,267,580,259604,0.863775510204,0.744830620326,0.79990550437,0.666535433071,0.00102743284168,0.996768951416
"methane_mobilenet_v3.xmodel","ang20191008t182150_r8972_c528_w151_h151",fraca,53,8,14,262069,0.868852459016,0.791044776119,0.828125,0.706666666667,3.05253799456e-05,0.99991607666
"methane_mobilenet_v3.xmodel","ang20190923t194235_r7808_c402_w151_h151",fraca,156,9,53,261926,0.945454545455,0.746411483254,0.83422459893,0.715596330275,3.43596693836e-05,0.99976348877
"methane_mobilenet_v3.xmodel","ang20191017t174946_r11139_c466_w151_h151",fraca,134,19,19,261972,0.875816993464,0.875816993464,0.875816993464,0.779069767442,7.25215751686e-05,0.999855041504
"methane_mobilenet_v3.xmodel","ang20191023t172753_r6431_c370_w151_h151",fraca,115,31,21,261977,0.787671232877,0.845588235294,0.815602836879,0.688622754491,0.000118316997954,0.999801635742
"methane_mobilenet_v3.xmodel","ang20191017t154425_r8565_c210_w151_h151",fraca,168,65,5,261906,0.721030042918,0.971098265896,0.827586206897,0.705882352941,0.000248119066614,0.999732971191
"methane_mobilenet_v3.xmodel","ang20191013t171742_r414_c202_w151_h151",fraca,51,14,13,262066,0.784615384615,0.796875,0.790697674419,0.653846153846,5.34188034188e-05,0.999897003174
"methane_mobilenet_v3.xmodel","ang20191017t164928_r11626_c245_w151_h151",fraca,200,51,61,261832,0.796812749004,0.766283524904,0.78125,0.641025641026,0.000194743454138,0.999572753906
"methane_mobilenet_v3.xmodel","ang20191016t193637_r7006_c380_w151_h151",fraca,0,0,133,262011,0,0,0,0,0,0.999492645264
"methane_mobilenet_v3.xmodel","ang20191007t195115_r11314_c112_w151_h151",fraca,633,150,186,261175,0.808429118774,0.772893772894,0.790262172285,0.653250773994,0.000573997895341,0.998718261719
"methane_mobilenet_v3.xmodel","ang20191013t192848_r1454_c389_w151_h151",sem_pluma,0,0,0,262144,0,0,0,0,0,1
"methane_mobilenet_v3.xmodel","ang20191013t173258_r553_c584_w151_h151",fraca,43,13,5,262083,0.767857142857,0.895833333333,0.826923076923,0.704918032787,4.96001465112e-05,0.999931335449
"methane_mobilenet_v3.xmodel","ang20191017t150903_r6293_c151_w151_h151",fraca,40,4,13,262087,0.909090909091,0.754716981132,0.824742268041,0.701754385965,1.52618746924e-05,0.999935150146
"methane_mobilenet_v3.xmodel","ang20191023t180821_r9136_c188_w151_h151",fraca,146,34,19,261945,0.811111111111,0.884848484848,0.846376811594,0.733668341709,0.000129781394692,0.999797821045
"methane_mobilenet_v3.xmodel","ang20191007t180411_r5956_c20_w151_h151",fraca,0,0,19,262125,0,0,0,0,0,0.999927520752
"methane_mobilenet_v3.xmodel","ang20191016t184817_r4217_c195_w151_h151",sem_pluma,0,0,0,262144,0,0,0,0,0,1
"methane_mobilenet_v3.xmodel","ang20191016t184817_r2212_c233_w151_h151",fraca,290,70,23,261761,0.805555555556,0.926517571885,0.861812778603,0.757180156658,0.000267348022198,0.999645233154
"methane_mobilenet_v3.xmodel","ang20190926t165202_r3182_c35_w151_h151",fraca,224,44,31,261845,0.835820895522,0.878431372549,0.856596558317,0.749163879599,0.000168010111154,0.999713897705
"methane_mobilenet_v3.xmodel","ang20191007t182352_r2736_c432_w151_h151",fraca,313,65,30,261736,0.828042328042,0.912536443149,0.868238557559,0.767156862745,0.000248280182276,0.99963760376
"methane_mobilenet_v3.xmodel","ang20190927t184620_r11024_c382_w151_h151",forte,0,0,1330,260814,0,0,0,0,0,0.994926452637
"methane_mobilenet_v3.xmodel","ang20190926t165202_r5798_c11_w151_h151",fraca,93,13,11,262027,0.877358490566,0.894230769231,0.885714285714,0.794871794872,4.96107464509e-05,0.999908447266
"methane_mobilenet_v3.xmodel","ang20191013t144828_r284_c175_w151_h151",forte,0,0,2126,260018,0,0,0,0,0,0.991889953613
"methane_mobilenet_v3.xmodel","ang20191016t181351_r5774_c469_w151_h151",fraca,0,0,29,262115,0,0,0,0,0,0.999889373779
"methane_mobilenet_v3.xmodel","ang20191017t182024_r6243_c414_w151_h151",fraca,0,0,8,262136,0,0,0,0,0,0.999969482422
"methane_mobilenet_v3.xmodel","ang20190927t175410_r4773_c235_w151_h151",fraca,49,27,206,261862,0.644736842105,0.192156862745,0.296072507553,0.173758865248,0.000103097113663,0.999111175537
"methane_mobilenet_v3.xmodel","ang20191007t180411_r339_c91_w151_h151",fraca,247,54,135,261708,0.820598006645,0.646596858639,0.723279648609,0.566513761468,0.000206294267312,0.999279022217
"methane_mobilenet_v3.xmodel","ang20190927t173620_r7003_c347_w151_h151",fraca,23,33,21,262067,0.410714285714,0.522727272727,0.46,0.298701298701,0.000125906142694,0.999794006348
"methane_mobilenet_v3.xmodel","ang20191007t193705_r41_c223_w151_h151",fraca,13,2,66,262063,0.866666666667,0.164556962025,0.276595744681,0.16049382716,7.63169442696e-06,0.999740600586
"methane_mobilenet_v3.xmodel","ang20191017t191119_r9182_c455_w151_h151",fraca,205,40,14,261885,0.836734693878,0.936073059361,0.883620689655,0.791505791506,0.000152715471986,0.999794006348
"methane_mobilenet_v3.xmodel","ang20191022t165908_r5026_c229_w151_h151",fraca,83,12,33,262016,0.873684210526,0.715517241379,0.78672985782,0.6484375,4.5796632421e-05,0.999828338623
"methane_mobilenet_v3.xmodel","ang20191007t185303_r4427_c255_w151_h151",fraca,0,0,57,262087,0,0,0,0,0,0.999782562256
"methane_mobilenet_v3.xmodel","ang20191023t174017_r10210_c46_w151_h151",fraca,0,0,94,262050,0,0,0,0,0,0.999641418457
"methane_mobilenet_v3.xmodel","ang20191016t195058_r7845_c160_w151_h151",fraca,0,0,57,262087,0,0,0,0,0,0.999782562256
"methane_mobilenet_v3.xmodel","ang20191006t174505_r4858_c106_w151_h151",fraca,384,52,115,261593,0.880733944954,0.769539078156,0.821390374332,0.696914700544,0.000198742571041,0.999362945557
"methane_mobilenet_v3.xmodel","ang20191006t150453_r4400_c252_w151_h151",fraca,14,1,582,261547,0.933333333333,0.0234899328859,0.0458265139116,0.0234505862647,3.82338997048e-06,0.997776031494
"methane_mobilenet_v3.xmodel","ang20191006t150453_r2834_c547_w151_h151",fraca,100,70,9,261965,0.588235294118,0.917431192661,0.716845878136,0.558659217877,0.000267139885893,0.999698638916
"methane_mobilenet_v3.xmodel","ang20191016t163955_r976_c466_w151_h151",fraca,0,0,36,262108,0,0,0,0,0,0.999862670898
"methane_mobilenet_v3.xmodel","ang20191006t164135_r415_c400_w151_h151",forte,491,87,566,261000,0.849480968858,0.464522232734,0.600611620795,0.429195804196,0.000333222259247,0.997509002686
"methane_mobilenet_v3.xmodel","ang20191006t174505_r3545_c345_w151_h151",fraca,72,37,13,262022,0.660550458716,0.847058823529,0.742268041237,0.590163934426,0.000141189579446,0.999809265137
"methane_mobilenet_v3.xmodel","ang20191006t171344_r5000_c137_w151_h151",fraca,282,43,35,261784,0.867692307692,0.889589905363,0.878504672897,0.783333333333,0.000164230579734,0.999702453613
"methane_mobilenet_v3.xmodel","ang20190926t193117_r13317_c463_w151_h151",fraca,60,13,0,262071,0.821917808219,1,0.902255639098,0.821917808219,4.96024175455e-05,0.999950408936
"methane_mobilenet_v3.xmodel","ang20190926t171159_r4334_c286_w151_h151",forte,279,50,967,260848,0.848024316109,0.223916532905,0.354285714286,0.215277777778,0.000191645777277,0.996120452881
"methane_mobilenet_v3.xmodel","ang20191023t172753_r10063_c363_w151_h151",fraca,8,0,94,262042,1,0.078431372549,0.145454545455,0.078431372549,0,0.999641418457
"methane_mobilenet_v3.xmodel","ang20191019t175004_r2800_c331_w151_h151",fraca,0,0,38,262106,0,0,0,0,0,0.999855041504
"methane_mobilenet_v3.xmodel","ang20191016t195058_r356_c697_w151_h151",forte,514,66,2543,259021,0.886206896552,0.16813869807,0.282650536156,0.164585334614,0.000254740685561,0.990047454834
"methane_mobilenet_v3.xmodel","ang20191016t163955_r5308_c444_w151_h151",forte,1402,160,1204,259378,0.897567221511,0.537989255564,0.672744721689,0.50686912509,0.000616480053017,0.99479675293
"methane_mobilenet_v3.xmodel","ang20191007t193705_r1619_c262_w151_h151",fraca,132,39,533,261440,0.771929824561,0.198496240602,0.315789473684,0.1875,0.000149151557104,0.997817993164
"methane_mobilenet_v3.xmodel","ang20191016t165454_r493_c344_w151_h151",forte,1524,392,415,259813,0.795407098121,0.785972150593,0.790661478599,0.653796653797,0.00150650448685,0.996921539307
"methane_mobilenet_v3.xmodel","ang20191016t163955_r4911_c305_w151_h151",forte,17747,1483,408,242506,0.922880915237,0.977526852107,0.949418215862,0.903707098483,0.0060781428671,0.992786407471
"methane_mobilenet_v3.xmodel","ang20191017t161837_r10898_c121_w151_h151",fraca,27,11,9,262097,0.710526315789,0.75,0.72972972973,0.574468085106,4.19674332718e-05,0.999923706055
"methane_mobilenet_v3.xmodel","ang20191006t171344_r5567_c172_w151_h151",fraca,37,12,73,262022,0.755102040816,0.336363636364,0.465408805031,0.303278688525,4.57955837792e-05,0.999675750732
"methane_mobilenet_v3.xmodel","ang20190926t184029_r2873_c297_w151_h151",fraca,73,138,32,261901,0.345971563981,0.695238095238,0.462025316456,0.300411522634,0.000526639164399,0.999351501465
"methane_mobilenet_v3.xmodel","ang20191017t164928_r1921_c520_w151_h151",fraca,27,1,32,262084,0.964285714286,0.457627118644,0.620689655172,0.45,3.8155560219e-06,0.99987411499
"methane_mobilenet_v3.xmodel","ang20191016t162417_r5073_c22_w151_h151",fraca,0,0,346,261798,0,0,0,0,0,0.998680114746
"methane_mobilenet_v3.xmodel","ang20191023t175603_r8534_c100_w151_h151",forte,343,47,4235,257519,0.879487179487,0.0749235474006,0.13808373591,0.0741621621622,0.000182477500912,0.983665466309
"methane_mobilenet_v3.xmodel","ang20190926t171159_r3083_c303_w151_h151",fraca,78,12,6,262048,0.866666666667,0.928571428571,0.896551724138,0.8125,4.57910402198e-05,0.999931335449
"methane_mobilenet_v3.xmodel","ang20190926t165202_r1958_c445_w151_h151",fraca,525,61,279,261279,0.89590443686,0.652985074627,0.755395683453,0.606936416185,0.000233412412949,0.99870300293
"methane_mobilenet_v3.xmodel","ang20191007t200647_r1586_c140_w151_h151",fraca,83,21,2,262038,0.798076923077,0.976470588235,0.878306878307,0.783018867925,8.0134626172e-05,0.999912261963
"methane_mobilenet_v3.xmodel","ang20190927t175410_r1554_c73_w151_h151",fraca,36,12,12,262084,0.75,0.75,0.75,0.6,4.57847506257e-05,0.999908447266
"methane_mobilenet_v3.xmodel","ang20190927t173620_r7130_c677_w151_h151",fraca,46,15,22,262061,0.754098360656,0.676470588235,0.713178294574,0.55421686747,5.72353057892e-05,0.999858856201
"methane_mobilenet_v3.xmodel","ang20191006t165608_r487_c409_w151_h151",fraca,88,17,8,262031,0.838095238095,0.916666666667,0.875621890547,0.778761061947,6.48736109415e-05,0.999904632568
"methane_mobilenet_v3.xmodel","ang20191006t165608_r10003_c615_w151_h151",fraca,220,45,181,261698,0.830188679245,0.548628428928,0.660660660661,0.493273542601,0.00017192436856,0.999137878418
"methane_mobilenet_v3.xmodel","ang20190923t194235_r8885_c337_w151_h151",fraca,79,133,22,261910,0.372641509434,0.782178217822,0.504792332268,0.337606837607,0.000507550287548,0.999408721924
"methane_mobilenet_v3.xmodel","ang20191019t182848_r8043_c351_w151_h151",fraca,0,0,32,262112,0,0,0,0,0,0.999877929688
"methane_mobilenet_v3.xmodel","ang20191006t172739_r4883_c586_w151_h151",fraca,41,2,338,261763,0.953488372093,0.108179419525,0.194312796209,0.107611548556,7.64044085344e-06,0.99870300293
"methane_mobilenet_v3.xmodel","ang20191017t180347_r5504_c0_w151_h151",fraca,10,24,18,262092,0.294117647059,0.357142857143,0.322580645161,0.192307692308,9.15625143066e-05,0.999839782715
"methane_mobilenet_v3.xmodel","ang20191013t180441_r2819_c568_w151_h151",fraca,181,51,10,261902,0.780172413793,0.947643979058,0.855791962175,0.747933884298,0.000194691414109,0.999767303467
"methane_mobilenet_v3.xmodel","ang20191007t185303_r2705_c342_w151_h151",forte,1978,412,2327,257427,0.827615062762,0.459465737515,0.590888722928,0.419334322663,0.00159789636168,0.989551544189
"methane_mobilenet_v3.xmodel","ang20190926t180335_r1885_c121_w151_h151",fraca,420,873,87,260764,0.324825986079,0.828402366864,0.466666666667,0.304347826087,0.00333668403169,0.996337890625
"methane_mobilenet_v3.xmodel","ang20191017t154425_r11239_c45_w151_h151",fraca,53,9,6,262076,0.854838709677,0.898305084746,0.876033057851,0.779411764706,3.43400041971e-05,0.999942779541
"methane_mobilenet_v3.xmodel","ang20190926t172904_r4772_c38_w151_h151",fraca,595,89,23,261437,0.869883040936,0.962783171521,0.913978494624,0.841584158416,0.000340310332433,0.999572753906
"methane_mobilenet_v3.xmodel","ang20191006t164135_r6222_c40_w151_h151",fraca,50,5,15,262074,0.909090909091,0.769230769231,0.833333333333,0.714285714286,1.90782168735e-05,0.999923706055
"methane_mobilenet_v3.xmodel","ang20191006t152009_r2304_c483_w151_h151",forte,290,47,1037,260770,0.860534124629,0.218538055765,0.348557692308,0.211062590975,0.000180202977567,0.995864868164
"methane_mobilenet_v3.xmodel","ang20191006t172739_r3342_c0_w151_h151",fraca,60,15,18,262051,0.8,0.769230769231,0.78431372549,0.645161290323,5.72374897926e-05,0.99987411499
"methane_mobilenet_v3.xmodel","ang20191017t174946_r5632_c582_w151_h151",fraca,18,0,22,262104,1,0.45,0.620689655172,0.45,0,0.99991607666
"methane_mobilenet_v3.xmodel","ang20191017t163235_r7988_c261_w151_h151",fraca,113,10,38,261983,0.918699186992,0.748344370861,0.824817518248,0.701863354037,3.81689587126e-05,0.999816894531
"methane_mobilenet_v3.xmodel","ang20191013t151222_r2538_c208_w151_h151",fraca,24,8,1,262111,0.75,0.96,0.842105263158,0.727272727273,3.05204887856e-05,0.999965667725
"methane_mobilenet_v3.xmodel","ang20191023t175603_r9169_c510_w151_h151",fraca,124,30,36,261954,0.805194805195,0.775,0.789808917197,0.652631578947,0.00011451080982,0.99974822998
"methane_mobilenet_v3.xmodel","ang20191013t171742_r1434_c111_w151_h151",fraca,1,0,13,262130,1,0.0714285714286,0.133333333333,0.0714285714286,0,0.999950408936
"methane_mobilenet_v3.xmodel","ang20191013t145516_r3480_c95_w151_h151",fraca,0,0,120,262024,0,0,0,0,0,0.999542236328
"methane_mobilenet_v3.xmodel","ang20191017t164928_r11658_c140_w151_h151",fraca,196,37,65,261846,0.841201716738,0.750957854406,0.793522267206,0.657718120805,0.000141284466728,0.999610900879
"methane_mobilenet_v3.xmodel","ang20191019t173905_r2868_c277_w151_h151",fraca,0,0,81,262063,0,0,0,0,0,0.999691009521
"methane_mobilenet_v3.xmodel","ang20191006t164135_r402_c419_w151_h151",forte,1010,234,363,260537,0.811897106109,0.735615440641,0.771876194115,0.628500311139,0.000897339044602,0.997722625732
"methane_mobilenet_v3.xmodel","ang20191013t145516_r5537_c76_w151_h151",fraca,100,27,67,261950,0.787401574803,0.59880239521,0.680272108844,0.515463917526,0.000103062482584,0.999641418457
"methane_mobilenet_v3.xmodel","ang20190927t190436_r12856_c494_w151_h151",fraca,76,20,132,261916,0.791666666667,0.365384615385,0.5,0.333333333333,7.63545293507e-05,0.999420166016
"methane_mobilenet_v3.xmodel","ang20191006t165608_r2603_c155_w151_h151",fraca,715,110,208,261111,0.866666666667,0.774647887324,0.818077803204,0.692158760891,0.000421099375624,0.99878692627
"methane_mobilenet_v3.xmodel","ang20191017t160033_r7933_c302_w151_h151",fraca,73,25,27,262019,0.744897959184,0.73,0.737373737374,0.584,9.54038253118e-05,0.999801635742
"methane_mobilenet_v3.xmodel","ang20191023t161300_r10349_c260_w151_h151",fraca,290,92,40,261722,0.759162303665,0.878787878788,0.814606741573,0.687203791469,0.00035139450144,0.999496459961
"methane_mobilenet_v3.xmodel","ang20190923t192543_r3672_c36_w151_h151",fraca,390,77,261,261416,0.835117773019,0.599078341014,0.697674418605,0.535714285714,0.000294462949295,0.998710632324
"methane_mobilenet_v3.xmodel","ang20191023t165811_r5884_c500_w151_h151",forte,69,3,1014,261058,0.958333333333,0.0637119113573,0.119480519481,0.0635359116022,1.1491567105e-05,0.996120452881
"methane_mobilenet_v3.xmodel","ang20190927t170107_r5790_c343_w151_h151",fraca,14,2,78,262050,0.875,0.152173913043,0.259259259259,0.148936170213,7.63207302367e-06,0.999694824219
"methane_mobilenet_v3.xmodel","ang20191013t145516_r3232_c242_w151_h151",fraca,5,0,18,262121,1,0.217391304348,0.357142857143,0.217391304348,0,0.999931335449
"methane_mobilenet_v3.xmodel","ang20191019t183727_r6485_c322_w151_h151",fraca,0,46,35,262063,0,0,0,0,0.000175499505931,0.999691009521
"methane_mobilenet_v3.xmodel","ang20190926t184029_r10180_c41_w151_h151",fraca,17,4,101,262022,0.809523809524,0.14406779661,0.244604316547,0.139344262295,1.52656606596e-05,0.999599456787
"methane_mobilenet_v3.xmodel","ang20190927t175410_r11490_c528_w151_h151",fraca,75,28,6,262035,0.728155339806,0.925925925926,0.815217391304,0.688073394495,0.000106844537382,0.999870300293
"methane_mobilenet_v3.xmodel","ang20191007t182352_r4290_c195_w151_h151",fraca,0,0,583,261561,0,0,0,0,0,0.997776031494
"methane_mobilenet_v3.xmodel","ang20190927t175410_r1540_c34_w151_h151",fraca,0,80,48,262016,0,0,0,0,0.000305231670838,0.99951171875
"methane_mobilenet_v3.xmodel","ang20191013t174928_r354_c277_w151_h151",fraca,306,43,158,261637,0.876790830946,0.659482758621,0.752767527675,0.603550295858,0.000164322837053,0.99923324585
"methane_mobilenet_v3.xmodel","ang20191017t160033_r12759_c200_w151_h151",fraca,42,18,6,262078,0.7,0.875,0.777777777778,0.636363636364,6.86771259386e-05,0.999908447266
"methane_mobilenet_v3.xmodel","ang20191023t142135_r19010_c551_w151_h151",fraca,283,54,79,261728,0.839762611276,0.781767955801,0.809728183119,0.680288461538,0.000206278506544,0.999492645264
"methane_mobilenet_v3.xmodel","ang20191017t163235_r1874_c11_w151_h151",fraca,66,6,68,262004,0.916666666667,0.492537313433,0.640776699029,0.471428571429,2.28998893172e-05,0.999717712402
"methane_mobilenet_v3.xmodel","ang20191006t165608_r4566_c336_w151_h151",forte,0,0,17069,245075,0,0,0,0,0,0.934886932373
"methane_mobilenet_v3.xmodel","ang20191006t152009_r9378_c534_w151_h151",fraca,52,19,11,262062,0.732394366197,0.825396825397,0.776119402985,0.634146341463,7.24966708766e-05,0.999885559082
"methane_mobilenet_v3.xmodel","ang20191007t184008_r5782_c289_w151_h151",fraca,22,0,46,262076,1,0.323529411765,0.488888888889,0.323529411765,0,0.999824523926
"methane_mobilenet_v3.xmodel","ang20191019t183727_r6935_c286_w151_h151",fraca,45,16,875,261208,0.737704918033,0.0489130434783,0.0917431192661,0.0480769230769,6.1250114844e-05,0.996601104736
"methane_mobilenet_v3.xmodel","ang20191017t163235_r10897_c435_w151_h151",fraca,66,34,6,262038,0.66,0.916666666667,0.767441860465,0.622641509434,0.000129735339907,0.999847412109
"methane_mobilenet_v3.xmodel","ang20190927t164322_r12979_c80_w151_h151",fraca,192,52,20,261880,0.786885245902,0.905660377358,0.842105263158,0.727272727273,0.000198524807965,0.999725341797
"methane_mobilenet_v3.xmodel","ang20191023t185210_r9587_c394_w151_h151",fraca,27,1,546,261570,0.964285714286,0.0471204188482,0.089850249584,0.0470383275261,3.8230537789e-06,0.997913360596
"methane_mobilenet_v3.xmodel","ang20191023t174017_r3105_c224_w151_h151",fraca,27,3,6,262108,0.9,0.818181818182,0.857142857143,0.75,1.14455326179e-05,0.999965667725
"methane_mobilenet_v3.xmodel","ang20191016t163955_r1489_c359_w151_h151",fraca,103,38,25,261978,0.730496453901,0.8046875,0.765799256506,0.620481927711,0.000145029311187,0.999759674072
"methane_mobilenet_v3.xmodel","ang20191013t173258_r5669_c458_w151_h151",fraca,444,93,327,261280,0.826815642458,0.575875486381,0.678899082569,0.513888888889,0.000355813339557,0.998397827148
"methane_mobilenet_v3.xmodel","ang20191017t164928_r7139_c199_w151_h151",fraca,41,64,2,262037,0.390476190476,0.953488372093,0.554054054054,0.383177570093,0.000244180678441,0.99974822998
"methane_mobilenet_v3.xmodel","ang20191022t180237_r1693_c353_w151_h151",fraca,42,4,243,261855,0.913043478261,0.147368421053,0.253776435045,0.145328719723,1.52753963011e-05,0.999057769775
"methane_mobilenet_v3.xmodel","ang20191023t165811_r6252_c414_w151_h151",forte,0,0,5341,256803,0,0,0,0,0,0.979625701904
"methane_mobilenet_v3.xmodel","ang20191023t164221_r938_c289_w151_h151",fraca,90,31,14,262009,0.743801652893,0.865384615385,0.8,0.666666666667,0.000118302549229,0.999828338623
"methane_mobilenet_v3.xmodel","ang20191013t182140_r1081_c41_w151_h151",fraca,0,0,43,262101,0,0,0,0,0,0.999835968018
"methane_mobilenet_v3.xmodel","ang20190926t160016_r86_c479_w151_h151",fraca,106,36,34,261968,0.746478873239,0.757142857143,0.751773049645,0.602272727273,0.000137402482405,0.999732971191
"methane_mobilenet_v3.xmodel","ang20191006t172739_r1390_c525_w151_h151",fraca,61,16,1,262066,0.792207792208,0.983870967742,0.877697841727,0.782051282051,6.10495951649e-05,0.999935150146
"methane_mobilenet_v3.xmodel","ang20191013t174928_r3699_c78_w151_h151",fraca,6,0,118,262020,1,0.0483870967742,0.0923076923077,0.0483870967742,0,0.999549865723
"methane_mobilenet_v3.xmodel","ang20191019t175004_r1812_c345_w151_h151",fraca,475,95,115,261459,0.833333333333,0.805084745763,0.818965517241,0.693430656934,0.00036321371495,0.999198913574
"methane_mobilenet_v3.xmodel","ang20190926t171159_r3424_c39_w151_h151",fraca,186,140,8,261810,0.570552147239,0.958762886598,0.715384615385,0.556886227545,0.000534453139912,0.999435424805
"methane_mobilenet_v3.xmodel","ang20190923t181729_r3963_c475_w151_h151",fraca,75,22,13,262034,0.773195876289,0.852272727273,0.810810810811,0.681818181818,8.39515218121e-05,0.999866485596
"methane_mobilenet_v3.xmodel","ang20190923t194235_r14255_c282_w151_h151",fraca,119,20,36,261969,0.856115107914,0.767741935484,0.809523809524,0.68,7.63390829386e-05,0.999786376953
"methane_mobilenet_v3.xmodel","ang20191016t163955_r5769_c197_w151_h151",forte,1555,158,729,259702,0.907764156451,0.680823117338,0.778083562672,0.636773136773,0.000608019702917,0.996616363525
"methane_mobilenet_v3.xmodel","ang20191006t165608_r6210_c355_w151_h151",fraca,33,13,20,262078,0.717391304348,0.622641509434,0.666666666667,0.5,4.96010927502e-05,0.99987411499
"methane_mobilenet_v3.xmodel","ang20191013t171742_r1440_c444_w151_h151",fraca,256,47,36,261805,0.844884488449,0.876712328767,0.860504201681,0.755162241888,0.000179490704673,0.999683380127
"methane_mobilenet_v3.xmodel","ang20191023t180821_r9885_c175_w151_h151",fraca,0,0,41,262103,0,0,0,0,0,0.999843597412
"methane_mobilenet_v3.xmodel","ang20191023t174017_r10832_c404_w151_h151",fraca,108,37,13,261986,0.744827586207,0.892561983471,0.812030075188,0.683544303797,0.000141208977838,0.999809265137
"methane_mobilenet_v3.xmodel","ang20190927t175410_r4803_c262_w151_h151",fraca,111,17,144,261872,0.8671875,0.435294117647,0.579634464752,0.408088235294,6.49129974913e-05,0.99938583374
"methane_mobilenet_v3.xmodel","ang20191013t182140_r825_c313_w151_h151",fraca,98,12,115,261919,0.890909090909,0.460093896714,0.606811145511,0.435555555556,4.58135921292e-05,0.999515533447
"methane_mobilenet_v3.xmodel","ang20191022t171226_r910_c403_w151_h151",fraca,81,8,59,261996,0.910112359551,0.578571428571,0.707423580786,0.547297297297,3.05338849789e-05,0.999744415283
"methane_mobilenet_v3.xmodel","ang20191017t170330_r10101_c484_w151_h151",fraca,39,6,198,261901,0.866666666667,0.164556962025,0.276595744681,0.16049382716,2.29088951422e-05,0.999221801758
"methane_mobilenet_v3.xmodel","ang20191006t165608_r1496_c38_w151_h151",fraca,139,47,6,261952,0.747311827957,0.958620689655,0.839879154079,0.723958333333,0.000179389997672,0.999797821045
"methane_mobilenet_v3.xmodel","ang20191006t174505_r4482_c474_w151_h151",fraca,84,17,18,262025,0.831683168317,0.823529411765,0.827586206897,0.705882352941,6.48750963586e-05,0.999866485596
"methane_mobilenet_v3.xmodel","ang20191023t162847_r10053_c367_w151_h151",forte,0,0,14905,247239,0,0,0,0,0,0.943141937256
"methane_mobilenet_v3.xmodel","ang20191019t183727_r6461_c300_w151_h151",fraca,0,0,135,262009,0,0,0,0,0,0.999485015869
"methane_mobilenet_v3.xmodel","ang20191017t163235_r10537_c381_w151_h151",fraca,116,40,8,261980,0.74358974359,0.935483870968,0.828571428571,0.707317073171,0.000152660102282,0.999816894531
"methane_mobilenet_v3.xmodel","ang20191006t164135_r2155_c418_w151_h151",fraca,94,14,41,261995,0.87037037037,0.696296296296,0.77366255144,0.630872483221,5.34332790095e-05,0.99979019165
"methane_mobilenet_v3.xmodel","ang20191006t171344_r6261_c397_w151_h151",fraca,125,31,48,261940,0.801282051282,0.722543352601,0.759878419453,0.612745098039,0.000118333708693,0.999698638916
"methane_mobilenet_v3.xmodel","ang20191023t180821_r3857_c339_w151_h151",fraca,22,19,6,262097,0.536585365854,0.785714285714,0.63768115942,0.468085106383,7.24869904928e-05,0.999904632568
"methane_mobilenet_v3.xmodel","ang20191023t165811_r7082_c480_w151_h151",fraca,169,36,25,261914,0.824390243902,0.871134020619,0.847117794486,0.734782608696,0.000137430807406,0.999767303467
"methane_mobilenet_v3.xmodel","ang20191023t174017_r7576_c181_w151_h151",fraca,236,67,365,261476,0.778877887789,0.392678868552,0.522123893805,0.353293413174,0.00025617202525,0.998352050781
"methane_mobilenet_v3.xmodel","ang20191016t165454_r5615_c292_w151_h151",fraca,59,20,4,262061,0.746835443038,0.936507936508,0.830985915493,0.710843373494,7.63122851332e-05,0.999908447266
"methane_mobilenet_v3.xmodel","ang20191013t180441_r329_c340_w151_h151",fraca,151,18,120,261855,0.89349112426,0.557195571956,0.686363636364,0.522491349481,6.8735608482e-05,0.999473571777
"methane_mobilenet_v3.xmodel","ang20191006t152009_r2384_c351_w151_h151",forte,244,39,1097,260764,0.862190812721,0.181953765846,0.300492610837,0.176811594203,0.000149538157153,0.995666503906
"methane_mobilenet_v3.xmodel","ang20191017t160033_r10419_c523_w151_h151",fraca,468,123,89,261464,0.791878172589,0.840215439856,0.815331010453,0.688235294118,0.000470206852787,0.99919128418
"methane_mobilenet_v3.xmodel","ang20190923t192543_r6339_c495_w151_h151",fraca,81,16,21,262026,0.835051546392,0.794117647059,0.814070351759,0.686440677966,6.10589142199e-05,0.999858856201
"methane_mobilenet_v3.xmodel","ang20191013t182140_r5219_c446_w151_h151",fraca,13,1,22,262108,0.928571428571,0.371428571429,0.530612244898,0.361111111111,3.81520665067e-06,0.999912261963
"methane_mobilenet_v3.xmodel","ang20191023t165811_r9005_c150_w151_h151",fraca,78,25,22,262019,0.757281553398,0.78,0.768472906404,0.624,9.54038253118e-05,0.999820709229
"methane_mobilenet_v3.xmodel","ang20191023t190429_r9582_c70_w151_h151",fraca,487,69,208,261380,0.875899280576,0.70071942446,0.778577138289,0.637434554974,0.000263913803457,0.998943328857
"methane_mobilenet_v3.xmodel","ang20191006t165608_r4616_c421_w151_h151",forte,0,0,17118,245026,0,0,0,0,0,0.934700012207
"methane_mobilenet_v3.xmodel","ang20191013t152730_r9519_c554_w151_h151",fraca,88,22,460,261574,0.8,0.160583941606,0.267477203647,0.154385964912,8.40991452469e-05,0.998161315918
"methane_mobilenet_v3.xmodel","ang20190927t173620_r11659_c323_w151_h151",fraca,276,51,157,261660,0.844036697248,0.637413394919,0.726315789474,0.570247933884,0.000194871442163,0.999206542969
"methane_mobilenet_v3.xmodel","ang20190927t173620_r1967_c414_w151_h151",fraca,96,37,3,262008,0.721804511278,0.969696969697,0.827586206897,0.705882352941,0.000141197122632,0.999847412109
"methane_mobilenet_v3.xmodel","ang20191017t171949_r11517_c174_w151_h151",forte,787,116,1085,260156,0.8715393134,0.420405982906,0.567207207207,0.395875251509,0.000445687588369,0.995418548584
"methane_mobilenet_v3.xmodel","ang20191006t164135_r2470_c449_w151_h151",fraca,50,23,0,262071,0.684931506849,1,0.813008130081,0.684931506849,8.77547750044e-05,0.999912261963
"methane_mobilenet_v3.xmodel","ang20191023t174017_r10206_c319_w151_h151",fraca,103,19,369,261653,0.844262295082,0.218220338983,0.346801346801,0.209775967413,7.26099850194e-05,0.998519897461
"methane_mobilenet_v3.xmodel","ang20191006t155231_r5514_c352_w151_h151",fraca,55,17,8,262064,0.763888888889,0.873015873016,0.814814814815,0.6875,6.48654423632e-05,0.999904632568
"methane_mobilenet_v3.xmodel","ang20191013t185356_r9124_c224_w151_h151",sem_pluma,0,0,0,262144,0,0,0,0,0,1
"methane_mobilenet_v3.xmodel","ang20190927t175410_r1105_c485_w151_h151",fraca,34,11,1,262098,0.755555555556,0.971428571429,0.85,0.739130434783,4.19672731574e-05,0.999954223633
"methane_mobilenet_v3.xmodel","ang20191017t161837_r8546_c207_w151_h151",fraca,113,50,166,261815,0.693251533742,0.405017921147,0.511312217195,0.343465045593,0.000190938078781,0.999176025391
"methane_mobilenet_v3.xmodel","ang20191023t182357_r8662_c100_w151_h151",fraca,169,16,167,261792,0.913513513514,0.502976190476,0.648752399232,0.480113636364,6.11134877467e-05,0.9993019104
"methane_mobilenet_v3.xmodel","ang20191006t165608_r1510_c75_w151_h151",fraca,136,35,9,261964,0.795321637427,0.937931034483,0.860759493671,0.755555555556,0.000133588296139,0.99983215332
"methane_mobilenet_v3.xmodel","ang20191023t175603_r10598_c38_w151_h151",forte,26654,8513,8723,218254,0.757926465152,0.753427368064,0.755670220005,0.607290954659,0.037540735645,0.93424987793
"methane_mobilenet_v3.xmodel","ang20191023t164221_r8125_c478_w151_h151",fraca,353,308,225,261258,0.534039334342,0.610726643599,0.569814366425,0.39841986456,0.00117752307257,0.997966766357
"methane_mobilenet_v3.xmodel","ang20191022t191141_r347_c258_w151_h151",fraca,180,54,33,261877,0.769230769231,0.845070422535,0.805369127517,0.674157303371,0.000206161164582,0.999668121338
"methane_mobilenet_v3.xmodel","ang20191017t173348_r11392_c57_w151_h151",fraca,22,2,242,261878,0.916666666667,0.0833333333333,0.152777777778,0.0827067669173,7.6370856881e-06,0.999069213867
"methane_mobilenet_v3.xmodel","ang20191006t174505_r2184_c383_w151_h151",fraca,166,27,22,261929,0.860103626943,0.882978723404,0.871391076115,0.772093023256,0.000103070744705,0.999813079834
"methane_mobilenet_v3.xmodel","ang20191006t165608_r2082_c180_w151_h151",fraca,57,3,21,262063,0.95,0.730769230769,0.826086956522,0.703703703704,1.14474979585e-05,0.999908447266
"methane_mobilenet_v3.xmodel","ang20191023t172753_r9837_c23_w151_h151",fraca,0,0,126,262018,0,0,0,0,0,0.999519348145
"methane_mobilenet_v3.xmodel","ang20191006t185838_r912_c379_w151_h151",fraca,0,0,17,262127,0,0,0,0,0,0.999935150146
"methane_mobilenet_v3.xmodel","ang20191016t162417_r218_c392_w151_h151",fraca,69,53,29,261993,0.565573770492,0.704081632653,0.627272727273,0.456953642384,0.000202254565992,0.999687194824
"methane_mobilenet_v3.xmodel","ang20191022t191141_r3649_c28_w151_h151",fraca,61,9,109,261965,0.871428571429,0.358823529412,0.508333333333,0.340782122905,3.43545542687e-05,0.999549865723
"methane_mobilenet_v3.xmodel","ang20191017t161837_r10965_c323_w151_h151",fraca,0,0,36,262108,0,0,0,0,0,0.999862670898
"methane_mobilenet_v3.xmodel","ang20191019t182848_r6618_c259_w151_h151",fraca,0,0,275,261869,0,0,0,0,0,0.998950958252
"methane_mobilenet_v3.xmodel","ang20191016t193637_r8249_c173_w151_h151",fraca,37,5,127,261975,0.880952380952,0.225609756098,0.359223300971,0.218934911243,1.90854263684e-05,0.999496459961
"methane_mobilenet_v3.xmodel","ang20191006t155231_r1350_c140_w151_h151",sem_pluma,0,383,0,261761,0,0,0,0,0.00146102905273,0.998538970947
"methane_mobilenet_v3.xmodel","ang20191023t164221_r7769_c483_w151_h151",sem_pluma,0,0,0,262144,0,0,0,0,0,1
"methane_mobilenet_v3.xmodel","ang20191023t175603_r8276_c51_w151_h151",fraca,119,17,127,261881,0.875,0.483739837398,0.623036649215,0.45247148289,6.49107667871e-05,0.999450683594
"methane_mobilenet_v3.xmodel","ang20191017t154425_r5194_c424_w151_h151",fraca,568,156,80,261340,0.78453038674,0.876543209877,0.827988338192,0.706467661692,0.000596567442714,0.999099731445
"methane_mobilenet_v3.xmodel","ang20191023t180821_r8554_c367_w151_h151",forte,4264,438,3219,254223,0.906848149724,0.569824936523,0.699876897825,0.538315869208,0.00171993355873,0.9860496521
"methane_mobilenet_v3.xmodel","ang20191023t165811_r8032_c63_w151_h151",fraca,358,87,146,261553,0.804494382022,0.710317460317,0.754478398314,0.605752961083,0.000332517963614,0.999111175537
"methane_mobilenet_v3.xmodel","ang20191011t192741_r10275_c39_w151_h151",fraca,0,0,99,262045,0,0,0,0,0,0.999622344971
"methane_mobilenet_v3.xmodel","ang20190926t160016_r3122_c445_w151_h151",fraca,55,18,2,262069,0.753424657534,0.964912280702,0.846153846154,0.733333333333,6.86794842934e-05,0.999923706055
